decision,raw_frames,x,y,max_x,action,action_name,prob_0,prob_1,prob_2,prob_3,prob_4,action_entropy_nats,native_reward,native_reward_sum,no_progress_decisions,life,game_time,flag_get,terminated,truncated,game_score,score_gain,coins
1,4,40,79,40,3,right+B,0.03565302491188049,0.21899856626987457,0.10238822549581528,0.6052387356758118,0.0377214178442955,1.1123393774032593,0.0,0.0,1,2,400,0,0,0,0,0,0
2,8,43,79,43,3,right+B,0.035570673644542694,0.21903777122497559,0.10225701332092285,0.605468213558197,0.037666384130716324,1.111759901046753,3.0,3.0,0,2,400,0,0,0,0,0,0
3,12,46,93,46,4,right+A+B,0.03556426987051964,0.21905864775180817,0.10242541134357452,0.6051942110061646,0.03775744140148163,1.1123149394989014,3.0,6.0,0,2,400,0,0,0,0,0,0
4,16,51,109,51,2,right+A,0.03617201745510101,0.22074145078659058,0.1049911305308342,0.5992797017097473,0.03881566971540451,1.1231539249420166,5.0,11.0,0,2,400,0,0,0,0,0,0
5,20,57,121,57,3,right+B,0.03586240112781525,0.22077903151512146,0.10517783463001251,0.5993354916572571,0.03884514421224594,1.1227266788482666,5.0,16.0,0,2,399,0,0,0,0,0,0
6,24,64,122,64,3,right+B,0.03576649725437164,0.22190196812152863,0.10506013035774231,0.5982651114463806,0.0390063151717186,1.1238099336624146,7.0,23.0,0,2,399,0,0,0,0,0,0
7,28,71,113,71,3,right+B,0.03603775054216385,0.22419098019599915,0.10636499524116516,0.5939370393753052,0.03946922719478607,1.1303386688232422,7.0,30.0,0,2,399,0,0,0,0,0,0
8,32,78,94,78,3,right+B,0.03491350635886192,0.22228074073791504,0.1039876639842987,0.6005121469497681,0.0383058562874794,1.1179778575897217,7.0,37.0,0,2,399,0,0,0,0,0,0
9,36,85,79,85,1,right,0.03510211408138275,0.22081220149993896,0.10389149188995361,0.601799726486206,0.038394469767808914,1.1171234846115112,7.0,44.0,0,2,399,0,0,0,0,0,0
10,40,92,79,92,1,right,0.036440663039684296,0.22689500451087952,0.11154282838106155,0.5845881700515747,0.040533263236284256,1.1456615924835205,6.0,50.0,0,2,398,0,0,0,0,0,0
11,44,100,79,100,3,right+B,0.043060053139925,0.24964430928230286,0.14063027501106262,0.5151228308677673,0.051542628556489944,1.2522785663604736,8.0,58.0,0,2,398,0,0,0,0,0,0
12,48,109,79,109,1,right,0.05045866593718529,0.2677426338195801,0.20531798899173737,0.39558613300323486,0.08089467138051987,1.398850440979004,9.0,67.0,0,2,398,0,0,0,0,0,0
13,52,120,97,120,2,right+A,0.05056017264723778,0.27381816506385803,0.23848488926887512,0.3448614776134491,0.09227529913187027,1.4344654083251953,11.0,78.0,0,2,398,0,0,0,0,0,0
14,56,132,117,132,4,right+A+B,0.05012758821249008,0.26930850744247437,0.33606141805648804,0.21716094017028809,0.12734149396419525,1.463874101638794,12.0,90.0,0,2,398,0,0,0,0,0,0
15,60,144,132,144,3,right+B,0.046490538865327835,0.31966304779052734,0.27567827701568604,0.24402974545955658,0.11413837969303131,1.4543602466583252,11.0,101.0,0,2,397,0,0,0,0,0,0
16,64,156,134,156,2,right+A,0.03906889632344246,0.35857295989990234,0.1492301970720291,0.392293244600296,0.06083472818136215,1.3157135248184204,12.0,113.0,0,2,397,0,0,0,0,0,0
17,68,168,123,168,1,right,0.03676224872469902,0.33591657876968384,0.10665964335203171,0.4657561779022217,0.05490532144904137,1.2418255805969238,12.0,125.0,0,2,397,0,0,0,0,0,0
18,72,180,104,180,3,right+B,0.030864030122756958,0.29218828678131104,0.05530848726630211,0.5801239013671875,0.041515231132507324,1.074928641319275,12.0,137.0,0,2,397,0,0,0,0,0,0
19,76,192,84,192,3,right+B,0.022948170080780983,0.24435703456401825,0.0316445492208004,0.6696714162826538,0.031378891319036484,0.9173611402511597,12.0,149.0,0,2,397,0,0,0,0,0,0
20,80,200,79,200,1,right,0.042560942471027374,0.27914541959762573,0.0852263942360878,0.495900422334671,0.09716682136058807,1.274760365486145,7.0,156.0,0,2,396,0,0,0,0,0,0
21,84,207,93,207,2,right+A,0.041602808982133865,0.19787824153900146,0.2963337302207947,0.15646183490753174,0.3077233135700226,1.4661809206008911,7.0,163.0,0,2,396,0,0,0,0,0,0
22,88,214,109,214,2,right+A,0.023137489333748817,0.0985885038971901,0.4833250045776367,0.06544794887304306,0.3295010030269623,1.2112096548080444,7.0,170.0,0,2,396,0,0,0,0,0,0
23,92,221,123,221,2,right+A,0.006509433034807444,0.019573789089918137,0.6908708214759827,0.006951584480702877,0.2760944366455078,0.7551301121711731,7.0,177.0,0,2,396,0,0,0,0,0,0
24,96,228,133,228,2,right+A,0.00605654576793313,0.016838591545820236,0.6732261776924133,0.0044158995151519775,0.29946276545524597,0.7511036992073059,7.0,184.0,0,2,396,0,0,0,0,0,0
25,100,235,141,235,4,right+A+B,0.007227402180433273,0.021176695823669434,0.6660011410713196,0.004663652274757624,0.3009311258792877,0.7743833065032959,6.0,190.0,0,2,395,0,0,0,0,0,0
26,104,242,145,242,2,right+A,0.02656637504696846,0.09906159341335297,0.5247974395751953,0.058290671557188034,0.29128390550613403,1.1887433528900146,7.0,197.0,0,2,395,0,0,0,0,0,0
27,108,249,147,249,2,right+A,0.04167291149497032,0.22673968970775604,0.3186836242675781,0.24048714339733124,0.17241670191287994,1.479132890701294,7.0,204.0,0,2,395,0,0,0,0,0,0
28,112,256,145,256,1,right,0.04327104613184929,0.2668256461620331,0.2244776040315628,0.33505743741989136,0.13036827743053436,1.4557480812072754,7.0,211.0,0,2,395,0,0,0,0,0,0
29,116,263,143,263,1,right,0.042169228196144104,0.2843014597892761,0.17744359374046326,0.39905497431755066,0.09703075885772705,1.390841007232666,7.0,218.0,0,2,395,0,0,0,0,0,0
30,120,270,143,270,1,right,0.04793675243854523,0.292027086019516,0.20170840620994568,0.35435810685157776,0.10396963357925415,1.4309852123260498,6.0,224.0,0,2,394,0,0,0,0,0,0
31,124,277,138,277,1,right,0.050888542085886,0.289281964302063,0.26344358921051025,0.25846007466316223,0.13792584836483002,1.4847121238708496,7.0,231.0,0,2,394,0,0,0,0,0,0
32,128,284,123,284,2,right+A,0.04724026098847389,0.17740470170974731,0.46728360652923584,0.07005994766950607,0.23801149427890778,1.334407091140747,7.0,238.0,0,2,394,0,0,0,0,0,0
33,132,291,103,291,2,right+A,0.042197104543447495,0.14365075528621674,0.5182599425315857,0.05084853246808052,0.24504368007183075,1.2490301132202148,7.0,245.0,0,2,394,0,0,0,0,0,0
34,136,298,83,298,0,NOOP,0.05302512273192406,0.20356705784797668,0.4187234342098236,0.11552578210830688,0.20915861427783966,1.4208790063858032,7.0,252.0,0,2,394,0,0,0,0,0,0
35,140,305,96,305,1,right,0.0548502653837204,0.2761378288269043,0.14980854094028473,0.44019219279289246,0.07901117205619812,1.3607244491577148,6.0,258.0,0,2,393,0,0,0,0,0,0
36,144,312,99,312,1,right,0.029369674623012543,0.19356420636177063,0.05611737444996834,0.6940647959709167,0.026883993297815323,0.9337903261184692,8.0,266.0,0,2,393,0,0,0,100,100,0
37,148,319,94,319,3,right+B,0.023418007418513298,0.1652338057756424,0.04315188527107239,0.7513389587402344,0.016857370734214783,0.8046653270721436,7.0,273.0,0,2,393,0,0,0,100,100,0
38,152,326,80,326,1,right,0.02418890967965126,0.18588058650493622,0.06008978933095932,0.7112062573432922,0.018634524196386337,0.8883578777313232,7.0,280.0,0,2,393,0,0,0,100,100,0
39,156,334,79,334,3,right+B,0.021652869880199432,0.18136419355869293,0.06882184743881226,0.7142828106880188,0.013878275640308857,0.8765068054199219,8.0,288.0,0,2,393,0,0,0,100,100,0
40,160,343,79,343,3,right+B,0.030038990080356598,0.2123962938785553,0.11546774953603745,0.6204476356506348,0.02164933644235134,1.0627533197402954,8.0,296.0,0,2,392,0,0,0,100,100,0
41,164,354,79,354,3,right+B,0.03373764455318451,0.22366835176944733,0.15074662864208221,0.5641665458679199,0.027680857107043266,1.1567649841308594,11.0,307.0,0,2,392,0,0,0,100,100,0
42,168,366,97,366,2,right+A,0.03655802458524704,0.2161639779806137,0.1729271113872528,0.5416809320449829,0.032669954001903534,1.1994011402130127,12.0,319.0,0,2,392,0,0,0,100,100,0
43,172,378,115,378,3,right+B,0.037447717040777206,0.2231704741716385,0.16152708232402802,0.5429173111915588,0.03493740037083626,1.2010010480880737,12.0,331.0,0,2,392,0,0,0,100,100,0
44,176,390,109,390,3,right+B,0.04117880016565323,0.23266538977622986,0.43726956844329834,0.21955014765262604,0.06933615356683731,1.3502470254898071,12.0,343.0,0,2,392,0,0,0,100,100,0
45,180,402,90,402,2,right+A,0.016054218634963036,0.08210483938455582,0.7825769186019897,0.021898703649640083,0.09736526757478714,0.7739073038101196,11.0,354.0,0,2,391,0,0,0,100,100,0
46,184,413,79,413,2,right+A,0.017288031056523323,0.08649342507123947,0.7119700312614441,0.01877724938094616,0.16547125577926636,0.8960464000701904,11.0,365.0,0,2,391,0,0,0,100,100,0
47,188,420,79,420,1,right,0.043193329125642776,0.23491333425045013,0.43740445375442505,0.1031196117401123,0.181369349360466,1.3815972805023193,7.0,372.0,0,2,391,0,0,0,100,100,0
48,192,428,79,428,3,right+B,0.048006974160671234,0.31094780564308167,0.17881490290164948,0.372621089220047,0.08960920572280884,1.4008220434188843,8.0,380.0,0,2,391,0,0,0,100,100,0
49,196,434,79,434,3,right+B,0.03701675310730934,0.3070620000362396,0.09839664399623871,0.507486879825592,0.0500376932322979,1.206810712814331,6.0,386.0,0,2,391,0,0,0,100,100,0
50,200,434,79,434,3,right+B,0.03610701486468315,0.3231227993965149,0.1185142993927002,0.4802730083465576,0.04198284074664116,1.2230572700500488,-1.0,385.0,1,2,390,0,0,0,100,100,0
51,204,434,79,434,3,right+B,0.035685520619153976,0.3282855749130249,0.11200106143951416,0.4900698959827423,0.033957917243242264,1.1941946744918823,0.0,385.0,2,2,390,0,0,0,100,100,0
52,208,434,79,434,3,right+B,0.03715340048074722,0.32737112045288086,0.10594624280929565,0.49812236428260803,0.03140677511692047,1.1815648078918457,0.0,385.0,3,2,390,0,0,0,100,100,0
53,212,434,79,434,1,right,0.04106876254081726,0.3319692313671112,0.11367466300725937,0.4788070619106293,0.03448020666837692,1.2130836248397827,0.0,385.0,4,2,390,0,0,0,100,100,0
54,216,434,79,434,1,right,0.04108287766575813,0.331233412027359,0.11411357671022415,0.47875311970710754,0.03481694683432579,1.2143622636795044,0.0,385.0,5,2,390,0,0,0,100,100,0
55,220,434,79,434,1,right,0.041089847683906555,0.33201780915260315,0.11506937444210052,0.47680768370628357,0.035015348345041275,1.2165497541427612,-1.0,384.0,6,2,389,0,0,0,100,100,0
56,224,434,79,434,1,right,0.0408770926296711,0.33905676007270813,0.1133958026766777,0.47164186835289,0.035028476268053055,1.2161163091659546,0.0,384.0,7,2,389,0,0,0,100,100,0
57,228,434,79,434,3,right+B,0.04036565497517586,0.33981427550315857,0.11050364375114441,0.47408822178840637,0.03522825613617897,1.2114641666412354,0.0,384.0,8,2,389,0,0,0,100,100,0
58,232,434,79,434,1,right,0.039308320730924606,0.3473576307296753,0.1067248210310936,0.471486896276474,0.03512232005596161,1.2054229974746704,0.0,384.0,9,2,389,0,0,0,100,100,0
59,236,434,79,434,1,right,0.037785328924655914,0.34477201104164124,0.10196170955896378,0.48092955350875854,0.034551434218883514,1.1920444965362549,0.0,384.0,10,2,389,0,0,0,100,100,0
60,240,434,79,434,3,right+B,0.0347067266702652,0.32542920112609863,0.09319678694009781,0.5158478021621704,0.0308194849640131,1.1518350839614868,-1.0,383.0,11,2,388,0,0,0,100,100,0
61,244,434,79,434,3,right+B,0.032637935131788254,0.30564722418785095,0.08680851757526398,0.5460652112960815,0.028841178864240646,1.1187996864318848,0.0,383.0,12,2,388,0,0,0,100,100,0
62,248,434,79,434,3,right+B,0.03394419699907303,0.30595555901527405,0.09068756550550461,0.5399284958839417,0.029484141618013382,1.1315301656723022,0.0,383.0,13,2,388,0,0,0,100,100,0
63,252,434,79,434,1,right,0.037389982491731644,0.31907784938812256,0.10237548500299454,0.509446382522583,0.03171035274863243,1.1737128496170044,0.0,383.0,14,2,388,0,0,0,100,100,0
64,256,434,79,434,3,right+B,0.03885741904377937,0.32288506627082825,0.10681227594614029,0.4984782934188843,0.032966889441013336,1.1896462440490723,0.0,383.0,15,2,388,0,0,0,100,100,0
65,260,434,79,434,3,right+B,0.04051413759589195,0.3294928967952728,0.11239956319332123,0.4831075370311737,0.03448577597737312,1.2089561223983765,-1.0,382.0,16,2,387,0,0,0,100,100,0
66,264,434,79,434,3,right+B,0.040969088673591614,0.3317537307739258,0.11448989808559418,0.47785788774490356,0.0349293127655983,1.2151068449020386,0.0,382.0,17,2,387,0,0,0,100,100,0
67,268,434,79,434,3,right+B,0.04082115367054939,0.3312583863735199,0.1133883073925972,0.4800269305706024,0.03450523316860199,1.2118659019470215,0.0,382.0,18,2,387,0,0,0,100,100,0
68,272,434,79,434,3,right+B,0.04076271131634712,0.3378360867500305,0.11310939490795135,0.4733307957649231,0.034960970282554626,1.21484375,0.0,382.0,19,2,387,0,0,0,100,100,0
69,276,434,93,434,2,right+A,0.040656909346580505,0.34012463688850403,0.11146648228168488,0.4722251892089844,0.03552684932947159,1.214453101158142,0.0,382.0,20,2,387,0,0,0,100,100,0
70,280,435,108,435,3,right+B,0.04053661972284317,0.35349687933921814,0.11302212625741959,0.4561542272567749,0.03679017722606659,1.2234911918640137,0.0,382.0,0,2,386,0,0,0,100,100,0
71,284,437,112,437,3,right+B,0.0388309545814991,0.35052555799484253,0.10705665498971939,0.4672269821166992,0.036359816789627075,1.2088532447814941,2.0,384.0,0,2,386,0,0,0,100,100,0
72,288,440,111,440,3,right+B,0.03591037541627884,0.33013516664505005,0.10049089044332504,0.5001841187477112,0.03327948600053787,1.1759952306747437,3.0,387.0,0,2,386,0,0,0,100,100,0
73,292,445,111,445,3,right+B,0.03274865075945854,0.306458979845047,0.08921042084693909,0.5421146750450134,0.0294672641903162,1.1257855892181396,5.0,392.0,0,2,386,0,0,0,100,100,0
74,296,452,111,452,3,right+B,0.03111123852431774,0.30417105555534363,0.0911916196346283,0.5472620725631714,0.026263993233442307,1.1138544082641602,7.0,399.0,0,2,386,0,0,0,100,100,0
75,300,460,111,460,1,right,0.03008093312382698,0.3524588942527771,0.09718261659145355,0.4969741702079773,0.02330341935157776,1.1345937252044678,7.0,406.0,0,2,385,0,0,0,100,100,0
76,304,470,111,470,3,right+B,0.022101517766714096,0.3039465546607971,0.05632598325610161,0.6026758551597595,0.014950008131563663,0.9762676954269409,10.0,416.0,0,2,385,0,0,0,100,100,0
77,308,482,111,482,1,right,0.018690461292862892,0.31684496998786926,0.04248576983809471,0.6115722060203552,0.010406655259430408,0.9209750294685364,12.0,428.0,0,2,385,0,0,0,100,100,0
78,312,494,105,494,3,right+B,0.017727242782711983,0.32459649443626404,0.031626053154468536,0.6163923740386963,0.009657841175794601,0.8890112638473511,12.0,440.0,0,2,385,0,0,0,100,100,0
79,316,506,88,506,3,right+B,0.01370514277368784,0.2871794104576111,0.0230592992156744,0.669249951839447,0.00680620688945055,0.8067517876625061,12.0,452.0,0,2,385,0,0,0,100,100,0
80,320,518,79,518,3,right+B,0.021051615476608276,0.33239609003067017,0.04741364344954491,0.5804941058158875,0.018644534051418304,0.9819055795669556,11.0,463.0,0,2,384,0,0,0,100,100,0
81,324,530,97,530,4,right+A+B,0.03365620598196983,0.37212276458740234,0.1700352132320404,0.3264995515346527,0.09768626093864441,1.375939130783081,12.0,475.0,0,2,384,0,0,0,100,100,0
82,328,542,115,542,3,right+B,0.030532069504261017,0.2066151201725006,0.3389662802219391,0.12494822591543198,0.2989383041858673,1.4198966026306152,12.0,487.0,0,2,384,0,0,0,100,100,0
83,332,554,121,554,1,right,0.025308622047305107,0.13928823173046112,0.3659501075744629,0.12063522636890411,0.3488177955150604,1.3580090999603271,12.0,499.0,0,2,384,0,0,0,100,100,0
84,336,566,114,566,2,right+A,0.03587385639548302,0.18225908279418945,0.30301880836486816,0.16793033480644226,0.3109179139137268,1.4542807340621948,12.0,511.0,0,2,384,0,0,0,100,100,0
85,340,578,94,578,1,right,0.02831358276307583,0.23118503391742706,0.06698582321405411,0.6136000156402588,0.05991547927260399,1.088922381401062,11.0,522.0,0,2,383,0,0,0,100,100,0
86,344,589,79,589,2,right+A,0.034862831234931946,0.22670134902000427,0.06594803929328918,0.602759599685669,0.06972812861204147,1.1236045360565186,11.0,533.0,0,2,383,0,0,0,100,100,0
87,348,594,79,594,0,NOOP,0.03798024356365204,0.2271357923746109,0.07020362466573715,0.6123237013816833,0.05235664173960686,1.102146029472351,5.0,538.0,0,2,383,0,0,0,100,100,0
88,352,594,79,594,0,NOOP,0.03362875431776047,0.20981013774871826,0.05359397828578949,0.6683120727539062,0.03465505316853523,0.9843948483467102,0.0,538.0,1,2,383,0,0,0,100,100,0
89,356,594,79,594,3,right+B,0.028136849403381348,0.18980184197425842,0.04889735206961632,0.70991051197052,0.02325347810983658,0.8941394686698914,0.0,538.0,2,2,383,0,0,0,100,100,0
90,360,594,79,594,3,right+B,0.02646307833492756,0.19089850783348083,0.052095215767621994,0.7107422351837158,0.019800914451479912,0.8865087628364563,-1.0,537.0,3,2,382,0,0,0,100,100,0
91,364,594,79,594,3,right+B,0.025773482397198677,0.1884612739086151,0.052417125552892685,0.7156179547309875,0.017730239778757095,0.8743079304695129,0.0,537.0,4,2,382,0,0,0,100,100,0
92,368,594,79,594,3,right+B,0.02570049650967121,0.18936602771282196,0.05263122171163559,0.7144826650619507,0.01781967096030712,0.8761591911315918,0.0,537.0,5,2,382,0,0,0,100,100,0
93,372,594,79,594,3,right+B,0.025687413290143013,0.1865500658750534,0.05095083266496658,0.7194366455078125,0.017375031486153603,0.866281270980835,0.0,537.0,6,2,382,0,0,0,100,100,0
94,376,594,79,594,1,right,0.02491834945976734,0.1808651238679886,0.04788057506084442,0.7299590110778809,0.016376912593841553,0.8439003825187683,0.0,537.0,7,2,382,0,0,0,100,100,0
95,380,594,79,594,3,right+B,0.025076301768422127,0.1820702701807022,0.04754392057657242,0.7287431359291077,0.01656644605100155,0.8459102511405945,-1.0,536.0,8,2,381,0,0,0,100,100,0
96,384,594,79,594,3,right+B,0.02402520924806595,0.17699724435806274,0.04553809389472008,0.737464427947998,0.01597498543560505,0.8274199962615967,0.0,536.0,9,2,381,0,0,0,100,100,0
97,388,594,79,594,1,right,0.022332441061735153,0.1709291636943817,0.04259607195854187,0.7492783069610596,0.014864005148410797,0.8001169562339783,0.0,536.0,10,2,381,0,0,0,100,100,0
98,392,594,79,594,3,right+B,0.02231506071984768,0.16941998898983002,0.04229949042201042,0.7510363459587097,0.01492907665669918,0.7972202301025391,0.0,536.0,11,2,381,0,0,0,100,100,0
99,396,594,79,594,3,right+B,0.02267630584537983,0.17235228419303894,0.043355099856853485,0.7460289001464844,0.01558737549930811,0.8084006905555725,0.0,536.0,12,2,381,0,0,0,100,100,0
100,400,594,79,594,3,right+B,0.022912679240107536,0.17498154938220978,0.04334617033600807,0.7427943348884583,0.015965314581990242,0.8144827485084534,-1.0,535.0,13,2,380,0,0,0,100,100,0
101,404,594,79,594,1,right,0.023219997063279152,0.175667405128479,0.04356478154659271,0.7413941621780396,0.016153695061802864,0.8178815841674805,0.0,535.0,14,2,380,0,0,0,100,100,0
102,408,594,79,594,1,right,0.022571222856640816,0.17136265337467194,0.04235994815826416,0.7481157183647156,0.015590527094900608,0.8037466406822205,0.0,535.0,15,2,380,0,0,0,100,100,0
103,412,594,79,594,3,right+B,0.022483011707663536,0.17036877572536469,0.04270244389772415,0.7487133145332336,0.01573249325156212,0.8035007119178772,0.0,535.0,16,2,380,0,0,0,100,100,0
104,416,594,79,594,3,right+B,0.022475862875580788,0.17097771167755127,0.04338840767741203,0.7473759055137634,0.01578201912343502,0.8065251111984253,0.0,535.0,17,2,380,0,0,0,100,100,0
105,420,594,79,594,3,right+B,0.022117286920547485,0.16855183243751526,0.04183915629982948,0.7524305582046509,0.015061119571328163,0.7944177389144897,-1.0,534.0,18,2,379,0,0,0,100,100,0
106,424,594,79,594,3,right+B,0.022592511028051376,0.17098751664161682,0.0429130494594574,0.7482514977455139,0.015255379490554333,0.8035515546798706,0.0,534.0,19,2,379,0,0,0,100,100,0
107,428,594,93,594,4,right+A+B,0.02255716174840927,0.17101287841796875,0.04314415156841278,0.7479251027107239,0.01536070927977562,0.8045347929000854,0.0,534.0,20,2,379,0,0,0,100,100,0
108,432,594,108,594,3,right+B,0.022611191496253014,0.17247159779071808,0.04450778663158417,0.7446223497390747,0.01578701101243496,0.8123821020126343,0.0,534.0,21,2,379,0,0,0,100,100,0
109,436,594,112,594,3,right+B,0.022212158888578415,0.1705390214920044,0.04278482124209404,0.7492742538452148,0.015189717523753643,0.8009312152862549,0.0,534.0,22,2,379,0,0,0,100,100,0
110,440,594,106,594,3,right+B,0.02224537916481495,0.17067761719226837,0.043729715049266815,0.7477112412452698,0.015636134892702103,0.805679976940155,-1.0,533.0,23,2,378,0,0,0,100,100,0
111,444,594,89,594,3,right+B,0.022066475823521614,0.17084278166294098,0.04290490970015526,0.7486560940742493,0.015529762022197247,0.8025327920913696,0.0,533.0,24,2,378,0,0,0,100,100,0
112,448,594,79,594,3,right+B,0.02273806370794773,0.1705315113067627,0.043308891355991364,0.7476730346679688,0.015748463571071625,0.8064277172088623,0.0,533.0,25,2,378,0,0,0,100,100,0
113,452,594,79,594,3,right+B,0.02201739139854908,0.16574521362781525,0.04151921346783638,0.7557137608528137,0.015004471875727177,0.7886884212493896,0.0,533.0,26,2,378,0,0,0,100,100,0
114,456,594,93,594,2,right+A,0.023005031049251556,0.16996078193187714,0.04290825501084328,0.748663604259491,0.015462340787053108,0.8042632341384888,0.0,533.0,27,2,378,0,0,0,100,100,0
115,460,594,108,594,3,right+B,0.02372470125555992,0.17706985771656036,0.044952183961868286,0.7376374006271362,0.016615912318229675,0.8273009061813354,-1.0,532.0,28,2,377,0,0,0,100,100,0
116,464,594,112,594,3,right+B,0.02388918027281761,0.17815695703029633,0.044960711151361465,0.7365543842315674,0.016438817605376244,0.8287639617919922,0.0,532.0,29,2,377,0,0,0,100,100,0
117,468,594,106,594,3,right+B,0.022708389908075333,0.17144298553466797,0.04348492622375488,0.7465192675590515,0.015844454988837242,0.8085393905639648,0.0,532.0,30,2,377,0,0,0,100,100,0
118,472,594,89,594,3,right+B,0.023077215999364853,0.17382113635540009,0.044285453855991364,0.7428920865058899,0.01592416688799858,0.8158735036849976,0.0,532.0,31,2,377,0,0,0,100,100,0
119,476,594,79,594,1,right,0.023697901517152786,0.1732606589794159,0.04515646770596504,0.7420278191566467,0.015857206657528877,0.8193946480751038,0.0,532.0,32,2,377,0,0,0,100,100,0
120,480,594,79,594,3,right+B,0.022370625287294388,0.16657736897468567,0.04206553101539612,0.7543619871139526,0.014624486677348614,0.7912812829017639,-1.0,531.0,33,2,376,0,0,0,100,100,0
121,484,594,79,594,1,right,0.023686980828642845,0.17269541323184967,0.0438871756196022,0.7444520592689514,0.015278362669050694,0.8127222657203674,0.0,531.0,34,2,376,0,0,0,100,100,0
122,488,594,79,594,3,right+B,0.023754581809043884,0.17475540935993195,0.044883694499731064,0.7408367395401001,0.015769556164741516,0.8206549882888794,0.0,531.0,35,2,376,0,0,0,100,100,0
123,492,594,79,594,3,right+B,0.024458574131131172,0.1783263236284256,0.04700612276792526,0.7336759567260742,0.01653304696083069,0.8369755744934082,0.0,531.0,36,2,376,0,0,0,100,100,0
124,496,594,79,594,1,right,0.025518998503684998,0.18385258316993713,0.049338240176439285,0.7240988612174988,0.017191344872117043,0.8570636510848999,0.0,531.0,37,2,376,0,0,0,100,100,0
125,500,594,79,594,1,right,0.02584140934050083,0.1864355355501175,0.04990838095545769,0.7203513979911804,0.017463266849517822,0.8641963601112366,-1.0,530.0,38,2,375,0,0,0,100,100,0
126,504,594,79,594,3,right+B,0.02728099934756756,0.19381453096866608,0.05357044190168381,0.7063841223716736,0.01894991286098957,0.893754243850708,0.0,530.0,39,2,375,0,0,0,100,100,0
127,508,594,79,594,3,right+B,0.028539743274450302,0.2010527104139328,0.05782269686460495,0.6923041939735413,0.020280560478568077,0.9224793314933777,0.0,530.0,40,2,375,0,0,0,100,100,0
128,512,594,79,594,3,right+B,0.027993371710181236,0.20150063931941986,0.05659438297152519,0.6942474246025085,0.01966417022049427,0.9160343408584595,0.0,530.0,41,2,375,0,0,0,100,100,0
129,516,594,79,594,1,right,0.027875246480107307,0.2027653157711029,0.05770672857761383,0.6918637156486511,0.019789012148976326,0.920433521270752,0.0,530.0,42,2,375,0,0,0,100,100,0
130,520,594,79,594,3,right+B,0.027737190946936607,0.2006145864725113,0.05672747269272804,0.6953108310699463,0.019609879702329636,0.9142516851425171,-1.0,529.0,43,2,374,0,0,0,100,100,0
131,524,594,79,594,3,right+B,0.02588200755417347,0.19056375324726105,0.0506182424724102,0.7151920795440674,0.017743950709700584,0.8727792501449585,0.0,529.0,44,2,374,0,0,0,100,100,0
132,528,594,79,594,3,right+B,0.02591347135603428,0.19257968664169312,0.05174325034022331,0.7118535041809082,0.01791004091501236,0.8791115283966064,0.0,529.0,45,2,374,0,0,0,100,100,0
133,532,594,79,594,1,right,0.024888334795832634,0.18722419440746307,0.04832598194479942,0.7222067713737488,0.017354661598801613,0.857414960861206,0.0,529.0,46,2,374,0,0,0,100,100,0
134,536,594,93,594,2,right+A,0.023548072203993797,0.17965136468410492,0.04586726427078247,0.7344512343406677,0.016482071951031685,0.8323939442634583,0.0,529.0,47,2,374,0,0,0,100,100,0
135,540,594,108,594,3,right+B,0.02454533986747265,0.18466177582740784,0.04808596894145012,0.7256134152412415,0.017093475908041,0.8511470556259155,-1.0,528.0,48,2,373,0,0,0,100,100,0
136,544,594,112,594,3,right+B,0.024070482701063156,0.18268780410289764,0.04653362184762955,0.73017418384552,0.01653393730521202,0.8404630422592163,0.0,528.0,49,2,373,0,0,0,100,100,0
137,548,594,106,594,1,right,0.02229168638586998,0.172543466091156,0.04402240365743637,0.7455056309700012,0.01563686691224575,0.8094184994697571,0.0,528.0,50,2,373,0,0,0,100,100,0
138,552,594,89,594,3,right+B,0.023975413292646408,0.1827392727136612,0.04767634719610214,0.7286869287490845,0.016922006383538246,0.8448056578636169,0.0,528.0,51,2,373,0,0,0,100,100,0
139,556,594,79,594,4,right+A+B,0.025291530415415764,0.18657875061035156,0.05000262334942818,0.7203899621963501,0.01773720048367977,0.8638224601745605,0.0,528.0,52,2,373,0,0,0,100,100,0
140,560,594,79,594,4,right+A+B,0.023674501106142998,0.17827720940113068,0.045500949025154114,0.7365548610687256,0.015992501750588417,0.8280017375946045,-1.0,527.0,53,2,372,0,0,0,100,100,0
141,564,594,79,594,3,right+B,0.02415672317147255,0.18009613454341888,0.04645977541804314,0.7332119345664978,0.016075443476438522,0.8351952433586121,0.0,527.0,54,2,372,0,0,0,100,100,0
142,568,594,79,594,3,right+B,0.025478243827819824,0.18895217776298523,0.04972650483250618,0.7186293005943298,0.017213711515069008,0.8649519681930542,0.0,527.0,55,2,372,0,0,0,100,100,0
143,572,594,79,594,3,right+B,0.024809999391436577,0.18756850063800812,0.04978683590888977,0.7206937670707703,0.017140911892056465,0.8607443571090698,0.0,527.0,56,2,372,0,0,0,100,100,0
144,576,594,79,594,3,right+B,0.022788075730204582,0.17582356929779053,0.04361588507890701,0.7426056265830994,0.015166833065450191,0.8129433393478394,0.0,527.0,57,2,372,0,0,0,100,100,0
145,580,594,79,594,1,right,0.021923085674643517,0.17027361690998077,0.04132993146777153,0.7518274784088135,0.014645918272435665,0.7931948304176331,-1.0,526.0,58,2,371,0,0,0,100,100,0
146,584,594,79,594,3,right+B,0.02389821596443653,0.18013879656791687,0.0459599606692791,0.7336538434028625,0.01634914241731167,0.8340328335762024,0.0,526.0,59,2,371,0,0,0,100,100,0
147,588,594,79,594,3,right+B,0.023969616740942,0.1817488819360733,0.046595148742198944,0.7312825918197632,0.0164036862552166,0.838489830493927,0.0,526.0,60,2,371,0,0,0,100,100,0
148,592,594,79,594,3,right+B,0.023155078291893005,0.17646987736225128,0.04347160831093788,0.7413455843925476,0.015557841397821903,0.8162548542022705,0.0,526.0,61,2,371,0,0,0,100,100,0
149,596,594,79,594,3,right+B,0.02202863246202469,0.16862043738365173,0.04042549058794975,0.7541336417198181,0.01479173731058836,0.7890406250953674,0.0,526.0,62,2,371,0,0,0,100,100,0
150,600,594,79,594,1,right,0.02369248867034912,0.1760118156671524,0.044150516390800476,0.7400950789451599,0.016050055623054504,0.8212668895721436,-1.0,525.0,63,2,370,0,0,0,100,100,0
151,604,594,79,594,3,right+B,0.02552369236946106,0.18678507208824158,0.0497705340385437,0.7204458713531494,0.017474820837378502,0.8632839918136597,0.0,525.0,64,2,370,0,0,0,100,100,0
152,608,594,79,594,3,right+B,0.0281959418207407,0.20165297389030457,0.056006480008363724,0.6946897506713867,0.01945483684539795,0.9146482944488525,0.0,525.0,65,2,370,0,0,0,100,100,0
153,612,594,79,594,3,right+B,0.028920575976371765,0.20598596334457397,0.058332864195108414,0.6863737106323242,0.020386917516589165,0.9313449859619141,0.0,525.0,66,2,370,0,0,0,100,100,0
154,616,594,79,594,3,right+B,0.028782127425074577,0.20481523871421814,0.06017633154988289,0.6857787370681763,0.0204476285725832,0.9342228770256042,0.0,525.0,67,2,370,0,0,0,100,100,0
155,620,594,79,594,3,right+B,0.027838541194796562,0.19915266335010529,0.057680580765008926,0.6960179805755615,0.01931021362543106,0.9140642285346985,-1.0,524.0,68,2,369,0,0,0,100,100,0
156,624,594,79,594,3,right+B,0.026277655735611916,0.19250908493995667,0.05468987300992012,0.7085577249526978,0.01796567253768444,0.8880627155303955,0.0,524.0,69,2,369,0,0,0,100,100,0
157,628,594,79,594,3,right+B,0.026233822107315063,0.19173786044120789,0.05309482663869858,0.7111545205116272,0.017778998240828514,0.8821109533309937,0.0,524.0,70,2,369,0,0,0,100,100,0
158,632,594,79,594,3,right+B,0.02491418831050396,0.18145641684532166,0.048618756234645844,0.7283936142921448,0.016617070883512497,0.8476243615150452,0.0,524.0,71,2,369,0,0,0,100,100,0
159,636,594,79,594,3,right+B,0.025017794221639633,0.18157245218753815,0.047602035105228424,0.7292712926864624,0.016536427661776543,0.845066487789154,0.0,524.0,72,2,369,0,0,0,100,100,0
160,640,594,79,594,3,right+B,0.024836601689457893,0.18012399971485138,0.04655541852116585,0.7319126725196838,0.016571229323744774,0.8396940231323242,-1.0,523.0,73,2,368,0,0,0,100,100,0
161,644,594,79,594,3,right+B,0.023492617532610893,0.17554348707199097,0.044157400727272034,0.7410531640052795,0.015753330662846565,0.8187841773033142,0.0,523.0,74,2,368,0,0,0,100,100,0
162,648,594,79,594,3,right+B,0.022123899310827255,0.1693594604730606,0.04184730350971222,0.7517634630203247,0.01490591187030077,0.7950628995895386,0.0,523.0,75,2,368,0,0,0,100,100,0
163,652,594,79,594,3,right+B,0.022746875882148743,0.17144620418548584,0.04317150264978409,0.7471607327461243,0.015474779531359673,0.8063575029373169,0.0,523.0,76,2,368,0,0,0,100,100,0
164,656,594,79,594,3,right+B,0.022641798481345177,0.1730297952890396,0.04301947355270386,0.7456107139587402,0.015698276460170746,0.8087437152862549,0.0,523.0,77,2,368,0,0,0,100,100,0
165,660,594,79,594,1,right,0.023470310494303703,0.17748820781707764,0.044387828558683395,0.7382957339286804,0.016357900574803352,0.824458122253418,-1.0,522.0,78,2,367,0,0,0,100,100,0
166,664,594,79,594,3,right+B,0.022636188194155693,0.17298993468284607,0.042774952948093414,0.7460070252418518,0.015591909177601337,0.8075565099716187,0.0,522.0,79,2,367,0,0,0,100,100,0
167,668,594,79,594,1,right,0.022243348881602287,0.16973240673542023,0.04227679967880249,0.7505146265029907,0.015232779085636139,0.7985544204711914,0.0,522.0,80,2,367,0,0,0,100,100,0
168,672,594,79,594,3,right+B,0.022415615618228912,0.170719176530838,0.04318371042609215,0.7481141686439514,0.015567305497825146,0.8045193552970886,0.0,522.0,81,2,367,0,0,0,100,100,0
169,676,594,79,594,3,right+B,0.022148897871375084,0.17001964151859283,0.04277188330888748,0.7497144937515259,0.015345027670264244,0.8005064725875854,0.0,522.0,82,2,367,0,0,0,100,100,0
170,680,594,79,594,3,right+B,0.02203926257789135,0.16841405630111694,0.04178910329937935,0.7527957558631897,0.014961795881390572,0.7934027314186096,-1.0,521.0,83,2,366,0,0,0,100,100,0
171,684,594,93,594,2,right+A,0.022311726585030556,0.1693975329399109,0.04235902801156044,0.7507166266441345,0.015215116553008556,0.7984642386436462,0.0,521.0,84,2,366,0,0,0,100,100,0
172,688,594,108,594,1,right,0.023223407566547394,0.1748119592666626,0.04505423828959465,0.7405660152435303,0.01634446159005165,0.821584165096283,0.0,521.0,85,2,366,0,0,0,100,100,0
173,692,594,112,594,3,right+B,0.022843025624752045,0.17269761860370636,0.043865710496902466,0.744734525680542,0.01585913635790348,0.8119858503341675,0.0,521.0,86,2,366,0,0,0,100,100,0
174,696,594,106,594,4,right+A+B,0.02239634096622467,0.17058879137039185,0.043810807168483734,0.7473582625389099,0.015845779329538345,0.8071184754371643,0.0,521.0,87,2,366,0,0,0,100,100,0
175,700,594,89,594,1,right,0.0219569094479084,0.16976851224899292,0.04278865084052086,0.7499465346336365,0.01553934533149004,0.8002591729164124,-1.0,520.0,88,2,365,0,0,0,100,100,0
176,704,594,79,594,1,right,0.02253921888768673,0.16993707418441772,0.04275986924767494,0.7492116093635559,0.01555218268185854,0.8025248050689697,0.0,520.0,89,2,365,0,0,0,100,100,0
177,708,594,79,594,3,right+B,0.021790629252791405,0.16540321707725525,0.04137774929404259,0.7565494775772095,0.014878948219120502,0.7864625453948975,0.0,520.0,90,2,365,0,0,0,100,100,0
178,712,594,93,594,2,right+A,0.022526578977704048,0.16814380884170532,0.04249323904514313,0.7518085241317749,0.015027840621769428,0.7970010638237,0.0,520.0,91,2,365,0,0,0,100,100,0
179,716,594,108,594,3,right+B,0.023320192471146584,0.17520031332969666,0.04492359235882759,0.7403429746627808,0.01621294394135475,0.8216112852096558,0.0,520.0,92,2,365,0,0,0,100,100,0
180,720,594,112,594,3,right+B,0.02300523966550827,0.1745988130569458,0.044144634157419205,0.7423542737960815,0.015897013247013092,0.8162493705749512,-1.0,519.0,93,2,364,0,0,0,100,100,0
181,724,594,106,594,3,right+B,0.022183749824762344,0.1704307198524475,0.04312958940863609,0.7486944794654846,0.01556145865470171,0.803101122379303,0.0,519.0,94,2,364,0,0,0,100,100,0
182,728,594,89,594,3,right+B,0.022542214021086693,0.1726117730140686,0.04330424219369888,0.7457408308982849,0.01580103673040867,0.8089920282363892,0.0,519.0,95,2,364,0,0,0,100,100,0
183,732,594,79,594,3,right+B,0.023203758522868156,0.17141704261302948,0.04396667703986168,0.7455892562866211,0.015823377296328545,0.811511218547821,0.0,519.0,96,2,364,0,0,0,100,100,0
184,736,594,79,594,3,right+B,0.022378891706466675,0.16703805327415466,0.041875604540109634,0.7537420392036438,0.014965320937335491,0.7927966117858887,0.0,519.0,97,2,364,0,0,0,100,100,0
185,740,594,79,594,3,right+B,0.023602081462740898,0.17157699167728424,0.04361989349126816,0.745772659778595,0.015428396873176098,0.8106152415275574,-1.0,518.0,98,2,363,0,0,0,100,100,0
186,744,594,79,594,3,right+B,0.02355119213461876,0.17292146384716034,0.04365313798189163,0.744258463382721,0.015615787357091904,0.813228189945221,0.0,518.0,99,2,363,0,0,0,100,100,0
187,748,594,79,594,3,right+B,0.024150045588612556,0.17708100378513336,0.04621076583862305,0.7361361384391785,0.016422025859355927,0.8315407037734985,0.0,518.0,100,2,363,0,0,0,100,100,0
188,752,594,79,594,3,right+B,0.02471119351685047,0.17958706617355347,0.04701106622815132,0.7320988774299622,0.016591796651482582,0.8398469686508179,0.0,518.0,101,2,363,0,0,0,100,100,0
189,756,594,79,594,3,right+B,0.025203729048371315,0.18338990211486816,0.04913963004946709,0.7252180576324463,0.017048664391040802,0.8543030023574829,0.0,518.0,102,2,363,0,0,0,100,100,0
190,760,594,79,594,3,right+B,0.026506498456001282,0.19051136076450348,0.05185134336352348,0.7131333947181702,0.017997460439801216,0.8789582252502441,-1.0,517.0,103,2,362,0,0,0,100,100,0
191,764,594,79,594,3,right+B,0.027589431032538414,0.1968223601579666,0.05558433383703232,0.7008099555969238,0.019193952903151512,0.9046390056610107,0.0,517.0,104,2,362,0,0,0,100,100,0
192,768,594,79,594,3,right+B,0.027783837169408798,0.19831182062625885,0.05620662868022919,0.6983360648155212,0.019361624494194984,0.9093247652053833,0.0,517.0,105,2,362,0,0,0,100,100,0
193,772,594,79,594,3,right+B,0.027281995862722397,0.1997177004814148,0.056044552475214005,0.6976821422576904,0.019273487851023674,0.9087417721748352,0.0,517.0,106,2,362,0,0,0,100,100,0
194,776,594,93,594,2,right+A,0.027444908395409584,0.20101633667945862,0.056948430836200714,0.694928765296936,0.019661562517285347,0.9145451188087463,0.0,517.0,107,2,362,0,0,0,100,100,0
195,780,594,108,594,3,right+B,0.026521936058998108,0.19520877301692963,0.05347118526697159,0.705776572227478,0.019021455198526382,0.8930741548538208,-1.0,516.0,108,2,361,0,0,0,100,100,0
196,784,594,112,594,3,right+B,0.026209820061922073,0.1945401281118393,0.05254965275526047,0.708037793636322,0.018662597984075546,0.8874980211257935,0.0,516.0,109,2,361,0,0,0,100,100,0
197,788,594,106,594,3,right+B,0.026184948161244392,0.19358056783676147,0.053427912294864655,0.7076677083969116,0.019138840958476067,0.8901762962341309,0.0,516.0,110,2,361,0,0,0,100,100,0
198,792,594,89,594,3,right+B,0.024488968774676323,0.18511205911636353,0.048208098858594894,0.7244992852210999,0.01769161969423294,0.8541337847709656,0.0,516.0,111,2,361,0,0,0,100,100,0
199,796,594,79,594,1,right,0.02278754487633705,0.17332617938518524,0.04388855770230293,0.7441534399986267,0.015844261273741722,0.8127172589302063,0.0,516.0,112,2,361,0,0,0,100,100,0
200,800,594,79,594,3,right+B,0.022661598399281502,0.17280960083007812,0.042724572122097015,0.7466046810150146,0.015199518762528896,0.8057146072387695,-1.0,515.0,113,2,360,0,0,0,100,100,0
201,804,594,79,594,3,right+B,0.022754937410354614,0.1738087683916092,0.04313395172357559,0.7452249526977539,0.01507747732102871,0.8081921339035034,0.0,515.0,114,2,360,0,0,0,100,100,0
202,808,594,79,594,1,right,0.02235921286046505,0.17321665585041046,0.043476931750774384,0.7458245754241943,0.015122656710445881,0.8070967793464661,0.0,515.0,115,2,360,0,0,0,100,100,0
203,812,594,79,594,3,right+B,0.0247314665466547,0.18637049198150635,0.0497860461473465,0.7218669652938843,0.01724499836564064,0.8592491149902344,0.0,515.0,116,2,360,0,0,0,100,100,0
204,816,594,79,594,3,right+B,0.02510882541537285,0.18708644807338715,0.05003265663981438,0.7204760909080505,0.0172959603369236,0.8623353838920593,0.0,515.0,117,2,360,0,0,0,100,100,0
205,820,594,79,594,3,right+B,0.023869343101978302,0.181874081492424,0.046893998980522156,0.7310829162597656,0.016279565170407295,0.8386713266372681,-1.0,514.0,118,2,359,0,0,0,100,100,0
206,824,594,79,594,3,right+B,0.024324439465999603,0.1842440515756607,0.04801904410123825,0.7266265749931335,0.01678595133125782,0.8484879732131958,0.0,514.0,119,2,359,0,0,0,100,100,0
207,828,594,79,594,3,right+B,0.025328371673822403,0.18961527943611145,0.05029236525297165,0.7169397473335266,0.01782420463860035,0.8691093325614929,0.0,514.0,120,2,359,0,0,0,100,100,0
208,832,594,79,594,3,right+B,0.02375735715031624,0.1816331148147583,0.04584304615855217,0.7325422167778015,0.016224265098571777,0.8348420262336731,0.0,514.0,121,2,359,0,0,0,100,100,0
209,836,594,79,594,3,right+B,0.022240323945879936,0.1720850020647049,0.04211943596601486,0.7484033703804016,0.01515187043696642,0.8012533783912659,0.0,514.0,122,2,359,0,0,0,100,100,0
210,840,594,79,594,3,right+B,0.02375664934515953,0.17875321209430695,0.04512811452150345,0.7360600233078003,0.016302047297358513,0.8291014432907104,-1.0,513.0,123,2,358,0,0,0,100,100,0
211,844,594,93,594,2,right+A,0.023727290332317352,0.1804717779159546,0.04633023962378502,0.7330316305160522,0.016439121216535568,0.8352802395820618,0.0,513.0,124,2,358,0,0,0,100,100,0
212,848,594,108,594,3,right+B,0.024086667224764824,0.18275108933448792,0.047362543642520905,0.7288599610328674,0.016939779743552208,0.8444118499755859,0.0,513.0,125,2,358,0,0,0,100,100,0
213,852,594,112,594,3,right+B,0.023092955350875854,0.17604927718639374,0.04363853856921196,0.7412490844726562,0.01597006432712078,0.8174958229064941,0.0,513.0,126,2,358,0,0,0,100,100,0
214,856,594,106,594,3,right+B,0.022354023531079292,0.1704569309949875,0.042400434613227844,0.7493175268173218,0.015471149235963821,0.8013007640838623,0.0,513.0,127,2,358,0,0,0,100,100,0
215,860,594,89,594,3,right+B,0.02438351698219776,0.18259842693805695,0.04757227748632431,0.7286255359649658,0.016820251941680908,0.8453337550163269,-1.0,512.0,128,2,357,0,0,0,100,100,0
216,864,594,79,594,3,right+B,0.026179907843470573,0.19073307514190674,0.05224623903632164,0.7127669453620911,0.01807391457259655,0.8794881701469421,0.0,512.0,129,2,357,0,0,0,100,100,0
217,868,594,79,594,3,right+B,0.02627325803041458,0.1924428641796112,0.051898546516895294,0.7113251686096191,0.01806013658642769,0.8810808658599854,0.0,512.0,130,2,357,0,0,0,100,100,0
218,872,594,79,594,3,right+B,0.027947107329964638,0.20060774683952332,0.057217881083488464,0.6948009133338928,0.01942639797925949,0.915489912033081,0.0,512.0,131,2,357,0,0,0,100,100,0
219,876,594,79,594,3,right+B,0.027745913714170456,0.19969096779823303,0.057562846690416336,0.6952176094055176,0.01978260837495327,0.9158327579498291,0.0,512.0,132,2,357,0,0,0,100,100,0
220,880,594,79,594,3,right+B,0.026950890198349953,0.1959131360054016,0.0564708486199379,0.7015870213508606,0.019078155979514122,0.9032315015792847,-1.0,511.0,133,2,356,0,0,0,100,100,0
221,884,594,93,594,2,right+A,0.026669148355722427,0.19319579005241394,0.05470428615808487,0.7069371938705444,0.01849355734884739,0.8922105431556702,0.0,511.0,134,2,356,0,0,0,100,100,0
222,888,594,108,594,3,right+B,0.02650468610227108,0.18921148777008057,0.052427053451538086,0.713714599609375,0.018142154440283775,0.8792694807052612,0.0,511.0,135,2,356,0,0,0,100,100,0
223,892,594,112,594,3,right+B,0.025983719155192375,0.18657124042510986,0.050188228487968445,0.7197679877281189,0.017488794401288033,0.8656940460205078,0.0,511.0,136,2,356,0,0,0,100,100,0
224,896,594,106,594,3,right+B,0.02565189078450203,0.18412528932094574,0.04923881217837334,0.7235798835754395,0.017404111102223396,0.8584086894989014,0.0,511.0,137,2,356,0,0,0,100,100,0
225,900,594,89,594,3,right+B,0.024060659110546112,0.1783900260925293,0.045847706496715546,0.7353900671005249,0.01631154865026474,0.8316680192947388,-1.0,510.0,138,2,355,0,0,0,100,100,0
226,904,594,79,594,2,right+A,0.022843841463327408,0.1720534712076187,0.043363671749830246,0.7464801073074341,0.01525888405740261,0.8072972297668457,0.0,510.0,139,2,355,0,0,0,100,100,0
227,908,594,79,594,3,right+B,0.022079112008213997,0.16704975068569183,0.041873183101415634,0.7542787790298462,0.014719140715897083,0.790783703327179,0.0,510.0,140,2,355,0,0,0,100,100,0
228,912,594,79,594,3,right+B,0.022215327247977257,0.1682421714067459,0.042337752878665924,0.7523448467254639,0.014859940856695175,0.7949495315551758,0.0,510.0,141,2,355,0,0,0,100,100,0
229,916,594,79,594,3,right+B,0.02264286018908024,0.17376594245433807,0.04279482364654541,0.7452793717384338,0.015516968443989754,0.8084786534309387,0.0,510.0,142,2,355,0,0,0,100,100,0
230,920,594,79,594,3,right+B,0.02289966680109501,0.1755681037902832,0.04356403648853302,0.7420435547828674,0.015924574807286263,0.8157459497451782,-1.0,509.0,143,2,354,0,0,0,100,100,0
231,924,594,93,594,4,right+A+B,0.02213931828737259,0.1688205599784851,0.041630715131759644,0.7522559762001038,0.015153451822698116,0.7946553826332092,0.0,509.0,144,2,354,0,0,0,100,100,0
232,928,594,108,594,3,right+B,0.02306780219078064,0.17460355162620544,0.04482642561197281,0.7410653233528137,0.016436904668807983,0.8204577565193176,0.0,509.0,145,2,354,0,0,0,100,100,0
233,932,594,112,594,3,right+B,0.023193802684545517,0.17474724352359772,0.04440153017640114,0.7413890361785889,0.016268393024802208,0.8192654848098755,0.0,509.0,146,2,354,0,0,0,100,100,0
234,936,594,106,594,3,right+B,0.022412586957216263,0.17076173424720764,0.04363802447915077,0.7473081946372986,0.015879414975643158,0.8070700168609619,0.0,509.0,147,2,354,0,0,0,100,100,0
235,940,594,89,594,3,right+B,0.022105025127530098,0.16989032924175262,0.042792145162820816,0.7495664358139038,0.015646114945411682,0.8013860583305359,-1.0,508.0,148,2,353,0,0,0,100,100,0
236,944,594,79,594,3,right+B,0.022671807557344437,0.1698029488325119,0.04312355816364288,0.7487450242042542,0.015656689181923866,0.8042341470718384,0.0,508.0,149,2,353,0,0,0,100,100,0
237,948,594,93,594,2,right+A,0.021643688902258873,0.16470958292484283,0.041145648807287216,0.7577164769172668,0.014784603379666805,0.7838377952575684,0.0,508.0,150,2,353,0,0,0,100,100,0
238,952,594,108,594,3,right+B,0.022593149915337563,0.17031662166118622,0.0436672568321228,0.7479879856109619,0.015435012057423592,0.8054094910621643,0.0,508.0,151,2,353,0,0,0,100,100,0
239,956,594,112,594,1,right,0.022252945229411125,0.17059367895126343,0.0427924320101738,0.7492074370384216,0.015153603628277779,0.8010364770889282,0.0,508.0,152,2,353,0,0,0,100,100,0
240,960,594,106,594,3,right+B,0.02219563163816929,0.17054976522922516,0.04368237406015396,0.748103141784668,0.0154690220952034,0.8045344948768616,-1.0,507.0,153,2,352,0,0,0,100,100,0
241,964,594,89,594,3,right+B,0.022055810317397118,0.17083145678043365,0.04332403093576431,0.7482346892356873,0.015553971752524376,0.8037684559822083,0.0,507.0,154,2,352,0,0,0,100,100,0
242,968,594,79,594,3,right+B,0.022178739309310913,0.1676984578371048,0.04231651499867439,0.7525341510772705,0.015272168442606926,0.7955561876296997,0.0,507.0,155,2,352,0,0,0,100,100,0
243,972,594,79,594,3,right+B,0.022138459607958794,0.16672714054584503,0.04167461022734642,0.7543541789054871,0.015105582773685455,0.7914482355117798,0.0,507.0,156,2,352,0,0,0,100,100,0
244,976,594,79,594,3,right+B,0.02276512049138546,0.17063996195793152,0.042550377547740936,0.748621940612793,0.015422668308019638,0.8032535314559937,0.0,507.0,157,2,352,0,0,0,100,100,0
245,980,594,79,594,3,right+B,0.02246655896306038,0.17040590941905975,0.042060814797878265,0.7496102452278137,0.015456413850188255,0.8005861043930054,-1.0,506.0,158,2,351,0,0,0,100,100,0
246,984,594,79,594,0,NOOP,0.022782625630497932,0.17170222103595734,0.04283054545521736,0.7470631003379822,0.015621500089764595,0.8064537644386292,0.0,506.0,159,2,351,0,0,0,100,100,0
247,988,594,79,594,1,right,0.02304641157388687,0.17107164859771729,0.04303561523556709,0.747195839881897,0.015650441870093346,0.8071420192718506,0.0,506.0,160,2,351,0,0,0,100,100,0
248,992,594,79,594,3,right+B,0.023898938670754433,0.17478513717651367,0.04483077675104141,0.7404342889785767,0.01605086587369442,0.8221259713172913,0.0,506.0,161,2,351,0,0,0,100,100,0
249,996,594,93,594,2,right+A,0.023644760251045227,0.1729579120874405,0.043790288269519806,0.744067370891571,0.015539701096713543,0.8136988878250122,0.0,506.0,162,2,351,0,0,0,100,100,0
250,1000,594,108,594,1,right,0.02431764267385006,0.176805317401886,0.04579460993409157,0.7369880080223083,0.01609439216554165,0.8293161988258362,-1.0,505.0,163,2,350,0,0,0,100,100,0
251,1004,594,112,594,3,right+B,0.024561528116464615,0.17954804003238678,0.04706135019659996,0.732561469078064,0.01626763865351677,0.8381914496421814,0.0,505.0,164,2,350,0,0,0,100,100,0
252,1008,594,106,594,1,right,0.02423824928700924,0.17756760120391846,0.047291118651628494,0.7344141602516174,0.016488848254084587,0.8357646465301514,0.0,505.0,165,2,350,0,0,0,100,100,0
253,1012,594,89,594,2,right+A,0.024635139852762222,0.1828334629535675,0.04894809424877167,0.726577639579773,0.017005622386932373,0.8509417772293091,0.0,505.0,166,2,350,0,0,0,100,100,0
254,1016,594,79,594,1,right,0.02541927993297577,0.18463462591171265,0.04988411068916321,0.7227298021316528,0.01733221858739853,0.8597886562347412,0.0,505.0,167,2,350,0,0,0,100,100,0
255,1020,594,79,594,3,right+B,0.026268677785992622,0.1882510930299759,0.051516178995370865,0.7158797979354858,0.018084151670336723,0.8746109008789062,-1.0,504.0,168,2,349,0,0,0,100,100,0
256,1024,594,79,594,3,right+B,0.028096718713641167,0.1977909505367279,0.05643579736351967,0.6981455087661743,0.01953102834522724,0.9108589887619019,0.0,504.0,169,2,349,0,0,0,100,100,0
257,1028,594,79,594,3,right+B,0.027663717046380043,0.1998130828142166,0.05598888918757439,0.6968390345573425,0.019695304334163666,0.9114642143249512,0.0,504.0,170,2,349,0,0,0,100,100,0
258,1032,594,79,594,3,right+B,0.027641993016004562,0.201873779296875,0.05689425766468048,0.6937785744667053,0.01981140859425068,0.9166402816772461,0.0,504.0,171,2,349,0,0,0,100,100,0
259,1036,594,79,594,3,right+B,0.02693549543619156,0.19626490771770477,0.054472994059324265,0.7032096982002258,0.019116874784231186,0.8986977338790894,0.0,504.0,172,2,349,0,0,0,100,100,0
260,1040,594,79,594,3,right+B,0.026258505880832672,0.19393569231033325,0.05256473645567894,0.7086143493652344,0.018626680597662926,0.8867849707603455,-1.0,503.0,173,2,348,0,0,0,100,100,0
261,1044,594,79,594,3,right+B,0.02630670927464962,0.1960884928703308,0.05339483171701431,0.70538729429245,0.01882268488407135,0.8925790786743164,0.0,503.0,174,2,348,0,0,0,100,100,0
262,1048,594,93,594,4,right+A+B,0.024498002603650093,0.1854759007692337,0.04856111481785774,0.7240951657295227,0.017369713634252548,0.8544178009033203,0.0,503.0,175,2,348,0,0,0,100,100,0
263,1052,594,108,594,3,right+B,0.023101139813661575,0.17910389602184296,0.046440351754426956,0.7348752617835999,0.01647927239537239,0.8316555619239807,0.0,503.0,176,2,348,0,0,0,100,100,0
264,1056,594,112,594,3,right+B,0.022961553186178207,0.1781328022480011,0.04483038932085037,0.7381787896156311,0.01589641347527504,0.8230929970741272,0.0,503.0,177,2,348,0,0,0,100,100,0
265,1060,594,106,594,3,right+B,0.022530384361743927,0.17713600397109985,0.04531725496053696,0.7390589714050293,0.015957416966557503,0.8217676877975464,-1.0,502.0,178,2,347,0,0,0,100,100,0
266,1064,594,89,594,2,right+A,0.021694842725992203,0.17248322069644928,0.0439767949283123,0.7464773654937744,0.015367766842246056,0.8060556650161743,0.0,502.0,179,2,347,0,0,0,100,100,0
267,1068,594,79,594,3,right+B,0.024084221571683884,0.18288449943065643,0.048253607004880905,0.7277429699897766,0.01703474670648575,0.8473716974258423,0.0,502.0,180,2,347,0,0,0,100,100,0
268,1072,594,79,594,0,NOOP,0.02490398660302162,0.18578438460826874,0.049073535948991776,0.7227764129638672,0.017461756244301796,0.8579331636428833,0.0,502.0,181,2,347,0,0,0,100,100,0
269,1076,594,79,594,1,right,0.02407109923660755,0.17999005317687988,0.04656220227479935,0.7330962419509888,0.01628032699227333,0.8358176350593567,0.0,502.0,182,2,347,0,0,0,100,100,0
270,1080,594,79,594,3,right+B,0.02326277084648609,0.1775292605161667,0.04510555416345596,0.7381283640861511,0.01597406528890133,0.8243452310562134,-1.0,501.0,183,2,346,0,0,0,100,100,0
271,1084,594,79,594,3,right+B,0.025479238480329514,0.18924926221370697,0.04975543171167374,0.7179142236709595,0.017601827159523964,0.8668728470802307,0.0,501.0,184,2,346,0,0,0,100,100,0
272,1088,594,79,594,3,right+B,0.025511721149086952,0.1909874826669693,0.05088503658771515,0.7146769762039185,0.01793876849114895,0.8735323548316956,0.0,501.0,185,2,346,0,0,0,100,100,0
273,1092,594,79,594,1,right,0.023046091198921204,0.17768259346485138,0.0452190525829792,0.7381037473678589,0.01594848372042179,0.8240325450897217,0.0,501.0,186,2,346,0,0,0,100,100,0
274,1096,594,79,594,3,right+B,0.022117335349321365,0.17146573960781097,0.042146969586610794,0.7493941783905029,0.014875834807753563,0.7989087700843811,0.0,501.0,187,2,346,0,0,0,100,100,0
275,1100,594,79,594,1,right,0.023173268884420395,0.17687106132507324,0.04483122378587723,0.7394130229949951,0.015711503103375435,0.8213192224502563,-1.0,500.0,188,2,345,0,0,0,100,100,0
276,1104,594,93,594,2,right+A,0.023412982001900673,0.17961877584457397,0.0464596152305603,0.7342826724052429,0.016225945204496384,0.8325475454330444,0.0,500.0,189,2,345,0,0,0,100,100,0
277,1108,594,108,594,3,right+B,0.023673733696341515,0.18145665526390076,0.046815045177936554,0.731440007686615,0.016614526510238647,0.838473916053772,0.0,500.0,190,2,345,0,0,0,100,100,0
278,1112,594,112,594,3,right+B,0.021885449066758156,0.17017711699008942,0.04121795669198036,0.7517344951629639,0.014985027723014355,0.7939248085021973,0.0,500.0,191,2,345,0,0,0,100,100,0
279,1116,594,106,594,3,right+B,0.023038271814584732,0.1741543561220169,0.044386833906173706,0.7422356009483337,0.01618495024740696,0.8175073862075806,0.0,500.0,192,2,345,0,0,0,100,100,0
280,1120,594,89,594,3,right+B,0.02521350607275963,0.1880083978176117,0.05017711594700813,0.7187008857727051,0.01790006272494793,0.8665527701377869,-1.0,499.0,193,2,344,0,0,0,100,100,0
281,1124,594,79,594,3,right+B,0.02692583203315735,0.195150688290596,0.053566258400678635,0.705390214920044,0.018966902047395706,0.8943694829940796,0.0,499.0,194,2,344,0,0,0,100,100,0
282,1128,594,79,594,1,right,0.02737424522638321,0.19834715127944946,0.055525947362184525,0.699316143989563,0.01943657174706459,0.9065942764282227,0.0,499.0,195,2,344,0,0,0,100,100,0
283,1132,594,79,594,3,right+B,0.028643762692809105,0.20290102064609528,0.05904378369450569,0.6891223192214966,0.020289141684770584,0.9281296133995056,0.0,499.0,196,2,344,0,0,0,100,100,0
284,1136,594,79,594,3,right+B,0.027396589517593384,0.1978047639131546,0.057183414697647095,0.6980462670326233,0.019569018855690956,0.9106295704841614,0.0,499.0,197,2,344,0,0,0,100,100,0
285,1140,594,79,594,1,right,0.026659134775400162,0.19461792707443237,0.05598686635494232,0.703840434551239,0.0188957117497921,0.8987388014793396,-1.0,498.0,198,2,343,0,0,0,100,100,0
286,1144,594,79,594,1,right,0.02623870223760605,0.19097615778446198,0.053184010088443756,0.7118692398071289,0.017731882631778717,0.8811842799186707,0.0,498.0,199,2,343,0,0,0,100,100,0
287,1148,594,79,594,3,right+B,0.025078514590859413,0.18275998532772064,0.048718344420194626,0.7268655300140381,0.016577640548348427,0.8501042127609253,0.0,498.0,200,2,343,0,0,0,100,100,0
288,1152,594,79,594,3,right+B,0.025074446573853493,0.18300722539424896,0.04860668629407883,0.7265245914459229,0.01678701676428318,0.8509200811386108,0.0,498.0,201,2,343,0,0,0,100,100,0
289,1156,594,79,594,3,right+B,0.024285681545734406,0.17816291749477386,0.04619048535823822,0.7352051138877869,0.01615583710372448,0.8324708342552185,0.0,498.0,202,2,343,0,0,0,100,100,0
290,1160,594,79,594,3,right+B,0.022744450718164444,0.17264680564403534,0.042886946350336075,0.746580183506012,0.015141612850129604,0.8060043454170227,-1.0,497.0,203,2,342,0,0,0,100,100,0
291,1164,594,79,594,3,right+B,0.0222214013338089,0.1698148548603058,0.04201766103506088,0.7510159015655518,0.014930136501789093,0.79667067527771,0.0,497.0,204,2,342,0,0,0,100,100,0
292,1168,594,79,594,3,right+B,0.022423967719078064,0.17105251550674438,0.04326510429382324,0.7477958798408508,0.01546256523579359,0.8048669099807739,0.0,497.0,205,2,342,0,0,0,100,100,0
293,1172,594,79,594,3,right+B,0.022119712084531784,0.1698610782623291,0.0423654280602932,0.7502615451812744,0.015392252244055271,0.7991858124732971,0.0,497.0,206,2,342,0,0,0,100,100,0
294,1176,594,79,594,3,right+B,0.02318086475133896,0.17642907798290253,0.04371047765016556,0.7405477166175842,0.016131917014718056,0.8191698789596558,0.0,497.0,207,2,342,0,0,0,100,100,0
295,1180,594,79,594,3,right+B,0.02233661338686943,0.1710691601037979,0.04213328659534454,0.7487931847572327,0.015667758882045746,0.8021384477615356,-1.0,496.0,208,2,341,0,0,0,100,100,0
296,1184,594,79,594,3,right+B,0.022670382633805275,0.17228496074676514,0.04338100180029869,0.7456718683242798,0.01599174551665783,0.8099140524864197,0.0,496.0,209,2,341,0,0,0,100,100,0
297,1188,594,79,594,3,right+B,0.02278303913772106,0.1719433218240738,0.04341071844100952,0.7460963726043701,0.015766499564051628,0.8090237379074097,0.0,496.0,210,2,341,0,0,0,100,100,0
298,1192,594,79,594,3,right+B,0.022451158612966537,0.17035330832004547,0.0427694208920002,0.7491740584373474,0.015252106823027134,0.8016948699951172,0.0,496.0,211,2,341,0,0,0,100,100,0
299,1196,594,79,594,1,right,0.022114258259534836,0.16935154795646667,0.042034149169921875,0.7514949440956116,0.015005134977400303,0.7959449291229248,0.0,496.0,212,2,341,0,0,0,100,100,0
300,1200,594,79,594,3,right+B,0.02201058343052864,0.16829483211040497,0.042592454701662064,0.7520302534103394,0.015071867033839226,0.7958682775497437,-1.0,495.0,213,2,340,0,0,0,100,100,0
301,1204,594,79,594,1,right,0.021969377994537354,0.16845636069774628,0.04232647269964218,0.7522550225257874,0.014992805197834969,0.7948906421661377,0.0,495.0,214,2,340,0,0,0,100,100,0
302,1208,594,79,594,3,right+B,0.02207968384027481,0.1692134439945221,0.04266273230314255,0.7507595419883728,0.015284573659300804,0.7985156774520874,0.0,495.0,215,2,340,0,0,0,100,100,0
303,1212,594,79,594,3,right+B,0.02216908149421215,0.1700330674648285,0.0426759198307991,0.749761700630188,0.01536028366535902,0.8003817796707153,0.0,495.0,216,2,340,0,0,0,100,100,0
304,1216,594,93,594,2,right+A,0.0220434982329607,0.16965991258621216,0.04264277592301369,0.7503718733787537,0.015281894244253635,0.7989850640296936,0.0,495.0,217,2,340,0,0,0,100,100,0
305,1220,594,108,594,3,right+B,0.02257760614156723,0.1725601702928543,0.043940767645835876,0.7449745535850525,0.015946827828884125,0.811408281326294,-1.0,494.0,218,2,339,0,0,0,100,100,0
306,1224,594,112,594,3,right+B,0.02291080355644226,0.17359422147274017,0.044284362345933914,0.7430964708328247,0.016114206984639168,0.8156915903091431,0.0,494.0,219,2,339,0,0,0,100,100,0
307,1228,594,106,594,3,right+B,0.022959114983677864,0.1728171706199646,0.044987089931964874,0.742722749710083,0.01651386171579361,0.8182302713394165,0.0,494.0,220,2,339,0,0,0,100,100,0
308,1232,594,89,594,3,right+B,0.02277953177690506,0.17376306653022766,0.04439130425453186,0.7427444458007812,0.016321660950779915,0.8165745139122009,0.0,494.0,221,2,339,0,0,0,100,100,0
309,1236,594,79,594,2,right+A,0.022832095623016357,0.17095947265625,0.04322965815663338,0.7471383810043335,0.015840407460927963,0.8075167536735535,0.0,494.0,222,2,339,0,0,0,100,100,0
310,1240,594,79,594,1,right,0.02203642949461937,0.16672217845916748,0.04108160734176636,0.7553800344467163,0.014779695309698582,0.7880802154541016,-1.0,493.0,223,2,338,0,0,0,100,100,0
311,1244,594,79,594,3,right+B,0.02293376252055168,0.17057137191295624,0.042530644685029984,0.7488619685173035,0.015102227218449116,0.8024364113807678,0.0,493.0,224,2,338,0,0,0,100,100,0
312,1248,594,79,594,3,right+B,0.02271759696304798,0.1699884831905365,0.04281703755259514,0.749192476272583,0.015284424647688866,0.802349328994751,0.0,493.0,225,2,338,0,0,0,100,100,0
313,1252,594,79,594,3,right+B,0.02286899834871292,0.17157214879989624,0.04354117065668106,0.7466627955436707,0.015354836359620094,0.8075557351112366,0.0,493.0,226,2,338,0,0,0,100,100,0
314,1256,594,79,594,1,right,0.02346350997686386,0.17268286645412445,0.04370519518852234,0.744769811630249,0.015378665179014206,0.8118062019348145,0.0,493.0,227,2,338,0,0,0,100,100,0
315,1260,594,79,594,3,right+B,0.023748120293021202,0.1746649146080017,0.044365182518959045,0.7415258884429932,0.015695897862315178,0.81876140832901,-1.0,492.0,228,2,337,0,0,0,100,100,0
316,1264,594,93,594,4,right+A+B,0.024680105969309807,0.1797155737876892,0.046644117683172226,0.7323072552680969,0.01665293052792549,0.8391445875167847,0.0,492.0,229,2,337,0,0,0,100,100,0
317,1268,594,109,594,2,right+A,0.025004684925079346,0.1821933090686798,0.048287831246852875,0.727338433265686,0.01717575266957283,0.8501573204994202,0.0,492.0,230,2,337,0,0,0,100,100,0
318,1272,594,121,594,3,right+B,0.025651512667536736,0.18627093732357025,0.05035052075982094,0.7201477289199829,0.01757926307618618,0.8649505376815796,0.0,492.0,231,2,337,0,0,0,100,100,0
319,1276,595,122,595,3,right+B,0.02693120390176773,0.19345501065254211,0.05380634218454361,0.7066969275474548,0.019110532477498055,0.8933367729187012,1.0,493.0,0,2,337,0,0,0,100,100,0
320,1280,594,113,595,3,right+B,0.028155215084552765,0.20043747127056122,0.05688730254769325,0.6941148042678833,0.020405132323503494,0.9185961484909058,-1.0,492.0,1,2,336,0,0,0,100,100,0
321,1284,594,94,595,3,right+B,0.029365604743361473,0.20346809923648834,0.059197843074798584,0.6871898174285889,0.020778652280569077,0.9332042932510376,0.0,492.0,2,2,336,0,0,0,100,100,0
322,1288,594,79,595,2,right+A,0.027616769075393677,0.19870862364768982,0.05476555600762367,0.6994448304176331,0.019464194774627686,0.9060016870498657,0.0,492.0,3,2,336,0,0,0,100,100,0
323,1292,594,79,595,3,right+B,0.028093332424759865,0.20276382565498352,0.05817430093884468,0.6912808418273926,0.01968773454427719,0.9219304323196411,0.0,492.0,4,2,336,0,0,0,100,100,0
324,1296,594,79,595,3,right+B,0.026067432016134262,0.19113923609256744,0.05244201794266701,0.7124150395393372,0.017936332151293755,0.8796563744544983,0.0,492.0,5,2,336,0,0,0,100,100,0
325,1300,594,79,595,3,right+B,0.025666087865829468,0.19182011485099792,0.050925638526678085,0.7137750387191772,0.01781316287815571,0.8747867345809937,-1.0,491.0,6,2,335,0,0,0,100,100,0
326,1304,594,79,595,1,right,0.025330545380711555,0.1904446929693222,0.05048017203807831,0.7158257961273193,0.017918789759278297,0.8710648417472839,0.0,491.0,7,2,335,0,0,0,100,100,0
327,1308,594,79,595,3,right+B,0.02357887662947178,0.17989279329776764,0.04542713612318039,0.7348014116287231,0.01629982329905033,0.8309239149093628,0.0,491.0,8,2,335,0,0,0,100,100,0
328,1312,594,79,595,3,right+B,0.022074019536376,0.17086732387542725,0.04127813130617142,0.7508479356765747,0.014932675287127495,0.7955840826034546,0.0,491.0,9,2,335,0,0,0,100,100,0
329,1316,594,79,595,3,right+B,0.022880978882312775,0.17538605630397797,0.04277435317635536,0.7435262799263,0.015432245098054409,0.8112720251083374,0.0,491.0,10,2,335,0,0,0,100,100,0
330,1320,594,79,595,1,right,0.022908955812454224,0.17636600136756897,0.044568680226802826,0.7404505014419556,0.01570586860179901,0.8189201354980469,-1.0,490.0,11,2,334,0,0,0,100,100,0
331,1324,594,79,595,1,right,0.023476814851164818,0.17870549857616425,0.04547330364584923,0.7363734245300293,0.015970902517437935,0.8277686834335327,0.0,490.0,12,2,334,0,0,0,100,100,0
332,1328,594,93,595,2,right+A,0.025936316698789597,0.1912919580936432,0.05086980015039444,0.7137678265571594,0.01813407428562641,0.8760232329368591,0.0,490.0,13,2,334,0,0,0,100,100,0
333,1332,594,108,595,3,right+B,0.02654031477868557,0.19458609819412231,0.053951460868120193,0.7058476209640503,0.01907449960708618,0.8937618136405945,0.0,490.0,14,2,334,0,0,0,100,100,0
334,1336,594,112,595,3,right+B,0.02438242919743061,0.18374103307724,0.04797680303454399,0.7272000312805176,0.016699686646461487,0.8475537896156311,0.0,490.0,15,2,334,0,0,0,100,100,0
335,1340,594,106,595,3,right+B,0.024941906332969666,0.18722836673259735,0.05087578669190407,0.7194197177886963,0.01753420941531658,0.8650936484336853,-1.0,489.0,16,2,333,0,0,0,100,100,0
336,1344,594,89,595,3,right+B,0.025450561195611954,0.19066005945205688,0.05108305811882019,0.7149289846420288,0.017877327278256416,0.873192310333252,0.0,489.0,17,2,333,0,0,0,100,100,0
337,1348,594,79,595,3,right+B,0.023707272484898567,0.18108642101287842,0.04635712131857872,0.7326631546020508,0.016186047345399857,0.8351832032203674,0.0,489.0,18,2,333,0,0,0,100,100,0
338,1352,594,79,595,3,right+B,0.02165554277598858,0.16887210309505463,0.04057207331061363,0.7544627785682678,0.01443750225007534,0.7871276140213013,0.0,489.0,19,2,333,0,0,0,100,100,0
339,1356,594,79,595,3,right+B,0.023160697892308235,0.17456001043319702,0.043256767094135284,0.743730902671814,0.015291589312255383,0.8118780851364136,0.0,489.0,20,2,333,0,0,0,100,100,0
340,1360,594,79,595,3,right+B,0.023641154170036316,0.18011467158794403,0.04607894644141197,0.7338678240776062,0.016297398135066032,0.8332498669624329,-1.0,488.0,21,2,332,0,0,0,100,100,0
341,1364,594,79,595,3,right+B,0.02426910772919655,0.18236729502677917,0.04733730107545853,0.7292966842651367,0.01672959327697754,0.843640923500061,0.0,488.0,22,2,332,0,0,0,100,100,0
342,1368,594,79,595,1,right,0.022675810381770134,0.17250235378742218,0.04190549999475479,0.7476587295532227,0.015257691964507103,0.8031889796257019,0.0,488.0,23,2,332,0,0,0,100,100,0
343,1372,594,79,595,1,right,0.02211989462375641,0.16846750676631927,0.040663573890924454,0.7537471055984497,0.015001973137259483,0.790654718875885,0.0,488.0,24,2,332,0,0,0,100,100,0
344,1376,594,79,595,3,right+B,0.02479957602918148,0.18300606310367584,0.046957314014434814,0.7284067273139954,0.01683029532432556,0.8456629514694214,0.0,488.0,25,2,332,0,0,0,100,100,0
345,1380,594,79,595,3,right+B,0.026083851233124733,0.19026117026805878,0.05146467313170433,0.7141739130020142,0.01801644079387188,0.8762868046760559,-1.0,487.0,26,2,331,0,0,0,100,100,0
346,1384,594,79,595,3,right+B,0.02756277658045292,0.19884184002876282,0.05480477586388588,0.6999260187149048,0.01886454038321972,0.9039372205734253,0.0,487.0,27,2,331,0,0,0,100,100,0
347,1388,594,79,595,3,right+B,0.029114460572600365,0.20699988305568695,0.05974791571497917,0.6836674809455872,0.020470311865210533,0.9369354248046875,0.0,487.0,28,2,331,0,0,0,100,100,0
348,1392,594,79,595,3,right+B,0.027876289561390877,0.19955191016197205,0.058310046792030334,0.6945412158966064,0.01972058415412903,0.9177143573760986,0.0,487.0,29,2,331,0,0,0,100,100,0
349,1396,594,79,595,1,right,0.02691016159951687,0.1956157237291336,0.05588044226169586,0.7027977108955383,0.018796028569340706,0.9002083539962769,0.0,487.0,30,2,331,0,0,0,100,100,0
350,1400,594,79,595,3,right+B,0.026875177398324013,0.19492128491401672,0.055487245321273804,0.7042129635810852,0.01850331574678421,0.8971439599990845,-1.0,486.0,31,2,330,0,0,0,100,100,0
351,1404,594,79,595,3,right+B,0.02598481811583042,0.18681204319000244,0.05042272061109543,0.7194070219993591,0.01737343519926071,0.8662172555923462,0.0,486.0,32,2,330,0,0,0,100,100,0
352,1408,594,79,595,3,right+B,0.025796860456466675,0.18586184084415436,0.050072770565748215,0.7209201455116272,0.017348317429423332,0.8632822036743164,0.0,486.0,33,2,330,0,0,0,100,100,0
353,1412,594,79,595,3,right+B,0.02569478005170822,0.18288485705852509,0.04783245548605919,0.7266277074813843,0.016960222274065018,0.8513835072517395,0.0,486.0,34,2,330,0,0,0,100,100,0
354,1416,594,79,595,3,right+B,0.024586329236626625,0.17962132394313812,0.04571826010942459,0.7337588667869568,0.01631518267095089,0.8348525166511536,0.0,486.0,35,2,330,0,0,0,100,100,0
355,1420,594,79,595,3,right+B,0.023086626082658768,0.17329826951026917,0.04310578480362892,0.7451244592666626,0.015384934842586517,0.8097187876701355,-1.0,485.0,36,2,329,0,0,0,100,100,0
356,1424,594,79,595,3,right+B,0.022977251559495926,0.17258797585964203,0.04375747591257095,0.7451011538505554,0.015576125122606754,0.8108940720558167,0.0,485.0,37,2,329,0,0,0,100,100,0
357,1428,594,79,595,3,right+B,0.022302772849798203,0.1691773384809494,0.042389146983623505,0.7510495185852051,0.01508127897977829,0.797668993473053,0.0,485.0,38,2,329,0,0,0,100,100,0
358,1432,594,79,595,1,right,0.022959114983677864,0.17514614760875702,0.0435110367834568,0.7426122426986694,0.01577148213982582,0.8146045804023743,0.0,485.0,39,2,329,0,0,0,100,100,0
359,1436,594,79,595,3,right+B,0.022736625745892525,0.17397715151309967,0.043071113526821136,0.7444747090339661,0.015740355476737022,0.8107649087905884,0.0,485.0,40,2,329,0,0,0,100,100,0
360,1440,594,79,595,1,right,0.0221190694719553,0.16934140026569366,0.04223252087831497,0.7510413527488708,0.01526566594839096,0.7975355386734009,-1.0,484.0,41,2,328,0,0,0,100,100,0
361,1444,594,79,595,3,right+B,0.022168966010212898,0.16979479789733887,0.041978929191827774,0.7508637309074402,0.015193616040050983,0.7973747253417969,0.0,484.0,42,2,328,0,0,0,100,100,0
362,1448,594,79,595,3,right+B,0.021986111998558044,0.1689416468143463,0.04202679172158241,0.751815140247345,0.015230359509587288,0.7957398891448975,0.0,484.0,43,2,328,0,0,0,100,100,0
363,1452,594,79,595,3,right+B,0.02191028743982315,0.1688525229692459,0.04187285155057907,0.7521542906761169,0.015210148878395557,0.7948157787322998,0.0,484.0,44,2,328,0,0,0,100,100,0
364,1456,594,79,595,1,right,0.021945029497146606,0.1677669882774353,0.041566964238882065,0.7536406517028809,0.015080468729138374,0.7919210195541382,0.0,484.0,45,2,328,0,0,0,100,100,0
365,1460,594,79,595,3,right+B,0.022588834166526794,0.1707610934972763,0.04295413941144943,0.7481164932250977,0.015579374507069588,0.8045796751976013,-1.0,483.0,46,2,327,0,0,0,100,100,0
366,1464,594,93,595,4,right+A+B,0.022634560242295265,0.17119233310222626,0.043211907148361206,0.7472040057182312,0.01575721614062786,0.8067988157272339,0.0,483.0,47,2,327,0,0,0,100,100,0
367,1468,594,108,595,3,right+B,0.02281259186565876,0.17324940860271454,0.04429982975125313,0.7435135841369629,0.01612459123134613,0.8149312138557434,0.0,483.0,48,2,327,0,0,0,100,100,0
368,1472,594,112,595,1,right,0.02249891683459282,0.17158283293247223,0.04304792359471321,0.7474035024642944,0.015466826036572456,0.8053079843521118,0.0,483.0,49,2,327,0,0,0,100,100,0
369,1476,594,106,595,4,right+A+B,0.02265823446214199,0.17247618734836578,0.04431351274251938,0.7445911765098572,0.015960853546857834,0.8126744031906128,0.0,483.0,50,2,327,0,0,0,100,100,0
370,1480,594,89,595,3,right+B,0.022217528894543648,0.17090465128421783,0.043441470712423325,0.7478404641151428,0.015595885924994946,0.8049423694610596,-1.0,482.0,51,2,326,0,0,0,100,100,0
371,1484,594,79,595,1,right,0.02254604920744896,0.1691654920578003,0.043038509786129,0.7498258352279663,0.015424085780978203,0.801702082157135,0.0,482.0,52,2,326,0,0,0,100,100,0
372,1488,594,79,595,1,right,0.0217717494815588,0.1648690104484558,0.04131624102592468,0.7572864294052124,0.014756563119590282,0.7849219441413879,0.0,482.0,53,2,326,0,0,0,100,100,0
373,1492,594,79,595,3,right+B,0.022324858233332634,0.1680377572774887,0.041985105723142624,0.7526862025260925,0.01496608555316925,0.7944285869598389,0.0,482.0,54,2,326,0,0,0,100,100,0
374,1496,594,79,595,3,right+B,0.022350717335939407,0.17006176710128784,0.041872523725032806,0.750481903553009,0.015233182348310947,0.7982581853866577,0.0,482.0,55,2,326,0,0,0,100,100,0
375,1500,594,79,595,3,right+B,0.02278802916407585,0.17236079275608063,0.04290357232093811,0.7463475465774536,0.01560008991509676,0.8075650930404663,-1.0,481.0,56,2,325,0,0,0,100,100,0
376,1504,594,79,595,3,right+B,0.02281430922448635,0.17026583850383759,0.042464323341846466,0.7490831017494202,0.015372402966022491,0.8024294972419739,0.0,481.0,57,2,325,0,0,0,100,100,0
377,1508,594,79,595,3,right+B,0.023365991190075874,0.17342336475849152,0.04402077943086624,0.7432534098625183,0.01593644917011261,0.8155959248542786,0.0,481.0,58,2,325,0,0,0,100,100,0
378,1512,594,79,595,3,right+B,0.023507224395871162,0.17362043261528015,0.04412069916725159,0.7429636716842651,0.015787998214364052,0.8160820007324219,0.0,481.0,59,2,325,0,0,0,100,100,0
379,1516,594,79,595,3,right+B,0.023619793355464935,0.1735859513282776,0.04406630992889404,0.7430508732795715,0.015677152201533318,0.8158394694328308,0.0,481.0,60,2,325,0,0,0,100,100,0
380,1520,594,79,595,3,right+B,0.024175452068448067,0.17677825689315796,0.04516662284731865,0.7378723621368408,0.016007302328944206,0.8267091512680054,-1.0,480.0,61,2,324,0,0,0,100,100,0
381,1524,594,79,595,3,right+B,0.02431962639093399,0.1776639223098755,0.04598814621567726,0.7356884479522705,0.01633986458182335,0.8320196866989136,0.0,480.0,62,2,324,0,0,0,100,100,0
382,1528,594,93,595,2,right+A,0.02530142292380333,0.18377093970775604,0.0494249053299427,0.7243898510932922,0.017112845554947853,0.8561617732048035,0.0,480.0,63,2,324,0,0,0,100,100,0
383,1532,594,108,595,3,right+B,0.025881368666887283,0.18806542456150055,0.051262207329273224,0.7171622514724731,0.017628785222768784,0.8707290887832642,0.0,480.0,64,2,324,0,0,0,100,100,0
384,1536,594,112,595,4,right+A+B,0.02727087400853634,0.19458059966564178,0.054404694586992264,0.7048157453536987,0.0189280454069376,0.8967748880386353,0.0,480.0,65,2,324,0,0,0,100,100,0
385,1540,594,106,595,3,right+B,0.028051700443029404,0.19951334595680237,0.05797050893306732,0.6943107843399048,0.020153706893324852,0.918925404548645,-1.0,479.0,66,2,323,0,0,0,100,100,0
386,1544,594,89,595,3,right+B,0.02781534753739834,0.2009720504283905,0.05669550225138664,0.6943445205688477,0.02017263136804104,0.916866660118103,0.0,479.0,67,2,323,0,0,0,100,100,0
387,1548,594,79,595,3,right+B,0.02756250463426113,0.20045879483222961,0.05621291324496269,0.6961292624473572,0.019636552780866623,0.9122976064682007,0.0,479.0,68,2,323,0,0,0,100,100,0
388,1552,594,79,595,3,right+B,0.026177290827035904,0.19225174188613892,0.053068019449710846,0.7101067304611206,0.018396200612187386,0.8847930431365967,0.0,479.0,69,2,323,0,0,0,100,100,0
389,1556,594,79,595,3,right+B,0.026506412774324417,0.19359976053237915,0.05268783122301102,0.7089630365371704,0.01824294589459896,0.8860849738121033,0.0,479.0,70,2,323,0,0,0,100,100,0
390,1560,594,79,595,3,right+B,0.025215184316039085,0.19004231691360474,0.049646735191345215,0.717345118522644,0.017750676721334457,0.8673064708709717,-1.0,478.0,71,2,322,0,0,0,100,100,0
391,1564,594,79,595,3,right+B,0.024107279255986214,0.18329256772994995,0.046978533267974854,0.7286154627799988,0.01700613647699356,0.8444284796714783,0.0,478.0,72,2,322,0,0,0,100,100,0
392,1568,594,79,595,3,right+B,0.022757666185498238,0.17484362423419952,0.043349411338567734,0.7434297800064087,0.015619532205164433,0.8124207258224487,0.0,478.0,73,2,322,0,0,0,100,100,0
393,1572,594,79,595,3,right+B,0.02295013517141342,0.17649772763252258,0.04314727336168289,0.7418205738067627,0.015584276989102364,0.8147644400596619,0.0,478.0,74,2,322,0,0,0,100,100,0
394,1576,594,79,595,3,right+B,0.022953903302550316,0.177054300904274,0.04481242597103119,0.7395787835121155,0.015600617043673992,0.8203401565551758,0.0,478.0,75,2,322,0,0,0,100,100,0
395,1580,594,79,595,3,right+B,0.022276412695646286,0.1735064536333084,0.044261638075113297,0.7446971535682678,0.015258405357599258,0.809980034828186,-1.0,477.0,76,2,321,0,0,0,100,100,0
396,1584,594,79,595,3,right+B,0.024121027439832687,0.18224301934242249,0.04704752564430237,0.7301494479179382,0.01643902063369751,0.8410708904266357,0.0,477.0,77,2,321,0,0,0,100,100,0
397,1588,594,79,595,3,right+B,0.02564750239253044,0.19010025262832642,0.05068299174308777,0.7157298922538757,0.01783931441605091,0.8719097971916199,0.0,477.0,78,2,321,0,0,0,100,100,0
398,1592,594,79,595,3,right+B,0.023835860192775726,0.1804518848657608,0.04678496718406677,0.7324764728546143,0.01645074412226677,0.8369221687316895,0.0,477.0,79,2,321,0,0,0,100,100,0
399,1596,594,79,595,3,right+B,0.023372521623969078,0.1780426949262619,0.045574598014354706,0.7370380163192749,0.015972165390849113,0.8267557621002197,0.0,477.0,80,2,321,0,0,0,100,100,0
400,1600,594,79,595,3,right+B,0.02518579736351967,0.18735869228839874,0.04869374260306358,0.7216272354125977,0.017134498804807663,0.8587671518325806,-1.0,476.0,81,2,320,0,0,0,100,100,0
401,1604,594,79,595,1,right,0.02517685852944851,0.18829317390918732,0.04902767762541771,0.7201786041259766,0.017323683947324753,0.8615993857383728,0.0,476.0,82,2,320,0,0,0,100,100,0
402,1608,594,79,595,3,right+B,0.023699743673205376,0.18080900609493256,0.046035587787628174,0.7331380248069763,0.01631758362054825,0.8343815207481384,0.0,476.0,83,2,320,0,0,0,100,100,0
403,1612,594,79,595,3,right+B,0.022466428577899933,0.17247845232486725,0.04173579812049866,0.7484185099601746,0.01490076631307602,0.8005381226539612,0.0,476.0,84,2,320,0,0,0,100,100,0
404,1616,594,79,595,3,right+B,0.02310522459447384,0.17552021145820618,0.04431465268135071,0.7413346171379089,0.015725260600447655,0.8177454471588135,0.0,476.0,85,2,320,0,0,0,100,100,0
405,1620,594,79,595,0,NOOP,0.024294838309288025,0.1827945113182068,0.047517016530036926,0.7286797761917114,0.016713932156562805,0.8447516560554504,-1.0,475.0,86,2,319,0,0,0,100,100,0
406,1624,594,79,595,3,right+B,0.02343459241092205,0.17713318765163422,0.044300325214862823,0.7393894195556641,0.015742501243948936,0.8212252855300903,0.0,475.0,87,2,319,0,0,0,100,100,0
407,1628,594,79,595,3,right+B,0.022047359496355057,0.169378399848938,0.04066339135169983,0.7532610297203064,0.014649770222604275,0.7903765439987183,0.0,475.0,88,2,319,0,0,0,100,100,0
408,1632,594,79,595,3,right+B,0.02325669303536415,0.17384286224842072,0.04311259835958481,0.7443710565567017,0.015416762791574001,0.8112449645996094,0.0,475.0,89,2,319,0,0,0,100,100,0
409,1636,594,79,595,3,right+B,0.025504251942038536,0.18745261430740356,0.049159418791532516,0.720653235912323,0.01723046600818634,0.8615714907646179,0.0,475.0,90,2,319,0,0,0,100,100,0
410,1640,594,79,595,1,right,0.026815393939614296,0.1955515742301941,0.05381850153207779,0.7052801847457886,0.018534397706389427,0.8936040997505188,-1.0,474.0,91,2,318,0,0,0,100,100,0
411,1644,594,79,595,3,right+B,0.028825581073760986,0.20598715543746948,0.05825447663664818,0.6866297721862793,0.020303018391132355,0.9305569529533386,0.0,474.0,92,2,318,0,0,0,100,100,0
412,1648,594,79,595,3,right+B,0.02874370850622654,0.2044699788093567,0.05899866670370102,0.6872730851173401,0.020514577627182007,0.9310396909713745,0.0,474.0,93,2,318,0,0,0,100,100,0
413,1652,594,79,595,3,right+B,0.028326524421572685,0.2013135403394699,0.059047117829322815,0.6909900903701782,0.020322728902101517,0.9252955913543701,0.0,474.0,94,2,318,0,0,0,100,100,0
414,1656,594,79,595,3,right+B,0.027101591229438782,0.19587266445159912,0.05655873939394951,0.7012624144554138,0.01920459046959877,0.90434730052948,0.0,474.0,95,2,318,0,0,0,100,100,0
415,1660,594,79,595,3,right+B,0.02620520256459713,0.1904161274433136,0.05226851627230644,0.7133278250694275,0.017782310023903847,0.8781375885009766,-1.0,473.0,96,2,317,0,0,0,100,100,0
416,1664,594,93,595,2,right+A,0.0260650385171175,0.18734367191791534,0.05059449002146721,0.7185909152030945,0.017405899241566658,0.8677762746810913,0.0,473.0,97,2,317,0,0,0,100,100,0
417,1668,594,108,595,1,right,0.02660137042403221,0.1894047111272812,0.051462072879076004,0.7145046591758728,0.01802719198167324,0.8768925666809082,0.0,473.0,98,2,317,0,0,0,100,100,0
418,1672,594,112,595,3,right+B,0.0257472675293684,0.18456216156482697,0.04859309270977974,0.7240906953811646,0.01700679026544094,0.856099009513855,0.0,473.0,99,2,317,0,0,0,100,100,0
419,1676,594,106,595,3,right+B,0.02359033189713955,0.17605751752853394,0.04551441967487335,0.7389384508132935,0.015899252146482468,0.8242258429527283,0.0,473.0,100,2,317,0,0,0,100,100,0
420,1680,594,89,595,3,right+B,0.02277141995728016,0.17314384877681732,0.04390903189778328,0.74477219581604,0.015403475612401962,0.8107497692108154,-1.0,472.0,101,2,316,0,0,0,100,100,0
421,1684,594,79,595,3,right+B,0.02244941145181656,0.169498473405838,0.04329907149076462,0.7495341897010803,0.015218905173242092,0.8018041849136353,0.0,472.0,102,2,316,0,0,0,100,100,0
422,1688,594,79,595,3,right+B,0.022030016407370567,0.16788843274116516,0.04177963733673096,0.7533131837844849,0.014988686889410019,0.7926599979400635,0.0,472.0,103,2,316,0,0,0,100,100,0
423,1692,594,79,595,3,right+B,0.023127106949687004,0.17379973828792572,0.04276081547141075,0.7447500228881836,0.015562361106276512,0.8102928400039673,0.0,472.0,104,2,316,0,0,0,100,100,0
424,1696,594,79,595,3,right+B,0.023068193346261978,0.1736849993467331,0.0427035428583622,0.7447113394737244,0.015831874683499336,0.8107978105545044,0.0,472.0,105,2,316,0,0,0,100,100,0
425,1700,594,93,595,2,right+A,0.023150794208049774,0.17371730506420135,0.04359640181064606,0.7434889674186707,0.016046570613980293,0.8144993185997009,-1.0,471.0,106,2,315,0,0,0,100,100,0
426,1704,594,109,595,2,right+A,0.02335268445312977,0.17518921196460724,0.04490971565246582,0.7400304675102234,0.016517886891961098,0.8228311538696289,0.0,471.0,107,2,315,0,0,0,100,100,0
427,1708,594,121,595,3,right+B,0.023138899356126785,0.17420634627342224,0.044244442135095596,0.7422233819961548,0.01618696004152298,0.8175385594367981,0.0,471.0,108,2,315,0,0,0,100,100,0
428,1712,596,127,596,1,right,0.022828195244073868,0.17349454760551453,0.04421929270029068,0.7431360483169556,0.016321904957294464,0.8158698081970215,1.0,472.0,0,2,315,0,0,0,100,100,0
429,1716,599,127,599,3,right+B,0.022590085864067078,0.17219679057598114,0.043654266744852066,0.7456090450286865,0.015949761494994164,0.8101191520690918,3.0,475.0,0,2,315,0,0,0,100,100,0
430,1720,604,127,604,3,right+B,0.02243916317820549,0.16993030905723572,0.0434286929666996,0.7487507462501526,0.015451028011739254,0.803681492805481,4.0,479.0,0,2,314,0,0,0,100,100,0
431,1724,610,127,610,1,right,0.022680578753352165,0.1734006404876709,0.046051833778619766,0.7419339418411255,0.015933038666844368,0.8188614845275879,6.0,485.0,0,2,314,0,0,0,100,100,0
432,1728,619,127,619,3,right+B,0.023265177384018898,0.18183386325836182,0.06107492744922638,0.7148776650428772,0.018948405981063843,0.8832994699478149,9.0,494.0,0,2,314,0,0,0,100,100,0
433,1732,629,127,629,1,right,0.026516510173678398,0.1898946315050125,0.13339918851852417,0.6174148917198181,0.03277482092380524,1.090198040008545,10.0,504.0,0,2,314,0,0,0,100,100,0
434,1736,640,145,640,2,right+A,0.026598265394568443,0.13836665451526642,0.5208109617233276,0.2231593281030655,0.09106475859880447,1.2628159523010254,11.0,515.0,0,2,314,0,0,0,100,100,0
435,1740,652,165,652,2,right+A,0.018732305616140366,0.06877921521663666,0.7310463786125183,0.05551833659410477,0.1259237676858902,0.909070611000061,11.0,526.0,0,2,313,0,0,0,100,100,0
436,1744,664,181,664,2,right+A,0.03947724774479866,0.13623914122581482,0.5209993124008179,0.14456091821193695,0.15872332453727722,1.310591697692871,12.0,538.0,0,2,313,0,0,0,100,100,0
437,1748,676,193,676,3,right+B,0.05484236404299736,0.2418178766965866,0.22746838629245758,0.3501547873020172,0.12571653723716736,1.4674702882766724,12.0,550.0,0,2,313,0,0,0,100,100,0
438,1752,688,192,688,0,NOOP,0.03914489224553108,0.2006831169128418,0.14113838970661163,0.5468477010726929,0.07218588888645172,1.2453124523162842,12.0,562.0,0,2,313,0,0,0,100,100,0
439,1756,700,177,700,2,right+A,0.03529516980051994,0.12855558097362518,0.49696511030197144,0.1368427723646164,0.20234142243862152,1.3247116804122925,12.0,574.0,0,2,313,0,0,0,100,100,0
440,1760,712,157,712,2,right+A,0.026198849081993103,0.08012787252664566,0.6077077388763428,0.05535050854086876,0.23061507940292358,1.0988478660583496,11.0,585.0,0,2,312,0,0,0,100,100,0
441,1764,723,137,723,2,right+A,0.054432086646556854,0.1990239918231964,0.3654969334602356,0.22868643701076508,0.15236058831214905,1.471675157546997,11.0,596.0,0,2,312,0,0,0,100,100,0
442,1768,722,117,723,3,right+B,0.0650567039847374,0.2578231990337372,0.2394171804189682,0.33403280377388,0.10367010533809662,1.4707449674606323,0.0,596.0,1,2,312,0,0,0,100,100,0
443,1772,722,97,723,3,right+B,0.06891705840826035,0.2789367735385895,0.1792525053024292,0.38505932688713074,0.08783438801765442,1.4297330379486084,0.0,596.0,2,2,312,0,0,0,100,100,0
444,1776,722,79,723,3,right+B,0.07559414207935333,0.2874610424041748,0.17463147640228271,0.3765629529953003,0.08575034886598587,1.4367339611053467,0.0,596.0,3,2,312,0,0,0,100,100,0
445,1780,722,79,723,1,right,0.07676286995410919,0.2919864356517792,0.16790185868740082,0.3842000365257263,0.0791488066315651,1.4243800640106201,-1.0,595.0,4,2,311,0,0,0,100,100,0
446,1784,722,79,723,0,NOOP,0.07564780116081238,0.28984570503234863,0.1670856475830078,0.3864612281322479,0.08095964789390564,1.4241366386413574,0.0,595.0,5,2,311,0,0,0,100,100,0
447,1788,722,79,723,1,right,0.07416373491287231,0.28959348797798157,0.16304193437099457,0.39134812355041504,0.08185269683599472,1.4195489883422852,0.0,595.0,6,2,311,0,0,0,100,100,0
448,1792,722,79,723,0,NOOP,0.07433594763278961,0.2905946969985962,0.16241560876369476,0.39022502303123474,0.0824287086725235,1.4204829931259155,0.0,595.0,7,2,311,0,0,0,100,100,0
449,1796,722,79,723,0,NOOP,0.07407599687576294,0.28512290120124817,0.16630218923091888,0.3918766975402832,0.08262229710817337,1.4220449924468994,0.0,595.0,8,2,311,0,0,0,100,100,0
450,1800,722,79,723,3,right+B,0.07208666205406189,0.27656474709510803,0.1686905175447464,0.40169069170951843,0.08096732944250107,1.4151675701141357,-1.0,594.0,9,2,310,0,0,0,100,100,0
451,1804,722,79,723,1,right,0.07195238769054413,0.2736799418926239,0.1677052229642868,0.40686675906181335,0.079795703291893,1.4110689163208008,0.0,594.0,10,2,310,0,0,0,100,100,0
452,1808,722,79,723,3,right+B,0.07176263630390167,0.27286502718925476,0.16986006498336792,0.40608128905296326,0.0794309675693512,1.4117157459259033,0.0,594.0,11,2,310,0,0,0,100,100,0
453,1812,722,79,723,1,right,0.07078829407691956,0.27316707372665405,0.16887573897838593,0.4089587926864624,0.07821010053157806,1.4072680473327637,0.0,594.0,12,2,310,0,0,0,100,100,0
454,1816,722,79,723,1,right,0.0705670416355133,0.27443182468414307,0.16970783472061157,0.4073496460914612,0.07794363051652908,1.4076765775680542,0.0,594.0,13,2,310,0,0,0,100,100,0
455,1820,722,93,723,2,right+A,0.0676974281668663,0.27298155426979065,0.16028165817260742,0.4276469051837921,0.07139240205287933,1.3818750381469727,-1.0,593.0,14,2,309,0,0,0,100,100,0
456,1824,722,108,723,1,right,0.06688424944877625,0.2748963236808777,0.15907391905784607,0.4291287660598755,0.07001679390668869,1.3775560855865479,0.0,593.0,15,2,309,0,0,0,100,100,0
457,1828,722,112,723,1,right,0.06638112664222717,0.27478930354118347,0.15862314403057098,0.42787227034568787,0.07233410328626633,1.3802846670150757,0.0,593.0,16,2,309,0,0,0,100,100,0
458,1832,722,106,723,0,NOOP,0.06772223114967346,0.2746691107749939,0.1644476354122162,0.4174806475639343,0.07568041980266571,1.39413583278656,0.0,593.0,17,2,309,0,0,0,100,100,0
459,1836,722,89,723,2,right+A,0.06921545416116714,0.27398765087127686,0.172536700963974,0.4059854745864868,0.07827476412057877,1.4081164598464966,0.0,593.0,18,2,309,0,0,0,100,100,0
460,1840,722,79,723,3,right+B,0.06816138327121735,0.2752172350883484,0.16784094274044037,0.41297072172164917,0.07580974698066711,1.3984849452972412,-1.0,592.0,19,2,308,0,0,0,100,100,0
461,1844,722,93,723,2,right+A,0.06794454902410507,0.27422595024108887,0.15522918105125427,0.43019339442253113,0.0724068284034729,1.3796483278274536,0.0,592.0,20,2,308,0,0,0,100,100,0
462,1848,722,108,723,0,NOOP,0.06989874690771103,0.2771880328655243,0.16871099174022675,0.4063235819339752,0.0778786912560463,1.4065921306610107,0.0,592.0,21,2,308,0,0,0,100,100,0
463,1852,722,112,723,0,NOOP,0.06883834302425385,0.275085985660553,0.16742286086082458,0.4104765057563782,0.07817630469799042,1.4032385349273682,0.0,592.0,22,2,308,0,0,0,100,100,0
464,1856,722,106,723,3,right+B,0.06813020259141922,0.27420130372047424,0.16733847558498383,0.4120001792907715,0.07832981646060944,1.4017906188964844,0.0,592.0,23,2,308,0,0,0,100,100,0
465,1860,722,89,723,1,right,0.06891926378011703,0.27523308992385864,0.16995158791542053,0.4086866080760956,0.07720944285392761,1.404077172279358,-1.0,591.0,24,2,307,0,0,0,100,100,0
466,1864,722,79,723,3,right+B,0.06960936635732651,0.27467963099479675,0.16760167479515076,0.41186287999153137,0.07624640315771103,1.401381254196167,0.0,591.0,25,2,307,0,0,0,100,100,0
467,1868,722,79,723,3,right+B,0.06796520203351974,0.2731989324092865,0.1598624885082245,0.4271368980407715,0.07183648645877838,1.3828470706939697,0.0,591.0,26,2,307,0,0,0,100,100,0
468,1872,722,79,723,3,right+B,0.06737971305847168,0.27301761507987976,0.15698856115341187,0.43287721276283264,0.06973685324192047,1.3750243186950684,0.0,591.0,27,2,307,0,0,0,100,100,0
469,1876,722,79,723,3,right+B,0.06955303996801376,0.2786805033683777,0.1622462272644043,0.4148384630680084,0.07468179613351822,1.3953052759170532,0.0,591.0,28,2,307,0,0,0,100,100,0
470,1880,722,79,723,1,right,0.06795261055231094,0.2812736928462982,0.1617499738931656,0.41603267192840576,0.07299108803272247,1.390061855316162,-1.0,590.0,29,2,306,0,0,0,100,100,0
471,1884,722,79,723,3,right+B,0.06876371055841446,0.2776731550693512,0.16943491995334625,0.40754929184913635,0.07657893002033234,1.4032450914382935,0.0,590.0,30,2,306,0,0,0,100,100,0
472,1888,722,79,723,1,right,0.06803873181343079,0.2767922282218933,0.1654084026813507,0.4143718183040619,0.07538875937461853,1.3959734439849854,0.0,590.0,31,2,306,0,0,0,100,100,0
473,1892,722,79,723,1,right,0.0687461718916893,0.27491629123687744,0.16510121524333954,0.41419532895088196,0.07704097032546997,1.398999810218811,0.0,590.0,32,2,306,0,0,0,100,100,0
474,1896,722,79,723,1,right,0.07045142352581024,0.2765672504901886,0.16812528669834137,0.40504977107048035,0.0798063650727272,1.4099677801132202,0.0,590.0,33,2,306,0,0,0,100,100,0
475,1900,722,79,723,3,right+B,0.06822352856397629,0.2713783085346222,0.15714643895626068,0.42742252349853516,0.07582918554544449,1.3868179321289062,-1.0,589.0,34,2,305,0,0,0,100,100,0
476,1904,722,79,723,3,right+B,0.0709361806511879,0.2732001543045044,0.16486380994319916,0.41118505597114563,0.07981469482183456,1.4065760374069214,0.0,589.0,35,2,305,0,0,0,100,100,0
477,1908,722,79,723,1,right,0.06982991844415665,0.2700500190258026,0.15824781358242035,0.424393892288208,0.0774783343076706,1.393061637878418,0.0,589.0,36,2,305,0,0,0,100,100,0
478,1912,722,79,723,1,right,0.07171083986759186,0.275916188955307,0.16342413425445557,0.4088248014450073,0.08012411743402481,1.4082080125808716,0.0,589.0,37,2,305,0,0,0,100,100,0
479,1916,722,79,723,3,right+B,0.0721430554986,0.2827986776828766,0.15936091542243958,0.4070926308631897,0.07860463857650757,1.405308723449707,0.0,589.0,38,2,305,0,0,0,100,100,0
480,1920,722,93,723,4,right+A+B,0.07238338887691498,0.2861565351486206,0.15499024093151093,0.4092208445072174,0.07724907994270325,1.4005215167999268,-1.0,588.0,39,2,304,0,0,0,100,100,0
481,1924,722,108,723,1,right,0.07447613030672073,0.28880298137664795,0.16357363760471344,0.3912324905395508,0.08191481232643127,1.4203907251358032,0.0,588.0,40,2,304,0,0,0,100,100,0
482,1928,722,112,723,1,right,0.07536693662405014,0.293060839176178,0.16274665296077728,0.384598046541214,0.084227554500103,1.4259284734725952,0.0,588.0,41,2,304,0,0,0,100,100,0
483,1932,722,106,723,1,right,0.0759095549583435,0.295286625623703,0.1676204353570938,0.3752947747707367,0.08588859438896179,1.4339195489883423,0.0,588.0,42,2,304,0,0,0,100,100,0
484,1936,722,89,723,3,right+B,0.07552289217710495,0.2925697863101959,0.16802766919136047,0.3802941143512726,0.08358554542064667,1.4295039176940918,0.0,588.0,43,2,304,0,0,0,100,100,0
485,1940,722,79,723,3,right+B,0.07375115156173706,0.29149264097213745,0.1642231047153473,0.3912009000778198,0.07933218032121658,1.4164741039276123,-1.0,587.0,44,2,303,0,0,0,100,100,0
486,1944,722,79,723,3,right+B,0.07155103236436844,0.2874510884284973,0.1604693979024887,0.4033203721046448,0.07720811665058136,1.4046478271484375,0.0,587.0,45,2,303,0,0,0,100,100,0
487,1948,722,79,723,3,right+B,0.07066085189580917,0.2830837368965149,0.1634061336517334,0.4054848849773407,0.07736438512802124,1.4045226573944092,0.0,587.0,46,2,303,0,0,0,100,100,0
488,1952,722,79,723,3,right+B,0.06978229433298111,0.2813924551010132,0.1649995595216751,0.408935546875,0.07489003241062164,1.3996559381484985,0.0,587.0,47,2,303,0,0,0,100,100,0
489,1956,722,79,723,1,right,0.06771161407232285,0.27697667479515076,0.1612476408481598,0.42131349444389343,0.07275062799453735,1.3869820833206177,0.0,587.0,48,2,303,0,0,0,100,100,0
490,1960,722,93,723,4,right+A+B,0.0661524310708046,0.27459916472435,0.1573810577392578,0.4307324290275574,0.07113497704267502,1.3763854503631592,-1.0,586.0,49,2,302,0,0,0,100,100,0
491,1964,722,108,723,3,right+B,0.06643019616603851,0.2747662663459778,0.15916317701339722,0.4265117645263672,0.07312853634357452,1.3823065757751465,0.0,586.0,50,2,302,0,0,0,100,100,0
492,1968,722,112,723,1,right,0.06647082418203354,0.27505770325660706,0.15784163773059845,0.4275285303592682,0.07310136407613754,1.3811531066894531,0.0,586.0,51,2,302,0,0,0,100,100,0
493,1972,722,106,723,0,NOOP,0.06612217426300049,0.2757297456264496,0.1550571173429489,0.42999565601348877,0.07309532910585403,1.377981424331665,0.0,586.0,52,2,302,0,0,0,100,100,0
494,1976,722,89,723,3,right+B,0.06667567044496536,0.27424049377441406,0.15964940190315247,0.4233105480670929,0.07612384110689163,1.3882187604904175,0.0,586.0,53,2,302,0,0,0,100,100,0
495,1980,722,101,723,3,right+B,0.06534115970134735,0.2728777825832367,0.15347427129745483,0.43570420145988464,0.07260248810052872,1.372697114944458,-1.0,585.0,54,2,301,0,0,0,100,100,0
496,1984,722,103,723,1,right,0.06483311206102371,0.27079519629478455,0.14933818578720093,0.4429490566253662,0.07208448648452759,1.3653870820999146,1.0,586.0,55,2,301,0,0,0,200,200,0
497,1988,722,94,723,3,right+B,0.0646626278758049,0.2708830237388611,0.1562095284461975,0.4354560673236847,0.07278870046138763,1.3736287355422974,0.0,586.0,56,2,301,0,0,0,200,200,0
498,1992,722,79,723,3,right+B,0.06401538103818893,0.2705129086971283,0.1575080156326294,0.43806785345077515,0.06989585608243942,1.3683000802993774,0.0,586.0,57,2,301,0,0,0,200,200,0
499,1996,722,79,723,3,right+B,0.06251375377178192,0.26671791076660156,0.153710275888443,0.44889697432518005,0.0681610256433487,1.3562687635421753,0.0,586.0,58,2,301,0,0,0,200,200,0
500,2000,722,79,723,3,right+B,0.06365209072828293,0.2670440375804901,0.15217232704162598,0.44928058981895447,0.06785093247890472,1.3564307689666748,-1.0,585.0,59,2,300,0,0,0,200,200,0
501,2004,722,79,723,1,right,0.06379552185535431,0.26632121205329895,0.15164853632450104,0.45044487714767456,0.06778991222381592,1.3556491136550903,0.0,585.0,60,2,300,0,0,0,200,200,0
502,2008,722,79,723,3,right+B,0.06456756591796875,0.26908165216445923,0.15455839037895203,0.44326138496398926,0.0685310959815979,1.363072156906128,0.0,585.0,61,2,300,0,0,0,200,200,0
503,2012,722,79,723,3,right+B,0.06438162922859192,0.2697935402393341,0.1577710062265396,0.4375306963920593,0.07052316516637802,1.370072603225708,0.0,585.0,62,2,300,0,0,0,200,200,0
504,2016,722,79,723,3,right+B,0.06401638686656952,0.268412321805954,0.1562093049287796,0.44179782271385193,0.06956421583890915,1.3653218746185303,0.0,585.0,63,2,300,0,0,0,200,200,0
505,2020,722,79,723,3,right+B,0.06382866203784943,0.26990413665771484,0.15415441989898682,0.4430939555168152,0.06901885569095612,1.3625364303588867,-1.0,584.0,64,2,299,0,0,0,200,200,0
506,2024,722,79,723,3,right+B,0.06318902224302292,0.268545538187027,0.14992456138134003,0.4502480924129486,0.06809274107217789,1.3543064594268799,0.0,584.0,65,2,299,0,0,0,200,200,0
507,2028,722,79,723,3,right+B,0.06318148225545883,0.26773014664649963,0.1519388109445572,0.44744768738746643,0.06970194727182388,1.3590826988220215,0.0,584.0,66,2,299,0,0,0,200,200,0
508,2032,722,79,723,1,right,0.06320681422948837,0.2683112919330597,0.15128009021282196,0.4476220905780792,0.06957963854074478,1.3584895133972168,0.0,584.0,67,2,299,0,0,0,200,200,0
509,2036,722,79,723,3,right+B,0.06282252073287964,0.26778149604797363,0.1485697478055954,0.4522676467895508,0.06855853646993637,1.3525677919387817,0.0,584.0,68,2,299,0,0,0,200,200,0
510,2040,722,79,723,3,right+B,0.06289520114660263,0.267442524433136,0.14951175451278687,0.4511651396751404,0.06898537278175354,1.3543813228607178,-1.0,583.0,69,2,298,0,0,0,200,200,0
511,2044,722,79,723,3,right+B,0.06310397386550903,0.2673106789588928,0.15133240818977356,0.4483613669872284,0.069891557097435,1.358410358428955,0.0,583.0,70,2,298,0,0,0,200,200,0
512,2048,722,79,723,1,right,0.06346707046031952,0.268535852432251,0.15293119847774506,0.4447835087776184,0.07028234750032425,1.3621912002563477,0.0,583.0,71,2,298,0,0,0,200,200,0
513,2052,722,79,723,1,right,0.0632811039686203,0.26799276471138,0.1511392891407013,0.4482175409793854,0.06936930119991302,1.357926845550537,0.0,583.0,72,2,298,0,0,0,200,200,0
514,2056,722,79,723,1,right,0.06351906061172485,0.26807308197021484,0.15376344323158264,0.44501784443855286,0.06962653249502182,1.3617315292358398,0.0,583.0,73,2,298,0,0,0,200,200,0
515,2060,722,79,723,3,right+B,0.06390304863452911,0.2683401107788086,0.1553817242383957,0.44215986132621765,0.07021524012088776,1.365404725074768,-1.0,582.0,74,2,297,0,0,0,200,200,0
516,2064,722,79,723,3,right+B,0.06359266489744186,0.2685798108577728,0.15543167293071747,0.4426443576812744,0.06975148618221283,1.3641202449798584,0.0,582.0,75,2,297,0,0,0,200,200,0
517,2068,722,93,723,2,right+A,0.06319772452116013,0.26873984932899475,0.15115031599998474,0.4482053518295288,0.06870675086975098,1.3569194078445435,0.0,582.0,76,2,297,0,0,0,200,200,0
518,2072,722,109,723,4,right+A+B,0.06408096104860306,0.2695617377758026,0.1591545194387436,0.43471381068229675,0.07248897105455399,1.3743404150009155,0.0,582.0,77,2,297,0,0,0,200,200,0
519,2076,722,121,723,1,right,0.06423760950565338,0.26955556869506836,0.15765707194805145,0.43614038825035095,0.07240942865610123,1.3729807138442993,0.0,582.0,78,2,297,0,0,0,200,200,0
520,2080,722,122,723,3,right+B,0.0643000453710556,0.2695256173610687,0.15965887904167175,0.4325314164161682,0.0739840418100357,1.3779056072235107,-1.0,581.0,79,2,296,0,0,0,200,200,0
521,2084,722,113,723,1,right,0.06338898837566376,0.27005434036254883,0.15800610184669495,0.4362870454788208,0.07226346433162689,1.3716816902160645,0.0,581.0,80,2,296,0,0,0,200,200,0
522,2088,722,94,723,1,right,0.06381499767303467,0.26937076449394226,0.15505631268024445,0.44031164050102234,0.07144630700349808,1.36765718460083,0.0,581.0,81,2,296,0,0,0,200,200,0
523,2092,722,79,723,1,right,0.06316997110843658,0.26895782351493835,0.1557198315858841,0.4400535523891449,0.07209880650043488,1.368079423904419,0.0,581.0,82,2,296,0,0,0,200,200,0
524,2096,722,79,723,3,right+B,0.06384393572807312,0.26902899146080017,0.15445244312286377,0.4415336549282074,0.07114098221063614,1.3663557767868042,0.0,581.0,83,2,296,0,0,0,200,200,0
525,2100,722,93,723,2,right+A,0.06366488337516785,0.26819393038749695,0.15468594431877136,0.4429911971092224,0.07046402990818024,1.3645979166030884,-1.0,580.0,84,2,295,0,0,0,200,200,0
526,2104,722,108,723,1,right,0.06472636759281158,0.27014753222465515,0.16243623197078705,0.42980098724365234,0.07288883626461029,1.3798034191131592,0.0,580.0,85,2,295,0,0,0,200,200,0
527,2108,722,112,723,3,right+B,0.06473171710968018,0.2700120806694031,0.1585393100976944,0.4352051913738251,0.07151173800230026,1.3734211921691895,0.0,580.0,86,2,295,0,0,0,200,200,0
528,2112,722,106,723,3,right+B,0.0638166144490242,0.2674393653869629,0.1575746387243271,0.4403142035007477,0.07085522264242172,1.3682348728179932,0.0,580.0,87,2,295,0,0,0,200,200,0
529,2116,722,89,723,4,right+A+B,0.06416361778974533,0.268541544675827,0.16000603139400482,0.43493252992630005,0.07235630601644516,1.3746249675750732,0.0,580.0,88,2,295,0,0,0,200,200,0
530,2120,722,79,723,2,right+A,0.06317071616649628,0.2688663601875305,0.15480798482894897,0.44266751408576965,0.0704873725771904,1.364145278930664,-1.0,579.0,89,2,294,0,0,0,200,200,0
531,2124,722,79,723,3,right+B,0.06326542794704437,0.26709863543510437,0.15024545788764954,0.4505714774131775,0.06881901621818542,1.3554253578186035,0.0,579.0,90,2,294,0,0,0,200,200,0
532,2128,722,79,723,0,NOOP,0.06316599994897842,0.26680174469947815,0.14973552525043488,0.45180949568748474,0.06848718225955963,1.3538875579833984,0.0,579.0,91,2,294,0,0,0,200,200,0
533,2132,722,79,723,3,right+B,0.06287416815757751,0.26608791947364807,0.14629369974136353,0.4569891095161438,0.0677550733089447,1.3476803302764893,0.0,579.0,92,2,294,0,0,0,200,200,0
534,2136,722,93,723,2,right+A,0.06366200000047684,0.2673272490501404,0.14936120808124542,0.4500502943992615,0.06959933042526245,1.3568100929260254,0.0,579.0,93,2,294,0,0,0,200,200,0
535,2140,722,108,723,1,right,0.06459487229585648,0.27009689807891846,0.15833234786987305,0.4338597059249878,0.07311616837978363,1.3758692741394043,-1.0,578.0,94,2,293,0,0,0,200,200,0
536,2144,722,112,723,2,right+A,0.06505345553159714,0.271566778421402,0.1581166684627533,0.4320268929004669,0.07323619723320007,1.3774259090423584,0.0,578.0,95,2,293,0,0,0,200,200,0
537,2148,722,106,723,2,right+A,0.06427997350692749,0.26828014850616455,0.15513725578784943,0.44040119647979736,0.07190144062042236,1.3689262866973877,0.0,578.0,96,2,293,0,0,0,200,200,0
538,2152,722,89,723,1,right,0.0653189942240715,0.27053651213645935,0.16125746071338654,0.42917394638061523,0.07371307164430618,1.3814091682434082,0.0,578.0,97,2,293,0,0,0,200,200,0
539,2156,722,79,723,1,right,0.0649559497833252,0.27149611711502075,0.15953755378723145,0.4309817850589752,0.0730285570025444,1.3782601356506348,0.0,578.0,98,2,293,0,0,0,200,200,0
540,2160,722,79,723,3,right+B,0.06332673132419586,0.26954343914985657,0.15535713732242584,0.44214293360710144,0.06962975114583969,1.3637800216674805,-1.0,577.0,99,2,292,0,0,0,200,200,0
541,2164,722,93,723,2,right+A,0.06285292655229568,0.2692734897136688,0.15321260690689087,0.44597306847572327,0.06868792325258255,1.3587021827697754,0.0,577.0,100,2,292,0,0,0,200,200,0
542,2168,722,108,723,3,right+B,0.06366732716560364,0.27101296186447144,0.15399102866649628,0.4406866431236267,0.07064204663038254,1.365591049194336,0.0,577.0,101,2,292,0,0,0,200,200,0
543,2172,722,112,723,0,NOOP,0.06428958475589752,0.27198901772499084,0.1521979421377182,0.4397108256816864,0.07181255519390106,1.3675007820129395,0.0,577.0,102,2,292,0,0,0,200,200,0
544,2176,722,106,723,1,right,0.06328362971544266,0.2683121860027313,0.15095828473567963,0.44573163986206055,0.07171425968408585,1.3622281551361084,0.0,577.0,103,2,292,0,0,0,200,200,0
545,2180,722,89,723,1,right,0.06287912279367447,0.26903149485588074,0.15359878540039062,0.44296714663505554,0.07152341306209564,1.3642797470092773,-1.0,576.0,104,2,291,0,0,0,200,200,0
546,2184,722,79,723,3,right+B,0.061889637261629105,0.27032026648521423,0.14936134219169617,0.44955748319625854,0.06887122243642807,1.3534979820251465,0.0,576.0,105,2,291,0,0,0,200,200,0
547,2188,722,79,723,3,right+B,0.06192212924361229,0.2686113119125366,0.1459457278251648,0.4559709131717682,0.06754989922046661,1.346347451210022,0.0,576.0,106,2,291,0,0,0,200,200,0
548,2192,722,79,723,3,right+B,0.06314840167760849,0.2722425162792206,0.15402382612228394,0.44023367762565613,0.07035154104232788,1.364681601524353,0.0,576.0,107,2,291,0,0,0,200,200,0
549,2196,722,93,723,2,right+A,0.06256488710641861,0.27125152945518494,0.15211129188537598,0.4451443552970886,0.06892789900302887,1.3583948612213135,0.0,576.0,108,2,291,0,0,0,200,200,0
550,2200,722,109,723,2,right+A,0.06567790359258652,0.2743949890136719,0.17019763588905334,0.4156414866447449,0.07408799976110458,1.3927886486053467,-1.0,575.0,109,2,290,0,0,0,200,200,0
551,2204,722,121,723,1,right,0.06596200168132782,0.27513349056243896,0.1668715476989746,0.41759738326072693,0.07443546503782272,1.3912091255187988,0.0,575.0,110,2,290,0,0,0,200,200,0
552,2208,722,122,723,1,right,0.06690309196710587,0.2756507992744446,0.17497867345809937,0.4043366312980652,0.0781308114528656,1.4064674377441406,0.0,575.0,111,2,290,0,0,0,200,200,0
553,2212,722,113,723,1,right,0.06681247800588608,0.2786075472831726,0.173709437251091,0.4033985733985901,0.07747194170951843,1.405266523361206,0.0,575.0,112,2,290,0,0,0,200,200,0
554,2216,722,94,723,3,right+B,0.06481189280748367,0.2752705514431,0.15940633416175842,0.42782920598983765,0.07268200814723969,1.378947377204895,0.0,575.0,113,2,290,0,0,0,200,200,0
555,2220,722,79,723,3,right+B,0.06293600052595139,0.27230963110923767,0.15127919614315033,0.443314790725708,0.070160411298275,1.361032485961914,-1.0,574.0,114,2,289,0,0,0,200,200,0
556,2224,722,93,723,4,right+A+B,0.06347464770078659,0.27203959226608276,0.15328088402748108,0.4401516318321228,0.07105320692062378,1.3657180070877075,0.0,574.0,115,2,289,0,0,0,200,200,0
557,2228,722,108,723,1,right,0.062794528901577,0.2726982831954956,0.1598639339208603,0.4322051703929901,0.0724380686879158,1.3739581108093262,0.0,574.0,116,2,289,0,0,0,200,200,0
558,2232,722,112,723,1,right,0.06499194353818893,0.2744066119194031,0.16580015420913696,0.41934484243392944,0.07545636594295502,1.38987135887146,0.0,574.0,117,2,289,0,0,0,200,200,0
559,2236,722,106,723,3,right+B,0.06444196403026581,0.27315405011177063,0.16378656029701233,0.4244263172149658,0.07419107854366302,1.384217619895935,0.0,574.0,118,2,289,0,0,0,200,200,0
560,2240,722,89,723,1,right,0.06403931975364685,0.2721942663192749,0.16143092513084412,0.4303201735019684,0.07201524823904037,1.3769046068191528,-1.0,573.0,119,2,288,0,0,0,200,200,0
561,2244,722,79,723,2,right+A,0.06497685611248016,0.274918794631958,0.1595761924982071,0.4273540675640106,0.07317414879798889,1.380141258239746,0.0,573.0,120,2,288,0,0,0,200,200,0
562,2248,722,79,723,2,right+A,0.06701061874628067,0.27563732862472534,0.171241894364357,0.41018444299697876,0.075925812125206,1.399787425994873,0.0,573.0,121,2,288,0,0,0,200,200,0
563,2252,722,79,723,3,right+B,0.06606842577457428,0.2748793959617615,0.17341987788677216,0.4101759195327759,0.0754564106464386,1.398866891860962,0.0,573.0,122,2,288,0,0,0,200,200,0
564,2256,722,79,723,3,right+B,0.06570988148450851,0.2754906117916107,0.171711266040802,0.41231101751327515,0.07477715611457825,1.3958169221878052,0.0,573.0,123,2,288,0,0,0,200,200,0
565,2260,722,93,723,2,right+A,0.06604894250631332,0.276455283164978,0.16603092849254608,0.41828376054763794,0.07318112254142761,1.3889703750610352,-1.0,572.0,124,2,287,0,0,0,200,200,0
566,2264,722,109,723,2,right+A,0.06504762917757034,0.2728070914745331,0.16219598054885864,0.425914466381073,0.07403483241796494,1.3834056854248047,0.0,572.0,125,2,287,0,0,0,200,200,0
567,2268,722,121,723,3,right+B,0.06414897739887238,0.2741101086139679,0.15493538975715637,0.4365443289279938,0.07026119530200958,1.368281364440918,0.0,572.0,126,2,287,0,0,0,200,200,0
568,2272,722,122,723,1,right,0.06552602350711823,0.27647119760513306,0.1630498617887497,0.4195875823497772,0.07536543160676956,1.3890019655227661,0.0,572.0,127,2,287,0,0,0,200,200,0
569,2276,722,113,723,3,right+B,0.0638374462723732,0.2774975001811981,0.16266629099845886,0.42279407382011414,0.07320472598075867,1.3821544647216797,0.0,572.0,128,2,287,0,0,0,200,200,0
570,2280,722,94,723,3,right+B,0.06452714651823044,0.27432048320770264,0.1643688976764679,0.4221222698688507,0.07466121017932892,1.3862552642822266,-1.0,571.0,129,2,286,0,0,0,200,200,0
571,2284,722,79,723,1,right,0.06277906894683838,0.2715698480606079,0.15819771587848663,0.43499356508255005,0.07245980948209763,1.3717701435089111,0.0,571.0,130,2,286,0,0,0,200,200,0
572,2288,722,93,723,2,right+A,0.06449826061725616,0.2730942368507385,0.15993505716323853,0.42991042137145996,0.07256199419498444,1.3776895999908447,0.0,571.0,131,2,286,0,0,0,200,200,0
573,2292,722,109,723,2,right+A,0.06561032682657242,0.27612680196762085,0.17139923572540283,0.41040414571762085,0.07645957916975021,1.3984657526016235,0.0,571.0,132,2,286,0,0,0,200,200,0
574,2296,722,121,723,3,right+B,0.06538325548171997,0.2742684483528137,0.16555587947368622,0.4199734330177307,0.07481896877288818,1.3892178535461426,0.0,571.0,133,2,286,0,0,0,200,200,0
575,2300,722,122,723,2,right+A,0.06619977951049805,0.2744293212890625,0.16602392494678497,0.4175516664981842,0.0757952332496643,1.3929059505462646,-1.0,570.0,134,2,285,0,0,0,200,200,0
576,2304,722,113,723,3,right+B,0.06464236974716187,0.2742023169994354,0.16344811022281647,0.42472589015960693,0.0729813426733017,1.3826123476028442,0.0,570.0,135,2,285,0,0,0,200,200,0
577,2308,722,94,723,1,right,0.06450492888689041,0.274013876914978,0.15972210466861725,0.4293319880962372,0.07242703437805176,1.3776665925979614,0.0,570.0,136,2,285,0,0,0,200,200,0
578,2312,722,79,723,1,right,0.06225629150867462,0.2715955078601837,0.1526937633752823,0.4423890709877014,0.07106538116931915,1.362528920173645,0.0,570.0,137,2,285,0,0,0,200,200,0
579,2316,722,79,723,3,right+B,0.06071172282099724,0.26922282576560974,0.1440681517124176,0.4582650065422058,0.06773228198289871,1.342433214187622,0.0,570.0,138,2,285,0,0,0,200,200,0
580,2320,722,93,723,2,right+A,0.06170111149549484,0.2703608572483063,0.14572381973266602,0.4535403549671173,0.06867381185293198,1.348703384399414,-1.0,569.0,139,2,284,0,0,0,200,200,0
581,2324,722,108,723,3,right+B,0.06323276460170746,0.27122870087623596,0.152282252907753,0.4417746067047119,0.07148166000843048,1.3645780086517334,0.0,569.0,140,2,284,0,0,0,200,200,0
582,2328,722,112,723,3,right+B,0.06384939700365067,0.2713017165660858,0.15290863811969757,0.4402330815792084,0.07170718908309937,1.3668830394744873,0.0,569.0,141,2,284,0,0,0,200,200,0
583,2332,722,106,723,3,right+B,0.06315534561872482,0.2683561444282532,0.15180061757564545,0.4456159174442291,0.07107200473546982,1.3617331981658936,0.0,569.0,142,2,284,0,0,0,200,200,0
584,2336,722,89,723,4,right+A+B,0.06384432315826416,0.26860499382019043,0.15527604520320892,0.4403311610221863,0.07194341719150543,1.3684678077697754,0.0,569.0,143,2,284,0,0,0,200,200,0
585,2340,722,79,723,1,right,0.0637606829404831,0.27002617716789246,0.15553444623947144,0.4388138949871063,0.07186476141214371,1.369128942489624,-1.0,568.0,144,2,283,0,0,0,200,200,0
586,2344,722,79,723,3,right+B,0.06431054323911667,0.26870492100715637,0.15647606551647186,0.4391213059425354,0.07138719409704208,1.3696504831314087,0.0,568.0,145,2,283,0,0,0,200,200,0
587,2348,722,79,723,1,right,0.0646110251545906,0.2701145112514496,0.15935686230659485,0.4349268078804016,0.07099083811044693,1.3731207847595215,0.0,568.0,146,2,283,0,0,0,200,200,0
588,2352,722,79,723,3,right+B,0.0638488307595253,0.2690430283546448,0.15346765518188477,0.4441794455051422,0.06946098059415817,1.3622397184371948,0.0,568.0,147,2,283,0,0,0,200,200,0
589,2356,722,79,723,1,right,0.06384457647800446,0.270146906375885,0.15288439393043518,0.44315478205680847,0.06996943056583405,1.3631021976470947,0.0,568.0,148,2,283,0,0,0,200,200,0
590,2360,722,79,723,3,right+B,0.06366168707609177,0.26839005947113037,0.15180815756320953,0.4456325173377991,0.07050756365060806,1.3617074489593506,-1.0,567.0,149,2,282,0,0,0,200,200,0
591,2364,722,79,723,3,right+B,0.06351889669895172,0.2680942416191101,0.1504228562116623,0.448401540517807,0.06956246495246887,1.358023762702942,0.0,567.0,150,2,282,0,0,0,200,200,0
592,2368,722,93,723,2,right+A,0.06298544257879257,0.2674426734447479,0.14706788957118988,0.45474931597709656,0.06775465607643127,1.349503517150879,0.0,567.0,151,2,282,0,0,0,200,200,0
593,2372,722,108,723,3,right+B,0.06358865648508072,0.2681337893009186,0.15310868620872498,0.4445377588272095,0.07063110917806625,1.3630564212799072,0.0,567.0,152,2,282,0,0,0,200,200,0
594,2376,722,112,723,0,NOOP,0.06389443576335907,0.26887500286102295,0.15420480072498322,0.4417225122451782,0.07130324095487595,1.366412878036499,0.0,567.0,153,2,282,0,0,0,200,200,0
595,2380,722,106,723,4,right+A+B,0.06321647763252258,0.2660938799381256,0.15181326866149902,0.44810906052589417,0.07076732069253922,1.360142469406128,-1.0,566.0,154,2,281,0,0,0,200,200,0
596,2384,722,89,723,3,right+B,0.0642533004283905,0.2681790590286255,0.15830497443675995,0.43668535351753235,0.07257723808288574,1.3733034133911133,0.0,566.0,155,2,281,0,0,0,200,200,0
597,2388,722,79,723,3,right+B,0.06388812512159348,0.2693026661872864,0.1566588580608368,0.4390246868133545,0.07112563401460648,1.3688435554504395,0.0,566.0,156,2,281,0,0,0,200,200,0
598,2392,722,93,723,2,right+A,0.06418345123529434,0.26798105239868164,0.15728595852851868,0.4406537711620331,0.06989575177431107,1.3671555519104004,0.0,566.0,157,2,281,0,0,0,200,200,0
599,2396,722,108,723,1,right,0.06462794542312622,0.26959657669067383,0.16489967703819275,0.4286617934703827,0.0722140222787857,1.3805369138717651,0.0,566.0,158,2,281,0,0,0,200,200,0
600,2400,722,112,723,2,right+A,0.06424976140260696,0.2687033414840698,0.15893584489822388,0.43727585673332214,0.07083521783351898,1.371043086051941,-1.0,565.0,159,2,280,0,0,0,200,200,0
601,2404,722,106,723,3,right+B,0.06391479074954987,0.26875218749046326,0.15836678445339203,0.4377865791320801,0.07117967307567596,1.3704726696014404,0.0,565.0,160,2,280,0,0,0,200,200,0
602,2408,722,89,723,3,right+B,0.06393834948539734,0.2686258852481842,0.1593194305896759,0.4362373948097229,0.07187893241643906,1.3726861476898193,0.0,565.0,161,2,280,0,0,0,200,200,0
603,2412,722,79,723,2,right+A,0.06302213668823242,0.2690022587776184,0.15459796786308289,0.4430004954338074,0.07037708908319473,1.3634998798370361,0.0,565.0,162,2,280,0,0,0,200,200,0
604,2416,722,79,723,1,right,0.06289083510637283,0.26712706685066223,0.15112772583961487,0.449694961309433,0.06915945559740067,1.3563079833984375,0.0,565.0,163,2,280,0,0,0,200,200,0
605,2420,722,79,723,0,NOOP,0.06259281933307648,0.26661190390586853,0.1505533754825592,0.45163485407829285,0.06860699504613876,1.3537843227386475,-1.0,564.0,164,2,279,0,0,0,200,200,0
606,2424,722,79,723,3,right+B,0.06274661421775818,0.2667977809906006,0.148572638630867,0.45377716422080994,0.06810584664344788,1.3510456085205078,0.0,564.0,165,2,279,0,0,0,200,200,0
607,2428,722,93,723,4,right+A+B,0.0632869303226471,0.2679016590118408,0.15111121535301208,0.4485549032688141,0.0691453292965889,1.3574424982070923,0.0,564.0,166,2,279,0,0,0,200,200,0
608,2432,722,108,723,3,right+B,0.06430619210004807,0.2701287865638733,0.15835043787956238,0.43542739748954773,0.07178721576929092,1.3729708194732666,0.0,564.0,167,2,279,0,0,0,200,200,0
609,2436,722,112,723,2,right+A,0.06468749791383743,0.26989802718162537,0.15793319046497345,0.4356524348258972,0.07182879000902176,1.3732408285140991,0.0,564.0,168,2,279,0,0,0,200,200,0
610,2440,722,106,723,3,right+B,0.06459426134824753,0.2687176764011383,0.1600288599729538,0.43486839532852173,0.07179073244333267,1.3745384216308594,-1.0,563.0,169,2,278,0,0,0,200,200,0
611,2444,722,89,723,3,right+B,0.06488142907619476,0.26942336559295654,0.16317765414714813,0.42999035120010376,0.0725272074341774,1.3798367977142334,0.0,563.0,170,2,278,0,0,0,200,200,0
612,2448,722,79,723,2,right+A,0.06366685032844543,0.2694973945617676,0.15841645002365112,0.43818268179893494,0.07023666799068451,1.3686885833740234,0.0,563.0,171,2,278,0,0,0,200,200,0
613,2452,722,79,723,3,right+B,0.0637584701180458,0.2685752511024475,0.15521694719791412,0.4431796073913574,0.06926978379487991,1.3633224964141846,0.0,563.0,172,2,278,0,0,0,200,200,0
614,2456,722,79,723,3,right+B,0.06334982067346573,0.2680603265762329,0.153621107339859,0.44627320766448975,0.0686955526471138,1.3595092296600342,0.0,563.0,173,2,278,0,0,0,200,200,0
615,2460,722,93,723,2,right+A,0.06301742047071457,0.26732781529426575,0.14952228963375092,0.4522886276245117,0.06784386187791824,1.3524190187454224,-1.0,562.0,174,2,277,0,0,0,200,200,0
616,2464,722,108,723,1,right,0.06445200741291046,0.27011191844940186,0.15792815387248993,0.435793399810791,0.07171458005905151,1.3726825714111328,0.0,562.0,175,2,277,0,0,0,200,200,0
617,2468,722,112,723,3,right+B,0.06438695639371872,0.26970866322517395,0.15663442015647888,0.43774548172950745,0.07152445614337921,1.3706988096237183,0.0,562.0,176,2,277,0,0,0,200,200,0
618,2472,722,106,723,3,right+B,0.06383225321769714,0.267728716135025,0.15509633719921112,0.4423932731151581,0.07094936817884445,1.3660099506378174,0.0,562.0,177,2,277,0,0,0,200,200,0
619,2476,722,89,723,2,right+A,0.06418322026729584,0.26830682158470154,0.15892349183559418,0.43658649921417236,0.07200003415346146,1.3728197813034058,0.0,562.0,178,2,277,0,0,0,200,200,0
620,2480,722,79,723,3,right+B,0.06396982073783875,0.26976367831230164,0.15808746218681335,0.4369255602359772,0.07125354558229446,1.3709194660186768,-1.0,561.0,179,2,276,0,0,0,200,200,0
621,2484,722,79,723,3,right+B,0.0639503002166748,0.26766592264175415,0.1557931900024414,0.4428039789199829,0.06978657841682434,1.3647977113723755,0.0,561.0,180,2,276,0,0,0,200,200,0
622,2488,722,79,723,3,right+B,0.06426353752613068,0.26823729276657104,0.1581791490316391,0.43980932235717773,0.06951076537370682,1.3676438331604004,0.0,561.0,181,2,276,0,0,0,200,200,0
623,2492,722,79,723,1,right,0.0643642395734787,0.2686792314052582,0.15612201392650604,0.44206613302230835,0.06876835227012634,1.3645594120025635,0.0,561.0,182,2,276,0,0,0,200,200,0
624,2496,722,79,723,3,right+B,0.06406207382678986,0.2686495780944824,0.15535849332809448,0.4433286488056183,0.06860113888978958,1.362851619720459,0.0,561.0,183,2,276,0,0,0,200,200,0
625,2500,722,79,723,3,right+B,0.0644681379199028,0.2694205045700073,0.15715163946151733,0.4389120936393738,0.07004767656326294,1.3685532808303833,-1.0,560.0,184,2,275,0,0,0,200,200,0
626,2504,722,79,723,3,right+B,0.0642273798584938,0.2692963182926178,0.15502598881721497,0.4419560134410858,0.06949426978826523,1.3648040294647217,0.0,560.0,185,2,275,0,0,0,200,200,0
627,2508,722,79,723,3,right+B,0.06363082677125931,0.26819029450416565,0.15031060576438904,0.44954198598861694,0.06832629442214966,1.3558530807495117,0.0,560.0,186,2,275,0,0,0,200,200,0
628,2512,722,93,723,2,right+A,0.0635940432548523,0.267517626285553,0.1506563425064087,0.44940826296806335,0.06882369518280029,1.3567464351654053,0.0,560.0,187,2,275,0,0,0,200,200,0
629,2516,722,109,723,4,right+A+B,0.06432966887950897,0.2684580981731415,0.15660420060157776,0.43881428241729736,0.0717938169836998,1.3704357147216797,0.0,560.0,188,2,275,0,0,0,200,200,0
630,2520,722,121,723,3,right+B,0.06454198807477951,0.2690505385398865,0.15562254190444946,0.43926745653152466,0.07151749730110168,1.3696177005767822,-1.0,559.0,189,2,274,0,0,0,200,200,0
631,2524,722,122,723,0,NOOP,0.06464775651693344,0.2690293490886688,0.15759284794330597,0.4359021484851837,0.07282793521881104,1.3741960525512695,0.0,559.0,190,2,274,0,0,0,200,200,0
632,2528,722,113,723,4,right+A+B,0.06427548080682755,0.2701951563358307,0.15775273740291595,0.4360123872756958,0.0717642530798912,1.3722963333129883,0.0,559.0,191,2,274,0,0,0,200,200,0
633,2532,722,94,723,2,right+A,0.06464055925607681,0.26915624737739563,0.15542025864124298,0.43971994519233704,0.07106294482946396,1.368821620941162,0.0,559.0,192,2,274,0,0,0,200,200,0
634,2536,722,79,723,3,right+B,0.06451654434204102,0.26962462067604065,0.15954388678073883,0.4334139823913574,0.07290095090866089,1.376328706741333,0.0,559.0,193,2,274,0,0,0,200,200,0
635,2540,722,93,723,4,right+A+B,0.0655982717871666,0.27181509137153625,0.16085651516914368,0.4296102821826935,0.0721198171377182,1.3793038129806519,-1.0,558.0,194,2,273,0,0,0,200,200,0
636,2544,722,108,723,1,right,0.06524380296468735,0.27160757780075073,0.16177575290203094,0.42919936776161194,0.07217351347208023,1.37953782081604,0.0,558.0,195,2,273,0,0,0,200,200,0
637,2548,722,112,723,4,right+A+B,0.06544719636440277,0.27134987711906433,0.15997661650180817,0.4302898049354553,0.07293647527694702,1.3793920278549194,0.0,558.0,196,2,273,0,0,0,200,200,0
638,2552,722,106,723,1,right,0.0648716390132904,0.27070173621177673,0.15590359270572662,0.43646159768104553,0.07206134498119354,1.3723211288452148,0.0,558.0,197,2,273,0,0,0,200,200,0
639,2556,722,89,723,1,right,0.06466957926750183,0.2700713574886322,0.1590648740530014,0.43302202224731445,0.07317222654819489,1.3768351078033447,0.0,558.0,198,2,273,0,0,0,200,200,0
640,2560,722,79,723,2,right+A,0.06360216438770294,0.2718241512775421,0.15460819005966187,0.4396430253982544,0.07032246142625809,1.3659186363220215,-1.0,557.0,199,2,272,0,0,0,200,200,0
641,2564,722,79,723,1,right,0.06320589035749435,0.26821738481521606,0.1504790484905243,0.449319064617157,0.06877859681844711,1.356069803237915,0.0,557.0,200,2,272,0,0,0,200,200,0
642,2568,722,79,723,3,right+B,0.06357627362012863,0.2693731486797333,0.1500585526227951,0.4480440020561218,0.06894795596599579,1.3572440147399902,0.0,557.0,201,2,272,0,0,0,200,200,0
643,2572,722,79,723,0,NOOP,0.06321302056312561,0.2695266604423523,0.14617820084095,0.4526270627975464,0.06845496594905853,1.3513689041137695,0.0,557.0,202,2,272,0,0,0,200,200,0
644,2576,722,79,723,3,right+B,0.0641820877790451,0.2707422077655792,0.15384741127490997,0.4400765895843506,0.0711517408490181,1.3672327995300293,0.0,557.0,203,2,272,0,0,0,200,200,0
645,2580,722,79,723,3,right+B,0.06312339007854462,0.27032211422920227,0.1508476436138153,0.4469647705554962,0.0687420442700386,1.3573133945465088,-1.0,556.0,204,2,271,0,0,0,200,200,0
646,2584,722,79,723,3,right+B,0.0628424733877182,0.2700032889842987,0.1487138271331787,0.45144110918045044,0.06699933856725693,1.3509624004364014,0.0,556.0,205,2,271,0,0,0,200,200,0
647,2588,722,79,723,3,right+B,0.06385364383459091,0.27319008111953735,0.15481014549732208,0.43888190388679504,0.06926427036523819,1.3653203248977661,0.0,556.0,206,2,271,0,0,0,200,200,0
648,2592,722,79,723,1,right,0.06390774250030518,0.27348560094833374,0.15707607567310333,0.43591052293777466,0.06962013244628906,1.3685553073883057,0.0,556.0,207,2,271,0,0,0,200,200,0
649,2596,722,79,723,3,right+B,0.06341445446014404,0.27338168025016785,0.16001029312610626,0.433816522359848,0.06937696039676666,1.370073914527893,0.0,556.0,208,2,271,0,0,0,200,200,0
650,2600,722,93,723,4,right+A+B,0.0646776482462883,0.27378034591674805,0.16186964511871338,0.4288499057292938,0.0708223357796669,1.3771238327026367,-1.0,555.0,209,2,270,0,0,0,200,200,0
651,2604,722,108,723,3,right+B,0.06568187475204468,0.27533212304115295,0.1638052612543106,0.4219519793987274,0.07322880625724792,1.3858201503753662,0.0,555.0,210,2,270,0,0,0,200,200,0
652,2608,722,112,723,3,right+B,0.06735280156135559,0.2771468758583069,0.16840851306915283,0.41117390990257263,0.07591789960861206,1.398488998413086,0.0,555.0,211,2,270,0,0,0,200,200,0
653,2612,722,106,723,3,right+B,0.06590607762336731,0.2729925513267517,0.16205032169818878,0.42481735348701477,0.07423371076583862,1.3853012323379517,0.0,555.0,212,2,270,0,0,0,200,200,0
654,2616,722,89,723,0,NOOP,0.06334933638572693,0.2707631289958954,0.15349741280078888,0.4428478479385376,0.069542296230793,1.3623063564300537,0.0,555.0,213,2,270,0,0,0,200,200,0
655,2620,722,79,723,0,NOOP,0.06371083110570908,0.27219173312187195,0.15207132697105408,0.4429844617843628,0.0690416693687439,1.361261248588562,-1.0,554.0,214,2,269,0,0,0,200,200,0
656,2624,722,79,723,1,right,0.06338709592819214,0.27050381898880005,0.15592052042484283,0.4396251142024994,0.07056351006031036,1.3666718006134033,0.0,554.0,215,2,269,0,0,0,200,200,0
657,2628,722,79,723,3,right+B,0.06445518136024475,0.27291467785835266,0.16355329751968384,0.4270341694355011,0.07204265147447586,1.3801281452178955,0.0,554.0,216,2,269,0,0,0,200,200,0
658,2632,722,93,723,2,right+A,0.06590650975704193,0.2738185226917267,0.16845738887786865,0.4186893105506897,0.07312817126512527,1.3897345066070557,0.0,554.0,217,2,269,0,0,0,200,200,0
659,2636,722,108,723,1,right,0.06616806238889694,0.2751200795173645,0.17361265420913696,0.4098036587238312,0.07529553025960922,1.3990380764007568,0.0,554.0,218,2,269,0,0,0,200,200,0
660,2640,722,112,723,2,right+A,0.06540386378765106,0.27442678809165955,0.1606658399105072,0.4272643029689789,0.07223914563655853,1.3801404237747192,-1.0,553.0,219,2,268,0,0,0,200,200,0
661,2644,722,106,723,2,right+A,0.06651481986045837,0.2756332755088806,0.1659843474626541,0.41638287901878357,0.07548465579748154,1.3934192657470703,0.0,553.0,220,2,268,0,0,0,200,200,0
662,2648,722,89,723,1,right,0.0665758028626442,0.2746332883834839,0.17159846425056458,0.409667044878006,0.07752543687820435,1.4015897512435913,0.0,553.0,221,2,268,0,0,0,200,200,0
663,2652,722,79,723,3,right+B,0.06462729722261429,0.2748248279094696,0.16567866504192352,0.4201861023902893,0.07468310743570328,1.3879239559173584,0.0,553.0,222,2,268,0,0,0,200,200,0
664,2656,722,79,723,3,right+B,0.06647928059101105,0.27659153938293457,0.1709643304347992,0.41031119227409363,0.07565367966890335,1.3984980583190918,0.0,553.0,223,2,268,0,0,0,200,200,0
665,2660,722,79,723,1,right,0.06574928760528564,0.2738933265209198,0.16572636365890503,0.42133617401123047,0.07329482585191727,1.3872489929199219,-1.0,552.0,224,2,267,0,0,0,200,200,0
666,2664,722,93,723,2,right+A,0.06375091522932053,0.27134963870048523,0.1529063880443573,0.44239822030067444,0.0695948526263237,1.3628437519073486,0.0,552.0,225,2,267,0,0,0,200,200,0
667,2668,722,108,723,3,right+B,0.06455135345458984,0.2732882499694824,0.15698571503162384,0.4347948431968689,0.070379838347435,1.3709914684295654,0.0,552.0,226,2,267,0,0,0,200,200,0
668,2672,722,112,723,3,right+B,0.06542903184890747,0.2768552601337433,0.1607503443956375,0.4238680303096771,0.07309731096029282,1.3828413486480713,0.0,552.0,227,2,267,0,0,0,200,200,0
669,2676,722,106,723,3,right+B,0.06423003226518631,0.2745927572250366,0.16076774895191193,0.4276849627494812,0.07272439450025558,1.378960371017456,0.0,552.0,228,2,267,0,0,0,200,200,0
670,2680,722,89,723,3,right+B,0.06549461930990219,0.2736106514930725,0.17318527400493622,0.411537766456604,0.07617171108722687,1.3983092308044434,-1.0,551.0,229,2,266,0,0,0,200,200,0
671,2684,722,79,723,4,right+A+B,0.06407838314771652,0.2733626961708069,0.16471637785434723,0.4255213141441345,0.07232126593589783,1.3812193870544434,0.0,551.0,230,2,266,0,0,0,200,200,0
672,2688,722,79,723,1,right,0.0643996074795723,0.2716299891471863,0.16304881870746613,0.4297424256801605,0.07117915153503418,1.3774093389511108,0.0,551.0,231,2,266,0,0,0,200,200,0
673,2692,722,79,723,3,right+B,0.06530983000993729,0.27498510479927063,0.16798774898052216,0.4185384511947632,0.07317887991666794,1.3887821435928345,0.0,551.0,232,2,266,0,0,0,200,200,0
674,2696,722,93,723,2,right+A,0.06389735639095306,0.27230530977249146,0.1560850292444229,0.4372294843196869,0.07048279792070389,1.368543028831482,0.0,551.0,233,2,266,0,0,0,200,200,0
675,2700,722,108,723,1,right,0.065597303211689,0.27419188618659973,0.1605757623910904,0.426170289516449,0.0734647810459137,1.3824776411056519,-1.0,550.0,234,2,265,0,0,0,200,200,0
676,2704,722,112,723,3,right+B,0.06522806733846664,0.27359864115715027,0.15900589525699615,0.4291509687900543,0.07301639765501022,1.379183292388916,0.0,550.0,235,2,265,0,0,0,200,200,0
677,2708,722,106,723,3,right+B,0.06394150108098984,0.2708047926425934,0.1558968722820282,0.4374147057533264,0.07194214314222336,1.3703675270080566,0.0,550.0,236,2,265,0,0,0,200,200,0
678,2712,722,89,723,4,right+A+B,0.06269578635692596,0.2697600722312927,0.15291431546211243,0.4436415135860443,0.07098831236362457,1.362579107284546,0.0,550.0,237,2,265,0,0,0,200,200,0
679,2716,722,79,723,3,right+B,0.060797467827796936,0.2694011926651001,0.14584355056285858,0.45603257417678833,0.06792515516281128,1.3451077938079834,0.0,550.0,238,2,265,0,0,0,200,200,0
680,2720,722,79,723,3,right+B,0.062216244637966156,0.2698609530925751,0.1475885659456253,0.4515862762928009,0.06874796003103256,1.3517107963562012,-1.0,549.0,239,2,264,0,0,0,200,200,0
681,2724,722,79,723,0,NOOP,0.06334111094474792,0.26970669627189636,0.15157102048397064,0.44593071937561035,0.06945047527551651,1.3595346212387085,0.0,549.0,240,2,264,0,0,0,200,200,0
682,2728,722,93,723,2,right+A,0.06395905464887619,0.27036795020103455,0.15411488711833954,0.44171440601348877,0.06984368711709976,1.3645033836364746,0.0,549.0,241,2,264,0,0,0,200,200,0
683,2732,722,108,723,3,right+B,0.06465380638837814,0.2715580463409424,0.15965107083320618,0.4321557581424713,0.07198131829500198,1.3759608268737793,0.0,549.0,242,2,264,0,0,0,200,200,0
684,2736,722,112,723,3,right+B,0.06443345546722412,0.2700388729572296,0.15631599724292755,0.43826326727867126,0.07094837725162506,1.3695738315582275,0.0,549.0,243,2,264,0,0,0,200,200,0
685,2740,722,106,723,0,NOOP,0.064529649913311,0.2702002227306366,0.1573757827281952,0.43532896041870117,0.07256543636322021,1.3738417625427246,-1.0,548.0,244,2,263,0,0,0,200,200,0
686,2744,722,89,723,1,right,0.06475891172885895,0.27013280987739563,0.1609160453081131,0.4302622973918915,0.07392995804548264,1.380211591720581,0.0,548.0,245,2,263,0,0,0,200,200,0
687,2748,722,79,723,3,right+B,0.06407680362462997,0.27127209305763245,0.15808649361133575,0.43440189957618713,0.07216272503137589,1.3734827041625977,0.0,548.0,246,2,263,0,0,0,200,200,0
688,2752,722,79,723,1,right,0.06414688378572464,0.26942363381385803,0.15409785509109497,0.44118738174438477,0.07114432007074356,1.3667694330215454,0.0,548.0,247,2,263,0,0,0,200,200,0
689,2756,722,93,723,4,right+A+B,0.06349645555019379,0.268174946308136,0.1518566608428955,0.44682958722114563,0.06964234262704849,1.3597266674041748,0.0,548.0,248,2,263,0,0,0,200,200,0
690,2760,722,109,723,4,right+A+B,0.06387588381767273,0.26867222785949707,0.15250466763973236,0.4440212845802307,0.07092594355344772,1.3637826442718506,-1.0,547.0,249,2,262,0,0,0,200,200,0
691,2764,722,121,723,3,right+B,0.06456691771745682,0.26954877376556396,0.15443623065948486,0.4396248161792755,0.07182315737009048,1.3692277669906616,0.0,547.0,250,2,262,0,0,0,200,200,0
692,2768,722,122,723,1,right,0.06492990255355835,0.26957905292510986,0.1610705703496933,0.43053749203681946,0.07388294488191605,1.3803457021713257,0.0,547.0,251,2,262,0,0,0,200,200,0
693,2772,722,113,723,0,NOOP,0.06389079988002777,0.27004411816596985,0.15810635685920715,0.4359934329986572,0.0719652771949768,1.3722076416015625,0.0,547.0,252,2,262,0,0,0,200,200,0
694,2776,722,94,723,3,right+B,0.06467816233634949,0.27014973759651184,0.15906968712806702,0.4341444671154022,0.07195792347192764,1.3747227191925049,0.0,547.0,253,2,262,0,0,0,200,200,0
695,2780,722,79,723,3,right+B,0.06402505189180374,0.26927313208580017,0.15948623418807983,0.43456608057022095,0.07264948636293411,1.3747156858444214,-1.0,546.0,254,2,261,0,0,0,200,200,0
696,2784,722,93,723,4,right+A+B,0.0642533004283905,0.26908567547798157,0.15641707181930542,0.4396481513977051,0.0705958902835846,1.368224024772644,0.0,546.0,255,2,261,0,0,0,200,200,0
697,2788,722,108,723,3,right+B,0.06493391841650009,0.2716429829597473,0.16200315952301025,0.4286404252052307,0.07277950644493103,1.3802685737609863,0.0,546.0,256,2,261,0,0,0,200,200,0
698,2792,722,112,723,2,right+A,0.06486574560403824,0.27049776911735535,0.16133230924606323,0.4303193688392639,0.07298482209444046,1.3793216943740845,0.0,546.0,257,2,261,0,0,0,200,200,0
699,2796,722,106,723,1,right,0.06354109942913055,0.26743391156196594,0.1547117531299591,0.4439670443534851,0.07034619897603989,1.363784670829773,0.0,546.0,258,2,261,0,0,0,200,200,0
700,2800,722,89,723,3,right+B,0.0643182247877121,0.26869380474090576,0.15985214710235596,0.43479079008102417,0.07234503328800201,1.3748195171356201,-1.0,545.0,259,2,260,0,0,0,200,200,0
701,2804,722,79,723,3,right+B,0.0633188784122467,0.2688319683074951,0.15555498003959656,0.4418639540672302,0.07043016701936722,1.3650935888290405,0.0,545.0,260,2,260,0,0,0,200,200,0
702,2808,722,79,723,3,right+B,0.0633365586400032,0.2671193778514862,0.15259531140327454,0.44781583547592163,0.06913284957408905,1.358718752861023,0.0,545.0,261,2,260,0,0,0,200,200,0
703,2812,722,79,723,3,right+B,0.06305989623069763,0.2671147286891937,0.15189383924007416,0.44916003942489624,0.06877151131629944,1.3567397594451904,0.0,545.0,262,2,260,0,0,0,200,200,0
704,2816,722,79,723,1,right,0.06319825351238251,0.2674783170223236,0.15062668919563293,0.44995811581611633,0.06873857975006104,1.3557584285736084,0.0,545.0,263,2,260,0,0,0,200,200,0
705,2820,722,79,723,3,right+B,0.06355267763137817,0.2680615782737732,0.15280304849147797,0.446044921875,0.06953784078359604,1.3606019020080566,-1.0,544.0,264,2,259,0,0,0,200,200,0
706,2824,722,79,723,3,right+B,0.06418586522340775,0.268465518951416,0.15681986510753632,0.4398529529571533,0.070675790309906,1.3683512210845947,0.0,544.0,265,2,259,0,0,0,200,200,0
707,2828,722,79,723,3,right+B,0.06414925307035446,0.2694314420223236,0.15689273178577423,0.4391601085662842,0.07036641985177994,1.3682641983032227,0.0,544.0,266,2,259,0,0,0,200,200,0
708,2832,722,93,723,4,right+A+B,0.06331087648868561,0.26836779713630676,0.15251196920871735,0.44722995162010193,0.06857940554618835,1.3581840991973877,0.0,544.0,267,2,259,0,0,0,200,200,0
709,2836,722,108,723,1,right,0.06434100866317749,0.27053019404411316,0.15945316851139069,0.4338246285915375,0.07185105234384537,1.3744523525238037,0.0,544.0,268,2,259,0,0,0,200,200,0
710,2840,722,112,723,3,right+B,0.06423807889223099,0.2702130377292633,0.15680091083049774,0.43719667196273804,0.07155133038759232,1.370876431465149,-1.0,543.0,269,2,258,0,0,0,200,200,0
711,2844,722,106,723,3,right+B,0.06345273554325104,0.2678894102573395,0.15402334928512573,0.4437779188156128,0.07085654139518738,1.3640544414520264,0.0,543.0,270,2,258,0,0,0,200,200,0
712,2848,722,89,723,1,right,0.0637926235795021,0.2684488296508789,0.15702344477176666,0.4387415647506714,0.07199353724718094,1.370190143585205,0.0,543.0,271,2,258,0,0,0,200,200,0
713,2852,722,79,723,0,NOOP,0.06308095157146454,0.26875966787338257,0.15395265817642212,0.4437221884727478,0.07048449665307999,1.3630096912384033,0.0,543.0,272,2,258,0,0,0,200,200,0
714,2856,722,79,723,1,right,0.0631481409072876,0.2673526704311371,0.15172693133354187,0.44807153940200806,0.06970071792602539,1.3585916757583618,0.0,543.0,273,2,258,0,0,0,200,200,0
715,2860,722,79,723,3,right+B,0.06290194392204285,0.2667566239833832,0.15058904886245728,0.4507206380367279,0.06903170049190521,1.3553078174591064,-1.0,542.0,274,2,257,0,0,0,200,200,0
716,2864,722,79,723,3,right+B,0.06352236866950989,0.26662105321884155,0.15223872661590576,0.4476654529571533,0.06995229423046112,1.3599658012390137,0.0,542.0,275,2,257,0,0,0,200,200,0
717,2868,722,79,723,1,right,0.06369592994451523,0.2684771418571472,0.15403006970882416,0.4438130855560303,0.06998372822999954,1.3632234334945679,0.0,542.0,276,2,257,0,0,0,200,200,0
718,2872,722,79,723,3,right+B,0.06372858583927155,0.2682330310344696,0.15307030081748962,0.4460311532020569,0.06893683969974518,1.3601977825164795,0.0,542.0,277,2,257,0,0,0,200,200,0
719,2876,722,79,723,3,right+B,0.06446943432092667,0.2688712775707245,0.1584233045578003,0.43753287196159363,0.07070315629243851,1.3707857131958008,0.0,542.0,278,2,257,0,0,0,200,200,0
720,2880,722,79,723,3,right+B,0.06389209628105164,0.2686072587966919,0.15616075694561005,0.44198721647262573,0.06935258954763412,1.3647370338439941,-1.0,541.0,279,2,256,0,0,0,200,200,0
721,2884,722,79,723,3,right+B,0.06365601718425751,0.2694454491138458,0.1531110256910324,0.4449940025806427,0.06879346817731857,1.3604451417922974,0.0,541.0,280,2,256,0,0,0,200,200,0
722,2888,722,79,723,3,right+B,0.06357426941394806,0.26851963996887207,0.15282538533210754,0.44604021310806274,0.06904049962759018,1.3599745035171509,0.0,541.0,281,2,256,0,0,0,200,200,0
723,2892,722,79,723,1,right,0.0639176219701767,0.26826292276382446,0.1541517823934555,0.4436904191970825,0.06997719407081604,1.3636622428894043,0.0,541.0,282,2,256,0,0,0,200,200,0
724,2896,722,79,723,1,right,0.06396117806434631,0.26898524165153503,0.15348005294799805,0.44364798069000244,0.06992550194263458,1.3633018732070923,0.0,541.0,283,2,256,0,0,0,200,200,0
725,2900,722,79,723,3,right+B,0.06338731199502945,0.2676963210105896,0.14973607659339905,0.4506695568561554,0.0685107484459877,1.354836106300354,-1.0,540.0,284,2,255,0,0,0,200,200,0
726,2904,722,79,723,3,right+B,0.06332480162382126,0.2674386501312256,0.15015031397342682,0.45062771439552307,0.06845854222774506,1.3549365997314453,0.0,540.0,285,2,255,0,0,0,200,200,0
727,2908,722,79,723,3,right+B,0.06346876919269562,0.2666473984718323,0.1498708575963974,0.45101508498191833,0.06899790465831757,1.3555116653442383,0.0,540.0,286,2,255,0,0,0,200,200,0
728,2912,722,79,723,1,right,0.06374762207269669,0.26771053671836853,0.15294751524925232,0.4455726742744446,0.07002158463001251,1.3618543148040771,0.0,540.0,287,2,255,0,0,0,200,200,0
729,2916,722,79,723,3,right+B,0.06345560401678085,0.2674657702445984,0.15020321309566498,0.4503100514411926,0.06856542825698853,1.3554668426513672,0.0,540.0,288,2,255,0,0,0,200,200,0
730,2920,722,93,723,4,right+A+B,0.0639788880944252,0.2675129175186157,0.1534169763326645,0.44562864303588867,0.0694625973701477,1.3616673946380615,-1.0,539.0,289,2,254,0,0,0,200,200,0
731,2924,722,108,723,3,right+B,0.06522772461175919,0.26935094594955444,0.16071702539920807,0.432071328163147,0.07263302057981491,1.378237247467041,0.0,539.0,290,2,254,0,0,0,200,200,0
732,2928,722,112,723,2,right+A,0.06449771672487259,0.2686951756477356,0.1561814248561859,0.43978986144065857,0.07083584368228912,1.3686964511871338,0.0,539.0,291,2,254,0,0,0,200,200,0
733,2932,722,106,723,3,right+B,0.06408859044313431,0.2683449685573578,0.1541888415813446,0.4426009953022003,0.07077664136886597,1.365544319152832,0.0,539.0,292,2,254,0,0,0,200,200,0
734,2936,722,89,723,4,right+A+B,0.06475315988063812,0.26972973346710205,0.16039450466632843,0.43179216980934143,0.07333045452833176,1.3784377574920654,0.0,539.0,293,2,254,0,0,0,200,200,0
735,2940,722,79,723,3,right+B,0.06418383121490479,0.27135100960731506,0.15650080144405365,0.43659383058547974,0.07137054949998856,1.370681643486023,-1.0,538.0,294,2,253,0,0,0,200,200,0
736,2944,722,79,723,1,right,0.06392887234687805,0.2682691216468811,0.150710791349411,0.4474305510520935,0.06966058909893036,1.3594095706939697,0.0,538.0,295,2,253,0,0,0,200,200,0
737,2948,722,79,723,0,NOOP,0.06388172507286072,0.26865482330322266,0.15197579562664032,0.4455172121524811,0.06997039914131165,1.361457347869873,0.0,538.0,296,2,253,0,0,0,200,200,0
738,2952,722,79,723,3,right+B,0.06410719454288483,0.269542396068573,0.1499316245317459,0.4460979700088501,0.07032082229852676,1.360777497291565,0.0,538.0,297,2,253,0,0,0,200,200,0
739,2956,722,79,723,3,right+B,0.06359268724918365,0.2697412967681885,0.1514662355184555,0.44538530707359314,0.06981440633535385,1.360605001449585,0.0,538.0,298,2,253,0,0,0,200,200,0
740,2960,722,79,723,0,NOOP,0.06352254003286362,0.2697736322879791,0.15140259265899658,0.44637346267700195,0.0689278319478035,1.3587661981582642,-1.0,537.0,299,2,252,0,0,0,200,200,0
741,2964,722,79,723,1,right,0.06387346982955933,0.2703792154788971,0.15126846730709076,0.4451921582221985,0.06928668171167374,1.360276460647583,0.0,537.0,300,2,252,0,0,0,200,200,0
742,2968,722,93,723,2,right+A,0.06490254402160645,0.2719874083995819,0.1540966033935547,0.4386613965034485,0.07035209983587265,1.3680157661437988,0.0,537.0,301,2,252,0,0,0,200,200,0
743,2972,722,108,723,3,right+B,0.06447844207286835,0.27045875787734985,0.15684817731380463,0.4365648329257965,0.07164978981018066,1.3716809749603271,0.0,537.0,302,2,252,0,0,0,200,200,0
744,2976,722,112,723,3,right+B,0.06372734904289246,0.2713395059108734,0.15653502941131592,0.4374823570251465,0.07091571390628815,1.3690083026885986,0.0,537.0,303,2,252,0,0,0,200,200,0
745,2980,722,106,723,3,right+B,0.06260921061038971,0.2708151340484619,0.15353041887283325,0.4431667625904083,0.06987849622964859,1.3615448474884033,-1.0,536.0,304,2,251,0,0,0,200,200,0
746,2984,722,89,723,1,right,0.0626436248421669,0.27003762125968933,0.15247786045074463,0.44488197565078735,0.06995893269777298,1.3602538108825684,0.0,536.0,305,2,251,0,0,0,200,200,0
747,2988,722,79,723,3,right+B,0.06330683827400208,0.27368834614753723,0.1557132452726364,0.43563732504844666,0.07165415585041046,1.3697978258132935,0.0,536.0,306,2,251,0,0,0,200,200,0
748,2992,722,79,723,3,right+B,0.06330186873674393,0.2722073495388031,0.15556606650352478,0.43850263953208923,0.07042205333709717,1.366700291633606,0.0,536.0,307,2,251,0,0,0,200,200,0
749,2996,722,93,723,2,right+A,0.06411568820476532,0.27252376079559326,0.16293154656887054,0.4294703006744385,0.07095872610807419,1.3767681121826172,0.0,536.0,308,2,251,0,0,0,200,200,0
750,3000,722,108,723,0,NOOP,0.06475064158439636,0.27295976877212524,0.15979349613189697,0.4304770529270172,0.07201903313398361,1.3769985437393188,-1.0,535.0,309,2,250,0,0,0,200,200,0
751,3004,722,112,723,4,right+A+B,0.06579136848449707,0.2749902009963989,0.16652004420757294,0.4175957441329956,0.07510262727737427,1.3916590213775635,0.0,535.0,310,2,250,0,0,0,200,200,0
752,3008,722,106,723,3,right+B,0.06702383607625961,0.2754710018634796,0.1694561094045639,0.4110892415046692,0.0769597738981247,1.3999119997024536,0.0,535.0,311,2,250,0,0,0,200,200,0
753,3012,722,89,723,3,right+B,0.06525475531816483,0.27336248755455017,0.16375668346881866,0.42392048239707947,0.0737055316567421,1.384959101676941,0.0,535.0,312,2,250,0,0,0,200,200,0
754,3016,722,79,723,3,right+B,0.06374355405569077,0.27262425422668457,0.15417508780956268,0.4403183162212372,0.06913882493972778,1.3639421463012695,0.0,535.0,313,2,250,0,0,0,200,200,0
755,3020,722,79,723,3,right+B,0.0651942640542984,0.27338382601737976,0.15941326320171356,0.43104755878448486,0.0709611251950264,1.3757532835006714,-1.0,534.0,314,2,249,0,0,0,200,200,0
756,3024,722,79,723,1,right,0.06316918134689331,0.2713897228240967,0.16109584271907806,0.4343335032463074,0.0700116902589798,1.3709142208099365,0.0,534.0,315,2,249,0,0,0,200,200,0
757,3028,722,79,723,1,right,0.06517092138528824,0.27516818046569824,0.165959432721138,0.42109373211860657,0.07260783016681671,1.3857308626174927,0.0,534.0,316,2,249,0,0,0,200,200,0
758,3032,722,79,723,1,right,0.06509504467248917,0.2748465836048126,0.16523459553718567,0.42125004529953003,0.07357381284236908,1.3864672183990479,0.0,534.0,317,2,249,0,0,0,200,200,0
759,3036,722,79,723,1,right,0.06324261426925659,0.27129411697387695,0.15705816447734833,0.43750396370887756,0.07090113312005997,1.3685613870620728,0.0,534.0,318,2,249,0,0,0,200,200,0
760,3040,722,79,723,3,right+B,0.065403513610363,0.2746230959892273,0.158266082406044,0.4287540912628174,0.07295320183038712,1.379124402999878,-1.0,533.0,319,2,248,0,0,0,200,200,0
761,3044,722,79,723,1,right,0.06546764075756073,0.27447861433029175,0.1606990396976471,0.42554306983947754,0.0738115981221199,1.3830899000167847,0.0,533.0,320,2,248,0,0,0,200,200,0
762,3048,722,93,723,2,right+A,0.06529512256383896,0.2748414874076843,0.16691233217716217,0.4176693260669708,0.07528171688318253,1.3913453817367554,0.0,533.0,321,2,248,0,0,0,200,200,0
763,3052,722,108,723,1,right,0.06573347002267838,0.2745870351791382,0.17134098708629608,0.41149091720581055,0.07684757560491562,1.3986753225326538,0.0,533.0,322,2,248,0,0,0,200,200,0
764,3056,722,112,723,3,right+B,0.06693348288536072,0.2770095765590668,0.17287947237491608,0.40557727217674255,0.07760024070739746,1.4043924808502197,0.0,533.0,323,2,248,0,0,0,200,200,0
765,3060,722,106,723,2,right+A,0.06400395184755325,0.27058693766593933,0.1539582908153534,0.44002386927604675,0.07142689824104309,1.3674315214157104,-1.0,532.0,324,2,247,0,0,0,200,200,0
766,3064,722,89,723,2,right+A,0.06488235294818878,0.27350491285324097,0.16162170469760895,0.42796435952186584,0.07202664762735367,1.3793033361434937,0.0,532.0,325,2,247,0,0,0,200,200,0
767,3068,722,79,723,2,right+A,0.06508399546146393,0.27653518319129944,0.16261975467205048,0.4232357144355774,0.07252542674541473,1.3828531503677368,0.0,532.0,326,2,247,0,0,0,200,200,0
768,3072,722,79,723,3,right+B,0.06346961110830307,0.27464139461517334,0.16047941148281097,0.43105781078338623,0.07035179436206818,1.3729972839355469,0.0,532.0,327,2,247,0,0,0,200,200,0
769,3076,722,93,723,4,right+A+B,0.0643700584769249,0.274342805147171,0.16648724675178528,0.42209532856941223,0.0727045089006424,1.3845385313034058,0.0,532.0,328,2,247,0,0,0,200,200,0
770,3080,722,108,723,3,right+B,0.06383957713842392,0.2723110616207123,0.16157086193561554,0.43071407079696655,0.07156434655189514,1.3759067058563232,-1.0,531.0,329,2,246,0,0,0,200,200,0
771,3084,722,112,723,4,right+A+B,0.0647263452410698,0.2734166383743286,0.16155356168746948,0.42711618542671204,0.07318723946809769,1.3809608221054077,0.0,531.0,330,2,246,0,0,0,200,200,0
772,3088,722,106,723,1,right,0.06474274396896362,0.2736360430717468,0.164419025182724,0.42206406593322754,0.07513806968927383,1.3872356414794922,0.0,531.0,331,2,246,0,0,0,200,200,0
773,3092,722,89,723,3,right+B,0.06462612748146057,0.273299902677536,0.16270500421524048,0.4246266484260559,0.07474236935377121,1.3845546245574951,0.0,531.0,332,2,246,0,0,0,200,200,0
774,3096,722,79,723,2,right+A,0.06377943605184555,0.2720331847667694,0.1539585143327713,0.4386342465877533,0.07159464806318283,1.3680003881454468,0.0,531.0,333,2,246,0,0,0,200,200,0
775,3100,722,79,723,4,right+A+B,0.06403584778308868,0.27085641026496887,0.1550832837820053,0.43898430466651917,0.07104022055864334,1.3680959939956665,-1.0,530.0,334,2,245,0,0,0,200,200,0
776,3104,722,79,723,3,right+B,0.0636700838804245,0.2712891101837158,0.15639238059520721,0.43839484453201294,0.07025354355573654,1.367518424987793,0.0,530.0,335,2,245,0,0,0,200,200,0
777,3108,722,79,723,1,right,0.06295885145664215,0.2708931267261505,0.1498449742794037,0.44735848903656006,0.06894451379776001,1.3565640449523926,0.0,530.0,336,2,245,0,0,0,200,200,0
778,3112,722,79,723,3,right+B,0.061638250946998596,0.27035149931907654,0.14815488457679749,0.4521816372871399,0.06767379492521286,1.3494162559509277,0.0,530.0,337,2,245,0,0,0,200,200,0
779,3116,722,79,723,1,right,0.06300250440835953,0.27085813879966736,0.15257923305034637,0.44328662753105164,0.0702734887599945,1.3620514869689941,0.0,530.0,338,2,245,0,0,0,200,200,0
780,3120,722,79,723,1,right,0.06332875788211823,0.27132460474967957,0.1526218056678772,0.44281435012817383,0.06991051137447357,1.3622925281524658,-1.0,529.0,339,2,244,0,0,0,200,200,0
781,3124,722,79,723,3,right+B,0.06332891434431076,0.27103719115257263,0.15147671103477478,0.444234162569046,0.06992296874523163,1.3609484434127808,0.0,529.0,340,2,244,0,0,0,200,200,0
782,3128,722,79,723,1,right,0.06294101476669312,0.2697746753692627,0.14955513179302216,0.4485742151737213,0.06915492564439774,1.3560398817062378,0.0,529.0,341,2,244,0,0,0,200,200,0
783,3132,722,79,723,1,right,0.06285043060779572,0.26788657903671265,0.14950129389762878,0.45052874088287354,0.0692330002784729,1.3549776077270508,0.0,529.0,342,2,244,0,0,0,200,200,0
784,3136,722,79,723,1,right,0.06376516073942184,0.2696596682071686,0.1521225869655609,0.44369059801101685,0.07076199352741241,1.3633521795272827,0.0,529.0,343,2,244,0,0,0,200,200,0
785,3140,722,79,723,1,right,0.0633009523153305,0.26819342374801636,0.14889264106750488,0.4495646357536316,0.07004836201667786,1.3568713665008545,-1.0,528.0,344,2,243,0,0,0,200,200,0
786,3144,722,93,723,2,right+A,0.06408768147230148,0.26942873001098633,0.1536446511745453,0.44117471575737,0.07166425883769989,1.3671271800994873,0.0,528.0,345,2,243,0,0,0,200,200,0
787,3148,722,108,723,1,right,0.06466498970985413,0.27022939920425415,0.1584683358669281,0.43234625458717346,0.07429099828004837,1.3782825469970703,0.0,528.0,346,2,243,0,0,0,200,200,0
788,3152,722,112,723,4,right+A+B,0.06457532197237015,0.2705037295818329,0.15607158839702606,0.43534621596336365,0.07350308448076248,1.3744146823883057,0.0,528.0,347,2,243,0,0,0,200,200,0
789,3156,722,106,723,3,right+B,0.06384936720132828,0.26783496141433716,0.15347284078598022,0.44290217757225037,0.0719405859708786,1.366193175315857,0.0,528.0,348,2,243,0,0,0,200,200,0
790,3160,722,89,723,3,right+B,0.06473638117313385,0.2681233882904053,0.1599561721086502,0.4341714680194855,0.0730125829577446,1.3766400814056396,-1.0,527.0,349,2,242,0,0,0,200,200,0
791,3164,722,79,723,1,right,0.06399157643318176,0.2696011960506439,0.15796659886837006,0.4377065896987915,0.07073405385017395,1.3698149919509888,0.0,527.0,350,2,242,0,0,0,200,200,0
792,3168,722,79,723,1,right,0.06310347467660904,0.2665781080722809,0.15249058604240417,0.44953176379203796,0.06829612702131271,1.3562979698181152,0.0,527.0,351,2,242,0,0,0,200,200,0
793,3172,722,79,723,1,right,0.06331277638673782,0.2680072784423828,0.15391694009304047,0.4455554485321045,0.06920763850212097,1.3606805801391602,0.0,527.0,352,2,242,0,0,0,200,200,0
794,3176,722,79,723,1,right,0.0627831220626831,0.2665908932685852,0.14945387840270996,0.4524965286254883,0.06867558509111404,1.3530652523040771,0.0,527.0,353,2,242,0,0,0,200,200,0
795,3180,722,79,723,1,right,0.0630275309085846,0.26734596490859985,0.14920276403427124,0.45159927010536194,0.06882443279027939,1.3539472818374634,-1.0,526.0,354,2,241,0,0,0,200,200,0
796,3184,722,79,723,1,right,0.06372227519750595,0.26826420426368713,0.15214623510837555,0.44563281536102295,0.07023447006940842,1.3616211414337158,0.0,526.0,355,2,241,0,0,0,200,200,0
797,3188,722,79,723,1,right,0.06363925337791443,0.2685037851333618,0.1527542769908905,0.4450657367706299,0.07003701478242874,1.3618677854537964,0.0,526.0,356,2,241,0,0,0,200,200,0
798,3192,722,79,723,1,right,0.06323352456092834,0.26752927899360657,0.15014909207820892,0.4501591622829437,0.06892897933721542,1.3556879758834839,0.0,526.0,357,2,241,0,0,0,200,200,0
799,3196,722,79,723,3,right+B,0.06310226768255234,0.2671884596347809,0.15092268586158752,0.4497382640838623,0.06904830038547516,1.3563237190246582,0.0,526.0,358,2,241,0,0,0,200,200,0
800,3200,722,79,723,1,right,0.06385169178247452,0.2680380046367645,0.1539013683795929,0.44390514492988586,0.0703037828207016,1.3637584447860718,-1.0,525.0,359,2,240,0,0,0,200,200,0
801,3204,722,93,723,2,right+A,0.06368051469326019,0.26830288767814636,0.15488508343696594,0.44293513894081116,0.07019636780023575,1.3643996715545654,0.0,525.0,360,2,240,0,0,0,200,200,0
802,3208,722,108,723,3,right+B,0.0645361915230751,0.26992303133010864,0.1596880853176117,0.43411436676979065,0.0717383623123169,1.374569296836853,0.0,525.0,361,2,240,0,0,0,200,200,0
803,3212,722,112,723,2,right+A,0.0649213194847107,0.2706351578235626,0.16147668659687042,0.4304013252258301,0.07256541401147842,1.3788864612579346,0.0,525.0,362,2,240,0,0,0,200,200,0
804,3216,722,106,723,3,right+B,0.0636223703622818,0.26783451437950134,0.15732355415821075,0.44015875458717346,0.07106079906225204,1.3681731224060059,0.0,525.0,363,2,240,0,0,0,200,200,0
805,3220,722,89,723,3,right+B,0.06396542489528656,0.2691443860530853,0.16021357476711273,0.43421560525894165,0.0724610835313797,1.3749297857284546,-1.0,524.0,364,2,239,0,0,0,200,200,0
806,3224,722,79,723,3,right+B,0.0632595345377922,0.2695736885070801,0.15617112815380096,0.44004151225090027,0.07095423340797424,1.366944432258606,0.0,524.0,365,2,239,0,0,0,200,200,0
807,3228,722,79,723,3,right+B,0.06289955228567123,0.26713523268699646,0.15117478370666504,0.44986414909362793,0.06892623752355576,1.3559437990188599,0.0,524.0,366,2,239,0,0,0,200,200,0
808,3232,722,79,723,0,NOOP,0.0629049688577652,0.2674529552459717,0.15115009248256683,0.44981393218040466,0.06867805123329163,1.3556267023086548,0.0,524.0,367,2,239,0,0,0,200,200,0
809,3236,722,79,723,0,NOOP,0.06284801661968231,0.2671510577201843,0.14801035821437836,0.4540516138076782,0.06793898344039917,1.3504879474639893,0.0,524.0,368,2,239,0,0,0,200,200,0
810,3240,722,93,723,2,right+A,0.06358521431684494,0.268659770488739,0.15075968205928802,0.44754016399383545,0.06945515424013138,1.3586102724075317,-1.0,523.0,369,2,238,0,0,0,200,200,0
811,3244,722,108,723,1,right,0.06417791545391083,0.26909080147743225,0.15602236986160278,0.43908536434173584,0.07162357121706009,1.3695451021194458,0.0,523.0,370,2,238,0,0,0,200,200,0
812,3248,722,112,723,4,right+A+B,0.06433641165494919,0.26971670985221863,0.15646158158779144,0.43763694167137146,0.07184835523366928,1.37101411819458,0.0,523.0,371,2,238,0,0,0,200,200,0
813,3252,722,106,723,4,right+A+B,0.0638139471411705,0.2677895426750183,0.15566183626651764,0.4416314661502838,0.07110321521759033,1.3668776750564575,0.0,523.0,372,2,238,0,0,0,200,200,0
814,3256,722,89,723,3,right+B,0.06451477110385895,0.26879051327705383,0.16123130917549133,0.4331499934196472,0.07231336832046509,1.3765555620193481,0.0,523.0,373,2,238,0,0,0,200,200,0
815,3260,722,79,723,1,right,0.06405029445886612,0.2701685130596161,0.15927812457084656,0.43552523851394653,0.0709778368473053,1.3719717264175415,-1.0,522.0,374,2,237,0,0,0,200,200,0
816,3264,722,79,723,1,right,0.06357073783874512,0.2676865756511688,0.1551024466753006,0.44481170177459717,0.0688285231590271,1.3615680932998657,0.0,522.0,375,2,237,0,0,0,200,200,0
817,3268,722,79,723,3,right+B,0.0634976178407669,0.26861289143562317,0.1543799787759781,0.4447595477104187,0.06875000894069672,1.360985279083252,0.0,522.0,376,2,237,0,0,0,200,200,0
818,3272,722,93,723,2,right+A,0.0631425753235817,0.2677652835845947,0.15071053802967072,0.4503324031829834,0.06804930418729782,1.3545912504196167,0.0,522.0,377,2,237,0,0,0,200,200,0
819,3276,722,109,723,2,right+A,0.06426757574081421,0.26989197731018066,0.157791405916214,0.4365767240524292,0.07147228717803955,1.3716471195220947,0.0,522.0,378,2,237,0,0,0,200,200,0
820,3280,722,121,723,0,NOOP,0.06448043137788773,0.2701944410800934,0.15702058374881744,0.43653443455696106,0.07177004218101501,1.3719521760940552,-1.0,521.0,379,2,236,0,0,0,200,200,0
821,3284,722,122,723,2,right+A,0.06460247933864594,0.26949065923690796,0.16045242547988892,0.4316352903842926,0.07381915301084518,1.3789613246917725,0.0,521.0,380,2,236,0,0,0,200,200,0
822,3288,722,113,723,1,right,0.06382593512535095,0.2704852521419525,0.1585087925195694,0.43521279096603394,0.07196716964244843,1.372704267501831,0.0,521.0,381,2,236,0,0,0,200,200,0
823,3292,722,94,723,3,right+B,0.06440559774637222,0.27003175020217896,0.15574248135089874,0.4386018216609955,0.07121835649013519,1.369415521621704,0.0,521.0,382,2,236,0,0,0,200,200,0
824,3296,722,79,723,4,right+A+B,0.06401660293340683,0.2700851261615753,0.15796791017055511,0.43547430634498596,0.07245606929063797,1.3732106685638428,0.0,521.0,383,2,236,0,0,0,200,200,0
825,3300,722,79,723,1,right,0.06435371190309525,0.269027978181839,0.15539374947547913,0.4404715597629547,0.07075300067663193,1.3676142692565918,-1.0,520.0,384,2,235,0,0,0,200,200,0
826,3304,722,79,723,1,right,0.06437502801418304,0.26885294914245605,0.1564863920211792,0.4403378963470459,0.0699477568268776,1.367226481437683,0.0,520.0,385,2,235,0,0,0,200,200,0
827,3308,722,93,723,2,right+A,0.06437040865421295,0.26869505643844604,0.15586058795452118,0.4412327706813812,0.06984115391969681,1.3662937879562378,0.0,520.0,386,2,235,0,0,0,200,200,0
828,3312,722,108,723,3,right+B,0.06423375755548477,0.2691954970359802,0.15721304714679718,0.43901705741882324,0.07034064084291458,1.3685933351516724,0.0,520.0,387,2,235,0,0,0,200,200,0
829,3316,722,112,723,4,right+A+B,0.06472345441579819,0.27046406269073486,0.15753084421157837,0.43612295389175415,0.07115865498781204,1.3719596862792969,0.0,520.0,388,2,235,0,0,0,200,200,0
830,3320,722,106,723,0,NOOP,0.06377694010734558,0.26756608486175537,0.15348082780838013,0.44501993060112,0.07015623897314072,1.362655520439148,-1.0,519.0,389,2,234,0,0,0,200,200,0
831,3324,722,89,723,1,right,0.06393221020698547,0.2674421966075897,0.15475772321224213,0.4429726302623749,0.07089529931545258,1.3656047582626343,0.0,519.0,390,2,234,0,0,0,200,200,0
832,3328,722,79,723,0,NOOP,0.06345570832490921,0.26801666617393494,0.151727095246315,0.44672825932502747,0.07007227092981339,1.3602242469787598,0.0,519.0,391,2,234,0,0,0,200,200,0
833,3332,722,79,723,0,NOOP,0.06363889575004578,0.2670522928237915,0.15102234482765198,0.4485571086406708,0.06972933560609818,1.3586844205856323,0.0,519.0,392,2,234,0,0,0,200,200,0
834,3336,722,79,723,3,right+B,0.06399435549974442,0.26926669478416443,0.1538418084383011,0.4428653419017792,0.0700317919254303,1.3640860319137573,0.0,519.0,393,2,234,0,0,0,200,200,0
835,3340,722,79,723,3,right+B,0.0640532448887825,0.2687489986419678,0.14884251356124878,0.4498017430305481,0.06855359673500061,1.3557778596878052,-1.0,518.0,394,2,233,0,0,0,200,200,0
836,3344,722,79,723,3,right+B,0.06452693045139313,0.2691009044647217,0.1523982733488083,0.44418835639953613,0.06978553533554077,1.3630417585372925,0.0,518.0,395,2,233,0,0,0,200,200,0
837,3348,722,79,723,3,right+B,0.06443490833044052,0.27033326029777527,0.15252621471881866,0.44236505031585693,0.0703405886888504,1.3646371364593506,0.0,518.0,396,2,233,0,0,0,200,200,0
838,3352,722,93,723,2,right+A,0.06497448682785034,0.27068421244621277,0.15521007776260376,0.4383101165294647,0.07082106173038483,1.3695443868637085,0.0,518.0,397,2,233,0,0,0,200,200,0
839,3356,722,108,723,0,NOOP,0.06498544663190842,0.2718859612941742,0.16041073203086853,0.4304664731025696,0.07225135713815689,1.3779770135879517,0.0,518.0,398,2,233,0,0,0,200,200,0
840,3360,722,112,723,1,right,0.06471902132034302,0.2715162932872772,0.15809644758701324,0.43429240584373474,0.07137573510408401,1.3734163045883179,-1.0,517.0,399,2,232,0,0,0,200,200,0
841,3364,722,106,723,1,right,0.06449548155069351,0.27115482091903687,0.15421436727046967,0.4391669034957886,0.070968396961689,1.3680853843688965,0.0,517.0,400,2,232,0,0,0,200,200,0
842,3368,722,89,723,2,right+A,0.06417214870452881,0.2716856598854065,0.15522925555706024,0.436939537525177,0.07197347283363342,1.3705979585647583,0.0,517.0,401,2,232,0,0,0,200,200,0
843,3372,722,79,723,1,right,0.06315378844738007,0.2709231376647949,0.15312892198562622,0.44201087951660156,0.07078324258327484,1.3638992309570312,0.0,517.0,402,2,232,0,0,0,200,200,0
844,3376,722,79,723,1,right,0.06263170391321182,0.27053675055503845,0.14938968420028687,0.4488844871520996,0.0685572549700737,1.3545159101486206,0.0,517.0,403,2,232,0,0,0,200,200,0
845,3380,722,93,723,2,right+A,0.06101100891828537,0.2678286135196686,0.1432999223470688,0.4618285596370697,0.06603186577558517,1.338114619255066,-1.0,516.0,404,2,231,0,0,0,200,200,0
846,3384,722,109,723,4,right+A+B,0.06313251703977585,0.27209925651550293,0.15164513885974884,0.44307735562324524,0.07004568725824356,1.361494779586792,0.0,516.0,405,2,231,0,0,0,200,200,0
847,3388,722,121,723,3,right+B,0.06466037780046463,0.2738502621650696,0.15683893859386444,0.43136298656463623,0.07328740507364273,1.3765320777893066,0.0,516.0,406,2,231,0,0,0,200,200,0
848,3392,722,122,723,3,right+B,0.063815638422966,0.2726879119873047,0.16510996222496033,0.42494529485702515,0.07344117760658264,1.3827708959579468,0.0,516.0,407,2,231,0,0,0,200,200,0
849,3396,722,113,723,1,right,0.0651184469461441,0.27546000480651855,0.1700068563222885,0.4151230454444885,0.0742916688323021,1.3923745155334473,0.0,516.0,408,2,231,0,0,0,200,200,0
850,3400,722,94,723,3,right+B,0.06646894663572311,0.2758367359638214,0.16723492741584778,0.41606131196022034,0.07439805567264557,1.3927007913589478,-1.0,515.0,409,2,230,0,0,0,200,200,0
851,3404,722,79,723,3,right+B,0.0664387047290802,0.27699002623558044,0.17256681621074677,0.4081190228462219,0.07588542997837067,1.4003620147705078,0.0,515.0,410,2,230,0,0,0,200,200,0
852,3408,722,93,723,4,right+A+B,0.06612733751535416,0.2745682895183563,0.16590847074985504,0.4195012152194977,0.07389464974403381,1.3894526958465576,0.0,515.0,411,2,230,0,0,0,200,200,0
853,3412,722,108,723,3,right+B,0.06376787275075912,0.273501992225647,0.15677142143249512,0.43595999479293823,0.06999877840280533,1.3686766624450684,0.0,515.0,412,2,230,0,0,0,200,200,0
854,3416,722,112,723,3,right+B,0.06437423080205917,0.27261126041412354,0.1548103541135788,0.4373804032802582,0.0708237960934639,1.3689064979553223,0.0,515.0,413,2,230,0,0,0,200,200,0
855,3420,722,106,723,2,right+A,0.06362878531217575,0.2704543173313141,0.15432825684547424,0.4408421814441681,0.07074646651744843,1.3657894134521484,-1.0,514.0,414,2,229,0,0,0,200,200,0
856,3424,722,89,723,3,right+B,0.06485311686992645,0.27424103021621704,0.16760464012622833,0.4185160994529724,0.07478512823581696,1.3900518417358398,0.0,514.0,415,2,229,0,0,0,200,200,0
857,3428,722,79,723,3,right+B,0.06539788097143173,0.2755105793476105,0.16858869791030884,0.4162539541721344,0.07424882799386978,1.391564965248108,0.0,514.0,416,2,229,0,0,0,200,200,0
858,3432,722,93,723,4,right+A+B,0.06515789031982422,0.27258601784706116,0.16428939998149872,0.42472267150878906,0.07324403524398804,1.3841321468353271,0.0,514.0,417,2,229,0,0,0,200,200,0
859,3436,722,108,723,3,right+B,0.06416185200214386,0.2727382779121399,0.15969745814800262,0.43140923976898193,0.07199312001466751,1.3756366968154907,0.0,514.0,418,2,229,0,0,0,200,200,0
860,3440,722,112,723,2,right+A,0.06682340055704117,0.2757781744003296,0.16417662799358368,0.4178783595561981,0.07534343749284744,1.3921277523040771,-1.0,513.0,419,2,228,0,0,0,200,200,0
861,3444,722,106,723,2,right+A,0.06551121175289154,0.27293068170547485,0.16638223826885223,0.4197865426540375,0.0753893107175827,1.3906314373016357,0.0,513.0,420,2,228,0,0,0,200,200,0
862,3448,722,89,723,3,right+B,0.06633204221725464,0.27534329891204834,0.17619219422340393,0.40458187460899353,0.07755057513713837,1.405375599861145,0.0,513.0,421,2,228,0,0,0,200,200,0
863,3452,722,79,723,1,right,0.06610897183418274,0.27654099464416504,0.1709807813167572,0.41212591528892517,0.07424331456422806,1.3954157829284668,0.0,513.0,422,2,228,0,0,0,200,200,0
864,3456,722,93,723,2,right+A,0.06631316244602203,0.27496811747550964,0.17209337651729584,0.41274744272232056,0.07387788593769073,1.395504355430603,0.0,513.0,423,2,228,0,0,0,200,200,0
865,3460,722,109,723,2,right+A,0.06458289921283722,0.2737203538417816,0.16127735376358032,0.42932814359664917,0.07109124958515167,1.3768231868743896,-1.0,512.0,424,2,227,0,0,0,200,200,0
866,3464,722,121,723,3,right+B,0.06438599526882172,0.27346092462539673,0.15435974299907684,0.4379144608974457,0.0698789432644844,1.3671337366104126,0.0,512.0,425,2,227,0,0,0,200,200,0
867,3468,722,122,723,2,right+A,0.06520870327949524,0.2766663432121277,0.16315680742263794,0.4203702509403229,0.07459784299135208,1.387271523475647,0.0,512.0,426,2,227,0,0,0,200,200,0
868,3472,722,113,723,1,right,0.06391951441764832,0.2788650393486023,0.16465067863464355,0.41891881823539734,0.0736459419131279,1.385520100593567,0.0,512.0,427,2,227,0,0,0,200,200,0
869,3476,722,94,723,1,right,0.06458088010549545,0.2743769884109497,0.16353872418403625,0.4235091805458069,0.0739942193031311,1.384434700012207,0.0,512.0,428,2,227,0,0,0,200,200,0
870,3480,722,79,723,3,right+B,0.06334953755140305,0.27288520336151123,0.1609833538532257,0.4298160970211029,0.07296581566333771,1.3771559000015259,-1.0,511.0,429,2,226,0,0,0,200,200,0
871,3484,722,93,723,4,right+A+B,0.06458079814910889,0.2726095914840698,0.1595626175403595,0.4307096600532532,0.0725373849272728,1.377212643623352,0.0,511.0,430,2,226,0,0,0,200,200,0
872,3488,722,109,723,2,right+A,0.06547769904136658,0.2755294740200043,0.1688549667596817,0.4142862558364868,0.07585161924362183,1.3947019577026367,0.0,511.0,431,2,226,0,0,0,200,200,0
873,3492,722,121,723,3,right+B,0.0652015209197998,0.2739536762237549,0.1629602462053299,0.42300838232040405,0.07487618923187256,1.3863966464996338,0.0,511.0,432,2,226,0,0,0,200,200,0
874,3496,722,122,723,0,NOOP,0.0661541074514389,0.27385103702545166,0.16506540775299072,0.4194329082965851,0.07549656182527542,1.3911772966384888,0.0,511.0,433,2,226,0,0,0,200,200,0
875,3500,722,113,723,3,right+B,0.0655205249786377,0.27538731694221497,0.16800396144390106,0.4172213673591614,0.0738668292760849,1.3905508518218994,-1.0,510.0,434,2,225,0,0,0,200,200,0
876,3504,722,94,723,1,right,0.06459881365299225,0.27368438243865967,0.16032154858112335,0.4302084445953369,0.07118677347898483,1.376069188117981,0.0,510.0,435,2,225,0,0,0,200,200,0
877,3508,722,79,723,3,right+B,0.06318754702806473,0.2734110653400421,0.15449869632720947,0.4376443326473236,0.07125838100910187,1.3674641847610474,0.0,510.0,436,2,225,0,0,0,200,200,0
878,3512,722,93,723,4,right+A+B,0.06185328587889671,0.27152833342552185,0.14795421063899994,0.45012393593788147,0.06854020804166794,1.351858377456665,0.0,510.0,437,2,225,0,0,0,200,200,0
879,3516,722,108,723,1,right,0.06245369464159012,0.271663635969162,0.15086954832077026,0.44440242648124695,0.07061063498258591,1.3601597547531128,0.0,510.0,438,2,225,0,0,0,200,200,0
880,3520,722,112,723,2,right+A,0.06382010877132416,0.27219077944755554,0.15335190296173096,0.43867021799087524,0.07196694612503052,1.3681917190551758,-1.0,509.0,439,2,224,0,0,0,200,200,0
881,3524,722,106,723,4,right+A+B,0.06316910684108734,0.2690477967262268,0.15060408413410187,0.4466642439365387,0.07051481306552887,1.3597904443740845,0.0,509.0,440,2,224,0,0,0,200,200,0
882,3528,722,89,723,1,right,0.06358008831739426,0.26971277594566345,0.15425409376621246,0.4407791793346405,0.07167383283376694,1.3669445514678955,0.0,509.0,441,2,224,0,0,0,200,200,0
883,3532,722,79,723,3,right+B,0.06283514201641083,0.26870137453079224,0.1511104255914688,0.44778555631637573,0.06956743448972702,1.3577532768249512,0.0,509.0,442,2,224,0,0,0,200,200,0
884,3536,722,79,723,1,right,0.06395932286977768,0.2687378227710724,0.15265102684497833,0.44443634152412415,0.07021554559469223,1.3628268241882324,0.0,509.0,443,2,224,0,0,0,200,200,0
885,3540,722,79,723,1,right,0.06404141336679459,0.26865020394325256,0.15484967827796936,0.4418659806251526,0.07059275358915329,1.3659632205963135,-1.0,508.0,444,2,223,0,0,0,200,200,0
886,3544,722,79,723,0,NOOP,0.06471824645996094,0.2701925039291382,0.156253844499588,0.4385271966457367,0.07030817121267319,1.3689606189727783,0.0,508.0,445,2,223,0,0,0,200,200,0
887,3548,722,93,723,2,right+A,0.0648929551243782,0.2708638310432434,0.15744268894195557,0.435566246509552,0.07123425602912903,1.3725206851959229,0.0,508.0,446,2,223,0,0,0,200,200,0
888,3552,722,108,723,0,NOOP,0.06466586887836456,0.2701845169067383,0.15801630914211273,0.43552160263061523,0.07161164283752441,1.3730289936065674,0.0,508.0,447,2,223,0,0,0,200,200,0
889,3556,722,112,723,1,right,0.06477728486061096,0.27071788907051086,0.15642744302749634,0.43596842885017395,0.07210899889469147,1.3727728128433228,0.0,508.0,448,2,223,0,0,0,200,200,0
890,3560,722,106,723,2,right+A,0.06385471671819687,0.26767897605895996,0.15304440259933472,0.44500502943992615,0.07041691988706589,1.362879991531372,-1.0,507.0,449,2,222,0,0,0,200,200,0
891,3564,722,89,723,1,right,0.06382061541080475,0.267934113740921,0.15547750890254974,0.4421214461326599,0.07064631581306458,1.365934133529663,0.0,507.0,450,2,222,0,0,0,200,200,0
892,3568,722,79,723,3,right+B,0.06299571692943573,0.26831015944480896,0.151411771774292,0.4480418264865875,0.0692404955625534,1.3575860261917114,0.0,507.0,451,2,222,0,0,0,200,200,0
893,3572,722,79,723,3,right+B,0.06304614245891571,0.2663869857788086,0.15013404190540314,0.4518643617630005,0.06856845319271088,1.3540258407592773,0.0,507.0,452,2,222,0,0,0,200,200,0
894,3576,722,93,723,2,right+A,0.06272248923778534,0.2657415270805359,0.14936169981956482,0.4538798928260803,0.06829436123371124,1.3516710996627808,0.0,507.0,453,2,222,0,0,0,200,200,0
895,3580,722,108,723,1,right,0.06352751702070236,0.26791447401046753,0.1521356850862503,0.4468132555484772,0.06960911303758621,1.3598930835723877,-1.0,506.0,454,2,221,0,0,0,200,200,0
896,3584,722,112,723,3,right+B,0.06477037072181702,0.27030685544013977,0.15657933056354523,0.43664178252220154,0.07170175015926361,1.371984601020813,0.0,506.0,455,2,221,0,0,0,200,200,0
897,3588,722,106,723,2,right+A,0.06443183869123459,0.26843416690826416,0.15798553824424744,0.4375525116920471,0.07159590721130371,1.3716766834259033,0.0,506.0,456,2,221,0,0,0,200,200,0
898,3592,722,89,723,2,right+A,0.06482938677072525,0.2685549855232239,0.1627383977174759,0.43155530095100403,0.07232199609279633,1.3785362243652344,0.0,506.0,457,2,221,0,0,0,200,200,0
899,3596,722,79,723,3,right+B,0.06431417912244797,0.2699812054634094,0.16092301905155182,0.4337887763977051,0.0709928423166275,1.374057412147522,0.0,506.0,458,2,221,0,0,0,200,200,0
900,3600,722,79,723,1,right,0.06381846219301224,0.26785898208618164,0.15651926398277283,0.4430204927921295,0.06878283619880676,1.3635344505310059,-1.0,505.0,459,2,220,0,0,0,200,200,0
901,3604,722,79,723,3,right+B,0.06344008445739746,0.2683337926864624,0.15478377044200897,0.4449852705001831,0.06845708191394806,1.3606115579605103,0.0,505.0,460,2,220,0,0,0,200,200,0
902,3608,722,79,723,1,right,0.06313391774892807,0.26770493388175964,0.15073628723621368,0.4506450891494751,0.06777972728013992,1.3540606498718262,0.0,505.0,461,2,220,0,0,0,200,200,0
903,3612,722,79,723,1,right,0.0631241500377655,0.2679440677165985,0.15011751651763916,0.4504808187484741,0.06833343952894211,1.3545339107513428,0.0,505.0,462,2,220,0,0,0,200,200,0
904,3616,722,79,723,0,NOOP,0.06339194625616074,0.26795125007629395,0.15162993967533112,0.44744718074798584,0.06957973539829254,1.3590466976165771,0.0,505.0,463,2,220,0,0,0,200,200,0
905,3620,722,79,723,1,right,0.06335409730672836,0.26829981803894043,0.1512337028980255,0.44768568873405457,0.06942669302225113,1.3584367036819458,-1.0,504.0,464,2,219,0,0,0,200,200,0
906,3624,722,79,723,3,right+B,0.06329044699668884,0.26812463998794556,0.1489514857530594,0.45132577419281006,0.06830763071775436,1.3536187410354614,0.0,504.0,465,2,219,0,0,0,200,200,0
907,3628,722,79,723,1,right,0.06334459036588669,0.26801687479019165,0.1513291299343109,0.4483128786087036,0.06899655610322952,1.3575732707977295,0.0,504.0,466,2,219,0,0,0,200,200,0
908,3632,722,79,723,3,right+B,0.06359822303056717,0.26889652013778687,0.1515471190214157,0.44705623388290405,0.06890181452035904,1.3585774898529053,0.0,504.0,467,2,219,0,0,0,200,200,0
909,3636,722,79,723,1,right,0.06396369636058807,0.2685590982437134,0.15326231718063354,0.4448060989379883,0.06940881162881851,1.3619039058685303,0.0,504.0,468,2,219,0,0,0,200,200,0
910,3640,722,93,723,2,right+A,0.06456355005502701,0.2688720226287842,0.15736083686351776,0.43870288133621216,0.07050072401762009,1.3695124387741089,-1.0,503.0,469,2,218,0,0,0,200,200,0
911,3644,722,108,723,3,right+B,0.06528620421886444,0.27126914262771606,0.1630251705646515,0.4279007911682129,0.0725187137722969,1.3812894821166992,0.0,503.0,470,2,218,0,0,0,200,200,0
912,3648,722,112,723,4,right+A+B,0.06452806293964386,0.27018532156944275,0.1578160673379898,0.43674489855766296,0.07072562724351883,1.3709566593170166,0.0,503.0,471,2,218,0,0,0,200,200,0
913,3652,722,106,723,1,right,0.06440965086221695,0.26953932642936707,0.1585095226764679,0.4361042380332947,0.0714372768998146,1.3724150657653809,0.0,503.0,472,2,218,0,0,0,200,200,0
914,3656,722,89,723,0,NOOP,0.06432268023490906,0.2692246735095978,0.1594206541776657,0.4350490868091583,0.07198294252157211,1.3740005493164062,0.0,503.0,473,2,218,0,0,0,200,200,0
915,3660,722,79,723,4,right+A+B,0.06352820247411728,0.26962709426879883,0.1553470492362976,0.4410422742366791,0.07045544683933258,1.3657221794128418,-1.0,502.0,474,2,217,0,0,0,200,200,0
916,3664,722,79,723,3,right+B,0.06370100378990173,0.268040269613266,0.15295293927192688,0.445950984954834,0.06935480237007141,1.3606997728347778,0.0,502.0,475,2,217,0,0,0,200,200,0
917,3668,722,93,723,2,right+A,0.06338689476251602,0.2675289511680603,0.1521649956703186,0.44825422763824463,0.06866499036550522,1.3576889038085938,0.0,502.0,476,2,217,0,0,0,200,200,0
918,3672,722,109,723,4,right+A+B,0.06398632377386093,0.26897090673446655,0.15509383380413055,0.4417053759098053,0.07024352252483368,1.3656305074691772,0.0,502.0,477,2,217,0,0,0,200,200,0
919,3676,722,121,723,1,right,0.0645880401134491,0.2700098752975464,0.1570378690958023,0.43676963448524475,0.07159455865621567,1.3717697858810425,0.0,502.0,478,2,217,0,0,0,200,200,0
920,3680,722,122,723,3,right+B,0.06540786474943161,0.27063074707984924,0.16474604606628418,0.4242865741252899,0.07492876052856445,1.3871010541915894,-1.0,501.0,479,2,216,0,0,0,200,200,0
921,3684,722,113,723,4,right+A+B,0.06440020352602005,0.27111145853996277,0.1618259847164154,0.4299984872341156,0.07266394048929214,1.3786367177963257,0.0,501.0,480,2,216,0,0,0,200,200,0
922,3688,722,94,723,3,right+B,0.06538576632738113,0.27101942896842957,0.16140741109848022,0.4301503598690033,0.07203706353902817,1.3789308071136475,0.0,501.0,481,2,216,0,0,0,200,200,0
923,3692,722,79,723,4,right+A+B,0.06510796397924423,0.2713093161582947,0.16337566077709198,0.4271988272666931,0.07300824671983719,1.3821771144866943,0.0,501.0,482,2,216,0,0,0,200,200,0
924,3696,722,79,723,4,right+A+B,0.06473702192306519,0.26976531744003296,0.1577697992324829,0.4373460114002228,0.07038183510303497,1.370479702949524,0.0,501.0,483,2,216,0,0,0,200,200,0
925,3700,722,79,723,1,right,0.06432878971099854,0.2696950137615204,0.15613844990730286,0.44014355540275574,0.06969419866800308,1.3667242527008057,-1.0,500.0,484,2,215,0,0,0,200,200,0
926,3704,722,93,723,2,right+A,0.06414279341697693,0.2689429521560669,0.15400047600269318,0.44347378611564636,0.0694400891661644,1.3632850646972656,0.0,500.0,485,2,215,0,0,0,200,200,0
927,3708,722,108,723,1,right,0.06428278237581253,0.26920169591903687,0.1546621173620224,0.4414082467556,0.07044513523578644,1.3662350177764893,0.0,500.0,486,2,215,0,0,0,200,200,0
928,3712,722,112,723,3,right+B,0.06469187140464783,0.27021491527557373,0.15640652179718018,0.43723568320274353,0.07145104557275772,1.3711594343185425,0.0,500.0,487,2,215,0,0,0,200,200,0
929,3716,722,106,723,1,right,0.06400485336780548,0.2672795355319977,0.1523609310388565,0.44626057147979736,0.07009411603212357,1.361639380455017,0.0,500.0,488,2,215,0,0,0,200,200,0
930,3720,722,89,723,3,right+B,0.06415646523237228,0.26729103922843933,0.15524204075336456,0.4421935975551605,0.0711168721318245,1.3668756484985352,-1.0,499.0,489,2,214,0,0,0,200,200,0
931,3724,722,79,723,1,right,0.06359143555164337,0.2680157423019409,0.15232618153095245,0.44617384672164917,0.06989283114671707,1.3608012199401855,0.0,499.0,490,2,214,0,0,0,200,200,0
932,3728,722,79,723,1,right,0.06418021023273468,0.267220675945282,0.1521075814962387,0.44661885499954224,0.06987272202968597,1.3612666130065918,0.0,499.0,491,2,214,0,0,0,200,200,0
933,3732,722,79,723,3,right+B,0.06457706540822983,0.2690909802913666,0.1567523032426834,0.438762903213501,0.07081669569015503,1.369597315788269,0.0,499.0,492,2,214,0,0,0,200,200,0
934,3736,722,79,723,3,right+B,0.06492659449577332,0.2701435387134552,0.15569695830345154,0.43968120217323303,0.06955172121524811,1.3673694133758545,0.0,499.0,493,2,214,0,0,0,200,200,0
935,3740,722,79,723,3,right+B,0.06529094278812408,0.27063238620758057,0.15507806837558746,0.4394330382347107,0.06956565380096436,1.3676849603652954,-1.0,498.0,494,2,213,0,0,0,200,200,0
936,3744,722,79,723,1,right,0.0652216449379921,0.2703971266746521,0.15731872618198395,0.4361945688724518,0.07086796313524246,1.3721325397491455,0.0,498.0,495,2,213,0,0,0,200,200,0
937,3748,722,79,723,3,right+B,0.06518775224685669,0.27237069606781006,0.15715105831623077,0.4335494637489319,0.07174098491668701,1.3744066953659058,0.0,498.0,496,2,213,0,0,0,200,200,0
938,3752,722,79,723,3,right+B,0.06427056342363358,0.2714751958847046,0.15252064168453217,0.44197919964790344,0.06975434720516205,1.3637938499450684,0.0,498.0,497,2,213,0,0,0,200,200,0
939,3756,722,79,723,3,right+B,0.06338300555944443,0.2699231803417206,0.14986543357372284,0.44818639755249023,0.0686420351266861,1.3563611507415771,0.0,498.0,498,2,213,0,0,0,200,200,0
940,3760,722,79,723,3,right+B,0.06463568657636642,0.27124959230422974,0.15187115967273712,0.44210097193717957,0.07014258950948715,1.3644098043441772,-1.0,497.0,499,2,212,0,0,0,200,200,0
941,3764,722,79,723,3,right+B,0.06447146087884903,0.27127665281295776,0.15072046220302582,0.44391900300979614,0.06961239129304886,1.3618913888931274,0.0,497.0,500,2,212,0,0,0,200,200,0
942,3768,722,79,723,3,right+B,0.06322634965181351,0.26902341842651367,0.14538264274597168,0.45439907908439636,0.0679684579372406,1.3493083715438843,0.0,497.0,501,2,212,0,0,0,200,200,0
943,3772,722,79,723,3,right+B,0.06265299022197723,0.2687598168849945,0.14745083451271057,0.45281773805618286,0.06831856817007065,1.3510404825210571,0.0,497.0,502,2,212,0,0,0,200,200,0
944,3776,722,93,723,4,right+A+B,0.06324590742588043,0.2715764343738556,0.15148435533046722,0.4443114399909973,0.06938186287879944,1.3600581884384155,0.0,497.0,503,2,212,0,0,0,200,200,0
945,3780,722,109,723,2,right+A,0.0625925287604332,0.2700130045413971,0.15021546185016632,0.44809097051620483,0.06908803433179855,1.3560740947723389,-1.0,496.0,504,2,211,0,0,0,200,200,0
946,3784,722,121,723,1,right,0.06509709358215332,0.27479037642478943,0.15948499739170074,0.42782479524612427,0.07280270010232925,1.3795644044876099,0.0,496.0,505,2,211,0,0,0,200,200,0
947,3788,722,122,723,1,right,0.06617677956819534,0.2747880816459656,0.17123080790042877,0.41099563241004944,0.07680871337652206,1.3994063138961792,0.0,496.0,506,2,211,0,0,0,200,200,0
948,3792,722,113,723,1,right,0.06477759033441544,0.27546992897987366,0.17186665534973145,0.4147081971168518,0.07317761331796646,1.3914709091186523,0.0,496.0,507,2,211,0,0,0,200,200,0
949,3796,722,94,723,2,right+A,0.06627879291772842,0.2762560248374939,0.16744379699230194,0.4158797562122345,0.07414164394140244,1.3922724723815918,0.0,496.0,508,2,211,0,0,0,200,200,0
950,3800,722,79,723,4,right+A+B,0.06586075574159622,0.2761574387550354,0.17082028090953827,0.4111686646938324,0.0759928822517395,1.3976434469223022,-1.0,495.0,509,2,210,0,0,0,200,200,0
951,3804,722,79,723,3,right+B,0.06655862182378769,0.2760486304759979,0.1666104942560196,0.41584309935569763,0.07493922859430313,1.3933117389678955,0.0,495.0,510,2,210,0,0,0,200,200,0
952,3808,722,79,723,1,right,0.06460069864988327,0.2735876142978668,0.15683722496032715,0.4344184398651123,0.07055601477622986,1.3713934421539307,0.0,495.0,511,2,210,0,0,0,200,200,0
953,3812,722,79,723,3,right+B,0.06324386596679688,0.27084824442863464,0.14903734624385834,0.44944819808006287,0.06742233783006668,1.3533458709716797,0.0,495.0,512,2,210,0,0,0,200,200,0
954,3816,722,79,723,1,right,0.06411314010620117,0.2724802494049072,0.15060053765773773,0.4439602792263031,0.06884581595659256,1.360235333442688,0.0,495.0,513,2,210,0,0,0,200,200,0
955,3820,722,79,723,0,NOOP,0.06401032209396362,0.2722345292568207,0.1571022868156433,0.43606477975845337,0.07058809697628021,1.3699618577957153,-1.0,494.0,514,2,209,0,0,0,200,200,0
956,3824,722,93,723,2,right+A,0.06643536686897278,0.27679213881492615,0.17174722254276276,0.40973955392837524,0.07528571039438248,1.398557186126709,0.0,494.0,515,2,209,0,0,0,200,200,0
957,3828,722,108,723,1,right,0.06658577919006348,0.2755584120750427,0.17301194369792938,0.40935319662094116,0.07549078017473221,1.3997859954833984,0.0,494.0,516,2,209,0,0,0,200,200,0
958,3832,722,112,723,1,right,0.06528531014919281,0.273563414812088,0.16620519757270813,0.42090052366256714,0.07404555380344391,1.387998342514038,0.0,494.0,517,2,209,0,0,0,200,200,0
959,3836,722,106,723,3,right+B,0.06618253886699677,0.2743279039859772,0.16408218443393707,0.42176222801208496,0.07364518195390701,1.3873084783554077,0.0,494.0,518,2,209,0,0,0,200,200,0
960,3840,722,89,723,3,right+B,0.06633178144693375,0.2748354971408844,0.1734352856874466,0.4090826213359833,0.0763147845864296,1.400789737701416,-1.0,493.0,519,2,208,0,0,0,200,200,0
961,3844,722,79,723,3,right+B,0.0653848722577095,0.2765859365463257,0.17263691127300262,0.4093020260334015,0.07609028369188309,1.3986866474151611,0.0,493.0,520,2,208,0,0,0,200,200,0
962,3848,722,79,723,1,right,0.0661238506436348,0.27628806233406067,0.17220640182495117,0.4106987714767456,0.07468292117118835,1.397165298461914,0.0,493.0,521,2,208,0,0,0,200,200,0
963,3852,722,79,723,3,right+B,0.06609996408224106,0.27602502703666687,0.16733378171920776,0.4171396493911743,0.07340158522129059,1.3904671669006348,0.0,493.0,522,2,208,0,0,0,200,200,0
964,3856,722,79,723,3,right+B,0.06407156586647034,0.2709672451019287,0.15043851733207703,0.4457269608974457,0.06879572570323944,1.3591400384902954,0.0,493.0,523,2,208,0,0,0,200,200,0
965,3860,722,93,723,2,right+A,0.06422539055347443,0.273182213306427,0.1511841118335724,0.4426657557487488,0.0687425285577774,1.361229419708252,-1.0,492.0,524,2,207,0,0,0,200,200,0
966,3864,722,108,723,1,right,0.06573094427585602,0.2753201127052307,0.16168244183063507,0.4231549799442291,0.07411149889230728,1.385422706604004,0.0,492.0,525,2,207,0,0,0,200,200,0
967,3868,722,112,723,2,right+A,0.06449556350708008,0.2763044536113739,0.16140204668045044,0.42419084906578064,0.07360707223415375,1.3823801279067993,0.0,492.0,526,2,207,0,0,0,200,200,0
968,3872,722,106,723,3,right+B,0.06469147652387619,0.27306410670280457,0.16500599682331085,0.42229047417640686,0.07494798302650452,1.3871151208877563,0.0,492.0,527,2,207,0,0,0,200,200,0
969,3876,722,89,723,3,right+B,0.06479741632938385,0.27231353521347046,0.16637669503688812,0.4225825369358063,0.07392988353967667,1.386500597000122,0.0,492.0,528,2,207,0,0,0,200,200,0
970,3880,722,79,723,3,right+B,0.06521421670913696,0.2741483747959137,0.1685328185558319,0.41864946484565735,0.07345516979694366,1.389229655265808,-1.0,491.0,529,2,206,0,0,0,200,200,0
971,3884,722,79,723,1,right,0.06534558534622192,0.2737727463245392,0.16701027750968933,0.42090001702308655,0.0729713886976242,1.3870725631713867,0.0,491.0,530,2,206,0,0,0,200,200,0
972,3888,722,79,723,3,right+B,0.06475508213043213,0.27336594462394714,0.163015216588974,0.4272891581058502,0.07157465815544128,1.3795443773269653,0.0,491.0,531,2,206,0,0,0,200,200,0
973,3892,722,79,723,3,right+B,0.0645349994301796,0.27305448055267334,0.1563824713230133,0.4360160529613495,0.07001198083162308,1.3695635795593262,0.0,491.0,532,2,206,0,0,0,200,200,0
974,3896,722,79,723,3,right+B,0.0649084597826004,0.2728385925292969,0.15748301148414612,0.43339234590530396,0.07137760519981384,1.3737759590148926,0.0,491.0,533,2,206,0,0,0,200,200,0
975,3900,722,79,723,3,right+B,0.06451445817947388,0.2725144624710083,0.15865662693977356,0.4332391917705536,0.07107521593570709,1.3735140562057495,-1.0,490.0,534,2,205,0,0,0,200,200,0
976,3904,722,79,723,3,right+B,0.06305178999900818,0.2719368040561676,0.15048421919345856,0.44600650668144226,0.0685206726193428,1.3571693897247314,0.0,490.0,535,2,205,0,0,0,200,200,0
977,3908,722,93,723,4,right+A+B,0.062104806303977966,0.2709275186061859,0.14567892253398895,0.45397353172302246,0.06731517612934113,1.3471704721450806,0.0,490.0,536,2,205,0,0,0,200,200,0
978,3912,722,108,723,3,right+B,0.06309126317501068,0.2711479067802429,0.15211111307144165,0.44274550676345825,0.0709042102098465,1.3630259037017822,0.0,490.0,537,2,205,0,0,0,200,200,0
979,3916,722,112,723,1,right,0.0635528415441513,0.2717877924442291,0.1506062000989914,0.44331857562065125,0.07073459774255753,1.3623099327087402,0.0,490.0,538,2,205,0,0,0,200,200,0
980,3920,722,106,723,3,right+B,0.06414741277694702,0.2707972526550293,0.1565256118774414,0.43587225675582886,0.07265747338533401,1.3726919889450073,-1.0,489.0,539,2,204,0,0,0,200,200,0
981,3924,722,89,723,3,right+B,0.06431134045124054,0.2697478234767914,0.15682560205459595,0.4368194043636322,0.07229584455490112,1.3721613883972168,0.0,489.0,540,2,204,0,0,0,200,200,0
982,3928,722,79,723,4,right+A+B,0.0637987032532692,0.270374059677124,0.15745937824249268,0.43750184774398804,0.07086599618196487,1.369539737701416,0.0,489.0,541,2,204,0,0,0,200,200,0
983,3932,722,79,723,1,right,0.06490520387887955,0.27014675736427307,0.15860767662525177,0.4354648292064667,0.07087544351816177,1.3727326393127441,0.0,489.0,542,2,204,0,0,0,200,200,0
984,3936,722,79,723,3,right+B,0.06409575045108795,0.268950879573822,0.15720869600772858,0.43990635871887207,0.0698382779955864,1.3672809600830078,0.0,489.0,543,2,204,0,0,0,200,200,0
985,3940,722,79,723,3,right+B,0.06465347111225128,0.2710118293762207,0.1553560495376587,0.4388962388038635,0.07008234411478043,1.367889404296875,-1.0,488.0,544,2,203,0,0,0,200,200,0
986,3944,722,79,723,1,right,0.06454199552536011,0.27108317613601685,0.1544918715953827,0.4393157660961151,0.07056725025177002,1.3676979541778564,0.0,488.0,545,2,203,0,0,0,200,200,0
987,3948,722,93,723,4,right+A+B,0.0639435350894928,0.26904332637786865,0.15285462141036987,0.44328975677490234,0.07086881995201111,1.3643680810928345,0.0,488.0,546,2,203,0,0,0,200,200,0
988,3952,722,108,723,1,right,0.06455255299806595,0.2700354754924774,0.15565505623817444,0.43737995624542236,0.07237695902585983,1.3717037439346313,0.0,488.0,547,2,203,0,0,0,200,200,0
989,3956,722,112,723,2,right+A,0.06433800607919693,0.26885658502578735,0.15259422361850739,0.44339749217033386,0.07081370055675507,1.3646587133407593,0.0,488.0,548,2,203,0,0,0,200,200,0
990,3960,722,106,723,3,right+B,0.06394654512405396,0.2672209143638611,0.15329839289188385,0.4451347887516022,0.07039931416511536,1.3630632162094116,-1.0,487.0,549,2,202,0,0,0,200,200,0
991,3964,722,89,723,3,right+B,0.06391068547964096,0.2678695619106293,0.15634426474571228,0.44055333733558655,0.07132213562726974,1.3682129383087158,0.0,487.0,550,2,202,0,0,0,200,200,0
992,3968,722,79,723,2,right+A,0.06379065662622452,0.2691919207572937,0.15587782859802246,0.4403766393661499,0.07076293230056763,1.3671314716339111,0.0,487.0,551,2,202,0,0,0,200,200,0
993,3972,722,79,723,1,right,0.06357943266630173,0.2662532925605774,0.15301455557346344,0.4475456178188324,0.06960709393024445,1.3600796461105347,0.0,487.0,552,2,202,0,0,0,200,200,0
994,3976,722,79,723,3,right+B,0.06394799053668976,0.267557829618454,0.15526063740253448,0.4440014064311981,0.06923215091228485,1.3631534576416016,0.0,487.0,553,2,202,0,0,0,200,200,0
995,3980,722,79,723,1,right,0.06410925835371017,0.2687511444091797,0.15414533019065857,0.44439932703971863,0.06859488040208817,1.3617041110992432,-1.0,486.0,554,2,201,0,0,0,200,200,0
996,3984,722,79,723,3,right+B,0.06389560550451279,0.2687506079673767,0.15525729954242706,0.44318485260009766,0.06891174614429474,1.3630529642105103,0.0,486.0,555,2,201,0,0,0,200,200,0
997,3988,722,79,723,3,right+B,0.06446689367294312,0.26930105686187744,0.15765395760536194,0.4381854236125946,0.0703926533460617,1.369639277458191,0.0,486.0,556,2,201,0,0,0,200,200,0
998,3992,722,79,723,1,right,0.06415058672428131,0.26915398240089417,0.1556895226240158,0.44123342633247375,0.06977244466543198,1.3657926321029663,0.0,486.0,557,2,201,0,0,0,200,200,0
999,3996,722,79,723,1,right,0.06381771713495255,0.2688549757003784,0.15251125395298004,0.44596055150032043,0.06885549426078796,1.3599361181259155,0.0,486.0,558,2,201,0,0,0,200,200,0
1000,4000,722,93,723,2,right+A,0.06377019733190536,0.2685891091823578,0.15261809527873993,0.4459511935710907,0.06907127052545547,1.3602261543273926,-1.0,485.0,559,2,200,0,0,0,200,200,0
1001,4004,722,108,723,1,right,0.06426794081926346,0.26900577545166016,0.1575651913881302,0.43746712803840637,0.07169395685195923,1.3713899850845337,0.0,485.0,560,2,200,0,0,0,200,200,0
1002,4008,722,112,723,3,right+B,0.0646386668086052,0.2697463929653168,0.15820786356925964,0.4353117048740387,0.07209537923336029,1.373833417892456,0.0,485.0,561,2,200,0,0,0,200,200,0
1003,4012,722,106,723,4,right+A+B,0.06358135491609573,0.26772305369377136,0.15354613959789276,0.4447062611579895,0.070443294942379,1.3629543781280518,0.0,485.0,562,2,200,0,0,0,200,200,0
1004,4016,722,89,723,1,right,0.06435520946979523,0.2688537836074829,0.159666508436203,0.43456804752349854,0.07255639880895615,1.3751600980758667,0.0,485.0,563,2,200,0,0,0,200,200,0
1005,4020,722,79,723,4,right+A+B,0.06377942860126495,0.2694867253303528,0.15765507519245148,0.4378875494003296,0.07119124382734299,1.3698651790618896,-1.0,484.0,564,2,199,0,0,0,200,200,0
1006,4024,722,79,723,2,right+A,0.06393375992774963,0.2681070864200592,0.15581923723220825,0.44275808334350586,0.06938183307647705,1.3642656803131104,0.0,484.0,565,2,199,0,0,0,200,200,0
1007,4028,722,79,723,3,right+B,0.0639587938785553,0.26873648166656494,0.15667404234409332,0.4415901303291321,0.06904051452875137,1.3648844957351685,0.0,484.0,566,2,199,0,0,0,200,200,0
1008,4032,722,79,723,1,right,0.06336642801761627,0.267930269241333,0.15249471366405487,0.44854652881622314,0.0676620751619339,1.356322169303894,0.0,484.0,567,2,199,0,0,0,200,200,0
1009,4036,722,79,723,3,right+B,0.06371355056762695,0.269511878490448,0.1530638039112091,0.4448973834514618,0.06881336867809296,1.360576868057251,0.0,484.0,568,2,199,0,0,0,200,200,0
1010,4040,722,79,723,3,right+B,0.06371314078569412,0.268798291683197,0.15358203649520874,0.4443015158176422,0.06960499286651611,1.3622424602508545,-1.0,483.0,569,2,198,0,0,0,200,200,0
1011,4044,722,93,723,2,right+A,0.06346424669027328,0.268900990486145,0.15191861987113953,0.4465256631374359,0.06919052451848984,1.359258770942688,0.0,483.0,570,2,198,0,0,0,200,200,0
1012,4048,722,108,723,1,right,0.06396613270044327,0.2701030969619751,0.15426795184612274,0.44104039669036865,0.07062239944934845,1.3659791946411133,0.0,483.0,571,2,198,0,0,0,200,200,0
1013,4052,722,112,723,1,right,0.0641576424241066,0.2698247730731964,0.1553749442100525,0.43940624594688416,0.07123641669750214,1.3684900999069214,0.0,483.0,572,2,198,0,0,0,200,200,0
1014,4056,722,106,723,2,right+A,0.06354523450136185,0.2678554952144623,0.15332475304603577,0.44474050402641296,0.07053399085998535,1.3628827333450317,0.0,483.0,573,2,198,0,0,0,200,200,0
1015,4060,722,89,723,3,right+B,0.06380826979875565,0.26833105087280273,0.15655876696109772,0.4398106634616852,0.0714912861585617,1.3687735795974731,-1.0,482.0,574,2,197,0,0,0,200,200,0
1016,4064,722,79,723,1,right,0.06373962014913559,0.2698908746242523,0.15630948543548584,0.439136803150177,0.07092318683862686,1.3681145906448364,0.0,482.0,575,2,197,0,0,0,200,200,0
1017,4068,722,79,723,3,right+B,0.06370140612125397,0.2677789628505707,0.1539311408996582,0.44519805908203125,0.06939040124416351,1.361676573753357,0.0,482.0,576,2,197,0,0,0,200,200,0
1018,4072,722,79,723,3,right+B,0.06391685456037521,0.26824310421943665,0.15636682510375977,0.4423227608203888,0.06915044784545898,1.3644424676895142,0.0,482.0,577,2,197,0,0,0,200,200,0
1019,4076,722,79,723,3,right+B,0.06403102725744247,0.2686961591243744,0.15483897924423218,0.4438549280166626,0.06857888400554657,1.362227439880371,0.0,482.0,578,2,197,0,0,0,200,200,0
1020,4080,722,79,723,0,NOOP,0.06376641243696213,0.26869136095046997,0.15450356900691986,0.44454261660575867,0.06849601864814758,1.3612034320831299,-1.0,481.0,579,2,196,0,0,0,200,200,0
1021,4084,722,79,723,1,right,0.0641896054148674,0.2697772681713104,0.15622290968894958,0.4394685924053192,0.0703415721654892,1.3677737712860107,0.0,481.0,580,2,196,0,0,0,200,200,0
1022,4088,722,93,723,2,right+A,0.0644221380352974,0.26971426606178284,0.1555648148059845,0.44024136662483215,0.07005742937326431,1.3669862747192383,0.0,481.0,581,2,196,0,0,0,200,200,0
1023,4092,722,108,723,3,right+B,0.0646466538310051,0.27041587233543396,0.15721245110034943,0.43673935532569885,0.07098566740751266,1.3711514472961426,0.0,481.0,582,2,196,0,0,0,200,200,0
1024,4096,722,112,723,1,right,0.06449262797832489,0.27005311846733093,0.15546472370624542,0.4390753209590912,0.07091417908668518,1.3687511682510376,0.0,481.0,583,2,196,0,0,0,200,200,0
1025,4100,722,106,723,1,right,0.0639490857720375,0.26790550351142883,0.1550934761762619,0.44248729944229126,0.0705646499991417,1.3656166791915894,-1.0,480.0,584,2,195,0,0,0,200,200,0
1026,4104,722,89,723,3,right+B,0.06423246115446091,0.2678569257259369,0.15662209689617157,0.43998080492019653,0.0713077187538147,1.3690881729125977,0.0,480.0,585,2,195,0,0,0,200,200,0
1027,4108,722,79,723,1,right,0.06325317174196243,0.2682966887950897,0.15288326144218445,0.44574519991874695,0.06982167065143585,1.3607498407363892,0.0,480.0,586,2,195,0,0,0,200,200,0
1028,4112,722,79,723,1,right,0.06371143460273743,0.26761364936828613,0.15202230215072632,0.4477965235710144,0.06885603815317154,1.3585700988769531,0.0,480.0,587,2,195,0,0,0,200,200,0
1029,4116,722,79,723,3,right+B,0.06361626088619232,0.2670402228832245,0.15156647562980652,0.4496748447418213,0.06810218840837479,1.3561758995056152,0.0,480.0,588,2,195,0,0,0,200,200,0
1030,4120,722,79,723,1,right,0.06383474916219711,0.26715612411499023,0.15116684138774872,0.4499828815460205,0.0678594559431076,1.3557696342468262,-1.0,479.0,589,2,194,0,0,0,200,200,0
1031,4124,722,93,723,2,right+A,0.06447701156139374,0.2682965099811554,0.15353231132030487,0.4444689452648163,0.0692252591252327,1.36271071434021,0.0,479.0,590,2,194,0,0,0,200,200,0
1032,4128,722,108,723,1,right,0.0650409683585167,0.26994195580482483,0.16079775989055634,0.43166348338127136,0.0725557953119278,1.3781044483184814,0.0,479.0,591,2,194,0,0,0,200,200,0
1033,4132,722,112,723,4,right+A+B,0.06575262546539307,0.2728745639324188,0.1624228060245514,0.4253673851490021,0.07358256727457047,1.384182333946228,0.0,479.0,592,2,194,0,0,0,200,200,0
1034,4136,722,106,723,1,right,0.06433674693107605,0.26983317732810974,0.15416547656059265,0.44125816226005554,0.07040642946958542,1.3660575151443481,0.0,479.0,593,2,194,0,0,0,200,200,0
1035,4140,722,89,723,3,right+B,0.06481993943452835,0.27006202936172485,0.15630722045898438,0.43707534670829773,0.0717354491353035,1.3717429637908936,-1.0,478.0,594,2,193,0,0,0,200,200,0
1036,4144,722,79,723,0,NOOP,0.06442540884017944,0.2716856896877289,0.15503619611263275,0.4368569254875183,0.0719958022236824,1.370923638343811,0.0,478.0,595,2,193,0,0,0,200,200,0
1037,4148,722,79,723,1,right,0.06412020325660706,0.2699418365955353,0.1522371768951416,0.44338858127593994,0.07031220942735672,1.3634757995605469,0.0,478.0,596,2,193,0,0,0,200,200,0
1038,4152,722,79,723,1,right,0.06289142370223999,0.2689366936683655,0.1497715264558792,0.4498644471168518,0.06853585690259933,1.3545904159545898,0.0,478.0,597,2,193,0,0,0,200,200,0
1039,4156,722,79,723,3,right+B,0.06303627789020538,0.26780447363853455,0.14747078716754913,0.45326411724090576,0.06842432171106339,1.3515194654464722,0.0,478.0,598,2,193,0,0,0,200,200,0
1040,4160,722,79,723,3,right+B,0.0648454874753952,0.2717995047569275,0.1530180424451828,0.43990784883499146,0.07042904943227768,1.3668235540390015,-1.0,477.0,599,2,192,0,0,0,200,200,0
1041,4164,722,79,723,1,right,0.06406742334365845,0.27112552523612976,0.14975756406784058,0.4458656907081604,0.0691838413476944,1.3591935634613037,0.0,477.0,600,2,192,0,0,0,200,200,0
1042,4168,722,79,723,1,right,0.06416536122560501,0.2702414095401764,0.15372250974178314,0.44190213084220886,0.0699685737490654,1.3646559715270996,0.0,477.0,601,2,192,0,0,0,200,200,0
1043,4172,722,79,723,0,NOOP,0.06365456432104111,0.27256688475608826,0.15304112434387207,0.4425395429134369,0.0681978389620781,1.3607943058013916,0.0,477.0,602,2,192,0,0,0,200,200,0
1044,4176,722,79,723,3,right+B,0.0620155967772007,0.27121686935424805,0.14607129991054535,0.45446643233299255,0.06622980535030365,1.345507025718689,0.0,477.0,603,2,192,0,0,0,200,200,0
1045,4180,722,79,723,3,right+B,0.06278831511735916,0.272468626499176,0.1506398618221283,0.4453183710575104,0.0687849298119545,1.357579231262207,-1.0,476.0,604,2,191,0,0,0,200,200,0
1046,4184,722,93,723,2,right+A,0.06420593708753586,0.27381882071495056,0.15555043518543243,0.4351668953895569,0.07125784456729889,1.3707020282745361,0.0,476.0,605,2,191,0,0,0,200,200,0
1047,4188,722,108,723,1,right,0.0635901615023613,0.27264222502708435,0.16053345799446106,0.43248531222343445,0.07074888795614243,1.37308931350708,0.0,476.0,606,2,191,0,0,0,200,200,0
1048,4192,722,112,723,3,right+B,0.0654488280415535,0.27477017045021057,0.16407176852226257,0.4223847985267639,0.07332443445920944,1.3855648040771484,0.0,476.0,607,2,191,0,0,0,200,200,0
1049,4196,722,106,723,2,right+A,0.0657179206609726,0.2732062041759491,0.16217458248138428,0.42536023259162903,0.07354109734296799,1.3839528560638428,0.0,476.0,608,2,191,0,0,0,200,200,0
1050,4200,722,89,723,1,right,0.06660787016153336,0.27535295486450195,0.17077724635601044,0.4113495349884033,0.07591237127780914,1.3985122442245483,-1.0,475.0,609,2,190,0,0,0,200,200,0
1051,4204,722,79,723,3,right+B,0.06494639068841934,0.2738092243671417,0.16192461550235748,0.42638295888900757,0.07293684780597687,1.381468415260315,0.0,475.0,610,2,190,0,0,0,200,200,0
1052,4208,722,79,723,3,right+B,0.06271932274103165,0.2699204087257385,0.14870166778564453,0.452046275138855,0.0666123554110527,1.3499236106872559,0.0,475.0,611,2,190,0,0,0,200,200,0
1053,4212,722,79,723,3,right+B,0.06301059573888779,0.2700643539428711,0.15004228055477142,0.4501650631427765,0.06671781092882156,1.3522549867630005,0.0,475.0,612,2,190,0,0,0,200,200,0
1054,4216,722,79,723,1,right,0.06409025937318802,0.27195480465888977,0.15568381547927856,0.43918880820274353,0.06908232718706131,1.3657596111297607,0.0,475.0,613,2,190,0,0,0,200,200,0
1055,4220,722,79,723,3,right+B,0.06556334346532822,0.2754274010658264,0.16642342507839203,0.4202917516231537,0.07229406386613846,1.3864502906799316,-1.0,474.0,614,2,189,0,0,0,200,200,0
1056,4224,722,79,723,3,right+B,0.06662717461585999,0.27646708488464355,0.17510400712490082,0.40734413266181946,0.07445762306451797,1.400249719619751,0.0,474.0,615,2,189,0,0,0,200,200,0
1057,4228,722,93,723,2,right+A,0.06627121567726135,0.2756786346435547,0.16895414888858795,0.4154301881790161,0.07366582751274109,1.3925666809082031,0.0,474.0,616,2,189,0,0,0,200,200,0
1058,4232,722,109,723,4,right+A+B,0.06462494283914566,0.27463969588279724,0.15868331491947174,0.4303189218044281,0.07173308730125427,1.3759044408798218,0.0,474.0,617,2,189,0,0,0,200,200,0
1059,4236,722,122,723,4,right+A+B,0.0668548122048378,0.2770328223705292,0.16570375859737396,0.4156672954559326,0.07474140077829361,1.393084168434143,0.0,474.0,618,2,189,0,0,0,200,200,0
1060,4240,722,130,723,3,right+B,0.06598827987909317,0.27505064010620117,0.17041772603988647,0.4108169674873352,0.07772646844387054,1.3999873399734497,-1.0,473.0,619,2,188,0,0,0,200,200,0
1061,4244,722,129,723,2,right+A,0.06523695588111877,0.2773471772670746,0.17480215430259705,0.4048464596271515,0.07776730507612228,1.403347134590149,0.0,473.0,620,2,188,0,0,0,200,200,0
1062,4248,722,117,723,1,right,0.06537855416536331,0.27527549862861633,0.17285525798797607,0.4097796082496643,0.07671107351779938,1.399388313293457,0.0,473.0,621,2,188,0,0,0,200,200,0
1063,4252,722,97,723,0,NOOP,0.0665125697851181,0.2762675881385803,0.17985086143016815,0.39668333530426025,0.08068560808897018,1.4140985012054443,0.0,473.0,622,2,188,0,0,0,200,200,0
1064,4256,722,79,723,3,right+B,0.06377465277910233,0.27295103669166565,0.15972280502319336,0.43078601360321045,0.07276545464992523,1.3763988018035889,0.0,473.0,623,2,188,0,0,0,200,200,0
1065,4260,722,79,723,1,right,0.06442143023014069,0.2718367576599121,0.15739788115024567,0.4347805380821228,0.07156339287757874,1.3726304769515991,-1.0,472.0,624,2,187,0,0,0,200,200,0
1066,4264,722,79,723,1,right,0.0653742253780365,0.27650004625320435,0.16140379011631012,0.4252590537071228,0.07146289944648743,1.380326271057129,0.0,472.0,625,2,187,0,0,0,200,200,0
1067,4268,722,79,723,3,right+B,0.06503646820783615,0.27891966700553894,0.1651361733675003,0.41860273480415344,0.07230491936206818,1.3857412338256836,0.0,472.0,626,2,187,0,0,0,200,200,0
1068,4272,722,79,723,3,right+B,0.0647626742720604,0.27494707703590393,0.16547207534313202,0.4228214621543884,0.07199669629335403,1.3833386898040771,0.0,472.0,627,2,187,0,0,0,200,200,0
1069,4276,722,79,723,3,right+B,0.06443341821432114,0.2735087275505066,0.1612381488084793,0.4296957552433014,0.07112393528223038,1.3764647245407104,0.0,472.0,628,2,187,0,0,0,200,200,0
1070,4280,722,93,723,2,right+A,0.06534377485513687,0.2736005485057831,0.16536961495876312,0.42260849475860596,0.07307752966880798,1.385652780532837,-1.0,471.0,629,2,186,0,0,0,200,200,0
1071,4284,722,108,723,0,NOOP,0.06512825191020966,0.274812251329422,0.1659538447856903,0.4204631745815277,0.07364249229431152,1.3873053789138794,0.0,471.0,630,2,186,0,0,0,200,200,0
1072,4288,722,112,723,1,right,0.06489063054323196,0.27462130784988403,0.15837323665618896,0.4291817545890808,0.07293307036161423,1.3782281875610352,0.0,471.0,631,2,186,0,0,0,200,200,0
1073,4292,722,106,723,3,right+B,0.06477048248052597,0.27231475710868835,0.1574491560459137,0.4332927465438843,0.0721728652715683,1.374666690826416,0.0,471.0,632,2,186,0,0,0,200,200,0
1074,4296,722,89,723,0,NOOP,0.0649561882019043,0.2717699408531189,0.1609262228012085,0.4293306767940521,0.07301691919565201,1.3797370195388794,0.0,471.0,633,2,186,0,0,0,200,200,0
1075,4300,722,79,723,1,right,0.0640350952744484,0.27308177947998047,0.1583930402994156,0.43343043327331543,0.07105964422225952,1.3725686073303223,-1.0,470.0,634,2,185,0,0,0,200,200,0
1076,4304,722,79,723,3,right+B,0.06296564638614655,0.27070707082748413,0.14963728189468384,0.44879740476608276,0.06789258867502213,1.3542790412902832,0.0,470.0,635,2,185,0,0,0,200,200,0
1077,4308,722,79,723,1,right,0.06215858459472656,0.27026310563087463,0.14859910309314728,0.4517860412597656,0.06719314306974411,1.3499854803085327,0.0,470.0,636,2,185,0,0,0,200,200,0
1078,4312,722,79,723,0,NOOP,0.06284237653017044,0.27037113904953003,0.14914880692958832,0.4494919776916504,0.0681457594037056,1.353806495666504,0.0,470.0,637,2,185,0,0,0,200,200,0
1079,4316,722,79,723,3,right+B,0.06394682824611664,0.272458553314209,0.15311163663864136,0.4412345886230469,0.06924841552972794,1.363337516784668,0.0,470.0,638,2,185,0,0,0,200,200,0
1080,4320,722,93,723,2,right+A,0.06384415179491043,0.27109596133232117,0.15436193346977234,0.44144538044929504,0.06925264745950699,1.363804817199707,-1.0,469.0,639,2,184,0,0,0,200,200,0
1081,4324,722,109,723,4,right+A+B,0.06428496539592743,0.27146121859550476,0.15480060875415802,0.4391442537307739,0.07030901312828064,1.3672363758087158,0.0,469.0,640,2,184,0,0,0,200,200,0
1082,4328,722,121,723,1,right,0.063898965716362,0.270824134349823,0.15370197594165802,0.44135376811027527,0.07022121548652649,1.364870548248291,0.0,469.0,641,2,184,0,0,0,200,200,0
1083,4332,722,122,723,2,right+A,0.06526850163936615,0.271438866853714,0.16214509308338165,0.42650938034057617,0.07463807612657547,1.3842108249664307,0.0,469.0,642,2,184,0,0,0,200,200,0
1084,4336,722,113,723,1,right,0.06433001160621643,0.2725215256214142,0.15891337394714355,0.43145522475242615,0.07277987897396088,1.3764808177947998,0.0,469.0,643,2,184,0,0,0,200,200,0
1085,4340,722,94,723,2,right+A,0.06479347497224808,0.2719031870365143,0.1559896469116211,0.435463547706604,0.07185018062591553,1.3724498748779297,-1.0,468.0,644,2,183,0,0,0,200,200,0
1086,4344,722,79,723,1,right,0.0641627311706543,0.2714746296405792,0.15609891712665558,0.4356285631656647,0.0726352259516716,1.372565507888794,0.0,468.0,645,2,183,0,0,0,200,200,0
1087,4348,722,93,723,2,right+A,0.06385461241006851,0.26942431926727295,0.15157945454120636,0.44427064061164856,0.0708710253238678,1.3630255460739136,0.0,468.0,646,2,183,0,0,0,200,200,0
1088,4352,722,109,723,2,right+A,0.06452217698097229,0.27048394083976746,0.15670201182365417,0.43577542901039124,0.07251644879579544,1.37318754196167,0.0,468.0,647,2,183,0,0,0,200,200,0
1089,4356,722,122,723,2,right+A,0.06495349854230881,0.2694404125213623,0.15789280831813812,0.4353339672088623,0.07237926125526428,1.3744772672653198,0.0,468.0,648,2,183,0,0,0,200,200,0
1090,4360,722,132,723,4,right+A+B,0.06521809101104736,0.26957109570503235,0.1611369550228119,0.43131598830223083,0.0727577954530716,1.37895929813385,-1.0,467.0,649,2,182,0,0,0,200,200,0
1091,4364,722,137,723,3,right+B,0.06396980583667755,0.2711144685745239,0.16326718032360077,0.4293803572654724,0.07226820290088654,1.3785163164138794,0.0,467.0,650,2,182,0,0,0,200,200,0
1092,4368,722,133,723,3,right+B,0.06397096067667007,0.2682669162750244,0.16030022501945496,0.43595075607299805,0.07151111960411072,1.3728950023651123,0.0,467.0,651,2,182,0,0,0,200,200,0
1093,4372,722,117,723,3,right+B,0.06285333633422852,0.26771852374076843,0.15891562402248383,0.4383207857608795,0.07219173014163971,1.3703030347824097,0.0,467.0,652,2,182,0,0,0,200,200,0
1094,4376,722,96,723,3,right+B,0.06359162926673889,0.26876211166381836,0.15432482957839966,0.4423944652080536,0.07092694938182831,1.3652091026306152,0.0,467.0,653,2,182,0,0,0,200,200,0
1095,4380,722,79,723,3,right+B,0.06454406678676605,0.2717899978160858,0.15805214643478394,0.4342684745788574,0.0713452473282814,1.373111605644226,-1.0,466.0,654,2,181,0,0,0,200,200,0
1096,4384,722,79,723,3,right+B,0.06383460015058517,0.26985007524490356,0.15402448177337646,0.44270822405815125,0.06958264112472534,1.3634295463562012,0.0,466.0,655,2,181,0,0,0,200,200,0
1097,4388,722,79,723,3,right+B,0.06318376958370209,0.2678733170032501,0.15012118220329285,0.4512155055999756,0.06760624051094055,1.3532425165176392,0.0,466.0,656,2,181,0,0,0,200,200,0
1098,4392,722,79,723,1,right,0.06383989751338959,0.2694571614265442,0.15281739830970764,0.4443906247615814,0.06949494034051895,1.3618003129959106,0.0,466.0,657,2,181,0,0,0,200,200,0
1099,4396,722,79,723,3,right+B,0.06382202357053757,0.2688857614994049,0.1519891768693924,0.4468064606189728,0.06849660724401474,1.3587267398834229,0.0,466.0,658,2,181,0,0,0,200,200,0
1100,4400,722,79,723,1,right,0.06403090059757233,0.26856428384780884,0.15392889082431793,0.44392916560173035,0.06954672187566757,1.3630008697509766,-1.0,465.0,659,2,180,0,0,0,200,200,0
1101,4404,722,93,723,2,right+A,0.06421706825494766,0.2682528793811798,0.15576471388339996,0.441631019115448,0.07013435661792755,1.3662186861038208,0.0,465.0,660,2,180,0,0,0,200,200,0
1102,4408,722,109,723,2,right+A,0.06501661241054535,0.2708348333835602,0.16150084137916565,0.4311782717704773,0.07146936655044556,1.3772227764129639,0.0,465.0,661,2,180,0,0,0,200,200,0
1103,4412,722,121,723,1,right,0.06499902158975601,0.2710270583629608,0.15935365855693817,0.4335753619670868,0.0710449367761612,1.374385118484497,0.0,465.0,662,2,180,0,0,0,200,200,0
1104,4416,722,122,723,2,right+A,0.06493071466684341,0.27036863565444946,0.16475167870521545,0.4264967739582062,0.0734521895647049,1.3835139274597168,0.0,465.0,663,2,180,0,0,0,200,200,0
1105,4420,722,113,723,3,right+B,0.06399819254875183,0.2719917297363281,0.16080936789512634,0.43148186802864075,0.07171878963708878,1.3755909204483032,-1.0,464.0,664,2,179,0,0,0,200,200,0
1106,4424,722,94,723,1,right,0.06423483043909073,0.27090373635292053,0.15656112134456635,0.43748554587364197,0.07081472128629684,1.369618535041809,0.0,464.0,665,2,179,0,0,0,200,200,0
1107,4428,722,79,723,4,right+A+B,0.06341232359409332,0.27004411816596985,0.15603427588939667,0.4391089379787445,0.07140030711889267,1.3681405782699585,0.0,464.0,666,2,179,0,0,0,200,200,0
1108,4432,722,79,723,3,right+B,0.06403464823961258,0.2698490619659424,0.15350575745105743,0.4425230324268341,0.07008744776248932,1.3642001152038574,0.0,464.0,667,2,179,0,0,0,200,200,0
1109,4436,722,79,723,3,right+B,0.06372267752885818,0.2687230408191681,0.1526358276605606,0.4457497000694275,0.069168820977211,1.3604027032852173,0.0,464.0,668,2,179,0,0,0,200,200,0
1110,4440,722,79,723,3,right+B,0.06365489214658737,0.26871344447135925,0.15251006186008453,0.44603127241134644,0.06909032166004181,1.3599847555160522,-1.0,463.0,669,2,178,0,0,0,200,200,0
1111,4444,722,79,723,3,right+B,0.06339991092681885,0.26821497082710266,0.14894908666610718,0.4518243074417114,0.06761165708303452,1.352560043334961,0.0,463.0,670,2,178,0,0,0,200,200,0
1112,4448,722,79,723,3,right+B,0.06424972414970398,0.26886504888534546,0.1545967012643814,0.4425269365310669,0.06976161897182465,1.3646767139434814,0.0,463.0,671,2,178,0,0,0,200,200,0
1113,4452,722,79,723,0,NOOP,0.06432138383388519,0.26917847990989685,0.1549639105796814,0.4422382712364197,0.06929796934127808,1.364498496055603,0.0,463.0,672,2,178,0,0,0,200,200,0
1114,4456,722,79,723,1,right,0.06439322233200073,0.26980510354042053,0.15442129969596863,0.442698210477829,0.06868214160203934,1.3632330894470215,0.0,463.0,673,2,178,0,0,0,200,200,0
1115,4460,722,79,723,3,right+B,0.06491751968860626,0.27023714780807495,0.15750373899936676,0.4379010796546936,0.06944058835506439,1.3690541982650757,-1.0,462.0,674,2,177,0,0,0,200,200,0
1116,4464,722,93,723,2,right+A,0.06424836069345474,0.26905861496925354,0.15643425285816193,0.44194597005844116,0.06831283867359161,1.3639999628067017,0.0,462.0,675,2,177,0,0,0,200,200,0
1117,4468,722,108,723,3,right+B,0.06470619887113571,0.27140915393829346,0.1593138426542282,0.43419286608695984,0.0703779011964798,1.372758388519287,0.0,462.0,676,2,177,0,0,0,200,200,0
1118,4472,722,112,723,3,right+B,0.0648595467209816,0.2710006535053253,0.15895502269268036,0.43403688073158264,0.07114790380001068,1.3738943338394165,0.0,462.0,677,2,177,0,0,0,200,200,0
1119,4476,722,106,723,3,right+B,0.06429640203714371,0.2689370810985565,0.1573609560728073,0.43868309259414673,0.07072246819734573,1.3694370985031128,0.0,462.0,678,2,177,0,0,0,200,200,0
1120,4480,722,89,723,0,NOOP,0.06458504498004913,0.26933974027633667,0.15966786444187164,0.4347192049026489,0.07168813049793243,1.374273419380188,-1.0,461.0,679,2,176,0,0,0,200,200,0
1121,4484,722,79,723,3,right+B,0.06383808702230453,0.2696654200553894,0.1562715768814087,0.4401453137397766,0.07007966935634613,1.3666114807128906,0.0,461.0,680,2,176,0,0,0,200,200,0
1122,4488,722,79,723,3,right+B,0.06411778181791306,0.2680702209472656,0.1544249951839447,0.4444481134414673,0.06893886625766754,1.3623151779174805,0.0,461.0,681,2,176,0,0,0,200,200,0
1123,4492,722,79,723,3,right+B,0.0640936940908432,0.26811566948890686,0.1539597511291504,0.4454483687877655,0.06838256865739822,1.3607587814331055,0.0,461.0,682,2,176,0,0,0,200,200,0
1124,4496,722,79,723,3,right+B,0.06400366127490997,0.2679542601108551,0.1516563445329666,0.4486533999443054,0.06773234158754349,1.3568047285079956,0.0,461.0,683,2,176,0,0,0,200,200,0
1125,4500,722,79,723,3,right+B,0.06443748623132706,0.2684219777584076,0.154023215174675,0.4445193409919739,0.06859797239303589,1.3620494604110718,-1.0,460.0,684,2,175,0,0,0,200,200,0
1126,4504,722,79,723,1,right,0.06500760465860367,0.26863396167755127,0.1577906608581543,0.43880826234817505,0.0697595551609993,1.3693263530731201,0.0,460.0,685,2,175,0,0,0,200,200,0
1127,4508,722,93,723,2,right+A,0.06483680754899979,0.2696693539619446,0.15731996297836304,0.4388614892959595,0.06931239366531372,1.3682000637054443,0.0,460.0,686,2,175,0,0,0,200,200,0
1128,4512,722,109,723,2,right+A,0.06498679518699646,0.2702227532863617,0.15722471475601196,0.4381398558616638,0.06942585855722427,1.3688666820526123,0.0,460.0,687,2,175,0,0,0,200,200,0
1129,4516,722,122,723,2,right+A,0.06520257890224457,0.2706551253795624,0.15772172808647156,0.4358798861503601,0.07054070383310318,1.3720346689224243,0.0,460.0,688,2,175,0,0,0,200,200,0
1130,4520,722,132,723,4,right+A+B,0.06513688713312149,0.26968491077423096,0.16019786894321442,0.43227243423461914,0.07270785421133041,1.3778419494628906,-1.0,459.0,689,2,174,0,0,0,200,200,0
1131,4524,722,139,723,4,right+A+B,0.0638013556599617,0.26991328597068787,0.1586342304944992,0.43533340096473694,0.07231776416301727,1.3731412887573242,0.0,459.0,690,2,174,0,0,0,200,200,0
1132,4528,724,143,724,1,right,0.06498494744300842,0.2705700397491455,0.1621161848306656,0.4281523823738098,0.07417650520801544,1.3824470043182373,1.0,460.0,0,2,174,0,0,0,200,200,0
1133,4532,727,143,727,3,right+B,0.06424473226070404,0.2699204087257385,0.16078263521194458,0.4304116666316986,0.07464060187339783,1.3802540302276611,3.0,463.0,0,2,174,0,0,0,200,200,0
1134,4536,731,157,731,4,right+A+B,0.0636967122554779,0.2668905258178711,0.14930301904678345,0.4482802748680115,0.07182939350605011,1.3607094287872314,4.0,467.0,0,2,174,0,0,0,200,200,0
1135,4540,737,172,737,3,right+B,0.062304504215717316,0.26245981454849243,0.13613106310367584,0.47136709094047546,0.06773752719163895,1.3323659896850586,5.0,472.0,0,2,173,0,0,0,200,200,0
1136,4544,743,176,743,3,right+B,0.06126221641898155,0.27215543389320374,0.13675560057163239,0.46308156847953796,0.06674519926309586,1.334517002105713,6.0,478.0,0,2,173,0,0,0,200,200,0
1137,4548,750,170,750,3,right+B,0.059166885912418365,0.27148357033729553,0.12403716146945953,0.48109471797943115,0.06421763449907303,1.3084707260131836,7.0,485.0,0,2,173,0,0,0,200,200,0
1138,4552,757,153,757,3,right+B,0.055024199187755585,0.2682754397392273,0.11407370865345001,0.5066894292831421,0.05593720078468323,1.2659666538238525,7.0,492.0,0,2,173,0,0,0,200,200,0
1139,4556,764,143,764,1,right,0.05986092984676361,0.2673315703868866,0.15087567269802094,0.44989416003227234,0.07203757762908936,1.3554340600967407,7.0,499.0,0,2,173,0,0,0,200,200,0
1140,4560,771,141,771,3,right+B,0.05712875723838806,0.2756626009941101,0.17583443224430084,0.42607036232948303,0.06530386954545975,1.3660755157470703,6.0,505.0,0,2,172,0,0,0,200,200,0
1141,4564,778,130,778,2,right+A,0.06092725321650505,0.2803576588630676,0.20189091563224792,0.37936052680015564,0.07746365666389465,1.4158879518508911,7.0,512.0,0,2,172,0,0,0,200,200,0
1142,4568,785,110,785,3,right+B,0.059402287006378174,0.2740545868873596,0.2469203919172287,0.3239232897758484,0.09569946676492691,1.4575316905975342,7.0,519.0,0,2,172,0,0,0,200,200,0
1143,4572,792,90,792,2,right+A,0.06146787479519844,0.26582372188568115,0.3346591889858246,0.22601234912872314,0.11203685402870178,1.4713349342346191,7.0,526.0,0,2,172,0,0,0,200,200,0
1144,4576,799,102,799,1,right,0.058876536786556244,0.263016015291214,0.3334943652153015,0.23931479454040527,0.10529827326536179,1.4634814262390137,7.0,533.0,0,2,172,0,0,0,200,200,0
1145,4580,806,103,806,3,right+B,0.06302641332149506,0.2732429802417755,0.258930504322052,0.30992066860198975,0.09487936645746231,1.4650955200195312,7.0,540.0,0,2,171,0,0,0,300,300,0
1146,4584,813,94,813,1,right,0.06308150291442871,0.26975375413894653,0.2969415783882141,0.2699055075645447,0.10031768679618835,1.472473382949829,7.0,547.0,0,2,171,0,0,0,300,300,0
1147,4588,820,93,820,1,right,0.06245042383670807,0.28341490030288696,0.23813168704509735,0.340067058801651,0.07593593001365662,1.4347964525222778,7.0,554.0,0,2,171,0,0,0,300,300,0
1148,4592,827,99,827,0,NOOP,0.06552663445472717,0.2677508592605591,0.22227607667446136,0.36043211817741394,0.08401427417993546,1.4415485858917236,9.0,563.0,0,2,171,0,0,0,500,500,0
1149,4596,834,95,834,1,right,0.06645990908145905,0.2636213004589081,0.22574707865715027,0.35744738578796387,0.08672438561916351,1.4474155902862549,7.0,570.0,0,2,171,0,0,0,500,500,0
1150,4600,841,80,841,3,right+B,0.05793158710002899,0.25518032908439636,0.19419993460178375,0.41964957118034363,0.07303857803344727,1.3873286247253418,6.0,576.0,0,2,170,0,0,0,500,500,0
1151,4604,849,79,849,3,right+B,0.06069613993167877,0.2528587579727173,0.2151864618062973,0.38977664709091187,0.08148201555013657,1.4198509454727173,8.0,584.0,0,2,170,0,0,0,500,500,0
1152,4608,858,79,858,1,right,0.05623026192188263,0.2353125512599945,0.20114447176456451,0.4314892292022705,0.07582352310419083,1.38313627243042,9.0,593.0,0,2,170,0,0,0,500,500,0
1153,4612,869,97,869,2,right+A,0.07030145823955536,0.23668678104877472,0.29364141821861267,0.2878780663013458,0.1114923283457756,1.4906073808670044,11.0,604.0,0,2,170,0,0,0,500,500,0
1154,4616,881,115,881,3,right+B,0.06597687304019928,0.19415515661239624,0.39600327610969543,0.17391030490398407,0.16995440423488617,1.4698290824890137,12.0,616.0,0,2,170,0,0,0,500,500,0
1155,4620,893,121,893,2,right+A,0.0634087547659874,0.17983640730381012,0.41813158988952637,0.1281859576702118,0.21043717861175537,1.4393410682678223,11.0,627.0,0,2,169,0,0,0,500,500,0
1156,4624,898,114,898,2,right+A,0.06695256382226944,0.21971997618675232,0.3617502748966217,0.20982375741004944,0.1417534202337265,1.4863924980163574,5.0,632.0,0,2,169,0,0,0,500,500,0
1157,4628,898,94,898,1,right,0.06515926122665405,0.2586310803890228,0.2629256248474121,0.31735759973526,0.095926433801651,1.4680511951446533,0.0,632.0,1,2,169,0,0,0,500,500,0
1158,4632,898,79,898,1,right,0.06071901321411133,0.26810982823371887,0.17793697118759155,0.4287716746330261,0.0644625648856163,1.3700422048568726,0.0,632.0,2,2,169,0,0,0,500,500,0
1159,4636,898,79,898,1,right,0.05804784968495369,0.2587542235851288,0.1534770131111145,0.47848600149154663,0.0512348897755146,1.3076250553131104,0.0,632.0,3,2,169,0,0,0,500,500,0
1160,4640,898,79,898,0,NOOP,0.058077070862054825,0.2524961829185486,0.1447870433330536,0.49469825625419617,0.04994155094027519,1.2904536724090576,-1.0,631.0,4,2,168,0,0,0,500,500,0
1161,4644,898,79,898,1,right,0.058304425328969955,0.2534269690513611,0.1473410725593567,0.4906315207481384,0.050296008586883545,1.2954752445220947,0.0,631.0,5,2,168,0,0,0,500,500,0
1162,4648,898,79,898,0,NOOP,0.05872778594493866,0.25529128313064575,0.1479981541633606,0.4876672923564911,0.050315529108047485,1.2984247207641602,0.0,631.0,6,2,168,0,0,0,500,500,0
1163,4652,898,93,898,2,right+A,0.05897413566708565,0.25694459676742554,0.14904695749282837,0.4844244718551636,0.05060987547039986,1.301914095878601,0.0,631.0,7,2,168,0,0,0,500,500,0
1164,4656,898,108,898,3,right+B,0.05880775302648544,0.25633084774017334,0.15218287706375122,0.4815652072429657,0.05111324042081833,1.3059629201889038,0.0,631.0,8,2,168,0,0,0,500,500,0
1165,4660,898,112,898,2,right+A,0.05885390564799309,0.2574707567691803,0.15125343203544617,0.48107683658599854,0.051345016807317734,1.3062219619750977,-1.0,630.0,9,2,167,0,0,0,500,500,0
1166,4664,898,106,898,2,right+A,0.05763131380081177,0.2538471221923828,0.1471286565065384,0.49077391624450684,0.05061895400285721,1.2947936058044434,0.0,630.0,10,2,167,0,0,0,500,500,0
1167,4668,898,89,898,3,right+B,0.05709301680326462,0.2515861392021179,0.14523008465766907,0.4957188665866852,0.05037196725606918,1.2892515659332275,0.0,630.0,11,2,167,0,0,0,500,500,0
1168,4672,898,79,898,3,right+B,0.05840988829731941,0.25458115339279175,0.14987389743328094,0.4852633774280548,0.05187171697616577,1.3030200004577637,0.0,630.0,12,2,167,0,0,0,500,500,0
1169,4676,898,93,898,4,right+A+B,0.05820494890213013,0.25066104531288147,0.14588822424411774,0.49459347128868103,0.05065225809812546,1.2924602031707764,0.0,630.0,13,2,167,0,0,0,500,500,0
1170,4680,898,108,898,3,right+B,0.05855375528335571,0.25419631600379944,0.1496693342924118,0.4867771863937378,0.05080336704850197,1.3004330396652222,-1.0,629.0,14,2,166,0,0,0,500,500,0
1171,4684,898,112,898,3,right+B,0.058782778680324554,0.254791259765625,0.15006397664546967,0.4850684106349945,0.051293496042490005,1.3028706312179565,0.0,629.0,15,2,166,0,0,0,500,500,0
1172,4688,898,106,898,1,right,0.05855945870280266,0.2542685568332672,0.14874626696109772,0.48719650506973267,0.05122930556535721,1.3003613948822021,0.0,629.0,16,2,166,0,0,0,500,500,0
1173,4692,898,89,898,2,right+A,0.05782223120331764,0.2527134418487549,0.14780306816101074,0.49076414108276367,0.05089710280299187,1.2958942651748657,0.0,629.0,17,2,166,0,0,0,500,500,0
1174,4696,898,79,898,3,right+B,0.058970414102077484,0.25632163882255554,0.1533735692501068,0.4791555106639862,0.052178870886564255,1.3100391626358032,0.0,629.0,18,2,166,0,0,0,500,500,0
1175,4700,898,79,898,1,right,0.058617305010557175,0.2533144950866699,0.14947794377803802,0.487627774477005,0.05096251890063286,1.3001259565353394,-1.0,628.0,19,2,165,0,0,0,500,500,0
1176,4704,898,79,898,3,right+B,0.05832989886403084,0.2546938359737396,0.14760713279247284,0.48962727189064026,0.04974181577563286,1.2954163551330566,0.0,628.0,20,2,165,0,0,0,500,500,0
1177,4708,898,79,898,0,NOOP,0.05840763449668884,0.25552693009376526,0.14727582037448883,0.48843708634376526,0.050352536141872406,1.297118902206421,0.0,628.0,21,2,165,0,0,0,500,500,0
1178,4712,898,93,898,4,right+A+B,0.05849147215485573,0.25532272458076477,0.1470366269350052,0.48870593309402466,0.050443340092897415,1.2970834970474243,0.0,628.0,22,2,165,0,0,0,500,500,0
1179,4716,898,108,898,1,right,0.05878707766532898,0.25534945726394653,0.14964842796325684,0.4853045642375946,0.050910480320453644,1.301888346672058,0.0,628.0,23,2,165,0,0,0,500,500,0
1180,4720,898,112,898,3,right+B,0.05887381732463837,0.2563032805919647,0.14969666302204132,0.48386549949645996,0.051260776817798615,1.303525447845459,-1.0,627.0,24,2,164,0,0,0,500,500,0
1181,4724,898,106,898,2,right+A,0.05787471681833267,0.2529847025871277,0.14638835191726685,0.49210259318351746,0.05064969137310982,1.2939188480377197,0.0,627.0,25,2,164,0,0,0,500,500,0
1182,4728,898,89,898,2,right+A,0.05738145858049393,0.2516363859176636,0.14551371335983276,0.494992733001709,0.050475820899009705,1.290493130683899,0.0,627.0,26,2,164,0,0,0,500,500,0
1183,4732,898,79,898,4,right+A+B,0.058651674538850784,0.2545481026172638,0.15018796920776367,0.48467743396759033,0.05193481221795082,1.3040193319320679,0.0,627.0,27,2,164,0,0,0,500,500,0
1184,4736,898,79,898,2,right+A,0.058629535138607025,0.25167325139045715,0.14735189080238342,0.4912036061286926,0.05114172399044037,1.2969340085983276,0.0,627.0,28,2,164,0,0,0,500,500,0
1185,4740,898,79,898,3,right+B,0.05867074429988861,0.2542770504951477,0.14686402678489685,0.49001821875572205,0.050169967114925385,1.2959522008895874,-1.0,626.0,29,2,163,0,0,0,500,500,0
1186,4744,898,79,898,1,right,0.058997880667448044,0.2556891441345215,0.1492040902376175,0.48548921942710876,0.05061968415975571,1.3013709783554077,0.0,626.0,30,2,163,0,0,0,500,500,0
1187,4748,898,79,898,3,right+B,0.058755941689014435,0.2563363015651703,0.1482614129781723,0.4862670302391052,0.050379276275634766,1.299614667892456,0.0,626.0,31,2,163,0,0,0,500,500,0
1188,4752,898,79,898,3,right+B,0.05830761790275574,0.2546502351760864,0.14703162014484406,0.49017688632011414,0.04983363673090935,1.2948589324951172,0.0,626.0,32,2,163,0,0,0,500,500,0
1189,4756,898,79,898,3,right+B,0.05832609906792641,0.25604239106178284,0.14718922972679138,0.4883459806442261,0.050096336752176285,1.296592354774475,0.0,626.0,33,2,163,0,0,0,500,500,0
1190,4760,898,79,898,1,right,0.058312784880399704,0.2549588978290558,0.14719493687152863,0.48915916681289673,0.05037425830960274,1.2965004444122314,-1.0,625.0,34,2,162,0,0,0,500,500,0
1191,4764,898,79,898,1,right,0.05784064903855324,0.2532148063182831,0.14370213449001312,0.49572935700416565,0.04951302334666252,1.2881063222885132,0.0,625.0,35,2,162,0,0,0,500,500,0
1192,4768,898,79,898,0,NOOP,0.058002009987831116,0.25337931513786316,0.14361026883125305,0.4953407347202301,0.04966770112514496,1.2888054847717285,0.0,625.0,36,2,162,0,0,0,500,500,0
1193,4772,898,79,898,3,right+B,0.05827689543366432,0.2536954879760742,0.14497524499893188,0.49312931299209595,0.04992310702800751,1.2918715476989746,0.0,625.0,37,2,162,0,0,0,500,500,0
1194,4776,898,93,898,2,right+A,0.05850491300225258,0.2538823187351227,0.14514851570129395,0.4923717975616455,0.05009251832962036,1.293081283569336,0.0,625.0,38,2,162,0,0,0,500,500,0
1195,4780,898,108,898,1,right,0.05890510603785515,0.25507691502571106,0.14884309470653534,0.4863700866699219,0.050804659724235535,1.3007726669311523,-1.0,624.0,39,2,161,0,0,0,500,500,0
1196,4784,898,112,898,1,right,0.05905769765377045,0.2561199963092804,0.15037287771701813,0.48307979106903076,0.05136958509683609,1.3048313856124878,0.0,624.0,40,2,161,0,0,0,500,500,0
1197,4788,898,106,898,3,right+B,0.05857450142502785,0.25422999262809753,0.14931246638298035,0.48677390813827515,0.051109131425619125,1.3007676601409912,0.0,624.0,41,2,161,0,0,0,500,500,0
1198,4792,898,89,898,3,right+B,0.057875681668519974,0.2537219524383545,0.1491376906633377,0.4886491596698761,0.05061546713113785,1.2976279258728027,0.0,624.0,42,2,161,0,0,0,500,500,0
1199,4796,898,79,898,3,right+B,0.059077028185129166,0.25731149315834045,0.1543802171945572,0.4771495461463928,0.052081696689128876,1.3118034601211548,0.0,624.0,43,2,161,0,0,0,500,500,0
1200,4800,898,79,898,3,right+B,0.05841793119907379,0.2524462640285492,0.14937402307987213,0.4891292154788971,0.050632596015930176,1.2982618808746338,-1.0,623.0,44,2,160,0,0,0,500,500,0
1201,4804,898,79,898,3,right+B,0.058295998722314835,0.255434513092041,0.14679421484470367,0.48976895213127136,0.049706317484378815,1.2947691679000854,0.0,623.0,45,2,160,0,0,0,500,500,0
1202,4808,898,79,898,3,right+B,0.05859643593430519,0.25504639744758606,0.1474471241235733,0.48858967423439026,0.05032036080956459,1.297339677810669,0.0,623.0,46,2,160,0,0,0,500,500,0
1203,4812,898,79,898,3,right+B,0.05855397880077362,0.2546257972717285,0.14558503031730652,0.4910396933555603,0.05019542574882507,1.2944427728652954,0.0,623.0,47,2,160,0,0,0,500,500,0
1204,4816,898,79,898,3,right+B,0.05844944342970848,0.25394386053085327,0.1444646418094635,0.49316510558128357,0.04997703433036804,1.2919020652770996,0.0,623.0,48,2,160,0,0,0,500,500,0
1205,4820,898,79,898,3,right+B,0.058471325784921646,0.2540472149848938,0.14540500938892365,0.4919339418411255,0.05014248192310333,1.2935459613800049,-1.0,622.0,49,2,159,0,0,0,500,500,0
1206,4824,898,79,898,3,right+B,0.05858458951115608,0.2539118528366089,0.14647617936134338,0.4903309941291809,0.05069645866751671,1.2962584495544434,0.0,622.0,50,2,159,0,0,0,500,500,0
1207,4828,898,93,898,2,right+A,0.0581299252808094,0.2528991997241974,0.1439189612865448,0.49514955282211304,0.049902353435754776,1.2896783351898193,0.0,622.0,51,2,159,0,0,0,500,500,0
1208,4832,898,108,898,3,right+B,0.05872282758355141,0.2546986937522888,0.14994755387306213,0.48533540964126587,0.05129546299576759,1.3025522232055664,0.0,622.0,52,2,159,0,0,0,500,500,0
1209,4836,898,112,898,2,right+A,0.05910622701048851,0.25615331530570984,0.151914581656456,0.4810917377471924,0.05173417180776596,1.3075575828552246,0.0,622.0,53,2,159,0,0,0,500,500,0
1210,4840,898,106,898,3,right+B,0.05844637379050255,0.25475379824638367,0.15115615725517273,0.4841053783893585,0.05153829976916313,1.3039615154266357,-1.0,621.0,54,2,158,0,0,0,500,500,0
1211,4844,898,89,898,4,right+A+B,0.05766715481877327,0.2539098262786865,0.14915432035923004,0.48833245038986206,0.05093633756041527,1.2980519533157349,0.0,621.0,55,2,158,0,0,0,500,500,0
1212,4848,898,79,898,1,right,0.05850418657064438,0.2554665505886078,0.15283748507499695,0.48111337423324585,0.05207846313714981,1.3076859712600708,0.0,621.0,56,2,158,0,0,0,500,500,0
1213,4852,898,93,898,2,right+A,0.058158013969659805,0.252547949552536,0.14748844504356384,0.49085524678230286,0.050950292497873306,1.2962440252304077,0.0,621.0,57,2,158,0,0,0,500,500,0
1214,4856,898,108,898,0,NOOP,0.05834171548485756,0.25498560070991516,0.1501433253288269,0.4856436848640442,0.050885703414678574,1.3012381792068481,0.0,621.0,58,2,158,0,0,0,500,500,0
1215,4860,898,112,898,3,right+B,0.05861634016036987,0.2549234926700592,0.14980638027191162,0.48536157608032227,0.05129217356443405,1.3022987842559814,-1.0,620.0,59,2,157,0,0,0,500,500,0
1216,4864,898,106,898,1,right,0.05816277861595154,0.25377246737480164,0.14725647866725922,0.48989754915237427,0.05091075971722603,1.296695351600647,0.0,620.0,60,2,157,0,0,0,500,500,0
1217,4868,898,89,898,3,right+B,0.05732681229710579,0.25129643082618713,0.14535510540008545,0.49556517601013184,0.05045643821358681,1.2899061441421509,0.0,620.0,61,2,157,0,0,0,500,500,0
1218,4872,898,79,898,3,right+B,0.05851080268621445,0.25415030121803284,0.15008321404457092,0.4853581488132477,0.05189747363328934,1.3032586574554443,0.0,620.0,62,2,157,0,0,0,500,500,0
1219,4876,898,79,898,3,right+B,0.058315638452768326,0.25078311562538147,0.14627337455749512,0.493887722492218,0.050740212202072144,1.2934494018554688,0.0,620.0,63,2,157,0,0,0,500,500,0
1220,4880,898,79,898,3,right+B,0.05867601931095123,0.25425228476524353,0.14659401774406433,0.4903503656387329,0.05012724548578262,1.2955238819122314,-1.0,619.0,64,2,156,0,0,0,500,500,0
1221,4884,898,79,898,3,right+B,0.05891244485974312,0.2545876204967499,0.14813083410263062,0.4876278340816498,0.05074125900864601,1.299481987953186,0.0,619.0,65,2,156,0,0,0,500,500,0
1222,4888,898,79,898,3,right+B,0.05913776531815529,0.25619834661483765,0.14885927736759186,0.4852701425552368,0.0505344420671463,1.3013914823532104,0.0,619.0,66,2,156,0,0,0,500,500,0
1223,4892,898,79,898,3,right+B,0.05908529460430145,0.25654399394989014,0.1486843377351761,0.48541027307510376,0.050276029855012894,1.30070960521698,0.0,619.0,67,2,156,0,0,0,500,500,0
1224,4896,898,79,898,3,right+B,0.05855857580900192,0.255592942237854,0.14849291741847992,0.48722437024116516,0.0501311719417572,1.2984310388565063,0.0,619.0,68,2,156,0,0,0,500,500,0
1225,4900,898,79,898,3,right+B,0.05861816182732582,0.2561449110507965,0.14842745661735535,0.48616907000541687,0.05064041540026665,1.2999893426895142,-1.0,618.0,69,2,155,0,0,0,500,500,0
1226,4904,898,79,898,1,right,0.05818074569106102,0.2543300688266754,0.14537137746810913,0.4922969341278076,0.04982089623808861,1.2923364639282227,0.0,618.0,70,2,155,0,0,0,500,500,0
1227,4908,898,79,898,3,right+B,0.058076947927474976,0.2535665035247803,0.1441195160150528,0.4944840371608734,0.049753010272979736,1.2899166345596313,0.0,618.0,71,2,155,0,0,0,500,500,0
1228,4912,898,79,898,1,right,0.05837327241897583,0.254416286945343,0.14511190354824066,0.4920038878917694,0.050094686448574066,1.2931140661239624,0.0,618.0,72,2,155,0,0,0,500,500,0
1229,4916,898,79,898,1,right,0.05835061892867088,0.2534639537334442,0.14492954313755035,0.49308663606643677,0.05016925185918808,1.292382001876831,0.0,618.0,73,2,155,0,0,0,500,500,0
1230,4920,898,79,898,1,right,0.05800878629088402,0.25264373421669006,0.14291521906852722,0.4968559145927429,0.04957639425992966,1.2872514724731445,-1.0,617.0,74,2,154,0,0,0,500,500,0
1231,4924,898,79,898,3,right+B,0.05840018019080162,0.2538906931877136,0.1448354721069336,0.49293556809425354,0.049938175827264786,1.2921278476715088,0.0,617.0,75,2,154,0,0,0,500,500,0
1232,4928,898,79,898,3,right+B,0.058912795037031174,0.254944384098053,0.1474386304616928,0.4881269335746765,0.050577227026224136,1.2985165119171143,0.0,617.0,76,2,154,0,0,0,500,500,0
1233,4932,898,79,898,1,right,0.058833155781030655,0.2546188235282898,0.14763708412647247,0.4882129728794098,0.0506979338824749,1.298647165298462,0.0,617.0,77,2,154,0,0,0,500,500,0
1234,4936,898,79,898,3,right+B,0.059002988040447235,0.25560426712036133,0.1481645703315735,0.48687776923179626,0.05035043880343437,1.2994858026504517,0.0,617.0,78,2,154,0,0,0,500,500,0
1235,4940,898,79,898,0,NOOP,0.059076111763715744,0.25706028938293457,0.1492965668439865,0.48421138525009155,0.050355538725852966,1.3019206523895264,-1.0,616.0,79,2,153,0,0,0,500,500,0
1236,4944,898,79,898,1,right,0.058792416006326675,0.25556957721710205,0.1493789106607437,0.48575568199157715,0.05050349235534668,1.3008042573928833,0.0,616.0,80,2,153,0,0,0,500,500,0
1237,4948,898,79,898,3,right+B,0.058869369328022,0.2568434476852417,0.14778609573841095,0.4860703647136688,0.050430748611688614,1.299729824066162,0.0,616.0,81,2,153,0,0,0,500,500,0
1238,4952,898,79,898,3,right+B,0.058678045868873596,0.25574997067451477,0.14607922732830048,0.4894821345806122,0.05001062527298927,1.2956180572509766,0.0,616.0,82,2,153,0,0,0,500,500,0
1239,4956,898,79,898,3,right+B,0.05830519646406174,0.2543755769729614,0.1448427438735962,0.49260881543159485,0.049867674708366394,1.2920935153961182,0.0,616.0,83,2,153,0,0,0,500,500,0
1240,4960,898,79,898,3,right+B,0.05850359424948692,0.2544698119163513,0.1450977623462677,0.4918730854988098,0.050055716186761856,1.293320655822754,-1.0,615.0,84,2,152,0,0,0,500,500,0
1241,4964,898,79,898,3,right+B,0.05823619291186333,0.2531236708164215,0.14383234083652496,0.4951602518558502,0.04964752122759819,1.289364218711853,0.0,615.0,85,2,152,0,0,0,500,500,0
1242,4968,898,79,898,1,right,0.05827992036938667,0.2537403106689453,0.14493784308433533,0.49312061071395874,0.049921296536922455,1.2918577194213867,0.0,615.0,86,2,152,0,0,0,500,500,0
1243,4972,898,93,898,2,right+A,0.058370716869831085,0.2535801827907562,0.14582189917564392,0.49182143807411194,0.05040570721030235,1.2941303253173828,0.0,615.0,87,2,152,0,0,0,500,500,0
1244,4976,898,108,898,1,right,0.058976396918296814,0.2549937665462494,0.1506558507680893,0.48405721783638,0.051316745579242706,1.3041536808013916,0.0,615.0,88,2,152,0,0,0,500,500,0
1245,4980,898,112,898,1,right,0.05878498777747154,0.25534018874168396,0.15073895454406738,0.48373526334762573,0.051400668919086456,1.3042576313018799,-1.0,614.0,89,2,151,0,0,0,500,500,0
1246,4984,898,106,898,0,NOOP,0.058449290692806244,0.2551429271697998,0.15073439478874207,0.48443251848220825,0.05124090611934662,1.3030588626861572,0.0,614.0,90,2,151,0,0,0,500,500,0
1247,4988,898,89,898,3,right+B,0.05789565667510033,0.2543518543243408,0.1496560126543045,0.48737794160842896,0.05071854591369629,1.2989287376403809,0.0,614.0,91,2,151,0,0,0,500,500,0
1248,4992,898,79,898,3,right+B,0.05879102647304535,0.2561091184616089,0.1536882519721985,0.479560911655426,0.05185072124004364,1.309159278869629,0.0,614.0,92,2,151,0,0,0,500,500,0
1249,4996,898,79,898,3,right+B,0.058410193771123886,0.25320255756378174,0.1484622061252594,0.4891812801361084,0.05074365437030792,1.2979118824005127,0.0,614.0,93,2,151,0,0,0,500,500,0
1250,5000,898,79,898,1,right,0.05831063911318779,0.2548264265060425,0.14623703062534332,0.49105972051620483,0.04956614226102829,1.293408989906311,-1.0,613.0,94,2,150,0,0,0,500,500,0
1251,5004,898,79,898,3,right+B,0.05850096419453621,0.25419384241104126,0.1461508870124817,0.4910789132118225,0.0500754788517952,1.294459342956543,0.0,613.0,95,2,150,0,0,0,500,500,0
1252,5008,898,79,898,1,right,0.058777518570423126,0.25488170981407166,0.14589640498161316,0.49020594358444214,0.0502384714782238,1.2955615520477295,0.0,613.0,96,2,150,0,0,0,500,500,0
1253,5012,898,79,898,1,right,0.05867740139365196,0.2538119852542877,0.14508958160877228,0.4923988878726959,0.050022050738334656,1.2931689023971558,0.0,613.0,97,2,150,0,0,0,500,500,0
1254,5016,898,79,898,3,right+B,0.05859731137752533,0.2542087435722351,0.14583376049995422,0.49112409353256226,0.05023595318198204,1.2946555614471436,0.0,613.0,98,2,150,0,0,0,500,500,0
1255,5020,898,79,898,3,right+B,0.058729518204927444,0.2541656792163849,0.14690494537353516,0.48948898911476135,0.050710808485746384,1.2972824573516846,-1.0,612.0,99,2,149,0,0,0,500,500,0
1256,5024,898,79,898,3,right+B,0.058617446571588516,0.25417381525039673,0.1459498554468155,0.49084725975990295,0.0504116415977478,1.2952163219451904,0.0,612.0,100,2,149,0,0,0,500,500,0
1257,5028,898,93,898,2,right+A,0.058376606553792953,0.25405246019363403,0.14580440521240234,0.4913563132286072,0.05041024461388588,1.29444420337677,0.0,612.0,101,2,149,0,0,0,500,500,0
1258,5032,898,108,898,3,right+B,0.058815229684114456,0.2564161419868469,0.15189166367053986,0.48166409134864807,0.05121288821101189,1.3059203624725342,0.0,612.0,102,2,149,0,0,0,500,500,0
1259,5036,898,112,898,1,right,0.0588945671916008,0.2573416829109192,0.15313920378684998,0.4786786735057831,0.05194585770368576,1.3097317218780518,0.0,612.0,103,2,149,0,0,0,500,500,0
1260,5040,898,106,898,3,right+B,0.0577661469578743,0.25414568185806274,0.14909155666828156,0.487952321767807,0.05104431137442589,1.2985868453979492,-1.0,611.0,104,2,148,0,0,0,500,500,0
1261,5044,898,89,898,3,right+B,0.05679033696651459,0.25291216373443604,0.14615972340106964,0.4934583306312561,0.05067954212427139,1.291327953338623,0.0,611.0,105,2,148,0,0,0,500,500,0
1262,5048,898,79,898,1,right,0.057875312864780426,0.25481024384498596,0.14953234791755676,0.48585009574890137,0.05193201079964638,1.301766037940979,0.0,611.0,106,2,148,0,0,0,500,500,0
1263,5052,898,79,898,3,right+B,0.057553231716156006,0.2504601776599884,0.14433152973651886,0.49705320596694946,0.05060187354683876,1.2888954877853394,0.0,611.0,107,2,148,0,0,0,500,500,0
1264,5056,898,93,898,2,right+A,0.05770787596702576,0.25308382511138916,0.1431064009666443,0.49645698070526123,0.04964498430490494,1.2872974872589111,0.0,611.0,108,2,148,0,0,0,500,500,0
1265,5060,898,108,898,1,right,0.058267369866371155,0.25364431738853455,0.1479131281375885,0.4892999827861786,0.0508752167224884,1.2975409030914307,-1.0,610.0,109,2,147,0,0,0,500,500,0
1266,5064,898,112,898,0,NOOP,0.05859344080090523,0.2550968527793884,0.14865602552890778,0.48637208342552185,0.05128153786063194,1.3009803295135498,0.0,610.0,110,2,147,0,0,0,500,500,0
1267,5068,898,106,898,3,right+B,0.05777563154697418,0.2528229355812073,0.14617210626602173,0.4923531711101532,0.050876181572675705,1.2938508987426758,0.0,610.0,111,2,147,0,0,0,500,500,0
1268,5072,898,89,898,2,right+A,0.05716804787516594,0.25168246030807495,0.14586062729358673,0.49449434876441956,0.050794567912817,1.2912145853042603,0.0,610.0,112,2,147,0,0,0,500,500,0
1269,5076,898,79,898,1,right,0.05860431492328644,0.2549472749233246,0.1516258865594864,0.48239389061927795,0.05242866650223732,1.3069491386413574,0.0,610.0,113,2,147,0,0,0,500,500,0
1270,5080,898,79,898,3,right+B,0.058357659727334976,0.25233039259910583,0.14859607815742493,0.4896211624145508,0.05109470337629318,1.2981781959533691,-1.0,609.0,114,2,146,0,0,0,500,500,0
1271,5084,898,79,898,3,right+B,0.058315347880125046,0.2555762231349945,0.14765475690364838,0.4884149134159088,0.05003882572054863,1.2966947555541992,0.0,609.0,115,2,146,0,0,0,500,500,0
1272,5088,898,93,898,4,right+A+B,0.0583687424659729,0.254914790391922,0.14828427135944366,0.48808810114860535,0.0503440760076046,1.2978249788284302,0.0,609.0,116,2,146,0,0,0,500,500,0
1273,5092,898,108,898,1,right,0.058897968381643295,0.2573998272418976,0.1519450694322586,0.48030558228492737,0.05145164206624031,1.3073068857192993,0.0,609.0,117,2,146,0,0,0,500,500,0
1274,5096,898,112,898,1,right,0.058269064873456955,0.2555789053440094,0.1492675095796585,0.4859786033630371,0.05090590938925743,1.300480604171753,0.0,609.0,118,2,146,0,0,0,500,500,0
1275,5100,898,106,898,2,right+A,0.05752687528729439,0.25328296422958374,0.1465269923210144,0.4918903112411499,0.050772808492183685,1.2938191890716553,-1.0,608.0,119,2,145,0,0,0,500,500,0
1276,5104,898,89,898,3,right+B,0.057006482034921646,0.2516692280769348,0.14471633732318878,0.49620115756988525,0.0504068061709404,1.288568377494812,0.0,608.0,120,2,145,0,0,0,500,500,0
1277,5108,898,79,898,2,right+A,0.05813061073422432,0.25394803285598755,0.1488935500383377,0.4871976375579834,0.05183010920882225,1.3007667064666748,0.0,608.0,121,2,145,0,0,0,500,500,0
1278,5112,898,79,898,3,right+B,0.057699523866176605,0.2500740885734558,0.144285187125206,0.49737775325775146,0.050563544034957886,1.2888007164001465,0.0,608.0,122,2,145,0,0,0,500,500,0
1279,5116,898,79,898,3,right+B,0.0578533336520195,0.2528480887413025,0.14336605370044708,0.49633386731147766,0.04959869012236595,1.2876673936843872,0.0,608.0,123,2,145,0,0,0,500,500,0
1280,5120,898,93,898,4,right+A+B,0.0584312304854393,0.2540755271911621,0.14582358300685883,0.49111512303352356,0.0505545400083065,1.2949273586273193,-1.0,607.0,124,2,144,0,0,0,500,500,0
1281,5124,898,108,898,3,right+B,0.0590406097471714,0.2558518052101135,0.1514948457479477,0.4819154143333435,0.05169741436839104,1.3066625595092773,0.0,607.0,125,2,144,0,0,0,500,500,0
1282,5128,898,112,898,3,right+B,0.05890592932701111,0.25662022829055786,0.1519058793783188,0.4811612665653229,0.05140667408704758,1.3066896200180054,0.0,607.0,126,2,144,0,0,0,500,500,0
1283,5132,898,106,898,3,right+B,0.05813064053654671,0.25559696555137634,0.150364950299263,0.48461124300956726,0.05129614844918251,1.3023667335510254,0.0,607.0,127,2,144,0,0,0,500,500,0
1284,5136,898,89,898,3,right+B,0.057110659778118134,0.25266894698143005,0.14786379039287567,0.4917086064815521,0.050647981464862823,1.2938454151153564,0.0,607.0,128,2,144,0,0,0,500,500,0
1285,5140,898,79,898,3,right+B,0.05830178037285805,0.2562505304813385,0.1514596790075302,0.48178714513778687,0.05220083147287369,1.3064393997192383,-1.0,606.0,129,2,143,0,0,0,500,500,0
1286,5144,898,79,898,3,right+B,0.05775659903883934,0.2514912188053131,0.14591699838638306,0.49413418769836426,0.05070092901587486,1.2922077178955078,0.0,606.0,130,2,143,0,0,0,500,500,0
1287,5148,898,79,898,1,right,0.05768181383609772,0.2531498968601227,0.14355245232582092,0.4960434138774872,0.0495724193751812,1.287672758102417,0.0,606.0,131,2,143,0,0,0,500,500,0
1288,5152,898,79,898,1,right,0.05808873474597931,0.25365370512008667,0.14462074637413025,0.4934590756893158,0.05017770454287529,1.2915897369384766,0.0,606.0,132,2,143,0,0,0,500,500,0
1289,5156,898,93,898,2,right+A,0.058117542415857315,0.2534821629524231,0.14381329715251923,0.49462583661079407,0.04996112734079361,1.2900466918945312,0.0,606.0,133,2,143,0,0,0,500,500,0
1290,5160,898,108,898,3,right+B,0.058251719921827316,0.25374674797058105,0.1476263701915741,0.4897523820400238,0.05062275007367134,1.2966593503952026,-1.0,605.0,134,2,142,0,0,0,500,500,0
1291,5164,898,112,898,1,right,0.0582512803375721,0.2548138499259949,0.14828811585903168,0.48771780729293823,0.05092885345220566,1.2988395690917969,0.0,605.0,135,2,142,0,0,0,500,500,0
1292,5168,898,106,898,3,right+B,0.05777740105986595,0.25307634472846985,0.14753033220767975,0.4904142916202545,0.05120159685611725,1.2964003086090088,0.0,605.0,136,2,142,0,0,0,500,500,0
1293,5172,898,89,898,3,right+B,0.05704300105571747,0.25151389837265015,0.1460052877664566,0.4947216510772705,0.050716184079647064,1.2908287048339844,0.0,605.0,137,2,142,0,0,0,500,500,0
1294,5176,898,79,898,3,right+B,0.05837549269199371,0.2554914951324463,0.15178701281547546,0.4822373688220978,0.05210863798856735,1.3062878847122192,0.0,605.0,138,2,142,0,0,0,500,500,0
1295,5180,898,79,898,1,right,0.05801590904593468,0.25249171257019043,0.14787422120571136,0.49073556065559387,0.05088256299495697,1.2962132692337036,-1.0,604.0,139,2,141,0,0,0,500,500,0
1296,5184,898,93,898,4,right+A+B,0.05799300596117973,0.2544260323047638,0.1467558741569519,0.49109017848968506,0.04973487928509712,1.2934825420379639,0.0,604.0,140,2,141,0,0,0,500,500,0
1297,5188,898,109,898,2,right+A,0.058663833886384964,0.2562885582447052,0.1510174721479416,0.4830171465873718,0.05101298168301582,1.304059386253357,0.0,604.0,141,2,141,0,0,0,500,500,0
1298,5192,898,121,898,3,right+B,0.05872713774442673,0.25656363368034363,0.15037240087985992,0.4831891357898712,0.051147643476724625,1.3039181232452393,0.0,604.0,142,2,141,0,0,0,500,500,0
1299,5196,898,122,898,1,right,0.05862167850136757,0.256790429353714,0.1515747755765915,0.48084399104118347,0.05216916650533676,1.30751633644104,0.0,604.0,143,2,141,0,0,0,500,500,0
1300,5200,898,113,898,3,right+B,0.057525843381881714,0.2543286383152008,0.1453356295824051,0.491563618183136,0.051246289163827896,1.2941341400146484,-1.0,603.0,144,2,140,0,0,0,500,500,0
1301,5204,898,94,898,3,right+B,0.05789341405034065,0.25271427631378174,0.1457238346338272,0.4941326379776001,0.04953586310148239,1.2904224395751953,0.0,603.0,145,2,140,0,0,0,500,500,0
1302,5208,898,79,898,1,right,0.05679595470428467,0.25100278854370117,0.14237023890018463,0.5001693964004517,0.049661602824926376,1.283023715019226,0.0,603.0,146,2,140,0,0,0,500,500,0
1303,5212,898,79,898,1,right,0.057458989322185516,0.2529589831829071,0.14286360144615173,0.49802497029304504,0.048693474382162094,1.2841722965240479,0.0,603.0,147,2,140,0,0,0,500,500,0
1304,5216,898,79,898,1,right,0.05790194869041443,0.2517833113670349,0.14344950020313263,0.49740228056907654,0.04946299269795418,1.2868411540985107,0.0,603.0,148,2,140,0,0,0,500,500,0
1305,5220,898,79,898,3,right+B,0.05823293328285217,0.25340011715888977,0.14636775851249695,0.491824209690094,0.05017496645450592,1.2938536405563354,-1.0,602.0,149,2,139,0,0,0,500,500,0
1306,5224,898,93,898,2,right+A,0.05864537134766579,0.2552756071090698,0.14822207391262054,0.48712357878685,0.050733402371406555,1.2994540929794312,0.0,602.0,150,2,139,0,0,0,500,500,0
1307,5228,898,108,898,3,right+B,0.05891652777791023,0.2565992772579193,0.1520509123802185,0.48120057582855225,0.05123274400830269,1.3064765930175781,0.0,602.0,151,2,139,0,0,0,500,500,0
1308,5232,898,112,898,3,right+B,0.05881024897098541,0.25673341751098633,0.1526639312505722,0.48045027256011963,0.05134212225675583,1.3072869777679443,0.0,602.0,152,2,139,0,0,0,500,500,0
1309,5236,898,106,898,1,right,0.05816102772951126,0.2551906406879425,0.149888277053833,0.48539453744888306,0.05136553943157196,1.3017674684524536,0.0,602.0,153,2,139,0,0,0,500,500,0
1310,5240,898,89,898,0,NOOP,0.05734998360276222,0.25279098749160767,0.14674971997737885,0.4924648106098175,0.05064447596669197,1.2930898666381836,-1.0,601.0,154,2,138,0,0,0,500,500,0
1311,5244,898,79,898,2,right+A,0.05854327976703644,0.25496846437454224,0.15022817254066467,0.48425158858299255,0.05200847610831261,1.304271936416626,0.0,601.0,155,2,138,0,0,0,500,500,0
1312,5248,898,79,898,3,right+B,0.05828182026743889,0.2512911558151245,0.1455870270729065,0.4940713346004486,0.050768736749887466,1.2929490804672241,0.0,601.0,156,2,138,0,0,0,500,500,0
1313,5252,898,79,898,3,right+B,0.05835750326514244,0.2533895969390869,0.14442892372608185,0.49411243200302124,0.04971163719892502,1.290684700012207,0.0,601.0,157,2,138,0,0,0,500,500,0
1314,5256,898,79,898,3,right+B,0.05859338119626045,0.25363802909851074,0.1453566700220108,0.49216437339782715,0.05024755746126175,1.2937159538269043,0.0,601.0,158,2,138,0,0,0,500,500,0
1315,5260,898,79,898,3,right+B,0.05855920538306236,0.25392091274261475,0.14451995491981506,0.4928976893424988,0.050102293491363525,1.2924753427505493,-1.0,600.0,159,2,137,0,0,0,500,500,0
1316,5264,898,79,898,1,right,0.05886591598391533,0.2545165419578552,0.14565922319889069,0.49075427651405334,0.05020401254296303,1.2951433658599854,0.0,600.0,160,2,137,0,0,0,500,500,0
1317,5268,898,93,898,2,right+A,0.05893712863326073,0.2551158368587494,0.14750559628009796,0.4879274070262909,0.05051411688327789,1.2986164093017578,0.0,600.0,161,2,137,0,0,0,500,500,0
1318,5272,898,109,898,2,right+A,0.059474144130945206,0.2569083571434021,0.15437725186347961,0.47750619053840637,0.05173401162028313,1.3116075992584229,0.0,600.0,162,2,137,0,0,0,500,500,0
1319,5276,898,121,898,1,right,0.05941278859972954,0.25780582427978516,0.15388819575309753,0.4774134159088135,0.051479823887348175,1.3109159469604492,0.0,600.0,163,2,137,0,0,0,500,500,0
1320,5280,898,122,898,3,right+B,0.05901546776294708,0.25796177983283997,0.1558009833097458,0.4745963513851166,0.05262552946805954,1.3148672580718994,-1.0,599.0,164,2,136,0,0,0,500,500,0
1321,5284,898,113,898,3,right+B,0.057850878685712814,0.256127268075943,0.1482095569372177,0.4861554205417633,0.05165686830878258,1.3003798723220825,0.0,599.0,165,2,136,0,0,0,500,500,0
1322,5288,898,94,898,3,right+B,0.05842552334070206,0.25473061203956604,0.14821146428585052,0.4887726306915283,0.04985981807112694,1.2966365814208984,0.0,599.0,166,2,136,0,0,0,500,500,0
1323,5292,898,79,898,3,right+B,0.05729655176401138,0.2524453401565552,0.14350754022598267,0.4970206320285797,0.04972995072603226,1.2866733074188232,0.0,599.0,167,2,136,0,0,0,500,500,0
1324,5296,898,79,898,1,right,0.05781130865216255,0.2539713978767395,0.1434784084558487,0.4961514472961426,0.04858743026852608,1.2861323356628418,0.0,599.0,168,2,136,0,0,0,500,500,0
1325,5300,898,79,898,1,right,0.05807766690850258,0.251589834690094,0.1426771730184555,0.49874982237815857,0.04890545830130577,1.2848325967788696,-1.0,598.0,169,2,135,0,0,0,500,500,0
1326,5304,898,93,898,2,right+A,0.05842595547437668,0.25319820642471313,0.1451290100812912,0.4936274290084839,0.04961933195590973,1.29135000705719,0.0,598.0,170,2,135,0,0,0,500,500,0
1327,5308,898,108,898,3,right+B,0.059097252786159515,0.2552039921283722,0.15063175559043884,0.4836973249912262,0.05136968567967415,1.3046332597732544,0.0,598.0,171,2,135,0,0,0,500,500,0
1328,5312,898,112,898,0,NOOP,0.05917585641145706,0.25584885478019714,0.15050484240055084,0.4830716550350189,0.051398731768131256,1.305126428604126,0.0,598.0,172,2,135,0,0,0,500,500,0
1329,5316,898,106,898,3,right+B,0.05847928673028946,0.25437331199645996,0.1493837535381317,0.48639509081840515,0.05136856064200401,1.301327109336853,0.0,598.0,173,2,135,0,0,0,500,500,0
1330,5320,898,89,898,0,NOOP,0.057907428592443466,0.25381243228912354,0.14896540343761444,0.4884728193283081,0.05084198713302612,1.2980635166168213,-1.0,597.0,174,2,134,0,0,0,500,500,0
1331,5324,898,79,898,3,right+B,0.059181708842515945,0.2574411630630493,0.1543884575366974,0.47661125659942627,0.05237731337547302,1.312765121459961,0.0,597.0,175,2,134,0,0,0,500,500,0
1332,5328,898,93,898,2,right+A,0.05858761444687843,0.25274065136909485,0.14956139028072357,0.4881577491760254,0.05095260590314865,1.2997627258300781,0.0,597.0,176,2,134,0,0,0,500,500,0
1333,5332,898,108,898,3,right+B,0.058872826397418976,0.25688254833221436,0.15230286121368408,0.4808044135570526,0.05113735422492027,1.3066389560699463,0.0,597.0,177,2,134,0,0,0,500,500,0
1334,5336,898,112,898,2,right+A,0.05898912250995636,0.2564232051372528,0.15174974501132965,0.48140034079551697,0.05143759027123451,1.3066294193267822,0.0,597.0,178,2,134,0,0,0,500,500,0
1335,5340,898,106,898,3,right+B,0.058334510773420334,0.25419023633003235,0.147866353392601,0.4886780381202698,0.05093088001012802,1.2981113195419312,-1.0,596.0,179,2,133,0,0,0,500,500,0
1336,5344,898,89,898,3,right+B,0.057588592171669006,0.2525005638599396,0.14593876898288727,0.4934485852718353,0.05052346736192703,1.292148232460022,0.0,596.0,180,2,133,0,0,0,500,500,0
1337,5348,898,79,898,1,right,0.058667879551649094,0.25458863377571106,0.15000958740711212,0.48487213253974915,0.05186176300048828,1.3037073612213135,0.0,596.0,181,2,133,0,0,0,500,500,0
1338,5352,898,79,898,3,right+B,0.05834285914897919,0.2509443461894989,0.14588727056980133,0.49421438574790955,0.0506112165749073,1.292852759361267,0.0,596.0,182,2,133,0,0,0,500,500,0
1339,5356,898,79,898,0,NOOP,0.05842604115605354,0.2536393404006958,0.14492042362689972,0.4934074282646179,0.04960677772760391,1.2913600206375122,0.0,596.0,183,2,133,0,0,0,500,500,0
1340,5360,898,79,898,3,right+B,0.059005703777074814,0.2548535466194153,0.14739471673965454,0.4881865978240967,0.050559401512145996,1.2985608577728271,-1.0,595.0,184,2,132,0,0,0,500,500,0
1341,5364,898,79,898,1,right,0.058816101402044296,0.25489190220832825,0.14671383798122406,0.48920491337776184,0.050373248755931854,1.2969441413879395,0.0,595.0,185,2,132,0,0,0,500,500,0
1342,5368,898,79,898,1,right,0.058836545795202255,0.2554551661014557,0.14750075340270996,0.4881029725074768,0.0501045361161232,1.2976868152618408,0.0,595.0,186,2,132,0,0,0,500,500,0
1343,5372,898,79,898,0,NOOP,0.05880250781774521,0.2566651999950409,0.1488678902387619,0.4853293299674988,0.0503351055085659,1.300541877746582,0.0,595.0,187,2,132,0,0,0,500,500,0
1344,5376,898,79,898,3,right+B,0.05866608768701553,0.2554364502429962,0.14949479699134827,0.4858444035053253,0.05055820941925049,1.3007121086120605,0.0,595.0,188,2,132,0,0,0,500,500,0
1345,5380,898,79,898,3,right+B,0.05867983400821686,0.2561853528022766,0.1469106674194336,0.4881241023540497,0.050099968910217285,1.2971092462539673,-1.0,594.0,189,2,131,0,0,0,500,500,0
1346,5384,898,79,898,3,right+B,0.058763906359672546,0.25606414675712585,0.14629869163036346,0.48885607719421387,0.05001719668507576,1.2962839603424072,0.0,594.0,190,2,131,0,0,0,500,500,0
1347,5388,898,79,898,3,right+B,0.05868341773748398,0.25501370429992676,0.14532001316547394,0.4910810887813568,0.0499018095433712,1.2939796447753906,0.0,594.0,191,2,131,0,0,0,500,500,0
1348,5392,898,79,898,1,right,0.058893024921417236,0.2551995813846588,0.14561152458190918,0.4902707040309906,0.05002518370747566,1.295182228088379,0.0,594.0,192,2,131,0,0,0,500,500,0
1349,5396,898,79,898,1,right,0.058760758489370346,0.25421231985092163,0.1449173539876938,0.4924221336841583,0.04968743026256561,1.2926342487335205,0.0,594.0,193,2,131,0,0,0,500,500,0
1350,5400,898,79,898,3,right+B,0.058790192008018494,0.25487440824508667,0.14598990976810455,0.49043649435043335,0.04990905895829201,1.2949453592300415,-1.0,593.0,194,2,130,0,0,0,500,500,0
1351,5404,898,79,898,3,right+B,0.0587935745716095,0.25446686148643494,0.14676137268543243,0.48961973190307617,0.05035846680402756,1.296642541885376,0.0,593.0,195,2,130,0,0,0,500,500,0
1352,5408,898,79,898,1,right,0.05892303213477135,0.2547568678855896,0.14668187499046326,0.48939138650894165,0.05024678260087967,1.2967562675476074,0.0,593.0,196,2,130,0,0,0,500,500,0
1353,5412,898,93,898,2,right+A,0.058973249047994614,0.25489431619644165,0.1472693234682083,0.48842576146125793,0.05043727159500122,1.2980912923812866,0.0,593.0,197,2,130,0,0,0,500,500,0
1354,5416,898,108,898,1,right,0.05952686071395874,0.25735560059547424,0.15367145836353302,0.4781368672847748,0.051309242844581604,1.3102495670318604,0.0,593.0,198,2,130,0,0,0,500,500,0
1355,5420,898,112,898,3,right+B,0.05962495878338814,0.2582993507385254,0.1551167517900467,0.4749234616756439,0.05203550308942795,1.3142755031585693,-1.0,592.0,199,2,129,0,0,0,500,500,0
1356,5424,898,106,898,3,right+B,0.05832015722990036,0.25478029251098633,0.1503773033618927,0.48548388481140137,0.05103842541575432,1.3016788959503174,0.0,592.0,200,2,129,0,0,0,500,500,0
1357,5428,898,89,898,1,right,0.05718052014708519,0.25340551137924194,0.1467551589012146,0.49213168025016785,0.050527144223451614,1.2928738594055176,0.0,592.0,201,2,129,0,0,0,500,500,0
1358,5432,898,79,898,3,right+B,0.05825173109769821,0.25510892271995544,0.15028871595859528,0.48445388674736023,0.051896750926971436,1.3035666942596436,0.0,592.0,202,2,129,0,0,0,500,500,0
1359,5436,898,79,898,3,right+B,0.058031048625707626,0.2508094608783722,0.14537523686885834,0.4951212704181671,0.05066302418708801,1.2915855646133423,0.0,592.0,203,2,129,0,0,0,500,500,0
1360,5440,898,79,898,0,NOOP,0.058238521218299866,0.25355902314186096,0.14427293837070465,0.49417415261268616,0.049755364656448364,1.2904517650604248,-1.0,591.0,204,2,128,0,0,0,500,500,0
1361,5444,898,79,898,0,NOOP,0.05854419246315956,0.25341567397117615,0.14540232717990875,0.4924023151397705,0.05023554712533951,1.293492078781128,0.0,591.0,205,2,128,0,0,0,500,500,0
1362,5448,898,79,898,3,right+B,0.058761484920978546,0.2543480396270752,0.14550171792507172,0.49103614687919617,0.050352662801742554,1.2949583530426025,0.0,591.0,206,2,128,0,0,0,500,500,0
1363,5452,898,79,898,3,right+B,0.05886819586157799,0.2546503245830536,0.14492496848106384,0.4914616644382477,0.050094760954380035,1.2940925359725952,0.0,591.0,207,2,128,0,0,0,500,500,0
1364,5456,898,79,898,3,right+B,0.05878682807087898,0.254793643951416,0.1448141634464264,0.49155348539352417,0.05005190521478653,1.29378080368042,0.0,591.0,208,2,128,0,0,0,500,500,0
1365,5460,898,79,898,3,right+B,0.05863337963819504,0.25439056754112244,0.14566925168037415,0.4909904897212982,0.05031632259488106,1.294835090637207,-1.0,590.0,209,2,127,0,0,0,500,500,0
1366,5464,898,93,898,2,right+A,0.058862533420324326,0.2556615471839905,0.1476486474275589,0.4874890446662903,0.05033828690648079,1.2985835075378418,0.0,590.0,210,2,127,0,0,0,500,500,0
1367,5468,898,108,898,1,right,0.05895686894655228,0.2564150393009186,0.15192925930023193,0.4817059636116028,0.05099283158779144,1.3057669401168823,0.0,590.0,211,2,127,0,0,0,500,500,0
1368,5472,898,112,898,3,right+B,0.058647990226745605,0.2563227713108063,0.15220940113067627,0.4817507863044739,0.051069021224975586,1.3055533170700073,0.0,590.0,212,2,127,0,0,0,500,500,0
1369,5476,898,106,898,3,right+B,0.05800781771540642,0.25489091873168945,0.14956358075141907,0.4863811433315277,0.051156509667634964,1.30039644241333,0.0,590.0,213,2,127,0,0,0,500,500,0
1370,5480,898,89,898,3,right+B,0.05718301609158516,0.25244081020355225,0.14638178050518036,0.4935779571533203,0.05041646584868431,1.2915304899215698,-1.0,589.0,214,2,126,0,0,0,500,500,0
1371,5484,898,79,898,3,right+B,0.05844723433256149,0.25476574897766113,0.150052011013031,0.4848781228065491,0.05185684189200401,1.3033936023712158,0.0,589.0,215,2,126,0,0,0,500,500,0
1372,5488,898,79,898,1,right,0.058382268995046616,0.25138208270072937,0.14581306278705597,0.49375486373901367,0.05066767334938049,1.2932708263397217,0.0,589.0,216,2,126,0,0,0,500,500,0
1373,5492,898,79,898,3,right+B,0.058518365025520325,0.253645122051239,0.144724041223526,0.49348655343055725,0.04962599277496338,1.2913639545440674,0.0,589.0,217,2,126,0,0,0,500,500,0
1374,5496,898,93,898,4,right+A+B,0.058594681322574615,0.2536008358001709,0.14522002637386322,0.4925225079059601,0.0500619113445282,1.2931032180786133,0.0,589.0,218,2,126,0,0,0,500,500,0
1375,5500,898,109,898,4,right+A+B,0.059116180986166,0.2552550733089447,0.1498817801475525,0.48466920852661133,0.051077842712402344,1.3031728267669678,-1.0,588.0,219,2,125,0,0,0,500,500,0
1376,5504,898,122,898,4,right+A+B,0.05914882943034172,0.2556096911430359,0.15020345151424408,0.48377376794815063,0.05126427859067917,1.3042640686035156,0.0,588.0,220,2,125,0,0,0,500,500,0
1377,5508,898,130,898,3,right+B,0.059002358466386795,0.256862074136734,0.15337932109832764,0.47801849246025085,0.05273774266242981,1.3116852045059204,0.0,588.0,221,2,125,0,0,0,500,500,0
1378,5512,898,129,898,1,right,0.05741611495614052,0.25483277440071106,0.1469075083732605,0.4904637932777405,0.05037987604737282,1.2941696643829346,0.0,588.0,222,2,125,0,0,0,500,500,0
1379,5516,898,117,898,2,right+A,0.05855575203895569,0.2557045817375183,0.15265575051307678,0.4818325936794281,0.051251351833343506,1.305890679359436,0.0,588.0,223,2,125,0,0,0,500,500,0
1380,5520,898,97,898,3,right+B,0.05813523009419441,0.25540414452552795,0.15196357667446136,0.48196008801460266,0.05253693833947182,1.3068798780441284,-1.0,587.0,224,2,124,0,0,0,500,500,0
1381,5524,898,79,898,3,right+B,0.0583031140267849,0.25714775919914246,0.15290561318397522,0.4794093072414398,0.05223415791988373,1.308741807937622,0.0,587.0,225,2,124,0,0,0,500,500,0
1382,5528,898,79,898,0,NOOP,0.05853236839175224,0.2545274794101715,0.15200185775756836,0.4831354320049286,0.05180291458964348,1.30557119846344,0.0,587.0,226,2,124,0,0,0,500,500,0
1383,5532,898,79,898,1,right,0.05833958089351654,0.2537834346294403,0.14585354924201965,0.4923194944858551,0.0497039295732975,1.2926334142684937,0.0,587.0,227,2,124,0,0,0,500,500,0
1384,5536,898,79,898,3,right+B,0.05865294858813286,0.25457027554512024,0.14610598981380463,0.4905811548233032,0.05008966848254204,1.2950078248977661,0.0,587.0,228,2,124,0,0,0,500,500,0
1385,5540,898,79,898,3,right+B,0.05914917588233948,0.2554541230201721,0.14622481167316437,0.48887601494789124,0.050295934081077576,1.2972490787506104,-1.0,586.0,229,2,123,0,0,0,500,500,0
1386,5544,898,79,898,3,right+B,0.058499351143836975,0.2539265751838684,0.14423994719982147,0.49344712495803833,0.049886975437402725,1.2915148735046387,0.0,586.0,230,2,123,0,0,0,500,500,0
1387,5548,898,79,898,3,right+B,0.058414630591869354,0.25368452072143555,0.14421901106834412,0.4937572479248047,0.04992455244064331,1.2912334203720093,0.0,586.0,231,2,123,0,0,0,500,500,0
1388,5552,898,79,898,3,right+B,0.058611780405044556,0.2539772391319275,0.1450563669204712,0.49236375093460083,0.04999089613556862,1.2930266857147217,0.0,586.0,232,2,123,0,0,0,500,500,0
1389,5556,898,79,898,3,right+B,0.05870218202471733,0.2549440264701843,0.14712926745414734,0.4889792799949646,0.05024518445134163,1.2969449758529663,0.0,586.0,233,2,123,0,0,0,500,500,0
1390,5560,898,79,898,1,right,0.05892278626561165,0.2557426393032074,0.1494186371564865,0.48524942994117737,0.050666458904743195,1.3016057014465332,-1.0,585.0,234,2,122,0,0,0,500,500,0
1391,5564,898,79,898,3,right+B,0.058366745710372925,0.2553424537181854,0.1469694972038269,0.4894656836986542,0.049855638295412064,1.2954120635986328,0.0,585.0,235,2,122,0,0,0,500,500,0
1392,5568,898,79,898,0,NOOP,0.058101754635572433,0.25425049662590027,0.14651402831077576,0.4913855493068695,0.04974811524152756,1.2933368682861328,0.0,585.0,236,2,122,0,0,0,500,500,0
1393,5572,898,93,898,2,right+A,0.0581832155585289,0.25545793771743774,0.1463516354560852,0.4899429380893707,0.05006428435444832,1.294827938079834,0.0,585.0,237,2,122,0,0,0,500,500,0
1394,5576,898,108,898,3,right+B,0.05856763944029808,0.2554927468299866,0.15058065950870514,0.48415473103523254,0.051204271614551544,1.3032710552215576,0.0,585.0,238,2,122,0,0,0,500,500,0
1395,5580,898,112,898,3,right+B,0.05842982977628708,0.2546527087688446,0.14833486080169678,0.4877806603908539,0.05080188438296318,1.2988824844360352,-1.0,584.0,239,2,121,0,0,0,500,500,0
1396,5584,898,106,898,2,right+A,0.05797652527689934,0.25363627076148987,0.14688444137573242,0.4906954765319824,0.050807204097509384,1.2955257892608643,0.0,584.0,240,2,121,0,0,0,500,500,0
1397,5588,898,89,898,3,right+B,0.05743468180298805,0.2515469491481781,0.1451856791973114,0.4956217408180237,0.05021095275878906,1.2895394563674927,0.0,584.0,241,2,121,0,0,0,500,500,0
1398,5592,898,79,898,1,right,0.05871192738413811,0.2545963525772095,0.14994986355304718,0.48510777950286865,0.05163400247693062,1.3032255172729492,0.0,584.0,242,2,121,0,0,0,500,500,0
1399,5596,898,79,898,3,right+B,0.05840829759836197,0.2510893940925598,0.14595362544059753,0.49409374594688416,0.05045490339398384,1.2928152084350586,0.0,584.0,243,2,121,0,0,0,500,500,0
1400,5600,898,79,898,1,right,0.0587257444858551,0.2544304132461548,0.1461377590894699,0.49089428782463074,0.0498117133975029,1.2944737672805786,-1.0,583.0,244,2,120,0,0,0,500,500,0
1401,5604,898,79,898,3,right+B,0.05890446901321411,0.2546408176422119,0.14760495722293854,0.48845911026000977,0.05039069056510925,1.29807710647583,0.0,583.0,245,2,120,0,0,0,500,500,0
1402,5608,898,93,898,2,right+A,0.0591612383723259,0.2560904920101166,0.14874278008937836,0.48555639386177063,0.05044912174344063,1.3010411262512207,0.0,583.0,246,2,120,0,0,0,500,500,0
1403,5612,898,108,898,3,right+B,0.05920083820819855,0.2569429278373718,0.15269744396209717,0.47998958826065063,0.05116920918226242,1.307888388633728,0.0,583.0,247,2,120,0,0,0,500,500,0
1404,5616,898,112,898,1,right,0.058927468955516815,0.25679585337638855,0.15286320447921753,0.4800751209259033,0.05133839696645737,1.307792067527771,0.0,583.0,248,2,120,0,0,0,500,500,0
1405,5620,898,106,898,2,right+A,0.058101750910282135,0.2548603117465973,0.1496003419160843,0.48612844944000244,0.05130917206406593,1.300963282585144,-1.0,582.0,249,2,119,0,0,0,500,500,0
1406,5624,898,89,898,3,right+B,0.05753956362605095,0.2531343996524811,0.14750079810619354,0.49100378155708313,0.05082148313522339,1.2950334548950195,0.0,582.0,250,2,119,0,0,0,500,500,0
1407,5628,898,79,898,1,right,0.05880744755268097,0.25533556938171387,0.15143103897571564,0.48201918601989746,0.052406731992959976,1.307349681854248,0.0,582.0,251,2,119,0,0,0,500,500,0
1408,5632,898,79,898,1,right,0.058686427772045135,0.2519482374191284,0.1472269892692566,0.4909955561161041,0.05114278569817543,1.2970906496047974,0.0,582.0,252,2,119,0,0,0,500,500,0
1409,5636,898,79,898,1,right,0.05882548540830612,0.2541680932044983,0.1461087316274643,0.4908691942691803,0.050028443336486816,1.294973373413086,0.0,582.0,253,2,119,0,0,0,500,500,0
1410,5640,898,79,898,1,right,0.05908927693963051,0.2545052468776703,0.147150456905365,0.48866233229637146,0.050592683255672455,1.2982932329177856,-1.0,581.0,254,2,118,0,0,0,500,500,0
1411,5644,898,79,898,3,right+B,0.05898967757821083,0.25477808713912964,0.14600081741809845,0.4898424744606018,0.05038893595337868,1.2964123487472534,0.0,581.0,255,2,118,0,0,0,500,500,0
1412,5648,898,79,898,3,right+B,0.059112317860126495,0.25490790605545044,0.1464204490184784,0.4891490042209625,0.05041031166911125,1.2973121404647827,0.0,581.0,256,2,118,0,0,0,500,500,0
1413,5652,898,79,898,3,right+B,0.05920606106519699,0.2558518052101135,0.1484125703573227,0.48584768176078796,0.05068189650774002,1.3011181354522705,0.0,581.0,257,2,118,0,0,0,500,500,0
1414,5656,898,93,898,2,right+A,0.05939171090722084,0.2565559148788452,0.15059734880924225,0.4823960065841675,0.05105903372168541,1.305372953414917,0.0,581.0,258,2,118,0,0,0,500,500,0
1415,5660,898,108,898,3,right+B,0.059578943997621536,0.2576889395713806,0.15426737070083618,0.4769555330276489,0.05150918290019035,1.311684012413025,-1.0,580.0,259,2,117,0,0,0,500,500,0
1416,5664,898,112,898,2,right+A,0.05918605998158455,0.2570821940898895,0.15362386405467987,0.4787580966949463,0.05134977772831917,1.309404969215393,0.0,580.0,260,2,117,0,0,0,500,500,0
1417,5668,898,106,898,4,right+A+B,0.05854582414031029,0.2559054493904114,0.15066136419773102,0.4835008382797241,0.051386576145887375,1.3039911985397339,0.0,580.0,261,2,117,0,0,0,500,500,0
1418,5672,898,89,898,2,right+A,0.05765772610902786,0.2533515691757202,0.14788410067558289,0.490442156791687,0.050664372742176056,1.2955340147018433,0.0,580.0,262,2,117,0,0,0,500,500,0
1419,5676,898,79,898,0,NOOP,0.05908959358930588,0.2558518946170807,0.1524188369512558,0.4804094433784485,0.052230194211006165,1.3090161085128784,0.0,580.0,263,2,117,0,0,0,500,500,0
1420,5680,898,79,898,3,right+B,0.05886975675821304,0.2523128092288971,0.14795777201652527,0.4898349642753601,0.05102472007274628,1.298332691192627,-1.0,579.0,264,2,116,0,0,0,500,500,0
1421,5684,898,79,898,1,right,0.05848163366317749,0.2535911500453949,0.14549298584461212,0.49264606833457947,0.04978814721107483,1.292562484741211,0.0,579.0,265,2,116,0,0,0,500,500,0
1422,5688,898,79,898,3,right+B,0.059196025133132935,0.2546606957912445,0.14704133570194244,0.48881271481513977,0.050289276987314224,1.297800064086914,0.0,579.0,266,2,116,0,0,0,500,500,0
1423,5692,898,79,898,0,NOOP,0.059427108615636826,0.2557836174964905,0.14743351936340332,0.4870283901691437,0.05032734200358391,1.299570918083191,0.0,579.0,267,2,116,0,0,0,500,500,0
1424,5696,898,79,898,1,right,0.05954029783606529,0.25599175691604614,0.14941902458667755,0.48407095670700073,0.050978001207113266,1.3037657737731934,0.0,579.0,268,2,116,0,0,0,500,500,0
1425,5700,898,93,898,4,right+A+B,0.05963163450360298,0.2562868893146515,0.14870363473892212,0.4849090278148651,0.050468768924474716,1.3021529912948608,-1.0,578.0,269,2,115,0,0,0,500,500,0
1426,5704,898,108,898,3,right+B,0.060034655034542084,0.2583399713039398,0.15472739934921265,0.4754196107387543,0.0514783076941967,1.3134775161743164,0.0,578.0,270,2,115,0,0,0,500,500,0
1427,5708,898,112,898,3,right+B,0.059599868953228,0.2586667239665985,0.15388034284114838,0.4763401448726654,0.05151297524571419,1.3118984699249268,0.0,578.0,271,2,115,0,0,0,500,500,0
1428,5712,898,106,898,0,NOOP,0.0586356446146965,0.2553812265396118,0.15116587281227112,0.48371851444244385,0.05109874904155731,1.3037879467010498,0.0,578.0,272,2,115,0,0,0,500,500,0
1429,5716,898,89,898,2,right+A,0.05783221870660782,0.2544099986553192,0.14871318638324738,0.48816978931427,0.05087488517165184,1.2980682849884033,0.0,578.0,273,2,115,0,0,0,500,500,0
1430,5720,898,79,898,1,right,0.05892670527100563,0.2564823627471924,0.15236148238182068,0.4800938665866852,0.052135616540908813,1.3087952136993408,-1.0,577.0,274,2,114,0,0,0,500,500,0
1431,5724,898,79,898,3,right+B,0.058766815811395645,0.2522476613521576,0.1477716565132141,0.4902176260948181,0.05099627748131752,1.297783613204956,0.0,577.0,275,2,114,0,0,0,500,500,0
1432,5728,898,79,898,3,right+B,0.05895618349313736,0.255114883184433,0.14657869935035706,0.48931893706321716,0.05003131181001663,1.2964448928833008,0.0,577.0,276,2,114,0,0,0,500,500,0
1433,5732,898,79,898,3,right+B,0.05923295021057129,0.25484171509742737,0.1475328952074051,0.48787257075309753,0.050519879907369614,1.2991085052490234,0.0,577.0,277,2,114,0,0,0,500,500,0
1434,5736,898,79,898,3,right+B,0.059194568544626236,0.25507017970085144,0.14657467603683472,0.4887666404247284,0.05039392039179802,1.2977402210235596,0.0,577.0,278,2,114,0,0,0,500,500,0
1435,5740,898,79,898,1,right,0.05911969766020775,0.2546612322330475,0.1460830569267273,0.48998796939849854,0.050147950649261475,1.2961618900299072,-1.0,576.0,279,2,113,0,0,0,500,500,0
1436,5744,898,79,898,3,right+B,0.05935949087142944,0.25599387288093567,0.14832989871501923,0.48566776514053345,0.05064893886446953,1.3013594150543213,0.0,576.0,280,2,113,0,0,0,500,500,0
1437,5748,898,79,898,1,right,0.059335123747587204,0.2558538019657135,0.14967742562294006,0.48409828543663025,0.05103534832596779,1.303680181503296,0.0,576.0,281,2,113,0,0,0,500,500,0
1438,5752,898,79,898,1,right,0.059117577970027924,0.2560068368911743,0.1489163637161255,0.48567861318588257,0.0502806194126606,1.3007192611694336,0.0,576.0,282,2,113,0,0,0,500,500,0
1439,5756,898,93,898,4,right+A+B,0.05909377709031105,0.25679486989974976,0.14916686713695526,0.4847027361392975,0.050241708755493164,1.3013789653778076,0.0,576.0,283,2,113,0,0,0,500,500,0
1440,5760,898,108,898,3,right+B,0.05933357775211334,0.2572346031665802,0.15404465794563293,0.47842252254486084,0.05096456781029701,1.3094241619110107,-1.0,575.0,284,2,112,0,0,0,500,500,0
1441,5764,898,112,898,3,right+B,0.05923532322049141,0.257881760597229,0.15338651835918427,0.4777965545654297,0.05169985443353653,1.3105132579803467,0.0,575.0,285,2,112,0,0,0,500,500,0
1442,5768,898,106,898,3,right+B,0.05834546312689781,0.2550415098667145,0.1490033119916916,0.48670652508735657,0.050903189927339554,1.2999780178070068,0.0,575.0,286,2,112,0,0,0,500,500,0
1443,5772,898,89,898,1,right,0.05756618455052376,0.25256696343421936,0.14654512703418732,0.49277395009994507,0.050547800958156586,1.29293692111969,0.0,575.0,287,2,112,0,0,0,500,500,0
1444,5776,898,79,898,3,right+B,0.058918438851833344,0.2555913031101227,0.15092548727989197,0.4825194180011749,0.052045270800590515,1.3063557147979736,0.0,575.0,288,2,112,0,0,0,500,500,0
1445,5780,898,93,898,2,right+A,0.058620914816856384,0.2513681650161743,0.14665673673152924,0.49255651235580444,0.05079757794737816,1.295091152191162,-1.0,574.0,289,2,111,0,0,0,500,500,0
1446,5784,898,108,898,3,right+B,0.05915062874555588,0.25529372692108154,0.15102627873420715,0.48356154561042786,0.05096784979104996,1.304360032081604,0.0,574.0,290,2,111,0,0,0,500,500,0
1447,5788,898,112,898,3,right+B,0.059646036475896835,0.2562854290008545,0.1522686779499054,0.4803723990917206,0.051427461206912994,1.308492660522461,0.0,574.0,291,2,111,0,0,0,500,500,0
1448,5792,898,106,898,3,right+B,0.05917730554938316,0.25528353452682495,0.15036602318286896,0.4839926064014435,0.05118053779006004,1.3041174411773682,0.0,574.0,292,2,111,0,0,0,500,500,0
1449,5796,898,89,898,1,right,0.05835597589612007,0.2541953921318054,0.14975090324878693,0.48692238330841064,0.05077536031603813,1.3000462055206299,0.0,574.0,293,2,111,0,0,0,500,500,0
1450,5800,898,79,898,1,right,0.05969447270035744,0.2575695812702179,0.15567897260189056,0.47480306029319763,0.052253857254981995,1.31508469581604,-1.0,573.0,294,2,110,0,0,0,500,500,0
1451,5804,898,79,898,3,right+B,0.05916750058531761,0.25416049361228943,0.15087315440177917,0.4847733974456787,0.05102546885609627,1.3036186695098877,0.0,573.0,295,2,110,0,0,0,500,500,0
1452,5808,898,79,898,3,right+B,0.059132106602191925,0.25611138343811035,0.15010321140289307,0.48453158140182495,0.05012177303433418,1.3018531799316406,0.0,573.0,296,2,110,0,0,0,500,500,0
1453,5812,898,79,898,3,right+B,0.059308938682079315,0.2567480504512787,0.14980913698673248,0.4832508862018585,0.05088295415043831,1.304004430770874,0.0,573.0,297,2,110,0,0,0,500,500,0
1454,5816,898,79,898,1,right,0.059060901403427124,0.2562854588031769,0.1476728320121765,0.48644065856933594,0.05054018646478653,1.299890398979187,0.0,573.0,298,2,110,0,0,0,500,500,0
1455,5820,898,79,898,0,NOOP,0.0590154267847538,0.2549360394477844,0.14641398191452026,0.48938363790512085,0.05025092512369156,1.296755313873291,-1.0,572.0,299,2,109,0,0,0,500,500,0
1456,5824,898,79,898,3,right+B,0.05893845483660698,0.25555700063705444,0.14691653847694397,0.48824480175971985,0.050343211740255356,1.2978107929229736,0.0,572.0,300,2,109,0,0,0,500,500,0
1457,5828,898,79,898,3,right+B,0.05890776589512825,0.2548760771751404,0.14624980092048645,0.48969194293022156,0.050274405628442764,1.2963435649871826,0.0,572.0,301,2,109,0,0,0,500,500,0
1458,5832,898,93,898,2,right+A,0.0589534230530262,0.25489723682403564,0.14516517519950867,0.49086546897888184,0.05011874809861183,1.294783115386963,0.0,572.0,302,2,109,0,0,0,500,500,0
1459,5836,898,108,898,1,right,0.05903226137161255,0.2554470896720886,0.1495632380247116,0.4849271774291992,0.05103026703000069,1.3026375770568848,0.0,572.0,303,2,109,0,0,0,500,500,0
1460,5840,898,112,898,4,right+A+B,0.059408992528915405,0.2564099431037903,0.15159587562084198,0.48076769709587097,0.05181744694709778,1.308171033859253,-1.0,571.0,304,2,108,0,0,0,500,500,0
1461,5844,898,106,898,3,right+B,0.05849885940551758,0.25455889105796814,0.1495646983385086,0.4861026406288147,0.051274947822093964,1.3014917373657227,0.0,571.0,305,2,108,0,0,0,500,500,0
1462,5848,898,89,898,1,right,0.05773095414042473,0.25331294536590576,0.14877520501613617,0.4893345236778259,0.05084638297557831,1.297142505645752,0.0,571.0,306,2,108,0,0,0,500,500,0
1463,5852,898,79,898,3,right+B,0.058869510889053345,0.2567700743675232,0.15332292020320892,0.4787735044956207,0.0522640123963356,1.3102387189865112,0.0,571.0,307,2,108,0,0,0,500,500,0
1464,5856,898,79,898,3,right+B,0.058312565088272095,0.2521352767944336,0.1488339751958847,0.48977455496788025,0.0509435273706913,1.2978942394256592,0.0,571.0,308,2,108,0,0,0,500,500,0
1465,5860,898,79,898,3,right+B,0.05827117711305618,0.2550208568572998,0.14642548561096191,0.49027109146118164,0.05001141130924225,1.29469895362854,-1.0,570.0,309,2,107,0,0,0,500,500,0
1466,5864,898,79,898,3,right+B,0.05848982557654381,0.25506678223609924,0.14672620594501495,0.48938801884651184,0.050329189747571945,1.2962806224822998,0.0,570.0,310,2,107,0,0,0,500,500,0
1467,5868,898,79,898,0,NOOP,0.05852373316884041,0.25441205501556396,0.145254984498024,0.4916442930698395,0.05016500502824783,1.293766975402832,0.0,570.0,311,2,107,0,0,0,500,500,0
1468,5872,898,79,898,1,right,0.05835477635264397,0.2539313733577728,0.14508090913295746,0.49265286326408386,0.049980100244283676,1.2924542427062988,0.0,570.0,312,2,107,0,0,0,500,500,0
1469,5876,898,79,898,3,right+B,0.0587257519364357,0.2547677755355835,0.14611896872520447,0.4904137849807739,0.049973826855421066,1.2950429916381836,0.0,570.0,313,2,107,0,0,0,500,500,0
1470,5880,898,79,898,3,right+B,0.05885913968086243,0.25460049510002136,0.14584247767925262,0.49060651659965515,0.05009140074253082,1.2951496839523315,-1.0,569.0,314,2,106,0,0,0,500,500,0
1471,5884,898,79,898,1,right,0.058654844760894775,0.25456711649894714,0.14536148309707642,0.4913042187690735,0.05011233314871788,1.2941573858261108,0.0,569.0,315,2,106,0,0,0,500,500,0
1472,5888,898,79,898,1,right,0.05908694490790367,0.2552421987056732,0.14705820381641388,0.48810628056526184,0.05050632730126381,1.2984609603881836,0.0,569.0,316,2,106,0,0,0,500,500,0
1473,5892,898,79,898,3,right+B,0.05910789966583252,0.2554512023925781,0.14754626154899597,0.4876488149166107,0.05024581030011177,1.2986335754394531,0.0,569.0,317,2,106,0,0,0,500,500,0
1474,5896,898,79,898,3,right+B,0.05903514474630356,0.25631436705589294,0.1491749882698059,0.4851160943508148,0.05035939812660217,1.301226019859314,0.0,569.0,318,2,106,0,0,0,500,500,0
1475,5900,898,93,898,4,right+A+B,0.059017397463321686,0.25673216581344604,0.1500130146741867,0.4834912419319153,0.050746094435453415,1.3033123016357422,-1.0,568.0,319,2,105,0,0,0,500,500,0
1476,5904,898,108,898,3,right+B,0.05908575654029846,0.25630149245262146,0.15348707139492035,0.4799363613128662,0.051189299672842026,1.3081932067871094,0.0,568.0,320,2,105,0,0,0,500,500,0
1477,5908,898,112,898,3,right+B,0.05868445709347725,0.2567882835865021,0.1511964648962021,0.48202723264694214,0.05130362883210182,1.305279016494751,0.0,568.0,321,2,105,0,0,0,500,500,0
1478,5912,898,106,898,1,right,0.05789286643266678,0.2544958293437958,0.14815554022789001,0.4884466528892517,0.05100921541452408,1.2978930473327637,0.0,568.0,322,2,105,0,0,0,500,500,0
1479,5916,898,89,898,2,right+A,0.05733443424105644,0.25212982296943665,0.14581257104873657,0.4942193329334259,0.050503794103860855,1.291153907775879,0.0,568.0,323,2,105,0,0,0,500,500,0
1480,5920,898,79,898,1,right,0.05864496901631355,0.2552335560321808,0.15016807615756989,0.48399293422698975,0.05196055397391319,1.3044793605804443,-1.0,567.0,324,2,104,0,0,0,500,500,0
1481,5924,898,79,898,3,right+B,0.0583890862762928,0.2510925829410553,0.14615216851234436,0.4935985207557678,0.050767600536346436,1.2937304973602295,0.0,567.0,325,2,104,0,0,0,500,500,0
1482,5928,898,79,898,1,right,0.05851379781961441,0.253855437040329,0.14528676867485046,0.4925490617752075,0.04979493468999863,1.2925704717636108,0.0,567.0,326,2,104,0,0,0,500,500,0
1483,5932,898,79,898,1,right,0.05887763947248459,0.25444915890693665,0.1467140018939972,0.48955830931663513,0.050400927662849426,1.2968485355377197,0.0,567.0,327,2,104,0,0,0,500,500,0
1484,5936,898,79,898,3,right+B,0.05905153229832649,0.25519073009490967,0.1469549834728241,0.48823434114456177,0.05056839436292648,1.2983696460723877,0.0,567.0,328,2,104,0,0,0,500,500,0
1485,5940,898,79,898,3,right+B,0.05898898094892502,0.25519052147865295,0.14734295010566711,0.4881863594055176,0.05029121786355972,1.298073410987854,-1.0,566.0,329,2,103,0,0,0,500,500,0
1486,5944,898,93,898,2,right+A,0.05906593054533005,0.2563565671443939,0.1493278443813324,0.4847923219203949,0.05045727267861366,1.301719307899475,0.0,566.0,330,2,103,0,0,0,500,500,0
1487,5948,898,109,898,4,right+A+B,0.059260811656713486,0.2573637068271637,0.1540520042181015,0.47771742939949036,0.051606014370918274,1.3107925653457642,0.0,566.0,331,2,103,0,0,0,500,500,0
1488,5952,898,121,898,3,right+B,0.05885991454124451,0.25638628005981445,0.15253108739852905,0.48111313581466675,0.051109615713357925,1.3065001964569092,0.0,566.0,332,2,103,0,0,0,500,500,0
1489,5956,898,122,898,3,right+B,0.05877811834216118,0.25815436244010925,0.15419435501098633,0.4762628376483917,0.052610382437705994,1.3126552104949951,0.0,566.0,333,2,103,0,0,0,500,500,0
1490,5960,898,113,898,3,right+B,0.057602498680353165,0.25513818860054016,0.1468590795993805,0.48904046416282654,0.051359742879867554,1.2969290018081665,-1.0,565.0,334,2,102,0,0,0,500,500,0
1491,5964,898,94,898,3,right+B,0.05805904045701027,0.25344547629356384,0.14660033583641052,0.4922366142272949,0.04965858906507492,1.2926125526428223,0.0,565.0,335,2,102,0,0,0,500,500,0
1492,5968,898,79,898,2,right+A,0.056905925273895264,0.2516707181930542,0.14255096018314362,0.49925100803375244,0.049621451646089554,1.2838560342788696,0.0,565.0,336,2,102,0,0,0,500,500,0
1493,5972,898,79,898,2,right+A,0.05746682733297348,0.2528133690357208,0.14285141229629517,0.49837517738342285,0.04849321022629738,1.28360915184021,0.0,565.0,337,2,102,0,0,0,500,500,0
1494,5976,898,79,898,2,right+A,0.0577472485601902,0.25098761916160583,0.14213979244232178,0.5002517104148865,0.048873722553253174,1.2829591035842896,0.0,565.0,338,2,102,0,0,0,500,500,0
1495,5980,898,79,898,4,right+A+B,0.05815877392888069,0.2528839111328125,0.14477840065956116,0.4945679306983948,0.04961097985506058,1.2901194095611572,-1.0,564.0,339,2,101,0,0,0,500,500,0
1496,5984,898,79,898,3,right+B,0.05875556170940399,0.25456055998802185,0.14671467244625092,0.4895085394382477,0.05046073719859123,1.2967995405197144,0.0,564.0,340,2,101,0,0,0,500,500,0
1497,5988,898,93,898,2,right+A,0.059013161808252335,0.25519508123397827,0.14727717638015747,0.4884395897388458,0.05007505416870117,1.2975571155548096,0.0,564.0,341,2,101,0,0,0,500,500,0
1498,5992,898,108,898,3,right+B,0.05948098376393318,0.25729942321777344,0.15364009141921997,0.47867390513420105,0.050905633717775345,1.309180736541748,0.0,564.0,342,2,101,0,0,0,500,500,0
1499,5996,898,112,898,2,right+A,0.0594804473221302,0.25820645689964294,0.15461444854736328,0.4760931432247162,0.05160556733608246,1.312402367591858,0.0,564.0,343,2,101,0,0,0,500,500,0
1500,6000,898,106,898,1,right,0.05850842595100403,0.25531700253486633,0.15105721354484558,0.48424169421195984,0.05087561160326004,1.3028498888015747,-1.0,563.0,344,2,100,0,0,0,500,500,0
1501,6004,898,89,898,0,NOOP,0.05747324600815773,0.25349265336990356,0.1478753387928009,0.4905698001384735,0.050588976591825485,1.2950501441955566,0.0,563.0,345,2,100,0,0,0,500,500,0
1502,6008,898,79,898,3,right+B,0.05879468470811844,0.25631070137023926,0.15224385261535645,0.48051050305366516,0.05214034765958786,1.3082857131958008,0.0,563.0,346,2,100,0,0,0,500,500,0
1503,6012,898,79,898,3,right+B,0.05857172980904579,0.2518872618675232,0.14731821417808533,0.4912222921848297,0.05100046098232269,1.2965939044952393,0.0,563.0,347,2,100,0,0,0,500,500,0
1504,6016,898,79,898,3,right+B,0.05851360037922859,0.25422409176826477,0.14540284872055054,0.49197864532470703,0.04988083988428116,1.293152093887329,0.0,563.0,348,2,100,0,0,0,500,500,0
1505,6020,898,93,898,2,right+A,0.058792296797037125,0.25407472252845764,0.14646849036216736,0.49024009704589844,0.05042431876063347,1.2961790561676025,-1.0,562.0,349,2,99,0,0,0,500,500,0
1506,6024,898,108,898,3,right+B,0.05912629887461662,0.2555227279663086,0.15083906054496765,0.4830380082130432,0.05147393047809601,1.305372714996338,0.0,562.0,350,2,99,0,0,0,500,500,0
1507,6028,898,112,898,0,NOOP,0.058246538043022156,0.2545662522315979,0.1479749083518982,0.48834505677223206,0.050867144018411636,1.2981553077697754,0.0,562.0,351,2,99,0,0,0,500,500,0
1508,6032,898,106,898,2,right+A,0.05740493908524513,0.25276902318000793,0.1468603014945984,0.4919023811817169,0.05106343701481819,1.2942783832550049,0.0,562.0,352,2,99,0,0,0,500,500,0
1509,6036,898,89,898,3,right+B,0.056922852993011475,0.25203776359558105,0.1465124934911728,0.49398231506347656,0.05054455250501633,1.291149377822876,0.0,562.0,353,2,99,0,0,0,500,500,0
1510,6040,898,79,898,3,right+B,0.058235883712768555,0.25548815727233887,0.15193438529968262,0.4823523461818695,0.05198925733566284,1.3058953285217285,-1.0,561.0,354,2,98,0,0,0,500,500,0
1511,6044,898,79,898,3,right+B,0.05765904486179352,0.25201094150543213,0.14690420031547546,0.49281302094459534,0.050612736493349075,1.2933470010757446,0.0,561.0,355,2,98,0,0,0,500,500,0
1512,6048,898,79,898,3,right+B,0.05754829943180084,0.2540530264377594,0.14555349946022034,0.4932655990123749,0.04957958310842514,1.2904672622680664,0.0,561.0,356,2,98,0,0,0,500,500,0
1513,6052,898,79,898,1,right,0.057741958647966385,0.2544540762901306,0.14523863792419434,0.4924262464046478,0.05013909935951233,1.2920457124710083,0.0,561.0,357,2,98,0,0,0,500,500,0
1514,6056,898,79,898,1,right,0.057545263320207596,0.2540961802005768,0.1432536393404007,0.4953403174877167,0.049764666706323624,1.2880845069885254,0.0,561.0,358,2,98,0,0,0,500,500,0
1515,6060,898,79,898,3,right+B,0.05752868950366974,0.2528853416442871,0.1421753317117691,0.49792322516441345,0.0494874007999897,1.2852511405944824,-1.0,560.0,359,2,97,0,0,0,500,500,0
1516,6064,898,79,898,1,right,0.05768495425581932,0.25376096367836,0.14319516718387604,0.4957001209259033,0.04965892806649208,1.287845492362976,0.0,560.0,360,2,97,0,0,0,500,500,0
1517,6068,898,79,898,0,NOOP,0.05783740058541298,0.2531300187110901,0.1443023979663849,0.49459558725357056,0.05013466626405716,1.29021155834198,0.0,560.0,361,2,97,0,0,0,500,500,0
1518,6072,898,79,898,3,right+B,0.05780769884586334,0.25291526317596436,0.14412102103233337,0.4953397214412689,0.04981634020805359,1.2890499830245972,0.0,560.0,362,2,97,0,0,0,500,500,0
1519,6076,898,93,898,2,right+A,0.05807764083147049,0.25377413630485535,0.14447945356369019,0.4938836097717285,0.04978516325354576,1.2905734777450562,0.0,560.0,363,2,97,0,0,0,500,500,0
1520,6080,898,108,898,1,right,0.058716077357530594,0.2556320130825043,0.1500512659549713,0.4845268726348877,0.05107372626662254,1.302760362625122,-1.0,559.0,364,2,96,0,0,0,500,500,0
1521,6084,898,112,898,3,right+B,0.05849927291274071,0.2561461627483368,0.1506611853837967,0.48353973031044006,0.051153574138879776,1.3035229444503784,0.0,559.0,365,2,96,0,0,0,500,500,0
1522,6088,898,106,898,3,right+B,0.058051396161317825,0.25472065806388855,0.14965830743312836,0.48672249913215637,0.05084709823131561,1.2997928857803345,0.0,559.0,366,2,96,0,0,0,500,500,0
1523,6092,898,89,898,3,right+B,0.057136744260787964,0.2533821761608124,0.1476011872291565,0.4914984703063965,0.05038144439458847,1.2934529781341553,0.0,559.0,367,2,96,0,0,0,500,500,0
1524,6096,898,79,898,0,NOOP,0.0580061674118042,0.2554025948047638,0.1515924483537674,0.4832923114299774,0.05170649662613869,1.3043279647827148,0.0,559.0,368,2,96,0,0,0,500,500,0
1525,6100,898,79,898,3,right+B,0.0575229711830616,0.2518802583217621,0.14671367406845093,0.49314045906066895,0.05074266716837883,1.293031930923462,-1.0,558.0,369,2,95,0,0,0,500,500,0
1526,6104,898,79,898,1,right,0.05767388641834259,0.25421780347824097,0.14454998075962067,0.4939822554588318,0.04957609996199608,1.2896095514297485,0.0,558.0,370,2,95,0,0,0,500,500,0
1527,6108,898,79,898,3,right+B,0.0579572394490242,0.2538381814956665,0.14387966692447662,0.4946507513523102,0.0496741384267807,1.2893643379211426,0.0,558.0,371,2,95,0,0,0,500,500,0
1528,6112,898,79,898,0,NOOP,0.05765201151371002,0.25357457995414734,0.1424221396446228,0.4967575669288635,0.04959369823336601,1.2865360975265503,0.0,558.0,372,2,95,0,0,0,500,500,0
1529,6116,898,79,898,3,right+B,0.05780283734202385,0.2532266080379486,0.14291277527809143,0.49635347723960876,0.04970438778400421,1.2874937057495117,0.0,558.0,373,2,95,0,0,0,500,500,0
1530,6120,898,79,898,3,right+B,0.05770177021622658,0.25270673632621765,0.14229106903076172,0.49786198139190674,0.049438443034887314,1.2855355739593506,-1.0,557.0,374,2,94,0,0,0,500,500,0
1531,6124,898,93,898,2,right+A,0.058004751801490784,0.2540316879749298,0.14396744966506958,0.4943191111087799,0.04967701807618141,1.2897100448608398,0.0,557.0,375,2,94,0,0,0,500,500,0
1532,6128,898,109,898,4,right+A+B,0.058667756617069244,0.2552329897880554,0.1499984860420227,0.4849150776863098,0.05118574574589729,1.3025927543640137,0.0,557.0,376,2,94,0,0,0,500,500,0
1533,6132,898,121,898,3,right+B,0.05880734696984291,0.25647395849227905,0.1513655185699463,0.48200345039367676,0.05134967714548111,1.3056381940841675,0.0,557.0,377,2,94,0,0,0,500,500,0
1534,6136,898,122,898,3,right+B,0.05875016003847122,0.25765445828437805,0.1541651040315628,0.47701042890548706,0.05241987854242325,1.3118363618850708,0.0,557.0,378,2,94,0,0,0,500,500,0
1535,6140,898,113,898,2,right+A,0.05732116103172302,0.25529375672340393,0.14740140736103058,0.48867267370224,0.05131103843450546,1.2969694137573242,-1.0,556.0,379,2,93,0,0,0,500,500,0
1536,6144,898,94,898,1,right,0.05771983042359352,0.254229336977005,0.1480521708726883,0.4903187155723572,0.04967993497848511,1.294202446937561,0.0,556.0,380,2,93,0,0,0,500,500,0
1537,6148,898,79,898,3,right+B,0.056160468608140945,0.2518175542354584,0.1422053873538971,0.5003017783164978,0.049514878541231155,1.2816517353057861,0.0,556.0,381,2,93,0,0,0,500,500,0
1538,6152,898,93,898,4,right+A+B,0.056703612208366394,0.25332555174827576,0.14204970002174377,0.49969208240509033,0.04822910577058792,1.2806808948516846,0.0,556.0,382,2,93,0,0,0,500,500,0
1539,6156,898,108,898,3,right+B,0.05740058049559593,0.25149834156036377,0.14603577554225922,0.4952302873134613,0.04983500763773918,1.28961181640625,0.0,556.0,383,2,93,0,0,0,500,500,0
1540,6160,898,112,898,3,right+B,0.05783063545823097,0.25407108664512634,0.14781776070594788,0.48977896571159363,0.05050155892968178,1.2959284782409668,-1.0,555.0,384,2,92,0,0,0,500,500,0
1541,6164,898,106,898,3,right+B,0.05715308338403702,0.2519977390766144,0.14552094042301178,0.494860976934433,0.05046730861067772,1.2902342081069946,0.0,555.0,385,2,92,0,0,0,500,500,0
1542,6168,898,89,898,1,right,0.0564412847161293,0.2504045069217682,0.14332149922847748,0.4999150037765503,0.04991760849952698,1.2836205959320068,0.0,555.0,386,2,92,0,0,0,500,500,0
1543,6172,898,79,898,1,right,0.05779826268553734,0.2537028193473816,0.14845947921276093,0.48847559094429016,0.05156386271119118,1.2987854480743408,0.0,555.0,387,2,92,0,0,0,500,500,0
1544,6176,898,79,898,3,right+B,0.05756980925798416,0.25027838349342346,0.1447490006685257,0.4969351887702942,0.05046758055686951,1.2890151739120483,0.0,555.0,388,2,92,0,0,0,500,500,0
1545,6180,898,79,898,1,right,0.057712409645318985,0.2536036968231201,0.1450340449810028,0.49414485692977905,0.049504976719617844,1.2897138595581055,-1.0,554.0,389,2,91,0,0,0,500,500,0
1546,6184,898,79,898,1,right,0.058274246752262115,0.25492778420448303,0.1475488543510437,0.4891134798526764,0.05013563111424446,1.2962796688079834,0.0,554.0,390,2,91,0,0,0,500,500,0
1547,6188,898,79,898,3,right+B,0.05823741480708122,0.2556583881378174,0.14674505591392517,0.48944827914237976,0.04991084337234497,1.2951984405517578,0.0,554.0,391,2,91,0,0,0,500,500,0
1548,6192,898,93,898,2,right+A,0.0580245703458786,0.25477346777915955,0.14613886177539825,0.49145960807800293,0.049603525549173355,1.2927305698394775,0.0,554.0,392,2,91,0,0,0,500,500,0
1549,6196,898,108,898,3,right+B,0.05825777351856232,0.2563304603099823,0.14991554617881775,0.48497316241264343,0.050523027777671814,1.3008357286453247,0.0,554.0,393,2,91,0,0,0,500,500,0
1550,6200,898,112,898,3,right+B,0.058295223861932755,0.25617098808288574,0.1499454230070114,0.4845115840435028,0.05107675492763519,1.3020974397659302,-1.0,553.0,394,2,90,0,0,0,500,500,0
1551,6204,898,106,898,3,right+B,0.057488322257995605,0.2531440556049347,0.1461455374956131,0.4927794933319092,0.05044257268309593,1.2924299240112305,0.0,553.0,395,2,90,0,0,0,500,500,0
1552,6208,898,89,898,0,NOOP,0.056874316185712814,0.25159043073654175,0.14476251602172852,0.49658018350601196,0.0501924604177475,1.287794828414917,0.0,553.0,396,2,90,0,0,0,500,500,0
1553,6212,898,79,898,1,right,0.05815991759300232,0.25412896275520325,0.14924339950084686,0.4866749048233032,0.05179283767938614,1.3012772798538208,0.0,553.0,397,2,90,0,0,0,500,500,0
1554,6216,898,79,898,3,right+B,0.057643067091703415,0.2501143217086792,0.14437821507453918,0.4974048137664795,0.050459567457437515,1.2885839939117432,0.0,553.0,398,2,90,0,0,0,500,500,0
1555,6220,898,79,898,1,right,0.05784983187913895,0.25311750173568726,0.14402036368846893,0.49539613723754883,0.04961618408560753,1.2886921167373657,-1.0,552.0,399,2,89,0,0,0,500,500,0
1556,6224,898,79,898,3,right+B,0.05817076563835144,0.25362759828567505,0.1455903947353363,0.49233174324035645,0.05027950555086136,1.2931658029556274,0.0,552.0,400,2,89,0,0,0,500,500,0
1557,6228,898,93,898,2,right+A,0.05791707709431648,0.2542840242385864,0.14508913457393646,0.49276837706565857,0.04994137957692146,1.2916736602783203,0.0,552.0,401,2,89,0,0,0,500,500,0
1558,6232,898,108,898,3,right+B,0.05810166150331497,0.2549610137939453,0.14974230527877808,0.4865925908088684,0.05060238763689995,1.2996009588241577,0.0,552.0,402,2,89,0,0,0,500,500,0
1559,6236,898,112,898,1,right,0.05815427750349045,0.25644493103027344,0.1502782553434372,0.48416662216186523,0.05095586180686951,1.3020908832550049,0.0,552.0,403,2,89,0,0,0,500,500,0
1560,6240,898,106,898,2,right+A,0.057285819202661514,0.25359928607940674,0.14814439415931702,0.49005234241485596,0.050918273627758026,1.2957875728607178,-1.0,551.0,404,2,88,0,0,0,500,500,0
1561,6244,898,89,898,1,right,0.05636456608772278,0.25185221433639526,0.14430727064609528,0.49724483489990234,0.05023112893104553,1.286392092704773,0.0,551.0,405,2,88,0,0,0,500,500,0
1562,6248,898,79,898,1,right,0.05752638354897499,0.2543734014034271,0.14759984612464905,0.4890064299106598,0.05149397626519203,1.2974590063095093,0.0,551.0,406,2,88,0,0,0,500,500,0
1563,6252,898,79,898,3,right+B,0.057307153940200806,0.25009843707084656,0.14317353069782257,0.49918878078460693,0.05023215338587761,1.2858290672302246,0.0,551.0,407,2,88,0,0,0,500,500,0
1564,6256,898,79,898,3,right+B,0.05733780190348625,0.2524683177471161,0.1416739672422409,0.49940216541290283,0.049117714166641235,1.2830696105957031,0.0,551.0,408,2,88,0,0,0,500,500,0
1565,6260,898,79,898,3,right+B,0.05762670189142227,0.25245076417922974,0.14286547899246216,0.4973750412464142,0.04968198761343956,1.2864797115325928,-1.0,550.0,409,2,87,0,0,0,500,500,0
1566,6264,898,79,898,1,right,0.05768119543790817,0.252900093793869,0.1423206627368927,0.4975532293319702,0.049544814974069595,1.2859046459197998,0.0,550.0,410,2,87,0,0,0,500,500,0
1567,6268,898,79,898,1,right,0.057763125747442245,0.25279685854911804,0.14267189800739288,0.49724718928337097,0.04952087253332138,1.2863951921463013,0.0,550.0,411,2,87,0,0,0,500,500,0
1568,6272,898,79,898,3,right+B,0.05780137702822685,0.2534898817539215,0.1444496363401413,0.49446868896484375,0.049790430814027786,1.2897671461105347,0.0,550.0,412,2,87,0,0,0,500,500,0
1569,6276,898,79,898,3,right+B,0.05820079147815704,0.2546754777431488,0.14769206941127777,0.4889950752258301,0.05043662711977959,1.2968151569366455,0.0,550.0,413,2,87,0,0,0,500,500,0
1570,6280,898,79,898,3,right+B,0.05787152424454689,0.2542389929294586,0.1460019201040268,0.49225500226020813,0.049632612615823746,1.2919514179229736,-1.0,549.0,414,2,86,0,0,0,500,500,0
1571,6284,898,79,898,1,right,0.05764501169323921,0.2543222904205322,0.145164355635643,0.4933454394340515,0.04952291026711464,1.2902476787567139,0.0,549.0,415,2,86,0,0,0,500,500,0
1572,6288,898,79,898,0,NOOP,0.05794169381260872,0.2552679479122162,0.14650046825408936,0.49037766456604004,0.04991225525736809,1.294021725654602,0.0,549.0,416,2,86,0,0,0,500,500,0
1573,6292,898,79,898,3,right+B,0.05808621272444725,0.2551868259906769,0.14645254611968994,0.48996320366859436,0.05031122267246246,1.2951290607452393,0.0,549.0,417,2,86,0,0,0,500,500,0
1574,6296,898,79,898,1,right,0.05785486847162247,0.2544313371181488,0.14334861934185028,0.49490445852279663,0.049460649490356445,1.2883915901184082,0.0,549.0,418,2,86,0,0,0,500,500,0
1575,6300,898,93,898,2,right+A,0.057931266725063324,0.254179984331131,0.14291971921920776,0.49549350142478943,0.049475476145744324,1.287890076637268,-1.0,548.0,419,2,85,0,0,0,500,500,0
1576,6304,898,109,898,4,right+A+B,0.058128274977207184,0.2545627951622009,0.1466255933046341,0.4904147982597351,0.050268515944480896,1.2949223518371582,0.0,548.0,420,2,85,0,0,0,500,500,0
1577,6308,898,121,898,1,right,0.058221280574798584,0.25459176301956177,0.1474764347076416,0.48892971873283386,0.050780899822711945,1.297326683998108,0.0,548.0,421,2,85,0,0,0,500,500,0
1578,6312,898,122,898,0,NOOP,0.05806997790932655,0.2553141117095947,0.14930462837219238,0.4854191541671753,0.05189218372106552,1.3021467924118042,0.0,548.0,422,2,85,0,0,0,500,500,0
1579,6316,898,113,898,1,right,0.05704878643155098,0.2532532811164856,0.14434969425201416,0.49422934651374817,0.051118891686201096,1.2908976078033447,0.0,548.0,423,2,85,0,0,0,500,500,0
1580,6320,898,94,898,3,right+B,0.057681888341903687,0.25280117988586426,0.14568649232387543,0.494276762008667,0.04955369234085083,1.2900222539901733,-1.0,547.0,424,2,84,0,0,0,500,500,0
1581,6324,898,79,898,3,right+B,0.056584663689136505,0.2517576217651367,0.14365887641906738,0.4984108805656433,0.04958795756101608,1.2845230102539062,0.0,547.0,425,2,84,0,0,0,500,500,0
1582,6328,898,79,898,3,right+B,0.05731175094842911,0.25434741377830505,0.1450471431016922,0.49482232332229614,0.04847148433327675,1.2869741916656494,0.0,547.0,426,2,84,0,0,0,500,500,0
1583,6332,898,79,898,1,right,0.057326868176460266,0.2523232102394104,0.1435769498348236,0.4980754256248474,0.048697616904973984,1.2843539714813232,0.0,547.0,427,2,84,0,0,0,500,500,0
1584,6336,898,79,898,3,right+B,0.05761044844985008,0.2538914382457733,0.14588519930839539,0.49308231472969055,0.04953065887093544,1.290785551071167,0.0,547.0,428,2,84,0,0,0,500,500,0
1585,6340,898,93,898,2,right+A,0.05762224644422531,0.25423550605773926,0.14444394409656525,0.49374085664749146,0.04995737597346306,1.290254831314087,-1.0,546.0,429,2,83,0,0,0,500,500,0
1586,6344,898,108,898,3,right+B,0.05782325938344002,0.254517525434494,0.14687983691692352,0.49044862389564514,0.050330750644207,1.2946897745132446,0.0,546.0,430,2,83,0,0,0,500,500,0
1587,6348,898,112,898,2,right+A,0.05790480226278305,0.2549387216567993,0.14732907712459564,0.48914477229118347,0.050682567059993744,1.2964791059494019,0.0,546.0,431,2,83,0,0,0,500,500,0
1588,6352,898,106,898,1,right,0.05715342238545418,0.25230997800827026,0.14514967799186707,0.49495813250541687,0.05042872577905655,1.2899022102355957,0.0,546.0,432,2,83,0,0,0,500,500,0
1589,6356,898,89,898,1,right,0.05653289332985878,0.25049734115600586,0.14332883059978485,0.49977681040763855,0.049864038825035095,1.2837698459625244,0.0,546.0,433,2,83,0,0,0,500,500,0
1590,6360,898,79,898,1,right,0.05780638009309769,0.25352489948272705,0.1479264199733734,0.4893963634967804,0.05134599655866623,1.2975590229034424,-1.0,545.0,434,2,82,0,0,0,500,500,0
1591,6364,898,79,898,1,right,0.057463210076093674,0.2500324845314026,0.1440245658159256,0.4983023405075073,0.05017739534378052,1.2870547771453857,0.0,545.0,435,2,82,0,0,0,500,500,0
1592,6368,898,93,898,2,right+A,0.05760525166988373,0.25273117423057556,0.14357103407382965,0.49678370356559753,0.04930888116359711,1.2866406440734863,0.0,545.0,436,2,82,0,0,0,500,500,0
1593,6372,898,108,898,3,right+B,0.05822568014264107,0.25462669134140015,0.15007585287094116,0.48644089698791504,0.05063086003065109,1.300105333328247,0.0,545.0,437,2,82,0,0,0,500,500,0
1594,6376,898,112,898,1,right,0.05843091383576393,0.2561982274055481,0.15077339112758636,0.483655720949173,0.05094177648425102,1.3030661344528198,0.0,545.0,438,2,82,0,0,0,500,500,0
1595,6380,898,106,898,3,right+B,0.05731896683573723,0.25385582447052,0.14734531939029694,0.49112939834594727,0.050350457429885864,1.2937796115875244,-1.0,544.0,439,2,81,0,0,0,500,500,0
1596,6384,898,89,898,3,right+B,0.05665900558233261,0.2524038553237915,0.14620400965213776,0.4945342242717743,0.05019889399409294,1.2896599769592285,0.0,544.0,440,2,81,0,0,0,500,500,0
1597,6388,898,79,898,3,right+B,0.0579352006316185,0.25528162717819214,0.14958713948726654,0.4856289029121399,0.05156715214252472,1.3014445304870605,0.0,544.0,441,2,81,0,0,0,500,500,0
1598,6392,898,79,898,3,right+B,0.05754243582487106,0.2512214481830597,0.14430899918079376,0.49681612849235535,0.050111014395952225,1.2882410287857056,0.0,544.0,442,2,81,0,0,0,500,500,0
1599,6396,898,79,898,1,right,0.05770089477300644,0.2533053159713745,0.14324860274791718,0.4965769648551941,0.04916827008128166,1.2865084409713745,0.0,544.0,443,2,81,0,0,0,500,500,0
1600,6400,898,79,898,1,right,0.05796300619840622,0.25351518392562866,0.14390523731708527,0.4949875771999359,0.04962907359004021,1.2890888452529907,-1.0,543.0,444,2,80,0,0,0,500,500,0
1601,6404,898,79,898,0,NOOP,0.057800691574811935,0.25300905108451843,0.142873153090477,0.49687209725379944,0.04944497346878052,1.2866952419281006,0.0,543.0,445,2,80,0,0,0,500,500,0
1602,6408,898,79,898,3,right+B,0.057854063808918,0.2528038024902344,0.14358170330524445,0.49618276953697205,0.04957761988043785,1.2878581285476685,0.0,543.0,446,2,80,0,0,0,500,500,0
1603,6412,898,79,898,1,right,0.058246634900569916,0.2544096112251282,0.14500068128108978,0.49250441789627075,0.049838606268167496,1.2921175956726074,0.0,543.0,447,2,80,0,0,0,500,500,0
1604,6416,898,93,898,2,right+A,0.05830756202340126,0.25414523482322693,0.14496035873889923,0.4925844073295593,0.05000235512852669,1.2923985719680786,0.0,543.0,448,2,80,0,0,0,500,500,0
1605,6420,898,108,898,3,right+B,0.0585731565952301,0.2558237612247467,0.15042473375797272,0.4843423366546631,0.050836026668548584,1.302483081817627,-1.0,542.0,449,2,79,0,0,0,500,500,0
1606,6424,898,112,898,0,NOOP,0.05887944623827934,0.25689584016799927,0.1523665338754654,0.48044973611831665,0.05140843987464905,1.3073409795761108,0.0,542.0,450,2,79,0,0,0,500,500,0
1607,6428,898,106,898,3,right+B,0.05787136033177376,0.25473660230636597,0.14927631616592407,0.48722419142723083,0.05089154839515686,1.2990694046020508,0.0,542.0,451,2,79,0,0,0,500,500,0
1608,6432,898,89,898,1,right,0.05705880746245384,0.2529408037662506,0.1478540599346161,0.491565465927124,0.050580937415361404,1.2937501668930054,0.0,542.0,452,2,79,0,0,0,500,500,0
1609,6436,898,79,898,3,right+B,0.05823139101266861,0.25588396191596985,0.15111887454986572,0.4828392565250397,0.05192646011710167,1.3050527572631836,0.0,542.0,453,2,79,0,0,0,500,500,0
1610,6440,898,79,898,3,right+B,0.05781111866235733,0.25175774097442627,0.14565347135066986,0.49425065517425537,0.05052698403596878,1.2917864322662354,-1.0,541.0,454,2,78,0,0,0,500,500,0
1611,6444,898,79,898,3,right+B,0.05789991840720177,0.25366538763046265,0.14415082335472107,0.49479201436042786,0.049491800367832184,1.2890410423278809,0.0,541.0,455,2,78,0,0,0,500,500,0
1612,6448,898,79,898,3,right+B,0.058121927082538605,0.25376808643341064,0.1445840746164322,0.4936261773109436,0.04989975690841675,1.2910555601119995,0.0,541.0,456,2,78,0,0,0,500,500,0
1613,6452,898,79,898,3,right+B,0.058162372559309006,0.2537735402584076,0.1440247893333435,0.49427855014801025,0.04976075142621994,1.2901387214660645,0.0,541.0,457,2,78,0,0,0,500,500,0
1614,6456,898,93,898,2,right+A,0.05802597850561142,0.25314947962760925,0.1432679146528244,0.4960925281047821,0.04946409910917282,1.2878092527389526,0.0,541.0,458,2,78,0,0,0,500,500,0
1615,6460,898,108,898,1,right,0.05866466090083122,0.2553761303424835,0.14968474209308624,0.48557618260383606,0.05069835111498833,1.3012109994888306,-1.0,540.0,459,2,77,0,0,0,500,500,0
1616,6464,898,112,898,1,right,0.05889998748898506,0.25588923692703247,0.15160684287548065,0.48217540979385376,0.05142863094806671,1.3059196472167969,0.0,540.0,460,2,77,0,0,0,500,500,0
1617,6468,898,106,898,2,right+A,0.05825268104672432,0.2547963559627533,0.15007176995277405,0.486059308052063,0.05081984028220177,1.3006947040557861,0.0,540.0,461,2,77,0,0,0,500,500,0
1618,6472,898,89,898,3,right+B,0.05732804164290428,0.2533770501613617,0.148773193359375,0.49021291732788086,0.0503087192773819,1.2950986623764038,0.0,540.0,462,2,77,0,0,0,500,500,0
1619,6476,898,79,898,1,right,0.05842295289039612,0.2562086880207062,0.1532614827156067,0.48042038083076477,0.05168644338846207,1.3075952529907227,0.0,540.0,463,2,77,0,0,0,500,500,0
1620,6480,898,79,898,0,NOOP,0.0580904446542263,0.25282734632492065,0.14859314262866974,0.48980429768562317,0.05068478733301163,1.297006368637085,-1.0,539.0,464,2,76,0,0,0,500,500,0
1621,6484,898,79,898,3,right+B,0.05799221247434616,0.2550916373729706,0.14684638381004333,0.49016451835632324,0.04990526661276817,1.2944159507751465,0.0,539.0,465,2,76,0,0,0,500,500,0
1622,6488,898,79,898,1,right,0.05863575637340546,0.2555725574493408,0.1468142569065094,0.4889009892940521,0.05007639527320862,1.296449899673462,0.0,539.0,466,2,76,0,0,0,500,500,0
1623,6492,898,93,898,2,right+A,0.058823734521865845,0.25583523511886597,0.14538125693798065,0.4901582896709442,0.04980148747563362,1.294658899307251,0.0,539.0,467,2,76,0,0,0,500,500,0
1624,6496,898,108,898,0,NOOP,0.0586269311606884,0.2554700970649719,0.14834892749786377,0.4871884882450104,0.05036558955907822,1.2988579273223877,0.0,539.0,468,2,76,0,0,0,500,500,0
1625,6500,898,112,898,0,NOOP,0.05881372466683388,0.2556936740875244,0.14945727586746216,0.48516884446144104,0.05086652189493179,1.3018414974212646,-1.0,538.0,469,2,75,0,0,0,500,500,0
1626,6504,898,106,898,2,right+A,0.05795039236545563,0.2533797025680542,0.14681802690029144,0.49142101407051086,0.05043084919452667,1.2943649291992188,0.0,538.0,470,2,75,0,0,0,500,500,0
1627,6508,898,89,898,2,right+A,0.057244524359703064,0.2521257698535919,0.14595508575439453,0.49436092376708984,0.05031367763876915,1.2906972169876099,0.0,538.0,471,2,75,0,0,0,500,500,0
1628,6512,898,79,898,3,right+B,0.05848679319024086,0.2549819350242615,0.15111175179481506,0.48354747891426086,0.051872022449970245,1.3048877716064453,0.0,538.0,472,2,75,0,0,0,500,500,0
1629,6516,898,79,898,1,right,0.0583372488617897,0.2524701654911041,0.14877694845199585,0.4897302985191345,0.050685394555330276,1.2975159883499146,0.0,538.0,473,2,75,0,0,0,500,500,0
1630,6520,898,79,898,1,right,0.05837392807006836,0.2555661201477051,0.1479899138212204,0.4884541630744934,0.04961589723825455,1.2962478399276733,-1.0,537.0,474,2,74,0,0,0,500,500,0
1631,6524,898,79,898,3,right+B,0.058414530009031296,0.25560131669044495,0.1485985666513443,0.4873077869415283,0.05007782205939293,1.2981352806091309,0.0,537.0,475,2,74,0,0,0,500,500,0
1632,6528,898,79,898,1,right,0.058442167937755585,0.25629597902297974,0.14764001965522766,0.4874546527862549,0.05016716197133064,1.2977027893066406,0.0,537.0,476,2,74,0,0,0,500,500,0
1633,6532,898,93,898,4,right+A+B,0.05818210542201996,0.25513970851898193,0.1454469859600067,0.49151304364204407,0.049718186259269714,1.292729139328003,0.0,537.0,477,2,74,0,0,0,500,500,0
1634,6536,898,108,898,3,right+B,0.05853690952062607,0.256161630153656,0.14951379597187042,0.4852519631385803,0.05053573101758957,1.3008754253387451,0.0,537.0,478,2,74,0,0,0,500,500,0
1635,6540,898,112,898,1,right,0.05877741053700447,0.25607162714004517,0.15055102109909058,0.48329871892929077,0.051301173865795135,1.3042652606964111,-1.0,536.0,479,2,73,0,0,0,500,500,0
1636,6544,898,106,898,3,right+B,0.05796023830771446,0.253755122423172,0.14686647057533264,0.4909594655036926,0.05045871436595917,1.2947560548782349,0.0,536.0,480,2,73,0,0,0,500,500,0
1637,6548,898,89,898,4,right+A+B,0.05697472766041756,0.25136858224868774,0.1447218954563141,0.49694880843162537,0.04998605698347092,1.2873377799987793,0.0,536.0,481,2,73,0,0,0,500,500,0
1638,6552,898,79,898,2,right+A,0.05827955901622772,0.2544748783111572,0.14965438842773438,0.486112505197525,0.051478736102581024,1.301536202430725,0.0,536.0,482,2,73,0,0,0,500,500,0
1639,6556,898,79,898,2,right+A,0.05821735039353371,0.2514672577381134,0.14683286845684052,0.4929443299770355,0.050538212060928345,1.2939207553863525,0.0,536.0,483,2,73,0,0,0,500,500,0
1640,6560,898,79,898,1,right,0.05827801302075386,0.25409284234046936,0.1461755484342575,0.49189314246177673,0.04956043139100075,1.2927687168121338,-1.0,535.0,484,2,72,0,0,0,500,500,0
1641,6564,898,79,898,3,right+B,0.05852366238832474,0.25524306297302246,0.1484619379043579,0.48768651485443115,0.050084829330444336,1.297988772392273,0.0,535.0,485,2,72,0,0,0,500,500,0
1642,6568,898,79,898,3,right+B,0.058484289795160294,0.2559297978878021,0.14798523485660553,0.4876804053783417,0.049920301884412766,1.2974064350128174,0.0,535.0,486,2,72,0,0,0,500,500,0
1643,6572,898,79,898,3,right+B,0.05806842818856239,0.2548796534538269,0.14641131460666656,0.4911351501941681,0.0495055690407753,1.2929991483688354,0.0,535.0,487,2,72,0,0,0,500,500,0
1644,6576,898,79,898,3,right+B,0.05810396000742912,0.25576770305633545,0.14705680310726166,0.4891180992126465,0.049953412264585495,1.2954572439193726,0.0,535.0,488,2,72,0,0,0,500,500,0
1645,6580,898,93,898,2,right+A,0.05803467705845833,0.2550220191478729,0.14640578627586365,0.4903213679790497,0.05021613463759422,1.2946386337280273,-1.0,534.0,489,2,71,0,0,0,500,500,0
1646,6584,898,108,898,3,right+B,0.05850262567400932,0.25564587116241455,0.14955121278762817,0.4856221675872803,0.050678182393312454,1.3008387088775635,0.0,534.0,490,2,71,0,0,0,500,500,0
1647,6588,898,112,898,2,right+A,0.058563366532325745,0.2557982802391052,0.14934298396110535,0.48558056354522705,0.0507148914039135,1.3009026050567627,0.0,534.0,491,2,71,0,0,0,500,500,0
1648,6592,898,106,898,3,right+B,0.05792250111699104,0.2538951635360718,0.14708629250526428,0.49068892002105713,0.05040714517235756,1.2949154376983643,0.0,534.0,492,2,71,0,0,0,500,500,0
1649,6596,898,89,898,3,right+B,0.057205941528081894,0.2519629895687103,0.14541877806186676,0.49550768733024597,0.04990461841225624,1.2889113426208496,0.0,534.0,493,2,71,0,0,0,500,500,0
1650,6600,898,79,898,3,right+B,0.058458540588617325,0.25494417548179626,0.15017211437225342,0.4850355386734009,0.051389653235673904,1.3026267290115356,-1.0,533.0,494,2,70,0,0,0,500,500,0
1651,6604,898,79,898,3,right+B,0.05827007442712784,0.251522034406662,0.14690932631492615,0.49281045794487,0.05048809573054314,1.29404878616333,0.0,533.0,495,2,70,0,0,0,500,500,0
1652,6608,898,79,898,3,right+B,0.058500614017248154,0.25441259145736694,0.14703132212162018,0.49033936858177185,0.04971608519554138,1.294844627380371,0.0,533.0,496,2,70,0,0,0,500,500,0
1653,6612,898,79,898,3,right+B,0.058875180780887604,0.2557881772518158,0.1496979296207428,0.4852078855037689,0.05043087154626846,1.3013299703598022,0.0,533.0,497,2,70,0,0,0,500,500,0
1654,6616,898,79,898,3,right+B,0.058721646666526794,0.25626277923583984,0.1487906277179718,0.48603373765945435,0.050191137939691544,1.2996958494186401,0.0,533.0,498,2,70,0,0,0,500,500,0
1655,6620,898,93,898,2,right+A,0.058357033878564835,0.25534701347351074,0.14742505550384521,0.4890976548194885,0.049773238599300385,1.2957534790039062,-1.0,532.0,499,2,69,0,0,0,500,500,0
1656,6624,898,108,898,3,right+B,0.05868465453386307,0.25702568888664246,0.1521638035774231,0.4812302887439728,0.05089549347758293,1.3056303262710571,0.0,532.0,500,2,69,0,0,0,500,500,0
1657,6628,898,112,898,0,NOOP,0.05820898711681366,0.2562331557273865,0.149884432554245,0.4844471216201782,0.05122628062963486,1.3022191524505615,0.0,532.0,501,2,69,0,0,0,500,500,0
1658,6632,898,106,898,3,right+B,0.05739166960120201,0.2536393404006958,0.14570195972919464,0.4927294850349426,0.050537578761577606,1.2922282218933105,0.0,532.0,502,2,69,0,0,0,500,500,0
1659,6636,898,89,898,1,right,0.05670678988099098,0.25136181712150574,0.14388331770896912,0.49781718850135803,0.050230905413627625,1.28627610206604,0.0,532.0,503,2,69,0,0,0,500,500,0
1660,6640,898,79,898,2,right+A,0.05796566233038902,0.2540833055973053,0.14815674722194672,0.4881775677204132,0.05161670595407486,1.2991491556167603,-1.0,531.0,504,2,68,0,0,0,500,500,0
1661,6644,898,79,898,3,right+B,0.05754398927092552,0.24996933341026306,0.14361128211021423,0.49859124422073364,0.050284210592508316,1.2869172096252441,0.0,531.0,505,2,68,0,0,0,500,500,0
1662,6648,898,79,898,1,right,0.057566773146390915,0.25247395038604736,0.14233553409576416,0.498378187417984,0.049245573580265045,1.2846959829330444,0.0,531.0,506,2,68,0,0,0,500,500,0
1663,6652,898,79,898,3,right+B,0.05812632665038109,0.2535804212093353,0.1446906328201294,0.4934990406036377,0.05010358244180679,1.2915375232696533,0.0,531.0,507,2,68,0,0,0,500,500,0
1664,6656,898,79,898,1,right,0.05807557329535484,0.25377458333969116,0.14430707693099976,0.4939004182815552,0.04994231462478638,1.290717601776123,0.0,531.0,508,2,68,0,0,0,500,500,0
1665,6660,898,93,898,4,right+A+B,0.05811268463730812,0.2543390691280365,0.14546360075473785,0.49235427379608154,0.049730412662029266,1.2921020984649658,-1.0,530.0,509,2,67,0,0,0,500,500,0
1666,6664,898,108,898,1,right,0.05857919529080391,0.2565159797668457,0.1514175832271576,0.4829113185405731,0.05057583749294281,1.3035050630569458,0.0,530.0,510,2,67,0,0,0,500,500,0
1667,6668,898,112,898,4,right+A+B,0.058429569005966187,0.2562980055809021,0.151730477809906,0.4823702573776245,0.051171667873859406,1.3047544956207275,0.0,530.0,511,2,67,0,0,0,500,500,0
1668,6672,898,106,898,2,right+A,0.05758438631892204,0.2544274926185608,0.14814193546772003,0.4891526401042938,0.05069352313876152,1.2964588403701782,0.0,530.0,512,2,67,0,0,0,500,500,0
1669,6676,898,89,898,1,right,0.05672542750835419,0.2523001730442047,0.14538879692554474,0.49533557891845703,0.050250094383955,1.288854956626892,0.0,530.0,513,2,67,0,0,0,500,500,0
1670,6680,898,79,898,4,right+A+B,0.05797243118286133,0.2549108564853668,0.1490662544965744,0.4864085614681244,0.05164188891649246,1.300837755203247,-1.0,529.0,514,2,66,0,0,0,500,500,0
1671,6684,898,79,898,3,right+B,0.05768097564578056,0.2507156729698181,0.1443716138601303,0.4968647360801697,0.05036701261997223,1.28885817527771,0.0,529.0,515,2,66,0,0,0,500,500,0
1672,6688,898,79,898,1,right,0.0578896664083004,0.25325122475624084,0.14324206113815308,0.4963250458240509,0.049291953444480896,1.2871556282043457,0.0,529.0,516,2,66,0,0,0,500,500,0
1673,6692,898,79,898,3,right+B,0.058268383145332336,0.2535545229911804,0.1445963829755783,0.4936920404434204,0.04988871514797211,1.2912161350250244,0.0,529.0,517,2,66,0,0,0,500,500,0
1674,6696,898,79,898,3,right+B,0.05801081657409668,0.25342756509780884,0.14320926368236542,0.4957740008831024,0.04957834258675575,1.2881540060043335,0.0,529.0,518,2,66,0,0,0,500,500,0
1675,6700,898,79,898,1,right,0.05819861590862274,0.25372111797332764,0.1439230591058731,0.4944908320903778,0.04966643825173378,1.2898390293121338,-1.0,528.0,519,2,65,0,0,0,500,500,0
1676,6704,898,93,898,2,right+A,0.05825831741094589,0.2543681263923645,0.14564429223537445,0.491767019033432,0.04996221885085106,1.2931833267211914,0.0,528.0,520,2,65,0,0,0,500,500,0
1677,6708,898,108,898,1,right,0.0587744303047657,0.2562251687049866,0.15237753093242645,0.48134857416152954,0.05127435922622681,1.3064115047454834,0.0,528.0,521,2,65,0,0,0,500,500,0
1678,6712,898,112,898,3,right+B,0.05850493535399437,0.25665318965911865,0.1510779708623886,0.48287662863731384,0.05088728666305542,1.303742527961731,0.0,528.0,522,2,65,0,0,0,500,500,0
1679,6716,898,106,898,4,right+A+B,0.0574958510696888,0.2542150914669037,0.1485282927751541,0.4891560673713684,0.050604697316884995,1.2963900566101074,0.0,528.0,523,2,65,0,0,0,500,500,0
1680,6720,898,89,898,3,right+B,0.05677010491490364,0.2529955804347992,0.14594289660453796,0.4940289258956909,0.050262510776519775,1.2901246547698975,-1.0,527.0,524,2,64,0,0,0,500,500,0
1681,6724,898,79,898,2,right+A,0.05796422064304352,0.25520819425582886,0.14965084195137024,0.485525906085968,0.05165085196495056,1.3017218112945557,0.0,527.0,525,2,64,0,0,0,500,500,0
1682,6728,898,79,898,3,right+B,0.05766478180885315,0.2510271370410919,0.14456719160079956,0.4964096248149872,0.05033131316304207,1.2891958951950073,0.0,527.0,526,2,64,0,0,0,500,500,0
1683,6732,898,79,898,3,right+B,0.057871051132678986,0.25355857610702515,0.1434459537267685,0.4957444667816162,0.049379993230104446,1.2877781391143799,0.0,527.0,527,2,64,0,0,0,500,500,0
1684,6736,898,79,898,3,right+B,0.058118000626564026,0.2533659040927887,0.14422905445098877,0.49439793825149536,0.04988919943571091,1.2903180122375488,0.0,527.0,528,2,64,0,0,0,500,500,0
1685,6740,898,79,898,3,right+B,0.05808958411216736,0.2535647749900818,0.1434616893529892,0.49513599276542664,0.04974784329533577,1.289117693901062,-1.0,526.0,529,2,63,0,0,0,500,500,0
1686,6744,898,79,898,3,right+B,0.0579446442425251,0.25301048159599304,0.14273622632026672,0.49689945578575134,0.0494091622531414,1.2867522239685059,0.0,526.0,530,2,63,0,0,0,500,500,0
1687,6748,898,79,898,1,right,0.05809561908245087,0.25420311093330383,0.14468598365783691,0.49310827255249023,0.049906957894563675,1.2914297580718994,0.0,526.0,531,2,63,0,0,0,500,500,0
1688,6752,898,93,898,2,right+A,0.058274321258068085,0.25423458218574524,0.14660178124904633,0.49048787355422974,0.05040144920349121,1.2952921390533447,0.0,526.0,532,2,63,0,0,0,500,500,0
1689,6756,898,108,898,3,right+B,0.05872214585542679,0.25595274567604065,0.15184752643108368,0.4826083779335022,0.05086921527981758,1.304608702659607,0.0,526.0,533,2,63,0,0,0,500,500,0
1690,6760,898,112,898,3,right+B,0.05849814787507057,0.25689446926116943,0.15160343050956726,0.4821314513683319,0.05087253823876381,1.3044568300247192,-1.0,525.0,534,2,62,0,0,0,500,500,0
1691,6764,898,106,898,3,right+B,0.057365063577890396,0.25395825505256653,0.14837172627449036,0.48987478017807007,0.05043010786175728,1.2953579425811768,0.0,525.0,535,2,62,0,0,0,500,500,0
1692,6768,898,89,898,1,right,0.05664218217134476,0.25269362330436707,0.1457638144493103,0.4947640001773834,0.05013633891940117,1.2891379594802856,0.0,525.0,536,2,62,0,0,0,500,500,0
1693,6772,898,79,898,3,right+B,0.05769702047109604,0.2546885311603546,0.14895853400230408,0.4872085750102997,0.05144733563065529,1.2995426654815674,0.0,525.0,537,2,62,0,0,0,500,500,0
1694,6776,898,79,898,1,right,0.05733237788081169,0.2503744959831238,0.14358793199062347,0.4985949695110321,0.05011020973324776,1.2863107919692993,0.0,525.0,538,2,62,0,0,0,500,500,0
1695,6780,898,79,898,3,right+B,0.05753084644675255,0.2529456317424774,0.14248590171337128,0.49784383177757263,0.049193818122148514,1.285007119178772,-1.0,524.0,539,2,61,0,0,0,500,500,0
1696,6784,898,79,898,1,right,0.05802423879504204,0.2532651722431183,0.1439814418554306,0.4949704110622406,0.04975879192352295,1.289445161819458,0.0,524.0,540,2,61,0,0,0,500,500,0
1697,6788,898,79,898,1,right,0.05816331133246422,0.25366032123565674,0.14362403750419617,0.4949455261230469,0.04960673302412033,1.2892160415649414,0.0,524.0,541,2,61,0,0,0,500,500,0
1698,6792,898,79,898,1,right,0.05807743966579437,0.25322383642196655,0.14312008023262024,0.49629199504852295,0.049286697059869766,1.2873765230178833,0.0,524.0,542,2,61,0,0,0,500,500,0
1699,6796,898,79,898,1,right,0.05839499086141586,0.25478631258010864,0.14566460251808167,0.49127471446990967,0.049879372119903564,1.293584942817688,0.0,524.0,543,2,61,0,0,0,500,500,0
1700,6800,898,79,898,3,right+B,0.05853325128555298,0.25473150610923767,0.14734070003032684,0.4890156090259552,0.05037890374660492,1.2970061302185059,-1.0,523.0,544,2,60,0,0,0,500,500,0
1701,6804,898,93,898,2,right+A,0.058195266872644424,0.25467678904533386,0.1463720053434372,0.4911169707775116,0.04963889718055725,1.2933948040008545,0.0,523.0,545,2,60,0,0,0,500,500,0
1702,6808,898,108,898,3,right+B,0.058635108172893524,0.2564830183982849,0.1519239842891693,0.48216381669044495,0.05079406127333641,1.3046799898147583,0.0,523.0,546,2,60,0,0,0,500,500,0
1703,6812,898,112,898,3,right+B,0.05853273719549179,0.2567596733570099,0.1519804298877716,0.4817063510417938,0.05102071911096573,1.3052133321762085,0.0,523.0,547,2,60,0,0,0,500,500,0
1704,6816,898,106,898,3,right+B,0.05759876221418381,0.2545779347419739,0.14857977628707886,0.48824068903923035,0.05100273713469505,1.2978094816207886,0.0,523.0,548,2,60,0,0,0,500,500,0
1705,6820,898,89,898,1,right,0.05673999711871147,0.25216811895370483,0.1452004611492157,0.49563872814178467,0.05025267228484154,1.288572072982788,-1.0,522.0,549,2,59,0,0,0,500,500,0
1706,6824,898,79,898,3,right+B,0.05798611789941788,0.2544998228549957,0.1489500105381012,0.486806184053421,0.05175791680812836,1.3007233142852783,0.0,522.0,550,2,59,0,0,0,500,500,0
1707,6828,898,93,898,2,right+A,0.057638224214315414,0.2505650222301483,0.14411421120166779,0.4972081780433655,0.05047426372766495,1.2885898351669312,0.0,522.0,551,2,59,0,0,0,500,500,0
1708,6832,898,109,898,2,right+A,0.05795227363705635,0.2535982131958008,0.1477147340774536,0.4902074337005615,0.05052727833390236,1.2958121299743652,0.0,522.0,552,2,59,0,0,0,500,500,0
1709,6836,898,121,898,3,right+B,0.05835471674799919,0.2543227970600128,0.14875799417495728,0.48750126361846924,0.05106314644217491,1.299601674079895,0.0,522.0,553,2,59,0,0,0,500,500,0
1710,6840,898,122,898,0,NOOP,0.05844448134303093,0.2557845413684845,0.150534525513649,0.4830605983734131,0.052175868302583694,1.305315375328064,-1.0,521.0,554,2,58,0,0,0,500,500,0
1711,6844,898,113,898,1,right,0.05739171802997589,0.25383445620536804,0.14554144442081451,0.49175629019737244,0.05147610604763031,1.2942898273468018,0.0,521.0,555,2,58,0,0,0,500,500,0
1712,6848,898,94,898,1,right,0.05792515352368355,0.25315165519714355,0.14667721092700958,0.49244174361228943,0.049804218113422394,1.292558193206787,0.0,521.0,556,2,58,0,0,0,500,500,0
1713,6852,898,79,898,3,right+B,0.05683732032775879,0.25234949588775635,0.1443781554698944,0.4967060387134552,0.04972904175519943,1.2866911888122559,0.0,521.0,557,2,58,0,0,0,500,500,0
1714,6856,898,79,898,1,right,0.057382818311452866,0.2547808289527893,0.14517831802368164,0.49410444498062134,0.048553574830293655,1.2877662181854248,0.0,521.0,558,2,58,0,0,0,500,500,0
1715,6860,898,93,898,4,right+A+B,0.057306766510009766,0.25188902020454407,0.14374075829982758,0.49834680557250977,0.048716623336076736,1.2842625379562378,-1.0,520.0,559,2,57,0,0,0,500,500,0
1716,6864,898,108,898,3,right+B,0.05799415335059166,0.25492116808891296,0.1496412754058838,0.4872160851955414,0.050227370113134384,1.2983767986297607,0.0,520.0,560,2,57,0,0,0,500,500,0
1717,6868,898,112,898,1,right,0.05831347405910492,0.25580525398254395,0.1500396877527237,0.48465508222579956,0.0511864572763443,1.302259922027588,0.0,520.0,561,2,57,0,0,0,500,500,0
1718,6872,898,106,898,1,right,0.0574694499373436,0.25311926007270813,0.1460558921098709,0.4929248094558716,0.05043058097362518,1.2922366857528687,0.0,520.0,562,2,57,0,0,0,500,500,0
1719,6876,898,89,898,1,right,0.05689335986971855,0.25157541036605835,0.14477795362472534,0.49654337763786316,0.050209902226924896,1.2878849506378174,0.0,520.0,563,2,57,0,0,0,500,500,0
1720,6880,898,79,898,1,right,0.05815812572836876,0.2541133761405945,0.14925557374954224,0.4868408143520355,0.05163208395242691,1.300917387008667,-1.0,519.0,564,2,56,0,0,0,500,500,0
1721,6884,898,79,898,3,right+B,0.05777967348694801,0.25027996301651,0.14468342065811157,0.496921181678772,0.050335731357336044,1.2890856266021729,0.0,519.0,565,2,56,0,0,0,500,500,0
1722,6888,898,79,898,3,right+B,0.05800258740782738,0.2531065046787262,0.1438872367143631,0.4956459701061249,0.049357593059539795,1.2882518768310547,0.0,519.0,566,2,56,0,0,0,500,500,0
1723,6892,898,79,898,1,right,0.058650318533182144,0.2544908821582794,0.14638961851596832,0.4901854991912842,0.05028367415070534,1.295735478401184,0.0,519.0,567,2,56,0,0,0,500,500,0
1724,6896,898,79,898,0,NOOP,0.05843706801533699,0.25439125299453735,0.1456262767314911,0.49150601029396057,0.05003941431641579,1.293733835220337,0.0,519.0,568,2,56,0,0,0,500,500,0
1725,6900,898,79,898,3,right+B,0.058414917439222336,0.25498563051223755,0.14723433554172516,0.48941823840141296,0.049946848303079605,1.2958089113235474,-1.0,518.0,569,2,55,0,0,0,500,500,0
1726,6904,898,93,898,4,right+A+B,0.05860929563641548,0.25658538937568665,0.14826038479804993,0.4866728186607361,0.049872126430273056,1.2983101606369019,0.0,518.0,570,2,55,0,0,0,500,500,0
1727,6908,898,108,898,3,right+B,0.05855848640203476,0.2560405433177948,0.15157033503055573,0.483117014169693,0.05071370676159859,1.3036482334136963,0.0,518.0,571,2,55,0,0,0,500,500,0
1728,6912,898,112,898,3,right+B,0.05829757824540138,0.2568267285823822,0.1499652862548828,0.4839473068714142,0.050963081419467926,1.3022865056991577,0.0,518.0,572,2,55,0,0,0,500,500,0
1729,6916,898,106,898,1,right,0.057541221380233765,0.253906786441803,0.1467752456665039,0.4912439286708832,0.05053284391760826,1.2940179109573364,0.0,518.0,573,2,55,0,0,0,500,500,0
1730,6920,898,89,898,3,right+B,0.05670516937971115,0.2515021562576294,0.1441469043493271,0.497599333524704,0.05004648119211197,1.2862721681594849,-1.0,517.0,574,2,54,0,0,0,500,500,0
1731,6924,898,79,898,3,right+B,0.05819819122552872,0.25469404458999634,0.14913834631443024,0.4862631857395172,0.05170624703168869,1.3014068603515625,0.0,517.0,575,2,54,0,0,0,500,500,0
1732,6928,898,79,898,3,right+B,0.057906415313482285,0.2505488693714142,0.14487658441066742,0.49625539779663086,0.050412725657224655,1.2899565696716309,0.0,517.0,576,2,54,0,0,0,500,500,0
1733,6932,898,79,898,3,right+B,0.057966649532318115,0.2530990540981293,0.14380252361297607,0.4957357347011566,0.0493960827589035,1.2881540060043335,0.0,517.0,577,2,54,0,0,0,500,500,0
1734,6936,898,93,898,2,right+A,0.058228954672813416,0.253363698720932,0.14479322731494904,0.4936482310295105,0.04996579885482788,1.291422724723816,0.0,517.0,578,2,54,0,0,0,500,500,0
1735,6940,898,108,898,3,right+B,0.05906776711344719,0.25590625405311584,0.1509495973587036,0.48268434405326843,0.05139211565256119,1.3054389953613281,-1.0,516.0,579,2,53,0,0,0,500,500,0
1736,6944,898,112,898,1,right,0.05873061344027519,0.2554139494895935,0.15031211078166962,0.48443877696990967,0.051104508340358734,1.3030261993408203,0.0,516.0,580,2,53,0,0,0,500,500,0
1737,6948,898,106,898,1,right,0.05788349732756615,0.2545468509197235,0.1492251306772232,0.48747628927230835,0.0508682057261467,1.298858642578125,0.0,516.0,581,2,53,0,0,0,500,500,0
1738,6952,898,89,898,0,NOOP,0.05721252039074898,0.2535732686519623,0.14797721803188324,0.49087297916412354,0.050364065915346146,1.294154405593872,0.0,516.0,582,2,53,0,0,0,500,500,0
1739,6956,898,79,898,1,right,0.0581253245472908,0.2553395926952362,0.15207885205745697,0.4829047620296478,0.05155159533023834,1.304756760597229,0.0,516.0,583,2,53,0,0,0,500,500,0
1740,6960,898,79,898,0,NOOP,0.05773703381419182,0.2523382008075714,0.14664742350578308,0.49286723136901855,0.05041009560227394,1.2929610013961792,-1.0,515.0,584,2,52,0,0,0,500,500,0
1741,6964,898,79,898,3,right+B,0.05760911852121353,0.2540055215358734,0.1452491730451584,0.4935663342475891,0.04956982657313347,1.2901721000671387,0.0,515.0,585,2,52,0,0,0,500,500,0
1742,6968,898,79,898,3,right+B,0.058129481971263885,0.253970205783844,0.1450185924768448,0.49307981133461,0.04980188235640526,1.2915141582489014,0.0,515.0,586,2,52,0,0,0,500,500,0
1743,6972,898,79,898,3,right+B,0.05822708085179329,0.2544650137424469,0.1433742642402649,0.49433109164237976,0.04960252344608307,1.2895697355270386,0.0,515.0,587,2,52,0,0,0,500,500,0
1744,6976,898,79,898,3,right+B,0.0577896349132061,0.2531103789806366,0.14260956645011902,0.49699336290359497,0.049497056752443314,1.2865310907363892,0.0,515.0,588,2,52,0,0,0,500,500,0
1745,6980,898,79,898,3,right+B,0.05784594640135765,0.2530619502067566,0.14291594922542572,0.49657514691352844,0.049600999802351,1.2872412204742432,-1.0,514.0,589,2,51,0,0,0,500,500,0
1746,6984,898,79,898,3,right+B,0.05798206105828285,0.25299468636512756,0.14296576380729675,0.4966456890106201,0.049411747604608536,1.287114143371582,0.0,514.0,590,2,51,0,0,0,500,500,0
1747,6988,898,79,898,3,right+B,0.058476533740758896,0.2547625005245209,0.14587008953094482,0.49089372158050537,0.04999709874391556,1.2942615747451782,0.0,514.0,591,2,51,0,0,0,500,500,0
1748,6992,898,93,898,4,right+A+B,0.05860801041126251,0.2547878324985504,0.14759273827075958,0.48860788345336914,0.05040345340967178,1.2975592613220215,0.0,514.0,592,2,51,0,0,0,500,500,0
1749,6996,898,108,898,1,right,0.058957621455192566,0.25649744272232056,0.1525549441576004,0.48114073276519775,0.050849247723817825,1.306218147277832,0.0,514.0,593,2,51,0,0,0,500,500,0
1750,7000,898,112,898,3,right+B,0.05873604863882065,0.25750991702079773,0.15235427021980286,0.48051005601882935,0.05088967829942703,1.3062472343444824,-1.0,513.0,594,2,50,0,0,0,500,500,0
1751,7004,898,106,898,2,right+A,0.05764031037688255,0.2542226016521454,0.1492561548948288,0.4883616864681244,0.05051927641034126,1.297375202178955,0.0,513.0,595,2,50,0,0,0,500,500,0
1752,7008,898,89,898,0,NOOP,0.05711685121059418,0.2534945607185364,0.14717309176921844,0.4918431341648102,0.05037236958742142,1.2929482460021973,0.0,513.0,596,2,50,0,0,0,500,500,0
1753,7012,898,79,898,3,right+B,0.05822889879345894,0.2554468512535095,0.15076275169849396,0.48375073075294495,0.05181082710623741,1.3040966987609863,0.0,513.0,597,2,50,0,0,0,500,500,0
1754,7016,898,93,898,2,right+A,0.05776646360754967,0.2507743239402771,0.14507201313972473,0.49594295024871826,0.05044432729482651,1.2901225090026855,0.0,513.0,598,2,50,0,0,0,500,500,0
1755,7020,898,108,898,3,right+B,0.058268409222364426,0.25446805357933044,0.14881370961666107,0.4877672791481018,0.050682611763477325,1.2987189292907715,-1.0,512.0,599,2,49,0,0,0,500,500,0
1756,7024,898,112,898,2,right+A,0.05842079967260361,0.25454404950141907,0.14905564486980438,0.4868153929710388,0.0511641800403595,1.3004662990570068,0.0,512.0,600,2,49,0,0,0,500,500,0
1757,7028,898,106,898,2,right+A,0.057459842413663864,0.25280988216400146,0.1456279158592224,0.49345287680625916,0.050649482756853104,1.2919867038726807,0.0,512.0,601,2,49,0,0,0,500,500,0
1758,7032,898,89,898,3,right+B,0.05640959367156029,0.25053533911705017,0.14335468411445618,0.49954497814178467,0.05015543848276138,1.2842304706573486,0.0,512.0,602,2,49,0,0,0,500,500,0
1759,7036,898,79,898,3,right+B,0.05797078460454941,0.2543701231479645,0.1491449475288391,0.4864959120750427,0.05201832577586174,1.3014202117919922,0.0,512.0,603,2,49,0,0,0,500,500,0
1760,7040,898,79,898,3,right+B,0.057614848017692566,0.2506445050239563,0.14533568918704987,0.4956378936767578,0.05076703801751137,1.2907679080963135,-1.0,511.0,604,2,48,0,0,0,500,500,0
1761,7044,898,79,898,1,right,0.057721201330423355,0.2543165981769562,0.14544159173965454,0.4928297996520996,0.04969080910086632,1.2911317348480225,0.0,511.0,605,2,48,0,0,0,500,500,0
1762,7048,898,79,898,3,right+B,0.05789225175976753,0.2551923096179962,0.1465906947851181,0.49015679955482483,0.050167880952358246,1.2945587635040283,0.0,511.0,606,2,48,0,0,0,500,500,0
1763,7052,898,79,898,3,right+B,0.05754096060991287,0.2543374300003052,0.14515335857868195,0.4931762218475342,0.04979194700717926,1.2906384468078613,0.0,511.0,607,2,48,0,0,0,500,500,0
1764,7056,898,93,898,2,right+A,0.05734843388199806,0.2543621361255646,0.14332044124603271,0.49541887640953064,0.04955006018280983,1.2874271869659424,0.0,511.0,608,2,48,0,0,0,500,500,0
1765,7060,898,108,898,3,right+B,0.057616956532001495,0.2549646496772766,0.14748695492744446,0.4895953834056854,0.05033601447939873,1.2952834367752075,-1.0,510.0,609,2,47,0,0,0,500,500,0
1766,7064,898,112,898,3,right+B,0.057876430451869965,0.2548326253890991,0.14796209335327148,0.48831379413604736,0.0510149821639061,1.2978593111038208,0.0,510.0,610,2,47,0,0,0,500,500,0
1767,7068,898,106,898,3,right+B,0.05726595222949982,0.25292807817459106,0.14496824145317078,0.49434274435043335,0.0504949726164341,1.2904890775680542,0.0,510.0,611,2,47,0,0,0,500,500,0
1768,7072,898,89,898,3,right+B,0.05631197243928909,0.25025323033332825,0.14313837885856628,0.5003237128257751,0.049972739070653915,1.28313148021698,0.0,510.0,612,2,47,0,0,0,500,500,0
1769,7076,898,79,898,3,right+B,0.05780429393053055,0.2536623477935791,0.1483604907989502,0.48856520652770996,0.051607679575681686,1.2987523078918457,0.0,510.0,613,2,47,0,0,0,500,500,0
1770,7080,898,79,898,3,right+B,0.05743715912103653,0.2498955875635147,0.14385640621185303,0.4985112249851227,0.05029957741498947,1.2869755029678345,-1.0,509.0,614,2,46,0,0,0,500,500,0
1771,7084,898,93,898,2,right+A,0.057748373597860336,0.2533775568008423,0.1440308541059494,0.49517160654067993,0.04967162758111954,1.2887890338897705,0.0,509.0,615,2,46,0,0,0,500,500,0
1772,7088,898,108,898,1,right,0.05844397097826004,0.2546687126159668,0.14995020627975464,0.48594003915786743,0.050997085869312286,1.3012746572494507,0.0,509.0,616,2,46,0,0,0,500,500,0
1773,7092,898,112,898,1,right,0.058799125254154205,0.25706732273101807,0.15161006152629852,0.481227844953537,0.0512956827878952,1.3061561584472656,0.0,509.0,617,2,46,0,0,0,500,500,0
1774,7096,898,106,898,4,right+A+B,0.057646751403808594,0.25504085421562195,0.1485787332057953,0.4880828559398651,0.050650704652071,1.2974151372909546,0.0,509.0,618,2,46,0,0,0,500,500,0
1775,7100,898,89,898,1,right,0.05644775927066803,0.2519558370113373,0.1461450308561325,0.4954454004764557,0.050005972385406494,1.2883858680725098,-1.0,508.0,619,2,45,0,0,0,500,500,0
1776,7104,898,79,898,1,right,0.05768318101763725,0.25559842586517334,0.14980265498161316,0.4853132665157318,0.05160246044397354,1.301444411277771,0.0,508.0,620,2,45,0,0,0,500,500,0
1777,7108,898,93,898,2,right+A,0.057104144245386124,0.2508000433444977,0.14417636394500732,0.49773478507995605,0.050184693187475204,1.2870110273361206,0.0,508.0,621,2,45,0,0,0,500,500,0
1778,7112,898,108,898,3,right+B,0.057435642927885056,0.2536242604255676,0.14693871140480042,0.4917055070400238,0.0502958707511425,1.2932623624801636,0.0,508.0,622,2,45,0,0,0,500,500,0
1779,7116,898,112,898,3,right+B,0.05794789269566536,0.25462427735328674,0.14768125116825104,0.4888402819633484,0.0509062223136425,1.2972943782806396,0.0,508.0,623,2,45,0,0,0,500,500,0
1780,7120,898,106,898,3,right+B,0.057249829173088074,0.252495139837265,0.14480222761631012,0.49506089091300964,0.05039184167981148,1.2897241115570068,-1.0,507.0,624,2,44,0,0,0,500,500,0
1781,7124,898,89,898,2,right+A,0.056453149765729904,0.2506885230541229,0.14327172935009003,0.4995306432247162,0.05005599930882454,1.2840988636016846,0.0,507.0,625,2,44,0,0,0,500,500,0
1782,7128,898,79,898,1,right,0.05780923739075661,0.2538844645023346,0.14816682040691376,0.4885571300983429,0.05158233270049095,1.2986204624176025,0.0,507.0,626,2,44,0,0,0,500,500,0
1783,7132,898,79,898,3,right+B,0.05775371193885803,0.2509385049343109,0.14510998129844666,0.495535671710968,0.050662193447351456,1.2907507419586182,0.0,507.0,627,2,44,0,0,0,500,500,0
1784,7136,898,79,898,3,right+B,0.057806823402643204,0.25349363684654236,0.14464308321475983,0.4943097233772278,0.04974669963121414,1.2899186611175537,0.0,507.0,628,2,44,0,0,0,500,500,0
1785,7140,898,79,898,3,right+B,0.05817820504307747,0.25496119260787964,0.14704793691635132,0.48954635858535767,0.05026637390255928,1.2957932949066162,-1.0,506.0,629,2,43,0,0,0,500,500,0
1786,7144,898,79,898,3,right+B,0.0580512136220932,0.25583165884017944,0.1464272290468216,0.48965466022491455,0.050035230815410614,1.2948147058486938,0.0,506.0,630,2,43,0,0,0,500,500,0
1787,7148,898,79,898,3,right+B,0.05744469538331032,0.25382643938064575,0.14461460709571838,0.4946536719799042,0.04946064576506615,1.2886697053909302,0.0,506.0,631,2,43,0,0,0,500,500,0
1788,7152,898,93,898,2,right+A,0.057447127997875214,0.25519779324531555,0.1448114961385727,0.49282383918762207,0.049719713628292084,1.2904207706451416,0.0,506.0,632,2,43,0,0,0,500,500,0
1789,7156,898,108,898,3,right+B,0.05790520831942558,0.25520533323287964,0.14934790134429932,0.48664820194244385,0.05089334398508072,1.299533486366272,0.0,506.0,633,2,43,0,0,0,500,500,0
1790,7160,898,112,898,3,right+B,0.05774546414613724,0.2544618844985962,0.14707815647125244,0.4902535080909729,0.05046100914478302,1.2950226068496704,-1.0,505.0,634,2,42,0,0,0,500,500,0
1791,7164,898,106,898,2,right+A,0.056959301233291626,0.2527138888835907,0.14479315280914307,0.4951653480529785,0.050368353724479675,1.2891789674758911,0.0,505.0,635,2,42,0,0,0,500,500,0
1792,7168,898,89,898,3,right+B,0.056220173835754395,0.25022685527801514,0.1427198052406311,0.5010037422180176,0.04982940852642059,1.2820574045181274,0.0,505.0,636,2,42,0,0,0,500,500,0
1793,7172,898,79,898,3,right+B,0.05745582655072212,0.25318464636802673,0.14720518887043,0.49080947041511536,0.05134488642215729,1.2957160472869873,0.0,505.0,637,2,42,0,0,0,500,500,0
1794,7176,898,79,898,3,right+B,0.05708576738834381,0.24943110346794128,0.14263038337230682,0.5007932186126709,0.05005954951047897,1.283808708190918,0.0,505.0,638,2,42,0,0,0,500,500,0
1795,7180,898,79,898,0,NOOP,0.057476576417684555,0.25292444229125977,0.14299312233924866,0.49712738394737244,0.04947849363088608,1.286166787147522,-1.0,504.0,639,2,41,0,0,0,500,500,0
1796,7184,898,79,898,3,right+B,0.05807466804981232,0.25386589765548706,0.1457429826259613,0.4921351969242096,0.05018124729394913,1.2930799722671509,0.0,504.0,640,2,41,0,0,0,500,500,0
1797,7188,898,79,898,1,right,0.058671027421951294,0.25631412863731384,0.1473483443260193,0.48752909898757935,0.05013737082481384,1.2977831363677979,0.0,504.0,641,2,41,0,0,0,500,500,0
1798,7192,898,79,898,3,right+B,0.05859413743019104,0.2568969130516052,0.1470279097557068,0.48763254284858704,0.04984855279326439,1.296952724456787,0.0,504.0,642,2,41,0,0,0,500,500,0
1799,7196,898,79,898,1,right,0.057808760553598404,0.2549583911895752,0.14594072103500366,0.4917222857475281,0.049569811671972275,1.2920726537704468,0.0,504.0,643,2,41,0,0,0,500,500,0
1800,7200,898,93,898,2,right+A,0.05779905617237091,0.25552740693092346,0.14515843987464905,0.4917804002761841,0.049734678119421005,1.2918503284454346,-1.0,503.0,644,2,40,0,0,0,500,500,0
1801,7204,898,108,898,1,right,0.057665806263685226,0.25443291664123535,0.14769409596920013,0.4900128245353699,0.05019430071115494,1.2949658632278442,0.0,503.0,645,2,40,0,0,0,500,500,0
1802,7208,898,112,898,3,right+B,0.05800454691052437,0.25534671545028687,0.14850693941116333,0.48740169405937195,0.0507400780916214,1.2984933853149414,0.0,503.0,646,2,40,0,0,0,500,500,0
1803,7212,898,106,898,0,NOOP,0.05738607794046402,0.25302958488464355,0.14628002047538757,0.4924699366092682,0.05083437263965607,1.2931885719299316,0.0,503.0,647,2,40,0,0,0,500,500,0
1804,7216,898,89,898,1,right,0.056522808969020844,0.2506895661354065,0.143647700548172,0.49896004796028137,0.050179947167634964,1.2850053310394287,0.0,503.0,648,2,40,0,0,0,500,500,0
1805,7220,898,79,898,1,right,0.05780038610100746,0.2537238299846649,0.14826175570487976,0.48854348063468933,0.051670659333467484,1.2988080978393555,-1.0,502.0,649,2,39,0,0,0,500,500,0
1806,7224,898,79,898,3,right+B,0.057548243552446365,0.2500132620334625,0.14389477670192719,0.49811455607414246,0.050429120659828186,1.2876410484313965,0.0,502.0,650,2,39,0,0,0,500,500,0
1807,7228,898,79,898,3,right+B,0.05794087424874306,0.2534964978694916,0.14408768713474274,0.4947231113910675,0.04975193366408348,1.2895365953445435,0.0,502.0,651,2,39,0,0,0,500,500,0
1808,7232,898,79,898,3,right+B,0.05832333490252495,0.25399306416511536,0.14608167111873627,0.49125492572784424,0.05034709721803665,1.2944843769073486,0.0,502.0,652,2,39,0,0,0,500,500,0
1809,7236,898,93,898,2,right+A,0.05855543911457062,0.2556627690792084,0.14708299934864044,0.4884870946407318,0.05021167919039726,1.296968698501587,0.0,502.0,653,2,39,0,0,0,500,500,0
1810,7240,898,108,898,1,right,0.05864369869232178,0.2565203905105591,0.15131719410419464,0.48267295956611633,0.050845757126808167,1.3041359186172485,-1.0,501.0,654,2,38,0,0,0,500,500,0
1811,7244,898,112,898,3,right+B,0.05835557356476784,0.25648176670074463,0.15131045877933502,0.482930988073349,0.0509212352335453,1.303665280342102,0.0,501.0,655,2,38,0,0,0,500,500,0
1812,7248,898,106,898,3,right+B,0.05749879404902458,0.25452011823654175,0.1478925496339798,0.4892716109752655,0.050816867500543594,1.29631769657135,0.0,501.0,656,2,38,0,0,0,500,500,0
1813,7252,898,89,898,2,right+A,0.056737203150987625,0.25217869877815247,0.14491014182567596,0.49606674909591675,0.05010724812746048,1.2878832817077637,0.0,501.0,657,2,38,0,0,0,500,500,0
1814,7256,898,79,898,2,right+A,0.05797341465950012,0.25439220666885376,0.1484641581773758,0.48769184947013855,0.05147835612297058,1.299422264099121,0.0,501.0,658,2,38,0,0,0,500,500,0
1815,7260,898,79,898,3,right+B,0.0577491894364357,0.2507912218570709,0.14407241344451904,0.4970734119415283,0.050313759595155716,1.288564682006836,-1.0,500.0,659,2,37,0,0,0,500,500,0
1816,7264,898,79,898,1,right,0.05790657177567482,0.2530345320701599,0.1432606279850006,0.4965284466743469,0.04926984757184982,1.287018060684204,0.0,500.0,660,2,37,0,0,0,500,500,0
1817,7268,898,79,898,3,right+B,0.05820643529295921,0.2532908618450165,0.1443345993757248,0.49431169033050537,0.049856457859277725,1.2905120849609375,0.0,500.0,661,2,37,0,0,0,500,500,0
1818,7272,898,79,898,3,right+B,0.05808964744210243,0.2534685730934143,0.14355991780757904,0.4952196478843689,0.049662213772535324,1.2889782190322876,0.0,500.0,662,2,37,0,0,0,500,500,0
1819,7276,898,79,898,1,right,0.05845918133854866,0.2542126178741455,0.14499613642692566,0.49242547154426575,0.0499066524207592,1.2925912141799927,0.0,500.0,663,2,37,0,0,0,500,500,0
1820,7280,898,79,898,3,right+B,0.05849260464310646,0.25488442182540894,0.14674003422260284,0.4897085726261139,0.05017441138625145,1.2958319187164307,-1.0,499.0,664,2,36,0,0,0,500,500,0
1821,7284,898,79,898,3,right+B,0.05865585431456566,0.2558881938457489,0.1488916426897049,0.4860360622406006,0.05052829533815384,1.3002008199691772,0.0,499.0,665,2,36,0,0,0,500,500,0
1822,7288,898,93,898,2,right+A,0.058439504355192184,0.25594380497932434,0.14735271036624908,0.4884345233440399,0.04982943832874298,1.2963571548461914,0.0,499.0,666,2,36,0,0,0,500,500,0
1823,7292,898,108,898,3,right+B,0.05846664309501648,0.25588858127593994,0.15139254927635193,0.4836586117744446,0.0505935363471508,1.302880048751831,0.0,499.0,667,2,36,0,0,0,500,500,0
1824,7296,898,112,898,3,right+B,0.05847815051674843,0.25742068886756897,0.15059340000152588,0.4826405942440033,0.05086706951260567,1.303560733795166,0.0,499.0,668,2,36,0,0,0,500,500,0
1825,7300,898,106,898,1,right,0.05759546905755997,0.2539302706718445,0.14746205508708954,0.4904293715953827,0.050582874566316605,1.295090913772583,-1.0,498.0,669,2,35,0,0,0,500,500,0
1826,7304,898,89,898,2,right+A,0.05694301053881645,0.2517823576927185,0.14456625282764435,0.4967089891433716,0.04999944567680359,1.2873892784118652,0.0,498.0,670,2,35,0,0,0,500,500,0
1827,7308,898,79,898,4,right+A+B,0.05821966379880905,0.2547886073589325,0.14885754883289337,0.48656949400901794,0.051564641296863556,1.3008637428283691,0.0,498.0,671,2,35,0,0,0,500,500,0
1828,7312,898,79,898,1,right,0.05779600515961647,0.25037115812301636,0.14418427646160126,0.4973888397216797,0.05025981739163399,1.2883925437927246,0.0,498.0,672,2,35,0,0,0,500,500,0
1829,7316,898,79,898,0,NOOP,0.057926785200834274,0.25313812494277954,0.14331123232841492,0.4963303208351135,0.04929344356060028,1.2872484922409058,0.0,498.0,673,2,35,0,0,0,500,500,0
1830,7320,898,93,898,4,right+A+B,0.05830103158950806,0.2536327838897705,0.14479269087314606,0.49340203404426575,0.04987148940563202,1.2915395498275757,-1.0,497.0,674,2,34,0,0,0,500,500,0
1831,7324,898,108,898,3,right+B,0.059194739907979965,0.2565014362335205,0.15075640380382538,0.48225945234298706,0.051287926733493805,1.3056241273880005,0.0,497.0,675,2,34,0,0,0,500,500,0
1832,7328,898,112,898,1,right,0.0591735877096653,0.2568427622318268,0.15133406221866608,0.4812999665737152,0.05134967714548111,1.306603193283081,0.0,497.0,676,2,34,0,0,0,500,500,0
1833,7332,898,106,898,4,right+A+B,0.05807478353381157,0.25500109791755676,0.14913877844810486,0.4870905876159668,0.05069471150636673,1.2990659475326538,0.0,497.0,677,2,34,0,0,0,500,500,0
1834,7336,898,89,898,1,right,0.057493772357702255,0.25412270426750183,0.14845643937587738,0.48939990997314453,0.05052720755338669,1.2960635423660278,0.0,497.0,678,2,34,0,0,0,500,500,0
1835,7340,898,79,898,3,right+B,0.05837773159146309,0.25580069422721863,0.15241944789886475,0.4816693961620331,0.051732633262872696,1.306380271911621,-1.0,496.0,679,2,33,0,0,0,500,500,0
1836,7344,898,79,898,1,right,0.0579470694065094,0.2527409791946411,0.146855428814888,0.49195435643196106,0.050502099096775055,1.2941409349441528,0.0,496.0,680,2,33,0,0,0,500,500,0
1837,7348,898,79,898,3,right+B,0.05772149935364723,0.2540784180164337,0.1443062424659729,0.4946144223213196,0.04927945137023926,1.2886359691619873,0.0,496.0,681,2,33,0,0,0,500,500,0
1838,7352,898,79,898,3,right+B,0.05803486332297325,0.25383031368255615,0.1446412354707718,0.4937357008457184,0.04975791648030281,1.2906557321548462,0.0,496.0,682,2,33,0,0,0,500,500,0
1839,7356,898,79,898,3,right+B,0.058171406388282776,0.2543436288833618,0.14392033219337463,0.4938756227493286,0.049689020961523056,1.2902436256408691,0.0,496.0,683,2,33,0,0,0,500,500,0
1840,7360,898,79,898,1,right,0.0580582432448864,0.25325441360473633,0.14315403997898102,0.4961688816547394,0.049364447593688965,1.2875776290893555,-1.0,495.0,684,2,32,0,0,0,500,500,0
1841,7364,898,79,898,3,right+B,0.05795073136687279,0.2536773979663849,0.14372630417346954,0.4951350688934326,0.04951046034693718,1.2886767387390137,0.0,495.0,685,2,32,0,0,0,500,500,0
1842,7368,898,79,898,1,right,0.05806046351790428,0.2535267174243927,0.1446780115365982,0.4937629699707031,0.04997190833091736,1.2910438776016235,0.0,495.0,686,2,32,0,0,0,500,500,0
1843,7372,898,79,898,3,right+B,0.05800679326057434,0.2534967362880707,0.14388912916183472,0.4949183762073517,0.049688905477523804,1.28928804397583,0.0,495.0,687,2,32,0,0,0,500,500,0
1844,7376,898,79,898,3,right+B,0.05801647901535034,0.25356853008270264,0.1443585455417633,0.4943101406097412,0.049746375530958176,1.2900677919387817,0.0,495.0,688,2,32,0,0,0,500,500,0
1845,7380,898,93,898,2,right+A,0.058328837156295776,0.25551342964172363,0.14690138399600983,0.4893093407154083,0.04994703084230423,1.2955694198608398,-1.0,494.0,689,2,31,0,0,0,500,500,0
1846,7384,898,108,898,3,right+B,0.05902557447552681,0.25739985704421997,0.15330719947814941,0.4789642095565796,0.05130316689610481,1.3088021278381348,0.0,494.0,690,2,31,0,0,0,500,500,0
1847,7388,898,112,898,1,right,0.05865766853094101,0.2563188076019287,0.15155166387557983,0.4827945828437805,0.05067722871899605,1.3039300441741943,0.0,494.0,691,2,31,0,0,0,500,500,0
1848,7392,898,106,898,3,right+B,0.05784343555569649,0.2554234564304352,0.14853240549564362,0.4876028895378113,0.050597820430994034,1.297907829284668,0.0,494.0,692,2,31,0,0,0,500,500,0
1849,7396,898,89,898,1,right,0.057016268372535706,0.25284239649772644,0.14582517743110657,0.49434468150138855,0.04997142404317856,1.289744257926941,0.0,494.0,693,2,31,0,0,0,500,500,0
1850,7400,898,79,898,3,right+B,0.058282412588596344,0.25515276193618774,0.1496538370847702,0.48552632331848145,0.05138465389609337,1.3017679452896118,-1.0,493.0,694,2,30,0,0,0,500,500,0
1851,7404,898,79,898,3,right+B,0.05795292183756828,0.2512132525444031,0.14501307904720306,0.49559128284454346,0.050229452550411224,1.2902576923370361,0.0,493.0,695,2,30,0,0,0,500,500,0
1852,7408,898,93,898,2,right+A,0.058177266269922256,0.2535373866558075,0.14448173344135284,0.4944169223308563,0.04938672110438347,1.2897155284881592,0.0,493.0,696,2,30,0,0,0,500,500,0
1853,7412,898,109,898,2,right+A,0.05875543877482414,0.2546307444572449,0.14934639632701874,0.48648959398269653,0.050777893513441086,1.3007030487060547,0.0,493.0,697,2,30,0,0,0,500,500,0
1854,7416,898,122,898,2,right+A,0.058837469667196274,0.2555280923843384,0.14921842515468597,0.4852990210056305,0.051116980612277985,1.3020679950714111,0.0,493.0,698,2,30,0,0,0,500,500,0
1855,7420,898,132,898,2,right+A,0.059042055159807205,0.257161021232605,0.1526949554681778,0.47849124670028687,0.05261075124144554,1.3108937740325928,-1.0,492.0,699,2,29,0,0,0,500,500,0
1856,7424,899,137,899,3,right+B,0.05718383938074112,0.2541327178478241,0.14620660245418549,0.49158668518066406,0.05089015141129494,1.293522596359253,1.0,493.0,0,2,29,0,0,0,500,500,0
1857,7428,898,133,899,3,right+B,0.05780969187617302,0.2546558678150177,0.14955781400203705,0.4867774248123169,0.051199235022068024,1.2999119758605957,0.0,493.0,1,2,29,0,0,0,500,500,0
1858,7432,898,117,899,2,right+A,0.05653710663318634,0.2548844516277313,0.14608478546142578,0.4921647608280182,0.050328921526670456,1.2911982536315918,0.0,493.0,2,2,29,0,0,0,500,500,0
1859,7436,898,96,899,4,right+A+B,0.05714867636561394,0.25359490513801575,0.14678843319416046,0.492931067943573,0.04953693225979805,1.2907068729400635,0.0,493.0,3,2,29,0,0,0,500,500,0
1860,7440,898,79,899,3,right+B,0.05688454955816269,0.25415605306625366,0.14590886235237122,0.49316948652267456,0.0498809851706028,1.2902305126190186,-1.0,492.0,4,2,28,0,0,0,500,500,0
1861,7444,898,93,899,4,right+A+B,0.056982021778821945,0.25336071848869324,0.14623291790485382,0.4933425784111023,0.05008171871304512,1.2907661199569702,0.0,492.0,5,2,28,0,0,0,500,500,0
1862,7448,898,108,899,1,right,0.057784926146268845,0.2530417740345001,0.14746621251106262,0.4915800392627716,0.05012703314423561,1.293876051902771,0.0,492.0,6,2,28,0,0,0,500,500,0
1863,7452,898,112,899,0,NOOP,0.05812444910407066,0.2545960545539856,0.14778123795986176,0.4888218343257904,0.05067640542984009,1.2972517013549805,0.0,492.0,7,2,28,0,0,0,500,500,0
1864,7456,898,106,899,3,right+B,0.05764874070882797,0.2530204653739929,0.14603908360004425,0.4926791191101074,0.050612594932317734,1.292949914932251,0.0,492.0,8,2,28,0,0,0,500,500,0
1865,7460,898,89,899,3,right+B,0.0566517598927021,0.25054988265037537,0.14307887852191925,0.4997923672199249,0.04992707073688507,1.2838979959487915,-1.0,491.0,9,2,27,0,0,0,500,500,0
1866,7464,898,79,899,3,right+B,0.05802515894174576,0.2537554204463959,0.1479666829109192,0.4888475835323334,0.05140520632266998,1.2983587980270386,0.0,491.0,10,2,27,0,0,0,500,500,0
1867,7468,898,79,899,1,right,0.0579557828605175,0.2507665753364563,0.14501552283763885,0.4957199692726135,0.050542108714580536,1.2906776666641235,0.0,491.0,11,2,27,0,0,0,500,500,0
1868,7472,898,79,899,1,right,0.0579664371907711,0.25326651334762573,0.14466078579425812,0.4945582449436188,0.049547962844371796,1.2896742820739746,0.0,491.0,12,2,27,0,0,0,500,500,0
1869,7476,898,79,899,1,right,0.05849441885948181,0.25508201122283936,0.14760932326316833,0.48862919211387634,0.05018508434295654,1.2970330715179443,0.0,491.0,13,2,27,0,0,0,500,500,0
1870,7480,898,79,899,3,right+B,0.05841375142335892,0.2559921443462372,0.14711403846740723,0.4884556233882904,0.0500243604183197,1.2964918613433838,-1.0,490.0,14,2,26,0,0,0,500,500,0
1871,7484,898,79,899,3,right+B,0.05797811970114708,0.2543048560619354,0.14565546810626984,0.4925343096256256,0.04952719807624817,1.2915594577789307,0.0,490.0,15,2,26,0,0,0,500,500,0
1872,7488,898,79,899,1,right,0.05811479315161705,0.2558273375034332,0.14592525362968445,0.4902975559234619,0.049835044890642166,1.293882966041565,0.0,490.0,16,2,26,0,0,0,500,500,0
1873,7492,898,93,899,2,right+A,0.05819607526063919,0.2549927532672882,0.14609390497207642,0.49056920409202576,0.05014798045158386,1.2944308519363403,0.0,490.0,17,2,26,0,0,0,500,500,0
1874,7496,898,108,899,1,right,0.058284785598516464,0.25450167059898376,0.1481587141752243,0.48862168192863464,0.05043314769864082,1.2974305152893066,0.0,490.0,18,2,26,0,0,0,500,500,0
1875,7500,898,112,899,4,right+A+B,0.058237139135599136,0.25500282645225525,0.14753618836402893,0.4886549711227417,0.05056888982653618,1.2972195148468018,-1.0,489.0,19,2,25,0,0,0,500,500,0
1876,7504,898,106,899,3,right+B,0.05760262906551361,0.2526698708534241,0.14553840458393097,0.4937637746334076,0.050425391644239426,1.2915797233581543,0.0,489.0,20,2,25,0,0,0,500,500,0
1877,7508,898,89,899,4,right+A+B,0.05677451938390732,0.2507736384868622,0.14346304535865784,0.4990745782852173,0.04991426318883896,1.2847697734832764,0.0,489.0,21,2,25,0,0,0,500,500,0
1878,7512,898,79,899,1,right,0.05798492580652237,0.2536924183368683,0.1479005068540573,0.48900654911994934,0.05141565948724747,1.2981761693954468,0.0,489.0,22,2,25,0,0,0,500,500,0
1879,7516,898,93,899,2,right+A,0.057990580797195435,0.25097253918647766,0.14505062997341156,0.4954412877559662,0.0505448617041111,1.2909419536590576,0.0,489.0,23,2,25,0,0,0,500,500,0
1880,7520,898,108,899,0,NOOP,0.05834700167179108,0.25450536608695984,0.14950166642665863,0.48691457509994507,0.05073133483529091,1.2998347282409668,-1.0,488.0,24,2,24,0,0,0,500,500,0
1881,7524,898,112,899,1,right,0.05879756435751915,0.25634893774986267,0.15179716050624847,0.4818035364151001,0.051252856850624084,1.305821180343628,0.0,488.0,25,2,24,0,0,0,500,500,0
1882,7528,898,106,899,4,right+A+B,0.05816099792718887,0.2555743157863617,0.14945843815803528,0.48596423864364624,0.05084196850657463,1.3003292083740234,0.0,488.0,26,2,24,0,0,0,500,500,0
1883,7532,898,89,899,1,right,0.05698193609714508,0.2525111436843872,0.14698657393455505,0.4933468997478485,0.050173547118902206,1.2913230657577515,0.0,488.0,27,2,24,0,0,0,500,500,0
1884,7536,898,79,899,1,right,0.05817723646759987,0.2560694217681885,0.15058590471744537,0.4834350645542145,0.05173240974545479,1.3040021657943726,0.0,488.0,28,2,24,0,0,0,500,500,0
1885,7540,898,79,899,0,NOOP,0.05769166350364685,0.2513580322265625,0.1452127993106842,0.49541667103767395,0.050320859998464584,1.290249228477478,-1.0,487.0,29,2,23,0,0,0,500,500,0
1886,7544,898,79,899,3,right+B,0.05773189291357994,0.25324273109436035,0.1431690901517868,0.49667486548423767,0.04918147996068001,1.2864645719528198,0.0,487.0,30,2,23,0,0,0,500,500,0
1887,7548,898,79,899,3,right+B,0.057775240391492844,0.2529166340827942,0.14246967434883118,0.4974152743816376,0.04942319169640541,1.2860239744186401,0.0,487.0,31,2,23,0,0,0,500,500,0
1888,7552,898,79,899,3,right+B,0.058072175830602646,0.2534691095352173,0.14282910525798798,0.496153324842453,0.049476273357868195,1.2876055240631104,0.0,487.0,32,2,23,0,0,0,500,500,0
1889,7556,898,79,899,0,NOOP,0.05810649320483208,0.2536802589893341,0.14367374777793884,0.49503058195114136,0.04950883984565735,1.2889437675476074,0.0,487.0,33,2,23,0,0,0,500,500,0
1890,7560,898,79,899,3,right+B,0.058150939643383026,0.25355690717697144,0.14499863982200623,0.4933266341686249,0.049966879189014435,1.2916390895843506,-1.0,486.0,34,2,22,0,0,0,500,500,0
1891,7564,898,79,899,3,right+B,0.05836085230112076,0.2542336881160736,0.14445731043815613,0.4932413101196289,0.04970678687095642,1.2912770509719849,0.0,486.0,35,2,22,0,0,0,500,500,0
1892,7568,898,79,899,3,right+B,0.05835258215665817,0.25456616282463074,0.14484743773937225,0.4924379885196686,0.049795884639024734,1.2921619415283203,0.0,486.0,36,2,22,0,0,0,500,500,0
1893,7572,898,79,899,3,right+B,0.05815994367003441,0.254994660615921,0.14558792114257812,0.49150532484054565,0.04975219443440437,1.292836308479309,0.0,486.0,37,2,22,0,0,0,500,500,0
1894,7576,898,79,899,1,right,0.05815625935792923,0.25555142760276794,0.14613862335681915,0.4903152883052826,0.049838416278362274,1.2940579652786255,0.0,486.0,38,2,22,0,0,0,500,500,0
1895,7580,898,79,899,3,right+B,0.05771147459745407,0.2538290321826935,0.14481450617313385,0.4943086802959442,0.04933637008070946,1.2892045974731445,-1.0,485.0,39,2,21,0,0,0,500,500,0
1896,7584,898,79,899,3,right+B,0.05793209373950958,0.25560668110847473,0.14546766877174377,0.4912775754928589,0.04971593618392944,1.2925207614898682,0.0,485.0,40,2,21,0,0,0,500,500,0
1897,7588,898,93,899,2,right+A,0.05807873606681824,0.2547239065170288,0.1458309292793274,0.4913824498653412,0.04998395964503288,1.2933107614517212,0.0,485.0,41,2,21,0,0,0,500,500,0
1898,7592,898,108,899,3,right+B,0.05840172991156578,0.254758358001709,0.14856792986392975,0.4879002869129181,0.05037178099155426,1.298194169998169,0.0,485.0,42,2,21,0,0,0,500,500,0
1899,7596,898,112,899,3,right+B,0.058351099491119385,0.2553566098213196,0.1480836421251297,0.48766446113586426,0.05054415017366409,1.2982888221740723,0.0,485.0,43,2,21,0,0,0,500,500,0
1900,7600,898,106,899,1,right,0.057700976729393005,0.25304850935935974,0.14598436653614044,0.4929090440273285,0.050357092171907425,1.2924319505691528,-1.0,484.0,44,2,20,0,0,0,500,500,0
1901,7604,898,89,899,3,right+B,0.05686313286423683,0.25088217854499817,0.14379900693893433,0.49863681197166443,0.04981881007552147,1.2852351665496826,0.0,484.0,45,2,20,0,0,0,500,500,0
1902,7608,898,79,899,3,right+B,0.0583476684987545,0.25423943996429443,0.1491832435131073,0.4866728186607361,0.05155682936310768,1.3011474609375,0.0,484.0,46,2,20,0,0,0,500,500,0
1903,7612,898,79,899,3,right+B,0.05828976258635521,0.2513730227947235,0.14609047770500183,0.4934529960155487,0.05079371854662895,1.2936922311782837,0.0,484.0,47,2,20,0,0,0,500,500,0
1904,7616,898,79,899,3,right+B,0.05823741853237152,0.25375112891197205,0.14530712366104126,0.4929012656211853,0.04980296269059181,1.291954755783081,0.0,484.0,48,2,20,0,0,0,500,500,0
1905,7620,898,79,899,1,right,0.058609846979379654,0.2552127242088318,0.1477186530828476,0.48813706636428833,0.05032173916697502,1.2978042364120483,-1.0,483.0,49,2,19,0,0,0,500,500,0
1906,7624,898,79,899,3,right+B,0.05876664072275162,0.25663280487060547,0.14822810888290405,0.4859395921230316,0.050432831048965454,1.299908995628357,0.0,483.0,50,2,19,0,0,0,500,500,0
1907,7628,898,79,899,3,right+B,0.058260124176740646,0.25487393140792847,0.14688746631145477,0.4899698495864868,0.05000867322087288,1.2951302528381348,0.0,483.0,51,2,19,0,0,0,500,500,0
1908,7632,898,79,899,3,right+B,0.05833815410733223,0.25631606578826904,0.1471853405237198,0.4879414141178131,0.050218936055898666,1.2970688343048096,0.0,483.0,52,2,19,0,0,0,500,500,0
1909,7636,898,93,899,4,right+A+B,0.05839262530207634,0.2554444372653961,0.14723047614097595,0.48852407932281494,0.05040845647454262,1.2971060276031494,0.0,483.0,53,2,19,0,0,0,500,500,0
1910,7640,898,108,899,1,right,0.05868516489863396,0.2553423047065735,0.1498366892337799,0.48528262972831726,0.05085323005914688,1.3017607927322388,-1.0,482.0,54,2,18,0,0,0,500,500,0
1911,7644,898,112,899,3,right+B,0.05856523662805557,0.25574803352355957,0.1488913893699646,0.4858684241771698,0.050926852971315384,1.3008193969726562,0.0,482.0,55,2,18,0,0,0,500,500,0
1912,7648,898,106,899,3,right+B,0.057876650243997574,0.2533559799194336,0.14657537639141083,0.4915115535259247,0.050680533051490784,1.2944660186767578,0.0,482.0,56,2,18,0,0,0,500,500,0
1913,7652,898,89,899,3,right+B,0.05723965913057327,0.25173163414001465,0.14483381807804108,0.4959881603717804,0.050206780433654785,1.288801670074463,0.0,482.0,57,2,18,0,0,0,500,500,0
1914,7656,898,79,899,1,right,0.05844851955771446,0.2545676529407501,0.1493283361196518,0.48602235317230225,0.05163305252790451,1.301916241645813,0.0,482.0,58,2,18,0,0,0,500,500,0
1915,7660,898,79,899,3,right+B,0.058425214141607285,0.25174185633659363,0.14652588963508606,0.4924987554550171,0.05080828815698624,1.294791340827942,-1.0,481.0,59,2,17,0,0,0,500,500,0
1916,7664,898,79,899,1,right,0.05856632441282272,0.25460463762283325,0.14647576212882996,0.4905088543891907,0.049844447523355484,1.2947336435317993,0.0,481.0,60,2,17,0,0,0,500,500,0
1917,7668,898,79,899,3,right+B,0.058985233306884766,0.25598520040512085,0.14905667304992676,0.48556244373321533,0.05041046813130379,1.300886631011963,0.0,481.0,61,2,17,0,0,0,500,500,0
1918,7672,898,93,899,4,right+A+B,0.058832667768001556,0.2567998170852661,0.14857397973537445,0.48559990525245667,0.050193581730127335,1.3000221252441406,0.0,481.0,62,2,17,0,0,0,500,500,0
1919,7676,898,108,899,3,right+B,0.058749306946992874,0.2561455965042114,0.15246769785881042,0.4819193482398987,0.0507180280983448,1.3051631450653076,0.0,481.0,63,2,17,0,0,0,500,500,0
1920,7680,898,112,899,3,right+B,0.05882640555500984,0.2580392360687256,0.15233874320983887,0.4796248972415924,0.05117063596844673,1.3073781728744507,-1.0,480.0,64,2,16,0,0,0,500,500,0
1921,7684,898,106,899,3,right+B,0.05788051337003708,0.25452718138694763,0.1487877368927002,0.4879787266254425,0.05082589387893677,1.2982252836227417,0.0,480.0,65,2,16,0,0,0,500,500,0
1922,7688,898,89,899,2,right+A,0.05735178664326668,0.2526249885559082,0.1459837406873703,0.493854820728302,0.05018464848399162,1.2910035848617554,0.0,480.0,66,2,16,0,0,0,500,500,0
1923,7692,898,79,899,1,right,0.05881952866911888,0.25591668486595154,0.15065030753612518,0.48286017775535583,0.05175333470106125,1.3053832054138184,0.0,480.0,67,2,16,0,0,0,500,500,0
1924,7696,898,79,899,1,right,0.05828821659088135,0.25126057863235474,0.145609512925148,0.49450764060020447,0.050334107130765915,1.2919785976409912,0.0,480.0,68,2,16,0,0,0,500,500,0
1925,7700,898,93,899,4,right+A+B,0.0583198145031929,0.2538491189479828,0.1444457769393921,0.49405452609062195,0.049330756068229675,1.2900551557540894,-1.0,479.0,69,2,15,0,0,0,500,500,0
1926,7704,898,108,899,3,right+B,0.05888377130031586,0.25485074520111084,0.14944475889205933,0.4862099289894104,0.050610873848199844,1.3008548021316528,0.0,479.0,70,2,15,0,0,0,500,500,0
1927,7708,898,112,899,1,right,0.05925631523132324,0.25674495100975037,0.1508670300245285,0.48176538944244385,0.051366280764341354,1.3062107563018799,0.0,479.0,71,2,15,0,0,0,500,500,0
1928,7712,898,106,899,3,right+B,0.058350954204797745,0.2543862462043762,0.14866985380649567,0.4876244366168976,0.050968486815690994,1.299316644668579,0.0,479.0,72,2,15,0,0,0,500,500,0
1929,7716,898,89,899,1,right,0.057719651609659195,0.25395697355270386,0.14862723648548126,0.48912277817726135,0.050573382526636124,1.2967464923858643,0.0,479.0,73,2,15,0,0,0,500,500,0
1930,7720,898,79,899,1,right,0.0589192658662796,0.25746920704841614,0.15370281040668488,0.47789257764816284,0.052016157656908035,1.310659408569336,-1.0,478.0,74,2,14,0,0,0,500,500,0
1931,7724,898,79,899,3,right+B,0.05831299349665642,0.2527201175689697,0.14892053604125977,0.48941394686698914,0.05063243955373764,1.2976806163787842,0.0,478.0,75,2,14,0,0,0,500,500,0
1932,7728,898,93,899,4,right+A+B,0.058399830013513565,0.2561713755130768,0.14704550802707672,0.4886293113231659,0.04975400120019913,1.2958791255950928,0.0,478.0,76,2,14,0,0,0,500,500,0
1933,7732,898,108,899,1,right,0.05881055071949959,0.25614485144615173,0.15099608898162842,0.4832499921321869,0.050798527896404266,1.3037701845169067,0.0,478.0,77,2,14,0,0,0,500,500,0
1934,7736,898,112,899,3,right+B,0.05900828167796135,0.25656020641326904,0.1502801477909088,0.4830457866191864,0.05110551789402962,1.3043056726455688,0.0,478.0,78,2,14,0,0,0,500,500,0
1935,7740,898,106,899,3,right+B,0.05828123912215233,0.25445666909217834,0.1475016325712204,0.48903709650039673,0.05072333663702011,1.2972660064697266,-1.0,477.0,79,2,13,0,0,0,500,500,0
1936,7744,898,89,899,1,right,0.057384707033634186,0.2520681917667389,0.1454579085111618,0.49490463733673096,0.050184573978185654,1.2900575399398804,0.0,477.0,80,2,13,0,0,0,500,500,0
1937,7748,898,79,899,1,right,0.058478813618421555,0.2547549903392792,0.14967642724514008,0.485507607460022,0.05158223956823349,1.3023977279663086,0.0,477.0,81,2,13,0,0,0,500,500,0
1938,7752,898,93,899,4,right+A+B,0.058161988854408264,0.251107782125473,0.14557147026062012,0.49483469128608704,0.05032406374812126,1.2915352582931519,0.0,477.0,82,2,13,0,0,0,500,500,0
1939,7756,898,109,899,2,right+A,0.05883670970797539,0.25558164715766907,0.15092265605926514,0.48383498191833496,0.05082395672798157,1.3034383058547974,0.0,477.0,83,2,13,0,0,0,500,500,0
1940,7760,898,121,899,3,right+B,0.05909140780568123,0.25615137815475464,0.15212729573249817,0.4813117980957031,0.05131806433200836,1.3068405389785767,-1.0,476.0,84,2,12,0,0,0,500,500,0
1941,7764,898,122,899,2,right+A,0.05912734568119049,0.2584196627140045,0.15474718809127808,0.47543108463287354,0.05227473005652428,1.3134284019470215,0.0,476.0,85,2,12,0,0,0,500,500,0
1942,7768,898,113,899,3,right+B,0.057867247611284256,0.25643330812454224,0.14873628318309784,0.48567748069763184,0.05128565803170204,1.3004015684127808,0.0,476.0,86,2,12,0,0,0,500,500,0
1943,7772,898,94,899,3,right+B,0.05808037891983986,0.25465789437294006,0.1488136351108551,0.48891666531562805,0.04953140765428543,1.295821189880371,0.0,476.0,87,2,12,0,0,0,500,500,0
1944,7776,898,79,899,3,right+B,0.05680226907134056,0.25333166122436523,0.14389176666736603,0.49640917778015137,0.049565207213163376,1.286299467086792,0.0,476.0,88,2,12,0,0,0,500,500,0
1945,7780,898,79,899,3,right+B,0.05726469308137894,0.25417619943618774,0.14344170689582825,0.49681663513183594,0.04830072820186615,1.2843785285949707,-1.0,475.0,89,2,11,0,0,0,500,500,0
1946,7784,898,79,899,1,right,0.05772997438907623,0.2520695626735687,0.14246347546577454,0.4991014003753662,0.048635564744472504,1.2835166454315186,0.0,475.0,90,2,11,0,0,0,500,500,0
1947,7788,898,79,899,1,right,0.05837034061551094,0.2541089951992035,0.14524181187152863,0.4929070770740509,0.04937171936035156,1.2914057970046997,0.0,475.0,91,2,11,0,0,0,500,500,0
1948,7792,898,79,899,1,right,0.058526989072561264,0.2543256878852844,0.14533495903015137,0.4920741319656372,0.049738261848688126,1.2928383350372314,0.0,475.0,92,2,11,0,0,0,500,500,0
1949,7796,898,79,899,3,right+B,0.05854155123233795,0.2543264925479889,0.14454685151576996,0.49318549036979675,0.04939959570765495,1.2911279201507568,0.0,475.0,93,2,11,0,0,0,500,500,0
1950,7800,898,79,899,3,right+B,0.05864790454506874,0.25513461232185364,0.14528125524520874,0.4915226101875305,0.04941360279917717,1.2928173542022705,-1.0,474.0,94,2,10,0,0,0,500,500,0
1951,7804,898,79,899,3,right+B,0.058955129235982895,0.25542500615119934,0.14715471863746643,0.48813775181770325,0.050327472388744354,1.2980107069015503,0.0,474.0,95,2,10,0,0,0,500,500,0
1952,7808,898,79,899,3,right+B,0.059052031487226486,0.25568434596061707,0.14767658710479736,0.4872592091560364,0.050327811390161514,1.2990078926086426,0.0,474.0,96,2,10,0,0,0,500,500,0
1953,7812,898,79,899,1,right,0.05908401310443878,0.2562958598136902,0.14840450882911682,0.4860568344593048,0.050158850848674774,1.2999509572982788,0.0,474.0,97,2,10,0,0,0,500,500,0
1954,7816,898,79,899,3,right+B,0.05898410081863403,0.2573543190956116,0.14954343438148499,0.4837498664855957,0.05036831647157669,1.302232265472412,0.0,474.0,98,2,10,0,0,0,500,500,0
1955,7820,898,79,899,3,right+B,0.058744627982378006,0.25603196024894714,0.1498323678970337,0.4848311245441437,0.050559937953948975,1.3016607761383057,-1.0,473.0,99,2,9,0,0,0,500,500,0
1956,7824,898,93,899,2,right+A,0.058074384927749634,0.255521684885025,0.14589612185955048,0.49070972204208374,0.049798041582107544,1.2934778928756714,0.0,473.0,100,2,9,0,0,0,500,500,0
1957,7828,898,108,899,1,right,0.0579814687371254,0.2551782727241516,0.14860326051712036,0.4877951741218567,0.05044175311923027,1.2977737188339233,0.0,473.0,101,2,9,0,0,0,500,500,0
1958,7832,898,112,899,3,right+B,0.05819014087319374,0.2555336356163025,0.1485997587442398,0.4868711531162262,0.05080532282590866,1.2992664575576782,0.0,473.0,102,2,9,0,0,0,500,500,0
1959,7836,898,106,899,3,right+B,0.057600945234298706,0.2532055079936981,0.14657731354236603,0.4917711615562439,0.05084504559636116,1.2941515445709229,0.0,473.0,103,2,9,0,0,0,500,500,0
1960,7840,898,89,899,3,right+B,0.05688273906707764,0.2511120140552521,0.14425592124462128,0.4975421130657196,0.050207242369651794,1.2868947982788086,-1.0,472.0,104,2,8,0,0,0,500,500,0
1961,7844,898,79,899,1,right,0.058088287711143494,0.2540587782859802,0.14864668250083923,0.4875626564025879,0.05164356157183647,1.3000376224517822,0.0,472.0,105,2,8,0,0,0,500,500,0
1962,7848,898,79,899,3,right+B,0.057669781148433685,0.25017857551574707,0.1439865678548813,0.49786433577537537,0.05030069127678871,1.2878367900848389,0.0,472.0,106,2,8,0,0,0,500,500,0
1963,7852,898,79,899,3,right+B,0.058110278099775314,0.2537805438041687,0.14449061453342438,0.4938944876194,0.04972412437200546,1.2905213832855225,0.0,472.0,107,2,8,0,0,0,500,500,0
1964,7856,898,79,899,3,right+B,0.05833538994193077,0.25402477383613586,0.14605273306369781,0.49129462242126465,0.050292544066905975,1.2943716049194336,0.0,472.0,108,2,8,0,0,0,500,500,0
1965,7860,898,79,899,3,right+B,0.05840771272778511,0.25542986392974854,0.14658260345458984,0.48947596549987793,0.05010386183857918,1.295656442642212,-1.0,471.0,109,2,7,0,0,0,500,500,0
1966,7864,898,79,899,0,NOOP,0.05838121101260185,0.2557763159275055,0.14667154848575592,0.4893395006656647,0.049831487238407135,1.2953108549118042,0.0,471.0,110,2,7,0,0,0,500,500,0
1967,7868,898,79,899,3,right+B,0.058182403445243835,0.2552470862865448,0.14757229387760162,0.48913195729255676,0.049866244196891785,1.295706033706665,0.0,471.0,111,2,7,0,0,0,500,500,0
1968,7872,898,79,899,3,right+B,0.05826813355088234,0.2559812366962433,0.14683331549167633,0.48886701464653015,0.05005022510886192,1.2958972454071045,0.0,471.0,112,2,7,0,0,0,500,500,0
1969,7876,898,93,899,2,right+A,0.058399591594934464,0.2557057738304138,0.14543797075748444,0.49067577719688416,0.04978084936738014,1.293695330619812,0.0,471.0,113,2,7,0,0,0,500,500,0
1970,7880,898,108,899,3,right+B,0.05841081216931343,0.2553570866584778,0.14852745831012726,0.4871828854084015,0.050521764904260635,1.2988934516906738,-1.0,470.0,114,2,6,0,0,0,500,500,0
1971,7884,898,112,899,1,right,0.0586806945502758,0.25598588585853577,0.14923988282680511,0.4849981665611267,0.051095351576805115,1.3020069599151611,0.0,470.0,115,2,6,0,0,0,500,500,0
1972,7888,898,106,899,1,right,0.057953495532274246,0.25335389375686646,0.14662553369998932,0.491498202085495,0.05056898295879364,1.294435977935791,0.0,470.0,116,2,6,0,0,0,500,500,0
1973,7892,898,89,899,1,right,0.05720800533890724,0.2517433166503906,0.14491422474384308,0.49597230553627014,0.05016208067536354,1.2887377738952637,0.0,470.0,117,2,6,0,0,0,500,500,0
1974,7896,898,79,899,2,right+A,0.058260899037122726,0.2543201446533203,0.1490193009376526,0.4869037866592407,0.05149587243795395,1.3006846904754639,0.0,470.0,118,2,6,0,0,0,500,500,0
1975,7900,898,79,899,2,right+A,0.058220025151968,0.2514543831348419,0.1461407095193863,0.4935415983200073,0.050643328577280045,1.2933170795440674,-1.0,469.0,119,2,5,0,0,0,500,500,0
1976,7904,898,79,899,3,right+B,0.05829310789704323,0.2540248930454254,0.14576438069343567,0.4921964108943939,0.049721214920282364,1.292625069618225,0.0,469.0,120,2,5,0,0,0,500,500,0
1977,7908,898,79,899,3,right+B,0.058551110327243805,0.25535476207733154,0.14783944189548492,0.4880208671092987,0.05023377016186714,1.2977162599563599,0.0,469.0,121,2,5,0,0,0,500,500,0
1978,7912,898,79,899,3,right+B,0.05842891335487366,0.2561863362789154,0.1472114473581314,0.4880794584751129,0.05009385570883751,1.296924352645874,0.0,469.0,122,2,5,0,0,0,500,500,0
1979,7916,898,93,899,2,right+A,0.05806082487106323,0.25465378165245056,0.14604529738426208,0.4916173219680786,0.0496227853000164,1.2926596403121948,0.0,469.0,123,2,5,0,0,0,500,500,0
1980,7920,898,108,899,3,right+B,0.05838759243488312,0.2568214535713196,0.15013369917869568,0.4840449392795563,0.05061234533786774,1.3018802404403687,-1.0,468.0,124,2,4,0,0,0,500,500,0
1981,7924,898,112,899,2,right+A,0.058455727994441986,0.25628507137298584,0.15052305161952972,0.4834713637828827,0.05126478150486946,1.303607702255249,0.0,468.0,125,2,4,0,0,0,500,500,0
1982,7928,898,106,899,3,right+B,0.057771146297454834,0.25377988815307617,0.1466885656118393,0.49117016792297363,0.05059022828936577,1.2944523096084595,0.0,468.0,126,2,4,0,0,0,500,500,0
1983,7932,898,89,899,3,right+B,0.057088568806648254,0.25208988785743713,0.1448662430047989,0.49572232365608215,0.05023305490612984,1.288818120956421,0.0,468.0,127,2,4,0,0,0,500,500,0
1984,7936,898,79,899,3,right+B,0.05833182856440544,0.2544213831424713,0.1493166983127594,0.48626065254211426,0.0516694039106369,1.3016419410705566,0.0,468.0,128,2,4,0,0,0,500,500,0
1985,7940,898,93,899,4,right+A+B,0.05796211212873459,0.25066909193992615,0.14493349194526672,0.49603044986724854,0.05040484294295311,1.290210247039795,-1.0,467.0,129,2,3,0,0,0,500,500,0
1986,7944,898,108,899,3,right+B,0.05829140916466713,0.25417011976242065,0.14858491718769073,0.4884810447692871,0.05047246813774109,1.2978249788284302,0.0,467.0,130,2,3,0,0,0,500,500,0
1987,7948,898,112,899,2,right+A,0.0586998350918293,0.25537410378456116,0.15012334287166595,0.48453089594841003,0.05127173662185669,1.3030906915664673,0.0,467.0,131,2,3,0,0,0,500,500,0
1988,7952,898,106,899,1,right,0.05804573372006416,0.2538476288318634,0.14802832901477814,0.48923468589782715,0.05084354430437088,1.2972683906555176,0.0,467.0,132,2,3,0,0,0,500,500,0
1989,7956,898,89,899,2,right+A,0.05736213177442551,0.2532687783241272,0.14793182909488678,0.49103498458862305,0.050402265042066574,1.294306993484497,0.0,467.0,133,2,3,0,0,0,500,500,0
1990,7960,898,79,899,3,right+B,0.05856503173708916,0.2568071782588959,0.15297095477581024,0.47981733083724976,0.05183950066566467,1.3082785606384277,-1.0,466.0,134,2,2,0,0,0,500,500,0
1991,7964,898,79,899,3,right+B,0.057721301913261414,0.25169098377227783,0.14737676084041595,0.492920458316803,0.05029051750898361,1.2931022644042969,0.0,466.0,135,2,2,0,0,0,500,500,0
1992,7968,898,79,899,3,right+B,0.05774300545454025,0.2549075186252594,0.145216703414917,0.49271467328071594,0.0494181253015995,1.2906678915023804,0.0,466.0,136,2,2,0,0,0,500,500,0
1993,7972,898,79,899,3,right+B,0.05782061070203781,0.2541247308254242,0.14504705369472504,0.4932006895542145,0.04980691894888878,1.291001796722412,0.0,466.0,137,2,2,0,0,0,500,500,0
1994,7976,898,79,899,3,right+B,0.05777466297149658,0.25368186831474304,0.1431870460510254,0.49577656388282776,0.049579840153455734,1.2877931594848633,0.0,466.0,138,2,2,0,0,0,500,500,0
1995,7980,898,79,899,3,right+B,0.05781329795718193,0.25330641865730286,0.14251261949539185,0.49697065353393555,0.04939693585038185,1.2863621711730957,-1.0,465.0,139,2,1,0,0,0,500,500,0
1996,7984,898,79,899,1,right,0.05808323994278908,0.25389572978019714,0.1441241055727005,0.4942450523376465,0.04965188354253769,1.2899229526519775,0.0,465.0,140,2,1,0,0,0,500,500,0
1997,7988,898,79,899,0,NOOP,0.05836360529065132,0.2540469467639923,0.14558875560760498,0.49191397428512573,0.05008672922849655,1.2934129238128662,0.0,465.0,141,2,1,0,0,0,500,500,0
1998,7992,898,79,899,3,right+B,0.05842635780572891,0.25410711765289307,0.1454569548368454,0.49222877621650696,0.049780722707509995,1.292725682258606,0.0,465.0,142,2,1,0,0,0,500,500,0
1999,7996,898,79,899,1,right,0.05866631120443344,0.2551717162132263,0.14606168866157532,0.49022376537323,0.049876514822244644,1.2948894500732422,0.0,465.0,143,2,1,0,0,0,500,500,0
2000,8000,898,79,899,3,right+B,0.05882430076599121,0.2556816041469574,0.1464986354112625,0.4890359044075012,0.04995952174067497,1.2962734699249268,-1.0,464.0,144,2,0,0,0,0,500,500,0
2001,8004,898,79,899,3,right+B,0.05857916176319122,0.25589659810066223,0.14726366102695465,0.4883275628089905,0.049933020025491714,1.2967523336410522,0.0,464.0,145,2,0,0,0,0,500,500,0
2002,8008,898,79,899,0,NOOP,0.05878143757581711,0.2567582428455353,0.14858321845531464,0.4856385886669159,0.05023862421512604,1.3000009059906006,0.0,464.0,146,2,0,0,0,0,500,500,0
2003,8012,898,79,899,1,right,0.05831167474389076,0.25502341985702515,0.14708569645881653,0.4897451102733612,0.04983401671051979,1.2951774597167969,0.0,464.0,147,2,0,0,0,0,500,500,0
2004,8016,898,79,899,1,right,0.05824315920472145,0.2562216818332672,0.14633463323116302,0.4893292188644409,0.0498712994158268,1.2949904203414917,0.0,464.0,148,2,0,0,0,0,500,500,0
2005,8019,898,89,899,2,right+A,0.058268558233976364,0.2551124393939972,0.1456429362297058,0.4909791648387909,0.049996860325336456,1.293771505355835,-15.0,449.0,149,2,0,0,1,0,500,500,0
