decision,raw_frames,x,y,max_x,action,action_name,prob_0,prob_1,prob_2,prob_3,prob_4,action_entropy_nats,native_reward,native_reward_sum,no_progress_decisions,life,game_time,flag_get,terminated,truncated,game_score,score_gain,coins
1,4,40,79,40,1,right,0.03565302491188049,0.21899856626987457,0.10238822549581528,0.6052387356758118,0.0377214178442955,1.1123393774032593,0.0,0.0,1,2,400,0,0,0,0,0,0
2,8,42,79,42,3,right+B,0.035570673644542694,0.21903777122497559,0.10225701332092285,0.605468213558197,0.037666384130716324,1.111759901046753,2.0,2.0,0,2,400,0,0,0,0,0,0
3,12,45,79,45,3,right+B,0.03542528674006462,0.21875044703483582,0.10223520547151566,0.6059488654136658,0.03764024376869202,1.1109435558319092,3.0,5.0,0,2,400,0,0,0,0,0,0
4,16,51,79,51,3,right+B,0.035706933587789536,0.2195446789264679,0.10337840020656586,0.6033506989479065,0.03801928088068962,1.1156234741210938,6.0,11.0,0,2,400,0,0,0,0,0,0
5,20,58,79,58,3,right+B,0.03556885942816734,0.21882326900959015,0.10278623551130295,0.6050888299942017,0.037732742726802826,1.1126601696014404,6.0,17.0,0,2,399,0,0,0,0,0,0
6,24,67,79,67,3,right+B,0.03430092707276344,0.21655245125293732,0.09879595041275024,0.6136093139648438,0.03674136474728584,1.0967469215393066,9.0,26.0,0,2,399,0,0,0,0,0,0
7,28,77,79,77,1,right,0.035144805908203125,0.2172444760799408,0.10135533660650253,0.608519434928894,0.037736017256975174,1.107297420501709,10.0,36.0,0,2,399,0,0,0,0,0,0
8,32,89,79,89,3,right+B,0.035191625356674194,0.21996259689331055,0.10306854546070099,0.6036232709884644,0.03815403953194618,1.114410400390625,12.0,48.0,0,2,399,0,0,0,0,0,0
9,36,101,79,101,3,right+B,0.03955446183681488,0.2411193549633026,0.12266214191913605,0.5509344935417175,0.045729536563158035,1.1976417303085327,12.0,60.0,0,2,399,0,0,0,0,0,0
10,40,113,97,113,2,right+A,0.05205121263861656,0.2727642357349396,0.2512612044811249,0.3318951725959778,0.09202813357114792,1.4408644437789917,11.0,71.0,0,2,398,0,0,0,0,0,0
11,44,125,117,125,4,right+A+B,0.050487320870161057,0.2562607526779175,0.3580150604248047,0.18846331536769867,0.1467735320329666,1.4635729789733887,12.0,83.0,0,2,398,0,0,0,0,0,0
12,48,137,132,137,3,right+B,0.045945215970277786,0.27960455417633057,0.3413066864013672,0.187811940908432,0.14533157646656036,1.4591302871704102,12.0,95.0,0,2,398,0,0,0,0,0,0
13,52,149,134,149,1,right,0.04598182067275047,0.36288130283355713,0.1958346962928772,0.3082091510295868,0.08709303289651871,1.4040820598602295,12.0,107.0,0,2,398,0,0,0,0,0,0
14,56,161,123,161,3,right+B,0.03792306408286095,0.3383668065071106,0.11694271862506866,0.44991570711135864,0.05685167759656906,1.2640784978866577,12.0,119.0,0,2,398,0,0,0,0,0,0
15,60,173,104,173,1,right,0.031716663390398026,0.30128633975982666,0.0576041154563427,0.5690130591392517,0.040379803627729416,1.0857495069503784,11.0,130.0,0,2,397,0,0,0,0,0,0
16,64,185,84,185,1,right,0.026197202503681183,0.26584404706954956,0.03652230650186539,0.6367799639701843,0.03465652838349342,0.9724211096763611,12.0,142.0,0,2,397,0,0,0,0,0,0
17,68,197,79,197,3,right+B,0.03308510035276413,0.27591562271118164,0.055231012403964996,0.5778897404670715,0.05787859484553337,1.10984206199646,12.0,154.0,0,2,397,0,0,0,0,0,0
18,72,209,97,209,2,right+A,0.04498249664902687,0.27033671736717224,0.12132541090250015,0.4091910123825073,0.1541643738746643,1.4029340744018555,12.0,166.0,0,2,397,0,0,0,0,0,0
19,76,221,117,221,2,right+A,0.03209730237722397,0.15356354415416718,0.369662344455719,0.11927451193332672,0.32540228962898254,1.3849236965179443,12.0,178.0,0,2,397,0,0,0,0,0,0
20,80,233,133,233,2,right+A,0.00928516499698162,0.02904689498245716,0.6070290207862854,0.014015880413353443,0.34062299132347107,0.8759142756462097,11.0,189.0,0,2,396,0,0,0,0,0,0
21,84,245,147,245,2,right+A,0.007065542973577976,0.021137503907084465,0.6733847260475159,0.005998541601002216,0.29241371154785156,0.7730332612991333,12.0,201.0,0,2,396,0,0,0,0,0,0
22,88,257,156,257,2,right+A,0.015230114571750164,0.05584314465522766,0.5528952479362488,0.022474253550171852,0.353557288646698,1.005383014678955,12.0,213.0,0,2,396,0,0,0,0,0,0
23,92,269,162,269,4,right+A+B,0.037606820464134216,0.22317446768283844,0.31779423356056213,0.19113759696483612,0.23028689622879028,1.4768402576446533,12.0,225.0,0,2,396,0,0,0,0,0,0
24,96,281,163,281,1,right,0.03748370334506035,0.29532623291015625,0.15119551122188568,0.4311382472515106,0.08485627919435501,1.340979814529419,12.0,237.0,0,2,396,0,0,0,0,0,0
25,100,293,151,293,3,right+B,0.041201818734407425,0.3012860417366028,0.1729419082403183,0.39640599489212036,0.08816423267126083,1.3772462606430054,11.0,248.0,0,2,395,0,0,0,0,0,0
26,104,305,131,305,2,right+A,0.04479668289422989,0.1579817682504654,0.4951655864715576,0.07548759132623672,0.22656846046447754,1.3101069927215576,12.0,260.0,0,2,395,0,0,0,0,0,0
27,108,306,111,307,4,right+A+B,0.057580653578042984,0.20492307841777802,0.3950127363204956,0.1508929282426834,0.19159060716629028,1.4580479860305786,2.0,262.0,0,2,395,0,0,0,0,0,0
28,112,307,91,307,1,right,0.05214754492044449,0.24876177310943604,0.16810280084609985,0.454058438539505,0.07692939788103104,1.3556829690933228,0.0,262.0,1,2,395,0,0,0,0,0,0
29,116,310,102,310,3,right+B,0.053163573145866394,0.24434010684490204,0.147820383310318,0.49464330077171326,0.06003272905945778,1.2999742031097412,3.0,265.0,0,2,395,0,0,0,0,0,0
30,120,314,101,314,0,NOOP,0.044953860342502594,0.22889140248298645,0.10324475914239883,0.5826406478881836,0.040269333869218826,1.1554725170135498,4.0,269.0,0,2,394,0,0,0,100,100,0
31,124,318,86,318,3,right+B,0.04666410759091377,0.23331789672374725,0.10533618927001953,0.5735337734222412,0.04114801436662674,1.1697800159454346,4.0,273.0,0,2,394,0,0,0,100,100,0
32,128,324,79,324,1,right,0.03720652684569359,0.21582934260368347,0.07841450721025467,0.6422326564788818,0.0263169314712286,1.0331168174743652,6.0,279.0,0,2,394,0,0,0,100,100,0
33,132,331,79,331,1,right,0.03169688582420349,0.2008380889892578,0.07083559036254883,0.6759228110313416,0.02070668712258339,0.9643582701683044,7.0,286.0,0,2,394,0,0,0,100,100,0
34,136,338,79,338,3,right+B,0.022950589656829834,0.16966372728347778,0.05035259574651718,0.7450045943260193,0.012028506025671959,0.8105617761611938,7.0,293.0,0,2,394,0,0,0,100,100,0
35,140,348,79,348,3,right+B,0.017713146284222603,0.15555141866207123,0.042666468769311905,0.775501549243927,0.008567466400563717,0.7334233522415161,9.0,302.0,0,2,393,0,0,0,100,100,0
36,144,359,79,359,3,right+B,0.021889526396989822,0.17427505552768707,0.08071596175432205,0.7088629603385925,0.014256530441343784,0.895796000957489,11.0,313.0,0,2,393,0,0,0,100,100,0
37,148,371,79,371,3,right+B,0.023350846022367477,0.18219521641731262,0.0882464274764061,0.6894826292991638,0.016724862158298492,0.9369586706161499,12.0,325.0,0,2,393,0,0,0,100,100,0
38,152,383,79,383,1,right,0.032312482595443726,0.21652382612228394,0.16400395333766937,0.557341992855072,0.0298177320510149,1.1692445278167725,12.0,337.0,0,2,393,0,0,0,100,100,0
39,156,395,79,395,1,right,0.040640939027071,0.23367886245250702,0.3885239362716675,0.27399304509162903,0.0631631463766098,1.3663915395736694,12.0,349.0,0,2,393,0,0,0,100,100,0
40,160,404,79,404,1,right,0.025430552661418915,0.12703508138656616,0.7024802565574646,0.057145219296216965,0.08790892362594604,0.9808641076087952,8.0,357.0,0,2,392,0,0,0,100,100,0
41,164,411,93,411,2,right+A,0.020749783143401146,0.10114344209432602,0.7363947629928589,0.03048270009458065,0.11122927814722061,0.8881601095199585,7.0,364.0,0,2,392,0,0,0,100,100,0
42,168,418,109,418,4,right+A+B,0.034027598798274994,0.16876202821731567,0.6003665924072266,0.06980764865875244,0.1270361989736557,1.1695619821548462,7.0,371.0,0,2,392,0,0,0,100,100,0
43,172,425,121,425,3,right+B,0.04796741157770157,0.2728109359741211,0.3565192222595215,0.21305079758167267,0.10965163260698318,1.4395687580108643,7.0,378.0,0,2,392,0,0,0,100,100,0
44,176,432,125,432,2,right+A,0.051129650324583054,0.32401540875434875,0.24549217522144318,0.28637298941612244,0.0929897353053093,1.4409468173980713,7.0,385.0,0,2,392,0,0,0,100,100,0
45,180,439,119,439,3,right+B,0.04789712280035019,0.3556334674358368,0.173224538564682,0.3547789454460144,0.06846600025892258,1.368139386177063,6.0,391.0,0,2,391,0,0,0,100,100,0
46,184,446,111,446,3,right+B,0.04120025038719177,0.36346516013145447,0.1420314610004425,0.40210938453674316,0.0511937290430069,1.2949460744857788,7.0,398.0,0,2,391,0,0,0,100,100,0
47,188,455,111,455,3,right+B,0.03364511951804161,0.3470328748226166,0.09888868778944016,0.48116567730903625,0.03926759213209152,1.189319372177124,9.0,407.0,0,2,391,0,0,0,100,100,0
48,192,465,111,465,1,right,0.0258964654058218,0.3475050926208496,0.07912058383226395,0.5255293846130371,0.021948419511318207,1.0845540761947632,10.0,417.0,0,2,391,0,0,0,100,100,0
49,196,477,111,477,1,right,0.015509678050875664,0.2954631447792053,0.04041355103254318,0.6388548612594604,0.009758858010172844,0.8859567642211914,12.0,429.0,0,2,391,0,0,0,100,100,0
50,200,489,108,489,3,right+B,0.019146405160427094,0.3222782611846924,0.04113979637622833,0.6063529849052429,0.011082570999860764,0.925184965133667,11.0,440.0,0,2,390,0,0,0,100,100,0
51,204,501,95,501,3,right+B,0.01304782833904028,0.2877754271030426,0.02415039949119091,0.6686397790908813,0.006386579014360905,0.8063941597938538,12.0,452.0,0,2,390,0,0,0,100,100,0
52,208,513,79,513,3,right+B,0.012427114881575108,0.2650116980075836,0.02229270525276661,0.6935566663742065,0.006711794063448906,0.7786225080490112,12.0,464.0,0,2,390,0,0,0,100,100,0
53,212,525,97,525,4,right+A+B,0.029013454914093018,0.385994017124176,0.09910674393177032,0.441244512796402,0.04464118927717209,1.1990396976470947,12.0,476.0,0,2,390,0,0,0,100,100,0
54,216,537,117,537,2,right+A,0.031045421957969666,0.28683415055274963,0.28199777007102966,0.20605666935443878,0.19406597316265106,1.4666510820388794,12.0,488.0,0,2,390,0,0,0,100,100,0
55,220,549,133,549,2,right+A,0.024017779156565666,0.14983369410037994,0.35382604598999023,0.09705568850040436,0.37526682019233704,1.33577299118042,11.0,499.0,0,2,389,0,0,0,100,100,0
56,224,561,147,561,2,right+A,0.025677811354398727,0.14092455804347992,0.35458824038505554,0.11451519280672073,0.364294171333313,1.353839635848999,12.0,511.0,0,2,389,0,0,0,100,100,0
57,228,573,154,573,1,right,0.03298685699701309,0.2428431659936905,0.09617384523153305,0.5115901231765747,0.11640601605176926,1.274680256843567,12.0,523.0,0,2,389,0,0,0,100,100,0
58,232,585,150,585,3,right+B,0.03598383441567421,0.25985410809516907,0.07581830024719238,0.5509150624275208,0.07742863893508911,1.1919251680374146,12.0,535.0,0,2,389,0,0,0,100,100,0
59,236,597,133,597,3,right+B,0.03980528935790062,0.25157248973846436,0.06208157539367676,0.586936891078949,0.05960370972752571,1.1288691759109497,12.0,547.0,0,2,389,0,0,0,100,100,0
60,240,609,127,609,3,right+B,0.036396946758031845,0.22081686556339264,0.0588281974196434,0.6425843238830566,0.04137362912297249,1.036754846572876,11.0,558.0,0,2,388,0,0,0,100,100,0
61,244,621,127,621,3,right+B,0.028925655409693718,0.19472123682498932,0.053523387759923935,0.693428635597229,0.02940104529261589,0.9353401064872742,12.0,570.0,0,2,388,0,0,0,100,100,0
62,248,633,127,633,1,right,0.026316814124584198,0.17027775943279266,0.11854331195354462,0.6496727466583252,0.03518940135836601,1.047940731048584,12.0,582.0,0,2,388,0,0,0,100,100,0
63,252,645,126,645,3,right+B,0.02848886139690876,0.11906049400568008,0.5909649133682251,0.15574496984481812,0.10574072599411011,1.1927802562713623,12.0,594.0,0,2,388,0,0,0,100,100,0
64,256,657,114,657,4,right+A+B,0.021002264693379402,0.06094108894467354,0.7299542427062988,0.036737874150276184,0.1513645350933075,0.8885743021965027,12.0,606.0,0,2,388,0,0,0,100,100,0
65,260,669,95,669,2,right+A,0.042739152908325195,0.13710778951644897,0.5301801562309265,0.08880321681499481,0.20116962492465973,1.281211495399475,11.0,617.0,0,2,387,0,0,0,100,100,0
66,264,681,92,681,3,right+B,0.04911365732550621,0.21349304914474487,0.22883902490139008,0.4060497581958771,0.10250450670719147,1.4146065711975098,12.0,629.0,0,2,387,0,0,0,100,100,0
67,268,693,96,693,4,right+A+B,0.04549103602766991,0.19319310784339905,0.31528568267822266,0.31039896607398987,0.1356312483549118,1.4562280178070068,13.0,642.0,0,2,387,0,0,0,200,200,0
68,272,705,88,705,2,right+A,0.043077725917100906,0.16912123560905457,0.3911040723323822,0.24658173322677612,0.1501152068376541,1.4330828189849854,12.0,654.0,0,2,387,0,0,0,200,200,0
69,276,715,79,715,1,right,0.046161141246557236,0.18602173030376434,0.399944543838501,0.20152369141578674,0.16634884476661682,1.4425482749938965,10.0,664.0,0,2,387,0,0,0,200,200,0
70,280,721,79,721,0,NOOP,0.04986053332686424,0.21271991729736328,0.345674067735672,0.26930487155914307,0.12244059890508652,1.4563919305801392,5.0,669.0,0,2,386,0,0,0,200,200,0
71,284,722,79,722,3,right+B,0.06151008605957031,0.25700438022613525,0.20364412665367126,0.3893929421901703,0.08844847232103348,1.4265613555908203,1.0,670.0,0,2,386,0,0,0,200,200,0
72,288,722,79,722,3,right+B,0.05092789977788925,0.24590177834033966,0.11372978985309601,0.5367610454559326,0.05267952010035515,1.2328648567199707,0.0,670.0,1,2,386,0,0,0,200,200,0
73,292,722,93,722,2,right+A,0.0608413927257061,0.26369088888168335,0.1369594782590866,0.47561565041542053,0.06289266794919968,1.321536660194397,0.0,670.0,2,2,386,0,0,0,200,200,0
74,296,722,109,722,2,right+A,0.06143403425812721,0.27393582463264465,0.13963119685649872,0.45778709650039673,0.06721184402704239,1.3401541709899902,0.0,670.0,3,2,386,0,0,0,200,200,0
75,300,722,121,722,3,right+B,0.05965423956513405,0.2725948393344879,0.1390380561351776,0.46435385942459106,0.06435901671648026,1.3295745849609375,-1.0,669.0,4,2,385,0,0,0,200,200,0
76,304,722,122,722,3,right+B,0.06065746024250984,0.2740479111671448,0.14402487874031067,0.4520373046398163,0.06923244893550873,1.3476059436798096,0.0,669.0,5,2,385,0,0,0,200,200,0
77,308,722,113,722,1,right,0.05806929990649223,0.27291980385780334,0.13312296569347382,0.4728577435016632,0.0630301982164383,1.3164958953857422,0.0,669.0,6,2,385,0,0,0,200,200,0
78,312,722,94,722,1,right,0.05918789654970169,0.2688058018684387,0.1354309469461441,0.4723983407020569,0.064177006483078,1.321744680404663,0.0,669.0,7,2,385,0,0,0,200,200,0
79,316,722,79,722,1,right,0.05928031727671623,0.2732519209384918,0.13842244446277618,0.46457913517951965,0.06446622312068939,1.3286231756210327,0.0,669.0,8,2,385,0,0,0,200,200,0
80,320,722,79,722,1,right,0.06176924332976341,0.2762187123298645,0.1413780152797699,0.45575106143951416,0.06488299369812012,1.3395392894744873,-1.0,668.0,9,2,384,0,0,0,200,200,0
81,324,722,79,722,1,right,0.06072496995329857,0.27311578392982483,0.13549311459064484,0.4677177667617798,0.0629483312368393,1.3249032497406006,0.0,668.0,10,2,384,0,0,0,200,200,0
82,328,722,79,722,1,right,0.05984741076827049,0.2729698717594147,0.13738365471363068,0.46763506531715393,0.062163952738046646,1.3237779140472412,0.0,668.0,11,2,384,0,0,0,200,200,0
83,332,722,79,722,1,right,0.06152799725532532,0.27523818612098694,0.144853875041008,0.4548344016075134,0.06354556232690811,1.3399680852890015,0.0,668.0,12,2,384,0,0,0,200,200,0
84,336,722,93,722,2,right+A,0.05918017402291298,0.26881104707717896,0.13946600258350372,0.47085100412368774,0.06169174611568451,1.321700930595398,0.0,668.0,13,2,384,0,0,0,200,200,0
85,340,722,108,722,3,right+B,0.06032201647758484,0.27489975094795227,0.14488820731639862,0.45476076006889343,0.06512928754091263,1.3405101299285889,-1.0,667.0,14,2,383,0,0,0,200,200,0
86,344,722,112,722,1,right,0.06154831498861313,0.2772737443447113,0.14705497026443481,0.44664016366004944,0.06748276203870773,1.3510807752609253,0.0,667.0,15,2,383,0,0,0,200,200,0
87,348,722,106,722,1,right,0.061778951436281204,0.27271586656570435,0.15698771178722382,0.4380190670490265,0.07049838453531265,1.3655824661254883,0.0,667.0,16,2,383,0,0,0,200,200,0
88,352,722,89,722,1,right,0.06118607148528099,0.27322110533714294,0.15122945606708527,0.4464099407196045,0.06795345991849899,1.3538665771484375,0.0,667.0,17,2,383,0,0,0,200,200,0
89,356,722,79,722,2,right+A,0.061892975121736526,0.27420032024383545,0.15374474227428436,0.4421762228012085,0.06798581779003143,1.3584891557693481,0.0,667.0,18,2,383,0,0,0,200,200,0
90,360,722,79,722,1,right,0.06030268222093582,0.27025339007377625,0.14157924056053162,0.4632439613342285,0.06462069600820541,1.3332009315490723,-1.0,666.0,19,2,382,0,0,0,200,200,0
91,364,722,79,722,1,right,0.06035798788070679,0.27127745747566223,0.13944856822490692,0.46595534682273865,0.062960684299469,1.3280225992202759,0.0,666.0,20,2,382,0,0,0,200,200,0
92,368,722,79,722,3,right+B,0.06187540292739868,0.27393561601638794,0.15013349056243896,0.4464811384677887,0.0675744116306305,1.3536778688430786,0.0,666.0,21,2,382,0,0,0,200,200,0
93,372,722,93,722,2,right+A,0.06230881065130234,0.27520135045051575,0.15508058667182922,0.4384172558784485,0.0689920112490654,1.3630478382110596,0.0,666.0,22,2,382,0,0,0,200,200,0
94,376,722,108,722,3,right+B,0.060752879828214645,0.2741813659667969,0.14856629073619843,0.4502681791782379,0.06623123586177826,1.3472870588302612,0.0,666.0,23,2,382,0,0,0,200,200,0
95,380,722,112,722,1,right,0.06205543130636215,0.276100754737854,0.1495971977710724,0.44448569416999817,0.06776085495948792,1.354844331741333,-1.0,665.0,24,2,381,0,0,0,200,200,0
96,384,722,106,722,3,right+B,0.0610424280166626,0.2711997330188751,0.14492373168468475,0.457832008600235,0.06500209867954254,1.339856743812561,0.0,665.0,25,2,381,0,0,0,200,200,0
97,388,722,89,722,2,right+A,0.06184326112270355,0.27648839354515076,0.1476692408323288,0.4479627013206482,0.06603635847568512,1.3492190837860107,0.0,665.0,26,2,381,0,0,0,200,200,0
98,392,722,79,722,3,right+B,0.06075522303581238,0.2765849828720093,0.14474308490753174,0.45259401202201843,0.06532274931669235,1.3424311876296997,0.0,665.0,27,2,381,0,0,0,200,200,0
99,396,722,93,722,2,right+A,0.0592007078230381,0.2710844576358795,0.13985970616340637,0.46774864196777344,0.06210654228925705,1.3243181705474854,0.0,665.0,28,2,381,0,0,0,200,200,0
100,400,722,108,722,3,right+B,0.060274604707956314,0.27310800552368164,0.1455768495798111,0.4561257064342499,0.06491483002901077,1.3398735523223877,-1.0,664.0,29,2,380,0,0,0,200,200,0
101,404,722,112,722,1,right,0.059715233743190765,0.27358847856521606,0.14040741324424744,0.4622061848640442,0.06408267468214035,1.33132004737854,0.0,664.0,30,2,380,0,0,0,200,200,0
102,408,722,106,722,1,right,0.06123540550470352,0.2727974057197571,0.1504001021385193,0.44841447472572327,0.06715262681245804,1.3513396978378296,0.0,664.0,31,2,380,0,0,0,200,200,0
103,412,722,89,722,1,right,0.06032129004597664,0.27577540278434753,0.14480845630168915,0.4538179934024811,0.06527683883905411,1.3411424160003662,0.0,664.0,32,2,380,0,0,0,200,200,0
104,416,722,79,722,3,right+B,0.05995136499404907,0.27453839778900146,0.13627508282661438,0.46583518385887146,0.06339999288320541,1.3259474039077759,0.0,664.0,33,2,380,0,0,0,200,200,0
105,420,722,79,722,1,right,0.059400010854005814,0.27056893706321716,0.13160382211208344,0.4767303466796875,0.06169688329100609,1.3133180141448975,-1.0,663.0,34,2,379,0,0,0,200,200,0
106,424,722,93,722,4,right+A+B,0.05935324728488922,0.2699832618236542,0.13531576097011566,0.47429895401000977,0.06104877218604088,1.3162797689437866,0.0,663.0,35,2,379,0,0,0,200,200,0
107,428,722,108,722,3,right+B,0.06016262248158455,0.2730919122695923,0.1395014077425003,0.463818222284317,0.06342582404613495,1.329586386680603,0.0,663.0,36,2,379,0,0,0,200,200,0
108,432,722,112,722,3,right+B,0.058456022292375565,0.2708222568035126,0.13242535293102264,0.4776937663555145,0.06060269847512245,1.3102947473526,0.0,663.0,37,2,379,0,0,0,200,200,0
109,436,722,106,722,1,right,0.059589933604002,0.2709020674228668,0.1379086822271347,0.4682392477989197,0.06336002796888351,1.3251709938049316,0.0,663.0,38,2,379,0,0,0,200,200,0
110,440,722,89,722,3,right+B,0.05939566716551781,0.2698749005794525,0.1364029496908188,0.47061610221862793,0.06371039897203445,1.3230507373809814,-1.0,662.0,39,2,378,0,0,0,200,200,0
111,444,722,79,722,1,right,0.058684274554252625,0.2681282162666321,0.1315230429172516,0.4797854423522949,0.06187897175550461,1.310687780380249,0.0,662.0,40,2,378,0,0,0,200,200,0
112,448,722,93,722,4,right+A+B,0.058518558740615845,0.26577630639076233,0.12703996896743774,0.4885852336883545,0.06007981672883034,1.2992899417877197,0.0,662.0,41,2,378,0,0,0,200,200,0
113,452,722,108,722,3,right+B,0.05995429307222366,0.269090861082077,0.1320825219154358,0.4769681692123413,0.06190415471792221,1.3146673440933228,0.0,662.0,42,2,378,0,0,0,200,200,0
114,456,722,112,722,3,right+B,0.05886286869645119,0.2660842835903168,0.1275331676006317,0.48627328872680664,0.0612463504076004,1.3032984733581543,0.0,662.0,43,2,378,0,0,0,200,200,0
115,460,722,106,722,1,right,0.060307882726192474,0.26547661423683167,0.13377906382083893,0.4762931764125824,0.06414327770471573,1.3200054168701172,-1.0,661.0,44,2,377,0,0,0,200,200,0
116,464,722,89,722,3,right+B,0.060514628887176514,0.26794496178627014,0.13554543256759644,0.4714202284812927,0.06457479298114777,1.3249337673187256,0.0,661.0,45,2,377,0,0,0,200,200,0
117,468,722,79,722,3,right+B,0.06053287163376808,0.26823341846466064,0.13509951531887054,0.472452849149704,0.06368139386177063,1.3227941989898682,0.0,661.0,46,2,377,0,0,0,200,200,0
118,472,722,79,722,3,right+B,0.05954355373978615,0.2650042176246643,0.13213595747947693,0.48139387369155884,0.06192243844270706,1.3115291595458984,0.0,661.0,47,2,377,0,0,0,200,200,0
119,476,722,93,722,2,right+A,0.05972021818161011,0.2659144997596741,0.13411127030849457,0.47906261682510376,0.061191316694021225,1.313469648361206,0.0,661.0,48,2,377,0,0,0,200,200,0
120,480,722,108,722,0,NOOP,0.05988569185137749,0.2666855454444885,0.13479654490947723,0.4756554365158081,0.06297682225704193,1.3187737464904785,-1.0,660.0,49,2,376,0,0,0,200,200,0
121,484,722,112,722,3,right+B,0.06026211380958557,0.2682257890701294,0.13726167380809784,0.47111162543296814,0.06313878297805786,1.3238309621810913,0.0,660.0,50,2,376,0,0,0,200,200,0
122,488,722,106,722,2,right+A,0.06071721762418747,0.2660306394100189,0.139385387301445,0.4697157144546509,0.06415098160505295,1.32814621925354,0.0,660.0,51,2,376,0,0,0,200,200,0
123,492,722,89,722,2,right+A,0.06009436771273613,0.2660101652145386,0.13642346858978271,0.4741092920303345,0.063362717628479,1.3216322660446167,0.0,660.0,52,2,376,0,0,0,200,200,0
124,496,722,79,722,3,right+B,0.05950792878866196,0.2646826505661011,0.13293537497520447,0.4805234968662262,0.06235065683722496,1.3131697177886963,0.0,660.0,53,2,376,0,0,0,200,200,0
125,500,722,79,722,3,right+B,0.05820276960730553,0.2609976530075073,0.12714752554893494,0.49367228150367737,0.05997975170612335,1.2955747842788696,-1.0,659.0,54,2,375,0,0,0,200,200,0
126,504,722,93,722,4,right+A+B,0.05907203629612923,0.2637949287891388,0.1296006739139557,0.4877602458000183,0.059772148728370667,1.302025556564331,0.0,659.0,55,2,375,0,0,0,200,200,0
127,508,722,108,722,3,right+B,0.05960841849446297,0.26665782928466797,0.13241270184516907,0.47903767228126526,0.06228336691856384,1.3137376308441162,0.0,659.0,56,2,375,0,0,0,200,200,0
128,512,722,112,722,1,right,0.059885092079639435,0.267588347196579,0.1363956332206726,0.4728405773639679,0.06329036504030228,1.3219250440597534,0.0,659.0,57,2,375,0,0,0,200,200,0
129,516,722,106,722,3,right+B,0.06051578372716904,0.26602962613105774,0.14127248525619507,0.4669783115386963,0.06520381569862366,1.3320927619934082,0.0,659.0,58,2,375,0,0,0,200,200,0
130,520,722,89,722,3,right+B,0.06033911928534508,0.26730889081954956,0.1410171538591385,0.4668385982513428,0.06449625641107559,1.3307456970214844,-1.0,658.0,59,2,374,0,0,0,200,200,0
131,524,722,79,722,3,right+B,0.05990677326917648,0.26712116599082947,0.13858051598072052,0.471384197473526,0.06300734728574753,1.323830246925354,0.0,658.0,60,2,374,0,0,0,200,200,0
132,528,722,93,722,4,right+A+B,0.05852355808019638,0.2634454369544983,0.13192220032215118,0.48590317368507385,0.06020566076040268,1.3046112060546875,0.0,658.0,61,2,374,0,0,0,200,200,0
133,532,722,108,722,3,right+B,0.05985639616847038,0.2682425379753113,0.13883061707019806,0.4699311852455139,0.06313932687044144,1.324930191040039,0.0,658.0,62,2,374,0,0,0,200,200,0
134,536,722,112,722,2,right+A,0.059295039623975754,0.2671947777271271,0.1351037621498108,0.47543254494667053,0.06297376751899719,1.3182218074798584,0.0,658.0,63,2,374,0,0,0,200,200,0
135,540,722,106,722,4,right+A+B,0.05999003350734711,0.26587140560150146,0.13952918350696564,0.4701734483242035,0.06443589180707932,1.327304720878601,-1.0,657.0,64,2,373,0,0,0,200,200,0
136,544,722,89,722,0,NOOP,0.0596676841378212,0.266756147146225,0.13737182319164276,0.472400426864624,0.06380397081375122,1.3232412338256836,0.0,657.0,65,2,373,0,0,0,200,200,0
137,548,722,79,722,1,right,0.05872317776083946,0.26475971937179565,0.13280825316905975,0.4818407893180847,0.06186804920434952,1.3104186058044434,0.0,657.0,66,2,373,0,0,0,200,200,0
138,552,722,93,722,2,right+A,0.05798664316534996,0.2620276212692261,0.12829557061195374,0.4916538596153259,0.06003637984395027,1.2974342107772827,0.0,657.0,67,2,373,0,0,0,200,200,0
139,556,722,108,722,3,right+B,0.059265170246362686,0.2661902606487274,0.13561905920505524,0.47629237174987793,0.06263313442468643,1.3175359964370728,0.0,657.0,68,2,373,0,0,0,200,200,0
140,560,722,112,722,1,right,0.059450216591358185,0.26695922017097473,0.1352083683013916,0.4749889075756073,0.06339330971240997,1.3193868398666382,-1.0,656.0,69,2,372,0,0,0,200,200,0
141,564,722,106,722,3,right+B,0.06025758758187294,0.26584845781326294,0.14112073183059692,0.4677984118461609,0.06497477740049362,1.3308289051055908,0.0,656.0,70,2,372,0,0,0,200,200,0
142,568,722,89,722,3,right+B,0.060182612389326096,0.26734164357185364,0.14088086783885956,0.46732473373413086,0.06427019089460373,1.3298324346542358,0.0,656.0,71,2,372,0,0,0,200,200,0
143,572,722,79,722,3,right+B,0.05972353741526604,0.26674652099609375,0.1379624605178833,0.47275200486183167,0.06281552463769913,1.3220925331115723,0.0,656.0,72,2,372,0,0,0,200,200,0
144,576,722,79,722,3,right+B,0.058336030691862106,0.26297110319137573,0.13122355937957764,0.48740509152412415,0.06006423011422157,1.3027124404907227,0.0,656.0,73,2,372,0,0,0,200,200,0
145,580,722,79,722,1,right,0.059121131896972656,0.26578348875045776,0.13358516991138458,0.48107054829597473,0.06043976917862892,1.3099160194396973,-1.0,655.0,74,2,371,0,0,0,200,200,0
146,584,722,79,722,1,right,0.05891318991780281,0.2649068236351013,0.13189548254013062,0.482978492975235,0.06130599230527878,1.308569073677063,0.0,655.0,75,2,371,0,0,0,200,200,0
147,588,722,93,722,2,right+A,0.0591311901807785,0.26450660824775696,0.13243791460990906,0.4830017387866974,0.06092260777950287,1.3086971044540405,0.0,655.0,76,2,371,0,0,0,200,200,0
148,592,722,108,722,3,right+B,0.05995004624128342,0.2671995460987091,0.13669973611831665,0.4730202853679657,0.0631304532289505,1.3218936920166016,0.0,655.0,77,2,371,0,0,0,200,200,0
149,596,722,112,722,2,right+A,0.059776421636343,0.2672032117843628,0.13685926795005798,0.472989022731781,0.06317204982042313,1.3218185901641846,0.0,655.0,78,2,371,0,0,0,200,200,0
150,600,722,106,722,2,right+A,0.06044164299964905,0.2662147879600525,0.14009925723075867,0.468519002199173,0.06472532451152802,1.3296912908554077,-1.0,654.0,79,2,370,0,0,0,200,200,0
151,604,722,89,722,0,NOOP,0.060080405324697495,0.26669108867645264,0.1383582353591919,0.47089219093322754,0.06397813558578491,1.3256173133850098,0.0,654.0,80,2,370,0,0,0,200,200,0
152,608,722,79,722,1,right,0.05994506552815437,0.2665036618709564,0.13654246926307678,0.47400805354118347,0.06300073862075806,1.321027159690857,0.0,654.0,81,2,370,0,0,0,200,200,0
153,612,722,79,722,3,right+B,0.058721791952848434,0.26305416226387024,0.13106907904148102,0.48663464188575745,0.06052027642726898,1.3043310642242432,0.0,654.0,82,2,370,0,0,0,200,200,0
154,616,722,93,722,2,right+A,0.059834886342287064,0.26560547947883606,0.13454976677894592,0.4794420599937439,0.06056780368089676,1.3127974271774292,0.0,654.0,83,2,370,0,0,0,200,200,0
155,620,722,108,722,1,right,0.060333285480737686,0.2669605314731598,0.13585996627807617,0.47383788228034973,0.0630083754658699,1.3212555646896362,-1.0,653.0,84,2,369,0,0,0,200,200,0
156,624,722,112,722,4,right+A+B,0.06037357077002525,0.2677933871746063,0.13750804960727692,0.4713810086250305,0.06294393539428711,1.3237276077270508,0.0,653.0,85,2,369,0,0,0,200,200,0
157,628,722,106,722,1,right,0.06049152463674545,0.26689139008522034,0.13920775055885315,0.4689472019672394,0.06446220725774765,1.328574299812317,0.0,653.0,86,2,369,0,0,0,200,200,0
158,632,722,89,722,1,right,0.059464991092681885,0.26584523916244507,0.13505502045154572,0.47624921798706055,0.0633854791522026,1.3185632228851318,0.0,653.0,87,2,369,0,0,0,200,200,0
159,636,722,79,722,4,right+A+B,0.05853453651070595,0.2632431089878082,0.1293209195137024,0.487489253282547,0.061412155628204346,1.3035978078842163,0.0,653.0,88,2,369,0,0,0,200,200,0
160,640,722,79,722,1,right,0.05774565786123276,0.260628342628479,0.12521061301231384,0.4965808391571045,0.059834592044353485,1.29140305519104,-1.0,652.0,89,2,368,0,0,0,200,200,0
161,644,722,79,722,1,right,0.05841704457998276,0.2625015676021576,0.12747453153133392,0.49140530824661255,0.060201603919267654,1.2978919744491577,0.0,652.0,90,2,368,0,0,0,200,200,0
162,648,722,79,722,3,right+B,0.0586436502635479,0.2643483579158783,0.1272893100976944,0.4885285496711731,0.061190165579319,1.3013343811035156,0.0,652.0,91,2,368,0,0,0,200,200,0
163,652,722,79,722,1,right,0.05929999053478241,0.26513898372650146,0.12828367948532104,0.48613423109054565,0.061143144965171814,1.304436445236206,0.0,652.0,92,2,368,0,0,0,200,200,0
164,656,722,79,722,3,right+B,0.05915787070989609,0.2643073797225952,0.12771391868591309,0.4875205457210541,0.061300262808799744,1.3031951189041138,0.0,652.0,93,2,368,0,0,0,200,200,0
165,660,722,93,722,2,right+A,0.05971144884824753,0.2664158046245575,0.12976716458797455,0.48172131180763245,0.062384333461523056,1.3105801343917847,-1.0,651.0,94,2,367,0,0,0,200,200,0
166,664,722,109,722,2,right+A,0.06056424602866173,0.2692530155181885,0.13542988896369934,0.4706851541996002,0.06406769901514053,1.3246166706085205,0.0,651.0,95,2,367,0,0,0,200,200,0
167,668,722,121,722,1,right,0.05976225063204765,0.2702154815196991,0.1349223256111145,0.47227999567985535,0.06282001733779907,1.320366382598877,0.0,651.0,96,2,367,0,0,0,200,200,0
168,672,722,122,722,1,right,0.060899898409843445,0.27004149556159973,0.14172343909740448,0.4604318141937256,0.06690339744091034,1.3389198780059814,0.0,651.0,97,2,367,0,0,0,200,200,0
169,676,722,113,722,3,right+B,0.06050252169370651,0.27196410298347473,0.1352982521057129,0.46824565529823303,0.06398946791887283,1.3256642818450928,0.0,651.0,98,2,367,0,0,0,200,200,0
170,680,722,94,722,3,right+B,0.06079898402094841,0.2695066034793854,0.13350673019886017,0.4715632200241089,0.06462439894676208,1.3239367008209229,-1.0,650.0,99,2,366,0,0,0,200,200,0
171,684,722,79,722,1,right,0.05836920067667961,0.26632556319236755,0.12665154039859772,0.48731425404548645,0.06133939325809479,1.301407814025879,0.0,650.0,100,2,366,0,0,0,200,200,0
172,688,722,79,722,1,right,0.05919119343161583,0.26812824606895447,0.12972593307495117,0.48242607712745667,0.06052850931882858,1.3066246509552002,0.0,650.0,101,2,366,0,0,0,200,200,0
173,692,722,79,722,1,right,0.057326652109622955,0.2642024755477905,0.12437096238136292,0.4958356022834778,0.0582643561065197,1.2882755994796753,0.0,650.0,102,2,366,0,0,0,200,200,0
174,696,722,79,722,1,right,0.05887119844555855,0.2687074542045593,0.13014990091323853,0.48085418343544006,0.06141729652881622,1.3086841106414795,0.0,650.0,103,2,366,0,0,0,200,200,0
175,700,722,79,722,3,right+B,0.059362731873989105,0.2705111503601074,0.1304885298013687,0.47720861434936523,0.062428925186395645,1.3132596015930176,-1.0,649.0,104,2,365,0,0,0,200,200,0
176,704,722,79,722,3,right+B,0.05953564494848251,0.27062317728996277,0.13413268327713013,0.47430524230003357,0.06140316277742386,1.316254734992981,0.0,649.0,105,2,365,0,0,0,200,200,0
177,708,722,79,722,1,right,0.0602639876306057,0.2735072374343872,0.13866989314556122,0.46480926871299744,0.06274954974651337,1.3276612758636475,0.0,649.0,106,2,365,0,0,0,200,200,0
178,712,722,93,722,2,right+A,0.06026076897978783,0.2739901542663574,0.1427759826183319,0.45891132950782776,0.06406178325414658,1.3353934288024902,0.0,649.0,107,2,365,0,0,0,200,200,0
179,716,722,108,722,1,right,0.062401123344898224,0.2779133915901184,0.15129175782203674,0.44070887565612793,0.06768478453159332,1.3580574989318848,0.0,649.0,108,2,365,0,0,0,200,200,0
180,720,722,112,722,3,right+B,0.06154535710811615,0.2774488031864166,0.143560990691185,0.4518962502479553,0.06554851680994034,1.3435206413269043,-1.0,648.0,109,2,364,0,0,0,200,200,0
181,724,722,106,722,3,right+B,0.06132287159562111,0.2741047143936157,0.14739258587360382,0.45105043053627014,0.06612939387559891,1.346886157989502,0.0,648.0,110,2,364,0,0,0,200,200,0
182,728,722,89,722,1,right,0.061576854437589645,0.275463730096817,0.14661607146263123,0.4510791003704071,0.06526422500610352,1.3455286026000977,0.0,648.0,111,2,364,0,0,0,200,200,0
183,732,722,79,722,3,right+B,0.06006353348493576,0.27314138412475586,0.14095449447631836,0.4622708857059479,0.06356962025165558,1.3314318656921387,0.0,648.0,112,2,364,0,0,0,200,200,0
184,736,722,93,722,4,right+A+B,0.05982569605112076,0.27050843834877014,0.1415037214756012,0.4646180272102356,0.06354407966136932,1.330142617225647,0.0,648.0,113,2,364,0,0,0,200,200,0
185,740,722,108,722,3,right+B,0.06194907799363136,0.2767668068408966,0.1497187316417694,0.44395679235458374,0.06760865449905396,1.3547967672348022,-1.0,647.0,114,2,363,0,0,0,200,200,0
186,744,722,112,722,1,right,0.06031813099980354,0.2744711637496948,0.1434381753206253,0.45544934272766113,0.0663231834769249,1.3409291505813599,0.0,647.0,115,2,363,0,0,0,200,200,0
187,748,722,106,722,1,right,0.06105085834860802,0.2702487111091614,0.15182480216026306,0.4486747086048126,0.06820094585418701,1.3532254695892334,0.0,647.0,116,2,363,0,0,0,200,200,0
188,752,722,89,722,2,right+A,0.06218797713518143,0.2730383574962616,0.1536463499069214,0.44191670417785645,0.06921052932739258,1.3606888055801392,0.0,647.0,117,2,363,0,0,0,200,200,0
189,756,722,79,722,3,right+B,0.06218233332037926,0.27433761954307556,0.1534709930419922,0.4415554106235504,0.06845363974571228,1.3597075939178467,0.0,647.0,118,2,363,0,0,0,200,200,0
190,760,722,79,722,3,right+B,0.061976104974746704,0.27260589599609375,0.14772450923919678,0.45144352316856384,0.06625001132488251,1.3480377197265625,-1.0,646.0,119,2,362,0,0,0,200,200,0
191,764,722,79,722,3,right+B,0.0635906234383583,0.2766679525375366,0.16090181469917297,0.43000051379203796,0.06883914023637772,1.3717923164367676,0.0,646.0,120,2,362,0,0,0,200,200,0
192,768,722,79,722,3,right+B,0.06246016547083855,0.27608993649482727,0.15916238725185394,0.43240344524383545,0.06988408416509628,1.3695464134216309,0.0,646.0,121,2,362,0,0,0,200,200,0
193,772,722,79,722,3,right+B,0.060527436435222626,0.2738821804523468,0.143981471657753,0.45782217383384705,0.06378671526908875,1.3367373943328857,0.0,646.0,122,2,362,0,0,0,200,200,0
194,776,722,79,722,3,right+B,0.0618099570274353,0.2732142210006714,0.1423996239900589,0.45791900157928467,0.06465723365545273,1.338846206665039,0.0,646.0,123,2,362,0,0,0,200,200,0
195,780,722,79,722,1,right,0.06006830185651779,0.271086722612381,0.1376992017030716,0.46909818053245544,0.062047578394412994,1.3233602046966553,-1.0,645.0,124,2,361,0,0,0,200,200,0
196,784,722,79,722,3,right+B,0.06161893904209137,0.27573007345199585,0.14166036248207092,0.45700588822364807,0.063984714448452,1.337564468383789,0.0,645.0,125,2,361,0,0,0,200,200,0
197,788,722,79,722,1,right,0.060203131288290024,0.2731931805610657,0.14016340672969818,0.4629978537559509,0.0634424015879631,1.3305491209030151,0.0,645.0,126,2,361,0,0,0,200,200,0
198,792,722,79,722,1,right,0.06047348305583,0.2720022201538086,0.13927654922008514,0.466173380613327,0.062074389308691025,1.3266615867614746,0.0,645.0,127,2,361,0,0,0,200,200,0
199,796,722,79,722,3,right+B,0.06025893613696098,0.2716953456401825,0.14039327204227448,0.46461009979248047,0.06304235756397247,1.3293436765670776,0.0,645.0,128,2,361,0,0,0,200,200,0
200,800,722,79,722,1,right,0.06026401370763779,0.2724229395389557,0.1395975947380066,0.4646202027797699,0.06309523433446884,1.3288947343826294,-1.0,644.0,129,2,360,0,0,0,200,200,0
201,804,722,79,722,3,right+B,0.060839906334877014,0.27301400899887085,0.14339900016784668,0.4591559171676636,0.06359114497900009,1.3358585834503174,0.0,644.0,130,2,360,0,0,0,200,200,0
202,808,722,79,722,3,right+B,0.061400823295116425,0.276068776845932,0.14455311000347137,0.45427244901657104,0.06370479613542557,1.3400979042053223,0.0,644.0,131,2,360,0,0,0,200,200,0
203,812,722,79,722,0,NOOP,0.06090639531612396,0.2749861478805542,0.13671118021011353,0.4653788208961487,0.06201743334531784,1.325896978378296,0.0,644.0,132,2,360,0,0,0,200,200,0
204,816,722,93,722,2,right+A,0.06050226092338562,0.27304425835609436,0.13620184361934662,0.4674931764602661,0.0627584233880043,1.324904441833496,0.0,644.0,133,2,360,0,0,0,200,200,0
205,820,722,108,722,3,right+B,0.06008605286478996,0.27277156710624695,0.13875910639762878,0.4648110270500183,0.06357234716415405,1.3286566734313965,-1.0,643.0,134,2,359,0,0,0,200,200,0
206,824,722,112,722,3,right+B,0.059184130281209946,0.2718299925327301,0.13602353632450104,0.4700465798377991,0.06291583180427551,1.321628451347351,0.0,643.0,135,2,359,0,0,0,200,200,0
207,828,722,106,722,3,right+B,0.05726153403520584,0.26591265201568604,0.13101080060005188,0.484437495470047,0.06137746572494507,1.3046671152114868,0.0,643.0,136,2,359,0,0,0,200,200,0
208,832,722,89,722,0,NOOP,0.05802643671631813,0.2685665786266327,0.13082483410835266,0.4801911413669586,0.06239098682999611,1.3096977472305298,0.0,643.0,137,2,359,0,0,0,200,200,0
209,836,722,79,722,3,right+B,0.05807384103536606,0.26705217361450195,0.12878075242042542,0.4846172332763672,0.06147604063153267,1.3043452501296997,0.0,643.0,138,2,359,0,0,0,200,200,0
210,840,722,79,722,1,right,0.05803440511226654,0.2652451694011688,0.12661166489124298,0.48964768648147583,0.06046110764145851,1.2981555461883545,-1.0,642.0,139,2,358,0,0,0,200,200,0
211,844,722,93,722,2,right+A,0.05862443894147873,0.26672065258026123,0.12761598825454712,0.4875263273715973,0.05951263755559921,1.299669861793518,0.0,642.0,140,2,358,0,0,0,200,200,0
212,848,722,109,722,2,right+A,0.05939209833741188,0.26722288131713867,0.12857608497142792,0.48342177271842957,0.06138719245791435,1.3067725896835327,0.0,642.0,141,2,358,0,0,0,200,200,0
213,852,722,121,722,3,right+B,0.05965834856033325,0.26707690954208374,0.13107086718082428,0.479812890291214,0.062380943447351456,1.3125526905059814,0.0,642.0,142,2,358,0,0,0,200,200,0
214,856,722,122,722,3,right+B,0.061702195554971695,0.26819559931755066,0.14314110577106476,0.45837289094924927,0.06858820468187332,1.344434142112732,0.0,642.0,143,2,358,0,0,0,200,200,0
215,860,722,113,722,3,right+B,0.06046092137694359,0.2687576115131378,0.13729289174079895,0.4685848653316498,0.06490367650985718,1.3280924558639526,-1.0,641.0,144,2,357,0,0,0,200,200,0
216,864,722,94,722,3,right+B,0.060880884528160095,0.26637670397758484,0.13571269810199738,0.4718385338783264,0.06519120931625366,1.3262245655059814,0.0,641.0,145,2,357,0,0,0,200,200,0
217,868,722,79,722,1,right,0.05925948545336723,0.2676079571247101,0.13062331080436707,0.47977808117866516,0.06273119151592255,1.3121626377105713,0.0,641.0,146,2,357,0,0,0,200,200,0
218,872,722,79,722,1,right,0.05908322334289551,0.2644932270050049,0.12915024161338806,0.48618602752685547,0.061087239533662796,1.3046233654022217,0.0,641.0,147,2,357,0,0,0,200,200,0
219,876,722,93,722,2,right+A,0.05855034291744232,0.26221221685409546,0.12677638232707977,0.49188634753227234,0.06057475879788399,1.2978321313858032,0.0,641.0,148,2,357,0,0,0,200,200,0
220,880,722,109,722,2,right+A,0.05948314070701599,0.26633092761039734,0.13379672169685364,0.47761237621307373,0.06277685612440109,1.3160598278045654,-1.0,640.0,149,2,356,0,0,0,200,200,0
221,884,722,121,722,3,right+B,0.05941960960626602,0.26573890447616577,0.1316056102514267,0.4811900854110718,0.062045805156230927,1.3112735748291016,0.0,640.0,150,2,356,0,0,0,200,200,0
222,888,722,122,722,1,right,0.06133168563246727,0.2665347158908844,0.14389880001544952,0.4599863290786743,0.06824841350317001,1.3430254459381104,0.0,640.0,151,2,356,0,0,0,200,200,0
223,892,722,113,722,3,right+B,0.05948016047477722,0.265053927898407,0.13475169241428375,0.4764665961265564,0.06424761563539505,1.3194823265075684,0.0,640.0,152,2,356,0,0,0,200,200,0
224,896,722,94,722,1,right,0.060263149440288544,0.2635359764099121,0.13371294736862183,0.47776731848716736,0.06472061574459076,1.3198400735855103,0.0,640.0,153,2,356,0,0,0,200,200,0
225,900,722,79,722,3,right+B,0.05905027315020561,0.26509201526641846,0.13060086965560913,0.4830322861671448,0.06222458556294441,1.309171199798584,-1.0,639.0,154,2,355,0,0,0,200,200,0
226,904,722,79,722,1,right,0.060351207852363586,0.2664867341518402,0.13453887403011322,0.47689130902290344,0.06173189356923103,1.3167651891708374,0.0,639.0,155,2,355,0,0,0,200,200,0
227,908,722,79,722,1,right,0.05859429016709328,0.26329731941223145,0.13078473508358002,0.4872087240219116,0.06011495739221573,1.3029909133911133,0.0,639.0,156,2,355,0,0,0,200,200,0
228,912,722,93,722,2,right+A,0.05881648138165474,0.2645307779312134,0.13314378261566162,0.48247119784355164,0.06103771552443504,1.3091990947723389,0.0,639.0,157,2,355,0,0,0,200,200,0
229,916,722,108,722,1,right,0.05992957577109337,0.26865601539611816,0.13822464644908905,0.46943941712379456,0.06375035643577576,1.3257954120635986,0.0,639.0,158,2,355,0,0,0,200,200,0
230,920,722,112,722,1,right,0.05928230285644531,0.26705828309059143,0.13589972257614136,0.4747715890407562,0.06298816949129105,1.3191444873809814,-1.0,638.0,159,2,354,0,0,0,200,200,0
231,924,722,106,722,1,right,0.05952364578843117,0.26527005434036255,0.13798131048679352,0.4728740453720093,0.06435099244117737,1.323933482170105,0.0,638.0,160,2,354,0,0,0,200,200,0
232,928,722,89,722,0,NOOP,0.05941559001803398,0.26649144291877747,0.1367042362689972,0.4734594225883484,0.06392933428287506,1.3219910860061646,0.0,638.0,161,2,354,0,0,0,200,200,0
233,932,722,79,722,1,right,0.058593668043613434,0.26469898223876953,0.13245682418346405,0.4822441339492798,0.062006350606679916,1.3099397420883179,0.0,638.0,162,2,354,0,0,0,200,200,0
234,936,722,79,722,3,right+B,0.05777045711874962,0.26179271936416626,0.12754887342453003,0.49282366037368774,0.06006426736712456,1.2958755493164062,0.0,638.0,163,2,354,0,0,0,200,200,0
235,940,722,79,722,1,right,0.05844956636428833,0.2637850344181061,0.1300729513168335,0.4876618981361389,0.06003059074282646,1.3018691539764404,-1.0,637.0,164,2,353,0,0,0,200,200,0
236,944,722,79,722,1,right,0.05864503234624863,0.2641488313674927,0.13048675656318665,0.4852915406227112,0.06142779812216759,1.3059577941894531,0.0,637.0,165,2,353,0,0,0,200,200,0
237,948,722,79,722,3,right+B,0.058843329548835754,0.26392629742622375,0.13219012320041656,0.4837779998779297,0.06126229837536812,1.3081227540969849,0.0,637.0,166,2,353,0,0,0,200,200,0
238,952,722,93,722,2,right+A,0.0591314360499382,0.2642272412776947,0.13299432396888733,0.4827919006347656,0.060855116695165634,1.3091082572937012,0.0,637.0,167,2,353,0,0,0,200,200,0
239,956,722,109,722,2,right+A,0.06023126095533371,0.2680540978908539,0.1394554227590561,0.4686569571495056,0.06360223889350891,1.3272819519042969,0.0,637.0,168,2,353,0,0,0,200,200,0
240,960,722,121,722,3,right+B,0.05967456102371216,0.2680634558200836,0.13793882727622986,0.4713200628757477,0.06300308555364609,1.3230888843536377,-1.0,636.0,169,2,352,0,0,0,200,200,0
241,964,722,122,722,3,right+B,0.06101791933178902,0.26835331320762634,0.14777784049510956,0.4542996287345886,0.06855130195617676,1.3483765125274658,0.0,636.0,170,2,352,0,0,0,200,200,0
242,968,722,113,722,2,right+A,0.059127066284418106,0.2667127847671509,0.13711045682430267,0.4728747010231018,0.06417504698038101,1.3225136995315552,0.0,636.0,171,2,352,0,0,0,200,200,0
243,972,722,94,722,3,right+B,0.05956763029098511,0.26393428444862366,0.13404734432697296,0.4780064523220062,0.06444419920444489,1.318505048751831,0.0,636.0,172,2,352,0,0,0,200,200,0
244,976,722,79,722,1,right,0.05815345421433449,0.2645375430583954,0.1294761449098587,0.4858967959880829,0.061936091631650925,1.3048696517944336,0.0,636.0,173,2,352,0,0,0,200,200,0
245,980,722,79,722,1,right,0.0586346797645092,0.2633945345878601,0.12908807396888733,0.48815613985061646,0.06072652339935303,1.3021693229675293,-1.0,635.0,174,2,351,0,0,0,200,200,0
246,984,722,79,722,3,right+B,0.057997219264507294,0.26173701882362366,0.12685418128967285,0.4935297966003418,0.05988170579075813,1.2950000762939453,0.0,635.0,175,2,351,0,0,0,200,200,0
247,988,722,79,722,3,right+B,0.05865579843521118,0.26384246349334717,0.13066205382347107,0.4857645034790039,0.0610751174390316,1.3052939176559448,0.0,635.0,176,2,351,0,0,0,200,200,0
248,992,722,79,722,3,right+B,0.05926653742790222,0.26481789350509644,0.1323016881942749,0.4822539687156677,0.061359941959381104,1.3098952770233154,0.0,635.0,177,2,351,0,0,0,200,200,0
249,996,722,79,722,1,right,0.059174615889787674,0.26387515664100647,0.13250786066055298,0.48361602425575256,0.060826390981674194,1.3082982301712036,0.0,635.0,178,2,351,0,0,0,200,200,0
250,1000,722,79,722,0,NOOP,0.06000502407550812,0.265670508146286,0.13528278470039368,0.47777417302131653,0.06126751750707626,1.3155596256256104,-1.0,634.0,179,2,350,0,0,0,200,200,0
251,1004,722,79,722,0,NOOP,0.06051412224769592,0.2670312821865082,0.13665804266929626,0.47369447350502014,0.06210210546851158,1.3208281993865967,0.0,634.0,180,2,350,0,0,0,200,200,0
252,1008,722,79,722,3,right+B,0.059622474014759064,0.2652195394039154,0.13541364669799805,0.4782768189907074,0.06146747246384621,1.3150749206542969,0.0,634.0,181,2,350,0,0,0,200,200,0
253,1012,722,79,722,3,right+B,0.059186093509197235,0.26497045159339905,0.13211214542388916,0.4833047389984131,0.06042660400271416,1.3076403141021729,0.0,634.0,182,2,350,0,0,0,200,200,0
254,1016,722,79,722,1,right,0.05894448608160019,0.263592392206192,0.12864544987678528,0.4890854060649872,0.059732284396886826,1.300276517868042,0.0,634.0,183,2,350,0,0,0,200,200,0
255,1020,722,79,722,3,right+B,0.05868721380829811,0.2630559504032135,0.12913775444030762,0.48853710293769836,0.06058197095990181,1.3018362522125244,-1.0,633.0,184,2,349,0,0,0,200,200,0
256,1024,722,79,722,3,right+B,0.059129469096660614,0.2646043598651886,0.12967628240585327,0.4856475293636322,0.0609424002468586,1.3051838874816895,0.0,633.0,185,2,349,0,0,0,200,200,0
257,1028,722,93,722,2,right+A,0.058430083096027374,0.2623765766620636,0.12633360922336578,0.4929845929145813,0.059875182807445526,1.2956079244613647,0.0,633.0,186,2,349,0,0,0,200,200,0
258,1032,722,109,722,2,right+A,0.05887749418616295,0.26414111256599426,0.12967896461486816,0.48518264293670654,0.06211980804800987,1.3068066835403442,0.0,633.0,187,2,349,0,0,0,200,200,0
259,1036,722,121,722,1,right,0.058889735490083694,0.26460427045822144,0.1298404037952423,0.48396724462509155,0.0626983493566513,1.308511734008789,0.0,633.0,188,2,349,0,0,0,200,200,0
260,1040,722,122,722,2,right+A,0.060669708997011185,0.26559337973594666,0.1420890986919403,0.46250104904174805,0.06914675980806351,1.3407596349716187,-1.0,632.0,189,2,348,0,0,0,200,200,0
261,1044,722,113,722,2,right+A,0.059429146349430084,0.2663361728191376,0.13563446700572968,0.47320109605789185,0.06539911031723022,1.323522686958313,0.0,632.0,190,2,348,0,0,0,200,200,0
262,1048,722,94,722,1,right,0.060415755957365036,0.26545292139053345,0.13394680619239807,0.47529399394989014,0.0648905336856842,1.3219201564788818,0.0,632.0,191,2,348,0,0,0,200,200,0
263,1052,722,79,722,3,right+B,0.0595162995159626,0.2673336863517761,0.13082382082939148,0.47935613989830017,0.06296998262405396,1.3132846355438232,0.0,632.0,192,2,348,0,0,0,200,200,0
264,1056,722,93,722,2,right+A,0.059723127633333206,0.2661858797073364,0.1295560896396637,0.4826412498950958,0.06189368665218353,1.3091856241226196,0.0,632.0,193,2,348,0,0,0,200,200,0
265,1060,722,108,722,1,right,0.05936441943049431,0.26742926239967346,0.129900261759758,0.48043492436408997,0.06287113577127457,1.3116190433502197,-1.0,631.0,194,2,347,0,0,0,200,200,0
266,1064,722,112,722,2,right+A,0.05913432687520981,0.26980745792388916,0.1319323480129242,0.4759322702884674,0.06319354474544525,1.3157957792282104,0.0,631.0,195,2,347,0,0,0,200,200,0
267,1068,722,106,722,3,right+B,0.05902227759361267,0.26646390557289124,0.13168685138225555,0.4792582094669342,0.06356882303953171,1.3140733242034912,0.0,631.0,196,2,347,0,0,0,200,200,0
268,1072,722,89,722,2,right+A,0.05918419361114502,0.26825952529907227,0.12958206236362457,0.48045819997787476,0.06251603364944458,1.3105874061584473,0.0,631.0,197,2,347,0,0,0,200,200,0
269,1076,722,79,722,3,right+B,0.059117235243320465,0.26881736516952515,0.12975606322288513,0.4801427125930786,0.06216665357351303,1.3102858066558838,0.0,631.0,198,2,347,0,0,0,200,200,0
270,1080,722,79,722,3,right+B,0.05817839875817299,0.2647903859615326,0.12564235925674438,0.49037426710128784,0.061014559119939804,1.2980231046676636,-1.0,630.0,199,2,346,0,0,0,200,200,0
271,1084,722,93,722,2,right+A,0.058020565658807755,0.26735010743141174,0.12685337662696838,0.4888780117034912,0.05889790505170822,1.296444058418274,0.0,630.0,200,2,346,0,0,0,200,200,0
272,1088,722,108,722,1,right,0.05847182869911194,0.26945677399635315,0.1295117735862732,0.4810357987880707,0.06152395159006119,1.307662844657898,0.0,630.0,201,2,346,0,0,0,200,200,0
273,1092,722,112,722,1,right,0.05934920907020569,0.270839661359787,0.13526643812656403,0.4708360433578491,0.06370869278907776,1.322074055671692,0.0,630.0,202,2,346,0,0,0,200,200,0
274,1096,722,106,722,2,right+A,0.06093844771385193,0.2721555233001709,0.14299874007701874,0.45647817850112915,0.06742909550666809,1.3426097631454468,0.0,630.0,203,2,346,0,0,0,200,200,0
275,1100,722,89,722,2,right+A,0.059731096029281616,0.2739562690258026,0.13957057893276215,0.46278175711631775,0.06396026909351349,1.3303033113479614,-1.0,629.0,204,2,345,0,0,0,200,200,0
276,1104,722,79,722,2,right+A,0.05902750790119171,0.2724042236804962,0.13919754326343536,0.46701472997665405,0.062356073409318924,1.3243783712387085,0.0,629.0,205,2,345,0,0,0,200,200,0
277,1108,722,79,722,0,NOOP,0.06014358997344971,0.27419713139533997,0.14179956912994385,0.45966798067092896,0.06419173628091812,1.3343737125396729,0.0,629.0,206,2,345,0,0,0,200,200,0
278,1112,722,79,722,0,NOOP,0.06096735969185829,0.27723297476768494,0.1458512842655182,0.4506901800632477,0.06525818258523941,1.3443056344985962,0.0,629.0,207,2,345,0,0,0,200,200,0
279,1116,722,79,722,1,right,0.06007503345608711,0.2738566994667053,0.13731315732002258,0.46422192454338074,0.06453320384025574,1.3293588161468506,0.0,629.0,208,2,345,0,0,0,200,200,0
280,1120,722,79,722,3,right+B,0.058848705142736435,0.2701842486858368,0.1321246176958084,0.47778958082199097,0.061052896082401276,1.3112971782684326,-1.0,628.0,209,2,344,0,0,0,200,200,0
281,1124,722,79,722,3,right+B,0.05884264409542084,0.2691967785358429,0.13290555775165558,0.4791525602340698,0.059902410954236984,1.309341311454773,0.0,628.0,210,2,344,0,0,0,200,200,0
282,1128,722,79,722,3,right+B,0.05926967412233353,0.2703675329685211,0.13623672723770142,0.47228825092315674,0.06183777377009392,1.3190820217132568,0.0,628.0,211,2,344,0,0,0,200,200,0
283,1132,722,79,722,3,right+B,0.05948655307292938,0.27126556634902954,0.13939493894577026,0.4661251902580261,0.06372775882482529,1.3276950120925903,0.0,628.0,212,2,344,0,0,0,200,200,0
284,1136,722,93,722,2,right+A,0.062198806554079056,0.2771186828613281,0.1503140926361084,0.4429624676704407,0.06740593910217285,1.3557171821594238,0.0,628.0,213,2,344,0,0,0,200,200,0
285,1140,722,109,722,4,right+A+B,0.0625796690583229,0.2759982943534851,0.15639901161193848,0.43481191992759705,0.07021114230155945,1.3675391674041748,-1.0,627.0,214,2,343,0,0,0,200,200,0
286,1144,722,121,722,1,right,0.06205957755446434,0.2763232886791229,0.15725091099739075,0.4349176287651062,0.0694485679268837,1.366150140762329,0.0,627.0,215,2,343,0,0,0,200,200,0
287,1148,722,122,722,3,right+B,0.06352772563695908,0.27429792284965515,0.1732061803340912,0.4124828577041626,0.07648534327745438,1.3954893350601196,0.0,627.0,216,2,343,0,0,0,200,200,0
288,1152,722,113,722,3,right+B,0.0618128702044487,0.27429112792015076,0.15272431075572968,0.44151484966278076,0.0696568638086319,1.3604015111923218,0.0,627.0,217,2,343,0,0,0,200,200,0
289,1156,722,94,722,3,right+B,0.0622808076441288,0.2729322910308838,0.1494765430688858,0.4457976222038269,0.06951262801885605,1.3568999767303467,0.0,627.0,218,2,343,0,0,0,200,200,0
290,1160,722,79,722,3,right+B,0.06223447248339653,0.27511849999427795,0.15306127071380615,0.4407024085521698,0.06888329237699509,1.3605453968048096,-1.0,626.0,219,2,342,0,0,0,200,200,0
291,1164,722,79,722,1,right,0.06242431700229645,0.275798499584198,0.15453749895095825,0.4386387765407562,0.0686008557677269,1.3622605800628662,0.0,626.0,220,2,342,0,0,0,200,200,0
292,1168,722,93,722,4,right+A+B,0.05963161960244179,0.2721502482891083,0.138091579079628,0.4673202633857727,0.06280633062124252,1.3250495195388794,0.0,626.0,221,2,342,0,0,0,200,200,0
293,1172,722,108,722,3,right+B,0.060645706951618195,0.2737477719783783,0.14182552695274353,0.4584909975528717,0.06529005616903305,1.3373422622680664,0.0,626.0,222,2,342,0,0,0,200,200,0
294,1176,722,112,722,3,right+B,0.059905700385570526,0.2725161910057068,0.13548630475997925,0.4688590168952942,0.06323273479938507,1.3234617710113525,0.0,626.0,223,2,342,0,0,0,200,200,0
295,1180,722,106,722,3,right+B,0.06147914007306099,0.27371975779533386,0.14603497087955475,0.4520728290081024,0.06669337302446365,1.3465605974197388,-1.0,625.0,224,2,341,0,0,0,200,200,0
296,1184,722,89,722,1,right,0.06126672774553299,0.27802351117134094,0.14869211614131927,0.44438526034355164,0.06763238459825516,1.3529651165008545,0.0,625.0,225,2,341,0,0,0,200,200,0
297,1188,722,79,722,4,right+A+B,0.06042904034256935,0.2742822468280792,0.1451926827430725,0.4552788734436035,0.0648171529173851,1.3401551246643066,0.0,625.0,226,2,341,0,0,0,200,200,0
298,1192,722,79,722,2,right+A,0.0603838786482811,0.27147722244262695,0.14427323639392853,0.4604324996471405,0.06343312561511993,1.3348325490951538,0.0,625.0,227,2,341,0,0,0,200,200,0
299,1196,722,79,722,3,right+B,0.06003744900226593,0.2722294330596924,0.1420295238494873,0.4636167883872986,0.06208674982190132,1.3292086124420166,0.0,625.0,228,2,341,0,0,0,200,200,0
300,1200,722,93,722,2,right+A,0.059893298894166946,0.2723447382450104,0.1419961154460907,0.46306174993515015,0.06270421296358109,1.3301736116409302,-1.0,624.0,229,2,340,0,0,0,200,200,0
301,1204,722,108,722,3,right+B,0.06184915080666542,0.2792086601257324,0.1516215205192566,0.4404127299785614,0.06690794974565506,1.3564627170562744,0.0,624.0,230,2,340,0,0,0,200,200,0
302,1208,722,112,722,4,right+A+B,0.059623826295137405,0.2738230526447296,0.13530504703521729,0.46853920817375183,0.06270880252122879,1.322309970855713,0.0,624.0,231,2,340,0,0,0,200,200,0
303,1212,722,106,722,1,right,0.06123774126172066,0.2735583186149597,0.14056037366390228,0.4583510458469391,0.06629253178834915,1.3388952016830444,0.0,624.0,232,2,340,0,0,0,200,200,0
304,1216,722,89,722,3,right+B,0.0598023422062397,0.2716703712940216,0.13826611638069153,0.46555718779563904,0.06470399349927902,1.3291305303573608,0.0,624.0,233,2,340,0,0,0,200,200,0
305,1220,722,79,722,1,right,0.058431584388017654,0.27028101682662964,0.13256984949111938,0.47669121623039246,0.062026239931583405,1.3130425214767456,-1.0,623.0,234,2,339,0,0,0,200,200,0
306,1224,722,93,722,4,right+A+B,0.056842442601919174,0.2653178870677948,0.12582576274871826,0.4925392270088196,0.05947462469339371,1.2925001382827759,0.0,623.0,235,2,339,0,0,0,200,200,0
307,1228,722,108,722,3,right+B,0.05745422840118408,0.2674839496612549,0.12994657456874847,0.48395249247550964,0.0611627995967865,1.304175853729248,0.0,623.0,236,2,339,0,0,0,200,200,0
308,1232,722,112,722,3,right+B,0.05790705978870392,0.26839733123779297,0.1287679523229599,0.4829844832420349,0.06194307655096054,1.305732011795044,0.0,623.0,237,2,339,0,0,0,200,200,0
309,1236,722,106,722,1,right,0.06020564213395119,0.2682946026325226,0.13708274066448212,0.4699447751045227,0.0644722431898117,1.3261973857879639,0.0,623.0,238,2,339,0,0,0,200,200,0
310,1240,722,89,722,2,right+A,0.06026540696620941,0.2706601321697235,0.1366860717535019,0.4688643217086792,0.06352414190769196,1.3252546787261963,-1.0,622.0,239,2,338,0,0,0,200,200,0
311,1244,722,79,722,3,right+B,0.05995770916342735,0.2693181037902832,0.13314862549304962,0.4759944975376129,0.0615810826420784,1.3155075311660767,0.0,622.0,240,2,338,0,0,0,200,200,0
312,1248,722,93,722,4,right+A+B,0.05864148214459419,0.263223797082901,0.12603923678398132,0.4927044212818146,0.059391044080257416,1.2951674461364746,0.0,622.0,241,2,338,0,0,0,200,200,0
313,1252,722,109,722,2,right+A,0.05987067148089409,0.2684951424598694,0.1333918571472168,0.4755801558494568,0.06266212463378906,1.3173677921295166,0.0,622.0,242,2,338,0,0,0,200,200,0
314,1256,722,121,722,1,right,0.05947460979223251,0.2673514783382416,0.13068297505378723,0.4796978235244751,0.06279308348894119,1.3126658201217651,0.0,622.0,243,2,338,0,0,0,200,200,0
315,1260,722,122,722,3,right+B,0.06146653741598129,0.2684229910373688,0.14298535883426666,0.4583960771560669,0.06872905790805817,1.3441689014434814,-1.0,621.0,244,2,337,0,0,0,200,200,0
316,1264,722,113,722,3,right+B,0.059452325105667114,0.2670707106590271,0.13355083763599396,0.47516998648643494,0.06475617736577988,1.3200929164886475,0.0,621.0,245,2,337,0,0,0,200,200,0
317,1268,722,94,722,3,right+B,0.05980124697089195,0.2640172243118286,0.13039109110832214,0.48162564635276794,0.06416472047567368,1.3137669563293457,0.0,621.0,246,2,337,0,0,0,200,200,0
318,1272,722,79,722,1,right,0.05839076265692711,0.2635901868343353,0.12685063481330872,0.4892207682132721,0.06194760277867317,1.3013086318969727,0.0,621.0,247,2,337,0,0,0,200,200,0
319,1276,722,79,722,0,NOOP,0.059531327337026596,0.26421070098876953,0.1300637274980545,0.4848029911518097,0.06139127165079117,1.3072296380996704,0.0,621.0,248,2,337,0,0,0,200,200,0
320,1280,722,79,722,3,right+B,0.05872619152069092,0.2621665894985199,0.12703296542167664,0.492514431476593,0.0595599040389061,1.2963906526565552,-1.0,620.0,249,2,336,0,0,0,200,200,0
321,1284,722,79,722,1,right,0.059395961463451385,0.26356950402259827,0.13005536794662476,0.48650509119033813,0.06047402694821358,1.3046393394470215,0.0,620.0,250,2,336,0,0,0,200,200,0
322,1288,722,93,722,4,right+A+B,0.060135286301374435,0.26466691493988037,0.13259874284267426,0.48167726397514343,0.06092177331447601,1.311098575592041,0.0,620.0,251,2,336,0,0,0,200,200,0
323,1292,722,108,722,3,right+B,0.06087002158164978,0.26762184500694275,0.1385367214679718,0.4695398807525635,0.06343162059783936,1.326888918876648,0.0,620.0,252,2,336,0,0,0,200,200,0
324,1296,722,112,722,2,right+A,0.060107674449682236,0.2675778567790985,0.1365623027086258,0.4733772277832031,0.062374990433454514,1.3207379579544067,0.0,620.0,253,2,336,0,0,0,200,200,0
325,1300,722,106,722,3,right+B,0.060774993151426315,0.2674587666988373,0.14063964784145355,0.4664789140224457,0.0646476224064827,1.331566333770752,-1.0,619.0,254,2,335,0,0,0,200,200,0
326,1304,722,89,722,3,right+B,0.05988391116261482,0.2672550678253174,0.13803371787071228,0.47119060158729553,0.06363678723573685,1.3244524002075195,0.0,619.0,255,2,335,0,0,0,200,200,0
327,1308,722,79,722,1,right,0.05839874595403671,0.2643427550792694,0.13192005455493927,0.4838799834251404,0.061458420008420944,1.3074908256530762,0.0,619.0,256,2,335,0,0,0,200,200,0
328,1312,722,79,722,3,right+B,0.05793415382504463,0.26228949427604675,0.1279020458459854,0.4917391836643219,0.060135141015052795,1.297164797782898,0.0,619.0,257,2,335,0,0,0,200,200,0
329,1316,722,79,722,1,right,0.05830713361501694,0.2636301815509796,0.1295231282711029,0.48884865641593933,0.05969081446528435,1.3000297546386719,0.0,619.0,258,2,335,0,0,0,200,200,0
330,1320,722,79,722,0,NOOP,0.058156248182058334,0.2631765902042389,0.1282859444618225,0.48976078629493713,0.060620516538619995,1.2997260093688965,-1.0,618.0,259,2,334,0,0,0,200,200,0
331,1324,722,79,722,1,right,0.05853169411420822,0.26360267400741577,0.13056327402591705,0.4861814081668854,0.061120979487895966,1.3048501014709473,0.0,618.0,260,2,334,0,0,0,200,200,0
332,1328,722,79,722,1,right,0.05892182141542435,0.26411184668540955,0.13064910471439362,0.4855879843235016,0.06072927266359329,1.305284857749939,0.0,618.0,261,2,334,0,0,0,200,200,0
333,1332,722,79,722,3,right+B,0.05892176181077957,0.26375430822372437,0.12999708950519562,0.48726749420166016,0.06005939841270447,1.3028100728988647,0.0,618.0,262,2,334,0,0,0,200,200,0
334,1336,722,93,722,2,right+A,0.059288930147886276,0.2649695873260498,0.13333715498447418,0.48139795660972595,0.06100635603070259,1.3106379508972168,0.0,618.0,263,2,334,0,0,0,200,200,0
335,1340,722,108,722,3,right+B,0.0604267381131649,0.26861321926116943,0.14044252038002014,0.4665769636631012,0.06394051015377045,1.329857349395752,-1.0,617.0,264,2,333,0,0,0,200,200,0
336,1344,722,112,722,4,right+A+B,0.059560712426900864,0.26725631952285767,0.13740631937980652,0.4731791019439697,0.0625976026058197,1.320920467376709,0.0,617.0,265,2,333,0,0,0,200,200,0
337,1348,722,106,722,2,right+A,0.06002751737833023,0.26664605736732483,0.14030419290065765,0.4684661626815796,0.06455612182617188,1.3289973735809326,0.0,617.0,266,2,333,0,0,0,200,200,0
338,1352,722,89,722,1,right,0.05949924886226654,0.2668398320674896,0.1377480924129486,0.4722660183906555,0.06364677101373672,1.3230894804000854,0.0,617.0,267,2,333,0,0,0,200,200,0
339,1356,722,79,722,3,right+B,0.058700889348983765,0.2651599943637848,0.1329834759235382,0.4813466966152191,0.06180889531970024,1.3107150793075562,0.0,617.0,268,2,333,0,0,0,200,200,0
340,1360,722,93,722,2,right+A,0.0580156110227108,0.2625109553337097,0.12818719446659088,0.4911459684371948,0.060140255838632584,1.2978721857070923,-1.0,616.0,269,2,332,0,0,0,200,200,0
341,1364,722,108,722,1,right,0.0588718056678772,0.2656640112400055,0.13411299884319305,0.4790472686290741,0.06230385974049568,1.313831090927124,0.0,616.0,270,2,332,0,0,0,200,200,0
342,1368,722,112,722,3,right+B,0.05859081819653511,0.26547250151634216,0.13180014491081238,0.4817401170730591,0.062396492809057236,1.31034517288208,0.0,616.0,271,2,332,0,0,0,200,200,0
343,1372,722,106,722,0,NOOP,0.059484679251909256,0.2647700607776642,0.13739636540412903,0.47422629594802856,0.06412259489297867,1.3223837614059448,0.0,616.0,272,2,332,0,0,0,200,200,0
344,1376,722,89,722,3,right+B,0.05950387567281723,0.2664557695388794,0.13703405857086182,0.4730827510356903,0.06392350792884827,1.3225512504577637,0.0,616.0,273,2,332,0,0,0,200,200,0
345,1380,722,79,722,3,right+B,0.05890367180109024,0.2651708126068115,0.13398586213588715,0.4796689450740814,0.06227070838212967,1.3133766651153564,-1.0,615.0,274,2,331,0,0,0,200,200,0
346,1384,722,79,722,3,right+B,0.05872702598571777,0.2634502351284027,0.13169202208518982,0.4854107201099396,0.060720015317201614,1.3058156967163086,0.0,615.0,275,2,331,0,0,0,200,200,0
347,1388,722,79,722,1,right,0.059758953750133514,0.2661309540271759,0.1357084959745407,0.47752419114112854,0.06087736040353775,1.3150522708892822,0.0,615.0,276,2,331,0,0,0,200,200,0
348,1392,722,93,722,4,right+A+B,0.05909905582666397,0.2648862600326538,0.13323743641376495,0.4818703830242157,0.06090680509805679,1.3098559379577637,0.0,615.0,277,2,331,0,0,0,200,200,0
349,1396,722,108,722,1,right,0.06037700176239014,0.2686712145805359,0.1399603933095932,0.4672849476337433,0.0637063980102539,1.3287420272827148,0.0,615.0,278,2,331,0,0,0,200,200,0
350,1400,722,112,722,3,right+B,0.06025000661611557,0.26805540919303894,0.13778364658355713,0.4706054627895355,0.06330558657646179,1.3246874809265137,-1.0,614.0,279,2,330,0,0,0,200,200,0
351,1404,722,106,722,2,right+A,0.06035207584500313,0.2659520208835602,0.1387949138879776,0.4705541431903839,0.06434689462184906,1.3270238637924194,0.0,614.0,280,2,330,0,0,0,200,200,0
352,1408,722,89,722,1,right,0.05974123254418373,0.26622551679611206,0.13605515658855438,0.47468140721321106,0.06329673528671265,1.3204337358474731,0.0,614.0,281,2,330,0,0,0,200,200,0
353,1412,722,79,722,3,right+B,0.05911784991621971,0.2645097076892853,0.13139089941978455,0.4831380546092987,0.06184355169534683,1.3092119693756104,0.0,614.0,282,2,330,0,0,0,200,200,0
354,1416,722,79,722,1,right,0.05806552991271019,0.26128169894218445,0.12607143819332123,0.4946761429309845,0.059905242174863815,1.2938398122787476,0.0,614.0,283,2,330,0,0,0,200,200,0
355,1420,722,79,722,3,right+B,0.05886893346905708,0.2636573016643524,0.128437340259552,0.48949307203292847,0.059543412178754807,1.29948091506958,-1.0,613.0,284,2,329,0,0,0,200,200,0
356,1424,722,93,722,2,right+A,0.059030912816524506,0.2639901340007782,0.12840506434440613,0.48764434456825256,0.06092953309416771,1.3028870820999146,0.0,613.0,285,2,329,0,0,0,200,200,0
357,1428,722,108,722,3,right+B,0.059662170708179474,0.2651938796043396,0.1336848884820938,0.4787002503871918,0.06275884807109833,1.315585732460022,0.0,613.0,286,2,329,0,0,0,200,200,0
358,1432,722,112,722,3,right+B,0.05976567417383194,0.2659534215927124,0.13429972529411316,0.477430522441864,0.0625506192445755,1.3166064023971558,0.0,613.0,287,2,329,0,0,0,200,200,0
359,1436,722,106,722,3,right+B,0.06055034324526787,0.26545873284339905,0.1389152556657791,0.47006842494010925,0.06500730663537979,1.3286058902740479,0.0,613.0,288,2,329,0,0,0,200,200,0
360,1440,722,89,722,2,right+A,0.06004643067717552,0.26754456758499146,0.13800682127475739,0.4702775180339813,0.064124695956707,1.325892448425293,-1.0,612.0,289,2,328,0,0,0,200,200,0
361,1444,722,79,722,3,right+B,0.05909426882863045,0.2661867141723633,0.13178586959838867,0.48098039627075195,0.06195276975631714,1.3109005689620972,0.0,612.0,290,2,328,0,0,0,200,200,0
362,1448,722,79,722,0,NOOP,0.05849365517497063,0.2637319564819336,0.1263064593076706,0.49108967185020447,0.060378219932317734,1.2976126670837402,0.0,612.0,291,2,328,0,0,0,200,200,0
363,1452,722,79,722,3,right+B,0.05903901532292366,0.2655675709247589,0.128151997923851,0.4860156178474426,0.06122589483857155,1.3041424751281738,0.0,612.0,292,2,328,0,0,0,200,200,0
364,1456,722,93,722,4,right+A+B,0.058478180319070816,0.2645942270755768,0.12475519627332687,0.49183234572410583,0.06034001708030701,1.2959175109863281,0.0,612.0,293,2,328,0,0,0,200,200,0
365,1460,722,108,722,3,right+B,0.0588684044778347,0.26799383759498596,0.12737536430358887,0.48496297001838684,0.060799386352300644,1.3033138513565063,-1.0,611.0,294,2,327,0,0,0,200,200,0
366,1464,722,112,722,3,right+B,0.058238644152879715,0.26739370822906494,0.12752123177051544,0.48591673374176025,0.06092974171042442,1.3020906448364258,0.0,611.0,295,2,327,0,0,0,200,200,0
367,1468,722,106,722,3,right+B,0.0594731904566288,0.2671002447605133,0.13041087985038757,0.4803045988082886,0.06271107494831085,1.3119946718215942,0.0,611.0,296,2,327,0,0,0,200,200,0
368,1472,722,89,722,4,right+A+B,0.0600038580596447,0.2697564661502838,0.133628249168396,0.4729904234409332,0.06362102180719376,1.3205914497375488,0.0,611.0,297,2,327,0,0,0,200,200,0
369,1476,722,79,722,2,right+A,0.0591089203953743,0.26690593361854553,0.1310342252254486,0.4810221195220947,0.06192878633737564,1.3103315830230713,0.0,611.0,298,2,327,0,0,0,200,200,0
370,1480,722,79,722,2,right+A,0.05909108743071556,0.2679225206375122,0.13043822348117828,0.48239457607269287,0.06015366315841675,1.3064478635787964,-1.0,610.0,299,2,326,0,0,0,200,200,0
371,1484,722,79,722,3,right+B,0.059358254075050354,0.27078551054000854,0.13318264484405518,0.4770672917366028,0.05960637703537941,1.3110660314559937,0.0,610.0,300,2,326,0,0,0,200,200,0
372,1488,722,79,722,3,right+B,0.05845260247588158,0.2685098648071289,0.1297360360622406,0.4826717972755432,0.06062981113791466,1.3055177927017212,0.0,610.0,301,2,326,0,0,0,200,200,0
373,1492,722,79,722,1,right,0.05934920534491539,0.27215510606765747,0.13251756131649017,0.474165141582489,0.06181298568844795,1.3155094385147095,0.0,610.0,302,2,326,0,0,0,200,200,0
374,1496,722,93,722,4,right+A+B,0.05981351062655449,0.2710302472114563,0.13482771813869476,0.4722752571105957,0.062053367495536804,1.31925630569458,0.0,610.0,303,2,326,0,0,0,200,200,0
375,1500,722,108,722,3,right+B,0.05981086194515228,0.2738407552242279,0.13823314011096954,0.46485933661460876,0.06325586885213852,1.327393651008606,-1.0,609.0,304,2,325,0,0,0,200,200,0
376,1504,722,112,722,3,right+B,0.06031469628214836,0.27621009945869446,0.14060671627521515,0.4580835700035095,0.06478489190340042,1.3355084657669067,0.0,609.0,305,2,325,0,0,0,200,200,0
377,1508,722,106,722,3,right+B,0.06223084032535553,0.27462083101272583,0.14863009750843048,0.44615527987480164,0.06836295872926712,1.3545511960983276,0.0,609.0,306,2,325,0,0,0,200,200,0
378,1512,722,89,722,2,right+A,0.06151523441076279,0.2767104208469391,0.14357195794582367,0.4513392746448517,0.06686312705278397,1.3456364870071411,0.0,609.0,307,2,325,0,0,0,200,200,0
379,1516,722,79,722,3,right+B,0.05996023863554001,0.27313804626464844,0.13711243867874146,0.4671839773654938,0.06260532140731812,1.3246564865112305,0.0,609.0,308,2,325,0,0,0,200,200,0
380,1520,722,79,722,3,right+B,0.060127243399620056,0.27073970437049866,0.13799938559532166,0.4685651659965515,0.06256848573684692,1.3247097730636597,-1.0,608.0,309,2,324,0,0,0,200,200,0
381,1524,722,79,722,3,right+B,0.05952661111950874,0.27145999670028687,0.13845403492450714,0.46965107321739197,0.0609082393348217,1.3210564851760864,0.0,608.0,310,2,324,0,0,0,200,200,0
382,1528,722,79,722,1,right,0.059956926852464676,0.2715006172657013,0.13976553082466125,0.4660490155220032,0.06272787600755692,1.3272377252578735,0.0,608.0,311,2,324,0,0,0,200,200,0
383,1532,722,79,722,3,right+B,0.061949051916599274,0.27545419335365295,0.14741840958595276,0.44914305210113525,0.06603526324033737,1.3486453294754028,0.0,608.0,312,2,324,0,0,0,200,200,0
384,1536,722,93,722,2,right+A,0.060847364366054535,0.27431827783584595,0.14511139690876007,0.4564804136753082,0.06324249505996704,1.3378331661224365,0.0,608.0,313,2,324,0,0,0,200,200,0
385,1540,722,108,722,3,right+B,0.06174119934439659,0.2747763991355896,0.1528712511062622,0.4437820613384247,0.066829152405262,1.3553614616394043,-1.0,607.0,314,2,323,0,0,0,200,200,0
386,1544,722,112,722,3,right+B,0.06280147284269333,0.2776835262775421,0.15906910598278046,0.4304701089859009,0.06997580081224442,1.370985984802246,0.0,607.0,315,2,323,0,0,0,200,200,0
387,1548,722,106,722,2,right+A,0.061149824410676956,0.27098479866981506,0.15217643976211548,0.44760140776634216,0.06808760017156601,1.3539605140686035,0.0,607.0,316,2,323,0,0,0,200,200,0
388,1552,722,89,722,3,right+B,0.06228557974100113,0.2757055461406708,0.15472814440727234,0.43760591745376587,0.06967483460903168,1.364128828048706,0.0,607.0,317,2,323,0,0,0,200,200,0
389,1556,722,79,722,1,right,0.06272677332162857,0.2762953042984009,0.1567886471748352,0.4348958134651184,0.06929340213537216,1.3666775226593018,0.0,607.0,318,2,323,0,0,0,200,200,0
390,1560,722,79,722,3,right+B,0.06108629330992699,0.2730865180492401,0.14917270839214325,0.4499000608921051,0.06675446778535843,1.3490806818008423,-1.0,606.0,319,2,322,0,0,0,200,200,0
391,1564,722,79,722,3,right+B,0.059966791421175,0.2729604244232178,0.14153671264648438,0.46302831172943115,0.06250771880149841,1.329713225364685,0.0,606.0,320,2,322,0,0,0,200,200,0
392,1568,722,79,722,0,NOOP,0.06093800812959671,0.27143681049346924,0.13769297301769257,0.466310054063797,0.06362223625183105,1.328482985496521,0.0,606.0,321,2,322,0,0,0,200,200,0
393,1572,722,79,722,1,right,0.06022152304649353,0.27038025856018066,0.13721038401126862,0.4698745310306549,0.0623132660984993,1.3232228755950928,0.0,606.0,322,2,322,0,0,0,200,200,0
394,1576,722,79,722,1,right,0.06068941950798035,0.272892564535141,0.1391676664352417,0.4651849567890167,0.06206534057855606,1.3274297714233398,0.0,606.0,323,2,322,0,0,0,200,200,0
395,1580,722,79,722,3,right+B,0.06039609760046005,0.2746601104736328,0.14116205275058746,0.46136802434921265,0.062413714826107025,1.3308461904525757,-1.0,605.0,324,2,321,0,0,0,200,200,0
396,1584,722,79,722,1,right,0.05984934791922569,0.2720524072647095,0.14192253351211548,0.46425315737724304,0.06192248687148094,1.3282718658447266,0.0,605.0,325,2,321,0,0,0,200,200,0
397,1588,722,79,722,1,right,0.060629867017269135,0.2734281122684479,0.14367179572582245,0.45935767889022827,0.0629124864935875,1.334620714187622,0.0,605.0,326,2,321,0,0,0,200,200,0
398,1592,722,79,722,0,NOOP,0.060541000217199326,0.27252835035324097,0.14289547502994537,0.4609082341194153,0.06312693655490875,1.3334912061691284,0.0,605.0,327,2,321,0,0,0,200,200,0
399,1596,722,79,722,3,right+B,0.060372840613126755,0.27296990156173706,0.14129038155078888,0.4625576138496399,0.06280918419361115,1.330857276916504,0.0,605.0,328,2,321,0,0,0,200,200,0
400,1600,722,79,722,3,right+B,0.06097123771905899,0.2752716839313507,0.14130881428718567,0.45916491746902466,0.06328334659337997,1.3342316150665283,-1.0,604.0,329,2,320,0,0,0,200,200,0
401,1604,722,79,722,1,right,0.05994518846273422,0.272164911031723,0.13128244876861572,0.47617098689079285,0.06043648719787598,1.3123459815979004,0.0,604.0,330,2,320,0,0,0,200,200,0
402,1608,722,79,722,3,right+B,0.060011789202690125,0.2715166211128235,0.13176840543746948,0.4748659133911133,0.061837248504161835,1.3156191110610962,0.0,604.0,331,2,320,0,0,0,200,200,0
403,1612,722,79,722,1,right,0.05904282629489899,0.2688509523868561,0.1329829841852188,0.4780588150024414,0.06106441095471382,1.312064290046692,0.0,604.0,332,2,320,0,0,0,200,200,0
404,1616,722,79,722,1,right,0.05933801457285881,0.2703164517879486,0.13268502056598663,0.4770486056804657,0.060611847788095474,1.3122048377990723,0.0,604.0,333,2,320,0,0,0,200,200,0
405,1620,722,79,722,1,right,0.05892018601298332,0.2701643109321594,0.13137520849704742,0.4786170423030853,0.060923319309949875,1.3102025985717773,-1.0,603.0,334,2,319,0,0,0,200,200,0
406,1624,722,79,722,3,right+B,0.058824360370635986,0.26933977007865906,0.1319059580564499,0.4793276786804199,0.06060228496789932,1.3095507621765137,0.0,603.0,335,2,319,0,0,0,200,200,0
407,1628,722,79,722,1,right,0.05866747722029686,0.2669907212257385,0.1303994208574295,0.4829854965209961,0.060956910252571106,1.3066232204437256,0.0,603.0,336,2,319,0,0,0,200,200,0
408,1632,722,79,722,3,right+B,0.059261128306388855,0.26834622025489807,0.13139261305332184,0.48070335388183594,0.060296736657619476,1.3085932731628418,0.0,603.0,337,2,319,0,0,0,200,200,0
409,1636,722,93,722,4,right+A+B,0.060038648545742035,0.2701895534992218,0.13161584734916687,0.47733330726623535,0.06082265451550484,1.3126507997512817,0.0,603.0,338,2,319,0,0,0,200,200,0
410,1640,722,108,722,3,right+B,0.06033826246857643,0.2701488435268402,0.13372278213500977,0.4733484983444214,0.06244166940450668,1.3192434310913086,-1.0,602.0,339,2,318,0,0,0,200,200,0
411,1644,722,112,722,3,right+B,0.059462543576955795,0.26652514934539795,0.12945248186588287,0.48303788900375366,0.0615219883620739,1.3079410791397095,0.0,602.0,340,2,318,0,0,0,200,200,0
412,1648,722,106,722,2,right+A,0.060305967926979065,0.26552650332450867,0.13408580422401428,0.4756564199924469,0.06442531198263168,1.320984125137329,0.0,602.0,341,2,318,0,0,0,200,200,0
413,1652,722,89,722,3,right+B,0.0604039765894413,0.26779651641845703,0.1337861865758896,0.47394347190856934,0.06406982243061066,1.3214056491851807,0.0,602.0,342,2,318,0,0,0,200,200,0
414,1656,722,79,722,3,right+B,0.0599861703813076,0.2673284113407135,0.1329687088727951,0.47648051381111145,0.06323623657226562,1.317559003829956,0.0,602.0,343,2,318,0,0,0,200,200,0
415,1660,722,93,722,4,right+A+B,0.05798286944627762,0.26181286573410034,0.12600357830524445,0.4935283660888672,0.06067229434847832,1.2955213785171509,-1.0,601.0,344,2,317,0,0,0,200,200,0
416,1664,722,108,722,3,right+B,0.060009755194187164,0.2674092948436737,0.13415762782096863,0.47508037090301514,0.06334301829338074,1.3193801641464233,0.0,601.0,345,2,317,0,0,0,200,200,0
417,1668,722,112,722,2,right+A,0.05974580720067024,0.26665616035461426,0.13273119926452637,0.47743481397628784,0.06343208253383636,1.316762089729309,0.0,601.0,346,2,317,0,0,0,200,200,0
418,1672,722,106,722,1,right,0.060967784374952316,0.26634734869003296,0.14166292548179626,0.4660911560058594,0.06493085622787476,1.3331204652786255,0.0,601.0,347,2,317,0,0,0,200,200,0
419,1676,722,89,722,1,right,0.06098880618810654,0.26763227581977844,0.14036598801612854,0.46706897020339966,0.06394396722316742,1.3303751945495605,0.0,601.0,348,2,317,0,0,0,200,200,0
420,1680,722,79,722,3,right+B,0.059901852160692215,0.26557061076164246,0.13570347428321838,0.47688254714012146,0.06194145977497101,1.3171966075897217,-1.0,600.0,349,2,316,0,0,0,200,200,0
421,1684,722,79,722,1,right,0.05914764106273651,0.26362285017967224,0.131056010723114,0.4853469133377075,0.06082659214735031,1.3061981201171875,0.0,600.0,350,2,316,0,0,0,200,200,0
422,1688,722,79,722,3,right+B,0.05956897884607315,0.2648833692073822,0.13227172195911407,0.48277825117111206,0.06049761921167374,1.3087451457977295,0.0,600.0,351,2,316,0,0,0,200,200,0
423,1692,722,93,722,2,right+A,0.059364400804042816,0.26508158445358276,0.13024169206619263,0.48439812660217285,0.060914214700460434,1.306652545928955,0.0,600.0,352,2,316,0,0,0,200,200,0
424,1696,722,108,722,1,right,0.06045771390199661,0.26850128173828125,0.13678008317947388,0.47082921862602234,0.06343162804841995,1.3243807554244995,0.0,600.0,353,2,316,0,0,0,200,200,0
425,1700,722,112,722,3,right+B,0.05973242223262787,0.2669433653354645,0.13495150208473206,0.4756549000740051,0.06271780282258987,1.318276047706604,-1.0,599.0,354,2,315,0,0,0,200,200,0
426,1704,722,106,722,1,right,0.060071274638175964,0.26539137959480286,0.1383320689201355,0.4717859923839569,0.06441932171583176,1.325702428817749,0.0,599.0,355,2,315,0,0,0,200,200,0
427,1708,722,89,722,3,right+B,0.05958147346973419,0.26621749997138977,0.13676609098911285,0.4737657308578491,0.06366922706365585,1.321732759475708,0.0,599.0,356,2,315,0,0,0,200,200,0
428,1712,722,79,722,3,right+B,0.05921269953250885,0.2659475803375244,0.13432331383228302,0.47809597849845886,0.062420472502708435,1.315216302871704,0.0,599.0,357,2,315,0,0,0,200,200,0
429,1716,722,79,722,0,NOOP,0.05854853242635727,0.2630740702152252,0.1302957683801651,0.48746076226234436,0.06062079221010208,1.303168535232544,0.0,599.0,358,2,315,0,0,0,200,200,0
430,1720,722,79,722,3,right+B,0.05960225686430931,0.2661919593811035,0.13610661029815674,0.4763910472393036,0.06170813739299774,1.3169666528701782,-1.0,598.0,359,2,314,0,0,0,200,200,0
431,1724,722,93,722,2,right+A,0.05958065390586853,0.26603931188583374,0.1341859996318817,0.4785187542438507,0.06167532876133919,1.3143413066864014,0.0,598.0,360,2,314,0,0,0,200,200,0
432,1728,722,109,722,4,right+A+B,0.060007933527231216,0.26738137006759644,0.1372567117214203,0.4729512631893158,0.062402721494436264,1.321337342262268,0.0,598.0,361,2,314,0,0,0,200,200,0
433,1732,722,121,722,3,right+B,0.05999326705932617,0.26883843541145325,0.13800844550132751,0.4698309898376465,0.06332883983850479,1.324920654296875,0.0,598.0,362,2,314,0,0,0,200,200,0
434,1736,722,122,722,4,right+A+B,0.06133846193552017,0.26849955320358276,0.1473294496536255,0.45431020855903625,0.06852234899997711,1.3485372066497803,0.0,598.0,363,2,314,0,0,0,200,200,0
435,1740,722,113,722,3,right+B,0.0595020055770874,0.2671038806438446,0.1368855983018875,0.4723218083381653,0.06418678909540176,1.3232606649398804,-1.0,597.0,364,2,313,0,0,0,200,200,0
436,1744,722,94,722,3,right+B,0.060310035943984985,0.2651215195655823,0.13518832623958588,0.4745136499404907,0.06486649811267853,1.3230268955230713,0.0,597.0,365,2,313,0,0,0,200,200,0
437,1748,722,79,722,1,right,0.05849159136414528,0.26478999853134155,0.13003012537956238,0.48483628034591675,0.06185209006071091,1.3062973022460938,0.0,597.0,366,2,313,0,0,0,200,200,0
438,1752,722,93,722,2,right+A,0.05923386663198471,0.2643626928329468,0.13050739467144012,0.4849657714366913,0.060930315405130386,1.3063260316848755,0.0,597.0,367,2,313,0,0,0,200,200,0
439,1756,722,108,722,3,right+B,0.05896897241473198,0.2648329734802246,0.13200387358665466,0.4818871021270752,0.06230699643492699,1.3108394145965576,0.0,597.0,368,2,313,0,0,0,200,200,0
440,1760,722,112,722,1,right,0.059918951243162155,0.2679796516895294,0.13754615187644958,0.4704422354698181,0.06411302089691162,1.3252861499786377,-1.0,596.0,369,2,312,0,0,0,200,200,0
441,1764,722,106,722,2,right+A,0.06043147295713425,0.26647821068763733,0.14067769050598145,0.4673410952091217,0.06507153809070587,1.331199288368225,0.0,596.0,370,2,312,0,0,0,200,200,0
442,1768,722,89,722,3,right+B,0.060283392667770386,0.26761874556541443,0.14069458842277527,0.46716421842575073,0.06423899531364441,1.329908013343811,0.0,596.0,371,2,312,0,0,0,200,200,0
443,1772,722,79,722,1,right,0.05985940620303154,0.2670753002166748,0.1379091441631317,0.4723171591758728,0.06283891201019287,1.3225430250167847,0.0,596.0,372,2,312,0,0,0,200,200,0
444,1776,722,79,722,3,right+B,0.058490220457315445,0.26334652304649353,0.13125799596309662,0.4868127405643463,0.060092613101005554,1.3033753633499146,0.0,596.0,373,2,312,0,0,0,200,200,0
445,1780,722,79,722,3,right+B,0.05927683040499687,0.26615703105926514,0.13362166285514832,0.48047491908073425,0.060469575226306915,1.310571551322937,-1.0,595.0,374,2,311,0,0,0,200,200,0
446,1784,722,79,722,1,right,0.05906320735812187,0.2652498781681061,0.13194580376148224,0.4824077785015106,0.06133343279361725,1.3092122077941895,0.0,595.0,375,2,311,0,0,0,200,200,0
447,1788,722,79,722,3,right+B,0.05934734642505646,0.2649295926094055,0.13258469104766846,0.48210301995277405,0.06103525310754776,1.309827208518982,0.0,595.0,376,2,311,0,0,0,200,200,0
448,1792,722,79,722,3,right+B,0.05958873778581619,0.2647600471973419,0.13198637962341309,0.4828009307384491,0.06086394563317299,1.3091022968292236,0.0,595.0,377,2,311,0,0,0,200,200,0
449,1796,722,79,722,1,right,0.05969541147351265,0.2652437686920166,0.13304702937602997,0.48068341612815857,0.06133048236370087,1.3119468688964844,0.0,595.0,378,2,311,0,0,0,200,200,0
450,1800,722,79,722,3,right+B,0.059961818158626556,0.26570019125938416,0.1329817920923233,0.47974520921707153,0.061610959470272064,1.3132648468017578,-1.0,594.0,379,2,310,0,0,0,200,200,0
451,1804,722,79,722,3,right+B,0.05921962112188339,0.2636341154575348,0.13010866940021515,0.48669755458831787,0.06033998355269432,1.3040982484817505,0.0,594.0,380,2,310,0,0,0,200,200,0
452,1808,722,79,722,1,right,0.05975837633013725,0.2641265094280243,0.1304251104593277,0.48488515615463257,0.060804884880781174,1.3069145679473877,0.0,594.0,381,2,310,0,0,0,200,200,0
453,1812,722,79,722,3,right+B,0.06019023060798645,0.26556697487831116,0.13323476910591125,0.479108989238739,0.061899129301309586,1.314575433731079,0.0,594.0,382,2,310,0,0,0,200,200,0
454,1816,722,93,722,2,right+A,0.06006548926234245,0.26553240418434143,0.13291679322719574,0.480290949344635,0.061194345355033875,1.3124408721923828,0.0,594.0,383,2,310,0,0,0,200,200,0
455,1820,722,108,722,3,right+B,0.06085507571697235,0.2680201232433319,0.13803938031196594,0.4699012339115143,0.06318419426679611,1.3259779214859009,-1.0,593.0,384,2,309,0,0,0,200,200,0
456,1824,722,112,722,3,right+B,0.060046400874853134,0.2668149471282959,0.13564689457416534,0.47506409883499146,0.06242768466472626,1.3191378116607666,0.0,593.0,385,2,309,0,0,0,200,200,0
457,1828,722,106,722,1,right,0.060413990169763565,0.26614731550216675,0.13872094452381134,0.47029492259025574,0.0644228532910347,1.327323079109192,0.0,593.0,386,2,309,0,0,0,200,200,0
458,1832,722,89,722,4,right+A+B,0.05988655611872673,0.26576173305511475,0.13533782958984375,0.47485730051994324,0.06415659189224243,1.3212947845458984,0.0,593.0,387,2,309,0,0,0,200,200,0
459,1836,722,79,722,3,right+B,0.05942576378583908,0.26642054319381714,0.13165584206581116,0.4801335334777832,0.06236429139971733,1.3124055862426758,0.0,593.0,388,2,309,0,0,0,200,200,0
460,1840,722,79,722,3,right+B,0.05877581238746643,0.2638287842273712,0.1270141303539276,0.4895118474960327,0.06086933612823486,1.3002562522888184,-1.0,592.0,389,2,308,0,0,0,200,200,0
461,1844,722,79,722,3,right+B,0.05904114618897438,0.2643197178840637,0.12714369595050812,0.4891330301761627,0.06036246567964554,1.300236701965332,0.0,592.0,390,2,308,0,0,0,200,200,0
462,1848,722,79,722,0,NOOP,0.059027720242738724,0.26488196849823,0.12636108696460724,0.48820170760154724,0.061527542769908905,1.3019225597381592,0.0,592.0,391,2,308,0,0,0,200,200,0
463,1852,722,79,722,3,right+B,0.05890536680817604,0.26438024640083313,0.12727217376232147,0.4882265031337738,0.061215683817863464,1.3019381761550903,0.0,592.0,392,2,308,0,0,0,200,200,0
464,1856,722,79,722,1,right,0.059234365820884705,0.26705506443977356,0.1271992027759552,0.4865562915802002,0.059955157339572906,1.301528811454773,0.0,592.0,393,2,308,0,0,0,200,200,0
465,1860,722,79,722,1,right,0.05896858870983124,0.2659754455089569,0.12581273913383484,0.4900384247303009,0.0592048354446888,1.296863079071045,-1.0,591.0,394,2,307,0,0,0,200,200,0
466,1864,722,79,722,3,right+B,0.05928331986069679,0.2674085795879364,0.12868410348892212,0.4847849905490875,0.05983900651335716,1.303580641746521,0.0,591.0,395,2,307,0,0,0,200,200,0
467,1868,722,79,722,1,right,0.060376543551683426,0.26978564262390137,0.13186119496822357,0.4764660596847534,0.06151055172085762,1.3148488998413086,0.0,591.0,396,2,307,0,0,0,200,200,0
468,1872,722,79,722,3,right+B,0.05951089784502983,0.2674749493598938,0.13189612329006195,0.4800301194190979,0.06108792498707771,1.3108949661254883,0.0,591.0,397,2,307,0,0,0,200,200,0
469,1876,722,79,722,3,right+B,0.05920455977320671,0.26924630999565125,0.13251808285713196,0.4783458709716797,0.06068522110581398,1.3112521171569824,0.0,591.0,398,2,307,0,0,0,200,200,0
470,1880,722,79,722,3,right+B,0.05909371003508568,0.2695975601673126,0.13076867163181305,0.48014816641807556,0.060391899198293686,1.3083553314208984,-1.0,590.0,399,2,306,0,0,0,200,200,0
471,1884,722,79,722,3,right+B,0.05916035175323486,0.26907792687416077,0.1316235363483429,0.4785287082195282,0.06160944327712059,1.3118129968643188,0.0,590.0,400,2,306,0,0,0,200,200,0
472,1888,722,93,722,2,right+A,0.059518713504076004,0.2717446982860565,0.13220633566379547,0.4743656516075134,0.06216464564204216,1.3159515857696533,0.0,590.0,401,2,306,0,0,0,200,200,0
473,1892,722,108,722,1,right,0.05912656709551811,0.273885041475296,0.13416822254657745,0.4708383083343506,0.06198187172412872,1.318427324295044,0.0,590.0,402,2,306,0,0,0,200,200,0
474,1896,722,112,722,1,right,0.05924040451645851,0.2727421224117279,0.13679204881191254,0.4686976969242096,0.06252771615982056,1.3224098682403564,0.0,590.0,403,2,306,0,0,0,200,200,0
475,1900,722,106,722,3,right+B,0.060973141342401505,0.2737489640712738,0.1470794379711151,0.4514423608779907,0.06675617396831512,1.3468596935272217,-1.0,589.0,404,2,305,0,0,0,200,200,0
476,1904,722,89,722,3,right+B,0.0623956173658371,0.27820855379104614,0.14839784801006317,0.4434460699558258,0.06755198538303375,1.354803442955017,0.0,589.0,405,2,305,0,0,0,200,200,0
477,1908,722,79,722,1,right,0.06154957041144371,0.27582937479019165,0.14197610318660736,0.4554896950721741,0.06515518575906754,1.3401331901550293,0.0,589.0,406,2,305,0,0,0,200,200,0
478,1912,722,79,722,3,right+B,0.05963500961661339,0.27168744802474976,0.13616901636123657,0.47113221883773804,0.06137632578611374,1.3195468187332153,0.0,589.0,407,2,305,0,0,0,200,200,0
479,1916,722,79,722,3,right+B,0.06169356033205986,0.27558624744415283,0.1460077166557312,0.45387977361679077,0.06283266842365265,1.340381145477295,0.0,589.0,408,2,305,0,0,0,200,200,0
480,1920,722,79,722,3,right+B,0.059396445751190186,0.26963192224502563,0.13985475897789001,0.4687933027744293,0.06232358515262604,1.324357032775879,-1.0,588.0,409,2,304,0,0,0,200,200,0
481,1924,722,79,722,1,right,0.06012517958879471,0.2732054889202118,0.14177188277244568,0.461701899766922,0.06319566071033478,1.3318166732788086,0.0,588.0,410,2,304,0,0,0,200,200,0
482,1928,722,79,722,3,right+B,0.06151636689901352,0.2746797800064087,0.14337176084518433,0.45546653866767883,0.06496550142765045,1.3407388925552368,0.0,588.0,411,2,304,0,0,0,200,200,0
483,1932,722,79,722,3,right+B,0.06175540015101433,0.274251788854599,0.1511373072862625,0.44590067863464355,0.06695482134819031,1.3535125255584717,0.0,588.0,412,2,304,0,0,0,200,200,0
484,1936,722,93,722,2,right+A,0.06154773011803627,0.27358531951904297,0.14937715232372284,0.449070006608963,0.06641978770494461,1.3498343229293823,0.0,588.0,413,2,304,0,0,0,200,200,0
485,1940,722,109,722,2,right+A,0.06269768625497818,0.2755858600139618,0.15759235620498657,0.43449878692626953,0.0696253702044487,1.367725133895874,-1.0,587.0,414,2,303,0,0,0,200,200,0
486,1944,722,122,722,2,right+A,0.061477627605199814,0.2737143039703369,0.14713391661643982,0.45047450065612793,0.06719962507486343,1.348756194114685,0.0,587.0,415,2,303,0,0,0,200,200,0
487,1948,722,130,722,3,right+B,0.06265071779489517,0.27389657497406006,0.15370842814445496,0.4383541941642761,0.07139011472463608,1.3660646677017212,0.0,587.0,416,2,303,0,0,0,200,200,0
488,1952,722,129,722,1,right,0.062405481934547424,0.2768417000770569,0.16035187244415283,0.4293343722820282,0.07106660306453705,1.3730956315994263,0.0,587.0,417,2,303,0,0,0,200,200,0
489,1956,722,117,722,2,right+A,0.06257478147745132,0.2764200270175934,0.16497115790843964,0.42195314168930054,0.07408089935779572,1.3830147981643677,0.0,587.0,418,2,303,0,0,0,200,200,0
490,1960,722,97,722,3,right+B,0.06147460639476776,0.2733074128627777,0.1535809189081192,0.4419635534286499,0.0696735605597496,1.3602032661437988,-1.0,586.0,419,2,302,0,0,0,200,200,0
491,1964,722,79,722,1,right,0.06209954991936684,0.2747252881526947,0.15232111513614655,0.44149091839790344,0.06936322897672653,1.3601995706558228,0.0,586.0,420,2,302,0,0,0,200,200,0
492,1968,722,79,722,3,right+B,0.06032029911875725,0.269631564617157,0.13964617252349854,0.4677685797214508,0.0626334622502327,1.3266292810440063,0.0,586.0,421,2,302,0,0,0,200,200,0
493,1972,722,79,722,1,right,0.06095041334629059,0.27362340688705444,0.13919182121753693,0.4640880227088928,0.062146373093128204,1.328540563583374,0.0,586.0,422,2,302,0,0,0,200,200,0
494,1976,722,93,722,2,right+A,0.060393642634153366,0.27497801184654236,0.13958479464054108,0.46097514033317566,0.06406834721565247,1.3324171304702759,0.0,586.0,423,2,302,0,0,0,200,200,0
495,1980,722,108,722,3,right+B,0.059979669749736786,0.2743074297904968,0.14458408951759338,0.4564473330974579,0.06468146294355392,1.338295578956604,-1.0,585.0,424,2,301,0,0,0,200,200,0
496,1984,722,112,722,2,right+A,0.06038433685898781,0.273464173078537,0.14368189871311188,0.4574088752269745,0.06506074965000153,1.3383839130401611,0.0,585.0,425,2,301,0,0,0,200,200,0
497,1988,722,106,722,0,NOOP,0.061250168830156326,0.27310940623283386,0.14752450585365295,0.4516346752643585,0.0664813220500946,1.3470654487609863,0.0,585.0,426,2,301,0,0,0,200,200,0
498,1992,722,89,722,3,right+B,0.061323463916778564,0.2745666801929474,0.14968393743038177,0.44785571098327637,0.06657018512487411,1.3504955768585205,0.0,585.0,427,2,301,0,0,0,200,200,0
499,1996,722,79,722,3,right+B,0.06045175716280937,0.27545902132987976,0.14383408427238464,0.45637246966362,0.06388262659311295,1.3374059200286865,0.0,585.0,428,2,301,0,0,0,200,200,0
500,2000,722,79,722,3,right+B,0.06040232628583908,0.27287209033966064,0.13584083318710327,0.46830061078071594,0.06258415430784225,1.3238109350204468,-1.0,584.0,429,2,300,0,0,0,200,200,0
501,2004,722,79,722,3,right+B,0.06065757945179939,0.27304503321647644,0.13606561720371246,0.46860140562057495,0.06163036823272705,1.3227777481079102,0.0,584.0,430,2,300,0,0,0,200,200,0
502,2008,722,79,722,1,right,0.05962643772363663,0.2702030837535858,0.13581371307373047,0.47246912121772766,0.061887580901384354,1.319304347038269,0.0,584.0,431,2,300,0,0,0,200,200,0
503,2012,722,79,722,3,right+B,0.06018834933638573,0.2715812623500824,0.13880623877048492,0.4675534963607788,0.06187066435813904,1.3248695135116577,0.0,584.0,432,2,300,0,0,0,200,200,0
504,2016,722,79,722,3,right+B,0.05817268788814545,0.2679192125797272,0.1295149177312851,0.4854571223258972,0.05893605947494507,1.3007426261901855,0.0,584.0,433,2,300,0,0,0,200,200,0
505,2020,722,79,722,3,right+B,0.05879586935043335,0.27066272497177124,0.13165885210037231,0.4785938858985901,0.06028858199715614,1.3092812299728394,-1.0,583.0,434,2,299,0,0,0,200,200,0
506,2024,722,93,722,4,right+A+B,0.05884608253836632,0.2684347629547119,0.13150902092456818,0.4795757830142975,0.061634358018636703,1.3106861114501953,0.0,583.0,435,2,299,0,0,0,200,200,0
507,2028,722,108,722,3,right+B,0.05870893970131874,0.2683578133583069,0.1323181390762329,0.4776206314563751,0.06299444288015366,1.3141694068908691,0.0,583.0,436,2,299,0,0,0,200,200,0
508,2032,722,112,722,1,right,0.05908491089940071,0.2694922089576721,0.13127835094928741,0.4774208068847656,0.06272370368242264,1.3137199878692627,0.0,583.0,437,2,299,0,0,0,200,200,0
509,2036,722,106,722,3,right+B,0.06009161099791527,0.2672334611415863,0.13385549187660217,0.47445160150527954,0.0643678605556488,1.321122407913208,0.0,583.0,438,2,299,0,0,0,200,200,0
510,2040,722,89,722,3,right+B,0.0590527281165123,0.2654183506965637,0.13065661489963531,0.4817248284816742,0.0631473958492279,1.3113272190093994,-1.0,582.0,439,2,298,0,0,0,200,200,0
511,2044,722,79,722,3,right+B,0.05889217182993889,0.26503786444664,0.12840057909488678,0.48527953028678894,0.062389910221099854,1.3062429428100586,0.0,582.0,440,2,298,0,0,0,200,200,0
512,2048,722,79,722,3,right+B,0.058508340269327164,0.26330190896987915,0.1264372318983078,0.4902147650718689,0.06153777241706848,1.2999722957611084,0.0,582.0,441,2,298,0,0,0,200,200,0
513,2052,722,79,722,1,right,0.059813160449266434,0.26680177450180054,0.1316554993391037,0.4796029031276703,0.06212666630744934,1.3129518032073975,0.0,582.0,442,2,298,0,0,0,200,200,0
514,2056,722,93,722,4,right+A+B,0.05936093255877495,0.26594406366348267,0.13181692361831665,0.47992143034935,0.06295675039291382,1.3134040832519531,0.0,582.0,443,2,298,0,0,0,200,200,0
515,2060,722,108,722,1,right,0.05988172069191933,0.2672751247882843,0.13734480738639832,0.470802366733551,0.06469587981700897,1.3257229328155518,-1.0,581.0,444,2,297,0,0,0,200,200,0
516,2064,722,112,722,2,right+A,0.05958304554224014,0.266480028629303,0.13570116460323334,0.47433239221572876,0.06390343606472015,1.3210294246673584,0.0,581.0,445,2,297,0,0,0,200,200,0
517,2068,722,106,722,3,right+B,0.06003318727016449,0.26577621698379517,0.13903655111789703,0.46999257802963257,0.06516139209270477,1.3281774520874023,0.0,581.0,446,2,297,0,0,0,200,200,0
518,2072,722,89,722,0,NOOP,0.05963430926203728,0.26595160365104675,0.13618500530719757,0.47440627217292786,0.06382285058498383,1.3212735652923584,0.0,581.0,447,2,297,0,0,0,200,200,0
519,2076,722,79,722,3,right+B,0.058947887271642685,0.2641153931617737,0.13229143619537354,0.48219534754753113,0.06244991719722748,1.3110289573669434,0.0,581.0,448,2,297,0,0,0,200,200,0
520,2080,722,79,722,3,right+B,0.058279797434806824,0.2612627148628235,0.12798184156417847,0.4912811517715454,0.06119450554251671,1.2995798587799072,-1.0,580.0,449,2,296,0,0,0,200,200,0
521,2084,722,93,722,4,right+A+B,0.05838292837142944,0.2622889280319214,0.12920774519443512,0.48954060673713684,0.06057975813746452,1.3008019924163818,0.0,580.0,450,2,296,0,0,0,200,200,0
522,2088,722,108,722,1,right,0.05910234525799751,0.26485970616340637,0.13111518323421478,0.48219093680381775,0.06273189187049866,1.3108495473861694,0.0,580.0,451,2,296,0,0,0,200,200,0
523,2092,722,112,722,0,NOOP,0.05991435796022415,0.267659068107605,0.13590964674949646,0.4727986752986908,0.06371822953224182,1.322279691696167,0.0,580.0,452,2,296,0,0,0,200,200,0
524,2096,722,106,722,3,right+B,0.0600055567920208,0.26562774181365967,0.1401195526123047,0.4688360095024109,0.06541108340024948,1.3298425674438477,0.0,580.0,453,2,296,0,0,0,200,200,0
525,2100,722,89,722,3,right+B,0.059781450778245926,0.26638081669807434,0.13938063383102417,0.46949878334999084,0.06495826691389084,1.3280197381973267,-1.0,579.0,454,2,295,0,0,0,200,200,0
526,2104,722,79,722,4,right+A+B,0.05939852073788643,0.2658228576183319,0.13738802075386047,0.4739706814289093,0.063419871032238,1.3213956356048584,0.0,579.0,455,2,295,0,0,0,200,200,0
527,2108,722,79,722,3,right+B,0.05856284499168396,0.263618141412735,0.13290706276893616,0.48348644375801086,0.06142541766166687,1.308609127998352,0.0,579.0,456,2,295,0,0,0,200,200,0
528,2112,722,79,722,1,right,0.05849589407444,0.26437464356422424,0.13329647481441498,0.48337027430534363,0.06046270206570625,1.3074339628219604,0.0,579.0,457,2,295,0,0,0,200,200,0
529,2116,722,79,722,3,right+B,0.05854237824678421,0.264875590801239,0.13203422725200653,0.48268240690231323,0.06186540424823761,1.3091011047363281,0.0,579.0,458,2,295,0,0,0,200,200,0
530,2120,722,93,722,4,right+A+B,0.058541133999824524,0.2640916109085083,0.13207828998565674,0.4837454855442047,0.06154349446296692,1.3080205917358398,-1.0,578.0,459,2,294,0,0,0,200,200,0
531,2124,722,108,722,0,NOOP,0.05905560031533241,0.26618969440460205,0.13526551425457,0.4759940505027771,0.06349511444568634,1.318396806716919,0.0,578.0,460,2,294,0,0,0,200,200,0
532,2128,722,112,722,1,right,0.05931370332837105,0.2671450972557068,0.13615499436855316,0.47323477268218994,0.06415138393640518,1.3219151496887207,0.0,578.0,461,2,294,0,0,0,200,200,0
533,2132,722,106,722,3,right+B,0.05960988625884056,0.2652639150619507,0.1383199542760849,0.47160160541534424,0.06520454585552216,1.3262203931808472,0.0,578.0,462,2,294,0,0,0,200,200,0
534,2136,722,89,722,3,right+B,0.05912209302186966,0.26569846272468567,0.1365610659122467,0.4743332266807556,0.06428512930870056,1.3214569091796875,0.0,578.0,463,2,294,0,0,0,200,200,0
535,2140,722,79,722,3,right+B,0.05847810208797455,0.264548659324646,0.1328563392162323,0.4815124273300171,0.06260447204113007,1.3113447427749634,-1.0,577.0,464,2,293,0,0,0,200,200,0
536,2144,722,93,722,2,right+A,0.058082789182662964,0.26251789927482605,0.12964896857738495,0.48852458596229553,0.06122586131095886,1.3022384643554688,0.0,577.0,465,2,293,0,0,0,200,200,0
537,2148,722,109,722,4,right+A+B,0.059181056916713715,0.2662082314491272,0.13707606494426727,0.47377750277519226,0.06375716626644135,1.3214572668075562,0.0,577.0,466,2,293,0,0,0,200,200,0
538,2152,722,122,722,2,right+A,0.05934463441371918,0.2668707072734833,0.13705721497535706,0.4725908041000366,0.06413663923740387,1.3229135274887085,0.0,577.0,467,2,293,0,0,0,200,200,0
539,2156,722,130,722,3,right+B,0.061490751802921295,0.26843830943107605,0.15070848166942596,0.4495316743850708,0.06983073055744171,1.3550134897232056,0.0,577.0,468,2,293,0,0,0,200,200,0
540,2160,722,129,722,0,NOOP,0.058628883212804794,0.26684632897377014,0.14066661894321442,0.4693704843521118,0.06448766589164734,1.3265200853347778,-1.0,576.0,469,2,292,0,0,0,200,200,0
541,2164,722,117,722,0,NOOP,0.05878820642828941,0.2663281261920929,0.1417078673839569,0.46664881706237793,0.06652694940567017,1.3318167924880981,0.0,576.0,470,2,292,0,0,0,200,200,0
542,2168,722,97,722,2,right+A,0.059091780334711075,0.26454564929008484,0.13986258208751678,0.4698033332824707,0.06669671833515167,1.3295478820800781,0.0,576.0,471,2,292,0,0,0,200,200,0
543,2172,722,79,722,3,right+B,0.0585022009909153,0.26494914293289185,0.13713552057743073,0.47391530871391296,0.06549784541130066,1.322853684425354,0.0,576.0,472,2,292,0,0,0,200,200,0
544,2176,722,93,722,2,right+A,0.05815201997756958,0.2622854709625244,0.13152989745140076,0.4851791560649872,0.06285348534584045,1.308070182800293,0.0,576.0,473,2,292,0,0,0,200,200,0
545,2180,722,108,722,3,right+B,0.05846204608678818,0.26420092582702637,0.13239845633506775,0.48195213079452515,0.06298637390136719,1.3112897872924805,-1.0,575.0,474,2,291,0,0,0,200,200,0
546,2184,722,112,722,3,right+B,0.05899733304977417,0.2658933699131012,0.13380692899227142,0.4771190583705902,0.06418333202600479,1.317640781402588,0.0,575.0,475,2,291,0,0,0,200,200,0
547,2188,722,106,722,2,right+A,0.05987778306007385,0.265531986951828,0.13894641399383545,0.4702286422252655,0.06541519612073898,1.3281095027923584,0.0,575.0,476,2,291,0,0,0,200,200,0
548,2192,722,89,722,0,NOOP,0.06031501665711403,0.2671053409576416,0.14005382359027863,0.46716123819351196,0.06536462157964706,1.331139326095581,0.0,575.0,477,2,291,0,0,0,200,200,0
549,2196,722,79,722,1,right,0.05936850607395172,0.26539331674575806,0.1364067643880844,0.4756839871406555,0.06314744055271149,1.3193144798278809,0.0,575.0,478,2,291,0,0,0,200,200,0
550,2200,722,79,722,3,right+B,0.059152960777282715,0.2634502649307251,0.13279439508914948,0.48331111669540405,0.06129128113389015,1.3093276023864746,-1.0,574.0,479,2,290,0,0,0,200,200,0
551,2204,722,79,722,1,right,0.05970734730362892,0.2648080587387085,0.1344558447599411,0.47982653975486755,0.06120215728878975,1.313249111175537,0.0,574.0,480,2,290,0,0,0,200,200,0
552,2208,722,79,722,3,right+B,0.059370607137680054,0.26448991894721985,0.13275663554668427,0.48171162605285645,0.06167123094201088,1.3111450672149658,0.0,574.0,481,2,290,0,0,0,200,200,0
553,2212,722,79,722,3,right+B,0.05956634506583214,0.26561662554740906,0.1327177882194519,0.4805871248245239,0.061512067914009094,1.3118488788604736,0.0,574.0,482,2,290,0,0,0,200,200,0
554,2216,722,79,722,3,right+B,0.058684512972831726,0.263014018535614,0.12913227081298828,0.48860618472099304,0.060562923550605774,1.3017574548721313,0.0,574.0,483,2,290,0,0,0,200,200,0
555,2220,722,79,722,1,right,0.05862141028046608,0.2625746428966522,0.12833598256111145,0.48961973190307617,0.06084824353456497,1.3008829355239868,-1.0,573.0,484,2,289,0,0,0,200,200,0
556,2224,722,79,722,3,right+B,0.05859381705522537,0.26271820068359375,0.12859666347503662,0.4886873662471771,0.061403874307870865,1.3024177551269531,0.0,573.0,485,2,289,0,0,0,200,200,0
557,2228,722,79,722,1,right,0.05797317251563072,0.2607874274253845,0.126227468252182,0.4941970109939575,0.06081489846110344,1.295452356338501,0.0,573.0,486,2,289,0,0,0,200,200,0
558,2232,722,79,722,3,right+B,0.05843660980463028,0.26318562030792236,0.12672099471092224,0.49081525206565857,0.06084155663847923,1.2986823320388794,0.0,573.0,487,2,289,0,0,0,200,200,0
559,2236,722,79,722,3,right+B,0.059241484850645065,0.26538175344467163,0.12841710448265076,0.48522013425827026,0.061739519238471985,1.305870771408081,0.0,573.0,488,2,289,0,0,0,200,200,0
560,2240,722,79,722,3,right+B,0.05913664028048515,0.26466360688209534,0.12810589373111725,0.48588210344314575,0.06221165135502815,1.3057727813720703,-1.0,572.0,489,2,288,0,0,0,200,200,0
561,2244,722,79,722,1,right,0.05924629420042038,0.2650322914123535,0.12835688889026642,0.48511260747909546,0.06225188821554184,1.3066438436508179,0.0,572.0,490,2,288,0,0,0,200,200,0
562,2248,722,79,722,3,right+B,0.059529099613428116,0.26593565940856934,0.13043427467346191,0.4820057451725006,0.062095168977975845,1.310195803642273,0.0,572.0,491,2,288,0,0,0,200,200,0
563,2252,722,79,722,3,right+B,0.05916730314493179,0.2681753635406494,0.1311890035867691,0.4799456000328064,0.06152273714542389,1.3105649948120117,0.0,572.0,492,2,288,0,0,0,200,200,0
564,2256,722,93,722,2,right+A,0.05871199816465378,0.26731738448143005,0.12814049422740936,0.4857178032398224,0.060112278908491135,1.302170991897583,0.0,572.0,493,2,288,0,0,0,200,200,0
565,2260,722,108,722,3,right+B,0.06011594459414482,0.27113741636276245,0.13263636827468872,0.47339358925819397,0.06271672993898392,1.318516492843628,-1.0,571.0,494,2,287,0,0,0,200,200,0
566,2264,722,112,722,1,right,0.059965912252664566,0.2718532681465149,0.13366460800170898,0.4710465371608734,0.06346959620714188,1.321420431137085,0.0,571.0,495,2,287,0,0,0,200,200,0
567,2268,722,106,722,3,right+B,0.059341754764318466,0.2663114070892334,0.13288052380084991,0.47726500034332275,0.06420131772756577,1.3174591064453125,0.0,571.0,496,2,287,0,0,0,200,200,0
568,2272,722,89,722,3,right+B,0.05880674719810486,0.2690342664718628,0.1332790106534958,0.47579076886177063,0.06308913975954056,1.3161816596984863,0.0,571.0,497,2,287,0,0,0,200,200,0
569,2276,722,79,722,1,right,0.05725020915269852,0.26631373167037964,0.12802952527999878,0.48813596367836,0.060270536690950394,1.2986394166946411,0.0,571.0,498,2,287,0,0,0,200,200,0
570,2280,722,93,722,4,right+A+B,0.0579267293214798,0.2659514248371124,0.127451092004776,0.4875275790691376,0.0611431822180748,1.3009088039398193,-1.0,570.0,499,2,286,0,0,0,200,200,0
571,2284,722,109,722,4,right+A+B,0.05943719297647476,0.2718886435031891,0.13498593866825104,0.46898582577705383,0.06470239907503128,1.3244601488113403,0.0,570.0,500,2,286,0,0,0,200,200,0
572,2288,722,121,722,1,right,0.05954768508672714,0.27277809381484985,0.13666744530200958,0.4669722318649292,0.06403452903032303,1.3259246349334717,0.0,570.0,501,2,286,0,0,0,200,200,0
573,2292,722,122,722,3,right+B,0.062169380486011505,0.27547115087509155,0.15427082777023315,0.43676555156707764,0.07132315635681152,1.3663264513015747,0.0,570.0,502,2,286,0,0,0,200,200,0
574,2296,722,113,722,3,right+B,0.06049307808279991,0.27534669637680054,0.1489376723766327,0.4474375247955322,0.06778505444526672,1.3507044315338135,0.0,570.0,503,2,286,0,0,0,200,200,0
575,2300,722,94,722,3,right+B,0.06251243501901627,0.27468928694725037,0.14869558811187744,0.44495469331741333,0.06914792209863663,1.3566768169403076,-1.0,569.0,504,2,285,0,0,0,200,200,0
576,2304,722,79,722,3,right+B,0.06086520105600357,0.275878369808197,0.1407824456691742,0.45708343386650085,0.06539061665534973,1.3378424644470215,0.0,569.0,505,2,285,0,0,0,200,200,0
577,2308,722,79,722,3,right+B,0.060455240309238434,0.2732057273387909,0.1391332745552063,0.46458593010902405,0.06261985749006271,1.3281916379928589,0.0,569.0,506,2,285,0,0,0,200,200,0
578,2312,722,93,722,2,right+A,0.06018245592713356,0.27157992124557495,0.13724230229854584,0.4691866636276245,0.06180863827466965,1.3228200674057007,0.0,569.0,507,2,285,0,0,0,200,200,0
579,2316,722,109,722,4,right+A+B,0.059887781739234924,0.27315783500671387,0.14095762372016907,0.46145522594451904,0.06454151123762131,1.333005428314209,0.0,569.0,508,2,285,0,0,0,200,200,0
580,2320,722,122,722,4,right+A+B,0.0603133887052536,0.27378034591674805,0.14644570648670197,0.4530074894428253,0.06645309180021286,1.3442561626434326,-1.0,568.0,509,2,284,0,0,0,200,200,0
581,2324,722,130,722,0,NOOP,0.06301745772361755,0.276215136051178,0.15775859355926514,0.42933690547943115,0.0736718624830246,1.3760608434677124,0.0,568.0,510,2,284,0,0,0,200,200,0
582,2328,722,129,722,1,right,0.06004202738404274,0.27501383423805237,0.14971427619457245,0.44687819480895996,0.06835170090198517,1.3515572547912598,0.0,568.0,511,2,284,0,0,0,200,200,0
583,2332,722,117,722,3,right+B,0.059823956340551376,0.2707902491092682,0.15183426439762115,0.44783690571784973,0.06971455365419388,1.3538837432861328,0.0,568.0,512,2,284,0,0,0,200,200,0
584,2336,722,97,722,1,right,0.062193479388952255,0.27129247784614563,0.15764360129833221,0.43555396795272827,0.07331652194261551,1.3714717626571655,0.0,568.0,513,2,284,0,0,0,200,200,0
585,2340,722,79,722,3,right+B,0.06192917376756668,0.27368777990341187,0.15694959461688995,0.43549013137817383,0.07194330543279648,1.3689134120941162,-1.0,567.0,514,2,283,0,0,0,200,200,0
586,2344,722,79,722,3,right+B,0.06217561662197113,0.2722510099411011,0.15111559629440308,0.44570422172546387,0.06875351071357727,1.3567248582839966,0.0,567.0,515,2,283,0,0,0,200,200,0
587,2348,722,79,722,3,right+B,0.06307297945022583,0.27474722266197205,0.15748851001262665,0.4354992210865021,0.06919202953577042,1.3671659231185913,0.0,567.0,516,2,283,0,0,0,200,200,0
588,2352,722,79,722,3,right+B,0.06251022964715958,0.27555763721466064,0.15906549990177155,0.4323548674583435,0.07051169127225876,1.3704479932785034,0.0,567.0,517,2,283,0,0,0,200,200,0
589,2356,722,79,722,1,right,0.06001746654510498,0.27324920892715454,0.14212337136268616,0.4610835909843445,0.06352633237838745,1.3326905965805054,0.0,567.0,518,2,283,0,0,0,200,200,0
590,2360,722,93,722,2,right+A,0.06174148619174957,0.27298441529273987,0.14330068230628967,0.456646591424942,0.06532678008079529,1.3409452438354492,-1.0,566.0,519,2,282,0,0,0,200,200,0
591,2364,722,109,722,2,right+A,0.060348596423864365,0.2726191580295563,0.14208126068115234,0.4604020416736603,0.06454893946647644,1.3350032567977905,0.0,566.0,520,2,282,0,0,0,200,200,0
592,2368,722,121,722,3,right+B,0.06152397766709328,0.2773577868938446,0.14401200413703918,0.45139896869659424,0.0657072514295578,1.3442559242248535,0.0,566.0,521,2,282,0,0,0,200,200,0
593,2372,722,122,722,3,right+B,0.06147032603621483,0.27582046389579773,0.15222516655921936,0.43926796317100525,0.07121609151363373,1.3627763986587524,0.0,566.0,522,2,282,0,0,0,200,200,0
594,2376,722,113,722,2,right+A,0.060432154685258865,0.27429714798927307,0.14505231380462646,0.4538768231868744,0.06634152680635452,1.3429601192474365,0.0,566.0,523,2,282,0,0,0,200,200,0
595,2380,722,94,722,3,right+B,0.06041095778346062,0.26991742849349976,0.14035166800022125,0.4627037048339844,0.06661628931760788,1.3356796503067017,-1.0,565.0,524,2,281,0,0,0,200,200,0
596,2384,722,79,722,3,right+B,0.0595373809337616,0.2723945677280426,0.13918595016002655,0.4640721082687378,0.06481005251407623,1.3302958011627197,0.0,565.0,525,2,281,0,0,0,200,200,0
597,2388,722,79,722,3,right+B,0.061434268951416016,0.2739074230194092,0.1446295529603958,0.45510727167129517,0.06492146104574203,1.3415451049804688,0.0,565.0,526,2,281,0,0,0,200,200,0
598,2392,722,79,722,3,right+B,0.06099233776330948,0.2745265066623688,0.14178362488746643,0.4593573212623596,0.0633402168750763,1.3345630168914795,0.0,565.0,527,2,281,0,0,0,200,200,0
599,2396,722,79,722,1,right,0.0606503002345562,0.27416160702705383,0.13679814338684082,0.46600955724716187,0.062380410730838776,1.3257774114608765,0.0,565.0,528,2,281,0,0,0,200,200,0
600,2400,722,79,722,3,right+B,0.06067902222275734,0.2729571461677551,0.13685296475887299,0.4668010473251343,0.06270980834960938,1.3259220123291016,-1.0,564.0,529,2,280,0,0,0,200,200,0
601,2404,722,79,722,1,right,0.05930531024932861,0.2696727216243744,0.13397298753261566,0.47592729330062866,0.06112169474363327,1.3144605159759521,0.0,564.0,530,2,280,0,0,0,200,200,0
602,2408,722,79,722,1,right,0.05900740623474121,0.2696593403816223,0.13396181166172028,0.47614383697509766,0.06122761219739914,1.3140347003936768,0.0,564.0,531,2,280,0,0,0,200,200,0
603,2412,722,93,722,4,right+A+B,0.056805435568094254,0.2655864953994751,0.1259394884109497,0.4927993416786194,0.05886923149228096,1.2914586067199707,0.0,564.0,532,2,280,0,0,0,200,200,0
604,2416,722,108,722,3,right+B,0.058077067136764526,0.2686604857444763,0.1308051496744156,0.4801311790943146,0.06232608109712601,1.3097009658813477,0.0,564.0,533,2,280,0,0,0,200,200,0
605,2420,722,112,722,1,right,0.058259766548871994,0.26783281564712524,0.1302250623703003,0.48126712441444397,0.062415264546871185,1.3090299367904663,-1.0,563.0,534,2,279,0,0,0,200,200,0
606,2424,722,106,722,1,right,0.059782348573207855,0.2678636312484741,0.13652633130550385,0.47080862522125244,0.06501904129981995,1.3254802227020264,0.0,563.0,535,2,279,0,0,0,200,200,0
607,2428,722,89,722,3,right+B,0.05945267900824547,0.2687493860721588,0.13349512219429016,0.4747626483440399,0.06354016810655594,1.318549394607544,0.0,563.0,536,2,279,0,0,0,200,200,0
608,2432,722,79,722,1,right,0.059479061514139175,0.26678240299224854,0.13064073026180267,0.48145660758018494,0.06164122000336647,1.3099309206008911,0.0,563.0,537,2,279,0,0,0,200,200,0
609,2436,722,79,722,3,right+B,0.05871279910206795,0.26267558336257935,0.12656056880950928,0.49150389432907104,0.06054714694619179,1.2981178760528564,0.0,563.0,538,2,279,0,0,0,200,200,0
610,2440,722,93,722,2,right+A,0.0600082129240036,0.2662569284439087,0.13138678669929504,0.48136240243911743,0.060985762625932693,1.3103446960449219,-1.0,562.0,539,2,278,0,0,0,200,200,0
611,2444,722,108,722,3,right+B,0.06062295660376549,0.2685830593109131,0.1350046694278717,0.47240254282951355,0.06338676810264587,1.3224669694900513,0.0,562.0,540,2,278,0,0,0,200,200,0
612,2448,722,112,722,3,right+B,0.06058892980217934,0.26923927664756775,0.13719312846660614,0.46925684809684753,0.0637219175696373,1.3261520862579346,0.0,562.0,541,2,278,0,0,0,200,200,0
613,2452,722,106,722,0,NOOP,0.06088413670659065,0.2677394449710846,0.1394890546798706,0.4661971628665924,0.06569015979766846,1.3326122760772705,0.0,562.0,542,2,278,0,0,0,200,200,0
614,2456,722,89,722,1,right,0.05965865030884743,0.266390323638916,0.13584718108177185,0.47389185428619385,0.06421209871768951,1.3219349384307861,0.0,562.0,543,2,278,0,0,0,200,200,0
615,2460,722,79,722,3,right+B,0.05926744267344475,0.26505839824676514,0.13253924250602722,0.48014700412750244,0.06298796087503433,1.3136789798736572,-1.0,561.0,544,2,277,0,0,0,200,200,0
616,2464,722,79,722,3,right+B,0.05854973569512367,0.26277056336402893,0.1289680302143097,0.4890868365764618,0.06062484160065651,1.3012311458587646,0.0,561.0,545,2,277,0,0,0,200,200,0
617,2468,722,79,722,3,right+B,0.058937642723321915,0.2629609704017639,0.1287773996591568,0.4897025227546692,0.05962143465876579,1.2998135089874268,0.0,561.0,546,2,277,0,0,0,200,200,0
618,2472,722,79,722,1,right,0.05913969874382019,0.26343289017677307,0.1295277327299118,0.48653891682624817,0.061360716819763184,1.3051612377166748,0.0,561.0,547,2,277,0,0,0,200,200,0
619,2476,722,79,722,1,right,0.05924728885293007,0.26282674074172974,0.1309564709663391,0.4855361580848694,0.06143335998058319,1.3070473670959473,0.0,561.0,548,2,277,0,0,0,200,200,0
620,2480,722,79,722,3,right+B,0.05943285673856735,0.2631359100341797,0.13102740049362183,0.48523208498954773,0.0611717589199543,1.3071787357330322,-1.0,560.0,549,2,276,0,0,0,200,200,0
621,2484,722,79,722,3,right+B,0.0599137507379055,0.26517432928085327,0.1333673745393753,0.4795401990413666,0.06200437620282173,1.3141539096832275,0.0,560.0,550,2,276,0,0,0,200,200,0
622,2488,722,79,722,1,right,0.06066440790891647,0.2673824727535248,0.13762982189655304,0.4715253710746765,0.06279795616865158,1.323947787284851,0.0,560.0,551,2,276,0,0,0,200,200,0
623,2492,722,79,722,3,right+B,0.05961775407195091,0.2649840712547302,0.13580136001110077,0.47818881273269653,0.06140800565481186,1.3152928352355957,0.0,560.0,552,2,276,0,0,0,200,200,0
624,2496,722,79,722,3,right+B,0.05930614471435547,0.26432517170906067,0.13380123674869537,0.48181426525115967,0.06075311824679375,1.310359239578247,0.0,560.0,553,2,276,0,0,0,200,200,0
625,2500,722,93,722,2,right+A,0.05984377861022949,0.26652032136917114,0.13606144487857819,0.4754737317562103,0.06210075318813324,1.3184027671813965,-1.0,559.0,554,2,275,0,0,0,200,200,0
626,2504,722,109,722,2,right+A,0.060038454830646515,0.2683051526546478,0.13858528435230255,0.4692249298095703,0.06384620070457458,1.326454997062683,0.0,559.0,555,2,275,0,0,0,200,200,0
627,2508,722,121,722,1,right,0.0593922920525074,0.2667272984981537,0.1359948068857193,0.4747105836868286,0.06317506730556488,1.319678783416748,0.0,559.0,556,2,275,0,0,0,200,200,0
628,2512,722,122,722,1,right,0.06088724359869957,0.26736655831336975,0.1456087827682495,0.457259863615036,0.06887748837471008,1.3457469940185547,0.0,559.0,557,2,275,0,0,0,200,200,0
629,2516,722,113,722,3,right+B,0.059239767491817474,0.2661052644252777,0.13666540384292603,0.47341784834861755,0.064571812748909,1.3226386308670044,0.0,559.0,558,2,275,0,0,0,200,200,0
630,2520,722,94,722,3,right+B,0.05994921550154686,0.26401057839393616,0.1350184828042984,0.47597813606262207,0.06504358351230621,1.3217689990997314,-1.0,558.0,559,2,274,0,0,0,200,200,0
631,2524,722,79,722,3,right+B,0.058500293642282486,0.26460158824920654,0.13085830211639404,0.48367881774902344,0.0623609721660614,1.308333396911621,0.0,558.0,560,2,274,0,0,0,200,200,0
632,2528,722,79,722,3,right+B,0.05971212312579155,0.2651968002319336,0.13303491473197937,0.48004984855651855,0.062006402760744095,1.3133256435394287,0.0,558.0,561,2,274,0,0,0,200,200,0
633,2532,722,93,722,2,right+A,0.058875665068626404,0.2631324231624603,0.13067057728767395,0.48641183972358704,0.060909438878297806,1.3049910068511963,0.0,558.0,562,2,274,0,0,0,200,200,0
634,2536,722,108,722,3,right+B,0.06023408845067024,0.2676590383052826,0.13945232331752777,0.46869325637817383,0.06396135687828064,1.3277790546417236,0.0,558.0,563,2,274,0,0,0,200,200,0
635,2540,722,112,722,3,right+B,0.06062354892492294,0.2695119380950928,0.1409740447998047,0.4645773768424988,0.06431315094232559,1.3321266174316406,-1.0,557.0,564,2,273,0,0,0,200,200,0
636,2544,722,106,722,1,right,0.060437384992837906,0.2664036452770233,0.14324434101581573,0.4650222063064575,0.0648924708366394,1.3338687419891357,0.0,557.0,565,2,273,0,0,0,200,200,0
637,2548,722,89,722,3,right+B,0.060004204511642456,0.2678239941596985,0.1405581533908844,0.4671960473060608,0.06441757827997208,1.3296401500701904,0.0,557.0,566,2,273,0,0,0,200,200,0
638,2552,722,79,722,4,right+A+B,0.05919284373521805,0.26600053906440735,0.1358330100774765,0.47632667422294617,0.06264692544937134,1.3175714015960693,0.0,557.0,567,2,273,0,0,0,200,200,0
639,2556,722,79,722,3,right+B,0.05825751647353172,0.26270100474357605,0.13009554147720337,0.4883404076099396,0.06060553342103958,1.3020241260528564,0.0,557.0,568,2,273,0,0,0,200,200,0
640,2560,722,79,722,3,right+B,0.059023406356573105,0.26478123664855957,0.13250352442264557,0.4829533100128174,0.06073860824108124,1.3083395957946777,-1.0,556.0,569,2,272,0,0,0,200,200,0
641,2564,722,79,722,1,right,0.05848674848675728,0.263432115316391,0.1301296502351761,0.4867148995399475,0.06123659014701843,1.3043190240859985,0.0,556.0,570,2,272,0,0,0,200,200,0
642,2568,722,79,722,1,right,0.05873904377222061,0.26349467039108276,0.13132569193840027,0.4853512942790985,0.061089251190423965,1.3061562776565552,0.0,556.0,571,2,272,0,0,0,200,200,0
643,2572,722,79,722,1,right,0.058557622134685516,0.2628980875015259,0.12991027534008026,0.48813125491142273,0.060502730309963226,1.3023236989974976,0.0,556.0,572,2,272,0,0,0,200,200,0
644,2576,722,79,722,3,right+B,0.05927058309316635,0.2649853825569153,0.1331082433462143,0.4807114005088806,0.06192434951663017,1.3122036457061768,0.0,556.0,573,2,272,0,0,0,200,200,0
645,2580,722,79,722,3,right+B,0.05935383215546608,0.265039324760437,0.13395433127880096,0.479390949010849,0.06226160004734993,1.3141824007034302,-1.0,555.0,574,2,271,0,0,0,200,200,0
646,2584,722,79,722,3,right+B,0.059882719069719315,0.2650993764400482,0.1356533169746399,0.47729671001434326,0.062067899852991104,1.317075490951538,0.0,555.0,575,2,271,0,0,0,200,200,0
647,2588,722,79,722,3,right+B,0.06066304072737694,0.26633915305137634,0.13683001697063446,0.47391921281814575,0.06224861741065979,1.3212480545043945,0.0,555.0,576,2,271,0,0,0,200,200,0
648,2592,722,79,722,3,right+B,0.06030943617224693,0.2661731541156769,0.13704527914524078,0.47459015250205994,0.06188194453716278,1.3199455738067627,0.0,555.0,577,2,271,0,0,0,200,200,0
649,2596,722,93,722,4,right+A+B,0.0599578395485878,0.26616325974464417,0.13518157601356506,0.4771752953529358,0.06152201443910599,1.316144585609436,0.0,555.0,578,2,271,0,0,0,200,200,0
650,2600,722,109,722,2,right+A,0.06048327684402466,0.26728522777557373,0.13771556317806244,0.4710736870765686,0.06344223022460938,1.32492196559906,-1.0,554.0,579,2,270,0,0,0,200,200,0
651,2604,722,121,722,3,right+B,0.06002282723784447,0.2665866017341614,0.13658127188682556,0.47320911288261414,0.06360012292861938,1.3224899768829346,0.0,554.0,580,2,270,0,0,0,200,200,0
652,2608,722,122,722,3,right+B,0.0620114728808403,0.2687211334705353,0.14644603431224823,0.45378804206848145,0.06903331726789474,1.3499643802642822,0.0,554.0,581,2,270,0,0,0,200,200,0
653,2612,722,113,722,1,right,0.05986621603369713,0.2662503719329834,0.1352333426475525,0.4746335446834564,0.06401655077934265,1.3211239576339722,0.0,554.0,582,2,270,0,0,0,200,200,0
654,2616,722,94,722,2,right+A,0.06025803089141846,0.2631388306617737,0.13241374492645264,0.4798838794231415,0.06430552154779434,1.3170963525772095,0.0,554.0,583,2,270,0,0,0,200,200,0
655,2620,722,79,722,0,NOOP,0.05875730887055397,0.2631572484970093,0.1284247189760208,0.48774391412734985,0.06191684305667877,1.3038676977157593,-1.0,553.0,584,2,269,0,0,0,200,200,0
656,2624,722,93,722,2,right+A,0.059722792357206345,0.2638825476169586,0.1308448761701584,0.48306864500045776,0.062481123954057693,1.3106962442398071,0.0,553.0,585,2,269,0,0,0,200,200,0
657,2628,722,109,722,2,right+A,0.059524908661842346,0.2652503550052643,0.13313785195350647,0.4782785177230835,0.06380842626094818,1.3167576789855957,0.0,553.0,586,2,269,0,0,0,200,200,0
658,2632,722,121,722,0,NOOP,0.059997331351041794,0.2678888738155365,0.1346120685338974,0.4740150272846222,0.06348664313554764,1.3204917907714844,0.0,553.0,587,2,269,0,0,0,200,200,0
659,2636,722,122,722,3,right+B,0.062142714858055115,0.26931440830230713,0.1458263248205185,0.4531067907810211,0.06960971653461456,1.3509159088134766,0.0,553.0,588,2,269,0,0,0,200,200,0
660,2640,722,113,722,3,right+B,0.06035688519477844,0.26868635416030884,0.13645029067993164,0.4687943458557129,0.06571222841739655,1.328396201133728,-1.0,552.0,589,2,268,0,0,0,200,200,0
661,2644,722,94,722,1,right,0.06099606305360794,0.2677018940448761,0.13418282568454742,0.47133105993270874,0.06578812003135681,1.326478123664856,0.0,552.0,590,2,268,0,0,0,200,200,0
662,2648,722,79,722,2,right+A,0.058437954634428024,0.26781654357910156,0.1273580640554428,0.4845868945121765,0.061800647526979446,1.304347038269043,0.0,552.0,591,2,268,0,0,0,200,200,0
663,2652,722,79,722,3,right+B,0.058602914214134216,0.26588568091392517,0.12584011256694794,0.48922330141067505,0.06044797971844673,1.2986836433410645,0.0,552.0,592,2,268,0,0,0,200,200,0
664,2656,722,79,722,3,right+B,0.05828152596950531,0.264679491519928,0.12222658842802048,0.49567580223083496,0.059136610478162766,1.2895050048828125,0.0,552.0,593,2,268,0,0,0,200,200,0
665,2660,722,79,722,1,right,0.059083692729473114,0.2681616246700287,0.12751071155071259,0.483885258436203,0.06135861948132515,1.3052053451538086,-1.0,551.0,594,2,267,0,0,0,200,200,0
666,2664,722,79,722,3,right+B,0.059135306626558304,0.2672201097011566,0.12807312607765198,0.48385658860206604,0.06171482056379318,1.3062398433685303,0.0,551.0,595,2,267,0,0,0,200,200,0
667,2668,722,79,722,1,right,0.05819959565997124,0.2667030692100525,0.12627369165420532,0.489484041929245,0.05933958292007446,1.2965834140777588,0.0,551.0,596,2,267,0,0,0,200,200,0
668,2672,722,93,722,2,right+A,0.058404892683029175,0.26778560876846313,0.12812471389770508,0.4857262969017029,0.05995840206742287,1.3014578819274902,0.0,551.0,597,2,267,0,0,0,200,200,0
669,2676,722,108,722,3,right+B,0.059729017317295074,0.2710394859313965,0.13581965863704681,0.46947723627090454,0.0639345645904541,1.3241078853607178,0.0,551.0,598,2,267,0,0,0,200,200,0
670,2680,722,112,722,1,right,0.06089204177260399,0.27436554431915283,0.14066314697265625,0.45790743827819824,0.06617187708616257,1.3385015726089478,-1.0,550.0,599,2,266,0,0,0,200,200,0
671,2684,722,106,722,1,right,0.06061522290110588,0.2730555832386017,0.143009752035141,0.4579927921295166,0.06532663106918335,1.3383780717849731,0.0,550.0,600,2,266,0,0,0,200,200,0
672,2688,722,89,722,3,right+B,0.059908825904130936,0.2732938528060913,0.14357814192771912,0.45883405208587646,0.06438508629798889,1.3358880281448364,0.0,550.0,601,2,266,0,0,0,200,200,0
673,2692,722,79,722,1,right,0.061414532363414764,0.2771463990211487,0.14844118058681488,0.44664281606674194,0.06635510176420212,1.3501478433609009,0.0,550.0,602,2,266,0,0,0,200,200,0
674,2696,722,79,722,3,right+B,0.06103602424263954,0.27576467394828796,0.1442277580499649,0.45396485924720764,0.06500668078660965,1.341386318206787,0.0,550.0,603,2,266,0,0,0,200,200,0
675,2700,722,79,722,1,right,0.06060952693223953,0.27416449785232544,0.13883599638938904,0.4633273780345917,0.06306260079145432,1.3295385837554932,-1.0,549.0,604,2,265,0,0,0,200,200,0
676,2704,722,79,722,1,right,0.05905831977725029,0.270984411239624,0.1333303451538086,0.47480177879333496,0.06182512640953064,1.315309762954712,0.0,549.0,605,2,265,0,0,0,200,200,0
677,2708,722,79,722,3,right+B,0.05935182794928551,0.2701714336872101,0.13666720688343048,0.47243741154670715,0.06137216463685036,1.3187291622161865,0.0,549.0,606,2,265,0,0,0,200,200,0
678,2712,722,93,722,2,right+A,0.059416137635707855,0.2700214684009552,0.13641265034675598,0.4724057912826538,0.06174396723508835,1.3192203044891357,0.0,549.0,607,2,265,0,0,0,200,200,0
679,2716,722,109,722,4,right+A+B,0.06024160608649254,0.2735086977481842,0.14422090351581573,0.4559969902038574,0.06603182107210159,1.3406251668930054,0.0,549.0,608,2,265,0,0,0,200,200,0
680,2720,722,122,722,2,right+A,0.06291332095861435,0.28022152185440063,0.1563168466091156,0.4300415515899658,0.07050679624080658,1.3705005645751953,-1.0,548.0,609,2,264,0,0,0,200,200,0
681,2724,722,130,722,1,right,0.06415945291519165,0.27572372555732727,0.16865357756614685,0.4149184226989746,0.07654479891061783,1.3933281898498535,0.0,548.0,610,2,264,0,0,0,200,200,0
682,2728,722,129,722,2,right+A,0.06145376339554787,0.27549082040786743,0.16137994825839996,0.4309365749359131,0.07073885202407837,1.3710726499557495,0.0,548.0,611,2,264,0,0,0,200,200,0
683,2732,722,117,722,2,right+A,0.06204899773001671,0.27380508184432983,0.16877220571041107,0.4211442172527313,0.07422950863838196,1.384674310684204,0.0,548.0,612,2,264,0,0,0,200,200,0
684,2736,722,97,722,3,right+B,0.06259357929229736,0.2726113498210907,0.15722040832042694,0.43507689237594604,0.07249771803617477,1.3709759712219238,0.0,548.0,613,2,264,0,0,0,200,200,0
685,2740,722,79,722,1,right,0.06173359602689743,0.27437373995780945,0.15444284677505493,0.4389619827270508,0.0704878568649292,1.3636219501495361,-1.0,547.0,614,2,263,0,0,0,200,200,0
686,2744,722,79,722,1,right,0.06297127902507782,0.27434659004211426,0.15614910423755646,0.43682563304901123,0.06970737129449844,1.3663604259490967,0.0,547.0,615,2,263,0,0,0,200,200,0
687,2748,722,79,722,3,right+B,0.062143437564373016,0.27496248483657837,0.15416117012500763,0.4403958320617676,0.06833706796169281,1.3604367971420288,0.0,547.0,616,2,263,0,0,0,200,200,0
688,2752,722,79,722,3,right+B,0.06024559959769249,0.273267924785614,0.1413508504629135,0.46075552701950073,0.06438011676073074,1.3339402675628662,0.0,547.0,617,2,263,0,0,0,200,200,0
689,2756,722,79,722,3,right+B,0.06054607778787613,0.27224841713905334,0.13834896683692932,0.4657057225704193,0.06315075606107712,1.327979326248169,0.0,547.0,618,2,263,0,0,0,200,200,0
690,2760,722,79,722,3,right+B,0.059990767389535904,0.26972752809524536,0.13383902609348297,0.4749476909637451,0.061495013535022736,1.3165093660354614,-1.0,546.0,619,2,262,0,0,0,200,200,0
691,2764,722,79,722,3,right+B,0.060959070920944214,0.27358776330947876,0.13980910181999207,0.46248823404312134,0.06315591186285019,1.3313000202178955,0.0,546.0,620,2,262,0,0,0,200,200,0
692,2768,722,79,722,3,right+B,0.061222534626722336,0.27722978591918945,0.14512208104133606,0.4511779844760895,0.06524759531021118,1.3439686298370361,0.0,546.0,621,2,262,0,0,0,200,200,0
693,2772,722,79,722,0,NOOP,0.06028356775641441,0.2732577919960022,0.14229707419872284,0.46048644185066223,0.06367511302232742,1.3337358236312866,0.0,546.0,622,2,262,0,0,0,200,200,0
694,2776,722,79,722,3,right+B,0.06082941219210625,0.2727719843387604,0.14675430953502655,0.4550427198410034,0.06460157781839371,1.3415484428405762,0.0,546.0,623,2,262,0,0,0,200,200,0
695,2780,722,79,722,3,right+B,0.0601564384996891,0.2724676728248596,0.1421513855457306,0.46179550886154175,0.06342897564172745,1.3324030637741089,-1.0,545.0,624,2,261,0,0,0,200,200,0
696,2784,722,93,722,2,right+A,0.060228291898965836,0.27244168519973755,0.1415756493806839,0.4634471833705902,0.06230724975466728,1.3296165466308594,0.0,545.0,625,2,261,0,0,0,200,200,0
697,2788,722,109,722,2,right+A,0.062156688421964645,0.27940377593040466,0.15182633697986603,0.43959829211235046,0.06701482832431793,1.357573390007019,0.0,545.0,626,2,261,0,0,0,200,200,0
698,2792,722,122,722,2,right+A,0.06035725399851799,0.2752711772918701,0.1373201310634613,0.4635392725467682,0.0635121613740921,1.3286634683609009,0.0,545.0,627,2,261,0,0,0,200,200,0
699,2796,722,130,722,3,right+B,0.06284963339567184,0.2756749987602234,0.14984866976737976,0.44099539518356323,0.07063133269548416,1.3617991209030151,0.0,545.0,628,2,261,0,0,0,200,200,0
700,2800,722,129,722,3,right+B,0.05978555232286453,0.2727280855178833,0.14201109111309052,0.45995187759399414,0.06552345305681229,1.335738182067871,-1.0,544.0,629,2,260,0,0,0,200,200,0
701,2804,722,117,722,2,right+A,0.05875072255730629,0.27049005031585693,0.1392958015203476,0.46612825989723206,0.06533525884151459,1.328813076019287,0.0,544.0,630,2,260,0,0,0,200,200,0
702,2808,722,97,722,2,right+A,0.05842389538884163,0.2682175040245056,0.13634860515594482,0.4720267355442047,0.06498319655656815,1.3225679397583008,0.0,544.0,631,2,260,0,0,0,200,200,0
703,2812,722,79,722,3,right+B,0.057615261524915695,0.26720863580703735,0.13325262069702148,0.4779030382633209,0.06402044743299484,1.3144679069519043,0.0,544.0,632,2,260,0,0,0,200,200,0
704,2816,722,79,722,3,right+B,0.057669565081596375,0.26473546028137207,0.1289169192314148,0.4864255487918854,0.0622524619102478,1.3038707971572876,0.0,544.0,633,2,260,0,0,0,200,200,0
705,2820,722,93,722,2,right+A,0.058894749730825424,0.2661977708339691,0.12894895672798157,0.48518601059913635,0.06077253073453903,1.3043363094329834,-1.0,543.0,634,2,259,0,0,0,200,200,0
706,2824,722,109,722,2,right+A,0.05980638042092323,0.2698349952697754,0.13299374282360077,0.4745330810546875,0.06283172965049744,1.3178329467773438,0.0,543.0,635,2,259,0,0,0,200,200,0
707,2828,722,122,722,2,right+A,0.05998534709215164,0.27069875597953796,0.1339319944381714,0.4727547764778137,0.06262914091348648,1.3194665908813477,0.0,543.0,636,2,259,0,0,0,200,200,0
708,2832,722,130,722,3,right+B,0.0612485408782959,0.2677794098854065,0.14189502596855164,0.4613845646381378,0.06769250333309174,1.340126395225525,0.0,543.0,637,2,259,0,0,0,200,200,0
709,2836,722,129,722,1,right,0.05929891765117645,0.26852479577064514,0.13592836260795593,0.47145769000053406,0.06479024142026901,1.3236572742462158,0.0,543.0,638,2,259,0,0,0,200,200,0
710,2840,722,117,722,3,right+B,0.059315524995326996,0.2663489580154419,0.136447936296463,0.47167903184890747,0.06620843708515167,1.3259027004241943,-1.0,542.0,639,2,258,0,0,0,200,200,0
711,2844,722,97,722,4,right+A+B,0.060112807899713516,0.26614177227020264,0.1382225751876831,0.46790796518325806,0.06761487573385239,1.3323532342910767,0.0,542.0,640,2,258,0,0,0,200,200,0
712,2848,722,79,722,3,right+B,0.05908973515033722,0.2660047113895416,0.13490654528141022,0.4737676680088043,0.06623134762048721,1.3233569860458374,0.0,542.0,641,2,258,0,0,0,200,200,0
713,2852,722,79,722,1,right,0.05834348499774933,0.26212695240974426,0.1284518986940384,0.4885771572589874,0.06250051409006119,1.3035902976989746,0.0,542.0,642,2,258,0,0,0,200,200,0
714,2856,722,93,722,2,right+A,0.058176252990961075,0.261135071516037,0.12489718943834305,0.4955175817012787,0.060273922979831696,1.2931488752365112,0.0,542.0,643,2,258,0,0,0,200,200,0
715,2860,722,108,722,3,right+B,0.0590444952249527,0.26494452357292175,0.1309276521205902,0.48192426562309265,0.06315907090902328,1.3114042282104492,-1.0,541.0,644,2,257,0,0,0,200,200,0
716,2864,722,112,722,3,right+B,0.05933414399623871,0.2662002444267273,0.13305316865444183,0.4787217080593109,0.06269074976444244,1.3145484924316406,0.0,541.0,645,2,257,0,0,0,200,200,0
717,2868,722,106,722,0,NOOP,0.060463953763246536,0.2647976577281952,0.1389991194009781,0.47063249349594116,0.06510677188634872,1.3283487558364868,0.0,541.0,646,2,257,0,0,0,200,200,0
718,2872,722,89,722,1,right,0.06041550263762474,0.26629093289375305,0.13984057307243347,0.4684930145740509,0.06496000289916992,1.3298323154449463,0.0,541.0,647,2,257,0,0,0,200,200,0
719,2876,722,79,722,2,right+A,0.05993831902742386,0.2656932771205902,0.13704238831996918,0.47394299507141113,0.0633830651640892,1.321937084197998,0.0,541.0,648,2,257,0,0,0,200,200,0
720,2880,722,79,722,3,right+B,0.05871335044503212,0.26291653513908386,0.1308862864971161,0.48696380853652954,0.06052003428339958,1.303987979888916,-1.0,540.0,649,2,256,0,0,0,200,200,0
721,2884,722,79,722,3,right+B,0.05961042642593384,0.26630645990371704,0.1338166892528534,0.4791662395000458,0.061100248247385025,1.3129085302352905,0.0,540.0,650,2,256,0,0,0,200,200,0
722,2888,722,79,722,3,right+B,0.05910753458738327,0.2649717628955841,0.13231363892555237,0.4817616939544678,0.06184541434049606,1.3106683492660522,0.0,540.0,651,2,256,0,0,0,200,200,0
723,2892,722,79,722,3,right+B,0.058689504861831665,0.26343780755996704,0.13150839507579803,0.48525652289390564,0.06110779568552971,1.3062939643859863,0.0,540.0,652,2,256,0,0,0,200,200,0
724,2896,722,79,722,3,right+B,0.05877922102808952,0.26354703307151794,0.13076269626617432,0.485977441072464,0.060933586210012436,1.3052124977111816,0.0,540.0,653,2,256,0,0,0,200,200,0
725,2900,722,79,722,3,right+B,0.05866466462612152,0.26392602920532227,0.13130897283554077,0.4848233759403229,0.06127695366740227,1.306628704071045,-1.0,539.0,654,2,255,0,0,0,200,200,0
726,2904,722,79,722,3,right+B,0.05874263495206833,0.2641529142856598,0.13147245347499847,0.4839494824409485,0.06168249249458313,1.3079816102981567,0.0,539.0,655,2,255,0,0,0,200,200,0
727,2908,722,93,722,4,right+A+B,0.05818299204111099,0.2624652087688446,0.12947042286396027,0.48910844326019287,0.060772936791181564,1.301239252090454,0.0,539.0,656,2,255,0,0,0,200,200,0
728,2912,722,109,722,2,right+A,0.059305887669324875,0.2662871778011322,0.13536112010478973,0.4753245711326599,0.06372127681970596,1.3195499181747437,0.0,539.0,657,2,255,0,0,0,200,200,0
729,2916,722,122,722,2,right+A,0.059637267142534256,0.2671867609024048,0.13777469098567963,0.4711421728134155,0.0642591342329979,1.3248289823532104,0.0,539.0,658,2,255,0,0,0,200,200,0
730,2920,722,130,722,1,right,0.06140371412038803,0.26828908920288086,0.14903570711612701,0.4516933560371399,0.06957809627056122,1.352449893951416,-1.0,538.0,659,2,254,0,0,0,200,200,0
731,2924,722,129,722,3,right+B,0.05931130796670914,0.2680578827857971,0.14222918450832367,0.46520674228668213,0.06519487500190735,1.331872582435608,0.0,538.0,660,2,254,0,0,0,200,200,0
732,2928,722,117,722,1,right,0.05900637060403824,0.26609164476394653,0.142426535487175,0.4663845896720886,0.06609086692333221,1.332139492034912,0.0,538.0,661,2,254,0,0,0,200,200,0
733,2932,722,97,722,1,right,0.059743694961071014,0.26595309376716614,0.14192725718021393,0.46541374921798706,0.06696227937936783,1.3346842527389526,0.0,538.0,662,2,254,0,0,0,200,200,0
734,2936,722,79,722,3,right+B,0.05917402356863022,0.2662058472633362,0.1393280029296875,0.4694858491420746,0.0658063217997551,1.3282736539840698,0.0,538.0,663,2,254,0,0,0,200,200,0
735,2940,722,93,722,4,right+A+B,0.05850560963153839,0.2627667188644409,0.1325708031654358,0.4834701716899872,0.06268662959337234,1.3101249933242798,-1.0,537.0,664,2,253,0,0,0,200,200,0
736,2944,722,108,722,3,right+B,0.0591072216629982,0.26542550325393677,0.13402101397514343,0.47820085287094116,0.06324537098407745,1.3159788846969604,0.0,537.0,665,2,253,0,0,0,200,200,0
737,2948,722,112,722,3,right+B,0.058834005147218704,0.2656288743019104,0.13321571052074432,0.47868236899375916,0.06363901495933533,1.3152947425842285,0.0,537.0,666,2,253,0,0,0,200,200,0
738,2952,722,106,722,3,right+B,0.059276334941387177,0.2648547291755676,0.13760173320770264,0.4736771285533905,0.06459001451730728,1.3231874704360962,0.0,537.0,667,2,253,0,0,0,200,200,0
739,2956,722,89,722,3,right+B,0.0593288280069828,0.2658122479915619,0.13708025217056274,0.4736277163028717,0.06415089219808578,1.3223294019699097,0.0,537.0,668,2,253,0,0,0,200,200,0
740,2960,722,79,722,3,right+B,0.059122614562511444,0.26558375358581543,0.13510873913764954,0.4771133065223694,0.063071608543396,1.3171303272247314,-1.0,536.0,669,2,252,0,0,0,200,200,0
741,2964,722,93,722,2,right+A,0.05818459019064903,0.2623182237148285,0.13031837344169617,0.48822149634361267,0.06095733493566513,1.3026587963104248,0.0,536.0,670,2,252,0,0,0,200,200,0
742,2968,722,108,722,3,right+B,0.0597299300134182,0.26708316802978516,0.13924504816532135,0.47027096152305603,0.06367088854312897,1.325586199760437,0.0,536.0,671,2,252,0,0,0,200,200,0
743,2972,722,112,722,3,right+B,0.05960479751229286,0.26750653982162476,0.13781920075416565,0.4710657596588135,0.06400370597839355,1.3244884014129639,0.0,536.0,672,2,252,0,0,0,200,200,0
744,2976,722,106,722,1,right,0.0599503293633461,0.26579412817955017,0.14181329309940338,0.46759232878685,0.06484998017549515,1.33074951171875,0.0,536.0,673,2,252,0,0,0,200,200,0
745,2980,722,89,722,3,right+B,0.05978500843048096,0.26752007007598877,0.1397811621427536,0.4683094620704651,0.06460434198379517,1.328453779220581,-1.0,535.0,674,2,251,0,0,0,200,200,0
746,2984,722,79,722,2,right+A,0.059546854346990585,0.26642554998397827,0.135978564620018,0.47482383251190186,0.06322523206472397,1.31990647315979,0.0,535.0,675,2,251,0,0,0,200,200,0
747,2988,722,79,722,1,right,0.05882071703672409,0.26324597001075745,0.13006602227687836,0.4868479371070862,0.061019349843263626,1.3043768405914307,0.0,535.0,676,2,251,0,0,0,200,200,0
748,2992,722,93,722,2,right+A,0.059217702597379684,0.2643183171749115,0.13159549236297607,0.48424622416496277,0.060622259974479675,1.3070484399795532,0.0,535.0,677,2,251,0,0,0,200,200,0
749,2996,722,108,722,3,right+B,0.05960649251937866,0.26522311568260193,0.13261198997497559,0.47962722182273865,0.06293122470378876,1.3144631385803223,0.0,535.0,678,2,251,0,0,0,200,200,0
750,3000,722,112,722,1,right,0.05985330417752266,0.26604145765304565,0.13489383459091187,0.47581547498703003,0.06339596956968307,1.319301724433899,-1.0,534.0,679,2,250,0,0,0,200,200,0
751,3004,722,106,722,2,right+A,0.06014984846115112,0.2646253705024719,0.13751287758350372,0.4733986556529999,0.06431325525045395,1.3242011070251465,0.0,534.0,680,2,250,0,0,0,200,200,0
752,3008,722,89,722,1,right,0.06034179404377937,0.2665306329727173,0.13735201954841614,0.4715304672718048,0.06424511969089508,1.3253594636917114,0.0,534.0,681,2,250,0,0,0,200,200,0
753,3012,722,79,722,3,right+B,0.05942612141370773,0.26406076550483704,0.13314802944660187,0.4808711111545563,0.06249407306313515,1.3131927251815796,0.0,534.0,682,2,250,0,0,0,200,200,0
754,3016,722,93,722,2,right+A,0.05897802859544754,0.2623141407966614,0.13016271591186523,0.4877427816390991,0.06080230697989464,1.3038101196289062,0.0,534.0,683,2,250,0,0,0,200,200,0
755,3020,722,108,722,0,NOOP,0.060387950390577316,0.26706692576408386,0.13832835853099823,0.47018951177597046,0.0640273168683052,1.326524257659912,-1.0,533.0,684,2,249,0,0,0,200,200,0
756,3024,722,112,722,2,right+A,0.059724122285842896,0.2679673433303833,0.1356651932001114,0.4727587103843689,0.06388464570045471,1.3220899105072021,0.0,533.0,685,2,249,0,0,0,200,200,0
757,3028,722,106,722,1,right,0.06019999086856842,0.2661755084991455,0.13857531547546387,0.4697093665599823,0.06533985584974289,1.3285377025604248,0.0,533.0,686,2,249,0,0,0,200,200,0
758,3032,722,89,722,3,right+B,0.05993744730949402,0.2675950527191162,0.13533690571784973,0.472290575504303,0.06483998894691467,1.3238139152526855,0.0,533.0,687,2,249,0,0,0,200,200,0
759,3036,722,79,722,3,right+B,0.05918890982866287,0.26599159836769104,0.13014400005340576,0.48118969798088074,0.06348580867052078,1.311970591545105,0.0,533.0,688,2,249,0,0,0,200,200,0
760,3040,722,79,722,1,right,0.05816172808408737,0.2630435526371002,0.12521614134311676,0.4924386143684387,0.061139997094869614,1.2965813875198364,-1.0,532.0,689,2,248,0,0,0,200,200,0
761,3044,722,79,722,3,right+B,0.05820276960730553,0.2664300203323364,0.12583306431770325,0.4896847903728485,0.05984928086400032,1.2968997955322266,0.0,532.0,690,2,248,0,0,0,200,200,0
762,3048,722,79,722,3,right+B,0.057370975613594055,0.2644641399383545,0.12350684404373169,0.4943687915802002,0.060289252549409866,1.2916369438171387,0.0,532.0,691,2,248,0,0,0,200,200,0
763,3052,722,79,722,3,right+B,0.05835477262735367,0.26583942770957947,0.12475084513425827,0.4906247556209564,0.06043011322617531,1.296605110168457,0.0,532.0,692,2,248,0,0,0,200,200,0
764,3056,722,79,722,1,right,0.058975160121917725,0.26681751012802124,0.12730202078819275,0.4857439696788788,0.06116136908531189,1.3034906387329102,0.0,532.0,693,2,248,0,0,0,200,200,0
765,3060,722,79,722,3,right+B,0.05883366987109184,0.2660766839981079,0.12909357249736786,0.48417624831199646,0.06181987002491951,1.3064923286437988,-1.0,531.0,694,2,247,0,0,0,200,200,0
766,3064,722,79,722,3,right+B,0.059751808643341064,0.2701476812362671,0.1335165947675705,0.4744698405265808,0.062114011496305466,1.3171050548553467,0.0,531.0,695,2,247,0,0,0,200,200,0
767,3068,722,79,722,3,right+B,0.0589529424905777,0.26966744661331177,0.13208964467048645,0.47858887910842896,0.06070111691951752,1.3104499578475952,0.0,531.0,696,2,247,0,0,0,200,200,0
768,3072,722,79,722,1,right,0.05805770307779312,0.26716557145118713,0.12899351119995117,0.48506414890289307,0.06071914732456207,1.3030925989151,0.0,531.0,697,2,247,0,0,0,200,200,0
769,3076,722,79,722,3,right+B,0.059144437313079834,0.272457093000412,0.13312344253063202,0.47234243154525757,0.0629325732588768,1.3182895183563232,0.0,531.0,698,2,247,0,0,0,200,200,0
770,3080,722,79,722,1,right,0.05988521873950958,0.2716938257217407,0.13641920685768127,0.4682607352733612,0.06374111026525497,1.3251433372497559,-1.0,530.0,699,2,246,0,0,0,200,200,0
771,3084,722,79,722,3,right+B,0.05897120386362076,0.27090808749198914,0.13458947837352753,0.4731477200984955,0.06238355487585068,1.3178114891052246,0.0,530.0,700,2,246,0,0,0,200,200,0
772,3088,722,79,722,3,right+B,0.060056205838918686,0.2735970914363861,0.13955853879451752,0.4623829126358032,0.06440531462430954,1.3316439390182495,0.0,530.0,701,2,246,0,0,0,200,200,0
773,3092,722,79,722,3,right+B,0.061776503920555115,0.2751854658126831,0.1433754712343216,0.4534481167793274,0.06621444225311279,1.343934416770935,0.0,530.0,702,2,246,0,0,0,200,200,0
774,3096,722,93,722,2,right+A,0.06109705567359924,0.2751607298851013,0.13920888304710388,0.4595153033733368,0.06501810252666473,1.3353524208068848,0.0,530.0,703,2,246,0,0,0,200,200,0
775,3100,722,108,722,1,right,0.060361139476299286,0.27400392293930054,0.14026471972465515,0.4608357548713684,0.06453445553779602,1.3335747718811035,-1.0,529.0,704,2,245,0,0,0,200,200,0
776,3104,722,112,722,1,right,0.06108062341809273,0.27428358793258667,0.14509299397468567,0.45332634449005127,0.06621654331684113,1.3440630435943604,0.0,529.0,705,2,245,0,0,0,200,200,0
777,3108,722,106,722,1,right,0.060449689626693726,0.27163541316986084,0.14664119482040405,0.45465192198753357,0.06662175804376602,1.3439834117889404,0.0,529.0,706,2,245,0,0,0,200,200,0
778,3112,722,89,722,1,right,0.06049598008394241,0.27300116419792175,0.14755184948444366,0.4524630904197693,0.06648796796798706,1.3455419540405273,0.0,529.0,707,2,245,0,0,0,200,200,0
779,3116,722,79,722,2,right+A,0.06199488788843155,0.27643144130706787,0.15067914128303528,0.44256290793418884,0.06833170354366302,1.3571239709854126,0.0,529.0,708,2,245,0,0,0,200,200,0
780,3120,722,79,722,3,right+B,0.060316894203424454,0.2735799551010132,0.14527243375778198,0.4564772844314575,0.06435345113277435,1.3387558460235596,-1.0,528.0,709,2,244,0,0,0,200,200,0
781,3124,722,79,722,3,right+B,0.06105021387338638,0.27295705676078796,0.14880381524562836,0.45254307985305786,0.06464595347642899,1.3444719314575195,0.0,528.0,710,2,244,0,0,0,200,200,0
782,3128,722,93,722,2,right+A,0.06195133924484253,0.27489903569221497,0.1547633409500122,0.43924733996391296,0.06913892179727554,1.3621494770050049,0.0,528.0,711,2,244,0,0,0,200,200,0
783,3132,722,108,722,1,right,0.061519671231508255,0.274088054895401,0.15391242504119873,0.441128671169281,0.06935113668441772,1.3604189157485962,0.0,528.0,712,2,244,0,0,0,200,200,0
784,3136,722,112,722,2,right+A,0.06208790838718414,0.27600395679473877,0.1532299965620041,0.4387916326522827,0.0698864609003067,1.36270272731781,0.0,528.0,713,2,244,0,0,0,200,200,0
785,3140,722,106,722,4,right+A+B,0.06317615509033203,0.2743341028690338,0.16226422786712646,0.4269362688064575,0.0732891708612442,1.3792937994003296,-1.0,527.0,714,2,243,0,0,0,200,200,0
786,3144,722,89,722,3,right+B,0.062067076563835144,0.2753085196018219,0.1589035987854004,0.43178239464759827,0.07193830609321594,1.3718876838684082,0.0,527.0,715,2,243,0,0,0,200,200,0
787,3148,722,79,722,3,right+B,0.06012161448597908,0.2735344171524048,0.14535479247570038,0.4550894796848297,0.06589971482753754,1.341439962387085,0.0,527.0,716,2,243,0,0,0,200,200,0
788,3152,722,79,722,3,right+B,0.06080394238233566,0.27062591910362244,0.138082355260849,0.4663616418838501,0.06412618607282639,1.329246163368225,0.0,527.0,717,2,243,0,0,0,200,200,0
789,3156,722,79,722,3,right+B,0.06015140563249588,0.2705444097518921,0.1373477578163147,0.4700653851032257,0.061891134828329086,1.3224842548370361,0.0,527.0,718,2,243,0,0,0,200,200,0
790,3160,722,79,722,3,right+B,0.060614630579948425,0.27331194281578064,0.14010298252105713,0.46230870485305786,0.06366166472434998,1.3318121433258057,-1.0,526.0,719,2,242,0,0,0,200,200,0
791,3164,722,93,722,4,right+A+B,0.060635823756456375,0.2752094864845276,0.14587847888469696,0.45338642597198486,0.06488986313343048,1.3419606685638428,0.0,526.0,720,2,242,0,0,0,200,200,0
792,3168,722,108,722,3,right+B,0.0601748451590538,0.27378731966018677,0.14744098484516144,0.453400194644928,0.06519666314125061,1.3426768779754639,0.0,526.0,721,2,242,0,0,0,200,200,0
793,3172,722,112,722,3,right+B,0.06062745675444603,0.275521457195282,0.14762908220291138,0.45013195276260376,0.06609003245830536,1.3463842868804932,0.0,526.0,722,2,242,0,0,0,200,200,0
794,3176,722,106,722,3,right+B,0.06119820848107338,0.2735190689563751,0.1513584703207016,0.4453827738761902,0.06854148954153061,1.3552799224853516,0.0,526.0,723,2,242,0,0,0,200,200,0
795,3180,722,89,722,3,right+B,0.060322295874357224,0.2738982141017914,0.14571359753608704,0.45380347967147827,0.06626248359680176,1.3431378602981567,-1.0,525.0,724,2,241,0,0,0,200,200,0
796,3184,722,79,722,2,right+A,0.06029779464006424,0.275714248418808,0.14272142946720123,0.4561341404914856,0.06513235718011856,1.338379144668579,0.0,525.0,725,2,241,0,0,0,200,200,0
797,3188,722,79,722,3,right+B,0.05943984538316727,0.27167069911956787,0.13159440457820892,0.475219190120697,0.06207585707306862,1.3147821426391602,0.0,525.0,726,2,241,0,0,0,200,200,0
798,3192,722,93,722,4,right+A+B,0.06012597307562828,0.2720320522785187,0.13333190977573395,0.47199854254722595,0.06251154839992523,1.31950044631958,0.0,525.0,727,2,241,0,0,0,200,200,0
799,3196,722,109,722,4,right+A+B,0.059504084289073944,0.27077516913414,0.1364256888628006,0.4696204364299774,0.063674695789814,1.3237299919128418,0.0,525.0,728,2,241,0,0,0,200,200,0
800,3200,722,121,722,3,right+B,0.060071997344493866,0.2735153138637543,0.1387300193309784,0.46402671933174133,0.0636560395359993,1.3291538953781128,-1.0,524.0,729,2,240,0,0,0,200,200,0
801,3204,722,122,722,2,right+A,0.060506898909807205,0.2719927430152893,0.14472010731697083,0.45445767045021057,0.0683225691318512,1.3453408479690552,0.0,524.0,730,2,240,0,0,0,200,200,0
802,3208,722,113,722,3,right+B,0.05900801345705986,0.2705802023410797,0.13752155005931854,0.4687027931213379,0.06418751925230026,1.3249677419662476,0.0,524.0,731,2,240,0,0,0,200,200,0
803,3212,722,94,722,2,right+A,0.05994579568505287,0.26743900775909424,0.13525724411010742,0.4718156158924103,0.0655423104763031,1.3250333070755005,0.0,524.0,732,2,240,0,0,0,200,200,0
804,3216,722,79,722,2,right+A,0.058726418763399124,0.2690601348876953,0.13242773711681366,0.4771249294281006,0.06266075372695923,1.3140736818313599,0.0,524.0,733,2,240,0,0,0,200,200,0
805,3220,722,79,722,1,right,0.05964454635977745,0.2691214978694916,0.1303500533103943,0.4795618951320648,0.0613219253718853,1.3106070756912231,-1.0,523.0,734,2,239,0,0,0,200,200,0
806,3224,722,79,722,1,right,0.05869964510202408,0.26470720767974854,0.12628884613513947,0.4901932179927826,0.060111068189144135,1.298069715499878,0.0,523.0,735,2,239,0,0,0,200,200,0
807,3228,722,79,722,0,NOOP,0.058376897126436234,0.26330098509788513,0.12513163685798645,0.4928532540798187,0.06033722683787346,1.2954057455062866,0.0,523.0,736,2,239,0,0,0,200,200,0
808,3232,722,79,722,3,right+B,0.05893494561314583,0.26414620876312256,0.12714481353759766,0.48811957240104675,0.061654508113861084,1.3025954961776733,0.0,523.0,737,2,239,0,0,0,200,200,0
809,3236,722,79,722,3,right+B,0.059365201741456985,0.2649160325527191,0.12727221846580505,0.4875047206878662,0.06094183772802353,1.3026673793792725,0.0,523.0,738,2,239,0,0,0,200,200,0
810,3240,722,93,722,4,right+A+B,0.059477873146533966,0.2651166617870331,0.12814286351203918,0.48611903190612793,0.06114353984594345,1.304610252380371,-1.0,522.0,739,2,238,0,0,0,200,200,0
811,3244,722,108,722,3,right+B,0.05881650745868683,0.2650524377822876,0.1307952105998993,0.4824146032333374,0.06292127072811127,1.3103331327438354,0.0,522.0,740,2,238,0,0,0,200,200,0
812,3248,722,112,722,3,right+B,0.05978105217218399,0.2673113942146301,0.1329580694437027,0.4762018918991089,0.06374756246805191,1.3181407451629639,0.0,522.0,741,2,238,0,0,0,200,200,0
813,3252,722,106,722,3,right+B,0.06027861312031746,0.2651051878929138,0.13766896724700928,0.47155681252479553,0.06539036333560944,1.3270758390426636,0.0,522.0,742,2,238,0,0,0,200,200,0
814,3256,722,89,722,1,right,0.06011408194899559,0.26654624938964844,0.1386854648590088,0.47042688727378845,0.06422730535268784,1.3265011310577393,0.0,522.0,743,2,238,0,0,0,200,200,0
815,3260,722,79,722,1,right,0.05985768511891365,0.26592060923576355,0.13537569344043732,0.47648829221725464,0.06235773116350174,1.317745566368103,-1.0,521.0,744,2,237,0,0,0,200,200,0
816,3264,722,79,722,3,right+B,0.058680493384599686,0.2622271478176117,0.12988457083702087,0.4890890121459961,0.06011871248483658,1.3013299703598022,0.0,521.0,745,2,237,0,0,0,200,200,0
817,3268,722,93,722,2,right+A,0.05934982746839523,0.26486074924468994,0.13228946924209595,0.48275095224380493,0.060748953372240067,1.308816909790039,0.0,521.0,746,2,237,0,0,0,200,200,0
818,3272,722,108,722,1,right,0.05938389524817467,0.26558777689933777,0.13261039555072784,0.47962528467178345,0.06279260665178299,1.313930630683899,0.0,521.0,747,2,237,0,0,0,200,200,0
819,3276,722,112,722,4,right+A+B,0.05989011004567146,0.26744788885116577,0.1352199763059616,0.47431430220603943,0.0631277784705162,1.3200595378875732,0.0,521.0,748,2,237,0,0,0,200,200,0
820,3280,722,106,722,2,right+A,0.06049131602048874,0.266669899225235,0.13960479199886322,0.46807655692100525,0.06515739113092422,1.3303056955337524,-1.0,520.0,749,2,236,0,0,0,200,200,0
821,3284,722,89,722,3,right+B,0.059581682085990906,0.2661392390727997,0.1368880271911621,0.4733814001083374,0.0640096589922905,1.3225218057632446,0.0,520.0,750,2,236,0,0,0,200,200,0
822,3288,722,79,722,4,right+A+B,0.05898194760084152,0.26480814814567566,0.13356265425682068,0.48015591502189636,0.06249132752418518,1.3132349252700806,0.0,520.0,751,2,236,0,0,0,200,200,0
823,3292,722,79,722,2,right+A,0.058183591812849045,0.2621218264102936,0.12901559472084045,0.49012836813926697,0.060550570487976074,1.2999560832977295,0.0,520.0,752,2,236,0,0,0,200,200,0
824,3296,722,79,722,1,right,0.059000205248594284,0.2647883892059326,0.1323976069688797,0.4831114411354065,0.060702282935380936,1.3080826997756958,0.0,520.0,753,2,236,0,0,0,200,200,0
825,3300,722,79,722,3,right+B,0.05886761099100113,0.2641468346118927,0.13176436722278595,0.48356515169143677,0.061655960977077484,1.3085664510726929,-1.0,519.0,754,2,235,0,0,0,200,200,0
826,3304,722,93,722,2,right+A,0.05947110801935196,0.26496443152427673,0.13487008213996887,0.47901201248168945,0.06168234348297119,1.314361810684204,0.0,519.0,755,2,235,0,0,0,200,200,0
827,3308,722,108,722,3,right+B,0.06020032986998558,0.2679429054260254,0.13984696567058563,0.46801289916038513,0.06399690359830856,1.3284168243408203,0.0,519.0,756,2,235,0,0,0,200,200,0
828,3312,722,112,722,3,right+B,0.05959778279066086,0.26752769947052,0.13853783905506134,0.47090524435043335,0.0634315013885498,1.3242223262786865,0.0,519.0,757,2,235,0,0,0,200,200,0
829,3316,722,106,722,3,right+B,0.06025229021906853,0.26715484261512756,0.1412288397550583,0.46613696217536926,0.06522713601589203,1.3321775197982788,0.0,519.0,758,2,235,0,0,0,200,200,0
830,3320,722,89,722,2,right+A,0.05951957404613495,0.2668140232563019,0.138187438249588,0.471381813287735,0.06409716606140137,1.3245575428009033,-1.0,518.0,759,2,234,0,0,0,200,200,0
831,3324,722,79,722,3,right+B,0.05872691422700882,0.2652056813240051,0.13333821296691895,0.4804574251174927,0.06227172911167145,1.3122003078460693,0.0,518.0,760,2,234,0,0,0,200,200,0
832,3328,722,79,722,1,right,0.058109402656555176,0.2626943588256836,0.128700390458107,0.48984596133232117,0.06065002456307411,1.2999422550201416,0.0,518.0,761,2,234,0,0,0,200,200,0
833,3332,722,79,722,1,right,0.05860656127333641,0.26400795578956604,0.13062989711761475,0.4864155650138855,0.06034000217914581,1.3037195205688477,0.0,518.0,762,2,234,0,0,0,200,200,0
834,3336,722,79,722,1,right,0.058372095227241516,0.263467013835907,0.12921443581581116,0.4878166913986206,0.06112975254654884,1.302664041519165,0.0,518.0,763,2,234,0,0,0,200,200,0
835,3340,722,79,722,3,right+B,0.05864887312054634,0.2635550796985626,0.1305515170097351,0.4862225353717804,0.06102197617292404,1.3048481941223145,-1.0,517.0,764,2,233,0,0,0,200,200,0
836,3344,722,79,722,3,right+B,0.05897863954305649,0.26396414637565613,0.13115745782852173,0.4848642945289612,0.061035413295030594,1.3066163063049316,0.0,517.0,765,2,233,0,0,0,200,200,0
837,3348,722,79,722,1,right,0.05914594233036041,0.2647557854652405,0.133056178689003,0.481273353099823,0.06176876276731491,1.3114194869995117,0.0,517.0,766,2,233,0,0,0,200,200,0
838,3352,722,79,722,0,NOOP,0.05959909036755562,0.26575344800949097,0.13534073531627655,0.47702762484550476,0.062279053032398224,1.3169065713882446,0.0,517.0,767,2,233,0,0,0,200,200,0
839,3356,722,93,722,4,right+A+B,0.05950646474957466,0.26539212465286255,0.1360023021697998,0.4768836200237274,0.06221556290984154,1.3172048330307007,0.0,517.0,768,2,233,0,0,0,200,200,0
840,3360,722,108,722,3,right+B,0.059639822691679,0.266821950674057,0.1378319263458252,0.472484827041626,0.06322149187326431,1.3226200342178345,-1.0,516.0,769,2,232,0,0,0,200,200,0
841,3364,722,112,722,3,right+B,0.05958106741309166,0.2677479386329651,0.13695752620697021,0.47235774993896484,0.06335567682981491,1.3222153186798096,0.0,516.0,770,2,232,0,0,0,200,200,0
842,3368,722,106,722,2,right+A,0.05969645082950592,0.2656608819961548,0.13966631889343262,0.47034570574760437,0.06463059782981873,1.3271324634552002,0.0,516.0,771,2,232,0,0,0,200,200,0
843,3372,722,89,722,1,right,0.059304773807525635,0.26615238189697266,0.1369471549987793,0.473726361989975,0.06386934220790863,1.3217473030090332,0.0,516.0,772,2,232,0,0,0,200,200,0
844,3376,722,79,722,3,right+B,0.058891210705041885,0.26527220010757446,0.13325348496437073,0.4800291955471039,0.06255389004945755,1.3130519390106201,0.0,516.0,773,2,232,0,0,0,200,200,0
845,3380,722,79,722,1,right,0.0579884797334671,0.2618468701839447,0.12795397639274597,0.49178293347358704,0.060427743941545486,1.2976865768432617,-1.0,515.0,774,2,231,0,0,0,200,200,0
846,3384,722,79,722,1,right,0.05919434502720833,0.2645326852798462,0.13114643096923828,0.4844873547554016,0.06063919886946678,1.306578278541565,0.0,515.0,775,2,231,0,0,0,200,200,0
847,3388,722,79,722,3,right+B,0.05906049162149429,0.2639375627040863,0.12969106435775757,0.48600050806999207,0.06131044030189514,1.305415153503418,0.0,515.0,776,2,231,0,0,0,200,200,0
848,3392,722,79,722,1,right,0.05988292023539543,0.26432913541793823,0.13223135471343994,0.4817256033420563,0.06183099001646042,1.3117692470550537,0.0,515.0,777,2,231,0,0,0,200,200,0
849,3396,722,93,722,2,right+A,0.059930216521024704,0.26411014795303345,0.13242711126804352,0.481963574886322,0.06156899034976959,1.3114506006240845,0.0,515.0,778,2,231,0,0,0,200,200,0
850,3400,722,109,722,4,right+A+B,0.060746319591999054,0.267389714717865,0.13806435465812683,0.4703490734100342,0.06345053762197495,1.325965166091919,-1.0,514.0,779,2,230,0,0,0,200,200,0
851,3404,722,122,722,2,right+A,0.06071776524186134,0.26855167746543884,0.1382347196340561,0.46909278631210327,0.06340309232473373,1.3266721963882446,0.0,514.0,780,2,230,0,0,0,200,200,0
852,3408,722,130,722,1,right,0.06153987720608711,0.2667171359062195,0.14606936275959015,0.45801234245300293,0.06766123324632645,1.3449229001998901,0.0,514.0,781,2,230,0,0,0,200,200,0
853,3412,722,129,722,3,right+B,0.05917787924408913,0.2669082283973694,0.13825611770153046,0.47163861989974976,0.06401918828487396,1.3238319158554077,0.0,514.0,782,2,230,0,0,0,200,200,0
854,3416,722,117,722,3,right+B,0.05920657888054848,0.26492488384246826,0.13719649612903595,0.47280263900756836,0.06586941331624985,1.3251174688339233,0.0,514.0,783,2,230,0,0,0,200,200,0
855,3420,722,97,722,3,right+B,0.060040898621082306,0.2656160891056061,0.13719558715820312,0.4707617461681366,0.06638569384813309,1.3282546997070312,-1.0,513.0,784,2,229,0,0,0,200,200,0
856,3424,722,79,722,3,right+B,0.059727758169174194,0.2667839229106903,0.13547354936599731,0.4723025858402252,0.06571213155984879,1.324815273284912,0.0,513.0,785,2,229,0,0,0,200,200,0
857,3428,722,79,722,1,right,0.05876811966300011,0.262189120054245,0.12785488367080688,0.48862844705581665,0.06255947053432465,1.3038520812988281,0.0,513.0,786,2,229,0,0,0,200,200,0
858,3432,722,93,722,4,right+A+B,0.058817505836486816,0.2633731961250305,0.12506592273712158,0.4920034110546112,0.06073995679616928,1.2971429824829102,0.0,513.0,787,2,229,0,0,0,200,200,0
859,3436,722,108,722,1,right,0.05880668759346008,0.26513129472732544,0.1266240030527115,0.48717692494392395,0.06226102262735367,1.3034764528274536,0.0,513.0,788,2,229,0,0,0,200,200,0
860,3440,722,112,722,4,right+A+B,0.05926855280995369,0.27005264163017273,0.12948660552501678,0.4793115556240082,0.06188067048788071,1.3103773593902588,-1.0,512.0,789,2,228,0,0,0,200,200,0
861,3444,722,106,722,1,right,0.059684425592422485,0.2669985890388489,0.1331077367067337,0.47673478722572327,0.06347449868917465,1.3174002170562744,0.0,512.0,790,2,228,0,0,0,200,200,0
862,3448,722,89,722,4,right+A+B,0.05950503796339035,0.2689672112464905,0.13256120681762695,0.47639861702919006,0.06256795674562454,1.3156285285949707,0.0,512.0,791,2,228,0,0,0,200,200,0
863,3452,722,79,722,1,right,0.06007160246372223,0.2704736292362213,0.1332104504108429,0.47347521781921387,0.06276916712522507,1.3188893795013428,0.0,512.0,792,2,228,0,0,0,200,200,0
864,3456,722,93,722,4,right+A+B,0.05848175659775734,0.26568543910980225,0.12924355268478394,0.48556211590766907,0.061027176678180695,1.3040742874145508,0.0,512.0,793,2,228,0,0,0,200,200,0
865,3460,722,109,722,2,right+A,0.05905618146061897,0.2701910138130188,0.13505610823631287,0.4735358953475952,0.06216081976890564,1.3177216053009033,-1.0,511.0,794,2,227,0,0,0,200,200,0
866,3464,722,121,722,3,right+B,0.05843063443899155,0.27051523327827454,0.12940694391727448,0.48069068789482117,0.06095655634999275,1.306879997253418,0.0,511.0,795,2,227,0,0,0,200,200,0
867,3468,722,122,722,4,right+A+B,0.06080738082528114,0.271850049495697,0.1440475881099701,0.4545256793498993,0.06876932084560394,1.3459467887878418,0.0,511.0,796,2,227,0,0,0,200,200,0
868,3472,722,113,722,2,right+A,0.05948946997523308,0.2739850580692291,0.13645529747009277,0.4644283652305603,0.06564183533191681,1.3293567895889282,0.0,511.0,797,2,227,0,0,0,200,200,0
869,3476,722,94,722,3,right+B,0.05904388055205345,0.2705223262310028,0.13180571794509888,0.47497835755348206,0.06364961713552475,1.3167674541473389,0.0,511.0,798,2,227,0,0,0,200,200,0
870,3480,722,79,722,3,right+B,0.05828923359513283,0.2699694335460663,0.1330346167087555,0.4766192138195038,0.06208748370409012,1.3132855892181396,-1.0,510.0,799,2,226,0,0,0,200,200,0
871,3484,722,79,722,3,right+B,0.060268111526966095,0.27314069867134094,0.13910913467407227,0.4637839198112488,0.06369815021753311,1.3298970460891724,0.0,510.0,800,2,226,0,0,0,200,200,0
872,3488,722,79,722,1,right,0.06156644970178604,0.2750893235206604,0.13994964957237244,0.4590420126914978,0.06435258686542511,1.3358385562896729,0.0,510.0,801,2,226,0,0,0,200,200,0
873,3492,722,79,722,1,right,0.06150776520371437,0.27502739429473877,0.13984276354312897,0.45916834473609924,0.06445373594760895,1.3357605934143066,0.0,510.0,802,2,226,0,0,0,200,200,0
874,3496,722,79,722,1,right,0.06016135588288307,0.2728853225708008,0.1376623511314392,0.46737679839134216,0.06191411241889,1.3242133855819702,0.0,510.0,803,2,226,0,0,0,200,200,0
875,3500,722,79,722,3,right+B,0.06160067394375801,0.2744781970977783,0.14466361701488495,0.456137478351593,0.06312009692192078,1.3386720418930054,-1.0,509.0,804,2,225,0,0,0,200,200,0
876,3504,722,79,722,1,right,0.05955580621957779,0.2693801820278168,0.14019928872585297,0.4691399037837982,0.061724793165922165,1.3237515687942505,0.0,509.0,805,2,225,0,0,0,200,200,0
877,3508,722,79,722,3,right+B,0.0600096695125103,0.27339956164360046,0.14064471423625946,0.4628182649612427,0.06312775611877441,1.3302109241485596,0.0,509.0,806,2,225,0,0,0,200,200,0
878,3512,722,79,722,3,right+B,0.06117520481348038,0.27430930733680725,0.14396162331104279,0.4549299478530884,0.0656239241361618,1.3418264389038086,0.0,509.0,807,2,225,0,0,0,200,200,0
879,3516,722,93,722,4,right+A+B,0.06116364523768425,0.2727401554584503,0.14813481271266937,0.45188185572624207,0.06607959419488907,1.3466171026229858,0.0,509.0,808,2,225,0,0,0,200,200,0
880,3520,722,108,722,1,right,0.06145849823951721,0.27406060695648193,0.15185266733169556,0.4446634352207184,0.06796475499868393,1.3555095195770264,-1.0,508.0,809,2,224,0,0,0,200,200,0
881,3524,722,112,722,3,right+B,0.062350571155548096,0.2763608992099762,0.15528734028339386,0.4367576241493225,0.06924360245466232,1.364343285560608,0.0,508.0,810,2,224,0,0,0,200,200,0
882,3528,722,106,722,3,right+B,0.06181490048766136,0.27162060141563416,0.15141434967517853,0.4460129141807556,0.06913726776838303,1.3567408323287964,0.0,508.0,811,2,224,0,0,0,200,200,0
883,3532,722,89,722,0,NOOP,0.06140025332570076,0.27344536781311035,0.14621509611606598,0.4517304301261902,0.06720889359712601,1.347452998161316,0.0,508.0,812,2,224,0,0,0,200,200,0
884,3536,722,79,722,3,right+B,0.06273791939020157,0.27528446912765503,0.15631245076656342,0.43624138832092285,0.06942381709814072,1.3659894466400146,0.0,508.0,813,2,224,0,0,0,200,200,0
885,3540,722,79,722,1,right,0.06233624368906021,0.2752690017223358,0.15390923619270325,0.439725399017334,0.06876006722450256,1.3614799976348877,-1.0,507.0,814,2,223,0,0,0,200,200,0
886,3544,722,79,722,3,right+B,0.0608113594353199,0.27366602420806885,0.14520443975925446,0.45682305097579956,0.06349508464336395,1.3380329608917236,0.0,507.0,815,2,223,0,0,0,200,200,0
887,3548,722,79,722,1,right,0.061679523438215256,0.2739640772342682,0.14509685337543488,0.45345646142959595,0.06580314040184021,1.3443074226379395,0.0,507.0,816,2,223,0,0,0,200,200,0
888,3552,722,79,722,1,right,0.060283537954092026,0.2703262269496918,0.13820067048072815,0.4696928858757019,0.06149659305810928,1.322880506515503,0.0,507.0,817,2,223,0,0,0,200,200,0
889,3556,722,79,722,3,right+B,0.061234474182128906,0.2742936313152313,0.14134053885936737,0.460246741771698,0.0628846064209938,1.3335047960281372,0.0,507.0,818,2,223,0,0,0,200,200,0
890,3560,722,79,722,3,right+B,0.06070433929562569,0.2758583724498749,0.14247636497020721,0.45650598406791687,0.06445499509572983,1.3376659154891968,-1.0,506.0,819,2,222,0,0,0,200,200,0
891,3564,722,93,722,2,right+A,0.05973760411143303,0.2729015350341797,0.14148463308811188,0.4627716541290283,0.0631045550107956,1.3303436040878296,0.0,506.0,820,2,222,0,0,0,200,200,0
892,3568,722,108,722,3,right+B,0.06023368984460831,0.2728149890899658,0.14432048797607422,0.4572330117225647,0.06539782136678696,1.3391385078430176,0.0,506.0,821,2,222,0,0,0,200,200,0
893,3572,722,112,722,2,right+A,0.05992148444056511,0.273706316947937,0.14108464121818542,0.46097204089164734,0.06431551277637482,1.333066701889038,0.0,506.0,822,2,222,0,0,0,200,200,0
894,3576,722,106,722,1,right,0.061021532863378525,0.2726163864135742,0.14914734661579132,0.44990208745002747,0.06731263548135757,1.3497508764266968,0.0,506.0,823,2,222,0,0,0,200,200,0
895,3580,722,89,722,3,right+B,0.06028827652335167,0.2756447196006775,0.14467781782150269,0.4539259970188141,0.06546318531036377,1.3412226438522339,-1.0,505.0,824,2,221,0,0,0,200,200,0
896,3584,722,79,722,3,right+B,0.06037013977766037,0.274867445230484,0.13742126524448395,0.4635513424873352,0.06378977745771408,1.329153060913086,0.0,505.0,825,2,221,0,0,0,200,200,0
897,3588,722,79,722,3,right+B,0.06001754477620125,0.2710435688495636,0.1333087980747223,0.47349074482917786,0.062139399349689484,1.317945122718811,0.0,505.0,826,2,221,0,0,0,200,200,0
898,3592,722,79,722,3,right+B,0.05973224341869354,0.27007856965065,0.13659265637397766,0.47235897183418274,0.061237454414367676,1.3190975189208984,0.0,505.0,827,2,221,0,0,0,200,200,0
899,3596,722,79,722,3,right+B,0.05994885787367821,0.27135640382766724,0.13804839551448822,0.468452125787735,0.0621941052377224,1.3239858150482178,0.0,505.0,828,2,221,0,0,0,200,200,0
900,3600,722,93,722,4,right+A+B,0.05838438495993614,0.2681501507759094,0.13119736313819885,0.48271968960762024,0.05954846367239952,1.3048213720321655,-1.0,504.0,829,2,220,0,0,0,200,200,0
901,3604,722,108,722,0,NOOP,0.059066932648420334,0.2716957926750183,0.13454744219779968,0.4729097783565521,0.061780065298080444,1.3171701431274414,0.0,504.0,830,2,220,0,0,0,200,200,0
902,3608,722,112,722,1,right,0.059372447431087494,0.2704520523548126,0.1356077343225479,0.47133323550224304,0.06323456019163132,1.3213821649551392,0.0,504.0,831,2,220,0,0,0,200,200,0
903,3612,722,106,722,1,right,0.05952967330813408,0.2679978311061859,0.13565513491630554,0.4725858271121979,0.06423161178827286,1.322385549545288,0.0,504.0,832,2,220,0,0,0,200,200,0
904,3616,722,89,722,1,right,0.05953861027956009,0.2695164382457733,0.13365821540355682,0.4739415943622589,0.06334516406059265,1.3189771175384521,0.0,504.0,833,2,220,0,0,0,200,200,0
905,3620,722,79,722,1,right,0.059340257197618484,0.2674795687198639,0.1296672374010086,0.4818900525569916,0.06162286177277565,1.3087396621704102,-1.0,503.0,834,2,219,0,0,0,200,200,0
906,3624,722,79,722,1,right,0.057994239032268524,0.2619141638278961,0.12371596693992615,0.49682900309562683,0.05954669043421745,1.290084958076477,0.0,503.0,835,2,219,0,0,0,200,200,0
907,3628,722,79,722,0,NOOP,0.05910871550440788,0.26492398977279663,0.12698456645011902,0.4885977506637573,0.06038497015833855,1.3005831241607666,0.0,503.0,836,2,219,0,0,0,200,200,0
908,3632,722,79,722,1,right,0.05946280062198639,0.2658909559249878,0.12866920232772827,0.48392966389656067,0.06204737350344658,1.3076096773147583,0.0,503.0,837,2,219,0,0,0,200,200,0
909,3636,722,79,722,3,right+B,0.060752347111701965,0.26769959926605225,0.1330304592847824,0.47583383321762085,0.06268367171287537,1.3183162212371826,0.0,503.0,838,2,219,0,0,0,200,200,0
910,3640,722,79,722,3,right+B,0.06029341369867325,0.2664063572883606,0.13254882395267487,0.4791055917739868,0.061645813286304474,1.3138847351074219,-1.0,502.0,839,2,218,0,0,0,200,200,0
911,3644,722,79,722,1,right,0.059672050178050995,0.2656019628047943,0.13298310339450836,0.4797542095184326,0.06198861077427864,1.3133790493011475,0.0,502.0,840,2,218,0,0,0,200,200,0
912,3648,722,79,722,0,NOOP,0.05961284786462784,0.26484164595603943,0.13276486098766327,0.4810047745704651,0.06177578493952751,1.3120872974395752,0.0,502.0,841,2,218,0,0,0,200,200,0
913,3652,722,79,722,1,right,0.059602949768304825,0.2654188275337219,0.13304731249809265,0.4800622761249542,0.061868634074926376,1.3129634857177734,0.0,502.0,842,2,218,0,0,0,200,200,0
914,3656,722,79,722,1,right,0.05969952791929245,0.26532742381095886,0.13135851919651031,0.4826153814792633,0.060999222099781036,1.3091386556625366,0.0,502.0,843,2,218,0,0,0,200,200,0
915,3660,722,79,722,3,right+B,0.05923990532755852,0.263264000415802,0.1278124451637268,0.48981809616088867,0.059865571558475494,1.2998621463775635,-1.0,501.0,844,2,217,0,0,0,200,200,0
916,3664,722,79,722,3,right+B,0.0594090074300766,0.26367896795272827,0.1304238885641098,0.48506465554237366,0.06142350286245346,1.307189702987671,0.0,501.0,845,2,217,0,0,0,200,200,0
917,3668,722,79,722,1,right,0.05898873135447502,0.2628011107444763,0.12972383201122284,0.48738276958465576,0.061103515326976776,1.3041800260543823,0.0,501.0,846,2,217,0,0,0,200,200,0
918,3672,722,79,722,1,right,0.05915452539920807,0.26324161887168884,0.12904462218284607,0.48808491230010986,0.06047428771853447,1.3025906085968018,0.0,501.0,847,2,217,0,0,0,200,200,0
919,3676,722,79,722,3,right+B,0.05981115996837616,0.2659555971622467,0.13280229270458221,0.47976958751678467,0.06166132166981697,1.3129750490188599,0.0,501.0,848,2,217,0,0,0,200,200,0
920,3680,722,79,722,1,right,0.059717629104852676,0.2658197283744812,0.13395865261554718,0.4782719016075134,0.062232065945863724,1.315346360206604,-1.0,500.0,849,2,216,0,0,0,200,200,0
921,3684,722,79,722,3,right+B,0.059480879455804825,0.2643032670021057,0.13350069522857666,0.4810110032558441,0.06170409917831421,1.3122878074645996,0.0,500.0,850,2,216,0,0,0,200,200,0
922,3688,722,79,722,3,right+B,0.05993077903985977,0.2650158405303955,0.1349993348121643,0.4783896207809448,0.0616643913090229,1.3154761791229248,0.0,500.0,851,2,216,0,0,0,200,200,0
923,3692,722,79,722,3,right+B,0.06046103686094284,0.2670799791812897,0.13816966116428375,0.47175851464271545,0.06253081560134888,1.3234832286834717,0.0,500.0,852,2,216,0,0,0,200,200,0
924,3696,722,93,722,2,right+A,0.05954056978225708,0.26556628942489624,0.13475511968135834,0.47894155979156494,0.061196379363536835,1.3137187957763672,0.0,500.0,853,2,216,0,0,0,200,200,0
925,3700,722,108,722,1,right,0.06030518561601639,0.268521249294281,0.1393411010503769,0.4679874777793884,0.06384503096342087,1.3280394077301025,-1.0,499.0,854,2,215,0,0,0,200,200,0
926,3704,722,112,722,2,right+A,0.06005213037133217,0.26831308007240295,0.13857896625995636,0.46910360455513,0.06395231932401657,1.3266916275024414,0.0,499.0,855,2,215,0,0,0,200,200,0
927,3708,722,106,722,4,right+A+B,0.060167744755744934,0.2662757337093353,0.1396503448486328,0.46888014674186707,0.06502602249383926,1.3292158842086792,0.0,499.0,856,2,215,0,0,0,200,200,0
928,3712,722,89,722,1,right,0.059728480875492096,0.2668251097202301,0.13764004409313202,0.47150468826293945,0.06430166214704514,1.3247307538986206,0.0,499.0,857,2,215,0,0,0,200,200,0
929,3716,722,79,722,2,right+A,0.0589505136013031,0.26515278220176697,0.13347293436527252,0.47999754548072815,0.06242626532912254,1.3131264448165894,0.0,499.0,858,2,215,0,0,0,200,200,0
930,3720,722,79,722,0,NOOP,0.05815265700221062,0.2623305022716522,0.12869217991828918,0.4903094470500946,0.06051527336239815,1.299514651298523,-1.0,498.0,859,2,214,0,0,0,200,200,0
931,3724,722,79,722,1,right,0.05894865468144417,0.2648881673812866,0.13286139070987701,0.48175692558288574,0.06154476851224899,1.3103736639022827,0.0,498.0,860,2,214,0,0,0,200,200,0
932,3728,722,79,722,1,right,0.059171710163354874,0.2649921476840973,0.13177838921546936,0.482107013463974,0.061950743198394775,1.3103382587432861,0.0,498.0,861,2,214,0,0,0,200,200,0
933,3732,722,79,722,1,right,0.05947462469339371,0.264415979385376,0.1321287602186203,0.4832141399383545,0.06076648458838463,1.3086389303207397,0.0,498.0,862,2,214,0,0,0,200,200,0
934,3736,722,79,722,1,right,0.0597655288875103,0.2655820846557617,0.13515424728393555,0.4777430593967438,0.061755068600177765,1.315847635269165,0.0,498.0,863,2,214,0,0,0,200,200,0
935,3740,722,79,722,1,right,0.060095492750406265,0.26630285382270813,0.13682197034358978,0.47460219264030457,0.06217748299241066,1.319902777671814,-1.0,497.0,864,2,213,0,0,0,200,200,0
936,3744,722,79,722,3,right+B,0.05940483137965202,0.264829158782959,0.13412564992904663,0.4808114767074585,0.06082889065146446,1.3114393949508667,0.0,497.0,865,2,213,0,0,0,200,200,0
937,3748,722,79,722,3,right+B,0.05964582413434982,0.2665746212005615,0.13515231013298035,0.476698100566864,0.06192919611930847,1.316532015800476,0.0,497.0,866,2,213,0,0,0,200,200,0
938,3752,722,79,722,3,right+B,0.05944667384028435,0.26594606041908264,0.1341661959886551,0.47839847207069397,0.06204252317547798,1.3147332668304443,0.0,497.0,867,2,213,0,0,0,200,200,0
939,3756,722,79,722,3,right+B,0.058862440288066864,0.2639204263687134,0.13152122497558594,0.4847276210784912,0.06096825376152992,1.3066805601119995,0.0,497.0,868,2,213,0,0,0,200,200,0
940,3760,722,93,722,4,right+A+B,0.05899420380592346,0.2641269862651825,0.1307510882616043,0.48522520065307617,0.06090262159705162,1.305940866470337,-1.0,496.0,869,2,212,0,0,0,200,200,0
941,3764,722,108,722,3,right+B,0.05958489328622818,0.2664720416069031,0.1353088617324829,0.47548848390579224,0.06314578652381897,1.3190125226974487,0.0,496.0,870,2,212,0,0,0,200,200,0
942,3768,722,112,722,4,right+A+B,0.05979960411787033,0.2677636742591858,0.13584654033184052,0.4729865789413452,0.06360355019569397,1.3217933177947998,0.0,496.0,871,2,212,0,0,0,200,200,0
943,3772,722,106,722,2,right+A,0.060488011687994,0.26598894596099854,0.14012795686721802,0.4679550528526306,0.06543999910354614,1.3311035633087158,0.0,496.0,872,2,212,0,0,0,200,200,0
944,3776,722,89,722,0,NOOP,0.060453131794929504,0.2674921452999115,0.1394767165184021,0.4675139784812927,0.06506404280662537,1.3303494453430176,0.0,496.0,873,2,212,0,0,0,200,200,0
945,3780,722,79,722,3,right+B,0.05954138562083244,0.2658205032348633,0.13571906089782715,0.47598007321357727,0.06293896585702896,1.3186408281326294,-1.0,495.0,874,2,211,0,0,0,200,200,0
946,3784,722,79,722,3,right+B,0.05958520621061325,0.26420554518699646,0.1330365687608719,0.48185810446739197,0.061314571648836136,1.3110496997833252,0.0,495.0,875,2,211,0,0,0,200,200,0
947,3788,722,93,722,4,right+A+B,0.060547176748514175,0.2660199701786041,0.13587063550949097,0.47608283162117004,0.06147930398583412,1.3180590867996216,0.0,495.0,876,2,211,0,0,0,200,200,0
948,3792,722,108,722,1,right,0.06073462963104248,0.2674933969974518,0.13717085123062134,0.4713907539844513,0.06321030110120773,1.3244187831878662,0.0,495.0,877,2,211,0,0,0,200,200,0
949,3796,722,112,722,1,right,0.06109580770134926,0.2696840763092041,0.13903294503688812,0.46663469076156616,0.06355239450931549,1.3293383121490479,0.0,495.0,878,2,211,0,0,0,200,200,0
950,3800,722,106,722,3,right+B,0.060890309512615204,0.26606881618499756,0.14016860723495483,0.46820002794265747,0.06467219442129135,1.3305045366287231,-1.0,494.0,879,2,210,0,0,0,200,200,0
951,3804,722,89,722,3,right+B,0.06001558154821396,0.26518356800079346,0.13542141020298004,0.4760717451572418,0.06330770999193192,1.3196238279342651,0.0,494.0,880,2,210,0,0,0,200,200,0
952,3808,722,79,722,3,right+B,0.05954473465681076,0.2645057439804077,0.13279393315315247,0.48091423511505127,0.06224136799573898,1.3127355575561523,0.0,494.0,881,2,210,0,0,0,200,200,0
953,3812,722,79,722,0,NOOP,0.05867616459727287,0.2615810036659241,0.12772755324840546,0.49122321605682373,0.06079208105802536,1.2994424104690552,0.0,494.0,882,2,210,0,0,0,200,200,0
954,3816,722,79,722,1,right,0.05969783291220665,0.26629605889320374,0.1322309374809265,0.4800150692462921,0.061760064214468,1.3124070167541504,0.0,494.0,883,2,210,0,0,0,200,200,0
955,3820,722,79,722,3,right+B,0.05969950184226036,0.2660059928894043,0.12872345745563507,0.48410677909851074,0.06146427243947983,1.3070456981658936,-1.0,493.0,884,2,209,0,0,0,200,200,0
956,3824,722,79,722,3,right+B,0.05983990803360939,0.26493972539901733,0.1288015991449356,0.48525550961494446,0.06116320937871933,1.3061788082122803,0.0,493.0,885,2,209,0,0,0,200,200,0
957,3828,722,79,722,1,right,0.059935860335826874,0.2662373185157776,0.13009609282016754,0.4814659357070923,0.062264736741781235,1.3111289739608765,0.0,493.0,886,2,209,0,0,0,200,200,0
958,3832,722,79,722,3,right+B,0.06010992452502251,0.26661187410354614,0.13202570378780365,0.4790160655975342,0.06223640963435173,1.3141595125198364,0.0,493.0,887,2,209,0,0,0,200,200,0
959,3836,722,93,722,4,right+A+B,0.05938366800546646,0.267494261264801,0.131124809384346,0.48102906346321106,0.06096820905804634,1.3093940019607544,0.0,493.0,888,2,209,0,0,0,200,200,0
960,3840,722,108,722,3,right+B,0.05984087288379669,0.27020716667175293,0.13317584991455078,0.4747675955295563,0.06200847029685974,1.3166759014129639,-1.0,492.0,889,2,208,0,0,0,200,200,0
961,3844,722,112,722,1,right,0.06066485494375229,0.27321383357048035,0.1336071640253067,0.4696701765060425,0.0628439411520958,1.3222700357437134,0.0,492.0,890,2,208,0,0,0,200,200,0
962,3848,722,106,722,3,right+B,0.06066066771745682,0.27032092213630676,0.1371029019355774,0.4671891927719116,0.06472626328468323,1.3287795782089233,0.0,492.0,891,2,208,0,0,0,200,200,0
963,3852,722,89,722,3,right+B,0.059445567429065704,0.2680763900279999,0.13260598480701447,0.4763523042201996,0.06351975351572037,1.3169761896133423,0.0,492.0,892,2,208,0,0,0,200,200,0
964,3856,722,79,722,2,right+A,0.05866589769721031,0.2688721716403961,0.1309642642736435,0.47995641827583313,0.06154131516814232,1.3096641302108765,0.0,492.0,893,2,208,0,0,0,200,200,0
965,3860,722,79,722,3,right+B,0.05686616897583008,0.2638819217681885,0.1243971511721611,0.49603861570358276,0.05881611630320549,1.2882933616638184,-1.0,491.0,894,2,207,0,0,0,200,200,0
966,3864,722,79,722,3,right+B,0.059024471789598465,0.26895231008529663,0.13067764043807983,0.4803113043308258,0.061034251004457474,1.309046983718872,0.0,491.0,895,2,207,0,0,0,200,200,0
967,3868,722,79,722,1,right,0.0591774582862854,0.270589143037796,0.12990300357341766,0.47738853096961975,0.06294188648462296,1.3131980895996094,0.0,491.0,896,2,207,0,0,0,200,200,0
968,3872,722,79,722,3,right+B,0.05981045961380005,0.27124637365341187,0.13582733273506165,0.4707482159137726,0.06236763298511505,1.321254014968872,0.0,491.0,897,2,207,0,0,0,200,200,0
969,3876,722,79,722,3,right+B,0.06053135171532631,0.27327054738998413,0.13995759189128876,0.4627783000469208,0.06346232444047928,1.3310519456863403,0.0,491.0,898,2,207,0,0,0,200,200,0
970,3880,722,79,722,1,right,0.060696836560964584,0.27417248487472534,0.14520227909088135,0.4550072252750397,0.06492118537425995,1.340853214263916,-1.0,490.0,899,2,206,0,0,0,200,200,0
971,3884,722,79,722,3,right+B,0.06220460310578346,0.2765231132507324,0.14805151522159576,0.4468136429786682,0.0664072036743164,1.3510816097259521,0.0,490.0,900,2,206,0,0,0,200,200,0
972,3888,722,79,722,1,right,0.06153259426355362,0.2751896381378174,0.14151771366596222,0.457522451877594,0.06423758715391159,1.3374472856521606,0.0,490.0,901,2,206,0,0,0,200,200,0
973,3892,722,79,722,3,right+B,0.060728538781404495,0.2734062671661377,0.14011956751346588,0.463385671377182,0.062359992414712906,1.3295177221298218,0.0,490.0,902,2,206,0,0,0,200,200,0
974,3896,722,79,722,3,right+B,0.06139824911952019,0.2740621864795685,0.14275313913822174,0.4586372971534729,0.06314914673566818,1.335898756980896,0.0,490.0,903,2,206,0,0,0,200,200,0
975,3900,722,93,722,2,right+A,0.060278505086898804,0.2721816301345825,0.13940143585205078,0.4652358591556549,0.06290258467197418,1.3281739950180054,-1.0,489.0,904,2,205,0,0,0,200,200,0
976,3904,722,109,722,2,right+A,0.061011459678411484,0.27362462878227234,0.14959609508514404,0.44902780652046204,0.06674004346132278,1.349637746810913,0.0,489.0,905,2,205,0,0,0,200,200,0
977,3908,722,122,722,2,right+A,0.061967991292476654,0.2766871452331543,0.14834079146385193,0.4447822868824005,0.0682218074798584,1.3544424772262573,0.0,489.0,906,2,205,0,0,0,200,200,0
978,3912,722,130,722,3,right+B,0.062301699072122574,0.27515262365341187,0.15685568749904633,0.4328913390636444,0.0727987065911293,1.3717471361160278,0.0,489.0,907,2,205,0,0,0,200,200,0
979,3916,722,129,722,2,right+A,0.06008099019527435,0.2727915942668915,0.15129354596138,0.4478261470794678,0.06800771504640579,1.3516186475753784,0.0,489.0,908,2,205,0,0,0,200,200,0
980,3920,722,117,722,1,right,0.06169409677386284,0.2722186744213104,0.15812572836875916,0.43576523661613464,0.07219620048999786,1.3694190979003906,-1.0,488.0,909,2,204,0,0,0,200,200,0
981,3924,722,97,722,3,right+B,0.0629231333732605,0.27380117774009705,0.16019241511821747,0.4293231666088104,0.07376012206077576,1.377377986907959,0.0,488.0,910,2,204,0,0,0,200,200,0
982,3928,722,79,722,1,right,0.06272455304861069,0.27447181940078735,0.15726213157176971,0.4340915381908417,0.07144999504089355,1.3702495098114014,0.0,488.0,911,2,204,0,0,0,200,200,0
983,3932,722,79,722,1,right,0.06401672214269638,0.27558404207229614,0.1641673445701599,0.4241788387298584,0.07205313444137573,1.3810769319534302,0.0,488.0,912,2,204,0,0,0,200,200,0
984,3936,722,79,722,3,right+B,0.06292691081762314,0.2759089767932892,0.1600363701581955,0.4316803216934204,0.06944745779037476,1.3704397678375244,0.0,488.0,913,2,204,0,0,0,200,200,0
985,3940,722,79,722,1,right,0.060642555356025696,0.2735713720321655,0.1416727900505066,0.4603101313114166,0.06380316615104675,1.3341466188430786,-1.0,487.0,914,2,203,0,0,0,200,200,0
986,3944,722,79,722,3,right+B,0.06196080148220062,0.27390921115875244,0.1437819004058838,0.4550809860229492,0.06526710838079453,1.3422961235046387,0.0,487.0,915,2,203,0,0,0,200,200,0
987,3948,722,79,722,3,right+B,0.06011174991726875,0.27034375071525574,0.1373469978570938,0.47026196122169495,0.06193550303578377,1.322380781173706,0.0,487.0,916,2,203,0,0,0,200,200,0
988,3952,722,93,722,4,right+A+B,0.06165195256471634,0.2753872871398926,0.1416647732257843,0.45754867792129517,0.06374727189540863,1.3369948863983154,0.0,487.0,917,2,203,0,0,0,200,200,0
989,3956,722,108,722,1,right,0.06103157252073288,0.27681809663772583,0.14596714079380035,0.4501478672027588,0.06603536009788513,1.345859408378601,0.0,487.0,918,2,203,0,0,0,200,200,0
990,3960,722,112,722,3,right+B,0.0610363744199276,0.27532872557640076,0.14431984722614288,0.4542846083641052,0.06503042578697205,1.3413208723068237,-1.0,486.0,919,2,202,0,0,0,200,200,0
991,3964,722,106,722,3,right+B,0.06093379110097885,0.27155786752700806,0.147207573056221,0.45328983664512634,0.06701090186834335,1.3463021516799927,0.0,486.0,920,2,202,0,0,0,200,200,0
992,3968,722,89,722,0,NOOP,0.06065093353390694,0.27400991320610046,0.14566363394260406,0.4533497989177704,0.06632571667432785,1.343921184539795,0.0,486.0,921,2,202,0,0,0,200,200,0
993,3972,722,79,722,1,right,0.060926761478185654,0.27450963854789734,0.14633940160274506,0.4527258574962616,0.06549833714962006,1.3438966274261475,0.0,486.0,922,2,202,0,0,0,200,200,0
994,3976,722,79,722,3,right+B,0.06072891503572464,0.2746099829673767,0.1422981321811676,0.45862892270088196,0.06373411417007446,1.335456132888794,0.0,486.0,923,2,202,0,0,0,200,200,0
995,3980,722,93,722,4,right+A+B,0.06058904901146889,0.27425020933151245,0.13637273013591766,0.4672471582889557,0.06154078617691994,1.323481559753418,-1.0,485.0,924,2,201,0,0,0,200,200,0
996,3984,722,108,722,3,right+B,0.061122555285692215,0.27498549222946167,0.1392018049955368,0.46021977066993713,0.0644703134894371,1.3342312574386597,0.0,485.0,925,2,201,0,0,0,200,200,0
997,3988,722,112,722,3,right+B,0.06054814159870148,0.2736271321773529,0.13999712467193604,0.4620360732078552,0.06379149854183197,1.331973671913147,0.0,485.0,926,2,201,0,0,0,200,200,0
998,3992,722,106,722,3,right+B,0.060530487447977066,0.27091744542121887,0.1436818242073059,0.4592994749546051,0.06557077914476395,1.3383464813232422,0.0,485.0,927,2,201,0,0,0,200,200,0
999,3996,722,89,722,0,NOOP,0.057934779673814774,0.2681511640548706,0.1331765055656433,0.4791218340396881,0.061615753918886185,1.3107109069824219,0.0,485.0,928,2,201,0,0,0,200,200,0
1000,4000,722,79,722,1,right,0.05844136327505112,0.26859959959983826,0.1313554346561432,0.479987770318985,0.061615779995918274,1.3096940517425537,-1.0,484.0,929,2,200,0,0,0,200,200,0
1001,4004,722,93,722,2,right+A,0.057807520031929016,0.2644137740135193,0.12674671411514282,0.4907284379005432,0.06030353531241417,1.2970120906829834,0.0,484.0,930,2,200,0,0,0,200,200,0
1002,4008,722,108,722,3,right+B,0.05978415161371231,0.26996147632598877,0.13603851199150085,0.47083741426467896,0.0633784607052803,1.3227853775024414,0.0,484.0,931,2,200,0,0,0,200,200,0
1003,4012,722,112,722,3,right+B,0.059283606708049774,0.2695191502571106,0.13113433122634888,0.4777299761772156,0.062332842499017715,1.3131697177886963,0.0,484.0,932,2,200,0,0,0,200,200,0
1004,4016,722,106,722,2,right+A,0.060567982494831085,0.2668382227420807,0.1356932371854782,0.4728330671787262,0.06406752020120621,1.323587417602539,0.0,484.0,933,2,200,0,0,0,200,200,0
1005,4020,722,89,722,3,right+B,0.06002887338399887,0.2666657567024231,0.13409344851970673,0.4752838611602783,0.0639280155301094,1.3200863599777222,-1.0,483.0,934,2,199,0,0,0,200,200,0
1006,4024,722,79,722,3,right+B,0.059987641870975494,0.26704323291778564,0.1328074187040329,0.4775408208370209,0.0626208484172821,1.3159443140029907,0.0,483.0,935,2,199,0,0,0,200,200,0
1007,4028,722,79,722,1,right,0.059526052325963974,0.265213280916214,0.13053911924362183,0.48353394865989685,0.06118760630488396,1.3080272674560547,0.0,483.0,936,2,199,0,0,0,200,200,0
1008,4032,722,79,722,3,right+B,0.05979899689555168,0.2669104337692261,0.1325799971818924,0.4798761308193207,0.06083446368575096,1.311523675918579,0.0,483.0,937,2,199,0,0,0,200,200,0
1009,4036,722,79,722,3,right+B,0.05950029194355011,0.2672135829925537,0.13028380274772644,0.48106154799461365,0.06194077432155609,1.310378074645996,0.0,483.0,938,2,199,0,0,0,200,200,0
1010,4040,722,79,722,3,right+B,0.058883074671030045,0.2645557224750519,0.12955167889595032,0.4858894348144531,0.06112005189061165,1.3048386573791504,-1.0,482.0,939,2,198,0,0,0,200,200,0
1011,4044,722,79,722,1,right,0.058944545686244965,0.26354891061782837,0.12845636904239655,0.48806849122047424,0.06098160147666931,1.3026096820831299,0.0,482.0,940,2,198,0,0,0,200,200,0
1012,4048,722,93,722,4,right+A+B,0.05907929688692093,0.2649163603782654,0.1303202360868454,0.4846349358558655,0.061049241572618484,1.3063366413116455,0.0,482.0,941,2,198,0,0,0,200,200,0
1013,4052,722,108,722,3,right+B,0.05946611985564232,0.26581910252571106,0.13173262774944305,0.48075270652770996,0.062229450792074203,1.3119587898254395,0.0,482.0,942,2,198,0,0,0,200,200,0
1014,4056,722,112,722,3,right+B,0.059589046984910965,0.26593711972236633,0.1327793151140213,0.47895875573158264,0.06273572891950607,1.3146661520004272,0.0,482.0,943,2,198,0,0,0,200,200,0
1015,4060,722,106,722,2,right+A,0.05978110805153847,0.2639729976654053,0.13582728803157806,0.47594431042671204,0.06447433680295944,1.3212794065475464,-1.0,481.0,944,2,197,0,0,0,200,200,0
1016,4064,722,89,722,1,right,0.05989931523799896,0.26588717103004456,0.13609398901462555,0.474008709192276,0.06411086767911911,1.3222484588623047,0.0,481.0,945,2,197,0,0,0,200,200,0
1017,4068,722,79,722,3,right+B,0.0595272034406662,0.2657086253166199,0.13337378203868866,0.4788137376308441,0.06257655471563339,1.3148400783538818,0.0,481.0,946,2,197,0,0,0,200,200,0
1018,4072,722,79,722,3,right+B,0.05938849225640297,0.26501181721687317,0.1328524947166443,0.48152852058410645,0.061218708753585815,1.310686707496643,0.0,481.0,947,2,197,0,0,0,200,200,0
1019,4076,722,79,722,3,right+B,0.05940060317516327,0.26583972573280334,0.13546735048294067,0.47854429483413696,0.06074806675314903,1.3135650157928467,0.0,481.0,948,2,197,0,0,0,200,200,0
1020,4080,722,79,722,0,NOOP,0.05905642732977867,0.2649955451488495,0.13354192674160004,0.48103100061416626,0.06137509644031525,1.311188817024231,-1.0,480.0,949,2,196,0,0,0,200,200,0
1021,4084,722,79,722,1,right,0.05952291563153267,0.2661161720752716,0.13566479086875916,0.4764033854007721,0.06229265406727791,1.3173952102661133,0.0,480.0,950,2,196,0,0,0,200,200,0
1022,4088,722,79,722,1,right,0.05915071815252304,0.26490524411201477,0.13271178305149078,0.48226699233055115,0.060965362936258316,1.3094199895858765,0.0,480.0,951,2,196,0,0,0,200,200,0
1023,4092,722,79,722,3,right+B,0.05879313126206398,0.26398926973342896,0.1297665536403656,0.4875335097312927,0.05991747975349426,1.3020800352096558,0.0,480.0,952,2,196,0,0,0,200,200,0
1024,4096,722,93,722,4,right+A+B,0.05874595418572426,0.2643287777900696,0.13083092868328094,0.48526325821876526,0.06083114817738533,1.3054959774017334,0.0,480.0,953,2,196,0,0,0,200,200,0
1025,4100,722,108,722,3,right+B,0.05950852110981941,0.26675817370414734,0.13624738156795502,0.47410091757774353,0.06338497996330261,1.3206760883331299,-1.0,479.0,954,2,195,0,0,0,200,200,0
1026,4104,722,112,722,1,right,0.05923207849264145,0.2664504945278168,0.1348590850830078,0.47653675079345703,0.06292156875133514,1.3172458410263062,0.0,479.0,955,2,195,0,0,0,200,200,0
1027,4108,722,106,722,4,right+A+B,0.05959387868642807,0.2650827467441559,0.13792994618415833,0.4728654623031616,0.06452792137861252,1.3242601156234741,0.0,479.0,956,2,195,0,0,0,200,200,0
1028,4112,722,89,722,3,right+B,0.05965377390384674,0.2668551206588745,0.13798995316028595,0.4711465537548065,0.06435460597276688,1.3251292705535889,0.0,479.0,957,2,195,0,0,0,200,200,0
1029,4116,722,79,722,1,right,0.059142258018255234,0.26571375131607056,0.1350277215242386,0.4773966670036316,0.06271965056657791,1.3164321184158325,0.0,479.0,958,2,195,0,0,0,200,200,0
1030,4120,722,79,722,1,right,0.05868836119771004,0.2636297345161438,0.13186773657798767,0.48491165041923523,0.060902517288923264,1.306451678276062,-1.0,478.0,959,2,194,0,0,0,200,200,0
1031,4124,722,93,722,2,right+A,0.05961231514811516,0.2662881314754486,0.13553167879581451,0.4774950444698334,0.061072833836078644,1.315019130706787,0.0,478.0,960,2,194,0,0,0,200,200,0
1032,4128,722,108,722,3,right+B,0.05946534872055054,0.2670060098171234,0.13578808307647705,0.47514334321022034,0.06259728968143463,1.3185642957687378,0.0,478.0,961,2,194,0,0,0,200,200,0
1033,4132,722,112,722,3,right+B,0.0600648894906044,0.2691228985786438,0.13866490125656128,0.46848008036613464,0.06366723775863647,1.326704502105713,0.0,478.0,962,2,194,0,0,0,200,200,0
1034,4136,722,106,722,1,right,0.060156531631946564,0.26663655042648315,0.14072871208190918,0.4675586521625519,0.06491956114768982,1.330486536026001,0.0,478.0,963,2,194,0,0,0,200,200,0
1035,4140,722,89,722,3,right+B,0.05952218919992447,0.26683342456817627,0.13736972212791443,0.47241440415382385,0.0638602077960968,1.323094129562378,-1.0,477.0,964,2,193,0,0,0,200,200,0
1036,4144,722,79,722,2,right+A,0.05896257236599922,0.2657780051231384,0.13361196219921112,0.47923389077186584,0.06241361051797867,1.3136733770370483,0.0,477.0,965,2,193,0,0,0,200,200,0
1037,4148,722,79,722,3,right+B,0.05784101411700249,0.2620488703250885,0.12783841788768768,0.4921000897884369,0.0601716972887516,1.2968052625656128,0.0,477.0,966,2,193,0,0,0,200,200,0
1038,4152,722,79,722,3,right+B,0.05856863036751747,0.26410549879074097,0.1306442767381668,0.4864846169948578,0.06019699200987816,1.3034188747406006,0.0,477.0,967,2,193,0,0,0,200,200,0
1039,4156,722,79,722,1,right,0.058453213423490524,0.26376381516456604,0.12961122393608093,0.487098753452301,0.06107306480407715,1.3034272193908691,0.0,477.0,968,2,193,0,0,0,200,200,0
1040,4160,722,79,722,1,right,0.05917730554938316,0.26479095220565796,0.13269105553627014,0.4817879796028137,0.061552684754133224,1.3105920553207397,-1.0,476.0,969,2,192,0,0,0,200,200,0
1041,4164,722,79,722,1,right,0.05896500498056412,0.2639259994029999,0.1316855549812317,0.48457345366477966,0.060849953442811966,1.3068689107894897,0.0,476.0,970,2,192,0,0,0,200,200,0
1042,4168,722,93,722,2,right+A,0.05990233272314072,0.2662390470504761,0.13571228086948395,0.4760302007198334,0.06211618334054947,1.3179547786712646,0.0,476.0,971,2,192,0,0,0,200,200,0
1043,4172,722,108,722,3,right+B,0.06108984351158142,0.2699127495288849,0.14125390350818634,0.46297112107276917,0.06477241963148117,1.3345293998718262,0.0,476.0,972,2,192,0,0,0,200,200,0
1044,4176,722,112,722,2,right+A,0.06004495546221733,0.26778703927993774,0.13806653022766113,0.47091078758239746,0.06319072842597961,1.3242310285568237,0.0,476.0,973,2,192,0,0,0,200,200,0
1045,4180,722,106,722,3,right+B,0.06028742343187332,0.2668040096759796,0.14043395221233368,0.4677402079105377,0.06473439931869507,1.3301286697387695,-1.0,475.0,974,2,191,0,0,0,200,200,0
1046,4184,722,89,722,3,right+B,0.06012459471821785,0.26698827743530273,0.13744907081127167,0.4714328348636627,0.0640052780508995,1.3248145580291748,0.0,475.0,975,2,191,0,0,0,200,200,0
1047,4188,722,79,722,3,right+B,0.05944123491644859,0.2651694416999817,0.1334996074438095,0.4793708324432373,0.06251890957355499,1.314386010169983,0.0,475.0,976,2,191,0,0,0,200,200,0
1048,4192,722,79,722,3,right+B,0.05926022678613663,0.26399052143096924,0.12974312901496887,0.48617228865623474,0.06083391234278679,1.304948329925537,0.0,475.0,977,2,191,0,0,0,200,200,0
1049,4196,722,93,722,2,right+A,0.05944739654660225,0.26439279317855835,0.13008636236190796,0.4861656725406647,0.05990779027342796,1.3041082620620728,0.0,475.0,978,2,191,0,0,0,200,200,0
1050,4200,722,108,722,1,right,0.059616390615701675,0.26499029994010925,0.13088181614875793,0.4824672043323517,0.06204429268836975,1.310294270515442,-1.0,474.0,979,2,190,0,0,0,200,200,0
1051,4204,722,112,722,3,right+B,0.05974116176366806,0.2652755379676819,0.1327563226222992,0.4797637164592743,0.062463220208883286,1.3140079975128174,0.0,474.0,980,2,190,0,0,0,200,200,0
1052,4208,722,106,722,3,right+B,0.060573577880859375,0.2649349868297577,0.1383076161146164,0.4709664583206177,0.06521733850240707,1.3280260562896729,0.0,474.0,981,2,190,0,0,0,200,200,0
1053,4212,722,89,722,3,right+B,0.06050233542919159,0.2672433853149414,0.138335719704628,0.46907663345336914,0.06484199315309525,1.3284852504730225,0.0,474.0,982,2,190,0,0,0,200,200,0
1054,4216,722,79,722,1,right,0.060112688690423965,0.26736563444137573,0.13469575345516205,0.47546613216400146,0.062359824776649475,1.3182586431503296,0.0,474.0,983,2,190,0,0,0,200,200,0
1055,4220,722,93,722,2,right+A,0.05996047332882881,0.2658548951148987,0.13115398585796356,0.4815831482410431,0.061447497457265854,1.3106564283370972,-1.0,473.0,984,2,189,0,0,0,200,200,0
1056,4224,722,108,722,3,right+B,0.06054423376917839,0.26908713579177856,0.13591153919696808,0.4709949195384979,0.06346206367015839,1.3238712549209595,0.0,473.0,985,2,189,0,0,0,200,200,0
1057,4228,722,112,722,0,NOOP,0.06005610525608063,0.2700321078300476,0.13242655992507935,0.4743567407131195,0.0631285160779953,1.3183374404907227,0.0,473.0,986,2,189,0,0,0,200,200,0
1058,4232,722,106,722,3,right+B,0.05988971143960953,0.26818448305130005,0.13501785695552826,0.4730250835418701,0.06388293206691742,1.3217426538467407,0.0,473.0,987,2,189,0,0,0,200,200,0
1059,4236,722,89,722,2,right+A,0.05903186276555061,0.2680940628051758,0.13100939989089966,0.4792734384536743,0.06259121000766754,1.3121860027313232,0.0,473.0,988,2,189,0,0,0,200,200,0
1060,4240,722,79,722,3,right+B,0.05899852514266968,0.26785826683044434,0.12705077230930328,0.48547330498695374,0.060619063675403595,1.3026983737945557,-1.0,472.0,989,2,188,0,0,0,200,200,0
1061,4244,722,93,722,2,right+A,0.058515287935733795,0.2662845849990845,0.12497233599424362,0.4901602864265442,0.060067564249038696,1.2967617511749268,0.0,472.0,990,2,188,0,0,0,200,200,0
1062,4248,722,109,722,2,right+A,0.059437096118927,0.2693932056427002,0.13167615234851837,0.476861834526062,0.06263171881437302,1.314724326133728,0.0,472.0,991,2,188,0,0,0,200,200,0
1063,4252,722,121,722,3,right+B,0.0583401657640934,0.2700132429599762,0.12794260680675507,0.48303917050361633,0.06066479533910751,1.3038614988327026,0.0,472.0,992,2,188,0,0,0,200,200,0
1064,4256,722,122,722,3,right+B,0.06003250181674957,0.27062100172042847,0.13971610367298126,0.4632187485694885,0.06641162186861038,1.3341293334960938,0.0,472.0,993,2,188,0,0,0,200,200,0
1065,4260,722,113,722,3,right+B,0.059229526668787,0.2705684006214142,0.1357571929693222,0.4698091745376587,0.06463569402694702,1.3241331577301025,-1.0,471.0,994,2,187,0,0,0,200,200,0
1066,4264,722,94,722,0,NOOP,0.061403706669807434,0.27208757400512695,0.1391199231147766,0.4601965546607971,0.06719225645065308,1.3384859561920166,0.0,471.0,995,2,187,0,0,0,200,200,0
1067,4268,722,79,722,3,right+B,0.059371188282966614,0.27338165044784546,0.13487832248210907,0.4700806438922882,0.062288153916597366,1.320170521736145,0.0,471.0,996,2,187,0,0,0,200,200,0
1068,4272,722,93,722,4,right+A+B,0.05965554714202881,0.27189937233924866,0.13694477081298828,0.47043970227241516,0.06106054037809372,1.3200215101242065,0.0,471.0,997,2,187,0,0,0,200,200,0
1069,4276,722,108,722,3,right+B,0.06140624359250069,0.2767924964427948,0.14644622802734375,0.44941824674606323,0.06593676656484604,1.3469433784484863,0.0,471.0,998,2,187,0,0,0,200,200,0
1070,4280,722,112,722,3,right+B,0.06188555806875229,0.2795088589191437,0.14936065673828125,0.44200822710990906,0.0672367513179779,1.3548589944839478,-1.0,470.0,999,2,186,0,0,0,200,200,0
1071,4284,722,106,722,1,right,0.06182367727160454,0.27528056502342224,0.14627085626125336,0.44914674758911133,0.06747812032699585,1.3497793674468994,0.0,470.0,1000,2,186,0,0,0,200,200,0
1072,4288,722,89,722,3,right+B,0.060139790177345276,0.2733802795410156,0.14037016034126282,0.4620000123977661,0.06410972774028778,1.3320871591567993,0.0,470.0,1001,2,186,0,0,0,200,200,0
1073,4292,722,79,722,1,right,0.05978071317076683,0.27198725938796997,0.13928736746311188,0.46698299050331116,0.06196161359548569,1.3250198364257812,0.0,470.0,1002,2,186,0,0,0,200,200,0
1074,4296,722,93,722,2,right+A,0.059249017387628555,0.26955437660217285,0.1361638456583023,0.4736417233943939,0.06139104813337326,1.3175820112228394,0.0,470.0,1003,2,186,0,0,0,200,200,0
1075,4300,722,108,722,1,right,0.060321010649204254,0.274019330739975,0.1456509530544281,0.454789400100708,0.06521930545568466,1.341108798980713,-1.0,469.0,1004,2,185,0,0,0,200,200,0
1076,4304,722,112,722,2,right+A,0.06251157075166702,0.27897343039512634,0.15328575670719147,0.4359988272190094,0.06923041492700577,1.3637322187423706,0.0,469.0,1005,2,185,0,0,0,200,200,0
1077,4308,722,106,722,3,right+B,0.0630764588713646,0.2741449177265167,0.160060316324234,0.4311668872833252,0.07155144214630127,1.3737685680389404,0.0,469.0,1006,2,185,0,0,0,200,200,0
1078,4312,722,89,722,3,right+B,0.06232201308012009,0.2750701308250427,0.15832586586475372,0.43491899967193604,0.06936289370059967,1.367022156715393,0.0,469.0,1007,2,185,0,0,0,200,200,0
1079,4316,722,79,722,3,right+B,0.062313154339790344,0.2744612693786621,0.161115363240242,0.4329977035522461,0.06911259889602661,1.3690556287765503,0.0,469.0,1008,2,185,0,0,0,200,200,0
1080,4320,722,79,722,1,right,0.06125439703464508,0.27155670523643494,0.14545121788978577,0.45648103952407837,0.06525660306215286,1.3415703773498535,-1.0,468.0,1009,2,184,0,0,0,200,200,0
1081,4324,722,79,722,1,right,0.061540525406599045,0.27431392669677734,0.14690425992012024,0.45262375473976135,0.06461755931377411,1.34395432472229,0.0,468.0,1010,2,184,0,0,0,200,200,0
1082,4328,722,79,722,3,right+B,0.06265883147716522,0.27523234486579895,0.15168039500713348,0.44284364581108093,0.06758479028940201,1.3575342893600464,0.0,468.0,1011,2,184,0,0,0,200,200,0
1083,4332,722,79,722,1,right,0.06254743784666061,0.27601325511932373,0.15630745887756348,0.4364801347255707,0.0686516985297203,1.3645256757736206,0.0,468.0,1012,2,184,0,0,0,200,200,0
1084,4336,722,93,722,4,right+A+B,0.06063084304332733,0.2739555835723877,0.14247408509254456,0.45933836698532104,0.06360116600990295,1.3348642587661743,0.0,468.0,1013,2,184,0,0,0,200,200,0
1085,4340,722,108,722,1,right,0.06158905103802681,0.2749730944633484,0.14375410974025726,0.45455703139305115,0.06512674689292908,1.3417868614196777,-1.0,467.0,1014,2,183,0,0,0,200,200,0
1086,4344,722,112,722,2,right+A,0.06057611107826233,0.27337515354156494,0.13697606325149536,0.4660131633281708,0.06305945664644241,1.3267873525619507,0.0,467.0,1015,2,183,0,0,0,200,200,0
1087,4348,722,106,722,1,right,0.062004972249269485,0.274340957403183,0.14718656241893768,0.45001667737960815,0.0664508119225502,1.348745584487915,0.0,467.0,1016,2,183,0,0,0,200,200,0
1088,4352,722,89,722,3,right+B,0.061572328209877014,0.27840656042099,0.1493111401796341,0.44354984164237976,0.06716018915176392,1.353534460067749,0.0,467.0,1017,2,183,0,0,0,200,200,0
1089,4356,722,79,722,1,right,0.060649532824754715,0.2746885418891907,0.14557050168514252,0.45469844341278076,0.06439292430877686,1.3404080867767334,0.0,467.0,1018,2,183,0,0,0,200,200,0
1090,4360,722,79,722,1,right,0.0605209544301033,0.271872341632843,0.14427544176578522,0.46028921008110046,0.06304202228784561,1.3345451354980469,-1.0,466.0,1019,2,182,0,0,0,200,200,0
1091,4364,722,79,722,1,right,0.06007135286927223,0.2724674344062805,0.1415213942527771,0.4642430245876312,0.061696771532297134,1.328016757965088,0.0,466.0,1020,2,182,0,0,0,200,200,0
1092,4368,722,79,722,1,right,0.05990836024284363,0.2725701332092285,0.14130741357803345,0.4639546275138855,0.062259458005428314,1.3286163806915283,0.0,466.0,1021,2,182,0,0,0,200,200,0
1093,4372,722,79,722,1,right,0.061376865953207016,0.2772577106952667,0.14596351981163025,0.45094308257102966,0.06445883959531784,1.3437120914459229,0.0,466.0,1022,2,182,0,0,0,200,200,0
1094,4376,722,79,722,1,right,0.05950215458869934,0.27141350507736206,0.13195918500423431,0.47636011242866516,0.06076505035161972,1.3125523328781128,0.0,466.0,1023,2,182,0,0,0,200,200,0
1095,4380,722,93,722,4,right+A+B,0.06078169867396355,0.273953378200531,0.13468031585216522,0.4677431583404541,0.06284142285585403,1.3242443799972534,-1.0,465.0,1024,2,181,0,0,0,200,200,0
1096,4384,722,109,722,2,right+A,0.06063961982727051,0.27353736758232117,0.1388266533613205,0.46280020475387573,0.06419616937637329,1.3315091133117676,0.0,465.0,1025,2,181,0,0,0,200,200,0
1097,4388,722,122,722,2,right+A,0.05946716293692589,0.27215638756752014,0.134846493601799,0.4712375998497009,0.06229238212108612,1.3196696043014526,0.0,465.0,1026,2,181,0,0,0,200,200,0
1098,4392,722,130,722,3,right+B,0.05983009934425354,0.270768940448761,0.14118681848049164,0.46199464797973633,0.06621944904327393,1.3351749181747437,0.0,465.0,1027,2,181,0,0,0,200,200,0
1099,4396,722,129,722,1,right,0.05755119398236275,0.2687385082244873,0.1339266300201416,0.4773116409778595,0.062472060322761536,1.3129448890686035,0.0,465.0,1028,2,181,0,0,0,200,200,0
1100,4400,722,117,722,3,right+B,0.05831044167280197,0.268114298582077,0.13611020147800446,0.4727909564971924,0.06467408686876297,1.3213618993759155,-1.0,464.0,1029,2,180,0,0,0,200,200,0
1101,4404,722,97,722,3,right+B,0.060009170323610306,0.26813623309135437,0.13883191347122192,0.46692201495170593,0.06610068678855896,1.3310527801513672,0.0,464.0,1030,2,180,0,0,0,200,200,0
1102,4408,722,79,722,3,right+B,0.06020491570234299,0.270612508058548,0.1391301304101944,0.465207576751709,0.06484486907720566,1.3307074308395386,0.0,464.0,1031,2,180,0,0,0,200,200,0
1103,4412,722,79,722,3,right+B,0.05997222289443016,0.26731884479522705,0.13292115926742554,0.47792279720306396,0.061865031719207764,1.3146774768829346,0.0,464.0,1032,2,180,0,0,0,200,200,0
1104,4416,722,79,722,1,right,0.05926366150379181,0.2643599808216095,0.1271219402551651,0.4900437295436859,0.05921061336994171,1.2982804775238037,0.0,464.0,1033,2,180,0,0,0,200,200,0
1105,4420,722,79,722,3,right+B,0.05927883833646774,0.2658187747001648,0.12764300405979156,0.486329048871994,0.06093035638332367,1.3035063743591309,-1.0,463.0,1034,2,179,0,0,0,200,200,0
1106,4424,722,79,722,3,right+B,0.059259336441755295,0.26557624340057373,0.12836186587810516,0.4860382378101349,0.060764312744140625,1.3039332628250122,0.0,463.0,1035,2,179,0,0,0,200,200,0
1107,4428,722,79,722,1,right,0.0597892701625824,0.2662888169288635,0.13081011176109314,0.48148396611213684,0.06162779778242111,1.3104801177978516,0.0,463.0,1036,2,179,0,0,0,200,200,0
1108,4432,722,79,722,3,right+B,0.05938694253563881,0.26569730043411255,0.12991902232170105,0.48346003890037537,0.0615367516875267,1.3079330921173096,0.0,463.0,1037,2,179,0,0,0,200,200,0
1109,4436,722,93,722,2,right+A,0.05948079004883766,0.2657179832458496,0.1295458823442459,0.48423606157302856,0.06101934239268303,1.306581974029541,0.0,463.0,1038,2,179,0,0,0,200,200,0
1110,4440,722,108,722,3,right+B,0.060014933347702026,0.26679539680480957,0.13335496187210083,0.4764910638332367,0.06334353238344193,1.318019151687622,-1.0,462.0,1039,2,178,0,0,0,200,200,0
1111,4444,722,112,722,2,right+A,0.06001143530011177,0.2670263648033142,0.13506236672401428,0.4747338593006134,0.06316590309143066,1.3199472427368164,0.0,462.0,1040,2,178,0,0,0,200,200,0
1112,4448,722,106,722,3,right+B,0.06053702533245087,0.2655755281448364,0.13823409378528595,0.4716967046260834,0.06395667046308517,1.32572340965271,0.0,462.0,1041,2,178,0,0,0,200,200,0
1113,4452,722,89,722,3,right+B,0.06051933765411377,0.266417920589447,0.13771750032901764,0.4715845286846161,0.06376076489686966,1.3251429796218872,0.0,462.0,1042,2,178,0,0,0,200,200,0
1114,4456,722,79,722,3,right+B,0.06032804027199745,0.266127347946167,0.13682080805301666,0.4738088846206665,0.06291498988866806,1.3217741250991821,0.0,462.0,1043,2,178,0,0,0,200,200,0
1115,4460,722,79,722,1,right,0.05956629663705826,0.26380661129951477,0.13247396051883698,0.48317426443099976,0.06097887083888054,1.3093501329421997,-1.0,461.0,1044,2,177,0,0,0,200,200,0
1116,4464,722,79,722,3,right+B,0.05985906347632408,0.26573479175567627,0.1340971440076828,0.48026159405708313,0.060047514736652374,1.3112688064575195,0.0,461.0,1045,2,177,0,0,0,200,200,0
1117,4468,722,79,722,1,right,0.05988398939371109,0.2668835520744324,0.13317085802555084,0.4786129593849182,0.061448704451322556,1.3137075901031494,0.0,461.0,1046,2,177,0,0,0,200,200,0
1118,4472,722,79,722,3,right+B,0.059778448194265366,0.26583901047706604,0.1344212144613266,0.47868478298187256,0.06127655506134033,1.3141158819198608,0.0,461.0,1047,2,177,0,0,0,200,200,0
1119,4476,722,79,722,1,right,0.059008318930864334,0.2638494074344635,0.13149729371070862,0.4853716194629669,0.060273293405771255,1.3054683208465576,0.0,461.0,1048,2,177,0,0,0,200,200,0
1120,4480,722,93,722,4,right+A+B,0.05965393781661987,0.2657420039176941,0.13393794000148773,0.4790995717048645,0.06156666576862335,1.3137805461883545,-1.0,460.0,1049,2,176,0,0,0,200,200,0
1121,4484,722,108,722,3,right+B,0.059919923543930054,0.2677899897098541,0.13706812262535095,0.471964955329895,0.06325700879096985,1.3228782415390015,0.0,460.0,1050,2,176,0,0,0,200,200,0
1122,4488,722,112,722,3,right+B,0.05990293622016907,0.2672598361968994,0.13687287271022797,0.4729231595993042,0.06304114311933517,1.3218655586242676,0.0,460.0,1051,2,176,0,0,0,200,200,0
1123,4492,722,106,722,3,right+B,0.060390349477529526,0.26608362793922424,0.14019590616226196,0.4687400758266449,0.0645899847149849,1.3293606042861938,0.0,460.0,1052,2,176,0,0,0,200,200,0
1124,4496,722,89,722,3,right+B,0.06033124402165413,0.26767590641975403,0.13983796536922455,0.4679306745529175,0.06422419846057892,1.328977108001709,0.0,460.0,1053,2,176,0,0,0,200,200,0
1125,4500,722,79,722,3,right+B,0.05979214981198311,0.26638346910476685,0.13690364360809326,0.4742548167705536,0.06266596913337708,1.3204143047332764,-1.0,459.0,1054,2,175,0,0,0,200,200,0
1126,4504,722,79,722,3,right+B,0.05933287367224693,0.2643393278121948,0.13378183543682098,0.48167550563812256,0.060870472341775894,1.3106420040130615,0.0,459.0,1055,2,175,0,0,0,200,200,0
1127,4508,722,79,722,3,right+B,0.060023557394742966,0.26658543944358826,0.13683348894119263,0.4756031334400177,0.06095437332987785,1.3174325227737427,0.0,459.0,1056,2,175,0,0,0,200,200,0
1128,4512,722,79,722,3,right+B,0.05920098349452019,0.26526954770088196,0.13372491300106049,0.4808693528175354,0.06093518063426018,1.3109824657440186,0.0,459.0,1057,2,175,0,0,0,200,200,0
1129,4516,722,79,722,3,right+B,0.059665776789188385,0.26625165343284607,0.13503201305866241,0.47775954008102417,0.061291035264730453,1.314927101135254,0.0,459.0,1058,2,175,0,0,0,200,200,0
1130,4520,722,79,722,1,right,0.05930060148239136,0.2649696171283722,0.1326581835746765,0.4824901819229126,0.06058146059513092,1.308908462524414,-1.0,458.0,1059,2,174,0,0,0,200,200,0
1131,4524,722,79,722,3,right+B,0.05937746912240982,0.26557862758636475,0.13312147557735443,0.480773389339447,0.06114907190203667,1.3112034797668457,0.0,458.0,1060,2,174,0,0,0,200,200,0
1132,4528,722,79,722,3,right+B,0.05956396833062172,0.26596081256866455,0.1332288384437561,0.479586124420166,0.06166020408272743,1.3130077123641968,0.0,458.0,1061,2,174,0,0,0,200,200,0
1133,4532,722,79,722,0,NOOP,0.05897721275687218,0.26386937499046326,0.13112790882587433,0.4854857921600342,0.06053971126675606,1.3054873943328857,0.0,458.0,1062,2,174,0,0,0,200,200,0
1134,4536,722,79,722,0,NOOP,0.05905057117342949,0.2644001245498657,0.131818488240242,0.48355868458747864,0.06117215380072594,1.3081765174865723,0.0,458.0,1063,2,174,0,0,0,200,200,0
1135,4540,722,93,722,2,right+A,0.05940457433462143,0.2655384838581085,0.13369788229465485,0.47952380776405334,0.06183522939682007,1.3133842945098877,-1.0,457.0,1064,2,173,0,0,0,200,200,0
1136,4544,722,108,722,3,right+B,0.06028800085186958,0.2681993246078491,0.13689598441123962,0.47126874327659607,0.06334803253412247,1.3238379955291748,0.0,457.0,1065,2,173,0,0,0,200,200,0
1137,4548,722,112,722,3,right+B,0.05992274731397629,0.2673945128917694,0.13734130561351776,0.4721526801586151,0.06318869441747665,1.3228598833084106,0.0,457.0,1066,2,173,0,0,0,200,200,0
1138,4552,722,106,722,3,right+B,0.06085428595542908,0.267071008682251,0.14387264847755432,0.4631330668926239,0.0650690346956253,1.3361709117889404,0.0,457.0,1067,2,173,0,0,0,200,200,0
1139,4556,722,89,722,2,right+A,0.06087817624211311,0.26874402165412903,0.14358669519424438,0.46218347549438477,0.06460762023925781,1.3358922004699707,0.0,457.0,1068,2,173,0,0,0,200,200,0
1140,4560,722,79,722,3,right+B,0.05975208058953285,0.2666858732700348,0.1382448524236679,0.47313499450683594,0.0621822215616703,1.3211829662322998,-1.0,456.0,1069,2,172,0,0,0,200,200,0
1141,4564,722,93,722,4,right+A+B,0.05910114571452141,0.2648271322250366,0.13306699693202972,0.4822407066822052,0.06076408177614212,1.3093104362487793,0.0,456.0,1070,2,172,0,0,0,200,200,0
1142,4568,722,108,722,1,right,0.06035671383142471,0.2683819532394409,0.13912099599838257,0.46889737248420715,0.06324297189712524,1.3265976905822754,0.0,456.0,1071,2,172,0,0,0,200,200,0
1143,4572,722,112,722,1,right,0.05987995117902756,0.267492413520813,0.13473503291606903,0.47492340207099915,0.06296917051076889,1.319133996963501,0.0,456.0,1072,2,172,0,0,0,200,200,0
1144,4576,722,106,722,1,right,0.060487717390060425,0.26597246527671814,0.138985276222229,0.4701519012451172,0.06440265476703644,1.327656865119934,0.0,456.0,1073,2,172,0,0,0,200,200,0
1145,4580,722,89,722,3,right+B,0.060111720114946365,0.26609963178634644,0.13618817925453186,0.4739179313182831,0.06368255615234375,1.322069525718689,-1.0,455.0,1074,2,171,0,0,0,200,200,0
1146,4584,722,79,722,1,right,0.059620451182127,0.265011727809906,0.13322673738002777,0.4798605442047119,0.062280524522066116,1.313830852508545,0.0,455.0,1075,2,171,0,0,0,200,200,0
1147,4588,722,79,722,3,right+B,0.0591912716627121,0.262865275144577,0.12924887239933014,0.488518089056015,0.06017640605568886,1.3020837306976318,0.0,455.0,1076,2,171,0,0,0,200,200,0
1148,4592,722,79,722,1,right,0.060375235974788666,0.2658778131008148,0.13348956406116486,0.4796999394893646,0.06055742874741554,1.3127071857452393,0.0,455.0,1077,2,171,0,0,0,200,200,0
1149,4596,722,79,722,3,right+B,0.05995769053697586,0.26420748233795166,0.13207268714904785,0.482623428106308,0.06113867834210396,1.310220718383789,0.0,455.0,1078,2,171,0,0,0,200,200,0
1150,4600,722,79,722,1,right,0.060725804418325424,0.26527857780456543,0.13549017906188965,0.47727683186531067,0.06122855469584465,1.3170018196105957,-1.0,454.0,1079,2,170,0,0,0,200,200,0
1151,4604,722,79,722,3,right+B,0.060669854283332825,0.26540568470954895,0.13496354222297668,0.4776424467563629,0.06131848320364952,1.316481351852417,0.0,454.0,1080,2,170,0,0,0,200,200,0
1152,4608,722,93,722,2,right+A,0.06074369326233864,0.2677671015262604,0.1370456963777542,0.4724693298339844,0.061974190175533295,1.3219406604766846,0.0,454.0,1081,2,170,0,0,0,200,200,0
1153,4612,722,108,722,3,right+B,0.060901131480932236,0.269734263420105,0.13771888613700867,0.4683435559272766,0.06330212950706482,1.3268699645996094,0.0,454.0,1082,2,170,0,0,0,200,200,0
1154,4616,722,112,722,3,right+B,0.06080382317304611,0.26965466141700745,0.1358446180820465,0.4705584645271301,0.0631384551525116,1.323987603187561,0.0,454.0,1083,2,170,0,0,0,200,200,0
1155,4620,722,106,722,1,right,0.061124421656131744,0.26730096340179443,0.1370844542980194,0.4694247841835022,0.06506533920764923,1.3286964893341064,-1.0,453.0,1084,2,169,0,0,0,200,200,0
1156,4624,722,89,722,2,right+A,0.06051069125533104,0.26846787333488464,0.13508667051792145,0.4721606373786926,0.06377412378787994,1.3230507373809814,0.0,453.0,1085,2,169,0,0,0,200,200,0
1157,4628,722,79,722,2,right+A,0.05910054221749306,0.2684037685394287,0.12930350005626678,0.48209038376808167,0.06110188364982605,1.3072280883789062,0.0,453.0,1086,2,169,0,0,0,200,200,0
1158,4632,722,79,722,1,right,0.057749491184949875,0.26376932859420776,0.12401995807886124,0.4950677454471588,0.059393469244241714,1.2908337116241455,0.0,453.0,1087,2,169,0,0,0,200,200,0
1159,4636,722,79,722,3,right+B,0.05906210094690323,0.26726144552230835,0.12617480754852295,0.4881535470485687,0.05934813991189003,1.2986345291137695,0.0,453.0,1088,2,169,0,0,0,200,200,0
1160,4640,722,79,722,3,right+B,0.05950719490647316,0.26853397488594055,0.1281401664018631,0.48266124725341797,0.061157409101724625,1.3067344427108765,-1.0,452.0,1089,2,168,0,0,0,200,200,0
1161,4644,722,79,722,3,right+B,0.059429459273815155,0.266461580991745,0.12995174527168274,0.4830240309238434,0.061133112758398056,1.307687759399414,0.0,452.0,1090,2,168,0,0,0,200,200,0
1162,4648,722,79,722,1,right,0.05990754812955856,0.2696264684200287,0.13216499984264374,0.4780098795890808,0.060291092842817307,1.3116662502288818,0.0,452.0,1091,2,168,0,0,0,200,200,0
1163,4652,722,79,722,1,right,0.05983762443065643,0.27179232239723206,0.13431744277477264,0.4734552800655365,0.06059733405709267,1.3161135911941528,0.0,452.0,1092,2,168,0,0,0,200,200,0
1164,4656,722,93,722,4,right+A+B,0.0590038001537323,0.2696102261543274,0.13172057271003723,0.47843289375305176,0.06123245507478714,1.3111425638198853,0.0,452.0,1093,2,168,0,0,0,200,200,0
1165,4660,722,108,722,1,right,0.059881020337343216,0.27446648478507996,0.13641062378883362,0.46529144048690796,0.06395041942596436,1.3270269632339478,-1.0,451.0,1094,2,167,0,0,0,200,200,0
1166,4664,722,112,722,2,right+A,0.06043525040149689,0.2741537392139435,0.1394445300102234,0.46140795946121216,0.06455857306718826,1.3328721523284912,0.0,451.0,1095,2,167,0,0,0,200,200,0
1167,4668,722,106,722,2,right+A,0.060431189835071564,0.2728065252304077,0.14263223111629486,0.45871323347091675,0.06541677564382553,1.3376119136810303,0.0,451.0,1096,2,167,0,0,0,200,200,0
1168,4672,722,89,722,2,right+A,0.060849878937006,0.2758048176765442,0.14517748355865479,0.45176711678504944,0.06640064716339111,1.344807505607605,0.0,451.0,1097,2,167,0,0,0,200,200,0
1169,4676,722,79,722,3,right+B,0.062037717550992966,0.2760988473892212,0.14602716267108917,0.4493454396724701,0.06649080663919449,1.3484504222869873,0.0,451.0,1098,2,167,0,0,0,200,200,0
1170,4680,722,79,722,3,right+B,0.06120286136865616,0.27472934126853943,0.1391036957502365,0.4608280658721924,0.06413605809211731,1.333485722541809,-1.0,450.0,1099,2,166,0,0,0,200,200,0
1171,4684,722,93,722,2,right+A,0.06047840416431427,0.2733456790447235,0.1374647617340088,0.4674142003059387,0.06129690259695053,1.3236174583435059,0.0,450.0,1100,2,166,0,0,0,200,200,0
1172,4688,722,108,722,3,right+B,0.0617537684738636,0.2747047245502472,0.14458805322647095,0.4537045955657959,0.06524885445833206,1.343174695968628,0.0,450.0,1101,2,166,0,0,0,200,200,0
1173,4692,722,112,722,3,right+B,0.06079461798071861,0.2743662893772125,0.14429901540279388,0.4565397799015045,0.06400036811828613,1.3383114337921143,0.0,450.0,1102,2,166,0,0,0,200,200,0
1174,4696,722,106,722,3,right+B,0.06161792203783989,0.2725149095058441,0.15135854482650757,0.4477124810218811,0.06679616868495941,1.352325201034546,0.0,450.0,1103,2,166,0,0,0,200,200,0
1175,4700,722,89,722,2,right+A,0.06289239972829819,0.27749431133270264,0.154025599360466,0.4365399181842804,0.06904775649309158,1.364241123199463,-1.0,449.0,1104,2,165,0,0,0,200,200,0
1176,4704,722,79,722,3,right+B,0.06174379214644432,0.2769853472709656,0.1517578810453415,0.44401249289512634,0.06550047546625137,1.3526971340179443,0.0,449.0,1105,2,165,0,0,0,200,200,0
1177,4708,722,93,722,2,right+A,0.061104096472263336,0.2719189524650574,0.14709071815013885,0.455640971660614,0.06424528360366821,1.341346025466919,0.0,449.0,1106,2,165,0,0,0,200,200,0
1178,4712,722,109,722,2,right+A,0.06300193816423416,0.27724310755729675,0.16281470656394958,0.4268169701099396,0.07012319564819336,1.375115156173706,0.0,449.0,1107,2,165,0,0,0,200,200,0
1179,4716,722,121,722,1,right,0.0608222633600235,0.2733326554298401,0.14767511188983917,0.4514240324497223,0.06674589216709137,1.3469958305358887,0.0,449.0,1108,2,165,0,0,0,200,200,0
1180,4720,722,122,722,0,NOOP,0.06392253190279007,0.27643701434135437,0.1650874763727188,0.4195386469364166,0.07501434534788132,1.3873001337051392,-1.0,448.0,1109,2,164,0,0,0,200,200,0
1181,4724,722,113,722,3,right+B,0.0633479431271553,0.27800092101097107,0.16079145669937134,0.42608165740966797,0.07177803665399551,1.3771083354949951,0.0,448.0,1110,2,164,0,0,0,200,200,0
1182,4728,722,94,722,3,right+B,0.06312146037817001,0.2744741439819336,0.15649354457855225,0.43416810035705566,0.07174272835254669,1.3707623481750488,0.0,448.0,1111,2,164,0,0,0,200,200,0
1183,4732,722,79,722,3,right+B,0.060201533138751984,0.27364403009414673,0.14225110411643982,0.4590674936771393,0.06483587622642517,1.3360002040863037,0.0,448.0,1112,2,164,0,0,0,200,200,0
1184,4736,722,79,722,3,right+B,0.06243893876671791,0.2729787230491638,0.1410023719072342,0.4592781066894531,0.06430190056562424,1.3376433849334717,0.0,448.0,1113,2,164,0,0,0,200,200,0
1185,4740,722,93,722,4,right+A+B,0.06035635247826576,0.26989275217056274,0.13440358638763428,0.4742478132247925,0.06109955906867981,1.317261815071106,-1.0,447.0,1114,2,163,0,0,0,200,200,0
1186,4744,722,108,722,1,right,0.061873022466897964,0.2762760519981384,0.14639192819595337,0.45046940445899963,0.06498958170413971,1.3457331657409668,0.0,447.0,1115,2,163,0,0,0,200,200,0
1187,4748,722,112,722,3,right+B,0.061515677720308304,0.27882060408592224,0.14911164343357086,0.4445604681968689,0.0659916028380394,1.351180076599121,0.0,447.0,1116,2,163,0,0,0,200,200,0
1188,4752,722,106,722,2,right+A,0.06123119592666626,0.2731695771217346,0.1525527834892273,0.44646501541137695,0.06658144295215607,1.3527610301971436,0.0,447.0,1117,2,163,0,0,0,200,200,0
1189,4756,722,89,722,3,right+B,0.06154540553689003,0.27604201436042786,0.151442751288414,0.4446767568588257,0.06629311293363571,1.3530316352844238,0.0,447.0,1118,2,163,0,0,0,200,200,0
1190,4760,722,79,722,3,right+B,0.06096312031149864,0.27478113770484924,0.14797747135162354,0.4509744346141815,0.06530380994081497,1.3455661535263062,-1.0,446.0,1119,2,162,0,0,0,200,200,0
1191,4764,722,79,722,1,right,0.059786587953567505,0.2715111970901489,0.139192134141922,0.4672389030456543,0.06227122247219086,1.3252832889556885,0.0,446.0,1120,2,162,0,0,0,200,200,0
1192,4768,722,79,722,0,NOOP,0.06075336039066315,0.2755260467529297,0.141723170876503,0.4592039883136749,0.06279342621564865,1.333436131477356,0.0,446.0,1121,2,162,0,0,0,200,200,0
1193,4772,722,79,722,3,right+B,0.05991610512137413,0.2737281620502472,0.13234132528305054,0.47220274806022644,0.06181173771619797,1.317322015762329,0.0,446.0,1122,2,162,0,0,0,200,200,0
1194,4776,722,79,722,1,right,0.060514166951179504,0.2723941504955292,0.13292889297008514,0.4717347323894501,0.06242811679840088,1.3198192119598389,0.0,446.0,1123,2,162,0,0,0,200,200,0
1195,4780,722,79,722,1,right,0.05934096872806549,0.26888135075569153,0.1322973668575287,0.47897952795028687,0.06050069257616997,1.310661792755127,-1.0,445.0,1124,2,161,0,0,0,200,200,0
1196,4784,722,79,722,0,NOOP,0.05999242514371872,0.27167168259620667,0.1355118453502655,0.4713171422481537,0.061506908386945724,1.3197245597839355,0.0,445.0,1125,2,161,0,0,0,200,200,0
1197,4788,722,93,722,4,right+A+B,0.05974765494465828,0.27082177996635437,0.13486650586128235,0.4725518524646759,0.06201224401593208,1.3189691305160522,0.0,445.0,1126,2,161,0,0,0,200,200,0
1198,4792,722,109,722,2,right+A,0.060081034898757935,0.27176764607429504,0.1383441835641861,0.4671090543270111,0.06269803643226624,1.3258562088012695,0.0,445.0,1127,2,161,0,0,0,200,200,0
1199,4796,722,121,722,3,right+B,0.06007641926407814,0.2708789110183716,0.1369747668504715,0.46895045042037964,0.06311946362257004,1.3245320320129395,0.0,445.0,1128,2,161,0,0,0,200,200,0
1200,4800,722,122,722,2,right+A,0.06179753690958023,0.27193090319633484,0.14837965369224548,0.44986623525619507,0.06802568584680557,1.351453423500061,-1.0,444.0,1129,2,160,0,0,0,200,200,0
1201,4804,722,113,722,1,right,0.06047458201646805,0.2722213864326477,0.1372028887271881,0.46641644835472107,0.06368464976549149,1.3274871110916138,0.0,444.0,1130,2,160,0,0,0,200,200,0
1202,4808,722,94,722,1,right,0.06107398495078087,0.26788532733917236,0.13454054296016693,0.472516268491745,0.06398387998342514,1.3236106634140015,0.0,444.0,1131,2,160,0,0,0,200,200,0
1203,4812,722,79,722,3,right+B,0.058777157217264175,0.2652248442173004,0.12637823820114136,0.488851398229599,0.060768403112888336,1.3000478744506836,0.0,444.0,1132,2,160,0,0,0,200,200,0
1204,4816,722,79,722,1,right,0.05984608083963394,0.2652759850025177,0.12825638055801392,0.48542848229408264,0.06119300425052643,1.305732250213623,0.0,444.0,1133,2,160,0,0,0,200,200,0
1205,4820,722,79,722,3,right+B,0.05927250534296036,0.26435399055480957,0.1261647790670395,0.4899081885814667,0.0603005513548851,1.2992937564849854,-1.0,443.0,1134,2,159,0,0,0,200,200,0
1206,4824,722,79,722,3,right+B,0.059850942343473434,0.2666424810886383,0.13100188970565796,0.4802480638027191,0.06225665286183357,1.3123557567596436,0.0,443.0,1135,2,159,0,0,0,200,200,0
1207,4828,722,79,722,3,right+B,0.058583009988069534,0.2638019621372223,0.12785674631595612,0.4885939657688141,0.061164356768131256,1.3015779256820679,0.0,443.0,1136,2,159,0,0,0,200,200,0
1208,4832,722,93,722,2,right+A,0.05924443528056145,0.26449641585350037,0.1284397393465042,0.48680979013442993,0.061009593307971954,1.3038594722747803,0.0,443.0,1137,2,159,0,0,0,200,200,0
1209,4836,722,108,722,1,right,0.060197241604328156,0.26685914397239685,0.13449367880821228,0.474945604801178,0.06350433826446533,1.3202006816864014,0.0,443.0,1138,2,159,0,0,0,200,200,0
1210,4840,722,112,722,2,right+A,0.06045982241630554,0.26847130060195923,0.13747940957546234,0.470182865858078,0.06340649724006653,1.325179934501648,-1.0,442.0,1139,2,158,0,0,0,200,200,0
1211,4844,722,106,722,3,right+B,0.06115124747157097,0.26668408513069153,0.1414051055908203,0.4662556052207947,0.06450385600328445,1.3325313329696655,0.0,442.0,1140,2,158,0,0,0,200,200,0
1212,4848,722,89,722,3,right+B,0.06015511229634285,0.2662428319454193,0.13786019384860992,0.4726131856441498,0.06312873959541321,1.3232007026672363,0.0,442.0,1141,2,158,0,0,0,200,200,0
1213,4852,722,79,722,3,right+B,0.05967552214860916,0.26606518030166626,0.13482265174388885,0.47694772481918335,0.06248891353607178,1.317021131515503,0.0,442.0,1142,2,158,0,0,0,200,200,0
1214,4856,722,79,722,3,right+B,0.058512646704912186,0.2625564932823181,0.12845970690250397,0.4902019798755646,0.060269180685281754,1.299595832824707,0.0,442.0,1143,2,158,0,0,0,200,200,0
1215,4860,722,79,722,1,right,0.05911048874258995,0.26496779918670654,0.1302156150341034,0.48585984110832214,0.05984630435705185,1.30379056930542,-1.0,441.0,1144,2,157,0,0,0,200,200,0
1216,4864,722,93,722,4,right+A+B,0.05922018736600876,0.2655348777770996,0.13031373918056488,0.48368707299232483,0.06124410778284073,1.3073999881744385,0.0,441.0,1145,2,157,0,0,0,200,200,0
1217,4868,722,108,722,3,right+B,0.05978268012404442,0.2671108543872833,0.13597165048122406,0.47396403551101685,0.06317070871591568,1.3206714391708374,0.0,441.0,1146,2,157,0,0,0,200,200,0
1218,4872,722,112,722,1,right,0.05947459116578102,0.26651883125305176,0.13516035676002502,0.4759349226951599,0.06291124224662781,1.3181495666503906,0.0,441.0,1147,2,157,0,0,0,200,200,0
1219,4876,722,106,722,3,right+B,0.06000623479485512,0.2654830813407898,0.13933652639389038,0.4705110490322113,0.06466309726238251,1.3273332118988037,0.0,441.0,1148,2,157,0,0,0,200,200,0
1220,4880,722,89,722,3,right+B,0.060022808611392975,0.26737526059150696,0.13931816816329956,0.46898168325424194,0.06430209428071976,1.3277010917663574,-1.0,440.0,1149,2,156,0,0,0,200,200,0
1221,4884,722,79,722,1,right,0.05947324261069298,0.26603418588638306,0.13623176515102386,0.47548121213912964,0.06277956068515778,1.3189427852630615,0.0,440.0,1150,2,156,0,0,0,200,200,0
1222,4888,722,93,722,4,right+A+B,0.059186920523643494,0.26412609219551086,0.13353611528873444,0.48208585381507874,0.061064984649419785,1.3102951049804688,0.0,440.0,1151,2,156,0,0,0,200,200,0
1223,4892,722,109,722,4,right+A+B,0.06054694950580597,0.26868531107902527,0.14147408306598663,0.46567851305007935,0.0636151134967804,1.3307292461395264,0.0,440.0,1152,2,156,0,0,0,200,200,0
1224,4896,722,122,722,2,right+A,0.05956355854868889,0.2674188017845154,0.13698938488960266,0.4732605814933777,0.06276773661375046,1.3208467960357666,0.0,440.0,1153,2,156,0,0,0,200,200,0
1225,4900,722,130,722,3,right+B,0.06155170127749443,0.26915010809898376,0.14909495413303375,0.45154014229774475,0.06866307556629181,1.3515403270721436,-1.0,439.0,1154,2,155,0,0,0,200,200,0
1226,4904,722,129,722,3,right+B,0.0589895062148571,0.26773619651794434,0.13943220674991608,0.4697916805744171,0.06405036151409149,1.3254073858261108,0.0,439.0,1155,2,155,0,0,0,200,200,0
1227,4908,722,117,722,2,right+A,0.05883262678980827,0.26601216197013855,0.139235258102417,0.4705243706703186,0.06539560854434967,1.3265334367752075,0.0,439.0,1156,2,155,0,0,0,200,200,0
1228,4912,722,97,722,4,right+A+B,0.05946645513176918,0.2650659680366516,0.13872188329696655,0.4706573486328125,0.06608831137418747,1.3280435800552368,0.0,439.0,1157,2,155,0,0,0,200,200,0
1229,4916,722,79,722,0,NOOP,0.05903056636452675,0.2655292749404907,0.1371719241142273,0.473275750875473,0.06499245762825012,1.323336124420166,0.0,439.0,1158,2,155,0,0,0,200,200,0
1230,4920,722,79,722,1,right,0.05857694521546364,0.2626717984676361,0.13176554441452026,0.4848545491695404,0.06213122978806496,1.3080345392227173,-1.0,438.0,1159,2,154,0,0,0,200,200,0
1231,4924,722,79,722,1,right,0.058460574597120285,0.2628977298736572,0.12818919122219086,0.4907606542110443,0.05969185382127762,1.2981221675872803,0.0,438.0,1160,2,154,0,0,0,200,200,0
1232,4928,722,79,722,3,right+B,0.05908083915710449,0.26411911845207214,0.12953606247901917,0.48663780093193054,0.06062612682580948,1.3039427995681763,0.0,438.0,1161,2,154,0,0,0,200,200,0
1233,4932,722,79,722,3,right+B,0.05917545408010483,0.265201210975647,0.13195858895778656,0.4827374517917633,0.06092734634876251,1.308596134185791,0.0,438.0,1162,2,154,0,0,0,200,200,0
1234,4936,722,79,722,3,right+B,0.059782661497592926,0.2656722962856293,0.13539664447307587,0.4775771498680115,0.061571311205625534,1.3158657550811768,0.0,438.0,1163,2,154,0,0,0,200,200,0
1235,4940,722,93,722,2,right+A,0.05986318737268448,0.2657742500305176,0.1351308673620224,0.47806382179260254,0.061167895793914795,1.3149293661117554,-1.0,437.0,1164,2,153,0,0,0,200,200,0
1236,4944,722,108,722,0,NOOP,0.06005671247839928,0.26780006289482117,0.13863934576511383,0.47069671750068665,0.06280725449323654,1.324192762374878,0.0,437.0,1165,2,153,0,0,0,200,200,0
1237,4948,722,112,722,3,right+B,0.060078345239162445,0.2694627642631531,0.1382872313261032,0.46873974800109863,0.06343187391757965,1.325989842414856,0.0,437.0,1166,2,153,0,0,0,200,200,0
1238,4952,722,106,722,1,right,0.06025862693786621,0.26663580536842346,0.14113494753837585,0.4672433137893677,0.06472738832235336,1.3308030366897583,0.0,437.0,1167,2,153,0,0,0,200,200,0
1239,4956,722,89,722,3,right+B,0.05977551266551018,0.26704084873199463,0.13822391629219055,0.4711783230304718,0.06378139555454254,1.324629545211792,0.0,437.0,1168,2,153,0,0,0,200,200,0
1240,4960,722,79,722,1,right,0.05938083305954933,0.266121506690979,0.13464012742042542,0.4773826003074646,0.06247497349977493,1.3161813020706177,-1.0,436.0,1169,2,152,0,0,0,200,200,0
1241,4964,722,79,722,3,right+B,0.058357998728752136,0.26256170868873596,0.12893818318843842,0.4898974895477295,0.060244571417570114,1.2998582124710083,0.0,436.0,1170,2,152,0,0,0,200,200,0
1242,4968,722,79,722,1,right,0.05926574394106865,0.2647974491119385,0.13120709359645844,0.48455390334129333,0.06017576530575752,1.3060028553009033,0.0,436.0,1171,2,152,0,0,0,200,200,0
1243,4972,722,79,722,1,right,0.05888843908905983,0.26394739747047424,0.12901224195957184,0.48735082149505615,0.06080108880996704,1.3031010627746582,0.0,436.0,1172,2,152,0,0,0,200,200,0
1244,4976,722,79,722,3,right+B,0.059632137417793274,0.2643042504787445,0.13106165826320648,0.4836582839488983,0.06134367734193802,1.3087072372436523,0.0,436.0,1173,2,152,0,0,0,200,200,0
1245,4980,722,79,722,1,right,0.059717271476984024,0.26410287618637085,0.13114520907402039,0.4838741719722748,0.06116045266389847,1.308493971824646,-1.0,435.0,1174,2,151,0,0,0,200,200,0
1246,4984,722,93,722,4,right+A+B,0.06025835499167442,0.26590147614479065,0.1343597024679184,0.4778589904308319,0.061621520668268204,1.3157784938812256,0.0,435.0,1175,2,151,0,0,0,200,200,0
1247,4988,722,109,722,2,right+A,0.061243265867233276,0.26903989911079407,0.13957802951335907,0.4665113687515259,0.06362743675708771,1.3300926685333252,0.0,435.0,1176,2,151,0,0,0,200,200,0
1248,4992,722,121,722,3,right+B,0.06043916568160057,0.2668451964855194,0.1367829442024231,0.47368019819259644,0.062252476811409,1.3210278749465942,0.0,435.0,1177,2,151,0,0,0,200,200,0
1249,4996,722,122,722,3,right+B,0.06183568015694618,0.2680923044681549,0.14726683497428894,0.45458632707595825,0.06821885704994202,1.3486707210540771,0.0,435.0,1178,2,151,0,0,0,200,200,0
1250,5000,722,113,722,3,right+B,0.060415901243686676,0.26694196462631226,0.1375192403793335,0.4704073667526245,0.06471546739339828,1.326886534690857,-1.0,434.0,1179,2,150,0,0,0,200,200,0
1251,5004,722,94,722,4,right+A+B,0.06108129397034645,0.2661830484867096,0.13481761515140533,0.47322991490364075,0.06468822062015533,1.3244060277938843,0.0,434.0,1180,2,150,0,0,0,200,200,0
1252,5008,722,79,722,3,right+B,0.059740837663412094,0.2672853171825409,0.13055850565433502,0.48008468747138977,0.06233062595129013,1.3120782375335693,0.0,434.0,1181,2,150,0,0,0,200,200,0
1253,5012,722,93,722,4,right+A+B,0.060120828449726105,0.26510488986968994,0.1287907361984253,0.4846647083759308,0.06131891533732414,1.307173728942871,0.0,434.0,1182,2,150,0,0,0,200,200,0
1254,5016,722,108,722,3,right+B,0.05978931114077568,0.26606646180152893,0.12957915663719177,0.4817750155925751,0.06279001384973526,1.3111166954040527,0.0,434.0,1183,2,150,0,0,0,200,200,0
1255,5020,722,112,722,2,right+A,0.059950780123472214,0.2680644392967224,0.13248348236083984,0.47622624039649963,0.0632750391960144,1.3173682689666748,-1.0,433.0,1184,2,149,0,0,0,200,200,0
1256,5024,722,106,722,4,right+A+B,0.060640595853328705,0.26952677965164185,0.1350894421339035,0.4710031747817993,0.06374004483222961,1.3238470554351807,0.0,433.0,1185,2,149,0,0,0,200,200,0
1257,5028,722,89,722,2,right+A,0.059778790920972824,0.2691323459148407,0.13273009657859802,0.4754531979560852,0.06290560960769653,1.3171911239624023,0.0,433.0,1186,2,149,0,0,0,200,200,0
1258,5032,722,79,722,3,right+B,0.05931180715560913,0.2687169015407562,0.13054415583610535,0.48031938076019287,0.06110772863030434,1.3094896078109741,0.0,433.0,1187,2,149,0,0,0,200,200,0
1259,5036,722,79,722,1,right,0.05957302823662758,0.268252432346344,0.1292298138141632,0.48164042830467224,0.06130428984761238,1.3084497451782227,0.0,433.0,1188,2,149,0,0,0,200,200,0
1260,5040,722,79,722,3,right+B,0.059414446353912354,0.2685528099536896,0.13232748210430145,0.4786761403083801,0.061029110103845596,1.3117551803588867,-1.0,432.0,1189,2,148,0,0,0,200,200,0
1261,5044,722,79,722,3,right+B,0.058555688709020615,0.2687031924724579,0.12975266575813293,0.4823683798313141,0.060620054602622986,1.3058500289916992,0.0,432.0,1190,2,148,0,0,0,200,200,0
1262,5048,722,93,722,2,right+A,0.05858803167939186,0.26870349049568176,0.12893415987491608,0.48393774032592773,0.05983651801943779,1.3032082319259644,0.0,432.0,1191,2,148,0,0,0,200,200,0
1263,5052,722,108,722,3,right+B,0.05955920368432999,0.271867960691452,0.13472236692905426,0.47021618485450745,0.0636342316865921,1.3222460746765137,0.0,432.0,1192,2,148,0,0,0,200,200,0
1264,5056,722,112,722,3,right+B,0.05959575995802879,0.274867445230484,0.13529013097286224,0.4658510684967041,0.06439559906721115,1.3261549472808838,0.0,432.0,1193,2,148,0,0,0,200,200,0
1265,5060,722,106,722,2,right+A,0.05891703814268112,0.27222877740859985,0.13491809368133545,0.4704139530658722,0.06352205574512482,1.321133017539978,-1.0,431.0,1194,2,147,0,0,0,200,200,0
1266,5064,722,89,722,1,right,0.059177398681640625,0.27170097827911377,0.13869424164295197,0.4666209816932678,0.06380636245012283,1.3266013860702515,0.0,431.0,1195,2,147,0,0,0,200,200,0
1267,5068,722,79,722,1,right,0.060075532644987106,0.27463850378990173,0.1419609785079956,0.4584527909755707,0.06487219780683517,1.3359872102737427,0.0,431.0,1196,2,147,0,0,0,200,200,0
1268,5072,722,79,722,1,right,0.061323381960392,0.27535462379455566,0.1408694088459015,0.4577106535434723,0.06474193930625916,1.3373370170593262,0.0,431.0,1197,2,147,0,0,0,200,200,0
1269,5076,722,93,722,4,right+A+B,0.06147078797221184,0.2753826379776001,0.14011244475841522,0.45947250723838806,0.06356161087751389,1.334430456161499,0.0,431.0,1198,2,147,0,0,0,200,200,0
1270,5080,722,108,722,1,right,0.060539454221725464,0.27485981583595276,0.14092770218849182,0.4598115086555481,0.06386150419712067,1.3338401317596436,-1.0,430.0,1199,2,146,0,0,0,200,200,0
1271,5084,722,112,722,2,right+A,0.06217948719859123,0.2775108516216278,0.14968571066856384,0.44502031803131104,0.0656035989522934,1.3517597913742065,0.0,430.0,1200,2,146,0,0,0,200,200,0
1272,5088,722,106,722,1,right,0.060794029384851456,0.27044087648391724,0.15081775188446045,0.4512363374233246,0.06671108305454254,1.3488850593566895,0.0,430.0,1201,2,146,0,0,0,200,200,0
1273,5092,722,89,722,1,right,0.060839492827653885,0.2753041088581085,0.14800111949443817,0.4494777023792267,0.06637758761644363,1.3476673364639282,0.0,430.0,1202,2,146,0,0,0,200,200,0
1274,5096,722,79,722,1,right,0.061732638627290726,0.2761707603931427,0.1475847214460373,0.447611540555954,0.06690032035112381,1.3504011631011963,0.0,430.0,1203,2,146,0,0,0,200,200,0
1275,5100,722,79,722,3,right+B,0.06114780530333519,0.27286529541015625,0.14858250319957733,0.45117196440696716,0.06623242795467377,1.347440242767334,-1.0,429.0,1204,2,145,0,0,0,200,200,0
1276,5104,722,79,722,1,right,0.06123361364006996,0.2731320559978485,0.14800027012825012,0.45291146636009216,0.06472257524728775,1.3441805839538574,0.0,429.0,1205,2,145,0,0,0,200,200,0
1277,5108,722,79,722,3,right+B,0.061632152646780014,0.27349337935447693,0.149833545088768,0.44790467619895935,0.0671362578868866,1.3518218994140625,0.0,429.0,1206,2,145,0,0,0,200,200,0
1278,5112,722,79,722,3,right+B,0.0611429400742054,0.27195051312446594,0.14508087933063507,0.4559190571308136,0.06590653955936432,1.342387318611145,0.0,429.0,1207,2,145,0,0,0,200,200,0
1279,5116,722,79,722,1,right,0.06074909493327141,0.27114546298980713,0.1390395164489746,0.4653920531272888,0.06367387622594833,1.3296782970428467,0.0,429.0,1208,2,145,0,0,0,200,200,0
1280,5120,722,79,722,3,right+B,0.06268835067749023,0.27510079741477966,0.15343911945819855,0.44050154089927673,0.06827021390199661,1.3606826066970825,-1.0,428.0,1209,2,144,0,0,0,200,200,0
1281,5124,722,79,722,0,NOOP,0.0630282387137413,0.2769046127796173,0.15716353058815002,0.4329286813735962,0.06997498124837875,1.3691620826721191,0.0,428.0,1210,2,144,0,0,0,200,200,0
1282,5128,722,79,722,1,right,0.06092531979084015,0.2732304036617279,0.14702054858207703,0.4535563290119171,0.0652674064040184,1.3435704708099365,0.0,428.0,1211,2,144,0,0,0,200,200,0
1283,5132,722,79,722,0,NOOP,0.062203362584114075,0.2743629217147827,0.14551837742328644,0.4524434804916382,0.06547185778617859,1.3453892469406128,0.0,428.0,1212,2,144,0,0,0,200,200,0
1284,5136,722,79,722,1,right,0.06047689542174339,0.27097824215888977,0.1370517462491989,0.4701416790485382,0.06135149300098419,1.321931004524231,0.0,428.0,1213,2,144,0,0,0,200,200,0
1285,5140,722,79,722,1,right,0.06137217953801155,0.27521398663520813,0.1417684406042099,0.45844659209251404,0.0631987676024437,1.3353825807571411,-1.0,427.0,1214,2,143,0,0,0,200,200,0
1286,5144,722,79,722,1,right,0.06079188361763954,0.27528849244117737,0.14094318449497223,0.45939964056015015,0.0635768249630928,1.3340270519256592,0.0,427.0,1215,2,143,0,0,0,200,200,0
1287,5148,722,79,722,3,right+B,0.05961174517869949,0.2725215256214142,0.14022216200828552,0.4651690423488617,0.062475595623254776,1.3271206617355347,0.0,427.0,1216,2,143,0,0,0,200,200,0
1288,5152,722,79,722,3,right+B,0.05989878997206688,0.27138009667396545,0.14031921327114105,0.4650510847568512,0.06335084140300751,1.3289642333984375,0.0,427.0,1217,2,143,0,0,0,200,200,0
1289,5156,722,79,722,3,right+B,0.060013677924871445,0.2720657289028168,0.13844016194343567,0.4670712947845459,0.06240915134549141,1.3254152536392212,0.0,427.0,1218,2,143,0,0,0,200,200,0
1290,5160,722,79,722,3,right+B,0.0605788379907608,0.2731107473373413,0.14296448230743408,0.4593296945095062,0.0640161782503128,1.3357133865356445,-1.0,426.0,1219,2,142,0,0,0,200,200,0
1291,5164,722,79,722,3,right+B,0.06026654317975044,0.27514854073524475,0.14099757373332977,0.46013036370277405,0.06345697492361069,1.3327170610427856,0.0,426.0,1220,2,142,0,0,0,200,200,0
1292,5168,722,79,722,3,right+B,0.06023711711168289,0.2733900547027588,0.13475622236728668,0.46912065148353577,0.06249599531292915,1.322226643562317,0.0,426.0,1221,2,142,0,0,0,200,200,0
1293,5172,722,79,722,0,NOOP,0.060255084186792374,0.2721107602119446,0.1331014186143875,0.47260764241218567,0.06192506477236748,1.318329095840454,0.0,426.0,1222,2,142,0,0,0,200,200,0
1294,5176,722,79,722,3,right+B,0.05965697392821312,0.27050304412841797,0.13629239797592163,0.47123944759368896,0.06230812892317772,1.3209826946258545,0.0,426.0,1223,2,142,0,0,0,200,200,0
1295,5180,722,79,722,3,right+B,0.06014474108815193,0.272022008895874,0.13760341703891754,0.4681767225265503,0.0620531402528286,1.32392156124115,-1.0,425.0,1224,2,141,0,0,0,200,200,0
1296,5184,722,79,722,3,right+B,0.05845436081290245,0.2681969702243805,0.129574716091156,0.48484522104263306,0.058928754180669785,1.301567792892456,0.0,425.0,1225,2,141,0,0,0,200,200,0
1297,5188,722,79,722,3,right+B,0.058930013328790665,0.27036401629447937,0.13183371722698212,0.4785085916519165,0.06036364287137985,1.3097730875015259,0.0,425.0,1226,2,141,0,0,0,200,200,0
1298,5192,722,79,722,3,right+B,0.05914890766143799,0.2682700455188751,0.1324123740196228,0.47882959246635437,0.0613391250371933,1.311783790588379,0.0,425.0,1227,2,141,0,0,0,200,200,0
1299,5196,722,79,722,3,right+B,0.058838874101638794,0.26694145798683167,0.12973305583000183,0.4839499294757843,0.0605367049574852,1.305208683013916,0.0,425.0,1228,2,141,0,0,0,200,200,0
1300,5200,722,79,722,3,right+B,0.05971837416291237,0.2689034044742584,0.13129916787147522,0.47895726561546326,0.06112178415060043,1.311455488204956,-1.0,424.0,1229,2,140,0,0,0,200,200,0
1301,5204,722,93,722,4,right+A+B,0.05989351496100426,0.2676227390766144,0.1297721117734909,0.48155543208122253,0.061156198382377625,1.3091561794281006,0.0,424.0,1230,2,140,0,0,0,200,200,0
1302,5208,722,108,722,3,right+B,0.0593373142182827,0.2659851312637329,0.1299109309911728,0.4830534756183624,0.06171319633722305,1.3083536624908447,0.0,424.0,1231,2,140,0,0,0,200,200,0
1303,5212,722,112,722,0,NOOP,0.059739384800195694,0.2672898769378662,0.13019543886184692,0.4802373945713043,0.06253789365291595,1.3120274543762207,0.0,424.0,1232,2,140,0,0,0,200,200,0
1304,5216,722,106,722,3,right+B,0.06064371019601822,0.2668614983558655,0.13646583259105682,0.47066444158554077,0.06536448746919632,1.3272926807403564,0.0,424.0,1233,2,140,0,0,0,200,200,0
1305,5220,722,89,722,3,right+B,0.0609976127743721,0.26934677362442017,0.1383102536201477,0.46569833159446716,0.06564705073833466,1.3322176933288574,-1.0,423.0,1234,2,139,0,0,0,200,200,0
1306,5224,722,79,722,2,right+A,0.06023775786161423,0.2679871618747711,0.13631394505500793,0.47161009907722473,0.06385106593370438,1.323901653289795,0.0,423.0,1235,2,139,0,0,0,200,200,0
1307,5228,722,79,722,1,right,0.05890240892767906,0.26395344734191895,0.1303519606590271,0.48553332686424255,0.06125877425074577,1.3058555126190186,0.0,423.0,1236,2,139,0,0,0,200,200,0
1308,5232,722,79,722,1,right,0.05936358496546745,0.265206903219223,0.13197416067123413,0.4829629063606262,0.06049252673983574,1.308112621307373,0.0,423.0,1237,2,139,0,0,0,200,200,0
1309,5236,722,79,722,1,right,0.05932473763823509,0.26558858156204224,0.13090278208255768,0.48319804668426514,0.06098591163754463,1.307888388633728,0.0,423.0,1238,2,139,0,0,0,200,200,0
1310,5240,722,79,722,3,right+B,0.05954732000827789,0.26489412784576416,0.13076648116111755,0.48438507318496704,0.06040698662400246,1.3065576553344727,-1.0,422.0,1239,2,138,0,0,0,200,200,0
1311,5244,722,79,722,3,right+B,0.05911270156502724,0.2633216083049774,0.128414124250412,0.4893437325954437,0.05980788171291351,1.3003144264221191,0.0,422.0,1240,2,138,0,0,0,200,200,0
1312,5248,722,79,722,3,right+B,0.0594424307346344,0.2642696797847748,0.13011948764324188,0.48505887389183044,0.061109546571969986,1.3065694570541382,0.0,422.0,1241,2,138,0,0,0,200,200,0
1313,5252,722,79,722,0,NOOP,0.05896224454045296,0.2635054886341095,0.12906824052333832,0.48757317662239075,0.06089084595441818,1.3032466173171997,0.0,422.0,1242,2,138,0,0,0,200,200,0
1314,5256,722,79,722,3,right+B,0.05879783630371094,0.2629568874835968,0.127631276845932,0.4907081127166748,0.05990593880414963,1.2985762357711792,0.0,422.0,1243,2,138,0,0,0,200,200,0
1315,5260,722,79,722,1,right,0.05913318693637848,0.26446622610092163,0.12870077788829803,0.4877162277698517,0.0599835142493248,1.3018137216567993,-1.0,421.0,1244,2,137,0,0,0,200,200,0
1316,5264,722,79,722,3,right+B,0.05942179635167122,0.26518428325653076,0.13121424615383148,0.48377031087875366,0.060409411787986755,1.3070597648620605,0.0,421.0,1245,2,137,0,0,0,200,200,0
1317,5268,722,79,722,1,right,0.059755463153123856,0.2657139003276825,0.13297806680202484,0.4802168905735016,0.06133568286895752,1.3122730255126953,0.0,421.0,1246,2,137,0,0,0,200,200,0
1318,5272,722,79,722,3,right+B,0.05988312140107155,0.26549050211906433,0.13535939157009125,0.4777138829231262,0.061553213745355606,1.3158838748931885,0.0,421.0,1247,2,137,0,0,0,200,200,0
1319,5276,722,79,722,3,right+B,0.059980884194374084,0.2659394145011902,0.13564790785312653,0.47726747393608093,0.06116428226232529,1.3159151077270508,0.0,421.0,1248,2,137,0,0,0,200,200,0
1320,5280,722,79,722,3,right+B,0.05957372486591339,0.26600584387779236,0.13531911373138428,0.47809886932373047,0.06100251525640488,1.3143606185913086,-1.0,420.0,1249,2,136,0,0,0,200,200,0
1321,5284,722,79,722,3,right+B,0.05971301347017288,0.26696935296058655,0.1351255178451538,0.4764519929885864,0.06174009293317795,1.3164807558059692,0.0,420.0,1250,2,136,0,0,0,200,200,0
1322,5288,722,79,722,3,right+B,0.05919773504137993,0.2648584246635437,0.1327420026063919,0.4824260175228119,0.06077577918767929,1.3091371059417725,0.0,420.0,1251,2,136,0,0,0,200,200,0
1323,5292,722,79,722,3,right+B,0.059031110256910324,0.26432690024375916,0.13066820800304413,0.48575523495674133,0.060218535363674164,1.3046073913574219,0.0,420.0,1252,2,136,0,0,0,200,200,0
1324,5296,722,93,722,2,right+A,0.05934879928827286,0.26552143692970276,0.13215287029743195,0.4819144010543823,0.06106245517730713,1.3096818923950195,0.0,420.0,1253,2,136,0,0,0,200,200,0
1325,5300,722,109,722,2,right+A,0.05979454889893532,0.2675917446613312,0.13571994006633759,0.4739139676094055,0.06297985464334488,1.3202717304229736,-1.0,419.0,1254,2,135,0,0,0,200,200,0
1326,5304,722,121,722,0,NOOP,0.05952438339591026,0.2668256461620331,0.13495582342147827,0.47611016035079956,0.06258397549390793,1.3175101280212402,0.0,419.0,1255,2,135,0,0,0,200,200,0
1327,5308,722,122,722,3,right+B,0.06086355075240135,0.2673264145851135,0.1444384753704071,0.45937579870224,0.06799588352441788,1.3426547050476074,0.0,419.0,1256,2,135,0,0,0,200,200,0
1328,5312,722,113,722,1,right,0.059692565351724625,0.26736199855804443,0.13750140368938446,0.4709397554397583,0.0645042359828949,1.3251938819885254,0.0,419.0,1257,2,135,0,0,0,200,200,0
1329,5316,722,94,722,3,right+B,0.060510605573654175,0.2652048170566559,0.1366536021232605,0.4726293683052063,0.06500155478715897,1.3255854845046997,0.0,419.0,1258,2,135,0,0,0,200,200,0
1330,5320,722,79,722,1,right,0.059353090822696686,0.2664431929588318,0.13407334685325623,0.477716863155365,0.062413543462753296,1.3154678344726562,-1.0,418.0,1259,2,134,0,0,0,200,200,0
1331,5324,722,93,722,2,right+A,0.06033872067928314,0.26667290925979614,0.13554620742797852,0.47575363516807556,0.06168852001428604,1.3180286884307861,0.0,418.0,1260,2,134,0,0,0,200,200,0
1332,5328,722,109,722,4,right+A+B,0.059497009962797165,0.2662544846534729,0.135419562458992,0.4765661060810089,0.06226281449198723,1.3170528411865234,0.0,418.0,1261,2,134,0,0,0,200,200,0
1333,5332,722,121,722,3,right+B,0.06013160198926926,0.26928091049194336,0.13905610144138336,0.46767833828926086,0.06385302543640137,1.3277747631072998,0.0,418.0,1262,2,134,0,0,0,200,200,0
1334,5336,722,122,722,1,right,0.06140138581395149,0.2689954340457916,0.1469823271036148,0.45420339703559875,0.0684175193309784,1.3483338356018066,0.0,418.0,1263,2,134,0,0,0,200,200,0
1335,5340,722,113,722,1,right,0.059520043432712555,0.26726362109184265,0.13687334954738617,0.47237420082092285,0.06396881490945816,1.3229382038116455,-1.0,417.0,1264,2,133,0,0,0,200,200,0
1336,5344,722,94,722,1,right,0.06033424660563469,0.2652643024921417,0.13516880571842194,0.4745975136756897,0.06463520973920822,1.3226747512817383,0.0,417.0,1265,2,133,0,0,0,200,200,0
1337,5348,722,79,722,3,right+B,0.05851025506854057,0.26491421461105347,0.1299920231103897,0.48495399951934814,0.06162947043776512,1.3059029579162598,0.0,417.0,1266,2,133,0,0,0,200,200,0
1338,5352,722,79,722,1,right,0.059476301074028015,0.2648042142391205,0.13101860880851746,0.4837261736392975,0.06097474321722984,1.307863473892212,0.0,417.0,1267,2,133,0,0,0,200,200,0
1339,5356,722,79,722,1,right,0.05896000191569328,0.26329505443573,0.12876109778881073,0.4887296259403229,0.06025427207350731,1.3013747930526733,0.0,417.0,1268,2,133,0,0,0,200,200,0
1340,5360,722,79,722,3,right+B,0.059800099581480026,0.26583558320999146,0.1334487944841385,0.4790995717048645,0.061815883964300156,1.3140264749526978,-1.0,416.0,1269,2,132,0,0,0,200,200,0
1341,5364,722,93,722,4,right+A+B,0.059475310146808624,0.2650296688079834,0.13256385922431946,0.4819384515285492,0.060992732644081116,1.3100403547286987,0.0,416.0,1270,2,132,0,0,0,200,200,0
1342,5368,722,108,722,0,NOOP,0.060644570738077164,0.2680095136165619,0.13843855261802673,0.4697805345058441,0.06312683969736099,1.3259146213531494,0.0,416.0,1271,2,132,0,0,0,200,200,0
1343,5372,722,112,722,3,right+B,0.060763880610466,0.26823940873146057,0.1384841352701187,0.46890756487846375,0.06360507756471634,1.3273006677627563,0.0,416.0,1272,2,132,0,0,0,200,200,0
1344,5376,722,106,722,3,right+B,0.060980964452028275,0.2667843699455261,0.1403559446334839,0.46749088168144226,0.06438780575990677,1.330754280090332,0.0,416.0,1273,2,132,0,0,0,200,200,0
1345,5380,722,89,722,2,right+A,0.06056486815214157,0.26842594146728516,0.1380053609609604,0.469450443983078,0.0635533332824707,1.326309323310852,-1.0,415.0,1274,2,131,0,0,0,200,200,0
1346,5384,722,79,722,1,right,0.05965768173336983,0.2658933103084564,0.1334412693977356,0.47912725806236267,0.061880577355623245,1.3138867616653442,0.0,415.0,1275,2,131,0,0,0,200,200,0
1347,5388,722,79,722,3,right+B,0.05882180854678154,0.2617344856262207,0.12750209867954254,0.4921576678752899,0.0597839429974556,1.2974286079406738,0.0,415.0,1276,2,131,0,0,0,200,200,0
1348,5392,722,93,722,2,right+A,0.059521183371543884,0.2639080286026001,0.130466490983963,0.48616668581962585,0.059937603771686554,1.304530382156372,0.0,415.0,1277,2,131,0,0,0,200,200,0
1349,5396,722,108,722,3,right+B,0.0598202608525753,0.26544031500816345,0.13170099258422852,0.4806775748729706,0.062360867857933044,1.312700867652893,0.0,415.0,1278,2,131,0,0,0,200,200,0
1350,5400,722,112,722,3,right+B,0.0606730617582798,0.26882633566856384,0.1354055106639862,0.4720885157585144,0.06300651282072067,1.3224434852600098,-1.0,414.0,1279,2,130,0,0,0,200,200,0
1351,5404,722,106,722,2,right+A,0.061181724071502686,0.2672279477119446,0.13743196427822113,0.4697602391242981,0.06439818441867828,1.3278776407241821,0.0,414.0,1280,2,130,0,0,0,200,200,0
1352,5408,722,89,722,3,right+B,0.060900188982486725,0.2681753635406494,0.13673575222492218,0.4695899188518524,0.06459875404834747,1.3273767232894897,0.0,414.0,1281,2,130,0,0,0,200,200,0
1353,5412,722,79,722,1,right,0.06047750636935234,0.2680555284023285,0.13341371715068817,0.474884569644928,0.06316875666379929,1.319422721862793,0.0,414.0,1282,2,130,0,0,0,200,200,0
1354,5416,722,93,722,4,right+A+B,0.05971818417310715,0.26546064019203186,0.12986095249652863,0.48391732573509216,0.06104292348027229,1.3073883056640625,0.0,414.0,1283,2,130,0,0,0,200,200,0
1355,5420,722,108,722,1,right,0.06029782071709633,0.2709079086780548,0.13667717576026917,0.4697365462779999,0.06238054856657982,1.3231489658355713,-1.0,413.0,1284,2,129,0,0,0,200,200,0
1356,5424,722,112,722,3,right+B,0.05966665968298912,0.270710289478302,0.13180404901504517,0.47661879658699036,0.06120021641254425,1.31319260597229,0.0,413.0,1285,2,129,0,0,0,200,200,0
1357,5428,722,106,722,0,NOOP,0.06116658076643944,0.2708943486213684,0.13653934001922607,0.4678255021572113,0.06357422471046448,1.3271434307098389,0.0,413.0,1286,2,129,0,0,0,200,200,0
1358,5432,722,89,722,3,right+B,0.06036893278360367,0.2717601954936981,0.13461196422576904,0.4699934720993042,0.06326546519994736,1.3229777812957764,0.0,413.0,1287,2,129,0,0,0,200,200,0
1359,5436,722,79,722,0,NOOP,0.05888977274298668,0.2669927775859833,0.12860992550849915,0.48443716764450073,0.06107039004564285,1.3049697875976562,0.0,413.0,1288,2,129,0,0,0,200,200,0
1360,5440,722,93,722,4,right+A+B,0.05814094841480255,0.2664918601512909,0.12729854881763458,0.48791253566741943,0.060156114399433136,1.2994294166564941,-1.0,412.0,1289,2,128,0,0,0,200,200,0
1361,5444,722,108,722,1,right,0.05808402597904205,0.26864463090896606,0.1308610588312149,0.48180291056632996,0.06060733646154404,1.3062430620193481,0.0,412.0,1290,2,128,0,0,0,200,200,0
1362,5448,722,112,722,2,right+A,0.05890662968158722,0.270581990480423,0.1302236169576645,0.47817015647888184,0.06211753562092781,1.311368703842163,0.0,412.0,1291,2,128,0,0,0,200,200,0
1363,5452,722,106,722,2,right+A,0.060103897005319595,0.27113020420074463,0.13646121323108673,0.4671003222465515,0.06520431488752365,1.328236699104309,0.0,412.0,1292,2,128,0,0,0,200,200,0
1364,5456,722,89,722,2,right+A,0.06024497374892235,0.2733110189437866,0.13962137699127197,0.4626919627189636,0.06413073092699051,1.3314120769500732,0.0,412.0,1293,2,128,0,0,0,200,200,0
1365,5460,722,79,722,3,right+B,0.060451753437519073,0.27484992146492004,0.14134640991687775,0.4592159390449524,0.06413593888282776,1.3346924781799316,-1.0,411.0,1294,2,127,0,0,0,200,200,0
1366,5464,722,93,722,2,right+A,0.05996960774064064,0.2727663815021515,0.1416054219007492,0.4623442590236664,0.06331435590982437,1.3313074111938477,0.0,411.0,1295,2,127,0,0,0,200,200,0
1367,5468,722,108,722,3,right+B,0.06229686364531517,0.2778688967227936,0.15077774226665497,0.4424220621585846,0.06663444638252258,1.3553035259246826,0.0,411.0,1296,2,127,0,0,0,200,200,0
1368,5472,722,112,722,1,right,0.06150168925523758,0.2777440845966339,0.1424480825662613,0.4530738592147827,0.0652322992682457,1.3416839838027954,0.0,411.0,1297,2,127,0,0,0,200,200,0
1369,5476,722,106,722,3,right+B,0.061743367463350296,0.2745877802371979,0.14872846007347107,0.4490137994289398,0.06592652946710587,1.3490575551986694,0.0,411.0,1298,2,127,0,0,0,200,200,0
1370,5480,722,89,722,3,right+B,0.061819691210985184,0.2756469249725342,0.14702335000038147,0.45064088702201843,0.06486915051937103,1.3457939624786377,-1.0,410.0,1299,2,126,0,0,0,200,200,0
1371,5484,722,79,722,3,right+B,0.0603131540119648,0.27338799834251404,0.14133186638355255,0.4616784155368805,0.06328850239515305,1.3319594860076904,0.0,410.0,1300,2,126,0,0,0,200,200,0
1372,5488,722,79,722,3,right+B,0.06022856384515762,0.27089133858680725,0.1422004997730255,0.4634071886539459,0.06327243149280548,1.3314578533172607,0.0,410.0,1301,2,126,0,0,0,200,200,0
1373,5492,722,79,722,0,NOOP,0.06191575899720192,0.27561989426612854,0.14464646577835083,0.45360907912254333,0.06420882791280746,1.3419967889785767,0.0,410.0,1302,2,126,0,0,0,200,200,0
1374,5496,722,79,722,3,right+B,0.06047063693404198,0.27331963181495667,0.1414502114057541,0.46047329902648926,0.0642862468957901,1.3343572616577148,0.0,410.0,1303,2,126,0,0,0,200,200,0
1375,5500,722,79,722,1,right,0.06105305254459381,0.2715297043323517,0.14617282152175903,0.4569377601146698,0.06430666148662567,1.3401198387145996,-1.0,409.0,1304,2,125,0,0,0,200,200,0
1376,5504,722,93,722,2,right+A,0.06199037656188011,0.27159595489501953,0.14603134989738464,0.45529240369796753,0.06508985161781311,1.343400478363037,0.0,409.0,1305,2,125,0,0,0,200,200,0
1377,5508,722,109,722,2,right+A,0.06270372122526169,0.275800496339798,0.1539081186056137,0.4389573335647583,0.06863041967153549,1.3622028827667236,0.0,409.0,1306,2,125,0,0,0,200,200,0
1378,5512,722,121,722,3,right+B,0.06299657374620438,0.27617207169532776,0.15307076275348663,0.43947285413742065,0.06828773766756058,1.3614274263381958,0.0,409.0,1307,2,125,0,0,0,200,200,0
1379,5516,722,122,722,3,right+B,0.06553267687559128,0.27767083048820496,0.17642560601234436,0.4029819965362549,0.07738885283470154,1.4047349691390991,0.0,409.0,1308,2,125,0,0,0,200,200,0
1380,5520,722,113,722,1,right,0.06345926970243454,0.27880555391311646,0.16726566851139069,0.41745418310165405,0.07301536947488785,1.385948896408081,-1.0,408.0,1309,2,124,0,0,0,200,200,0
1381,5524,722,94,722,3,right+B,0.06173422187566757,0.2735406756401062,0.14575760066509247,0.45251715183258057,0.0664503276348114,1.3461993932724,0.0,408.0,1310,2,124,0,0,0,200,200,0
1382,5528,722,79,722,1,right,0.06206251680850983,0.27476897835731506,0.14345775544643402,0.45395365357398987,0.06575705856084824,1.3435083627700806,0.0,408.0,1311,2,124,0,0,0,200,200,0
1383,5532,722,79,722,3,right+B,0.06071208417415619,0.27111726999282837,0.13664883375167847,0.47026965022087097,0.06125224754214287,1.3217898607254028,0.0,408.0,1312,2,124,0,0,0,200,200,0
1384,5536,722,93,722,4,right+A+B,0.06121087446808815,0.2741035521030426,0.1371709555387497,0.46560174226760864,0.06191284954547882,1.3264011144638062,0.0,408.0,1313,2,124,0,0,0,200,200,0
1385,5540,722,109,722,4,right+A+B,0.06065025180578232,0.2761310040950775,0.14348524808883667,0.4547814726829529,0.06495194882154465,1.3398329019546509,-1.0,407.0,1314,2,123,0,0,0,200,200,0
1386,5544,722,121,722,3,right+B,0.06103202700614929,0.2755814492702484,0.14307129383087158,0.4562647342681885,0.06405051797628403,1.3380849361419678,0.0,407.0,1315,2,123,0,0,0,200,200,0
1387,5548,722,122,722,3,right+B,0.06188834831118584,0.27382025122642517,0.1525966078042984,0.44196459650993347,0.069730244576931,1.3603250980377197,0.0,407.0,1316,2,123,0,0,0,200,200,0
1388,5552,722,113,722,1,right,0.060470037162303925,0.27444887161254883,0.14382852613925934,0.4555181562900543,0.06573448330163956,1.340538501739502,0.0,407.0,1317,2,123,0,0,0,200,200,0
1389,5556,722,94,722,3,right+B,0.062300194054841995,0.27384209632873535,0.14746838808059692,0.44912511110305786,0.06726425886154175,1.3509474992752075,0.0,407.0,1318,2,123,0,0,0,200,200,0
1390,5560,722,79,722,4,right+A+B,0.061162952333688736,0.2769792675971985,0.14394733309745789,0.45351582765579224,0.06439457833766937,1.3407291173934937,-1.0,406.0,1319,2,122,0,0,0,200,200,0
1391,5564,722,79,722,3,right+B,0.06116105616092682,0.2746047079563141,0.1357031911611557,0.4669497311115265,0.06158128008246422,1.3240916728973389,0.0,406.0,1320,2,122,0,0,0,200,200,0
1392,5568,722,79,722,3,right+B,0.06027348339557648,0.2716173529624939,0.1327419877052307,0.4743160307407379,0.061051145195961,1.3158527612686157,0.0,406.0,1321,2,122,0,0,0,200,200,0
1393,5572,722,79,722,1,right,0.05962379276752472,0.2711046636104584,0.13432739675045013,0.47361767292022705,0.061326514929533005,1.3167957067489624,0.0,406.0,1322,2,122,0,0,0,200,200,0
1394,5576,722,79,722,1,right,0.05918799340724945,0.27034297585487366,0.13355042040348053,0.47581687569618225,0.061101656407117844,1.3140183687210083,0.0,406.0,1323,2,122,0,0,0,200,200,0
1395,5580,722,79,722,1,right,0.05687563493847847,0.26483154296875,0.12503233551979065,0.49545779824256897,0.05780262500047684,1.2876183986663818,-1.0,405.0,1324,2,121,0,0,0,200,200,0
1396,5584,722,93,722,2,right+A,0.05830267444252968,0.2674785554409027,0.1269908845424652,0.48797520995140076,0.059252724051475525,1.298056721687317,0.0,405.0,1325,2,121,0,0,0,200,200,0
1397,5588,722,108,722,1,right,0.0594099797308445,0.2697833180427551,0.13172228634357452,0.47729921340942383,0.0617852620780468,1.313225507736206,0.0,405.0,1326,2,121,0,0,0,200,200,0
1398,5592,722,112,722,3,right+B,0.06021678447723389,0.2710839807987213,0.13524295389652252,0.470550000667572,0.06290619820356369,1.3223596811294556,0.0,405.0,1327,2,121,0,0,0,200,200,0
1399,5596,722,106,722,3,right+B,0.06042518839240074,0.26842597126960754,0.1364256888628006,0.471334308385849,0.06338880211114883,1.3237470388412476,0.0,405.0,1328,2,121,0,0,0,200,200,0
1400,5600,722,89,722,1,right,0.06059882417321205,0.2684648931026459,0.13470688462257385,0.47352907061576843,0.06270038336515427,1.3205935955047607,-1.0,404.0,1329,2,120,0,0,0,200,200,0
1401,5604,722,79,722,3,right+B,0.05964353308081627,0.2659629285335541,0.13079684972763062,0.4822978377342224,0.06129887327551842,1.3092875480651855,0.0,404.0,1330,2,120,0,0,0,200,200,0
1402,5608,722,79,722,0,NOOP,0.059637751430273056,0.26445481181144714,0.12923453748226166,0.4860088527202606,0.06066397204995155,1.3049983978271484,0.0,404.0,1331,2,120,0,0,0,200,200,0
1403,5612,722,79,722,0,NOOP,0.06039246916770935,0.267954558134079,0.13430550694465637,0.4760149121284485,0.0613325759768486,1.3165867328643799,0.0,404.0,1332,2,120,0,0,0,200,200,0
1404,5616,722,79,722,3,right+B,0.05977724865078926,0.267077773809433,0.1321410834789276,0.47913169860839844,0.06187222898006439,1.3131452798843384,0.0,404.0,1333,2,120,0,0,0,200,200,0
1405,5620,722,93,722,2,right+A,0.059902772307395935,0.2669247090816498,0.13076476752758026,0.48132383823394775,0.06108399108052254,1.3099132776260376,-1.0,403.0,1334,2,119,0,0,0,200,200,0
1406,5624,722,109,722,4,right+A+B,0.059499990195035934,0.2668273150920868,0.1320149451494217,0.4797062575817108,0.06195150688290596,1.3124202489852905,0.0,403.0,1335,2,119,0,0,0,200,200,0
1407,5628,722,121,722,1,right,0.05979616940021515,0.2672695815563202,0.13378334045410156,0.4757632315158844,0.06338759511709213,1.3184734582901,0.0,403.0,1336,2,119,0,0,0,200,200,0
1408,5632,722,122,722,0,NOOP,0.06148862838745117,0.2683347165584564,0.1450561136007309,0.4570976793766022,0.06802291423082352,1.3452181816101074,0.0,403.0,1337,2,119,0,0,0,200,200,0
1409,5636,722,113,722,3,right+B,0.05990038439631462,0.2661014199256897,0.1342376172542572,0.47646501660346985,0.06329553574323654,1.318402647972107,0.0,403.0,1338,2,119,0,0,0,200,200,0
1410,5640,722,94,722,3,right+B,0.06093632057309151,0.264902800321579,0.13412754237651825,0.47552257776260376,0.06451083719730377,1.322142243385315,-1.0,402.0,1339,2,118,0,0,0,200,200,0
1411,5644,722,79,722,0,NOOP,0.05913800373673439,0.264614999294281,0.1295565515756607,0.48469093441963196,0.06199956312775612,1.307234287261963,0.0,402.0,1340,2,118,0,0,0,200,200,0
1412,5648,722,79,722,3,right+B,0.06007277965545654,0.26459547877311707,0.13077351450920105,0.48330360651016235,0.06125465780496597,1.3092432022094727,0.0,402.0,1341,2,118,0,0,0,200,200,0
1413,5652,722,79,722,3,right+B,0.05952703580260277,0.2640393376350403,0.12937580049037933,0.4864257276058197,0.0606321357190609,1.304633378982544,0.0,402.0,1342,2,118,0,0,0,200,200,0
1414,5656,722,79,722,1,right,0.06041805446147919,0.26710963249206543,0.13520444929599762,0.4756247103214264,0.061643198132514954,1.3179227113723755,0.0,402.0,1343,2,118,0,0,0,200,200,0
1415,5660,722,79,722,3,right+B,0.06006912887096405,0.2670224905014038,0.13577504456043243,0.47575071454048157,0.06138262897729874,1.3173350095748901,-1.0,401.0,1344,2,117,0,0,0,200,200,0
1416,5664,722,79,722,3,right+B,0.05991925299167633,0.2662050724029541,0.13524295389652252,0.4774954617023468,0.06113733723759651,1.315377116203308,0.0,401.0,1345,2,117,0,0,0,200,200,0
1417,5668,722,93,722,2,right+A,0.05994872376322746,0.26637235283851624,0.13498538732528687,0.4772642254829407,0.06142927706241608,1.315809965133667,0.0,401.0,1346,2,117,0,0,0,200,200,0
1418,5672,722,108,722,3,right+B,0.06035957112908363,0.2687842845916748,0.13899505138397217,0.4682486057281494,0.06361261010169983,1.32741379737854,0.0,401.0,1347,2,117,0,0,0,200,200,0
1419,5676,722,112,722,1,right,0.06022949144244194,0.2689881920814514,0.13829900324344635,0.46895280480384827,0.06353049725294113,1.3262484073638916,0.0,401.0,1348,2,117,0,0,0,200,200,0
1420,5680,722,106,722,1,right,0.06068245321512222,0.26723697781562805,0.1407085359096527,0.4664301872253418,0.06494178622961044,1.3319172859191895,-1.0,400.0,1349,2,116,0,0,0,200,200,0
1421,5684,722,89,722,3,right+B,0.0599929578602314,0.2670479714870453,0.13820946216583252,0.4709624648094177,0.06378716230392456,1.3250761032104492,0.0,400.0,1350,2,116,0,0,0,200,200,0
1422,5688,722,79,722,3,right+B,0.05952950567007065,0.26601389050483704,0.1349438577890396,0.4772622287273407,0.06225055456161499,1.3163557052612305,0.0,400.0,1351,2,116,0,0,0,200,200,0
1423,5692,722,79,722,1,right,0.05885710567235947,0.2634938061237335,0.1303907185792923,0.4868695139884949,0.06038876995444298,1.3037211894989014,0.0,400.0,1352,2,116,0,0,0,200,200,0
1424,5696,722,79,722,1,right,0.05971996858716011,0.2659001648426056,0.13377635180950165,0.4799400866031647,0.06066340208053589,1.3119444847106934,0.0,400.0,1353,2,116,0,0,0,200,200,0
1425,5700,722,93,722,2,right+A,0.05960652977228165,0.26558101177215576,0.13324236869812012,0.480101615190506,0.06146850436925888,1.3124958276748657,-1.0,399.0,1354,2,115,0,0,0,200,200,0
1426,5704,722,108,722,3,right+B,0.060963790863752365,0.26894882321357727,0.1416439712047577,0.4644782543182373,0.06396517902612686,1.332619547843933,0.0,399.0,1355,2,115,0,0,0,200,200,0
1427,5708,722,112,722,3,right+B,0.060723401606082916,0.26921752095222473,0.14057834446430206,0.4659241735935211,0.06355652213096619,1.330194354057312,0.0,399.0,1356,2,115,0,0,0,200,200,0
1428,5712,722,106,722,4,right+A+B,0.0606222003698349,0.2670194208621979,0.14251837134361267,0.46540600061416626,0.0644339993596077,1.3328263759613037,0.0,399.0,1357,2,115,0,0,0,200,200,0
1429,5716,722,89,722,3,right+B,0.06043808534741402,0.26872700452804565,0.14087097346782684,0.46579766273498535,0.06416627764701843,1.3309048414230347,0.0,399.0,1358,2,115,0,0,0,200,200,0
1430,5720,722,79,722,1,right,0.05959508195519447,0.2669980823993683,0.13598822057247162,0.4750865399837494,0.06233205646276474,1.3185415267944336,-1.0,398.0,1359,2,114,0,0,0,200,200,0
1431,5724,722,93,722,2,right+A,0.05867290496826172,0.26367124915122986,0.13021259009838104,0.4871283173561096,0.06031491234898567,1.303051471710205,0.0,398.0,1360,2,114,0,0,0,200,200,0
1432,5728,722,108,722,3,right+B,0.05999461188912392,0.2679341733455658,0.1371067762374878,0.471988707780838,0.06297577172517776,1.3225960731506348,0.0,398.0,1361,2,114,0,0,0,200,200,0
1433,5732,722,112,722,4,right+A+B,0.05955067276954651,0.26709049940109253,0.13428793847560883,0.4762229919433594,0.06284788995981216,1.3174091577529907,0.0,398.0,1362,2,114,0,0,0,200,200,0
1434,5736,722,106,722,3,right+B,0.06046281382441521,0.26636195182800293,0.13996434211730957,0.4686587452888489,0.06455216556787491,1.3293118476867676,0.0,398.0,1363,2,114,0,0,0,200,200,0
1435,5740,722,89,722,2,right+A,0.06008949875831604,0.26727187633514404,0.13809314370155334,0.47078192234039307,0.06376352161169052,1.3252118825912476,-1.0,397.0,1364,2,113,0,0,0,200,200,0
1436,5744,722,79,722,1,right,0.05984897539019585,0.26678138971328735,0.13611136376857758,0.47455573081970215,0.06270261853933334,1.3198482990264893,0.0,397.0,1365,2,113,0,0,0,200,200,0
1437,5748,722,79,722,1,right,0.059038687497377396,0.2639414072036743,0.1317828893661499,0.48453083634376526,0.06070617958903313,1.3068617582321167,0.0,397.0,1366,2,113,0,0,0,200,200,0
1438,5752,722,79,722,3,right+B,0.060331493616104126,0.2666885256767273,0.13689707219600677,0.4748796820640564,0.06120319664478302,1.3187179565429688,0.0,397.0,1367,2,113,0,0,0,200,200,0
1439,5756,722,79,722,1,right,0.060746125876903534,0.26755398511886597,0.13688106834888458,0.47238776087760925,0.062431078404188156,1.322547197341919,0.0,397.0,1368,2,113,0,0,0,200,200,0
1440,5760,722,79,722,1,right,0.06033711135387421,0.26630350947380066,0.1363459825515747,0.47572973370552063,0.06128370389342308,1.317984700202942,-1.0,396.0,1369,2,112,0,0,0,200,200,0
1441,5764,722,79,722,3,right+B,0.059847235679626465,0.2658173441886902,0.13367512822151184,0.4800088703632355,0.06065144017338753,1.3120064735412598,0.0,396.0,1370,2,112,0,0,0,200,200,0
1442,5768,722,93,722,2,right+A,0.06002725288271904,0.2660585343837738,0.13317251205444336,0.4795535206794739,0.061188165098428726,1.3129878044128418,0.0,396.0,1371,2,112,0,0,0,200,200,0
1443,5772,722,108,722,1,right,0.060319576412439346,0.2675737738609314,0.1358015090227127,0.4730597734451294,0.063245490193367,1.321982979774475,0.0,396.0,1372,2,112,0,0,0,200,200,0
1444,5776,722,112,722,0,NOOP,0.06053166836500168,0.26833575963974,0.13530763983726501,0.4729018807411194,0.06292292475700378,1.321584939956665,0.0,396.0,1373,2,112,0,0,0,200,200,0
1445,5780,722,106,722,3,right+B,0.060602691024541855,0.26562073826789856,0.13636749982833862,0.4736432731151581,0.0637657567858696,1.3231947422027588,-1.0,395.0,1374,2,111,0,0,0,200,200,0
1446,5784,722,89,722,3,right+B,0.06038730964064598,0.26584991812705994,0.13530252873897552,0.4751664698123932,0.06329377740621567,1.320603370666504,0.0,395.0,1375,2,111,0,0,0,200,200,0
1447,5788,722,79,722,3,right+B,0.060103632509708405,0.26488152146339417,0.13316479325294495,0.47973835468292236,0.06211168318986893,1.3143349885940552,0.0,395.0,1376,2,111,0,0,0,200,200,0
1448,5792,722,79,722,3,right+B,0.05967569723725319,0.2629060745239258,0.13084930181503296,0.4852685332298279,0.06130041182041168,1.3075803518295288,0.0,395.0,1377,2,111,0,0,0,200,200,0
1449,5796,722,79,722,1,right,0.060670651495456696,0.2668740153312683,0.13528981804847717,0.4760863482952118,0.061079125851392746,1.3172590732574463,0.0,395.0,1378,2,111,0,0,0,200,200,0
1450,5800,722,79,722,3,right+B,0.06064949929714203,0.26712051033973694,0.13372839987277985,0.47743645310401917,0.061065107583999634,1.3153538703918457,-1.0,394.0,1379,2,110,0,0,0,200,200,0
1451,5804,722,79,722,3,right+B,0.06127360835671425,0.2679183781147003,0.13482870161533356,0.47445148229599,0.061527714133262634,1.3194365501403809,0.0,394.0,1380,2,110,0,0,0,200,200,0
1452,5808,722,79,722,3,right+B,0.06109063699841499,0.2674124240875244,0.1337754726409912,0.4760948121547699,0.061626654118299484,1.317642092704773,0.0,394.0,1381,2,110,0,0,0,200,200,0
1453,5812,722,79,722,1,right,0.06114594265818596,0.26934972405433655,0.13397231698036194,0.47348710894584656,0.06204494088888168,1.319962501525879,0.0,394.0,1382,2,110,0,0,0,200,200,0
1454,5816,722,79,722,3,right+B,0.06010982394218445,0.2693965435028076,0.13126787543296814,0.47812575101852417,0.06109999120235443,1.312467336654663,0.0,394.0,1383,2,110,0,0,0,200,200,0
1455,5820,722,79,722,3,right+B,0.05918215215206146,0.2664090692996979,0.1279166340827942,0.48660653829574585,0.05988568440079689,1.3018457889556885,-1.0,393.0,1384,2,109,0,0,0,200,200,0
1456,5824,722,79,722,3,right+B,0.05959870666265488,0.2671434283256531,0.1260845959186554,0.48782581090927124,0.0593474805355072,1.2995707988739014,0.0,393.0,1385,2,109,0,0,0,200,200,0
1457,5828,722,79,722,3,right+B,0.05998001992702484,0.2695685029029846,0.12928417325019836,0.4802950322628021,0.06087224557995796,1.3092432022094727,0.0,393.0,1386,2,109,0,0,0,200,200,0
1458,5832,722,79,722,1,right,0.05967126414179802,0.2681402266025543,0.12873485684394836,0.4821926951408386,0.06126093491911888,1.3078473806381226,0.0,393.0,1387,2,109,0,0,0,200,200,0
1459,5836,722,79,722,1,right,0.0588197335600853,0.2681769132614136,0.12769246101379395,0.4860745370388031,0.05923638865351677,1.3004761934280396,0.0,393.0,1388,2,109,0,0,0,200,200,0
1460,5840,722,93,722,2,right+A,0.05888398736715317,0.26881343126296997,0.12934570014476776,0.48293545842170715,0.06002150848507881,1.304826259613037,-1.0,392.0,1389,2,108,0,0,0,200,200,0
1461,5844,722,108,722,3,right+B,0.06014106422662735,0.2723829448223114,0.1366410106420517,0.4674520194530487,0.06338299810886383,1.3256006240844727,0.0,392.0,1390,2,108,0,0,0,200,200,0
1462,5848,722,112,722,3,right+B,0.06108144298195839,0.2753990590572357,0.1396983563899994,0.45846202969551086,0.06535904109477997,1.3366912603378296,0.0,392.0,1391,2,108,0,0,0,200,200,0
1463,5852,722,106,722,3,right+B,0.060766614973545074,0.27372321486473083,0.14196006953716278,0.4591839909553528,0.06436606496572495,1.335923671722412,0.0,392.0,1392,2,108,0,0,0,200,200,0
1464,5856,722,89,722,1,right,0.06012781336903572,0.2741438150405884,0.14302164316177368,0.4589550197124481,0.063751719892025,1.3348779678344727,0.0,392.0,1393,2,108,0,0,0,200,200,0
1465,5860,722,79,722,3,right+B,0.06149881333112717,0.27746158838272095,0.14756742119789124,0.4476565718650818,0.06581554561853409,1.3484677076339722,-1.0,391.0,1394,2,107,0,0,0,200,200,0
1466,5864,722,93,722,4,right+A+B,0.06141442805528641,0.2766416072845459,0.14424969255924225,0.45307424664497375,0.06462003290653229,1.3418519496917725,0.0,391.0,1395,2,107,0,0,0,200,200,0
1467,5868,722,108,722,3,right+B,0.06152021512389183,0.2765504717826843,0.14438071846961975,0.4521418809890747,0.0654066801071167,1.3436944484710693,0.0,391.0,1396,2,107,0,0,0,200,200,0
1468,5872,722,112,722,3,right+B,0.05969729647040367,0.2736624479293823,0.13638433814048767,0.4673469066619873,0.06290897727012634,1.3241121768951416,0.0,391.0,1397,2,107,0,0,0,200,200,0
1469,5876,722,106,722,0,NOOP,0.06099782511591911,0.2720237076282501,0.14568695425987244,0.45668622851371765,0.06460531800985336,1.3402957916259766,0.0,391.0,1398,2,107,0,0,0,200,200,0
1470,5880,722,89,722,0,NOOP,0.06076504662632942,0.2734742760658264,0.1447238177061081,0.4563819169998169,0.06465499848127365,1.33956778049469,-1.0,390.0,1399,2,106,0,0,0,200,200,0
1471,5884,722,79,722,4,right+A+B,0.060522597283124924,0.2738562822341919,0.1442333310842514,0.4564928710460663,0.06489493697881699,1.3391780853271484,0.0,390.0,1400,2,106,0,0,0,200,200,0
1472,5888,722,79,722,3,right+B,0.06266539543867111,0.2769388258457184,0.15136191248893738,0.4420590400695801,0.06697478890419006,1.3568615913391113,0.0,390.0,1401,2,106,0,0,0,200,200,0
1473,5892,722,79,722,1,right,0.06309501826763153,0.2760621905326843,0.1549263894557953,0.43921834230422974,0.06669815629720688,1.3605350255966187,0.0,390.0,1402,2,106,0,0,0,200,200,0
1474,5896,722,79,722,3,right+B,0.062227342277765274,0.2742759585380554,0.15420465171337128,0.44244375824928284,0.06684831529855728,1.357527494430542,0.0,390.0,1403,2,106,0,0,0,200,200,0
1475,5900,722,79,722,3,right+B,0.06264908611774445,0.2742188274860382,0.15928661823272705,0.4358319640159607,0.06801352649927139,1.3657419681549072,-1.0,389.0,1404,2,105,0,0,0,200,200,0
1476,5904,722,79,722,3,right+B,0.062257979065179825,0.27294260263442993,0.14812059700489044,0.45109525322914124,0.06558354198932648,1.347926139831543,0.0,389.0,1405,2,105,0,0,0,200,200,0
1477,5908,722,79,722,3,right+B,0.06211669370532036,0.2744847238063812,0.1486348807811737,0.448689341545105,0.06607438623905182,1.349926471710205,0.0,389.0,1406,2,105,0,0,0,200,200,0
1478,5912,722,79,722,3,right+B,0.06337340921163559,0.27630874514579773,0.15507438778877258,0.4370041787624359,0.06823927909135818,1.3642246723175049,0.0,389.0,1407,2,105,0,0,0,200,200,0
1479,5916,722,79,722,3,right+B,0.06263098120689392,0.27574023604393005,0.1560458242893219,0.43713492155075073,0.0684480294585228,1.3639161586761475,0.0,389.0,1408,2,105,0,0,0,200,200,0
1480,5920,722,79,722,1,right,0.06074738875031471,0.27413150668144226,0.14205871522426605,0.4596717059612274,0.06339066475629807,1.3342872858047485,-1.0,388.0,1409,2,104,0,0,0,200,200,0
1481,5924,722,79,722,3,right+B,0.061503078788518906,0.273848295211792,0.14073215425014496,0.46048593521118164,0.0634305402636528,1.3341798782348633,0.0,388.0,1410,2,104,0,0,0,200,200,0
1482,5928,722,79,722,1,right,0.06060118228197098,0.27138441801071167,0.13460944592952728,0.4721335768699646,0.06127139553427696,1.319209098815918,0.0,388.0,1411,2,104,0,0,0,200,200,0
1483,5932,722,79,722,1,right,0.0614628940820694,0.274221807718277,0.13999393582344055,0.4618447422981262,0.06247662007808685,1.3315155506134033,0.0,388.0,1412,2,104,0,0,0,200,200,0
1484,5936,722,79,722,1,right,0.06156322732567787,0.27736398577690125,0.1454177349805832,0.4511742889881134,0.064480721950531,1.3435611724853516,0.0,388.0,1413,2,104,0,0,0,200,200,0
1485,5940,722,79,722,0,NOOP,0.061173148453235626,0.275279700756073,0.144623801112175,0.4555339813232422,0.0633893609046936,1.3387064933776855,-1.0,387.0,1414,2,103,0,0,0,200,200,0
1486,5944,722,79,722,3,right+B,0.061380524188280106,0.27356472611427307,0.14663754403591156,0.45491039752960205,0.06350670754909515,1.3407806158065796,0.0,387.0,1415,2,103,0,0,0,200,200,0
1487,5948,722,93,722,4,right+A+B,0.060278769582509995,0.27209535241127014,0.14033129811286926,0.4655071198940277,0.0617874376475811,1.327004313468933,0.0,387.0,1416,2,103,0,0,0,200,200,0
1488,5952,722,108,722,3,right+B,0.061326101422309875,0.2755093276500702,0.1483185887336731,0.45049944519996643,0.06434651464223862,1.3451738357543945,0.0,387.0,1417,2,103,0,0,0,200,200,0
1489,5956,722,112,722,1,right,0.06230052933096886,0.2806232273578644,0.1504550278186798,0.44000041484832764,0.06662076711654663,1.3561978340148926,0.0,387.0,1418,2,103,0,0,0,200,200,0
1490,5960,722,106,722,2,right+A,0.06101508438587189,0.27376091480255127,0.1413581520318985,0.45919790863990784,0.0646679550409317,1.336329698562622,-1.0,386.0,1419,2,102,0,0,0,200,200,0
1491,5964,722,89,722,3,right+B,0.061635956168174744,0.27575233578681946,0.14066481590270996,0.45645949244499207,0.065487340092659,1.3393769264221191,0.0,386.0,1420,2,102,0,0,0,200,200,0
1492,5968,722,79,722,3,right+B,0.0601009726524353,0.2719857096672058,0.13696275651454926,0.4679749310016632,0.06297558546066284,1.3248833417892456,0.0,386.0,1421,2,102,0,0,0,200,200,0
1493,5972,722,79,722,3,right+B,0.058651961386203766,0.26857972145080566,0.13054625689983368,0.4816189110279083,0.06060314550995827,1.306984543800354,0.0,386.0,1422,2,102,0,0,0,200,200,0
1494,5976,722,93,722,2,right+A,0.0581604465842247,0.2684970498085022,0.12982448935508728,0.4842633903026581,0.059254586696624756,1.3021376132965088,0.0,386.0,1423,2,102,0,0,0,200,200,0
1495,5980,722,108,722,3,right+B,0.058180928230285645,0.2686164379119873,0.1295909583568573,0.48252707719802856,0.0610845685005188,1.3057570457458496,-1.0,385.0,1424,2,101,0,0,0,200,200,0
1496,5984,722,112,722,2,right+A,0.05920649692416191,0.27018415927886963,0.13332132995128632,0.4748876392841339,0.062400393187999725,1.3163268566131592,0.0,385.0,1425,2,101,0,0,0,200,200,0
1497,5988,722,106,722,3,right+B,0.06108063831925392,0.2696833908557892,0.140379399061203,0.46412894129753113,0.06472764909267426,1.333256721496582,0.0,385.0,1426,2,101,0,0,0,200,200,0
1498,5992,722,89,722,3,right+B,0.061137981712818146,0.27162089943885803,0.1400642842054367,0.46337002515792847,0.06380686163902283,1.3322194814682007,0.0,385.0,1427,2,101,0,0,0,200,200,0
1499,5996,722,79,722,3,right+B,0.060803093016147614,0.2702757716178894,0.13633793592453003,0.47073325514793396,0.06184987723827362,1.3223416805267334,0.0,385.0,1428,2,101,0,0,0,200,200,0
1500,6000,722,79,722,3,right+B,0.05985401198267937,0.2648712694644928,0.13031481206417084,0.48470309376716614,0.060256827622652054,1.3062809705734253,-1.0,384.0,1429,2,100,0,0,0,200,200,0
1501,6004,722,79,722,3,right+B,0.06016048043966293,0.2671589255332947,0.1322449892759323,0.47967231273651123,0.06076335161924362,1.3118427991867065,0.0,384.0,1430,2,100,0,0,0,200,200,0
1502,6008,722,79,722,3,right+B,0.059916604310274124,0.26653361320495605,0.13029418885707855,0.48174405097961426,0.061511579900979996,1.3099780082702637,0.0,384.0,1431,2,100,0,0,0,200,200,0
1503,6012,722,79,722,1,right,0.06027110293507576,0.26705074310302734,0.13258841633796692,0.4780934154987335,0.061996251344680786,1.3149831295013428,0.0,384.0,1432,2,100,0,0,0,200,200,0
1504,6016,722,79,722,1,right,0.05936573073267937,0.26503366231918335,0.12929540872573853,0.4851434826850891,0.06116173788905144,1.3058922290802002,0.0,384.0,1433,2,100,0,0,0,200,200,0
1505,6020,722,79,722,1,right,0.059295233339071274,0.26538434624671936,0.1293817162513733,0.48498764634132385,0.0609511062502861,1.3056334257125854,-1.0,383.0,1434,2,99,0,0,0,200,200,0
1506,6024,722,79,722,3,right+B,0.05920194834470749,0.2644183039665222,0.12910246849060059,0.4856262505054474,0.061650946736335754,1.3059309720993042,0.0,383.0,1435,2,99,0,0,0,200,200,0
1507,6028,722,79,722,1,right,0.058747824281454086,0.263549268245697,0.12913301587104797,0.4876798391342163,0.060890082269907,1.3029048442840576,0.0,383.0,1436,2,99,0,0,0,200,200,0
1508,6032,722,79,722,3,right+B,0.0583859384059906,0.26246920228004456,0.1274598240852356,0.4919663667678833,0.05971868708729744,1.2967694997787476,0.0,383.0,1437,2,99,0,0,0,200,200,0
1509,6036,722,79,722,1,right,0.05935308337211609,0.26444104313850403,0.1313280612230301,0.48388439416885376,0.06099346652626991,1.3078285455703735,0.0,383.0,1438,2,99,0,0,0,200,200,0
1510,6040,722,79,722,0,NOOP,0.05946891009807587,0.26441118121147156,0.13231021165847778,0.4824238717556,0.0613858588039875,1.3101398944854736,-1.0,382.0,1439,2,98,0,0,0,200,200,0
1511,6044,722,79,722,1,right,0.0590440034866333,0.2639881670475006,0.13190512359142303,0.483778178691864,0.061284538358449936,1.3082585334777832,0.0,382.0,1440,2,98,0,0,0,200,200,0
1512,6048,722,79,722,3,right+B,0.05910210683941841,0.26511648297309875,0.13146117329597473,0.48372456431388855,0.06059565395116806,1.3070567846298218,0.0,382.0,1441,2,98,0,0,0,200,200,0
1513,6052,722,93,722,4,right+A+B,0.05904753878712654,0.2650100588798523,0.12902699410915375,0.4868619441986084,0.06005352735519409,1.3025453090667725,0.0,382.0,1442,2,98,0,0,0,200,200,0
1514,6056,722,108,722,3,right+B,0.0591738261282444,0.26701194047927856,0.13390600681304932,0.4774874150753021,0.06242072209715843,1.3152267932891846,0.0,382.0,1443,2,98,0,0,0,200,200,0
1515,6060,722,112,722,3,right+B,0.05871899425983429,0.2662002146244049,0.13351480662822723,0.4789767861366272,0.06258916854858398,1.313644528388977,-1.0,381.0,1444,2,97,0,0,0,200,200,0
1516,6064,722,106,722,1,right,0.05956515297293663,0.2654798924922943,0.13811054825782776,0.47221630811691284,0.06462809443473816,1.3248515129089355,0.0,381.0,1445,2,97,0,0,0,200,200,0
1517,6068,722,89,722,3,right+B,0.05881036818027496,0.2655709385871887,0.13512712717056274,0.477177232503891,0.06331432610750198,1.316983938217163,0.0,381.0,1446,2,97,0,0,0,200,200,0
1518,6072,722,79,722,4,right+A+B,0.058280035853385925,0.264419287443161,0.1319577991962433,0.4834727346897125,0.06187010556459427,1.308182716369629,0.0,381.0,1447,2,97,0,0,0,200,200,0
1519,6076,722,79,722,1,right,0.057820506393909454,0.2621767818927765,0.12837107479572296,0.49132949113845825,0.06030211225152016,1.2978321313858032,0.0,381.0,1448,2,97,0,0,0,200,200,0
1520,6080,722,93,722,2,right+A,0.05869508907198906,0.26442083716392517,0.1319197118282318,0.4844311773777008,0.06053325533866882,1.3062468767166138,-1.0,380.0,1449,2,96,0,0,0,200,200,0
1521,6084,722,108,722,0,NOOP,0.059247937053442,0.2664429247379303,0.13486456871032715,0.4766368269920349,0.06280764192342758,1.3170506954193115,0.0,380.0,1450,2,96,0,0,0,200,200,0
1522,6088,722,112,722,2,right+A,0.06005501002073288,0.2680306136608124,0.13978885114192963,0.46837151050567627,0.06375395506620407,1.3276134729385376,0.0,380.0,1451,2,96,0,0,0,200,200,0
1523,6092,722,106,722,1,right,0.06037693843245506,0.2667595148086548,0.14279957115650177,0.46514296531677246,0.06492103636264801,1.33347487449646,0.0,380.0,1452,2,96,0,0,0,200,200,0
1524,6096,722,89,722,3,right+B,0.05956489220261574,0.2671102285385132,0.1397523432970047,0.4698845446109772,0.06368803977966309,1.325911283493042,0.0,380.0,1453,2,96,0,0,0,200,200,0
1525,6100,722,79,722,3,right+B,0.05889451876282692,0.2661227583885193,0.13525305688381195,0.4773302674293518,0.062399446964263916,1.3157871961593628,-1.0,379.0,1454,2,95,0,0,0,200,200,0
1526,6104,722,79,722,1,right,0.05785207077860832,0.2629195749759674,0.1290096491575241,0.4900769591331482,0.0601416751742363,1.298882246017456,0.0,379.0,1455,2,95,0,0,0,200,200,0
1527,6108,722,79,722,3,right+B,0.058262232691049576,0.26407819986343384,0.13035212457180023,0.48729386925697327,0.060013554990291595,1.3019840717315674,0.0,379.0,1456,2,95,0,0,0,200,200,0
1528,6112,722,79,722,1,right,0.05795696750283241,0.26353734731674194,0.12831734120845795,0.4894278943538666,0.060760512948036194,1.2998590469360352,0.0,379.0,1457,2,95,0,0,0,200,200,0
1529,6116,722,79,722,3,right+B,0.058169856667518616,0.26318448781967163,0.12941469252109528,0.48870524764060974,0.06052565947175026,1.301067590713501,0.0,379.0,1458,2,95,0,0,0,200,200,0
1530,6120,722,93,722,4,right+A+B,0.05805009976029396,0.2626855969429016,0.1282428503036499,0.4910633862018585,0.059958044439554214,1.2977471351623535,-1.0,378.0,1459,2,94,0,0,0,200,200,0
1531,6124,722,108,722,3,right+B,0.0591590479016304,0.26645854115486145,0.13430961966514587,0.4772714376449585,0.06280135363340378,1.3161596059799194,0.0,378.0,1460,2,94,0,0,0,200,200,0
1532,6128,722,112,722,1,right,0.059463001787662506,0.2679014503955841,0.1358516812324524,0.47332122921943665,0.06346262246370316,1.3208980560302734,0.0,378.0,1461,2,94,0,0,0,200,200,0
1533,6132,722,106,722,3,right+B,0.06009892374277115,0.26630842685699463,0.1411249190568924,0.46757709980010986,0.06489058583974838,1.3306019306182861,0.0,378.0,1462,2,94,0,0,0,200,200,0
1534,6136,722,89,722,1,right,0.05987417325377464,0.2672921121120453,0.140381321310997,0.468281626701355,0.0641707256436348,1.3283734321594238,0.0,378.0,1463,2,94,0,0,0,200,200,0
1535,6140,722,79,722,0,NOOP,0.059151701629161835,0.26638755202293396,0.13617083430290222,0.47598394751548767,0.062305912375450134,1.3174412250518799,-1.0,377.0,1464,2,93,0,0,0,200,200,0
1536,6144,722,79,722,3,right+B,0.05828658118844032,0.2637639343738556,0.13230113685131073,0.48447057604789734,0.0611778162419796,1.3068175315856934,0.0,377.0,1465,2,93,0,0,0,200,200,0
1537,6148,722,79,722,1,right,0.05877082794904709,0.26559606194496155,0.13395510613918304,0.4801000654697418,0.06157796457409859,1.311892032623291,0.0,377.0,1466,2,93,0,0,0,200,200,0
1538,6152,722,79,722,1,right,0.058665599673986435,0.2646105885505676,0.12978674471378326,0.4859654903411865,0.06097160652279854,1.304415225982666,0.0,377.0,1467,2,93,0,0,0,200,200,0
1539,6156,722,79,722,1,right,0.05917312949895859,0.26507246494293213,0.13149605691432953,0.4830763339996338,0.06118204444646835,1.3084399700164795,0.0,377.0,1468,2,93,0,0,0,200,200,0
1540,6160,722,79,722,3,right+B,0.0586923286318779,0.2638425827026367,0.12902379035949707,0.4879211485385895,0.06052020564675331,1.3020517826080322,-1.0,376.0,1469,2,92,0,0,0,200,200,0
1541,6164,722,93,722,4,right+A+B,0.058532021939754486,0.26238009333610535,0.12765391170978546,0.4913553297519684,0.06007862836122513,1.298043966293335,0.0,376.0,1470,2,92,0,0,0,200,200,0
1542,6168,722,108,722,1,right,0.059108756482601166,0.26501795649528503,0.13165844976902008,0.4818894863128662,0.06232534348964691,1.31083345413208,0.0,376.0,1471,2,92,0,0,0,200,200,0
1543,6172,722,112,722,0,NOOP,0.05939265713095665,0.2668112814426422,0.13227500021457672,0.4790845811367035,0.06243657320737839,1.3135125637054443,0.0,376.0,1472,2,92,0,0,0,200,200,0
1544,6176,722,106,722,3,right+B,0.06007372587919235,0.2651835083961487,0.1370544135570526,0.4733932614326477,0.06429514288902283,1.3237645626068115,0.0,376.0,1473,2,92,0,0,0,200,200,0
1545,6180,722,89,722,1,right,0.05965050309896469,0.2652333080768585,0.13550257682800293,0.4763759970664978,0.06323761492967606,1.3188562393188477,-1.0,375.0,1474,2,91,0,0,0,200,200,0
1546,6184,722,79,722,3,right+B,0.059699028730392456,0.265033096075058,0.13472089171409607,0.4782350957393646,0.06231193244457245,1.3159751892089844,0.0,375.0,1475,2,91,0,0,0,200,200,0
1547,6188,722,79,722,3,right+B,0.05911548063158989,0.2630557119846344,0.1307615339756012,0.48608916997909546,0.06097816303372383,1.3057118654251099,0.0,375.0,1476,2,91,0,0,0,200,200,0
1548,6192,722,93,722,2,right+A,0.059963807463645935,0.2669425904750824,0.13496485352516174,0.4769415259361267,0.06118720397353172,1.3156503438949585,0.0,375.0,1477,2,91,0,0,0,200,200,0
1549,6196,722,108,722,3,right+B,0.05979660525918007,0.26725202798843384,0.13335834443569183,0.47694382071495056,0.06264924257993698,1.3164302110671997,0.0,375.0,1478,2,91,0,0,0,200,200,0
1550,6200,722,112,722,1,right,0.060476142913103104,0.26939645409584045,0.13503040373325348,0.47187304496765137,0.06322400271892548,1.3223282098770142,-1.0,374.0,1479,2,90,0,0,0,200,200,0
1551,6204,722,106,722,0,NOOP,0.06058603152632713,0.2663858234882355,0.13620412349700928,0.4717707335948944,0.06505335122346878,1.3259638547897339,0.0,374.0,1480,2,90,0,0,0,200,200,0
1552,6208,722,89,722,3,right+B,0.059967972338199615,0.26759713888168335,0.1339162439107895,0.47489720582962036,0.06362136453390121,1.3196566104888916,0.0,374.0,1481,2,90,0,0,0,200,200,0
1553,6212,722,79,722,1,right,0.05875418707728386,0.2679439187049866,0.12870602309703827,0.4836200177669525,0.06097588688135147,1.3051799535751343,0.0,374.0,1482,2,90,0,0,0,200,200,0
1554,6216,722,79,722,1,right,0.05724664032459259,0.26309308409690857,0.12296367436647415,0.4976319670677185,0.05906466022133827,1.2871530055999756,0.0,374.0,1483,2,90,0,0,0,200,200,0
1555,6220,722,79,722,1,right,0.05877623334527016,0.26706165075302124,0.12579262256622314,0.4891717731952667,0.05919769033789635,1.2970736026763916,-1.0,373.0,1484,2,89,0,0,0,200,200,0
1556,6224,722,79,722,1,right,0.05897275358438492,0.26761025190353394,0.12706977128982544,0.4855481684207916,0.060799047350883484,1.30289626121521,0.0,373.0,1485,2,89,0,0,0,200,200,0
1557,6228,722,79,722,3,right+B,0.05881289765238762,0.2659789025783539,0.12865208089351654,0.4860975742340088,0.06045858934521675,1.3029847145080566,0.0,373.0,1486,2,89,0,0,0,200,200,0
1558,6232,722,79,722,3,right+B,0.059228185564279556,0.2687813639640808,0.13066065311431885,0.48142510652542114,0.059904664754867554,1.307010293006897,0.0,373.0,1487,2,89,0,0,0,200,200,0
1559,6236,722,79,722,1,right,0.058845389634370804,0.2705526053905487,0.13105569779872894,0.47981682419776917,0.05972947180271149,1.3073800802230835,0.0,373.0,1488,2,89,0,0,0,200,200,0
1560,6240,722,79,722,3,right+B,0.0584171786904335,0.2691938281059265,0.12984782457351685,0.48145389556884766,0.06108735501766205,1.3069357872009277,-1.0,372.0,1489,2,88,0,0,0,200,200,0
1561,6244,722,79,722,1,right,0.05838746950030327,0.27072468400001526,0.12911145389080048,0.4803965091705322,0.06137983500957489,1.3073935508728027,0.0,372.0,1490,2,88,0,0,0,200,200,0
1562,6248,722,79,722,3,right+B,0.059212230145931244,0.27079203724861145,0.1321238875389099,0.4759894609451294,0.06188235059380531,1.314099669456482,0.0,372.0,1491,2,88,0,0,0,200,200,0
1563,6252,722,79,722,3,right+B,0.05904621258378029,0.27213922142982483,0.1339624971151352,0.47291916608810425,0.06193285435438156,1.3169466257095337,0.0,372.0,1492,2,88,0,0,0,200,200,0
1564,6256,722,79,722,0,NOOP,0.059542883187532425,0.2734851539134979,0.13610514998435974,0.4678881764411926,0.06297861784696579,1.3234943151474,0.0,372.0,1493,2,88,0,0,0,200,200,0
1565,6260,722,79,722,1,right,0.061014845967292786,0.27400878071784973,0.14030319452285767,0.4597399830818176,0.0649331584572792,1.3357293605804443,-1.0,371.0,1494,2,87,0,0,0,200,200,0
1566,6264,722,79,722,3,right+B,0.061057548969984055,0.2755190134048462,0.1382809281349182,0.46101516485214233,0.06412734091281891,1.3325945138931274,0.0,371.0,1495,2,87,0,0,0,200,200,0
1567,6268,722,79,722,3,right+B,0.059939999133348465,0.27218174934387207,0.1328701674938202,0.47435030341148376,0.06065785512328148,1.3148335218429565,0.0,371.0,1496,2,87,0,0,0,200,200,0
1568,6272,722,79,722,3,right+B,0.06040829420089722,0.27163493633270264,0.13958801329135895,0.4655444324016571,0.06282438337802887,1.3282134532928467,0.0,371.0,1497,2,87,0,0,0,200,200,0
1569,6276,722,79,722,3,right+B,0.059731122106313705,0.2713618278503418,0.13990479707717896,0.4671986997127533,0.06180352717638016,1.325005054473877,0.0,371.0,1498,2,87,0,0,0,200,200,0
1570,6280,722,79,722,3,right+B,0.06009552627801895,0.27102771401405334,0.14104977250099182,0.46554604172706604,0.062280964106321335,1.3279086351394653,-1.0,370.0,1499,2,86,0,0,0,200,200,0
1571,6284,722,93,722,2,right+A,0.06152837723493576,0.2753279507160187,0.1462874412536621,0.4511663317680359,0.06568988412618637,1.345816731452942,0.0,370.0,1500,2,86,0,0,0,200,200,0
1572,6288,722,108,722,3,right+B,0.06169125437736511,0.27778884768486023,0.15322311222553253,0.44021090865135193,0.06708583980798721,1.3575361967086792,0.0,370.0,1501,2,86,0,0,0,200,200,0
1573,6292,722,112,722,1,right,0.06142275780439377,0.27413806319236755,0.1516418606042862,0.445777028799057,0.06702026724815369,1.3534674644470215,0.0,370.0,1502,2,86,0,0,0,200,200,0
1574,6296,722,106,722,2,right+A,0.06279528886079788,0.27452319860458374,0.16159003973007202,0.42965972423553467,0.0714317187666893,1.3746893405914307,0.0,370.0,1503,2,86,0,0,0,200,200,0
1575,6300,722,89,722,2,right+A,0.06103586032986641,0.27303075790405273,0.1511823832988739,0.4470553696155548,0.06769555062055588,1.3529372215270996,-1.0,369.0,1504,2,85,0,0,0,200,200,0
1576,6304,722,79,722,4,right+A+B,0.06165321543812752,0.2747442126274109,0.15161603689193726,0.4439036548137665,0.06808285415172577,1.3561912775039673,0.0,369.0,1505,2,85,0,0,0,200,200,0
1577,6308,722,79,722,3,right+B,0.061793167144060135,0.27400368452072144,0.1509009748697281,0.44590577483177185,0.06739635020494461,1.354046106338501,0.0,369.0,1506,2,85,0,0,0,200,200,0
1578,6312,722,79,722,3,right+B,0.061187151819467545,0.27456629276275635,0.1507122963666916,0.44723671674728394,0.0662975013256073,1.3508269786834717,0.0,369.0,1507,2,85,0,0,0,200,200,0
1579,6316,722,79,722,1,right,0.05975726991891861,0.2728118300437927,0.14106574654579163,0.4625031352043152,0.06386199593544006,1.3313438892364502,0.0,369.0,1508,2,85,0,0,0,200,200,0
1580,6320,722,79,722,1,right,0.06111856922507286,0.27148425579071045,0.13967004418373108,0.46398594975471497,0.06374115496873856,1.3315043449401855,-1.0,368.0,1509,2,84,0,0,0,200,200,0
1581,6324,722,79,722,3,right+B,0.06023797392845154,0.27051350474357605,0.13590076565742493,0.47220879793167114,0.06113898754119873,1.3193225860595703,0.0,368.0,1510,2,84,0,0,0,200,200,0
1582,6328,722,79,722,3,right+B,0.060999251902103424,0.27419453859329224,0.14178933203220367,0.4601001739501953,0.06291665881872177,1.333571434020996,0.0,368.0,1511,2,84,0,0,0,200,200,0
1583,6332,722,79,722,1,right,0.06047653779387474,0.2758740484714508,0.1440357267856598,0.4558058977127075,0.06380783021450043,1.3377505540847778,0.0,368.0,1512,2,84,0,0,0,200,200,0
1584,6336,722,79,722,3,right+B,0.059732917696237564,0.27217093110084534,0.1418944001197815,0.4639867842197418,0.062214989215135574,1.3286519050598145,0.0,368.0,1513,2,84,0,0,0,200,200,0
1585,6340,722,93,722,4,right+A+B,0.060017362236976624,0.2726587951183319,0.14017681777477264,0.4648050367832184,0.062341973185539246,1.3277029991149902,-1.0,367.0,1514,2,83,0,0,0,200,200,0
1586,6344,722,108,722,3,right+B,0.06087041646242142,0.27525633573532104,0.14648312330245972,0.4517633616924286,0.06562665849924088,1.3445650339126587,0.0,367.0,1515,2,83,0,0,0,200,200,0
1587,6348,722,112,722,2,right+A,0.0602831095457077,0.27527520060539246,0.14196781814098358,0.45817890763282776,0.06429491937160492,1.3356103897094727,0.0,367.0,1516,2,83,0,0,0,200,200,0
1588,6352,722,106,722,3,right+B,0.06099047139286995,0.2750629484653473,0.1462453007698059,0.45144984126091003,0.06625144928693771,1.3456439971923828,0.0,367.0,1517,2,83,0,0,0,200,200,0
1589,6356,722,89,722,1,right,0.06010643020272255,0.2750270664691925,0.13608762621879578,0.4651598036289215,0.06361905485391617,1.3267288208007812,0.0,367.0,1518,2,83,0,0,0,200,200,0
1590,6360,722,79,722,1,right,0.05981898307800293,0.2725512683391571,0.13309074938297272,0.47147104144096375,0.06306792795658112,1.3199692964553833,-1.0,366.0,1519,2,82,0,0,0,200,200,0
1591,6364,722,79,722,1,right,0.0583328939974308,0.2676108777523041,0.13126476109027863,0.48198312520980835,0.060808274894952774,1.3071050643920898,0.0,366.0,1520,2,82,0,0,0,200,200,0
1592,6368,722,79,722,1,right,0.059091199189424515,0.2708803713321686,0.13355807960033417,0.4763200581073761,0.060150228440761566,1.3121691942214966,0.0,366.0,1521,2,82,0,0,0,200,200,0
1593,6372,722,79,722,3,right+B,0.05846288055181503,0.2700442671775818,0.1302899718284607,0.48067304491996765,0.060529742389917374,1.3069496154785156,0.0,366.0,1522,2,82,0,0,0,200,200,0
1594,6376,722,93,722,4,right+A+B,0.05825046822428703,0.2679832875728607,0.1309533268213272,0.48294582962989807,0.05986711382865906,1.3047878742218018,0.0,366.0,1523,2,82,0,0,0,200,200,0
1595,6380,722,108,722,3,right+B,0.05866843834519386,0.2685614228248596,0.13282877206802368,0.4777965545654297,0.06214481219649315,1.3131294250488281,-1.0,365.0,1524,2,81,0,0,0,200,200,0
1596,6384,722,112,722,3,right+B,0.05994522571563721,0.27208271622657776,0.13723532855510712,0.467395156621933,0.06334158778190613,1.3256832361221313,0.0,365.0,1525,2,81,0,0,0,200,200,0
1597,6388,722,106,722,3,right+B,0.060483258217573166,0.2699550986289978,0.13663984835147858,0.46891558170318604,0.06400618702173233,1.326217532157898,0.0,365.0,1526,2,81,0,0,0,200,200,0
1598,6392,722,89,722,3,right+B,0.05999404937028885,0.2689203917980194,0.1341477334499359,0.4740869402885437,0.06285092234611511,1.3192051649093628,0.0,365.0,1527,2,81,0,0,0,200,200,0
1599,6396,722,79,722,1,right,0.058980610221624374,0.26475653052330017,0.1288364678621292,0.4863164722919464,0.06110991910099983,1.3041980266571045,0.0,365.0,1528,2,81,0,0,0,200,200,0
1600,6400,722,79,722,1,right,0.05850301310420036,0.2623264491558075,0.12573237717151642,0.4930756986141205,0.06036246195435524,1.295936942100525,-1.0,364.0,1529,2,80,0,0,0,200,200,0
1601,6404,722,93,722,2,right+A,0.059246260672807693,0.2654116451740265,0.1282796710729599,0.4870140254497528,0.060048457235097885,1.3022029399871826,0.0,364.0,1530,2,80,0,0,0,200,200,0
1602,6408,722,108,722,1,right,0.05983185023069382,0.26762905716896057,0.1319851577281952,0.4774361848831177,0.06311777979135513,1.3159133195877075,0.0,364.0,1531,2,80,0,0,0,200,200,0
1603,6412,722,112,722,1,right,0.05911656469106674,0.26656365394592285,0.13248442113399506,0.47873416543006897,0.0631011351943016,1.3144103288650513,0.0,364.0,1532,2,80,0,0,0,200,200,0
1604,6416,722,106,722,3,right+B,0.059886764734983444,0.265211284160614,0.13574233651161194,0.4743889272212982,0.06477067619562149,1.322708010673523,0.0,364.0,1533,2,80,0,0,0,200,200,0
1605,6420,722,89,722,2,right+A,0.05977395176887512,0.266334593296051,0.1360301524400711,0.4739174544811249,0.06394384801387787,1.3218333721160889,-1.0,363.0,1534,2,79,0,0,0,200,200,0
1606,6424,722,79,722,0,NOOP,0.05946696177124977,0.26568567752838135,0.1354484260082245,0.477142870426178,0.06225603446364403,1.316680669784546,0.0,363.0,1535,2,79,0,0,0,200,200,0
1607,6428,722,79,722,3,right+B,0.05866905674338341,0.2628246247768402,0.1293831616640091,0.4895235002040863,0.05959966778755188,1.2999212741851807,0.0,363.0,1536,2,79,0,0,0,200,200,0
1608,6432,722,93,722,4,right+A+B,0.05934653431177139,0.2647829055786133,0.1328839212656021,0.48280370235443115,0.06018304079771042,1.3083558082580566,0.0,363.0,1537,2,79,0,0,0,200,200,0
1609,6436,722,108,722,3,right+B,0.05970008671283722,0.26659104228019714,0.13402892649173737,0.4767642617225647,0.0629156306385994,1.3172389268875122,0.0,363.0,1538,2,79,0,0,0,200,200,0
1610,6440,722,112,722,2,right+A,0.05985840782523155,0.2673355042934418,0.13522887229919434,0.47462862730026245,0.06294862926006317,1.319578766822815,-1.0,362.0,1539,2,78,0,0,0,200,200,0
1611,6444,722,106,722,1,right,0.06027178466320038,0.2664744257926941,0.13740307092666626,0.47176626324653625,0.06408446282148361,1.3249258995056152,0.0,362.0,1540,2,78,0,0,0,200,200,0
1612,6448,722,89,722,2,right+A,0.05977370962500572,0.2673626244068146,0.13600052893161774,0.47356098890304565,0.0633021891117096,1.321097731590271,0.0,362.0,1541,2,78,0,0,0,200,200,0
1613,6452,722,79,722,2,right+A,0.05883718654513359,0.2651132345199585,0.13238395750522614,0.4820944368839264,0.06157120317220688,1.309712290763855,0.0,362.0,1542,2,78,0,0,0,200,200,0
1614,6456,722,79,722,3,right+B,0.057944487780332565,0.26200392842292786,0.1276727169752121,0.49259909987449646,0.05977974086999893,1.2959498167037964,0.0,362.0,1543,2,78,0,0,0,200,200,0
1615,6460,722,93,722,4,right+A+B,0.05890071764588356,0.26468387246131897,0.13169820606708527,0.48456165194511414,0.060155585408210754,1.3057647943496704,-1.0,361.0,1544,2,77,0,0,0,200,200,0
1616,6464,722,108,722,1,right,0.05934235453605652,0.2664724886417389,0.13426397740840912,0.4775131940841675,0.06240800395607948,1.3156931400299072,0.0,361.0,1545,2,77,0,0,0,200,200,0
1617,6468,722,112,722,1,right,0.060149192810058594,0.2683601677417755,0.13905037939548492,0.4693049490451813,0.06313522905111313,1.3258578777313232,0.0,361.0,1546,2,77,0,0,0,200,200,0
1618,6472,722,106,722,3,right+B,0.06074529513716698,0.26703929901123047,0.14423216879367828,0.46304017305374146,0.06494300812482834,1.336104393005371,0.0,361.0,1547,2,77,0,0,0,200,200,0
1619,6476,722,89,722,1,right,0.06003476306796074,0.26758572459220886,0.14114050567150116,0.4677046239376068,0.06353432685136795,1.3285119533538818,0.0,361.0,1548,2,77,0,0,0,200,200,0
1620,6480,722,79,722,2,right+A,0.059521812945604324,0.2669277489185333,0.1375793069601059,0.47361114621162415,0.06236009672284126,1.3203846216201782,-1.0,360.0,1549,2,76,0,0,0,200,200,0
1621,6484,722,79,722,2,right+A,0.05851257964968681,0.2638038396835327,0.13134834170341492,0.485876202583313,0.06045904383063316,1.3045860528945923,0.0,360.0,1550,2,76,0,0,0,200,200,0
1622,6488,722,79,722,1,right,0.05911369249224663,0.2654540240764618,0.13284406065940857,0.4823837876319885,0.0602043978869915,1.308262586593628,0.0,360.0,1551,2,76,0,0,0,200,200,0
1623,6492,722,79,722,3,right+B,0.05892203748226166,0.2648046910762787,0.13124993443489075,0.4840124845504761,0.06101086735725403,1.30707585811615,0.0,360.0,1552,2,76,0,0,0,200,200,0
1624,6496,722,79,722,1,right,0.058911386877298355,0.26429179310798645,0.1312112957239151,0.48507237434387207,0.06051313877105713,1.3056591749191284,0.0,360.0,1553,2,76,0,0,0,200,200,0
1625,6500,722,79,722,3,right+B,0.058744288980960846,0.2634902596473694,0.13008320331573486,0.4877488911151886,0.0599333755671978,1.3021219968795776,-1.0,359.0,1554,2,75,0,0,0,200,200,0
1626,6504,722,79,722,3,right+B,0.05895718187093735,0.2645861804485321,0.13151109218597412,0.4842981696128845,0.060647353529930115,1.3066045045852661,0.0,359.0,1555,2,75,0,0,0,200,200,0
1627,6508,722,79,722,3,right+B,0.05920309200882912,0.2653302550315857,0.1325378119945526,0.4816044867038727,0.061324309557676315,1.3103004693984985,0.0,359.0,1556,2,75,0,0,0,200,200,0
1628,6512,722,79,722,3,right+B,0.05877319723367691,0.26370224356651306,0.13137319684028625,0.48563462495803833,0.060516729950904846,1.3052277565002441,0.0,359.0,1557,2,75,0,0,0,200,200,0
1629,6516,722,79,722,3,right+B,0.05922206491231918,0.2645571529865265,0.13271687924861908,0.4830974340438843,0.060406412929296494,1.3082079887390137,0.0,359.0,1558,2,75,0,0,0,200,200,0
1630,6520,722,79,722,3,right+B,0.05976239964365959,0.26609882712364197,0.1360548883676529,0.47665444016456604,0.06142950430512428,1.3166100978851318,-1.0,358.0,1559,2,74,0,0,0,200,200,0
1631,6524,722,79,722,0,NOOP,0.05934170261025429,0.26557862758636475,0.13406459987163544,0.48037979006767273,0.060635242611169815,1.3112742900848389,0.0,358.0,1560,2,74,0,0,0,200,200,0
1632,6528,722,79,722,3,right+B,0.05936890468001366,0.2655707895755768,0.13419277966022491,0.47999468445777893,0.060872822999954224,1.311981201171875,0.0,358.0,1561,2,74,0,0,0,200,200,0
1633,6532,722,79,722,3,right+B,0.05935322865843773,0.2659367024898529,0.13412867486476898,0.47918495535850525,0.06139644235372543,1.3131613731384277,0.0,358.0,1562,2,74,0,0,0,200,200,0
1634,6536,722,79,722,3,right+B,0.05923398584127426,0.2657402455806732,0.13218948245048523,0.4820745885372162,0.06076163426041603,1.3089966773986816,0.0,358.0,1563,2,74,0,0,0,200,200,0
1635,6540,722,79,722,3,right+B,0.059363506734371185,0.2658352851867676,0.132444828748703,0.48124539852142334,0.0611109733581543,1.3103768825531006,-1.0,357.0,1564,2,73,0,0,0,200,200,0
1636,6544,722,79,722,3,right+B,0.059147246181964874,0.2648599445819855,0.13106034696102142,0.48420530557632446,0.06072721257805824,1.3067474365234375,0.0,357.0,1565,2,73,0,0,0,200,200,0
1637,6548,722,79,722,1,right,0.05888653174042702,0.2637045979499817,0.1304662525653839,0.4866034686565399,0.06033910810947418,1.303908348083496,0.0,357.0,1566,2,73,0,0,0,200,200,0
1638,6552,722,79,722,3,right+B,0.059426259249448776,0.2648313045501709,0.13153856992721558,0.4834800958633423,0.06072384491562843,1.307932734489441,0.0,357.0,1567,2,73,0,0,0,200,200,0
1639,6556,722,79,722,0,NOOP,0.059900399297475815,0.2659512162208557,0.13288496434688568,0.48003166913986206,0.061231762170791626,1.3123815059661865,0.0,357.0,1568,2,73,0,0,0,200,200,0
1640,6560,722,79,722,3,right+B,0.059753548353910446,0.2645966112613678,0.13241833448410034,0.48168089985847473,0.06155054271221161,1.311324954032898,-1.0,356.0,1569,2,72,0,0,0,200,200,0
1641,6564,722,79,722,1,right,0.05995963141322136,0.26479268074035645,0.13309891521930695,0.4812672734260559,0.06088155508041382,1.3113688230514526,0.0,356.0,1570,2,72,0,0,0,200,200,0
1642,6568,722,93,722,2,right+A,0.059762053191661835,0.2644936442375183,0.13180364668369293,0.48418137431144714,0.05975930392742157,1.306767463684082,0.0,356.0,1571,2,72,0,0,0,200,200,0
1643,6572,722,108,722,1,right,0.05999251827597618,0.2666853368282318,0.1354559361934662,0.4762238562107086,0.06164237856864929,1.3171119689941406,0.0,356.0,1572,2,72,0,0,0,200,200,0
1644,6576,722,112,722,3,right+B,0.06014576181769371,0.26726973056793213,0.13551072776317596,0.4747645854949951,0.06230924278497696,1.3191938400268555,0.0,356.0,1573,2,72,0,0,0,200,200,0
1645,6580,722,106,722,3,right+B,0.06024768576025963,0.265325129032135,0.13850010931491852,0.4718641936779022,0.0640629306435585,1.3255233764648438,-1.0,355.0,1574,2,71,0,0,0,200,200,0
1646,6584,722,89,722,3,right+B,0.060163792222738266,0.2661236822605133,0.13564908504486084,0.47421225905418396,0.06385116279125214,1.3218556642532349,0.0,355.0,1575,2,71,0,0,0,200,200,0
1647,6588,722,79,722,1,right,0.06017586588859558,0.26722952723503113,0.1339082270860672,0.4761786460876465,0.06250768899917603,1.317615032196045,0.0,355.0,1576,2,71,0,0,0,200,200,0
1648,6592,722,79,722,1,right,0.05950165539979935,0.2642977833747864,0.1294671893119812,0.4858667552471161,0.060866646468639374,1.3053466081619263,0.0,355.0,1577,2,71,0,0,0,200,200,0
1649,6596,722,79,722,3,right+B,0.059881098568439484,0.265084832906723,0.13023298978805542,0.48438677191734314,0.06041426956653595,1.3066868782043457,0.0,355.0,1578,2,71,0,0,0,200,200,0
1650,6600,722,79,722,1,right,0.05987245589494705,0.26587098836898804,0.12927639484405518,0.48349493741989136,0.061485227197408676,1.308100700378418,-1.0,354.0,1579,2,70,0,0,0,200,200,0
1651,6604,722,79,722,1,right,0.05991886928677559,0.2656826376914978,0.1304282546043396,0.482984334230423,0.06098591908812523,1.3085672855377197,0.0,354.0,1580,2,70,0,0,0,200,200,0
1652,6608,722,79,722,1,right,0.05989903584122658,0.26747408509254456,0.13000331819057465,0.4827882945537567,0.05983525887131691,1.3066413402557373,0.0,354.0,1581,2,70,0,0,0,200,200,0
1653,6612,722,79,722,3,right+B,0.05988640338182449,0.26838845014572144,0.1308414340019226,0.48091405630111694,0.059969618916511536,1.3085269927978516,0.0,354.0,1582,2,70,0,0,0,200,200,0
1654,6616,722,79,722,1,right,0.05983295291662216,0.2687331736087799,0.13111697137355804,0.48018819093704224,0.06012872979044914,1.3093055486679077,0.0,354.0,1583,2,70,0,0,0,200,200,0
1655,6620,722,79,722,3,right+B,0.05993451923131943,0.2688162326812744,0.1308184266090393,0.4801653027534485,0.060265492647886276,1.309461236000061,-1.0,353.0,1584,2,69,0,0,0,200,200,0
1656,6624,722,79,722,0,NOOP,0.05966677516698837,0.268315851688385,0.13194036483764648,0.4790000021457672,0.06107703968882561,1.3117443323135376,0.0,353.0,1585,2,69,0,0,0,200,200,0
1657,6628,722,79,722,1,right,0.05875401571393013,0.2684953808784485,0.13070499897003174,0.4817293882369995,0.06031615287065506,1.306761622428894,0.0,353.0,1586,2,69,0,0,0,200,200,0
1658,6632,722,79,722,1,right,0.05880902335047722,0.2692497670650482,0.12808780372142792,0.48430079221725464,0.05955260246992111,1.302278995513916,0.0,353.0,1587,2,69,0,0,0,200,200,0
1659,6636,722,79,722,1,right,0.059188392013311386,0.2693104147911072,0.12980978190898895,0.4807867705821991,0.06090470030903816,1.3081976175308228,0.0,353.0,1588,2,69,0,0,0,200,200,0
1660,6640,722,79,722,1,right,0.05898227170109749,0.2717674672603607,0.1308155357837677,0.4765632748603821,0.06187136471271515,1.3124622106552124,-1.0,352.0,1589,2,68,0,0,0,200,200,0
1661,6644,722,79,722,1,right,0.05804102122783661,0.27116575837135315,0.12919335067272186,0.4815644323825836,0.060035340487957,1.304240107536316,0.0,352.0,1590,2,68,0,0,0,200,200,0
1662,6648,722,79,722,1,right,0.05841100588440895,0.2691064178943634,0.1320967972278595,0.4801190197467804,0.060266751796007156,1.3080981969833374,0.0,352.0,1591,2,68,0,0,0,200,200,0
1663,6652,722,79,722,0,NOOP,0.060224100947380066,0.2744784653186798,0.14018848538398743,0.46147313714027405,0.06363575905561447,1.331678032875061,0.0,352.0,1592,2,68,0,0,0,200,200,0
1664,6656,722,79,722,3,right+B,0.0616740845143795,0.2766202986240387,0.14231812953948975,0.45439648628234863,0.06499094516038895,1.3408554792404175,0.0,352.0,1593,2,68,0,0,0,200,200,0
1665,6660,722,79,722,3,right+B,0.06139671057462692,0.27486875653266907,0.1391299068927765,0.4613601863384247,0.06324434280395508,1.3322151899337769,-1.0,351.0,1594,2,67,0,0,0,200,200,0
1666,6664,722,79,722,1,right,0.06009502336382866,0.272591233253479,0.13625666499137878,0.4702657461166382,0.06079130247235298,1.3199045658111572,0.0,351.0,1595,2,67,0,0,0,200,200,0
1667,6668,722,79,722,3,right+B,0.061042554676532745,0.27438074350357056,0.14298288524150848,0.4592052400112152,0.06238856539130211,1.3341014385223389,0.0,351.0,1596,2,67,0,0,0,200,200,0
1668,6672,722,93,722,2,right+A,0.059731654822826385,0.27026432752609253,0.1420309990644455,0.46520236134529114,0.06277070194482803,1.3288997411727905,0.0,351.0,1597,2,67,0,0,0,200,200,0
1669,6676,722,108,722,3,right+B,0.06044141575694084,0.2746596038341522,0.14527247846126556,0.45430365204811096,0.06532280147075653,1.3414448499679565,0.0,351.0,1598,2,67,0,0,0,200,200,0
1670,6680,722,112,722,3,right+B,0.06176697090268135,0.2770390212535858,0.14748413860797882,0.44606447219848633,0.06764543801546097,1.3521848917007446,-1.0,350.0,1599,2,66,0,0,0,200,200,0
1671,6684,722,106,722,1,right,0.062386274337768555,0.2739556133747101,0.15789808332920074,0.43486180901527405,0.07089824229478836,1.3690030574798584,0.0,350.0,1600,2,66,0,0,0,200,200,0
1672,6688,722,89,722,3,right+B,0.0616341196000576,0.27381834387779236,0.15202832221984863,0.4445919394493103,0.06792724877595901,1.3558577299118042,0.0,350.0,1601,2,66,0,0,0,200,200,0
1673,6692,722,79,722,3,right+B,0.0623595304787159,0.2748778164386749,0.15489253401756287,0.4399232566356659,0.06794694811105728,1.360857367515564,0.0,350.0,1602,2,66,0,0,0,200,200,0
1674,6696,722,79,722,3,right+B,0.06061257794499397,0.2708584666252136,0.14222902059555054,0.46181657910346985,0.06448337435722351,1.3346532583236694,0.0,350.0,1603,2,66,0,0,0,200,200,0
1675,6700,722,79,722,1,right,0.06118189916014671,0.2727535665035248,0.14208368957042694,0.460565984249115,0.06341486424207687,1.33452570438385,-1.0,349.0,1604,2,65,0,0,0,200,200,0
1676,6704,722,79,722,3,right+B,0.06231386587023735,0.2743750512599945,0.15189577639102936,0.4438636600971222,0.0675516277551651,1.356616735458374,0.0,349.0,1605,2,65,0,0,0,200,200,0
1677,6708,722,79,722,1,right,0.06293350458145142,0.2762862741947174,0.15775994956493378,0.4340903162956238,0.06892992556095123,1.36739182472229,0.0,349.0,1606,2,65,0,0,0,200,200,0
1678,6712,722,79,722,0,NOOP,0.06085534766316414,0.2732195556163788,0.14511221647262573,0.45702534914016724,0.063787542283535,1.3383634090423584,0.0,349.0,1607,2,65,0,0,0,200,200,0
1679,6716,722,79,722,1,right,0.06172630190849304,0.2743157148361206,0.14631305634975433,0.45251914858818054,0.06512574851512909,1.3446465730667114,0.0,349.0,1608,2,65,0,0,0,200,200,0
1680,6720,722,79,722,3,right+B,0.060647763311862946,0.27221357822418213,0.13741354644298553,0.46827948093414307,0.06144567206501961,1.3235924243927002,-1.0,348.0,1609,2,64,0,0,0,200,200,0
1681,6724,722,79,722,0,NOOP,0.061058737337589264,0.27382877469062805,0.13852930068969727,0.46473148465156555,0.06185160577297211,1.3274755477905273,0.0,348.0,1610,2,64,0,0,0,200,200,0
1682,6728,722,79,722,1,right,0.060479920357465744,0.27537816762924194,0.1404477059841156,0.4599294364452362,0.06376470625400543,1.3332258462905884,0.0,348.0,1611,2,64,0,0,0,200,200,0
1683,6732,722,79,722,3,right+B,0.0599554181098938,0.27306485176086426,0.1412833034992218,0.4629634618759155,0.06273301690816879,1.329895257949829,0.0,348.0,1612,2,64,0,0,0,200,200,0
1684,6736,722,79,722,1,right,0.05966867879033089,0.2707112729549408,0.1380981057882309,0.469326376914978,0.06219550594687462,1.323118805885315,0.0,348.0,1613,2,64,0,0,0,200,200,0
1685,6740,722,93,722,2,right+A,0.06015883386135101,0.273076593875885,0.13948644697666168,0.46454548835754395,0.06273265928030014,1.328169345855713,-1.0,347.0,1614,2,63,0,0,0,200,200,0
1686,6744,722,108,722,3,right+B,0.06113104522228241,0.2756442725658417,0.1468656063079834,0.45067980885505676,0.06567924469709396,1.3458093404769897,0.0,347.0,1615,2,63,0,0,0,200,200,0
1687,6748,722,112,722,3,right+B,0.06065411493182182,0.2770865261554718,0.14417529106140137,0.45349445939064026,0.06458955258131027,1.3404022455215454,0.0,347.0,1616,2,63,0,0,0,200,200,0
1688,6752,722,106,722,3,right+B,0.06117631494998932,0.2745685279369354,0.1425197720527649,0.4560289978981018,0.06570644676685333,1.340451955795288,0.0,347.0,1617,2,63,0,0,0,200,200,0
1689,6756,722,89,722,2,right+A,0.061394356191158295,0.27541637420654297,0.1418589949607849,0.45644280314445496,0.06488744169473648,1.3389561176300049,0.0,347.0,1618,2,63,0,0,0,200,200,0
1690,6760,722,79,722,3,right+B,0.05979618430137634,0.2715185880661011,0.13894040882587433,0.46692681312561035,0.0628180280327797,1.3261014223098755,-1.0,346.0,1619,2,62,0,0,0,200,200,0
1691,6764,722,79,722,1,right,0.0587473027408123,0.2690305709838867,0.13424359261989594,0.47755151987075806,0.06042700260877609,1.311840534210205,0.0,346.0,1620,2,62,0,0,0,200,200,0
1692,6768,722,79,722,3,right+B,0.058186594396829605,0.2695043385028839,0.13009211421012878,0.4833395779132843,0.058877307921648026,1.302342414855957,0.0,346.0,1621,2,62,0,0,0,200,200,0
1693,6772,722,93,722,2,right+A,0.05797535181045532,0.26917317509651184,0.12827299535274506,0.4847317039966583,0.059846699237823486,1.301331877708435,0.0,346.0,1622,2,62,0,0,0,200,200,0
1694,6776,722,109,722,2,right+A,0.059038031846284866,0.269711434841156,0.13376609981060028,0.4747972786426544,0.06268709152936935,1.3168543577194214,0.0,346.0,1623,2,62,0,0,0,200,200,0
1695,6780,722,122,722,4,right+A+B,0.05899536609649658,0.26968836784362793,0.13218417763710022,0.47662338614463806,0.06250873953104019,1.3143742084503174,-1.0,345.0,1624,2,61,0,0,0,200,200,0
1696,6784,722,132,722,4,right+A+B,0.060857709497213364,0.27007901668548584,0.14100097119808197,0.46076831221580505,0.06729400902986526,1.3387537002563477,0.0,345.0,1625,2,61,0,0,0,200,200,0
1697,6788,722,137,722,3,right+B,0.059524502605199814,0.26966017484664917,0.1349996030330658,0.4720742702484131,0.06374142318964005,1.3215126991271973,0.0,345.0,1626,2,61,0,0,0,200,200,0
1698,6792,722,133,723,3,right+B,0.05907898396253586,0.26409435272216797,0.1313689649105072,0.4821557402610779,0.06330197304487228,1.3118312358856201,1.0,346.0,0,2,61,0,0,0,200,200,0
1699,6796,722,117,723,3,right+B,0.05938531085848808,0.26475805044174194,0.13286806643009186,0.4796436131000519,0.06334493309259415,1.3148936033248901,0.0,346.0,1,2,61,0,0,0,200,200,0
1700,6800,722,96,723,1,right,0.059908896684646606,0.2655661702156067,0.13096901774406433,0.4808293282985687,0.06272664666175842,1.3127564191818237,-1.0,345.0,2,2,60,0,0,0,200,200,0
1701,6804,722,79,723,2,right+A,0.06042996793985367,0.26829758286476135,0.13375332951545715,0.4749842882156372,0.06253492832183838,1.3186120986938477,0.0,345.0,3,2,60,0,0,0,200,200,0
1702,6808,722,79,723,0,NOOP,0.06037426367402077,0.2669956684112549,0.13525423407554626,0.47557151317596436,0.06180431693792343,1.3181579113006592,0.0,345.0,4,2,60,0,0,0,200,200,0
1703,6812,722,79,723,3,right+B,0.0585627555847168,0.2638038396835327,0.12980452179908752,0.48760080337524414,0.06022806465625763,1.302178978919983,0.0,345.0,5,2,60,0,0,0,200,200,0
1704,6816,722,79,723,3,right+B,0.0590878389775753,0.26498135924339294,0.12920941412448883,0.4853931963443756,0.061328236013650894,1.3055071830749512,0.0,345.0,6,2,60,0,0,0,200,200,0
1705,6820,722,79,723,3,right+B,0.05866998806595802,0.2636002004146576,0.12780019640922546,0.49061065912246704,0.05931892991065979,1.297695279121399,-1.0,344.0,7,2,59,0,0,0,200,200,0
1706,6824,722,79,723,3,right+B,0.05877803638577461,0.2638217806816101,0.12811358273029327,0.4894324541091919,0.05985419079661369,1.2996106147766113,0.0,344.0,8,2,59,0,0,0,200,200,0
1707,6828,722,79,723,1,right,0.05878445506095886,0.2633204758167267,0.12838338315486908,0.48909232020378113,0.06041940674185753,1.300860047340393,0.0,344.0,9,2,59,0,0,0,200,200,0
1708,6832,722,79,723,1,right,0.05845171958208084,0.2619936466217041,0.12700004875659943,0.4925572872161865,0.05999729037284851,1.2965750694274902,0.0,344.0,10,2,59,0,0,0,200,200,0
1709,6836,722,93,723,4,right+A+B,0.05853365734219551,0.2629168927669525,0.1283739060163498,0.4896608889102936,0.06051454320549965,1.3002636432647705,0.0,344.0,11,2,59,0,0,0,200,200,0
1710,6840,722,108,723,3,right+B,0.05939676612615585,0.26653867959976196,0.132342129945755,0.4793245494365692,0.06239791959524155,1.3133690357208252,-1.0,343.0,12,2,58,0,0,0,200,200,0
1711,6844,722,112,723,4,right+A+B,0.05985676869750023,0.2680838406085968,0.13508184254169464,0.47403061389923096,0.0629468634724617,1.3198152780532837,0.0,343.0,13,2,58,0,0,0,200,200,0
1712,6848,722,106,723,3,right+B,0.05981094762682915,0.2655487358570099,0.13857291638851166,0.47174566984176636,0.06432174891233444,1.3253568410873413,0.0,343.0,14,2,58,0,0,0,200,200,0
1713,6852,722,89,723,3,right+B,0.06002660095691681,0.2673608362674713,0.13966771960258484,0.4688950181007385,0.06404978036880493,1.327622652053833,0.0,343.0,15,2,58,0,0,0,200,200,0
1714,6856,722,79,723,3,right+B,0.0594862699508667,0.2665086090564728,0.13687217235565186,0.47454848885536194,0.06258451193571091,1.3196479082107544,0.0,343.0,16,2,58,0,0,0,200,200,0
1715,6860,722,79,723,3,right+B,0.058066848665475845,0.26305386424064636,0.13042119145393372,0.4887157380580902,0.059742461889982224,1.3004601001739502,-1.0,342.0,17,2,57,0,0,0,200,200,0
1716,6864,722,79,723,1,right,0.05890462547540665,0.2658197283744812,0.13315129280090332,0.48193085193634033,0.060193490236997604,1.308414340019226,0.0,342.0,18,2,57,0,0,0,200,200,0
1717,6868,722,79,723,0,NOOP,0.05843418464064598,0.2645440697669983,0.13045670092105865,0.48570358753204346,0.06086154282093048,1.3045395612716675,0.0,342.0,19,2,57,0,0,0,200,200,0
1718,6872,722,93,723,2,right+A,0.05854428559541702,0.2641838788986206,0.1315784752368927,0.4846085011959076,0.061084941029548645,1.3064854145050049,0.0,342.0,20,2,57,0,0,0,200,200,0
1719,6876,722,108,723,0,NOOP,0.05942035838961601,0.2668035328388214,0.1357867419719696,0.47472089529037476,0.06326841562986374,1.3197088241577148,0.0,342.0,21,2,57,0,0,0,200,200,0
1720,6880,722,112,723,3,right+B,0.05903821066021919,0.2662116289138794,0.13381357491016388,0.47831329703330994,0.06262322515249252,1.3147704601287842,-1.0,341.0,22,2,56,0,0,0,200,200,0
1721,6884,722,106,723,1,right,0.0594455823302269,0.26493462920188904,0.13793246448040009,0.47357216477394104,0.0641152560710907,1.3230464458465576,0.0,341.0,23,2,56,0,0,0,200,200,0
1722,6888,722,89,723,1,right,0.05937637761235237,0.26608943939208984,0.13680750131607056,0.474170982837677,0.0635557621717453,1.321056842803955,0.0,341.0,24,2,56,0,0,0,200,200,0
1723,6892,722,79,723,1,right,0.05922073870897293,0.26587194204330444,0.13479983806610107,0.4777039885520935,0.06240341067314148,1.3157577514648438,0.0,341.0,25,2,56,0,0,0,200,200,0
1724,6896,722,79,723,1,right,0.058281075209379196,0.2627323269844055,0.13000117242336273,0.4886874854564667,0.06029799208045006,1.301326036453247,0.0,341.0,26,2,56,0,0,0,200,200,0
1725,6900,722,79,723,1,right,0.059303924441337585,0.26539698243141174,0.13437487185001373,0.48052722215652466,0.060396935790777206,1.310989499092102,-1.0,340.0,27,2,55,0,0,0,200,200,0
1726,6904,722,79,723,3,right+B,0.059243932366371155,0.26551488041877747,0.13391174376010895,0.48000678420066833,0.06132267415523529,1.312255620956421,0.0,340.0,28,2,55,0,0,0,200,200,0
1727,6908,722,79,723,1,right,0.058874912559986115,0.26456573605537415,0.13337227702140808,0.48275941610336304,0.060427699238061905,1.308372974395752,0.0,340.0,29,2,55,0,0,0,200,200,0
1728,6912,722,79,723,1,right,0.05880344659090042,0.26480475068092346,0.13187144696712494,0.4842257499694824,0.06029462814331055,1.3061481714248657,0.0,340.0,30,2,55,0,0,0,200,200,0
1729,6916,722,79,723,3,right+B,0.05884614586830139,0.2652392089366913,0.13218671083450317,0.4828205406665802,0.06090741232037544,1.3081811666488647,0.0,340.0,31,2,55,0,0,0,200,200,0
1730,6920,722,79,723,3,right+B,0.05864224582910538,0.26481392979621887,0.13088425993919373,0.4847317039966583,0.060927864164114,1.3058415651321411,-1.0,339.0,32,2,54,0,0,0,200,200,0
1731,6924,722,79,723,3,right+B,0.05839531868696213,0.2635301649570465,0.12946362793445587,0.4882761240005493,0.060334715992212296,1.3014262914657593,0.0,339.0,33,2,54,0,0,0,200,200,0
1732,6928,722,79,723,3,right+B,0.058310482650995255,0.26307618618011475,0.12847067415714264,0.4902030825614929,0.059939514845609665,1.2988126277923584,0.0,339.0,34,2,54,0,0,0,200,200,0
1733,6932,722,79,723,3,right+B,0.05869729444384575,0.2643511891365051,0.13063828647136688,0.4855649173259735,0.060748253017663956,1.3049818277359009,0.0,339.0,35,2,54,0,0,0,200,200,0
1734,6936,722,93,723,4,right+A+B,0.058750368654727936,0.26425209641456604,0.1300521343946457,0.4863150715827942,0.06063033640384674,1.3040169477462769,0.0,339.0,36,2,54,0,0,0,200,200,0
1735,6940,722,109,723,2,right+A,0.060149915516376495,0.26775792241096497,0.13704217970371246,0.4713408648967743,0.0637090727686882,1.3242084980010986,-1.0,338.0,37,2,53,0,0,0,200,200,0
1736,6944,722,121,723,1,right,0.060201823711395264,0.2680606245994568,0.13826824724674225,0.469548761844635,0.06392055004835129,1.3264153003692627,0.0,338.0,38,2,53,0,0,0,200,200,0
1737,6948,722,122,723,3,right+B,0.06147255375981331,0.2685368061065674,0.1482810378074646,0.45314931869506836,0.06856025755405426,1.3499637842178345,0.0,338.0,39,2,53,0,0,0,200,200,0
1738,6952,722,113,723,2,right+A,0.06028682366013527,0.26814180612564087,0.1399790644645691,0.46718674898147583,0.06440560519695282,1.3296757936477661,0.0,338.0,40,2,53,0,0,0,200,200,0
1739,6956,722,94,723,3,right+B,0.060473062098026276,0.2644350826740265,0.13581617176532745,0.47516724467277527,0.06410852819681168,1.3222359418869019,0.0,338.0,41,2,53,0,0,0,200,200,0
1740,6960,722,79,723,4,right+A+B,0.05944788083434105,0.2667029798030853,0.13249006867408752,0.4790574312210083,0.06230170652270317,1.3135660886764526,-1.0,337.0,42,2,52,0,0,0,200,200,0
1741,6964,722,79,723,3,right+B,0.0596991628408432,0.2654040455818176,0.13057895004749298,0.48367345333099365,0.0606444887816906,1.3074309825897217,0.0,337.0,43,2,52,0,0,0,200,200,0
1742,6968,722,79,723,3,right+B,0.05815543979406357,0.2615589201450348,0.12516531348228455,0.49612298607826233,0.05899736285209656,1.291041374206543,0.0,337.0,44,2,52,0,0,0,200,200,0
1743,6972,722,79,723,0,NOOP,0.05861326679587364,0.2625592350959778,0.12713578343391418,0.49151018261909485,0.06018155440688133,1.2978460788726807,0.0,337.0,45,2,52,0,0,0,200,200,0
1744,6976,722,79,723,3,right+B,0.058411888778209686,0.26194852590560913,0.12722818553447723,0.4920944571495056,0.060316942632198334,1.2974424362182617,0.0,337.0,46,2,52,0,0,0,200,200,0
1745,6980,722,79,723,3,right+B,0.05850563198328018,0.2618940472602844,0.12664978206157684,0.4929182529449463,0.06003226712346077,1.2962250709533691,-1.0,336.0,47,2,51,0,0,0,200,200,0
1746,6984,722,79,723,3,right+B,0.05925135314464569,0.26433297991752625,0.12768132984638214,0.48876845836639404,0.059965830296278,1.3005810976028442,0.0,336.0,48,2,51,0,0,0,200,200,0
1747,6988,722,79,723,1,right,0.06019558012485504,0.26657024025917053,0.13094916939735413,0.48095327615737915,0.06133177503943443,1.3110644817352295,0.0,336.0,49,2,51,0,0,0,200,200,0
1748,6992,722,79,723,3,right+B,0.06006273254752159,0.2654929757118225,0.13148756325244904,0.48124778270721436,0.061708927154541016,1.3116251230239868,0.0,336.0,50,2,51,0,0,0,200,200,0
1749,6996,722,79,723,3,right+B,0.06051164120435715,0.26680392026901245,0.13220015168190002,0.4788985848426819,0.061585694551467896,1.3139978647232056,0.0,336.0,51,2,51,0,0,0,200,200,0
1750,7000,722,93,723,4,right+A+B,0.060698945075273514,0.26808083057403564,0.13416379690170288,0.47515758872032166,0.06189887225627899,1.318268895149231,-1.0,335.0,52,2,50,0,0,0,200,200,0
1751,7004,722,108,723,3,right+B,0.05974765494465828,0.2700493037700653,0.13506393134593964,0.4732610583305359,0.061878085136413574,1.3185123205184937,0.0,335.0,53,2,50,0,0,0,200,200,0
1752,7008,722,112,723,1,right,0.060012273490428925,0.2714846134185791,0.1334681361913681,0.47347694635391235,0.06155802682042122,1.3171985149383545,0.0,335.0,54,2,50,0,0,0,200,200,0
1753,7012,722,106,723,2,right+A,0.06081734225153923,0.2700383961200714,0.13553021848201752,0.470194011926651,0.06342003494501114,1.3244025707244873,0.0,335.0,55,2,50,0,0,0,200,200,0
1754,7016,722,89,723,1,right,0.06009494140744209,0.2711327075958252,0.1337241679430008,0.4720655083656311,0.06298264861106873,1.3203849792480469,0.0,335.0,56,2,50,0,0,0,200,200,0
1755,7020,722,79,723,3,right+B,0.058940548449754715,0.2670707106590271,0.12897640466690063,0.48369285464286804,0.06131954863667488,1.3061237335205078,-1.0,334.0,57,2,49,0,0,0,200,200,0
1756,7024,722,79,723,3,right+B,0.05762287974357605,0.2652724087238312,0.1254401057958603,0.4925999641418457,0.05906468629837036,1.2927570343017578,0.0,334.0,58,2,49,0,0,0,200,200,0
1757,7028,722,79,723,3,right+B,0.05721606686711311,0.2659471035003662,0.12592200934886932,0.49281254410743713,0.058102238923311234,1.2909085750579834,0.0,334.0,59,2,49,0,0,0,200,200,0
1758,7032,722,79,723,1,right,0.05818979814648628,0.2682625949382782,0.12737350165843964,0.4851992428302765,0.06097482144832611,1.302399754524231,0.0,334.0,60,2,49,0,0,0,200,200,0
1759,7036,722,79,723,3,right+B,0.05926172062754631,0.2709248960018158,0.1307472586631775,0.4763268828392029,0.06273923814296722,1.3142483234405518,0.0,334.0,61,2,49,0,0,0,200,200,0
1760,7040,722,79,723,0,NOOP,0.05915775150060654,0.2704176902770996,0.1331641525030136,0.4759911894798279,0.06126920133829117,1.3138498067855835,-1.0,333.0,62,2,48,0,0,0,200,200,0
1761,7044,722,79,723,3,right+B,0.06034305691719055,0.2746034264564514,0.1408688724040985,0.46047067642211914,0.06371401250362396,1.332948088645935,0.0,333.0,63,2,48,0,0,0,200,200,0
1762,7048,722,93,723,4,right+A+B,0.06019650027155876,0.2746337354183197,0.1427157074213028,0.45839017629623413,0.06406382471323013,1.3355274200439453,0.0,333.0,64,2,48,0,0,0,200,200,0
1763,7052,722,109,723,2,right+A,0.0613253116607666,0.27643296122550964,0.14595714211463928,0.45051252841949463,0.06577201932668686,1.3457409143447876,0.0,333.0,65,2,48,0,0,0,200,200,0
1764,7056,722,121,723,3,right+B,0.061184320598840714,0.2783334255218506,0.14190061390399933,0.45276984572410583,0.06581179797649384,1.3418232202529907,0.0,333.0,66,2,48,0,0,0,200,200,0
1765,7060,722,122,723,3,right+B,0.061660103499889374,0.27532726526260376,0.1517946720123291,0.44177383184432983,0.06944407522678375,1.359209418296814,-1.0,332.0,67,2,47,0,0,0,200,200,0
1766,7064,722,113,723,2,right+A,0.06092805415391922,0.27529215812683105,0.14442045986652374,0.4538659453392029,0.06549333035945892,1.3420984745025635,0.0,332.0,68,2,47,0,0,0,200,200,0
1767,7068,722,94,723,1,right,0.06058376654982567,0.27126169204711914,0.1394062340259552,0.4628845155239105,0.06586382538080215,1.3341588973999023,0.0,332.0,69,2,47,0,0,0,200,200,0
1768,7072,722,79,723,3,right+B,0.05935575067996979,0.27066752314567566,0.14172101020812988,0.4634217321872711,0.06483403593301773,1.3320733308792114,0.0,332.0,70,2,47,0,0,0,200,200,0
1769,7076,722,79,723,1,right,0.06158493459224701,0.2743194103240967,0.14222167432308197,0.4565083682537079,0.0653655081987381,1.3401358127593994,0.0,332.0,71,2,47,0,0,0,200,200,0
1770,7080,722,79,723,3,right+B,0.05994882807135582,0.27170664072036743,0.13889610767364502,0.4658839702606201,0.06356438994407654,1.3279547691345215,-1.0,331.0,72,2,46,0,0,0,200,200,0
1771,7084,722,93,723,2,right+A,0.06050591915845871,0.27143555879592896,0.14654052257537842,0.45600321888923645,0.06551480293273926,1.3417425155639648,0.0,331.0,73,2,46,0,0,0,200,200,0
1772,7088,722,108,723,3,right+B,0.062395934015512466,0.2740955352783203,0.1557517796754837,0.43801653385162354,0.06974015384912491,1.3647758960723877,0.0,331.0,74,2,46,0,0,0,200,200,0
1773,7092,722,112,723,1,right,0.0625758245587349,0.27610573172569275,0.15541373193264008,0.43678027391433716,0.06912440806627274,1.3645753860473633,0.0,331.0,75,2,46,0,0,0,200,200,0
1774,7096,722,106,723,3,right+B,0.06298220157623291,0.27359500527381897,0.15687963366508484,0.43625953793525696,0.07028365135192871,1.3678356409072876,0.0,331.0,76,2,46,0,0,0,200,200,0
1775,7100,722,89,723,3,right+B,0.06331464648246765,0.2766537070274353,0.16404323279857635,0.4242779314517975,0.07171053439378738,1.3794784545898438,-1.0,330.0,77,2,45,0,0,0,200,200,0
1776,7104,722,79,723,3,right+B,0.06287772208452225,0.2780609428882599,0.16359834372997284,0.42387571930885315,0.07158732414245605,1.378601312637329,0.0,330.0,78,2,45,0,0,0,200,200,0
1777,7108,722,79,723,1,right,0.059541553258895874,0.27164319157600403,0.13894711434841156,0.46740806102752686,0.06246000900864601,1.3249337673187256,0.0,330.0,79,2,45,0,0,0,200,200,0
1778,7112,722,79,723,3,right+B,0.06137261167168617,0.2735735774040222,0.1415698081254959,0.4596903622150421,0.0637936070561409,1.3354827165603638,0.0,330.0,80,2,45,0,0,0,200,200,0
1779,7116,722,79,723,3,right+B,0.059411678463220596,0.27018317580223083,0.13440696895122528,0.4743212163448334,0.061676908284425735,1.3166550397872925,0.0,330.0,81,2,45,0,0,0,200,200,0
1780,7120,722,79,723,3,right+B,0.06084572523832321,0.27412909269332886,0.13945214450359344,0.46255871653556824,0.06301423162221909,1.330644130706787,-1.0,329.0,82,2,44,0,0,0,200,200,0
1781,7124,722,93,723,2,right+A,0.059735823422670364,0.27319300174713135,0.13802658021450043,0.4661875069141388,0.06285712122917175,1.3258469104766846,0.0,329.0,83,2,44,0,0,0,200,200,0
1782,7128,722,109,723,4,right+A+B,0.060666635632514954,0.27451416850090027,0.14354562759399414,0.4567287862300873,0.06454470008611679,1.3383262157440186,0.0,329.0,84,2,44,0,0,0,200,200,0
1783,7132,722,121,723,3,right+B,0.060523178428411484,0.2748965919017792,0.14311711490154266,0.45618975162506104,0.06527329236268997,1.3391553163528442,0.0,329.0,85,2,44,0,0,0,200,200,0
1784,7136,722,122,723,2,right+A,0.061576951295137405,0.2741359770298004,0.15258628129959106,0.4414617121219635,0.07023908197879791,1.3607896566390991,0.0,329.0,86,2,44,0,0,0,200,200,0
1785,7140,722,113,723,2,right+A,0.061328738927841187,0.27649542689323425,0.15010413527488708,0.4447270929813385,0.06734464317560196,1.3533638715744019,-1.0,328.0,87,2,43,0,0,0,200,200,0
1786,7144,722,94,723,3,right+B,0.0620904378592968,0.2762143313884735,0.14680106937885284,0.44784489274024963,0.06704927235841751,1.3505412340164185,0.0,328.0,88,2,43,0,0,0,200,200,0
1787,7148,722,79,723,3,right+B,0.059310782700777054,0.27359524369239807,0.13234536349773407,0.4730342626571655,0.0617142878472805,1.315803050994873,0.0,328.0,89,2,43,0,0,0,200,200,0
1788,7152,722,93,723,2,right+A,0.06073818728327751,0.2739684283733368,0.13531231880187988,0.46708202362060547,0.06289910525083542,1.3250643014907837,0.0,328.0,90,2,43,0,0,0,200,200,0
1789,7156,722,108,723,3,right+B,0.059078238904476166,0.2701816260814667,0.13385047018527985,0.47429725527763367,0.06259244680404663,1.3171186447143555,0.0,328.0,91,2,43,0,0,0,200,200,0
1790,7160,722,112,723,1,right,0.05887660011649132,0.2716512978076935,0.13600146770477295,0.4700912833213806,0.06337937712669373,1.3217954635620117,-1.0,327.0,92,2,42,0,0,0,200,200,0
1791,7164,722,106,723,1,right,0.05746883153915405,0.2666229009628296,0.130916029214859,0.4833722412586212,0.06162005662918091,1.3059098720550537,0.0,327.0,93,2,42,0,0,0,200,200,0
1792,7168,722,89,723,3,right+B,0.05772003158926964,0.26792970299720764,0.13004274666309357,0.48230984807014465,0.06199765205383301,1.3068504333496094,0.0,327.0,94,2,42,0,0,0,200,200,0
1793,7172,722,79,723,3,right+B,0.057721175253391266,0.2667906880378723,0.1281752735376358,0.4860351085662842,0.061277709901332855,1.302224040031433,0.0,327.0,95,2,42,0,0,0,200,200,0
1794,7176,722,79,723,3,right+B,0.0576745979487896,0.26503390073776245,0.12591412663459778,0.4910725951194763,0.06030479446053505,1.295983076095581,0.0,327.0,96,2,42,0,0,0,200,200,0
1795,7180,722,79,723,1,right,0.05873291566967964,0.2675532102584839,0.12855969369411469,0.48532283306121826,0.05983143299818039,1.3023264408111572,-1.0,326.0,97,2,41,0,0,0,200,200,0
1796,7184,722,79,723,3,right+B,0.059007350355386734,0.26549118757247925,0.12715420126914978,0.4880094826221466,0.06033778190612793,1.3008450269699097,0.0,326.0,98,2,41,0,0,0,200,200,0
1797,7188,722,79,723,1,right,0.05950877070426941,0.2650998532772064,0.12960705161094666,0.48503777384757996,0.06074655055999756,1.3057830333709717,0.0,326.0,99,2,41,0,0,0,200,200,0
1798,7192,722,93,723,2,right+A,0.060088206082582474,0.26603156328201294,0.13113363087177277,0.48160481452941895,0.061141859740018845,1.3103708028793335,0.0,326.0,100,2,41,0,0,0,200,200,0
1799,7196,722,108,723,1,right,0.060296833515167236,0.26814332604408264,0.13553956151008606,0.473421573638916,0.06259874254465103,1.3206279277801514,0.0,326.0,101,2,41,0,0,0,200,200,0
1800,7200,722,112,723,4,right+A+B,0.06056218966841698,0.27059683203697205,0.1365225911140442,0.4684964120388031,0.06382206827402115,1.326221227645874,-1.0,325.0,102,2,40,0,0,0,200,200,0
1801,7204,722,106,723,3,right+B,0.06024893745779991,0.26671960949897766,0.13752181828022003,0.4705476760864258,0.0649619996547699,1.3269094228744507,0.0,325.0,103,2,40,0,0,0,200,200,0
1802,7208,722,89,723,3,right+B,0.059132225811481476,0.26570791006088257,0.13393805921077728,0.4777493476867676,0.06347241252660751,1.3165504932403564,0.0,325.0,104,2,40,0,0,0,200,200,0
1803,7212,722,79,723,1,right,0.05896575748920441,0.2650282084941864,0.13130614161491394,0.4819815158843994,0.06271832436323166,1.3108841180801392,0.0,325.0,105,2,40,0,0,0,200,200,0
1804,7216,722,79,723,3,right+B,0.05763750523328781,0.26158830523490906,0.12626290321350098,0.4947383999824524,0.059772931039333344,1.2930988073349,0.0,325.0,106,2,40,0,0,0,200,200,0
1805,7220,722,79,723,1,right,0.05827078968286514,0.2624977231025696,0.12689384818077087,0.4932088851928711,0.05912884697318077,1.2945278882980347,-1.0,324.0,107,2,39,0,0,0,200,200,0
1806,7224,722,79,723,1,right,0.05855037271976471,0.263106107711792,0.12732107937335968,0.49023860692977905,0.06078392639756203,1.299565315246582,0.0,324.0,108,2,39,0,0,0,200,200,0
1807,7228,722,79,723,3,right+B,0.05885390192270279,0.263123095035553,0.12916165590286255,0.4879411458969116,0.06092018261551857,1.3029671907424927,0.0,324.0,109,2,39,0,0,0,200,200,0
1808,7232,722,93,723,2,right+A,0.05871632322669029,0.2625282406806946,0.12843279540538788,0.49026116728782654,0.0600614957511425,1.2995390892028809,0.0,324.0,110,2,39,0,0,0,200,200,0
1809,7236,722,108,723,1,right,0.06025100499391556,0.2676239609718323,0.13558202981948853,0.47384440898895264,0.06269852817058563,1.3204922676086426,0.0,324.0,111,2,39,0,0,0,200,200,0
1810,7240,722,112,723,3,right+B,0.06071358174085617,0.2705426514148712,0.13882505893707275,0.46647512912750244,0.06344359368085861,1.3285605907440186,-1.0,323.0,112,2,38,0,0,0,200,200,0
1811,7244,722,106,723,3,right+B,0.059603605419397354,0.26575446128845215,0.13978078961372375,0.47146177291870117,0.06339938193559647,1.324676275253296,0.0,323.0,113,2,38,0,0,0,200,200,0
1812,7248,722,89,723,3,right+B,0.05967874079942703,0.2677364945411682,0.13832780718803406,0.4706672430038452,0.06358972936868668,1.3245675563812256,0.0,323.0,114,2,38,0,0,0,200,200,0
1813,7252,722,79,723,3,right+B,0.058890361338853836,0.2659265697002411,0.133768230676651,0.47953471541404724,0.06188012659549713,1.3127193450927734,0.0,323.0,115,2,38,0,0,0,200,200,0
1814,7256,722,93,723,2,right+A,0.057691540569067,0.26239585876464844,0.12730693817138672,0.4930683970451355,0.05953719839453697,1.2946481704711914,0.0,323.0,116,2,38,0,0,0,200,200,0
1815,7260,722,109,723,4,right+A+B,0.05889894440770149,0.26646584272384644,0.13381890952587128,0.4787101149559021,0.062106210738420486,1.3135809898376465,-1.0,322.0,117,2,37,0,0,0,200,200,0
1816,7264,722,121,723,3,right+B,0.05861508473753929,0.2658177316188812,0.13174627721309662,0.4815601408481598,0.06226083263754845,1.3102545738220215,0.0,322.0,118,2,37,0,0,0,200,200,0
1817,7268,722,122,723,3,right+B,0.0605175755918026,0.2669866383075714,0.1436554193496704,0.4612146019935608,0.06762572377920151,1.3401501178741455,0.0,322.0,119,2,37,0,0,0,200,200,0
1818,7272,722,113,723,2,right+A,0.0589311458170414,0.2660605013370514,0.1351012885570526,0.4762510061264038,0.06365607678890228,1.3181788921356201,0.0,322.0,120,2,37,0,0,0,200,200,0
1819,7276,722,94,723,1,right,0.060200285166502,0.26504355669021606,0.13575240969657898,0.4741637408733368,0.06484003365039825,1.323409080505371,0.0,322.0,121,2,37,0,0,0,200,200,0
1820,7280,722,79,723,2,right+A,0.05874386802315712,0.2653949558734894,0.1320740282535553,0.48164787888526917,0.06213928386569023,1.3104496002197266,-1.0,321.0,122,2,36,0,0,0,200,200,0
1821,7284,722,79,723,3,right+B,0.05979487672448158,0.26557281613349915,0.13408035039901733,0.47921836376190186,0.06133357062935829,1.3136768341064453,0.0,321.0,123,2,36,0,0,0,200,200,0
1822,7288,722,79,723,3,right+B,0.0592360720038414,0.2644262909889221,0.13234926760196686,0.48350462317466736,0.06048371270298958,1.307843804359436,0.0,321.0,124,2,36,0,0,0,200,200,0
1823,7292,722,79,723,3,right+B,0.059171684086322784,0.26535800099372864,0.13405375182628632,0.4806572496891022,0.060759350657463074,1.311030626296997,0.0,321.0,125,2,36,0,0,0,200,200,0
1824,7296,722,79,723,3,right+B,0.05920920893549919,0.2660106122493744,0.1329064667224884,0.4811265170574188,0.06074722483754158,1.3100006580352783,0.0,321.0,126,2,36,0,0,0,200,200,0
1825,7300,722,93,723,2,right+A,0.058811791241168976,0.26438942551612854,0.13104093074798584,0.485700786113739,0.06005708500742912,1.3043344020843506,-1.0,320.0,127,2,35,0,0,0,200,200,0
1826,7304,722,108,723,3,right+B,0.05931033939123154,0.2667159140110016,0.13439367711544037,0.47740602493286133,0.06217413395643234,1.315456509590149,0.0,320.0,128,2,35,0,0,0,200,200,0
1827,7308,722,112,723,3,right+B,0.05933317169547081,0.26774463057518005,0.1341356635093689,0.47612136602401733,0.0626651793718338,1.3167707920074463,0.0,320.0,129,2,35,0,0,0,200,200,0
1828,7312,722,106,723,3,right+B,0.059477295726537704,0.2650560736656189,0.13717395067214966,0.47441190481185913,0.06388087570667267,1.321775197982788,0.0,320.0,130,2,35,0,0,0,200,200,0
1829,7316,722,89,723,0,NOOP,0.05912598595023155,0.26592737436294556,0.13530999422073364,0.47655045986175537,0.06308621913194656,1.3176217079162598,0.0,320.0,131,2,35,0,0,0,200,200,0
1830,7320,722,79,723,3,right+B,0.05848513916134834,0.26472440361976624,0.1316501945257187,0.4836832582950592,0.06145694479346275,1.3075497150421143,-1.0,319.0,132,2,34,0,0,0,200,200,0
1831,7324,722,79,723,3,right+B,0.05818580836057663,0.2629757523536682,0.1287798136472702,0.4898666739463806,0.0601920560002327,1.2994279861450195,0.0,319.0,133,2,34,0,0,0,200,200,0
1832,7328,722,79,723,1,right,0.05899609997868538,0.2649443447589874,0.13223417103290558,0.4835583567619324,0.060267023742198944,1.3070513010025024,0.0,319.0,134,2,34,0,0,0,200,200,0
1833,7332,722,79,723,1,right,0.05916017293930054,0.26528552174568176,0.13276614248752594,0.48158201575279236,0.06120608374476433,1.3102344274520874,0.0,319.0,135,2,34,0,0,0,200,200,0
1834,7336,722,79,723,1,right,0.05994081869721413,0.2663096785545349,0.13561853766441345,0.4766066074371338,0.061524294316768646,1.3167494535446167,0.0,319.0,136,2,34,0,0,0,200,200,0
1835,7340,722,79,723,3,right+B,0.05966731905937195,0.26535290479660034,0.13331007957458496,0.48118698596954346,0.0604826845228672,1.3105387687683105,-1.0,318.0,137,2,33,0,0,0,200,200,0
1836,7344,722,79,723,1,right,0.059791069477796555,0.266788125038147,0.13400334119796753,0.4781278669834137,0.061289697885513306,1.3141940832138062,0.0,318.0,138,2,33,0,0,0,200,200,0
1837,7348,722,79,723,3,right+B,0.059047408401966095,0.26530781388282776,0.13155324757099152,0.4833347499370575,0.06075681746006012,1.3075112104415894,0.0,318.0,139,2,33,0,0,0,200,200,0
1838,7352,722,79,723,1,right,0.058703213930130005,0.26314806938171387,0.12845700979232788,0.4898316562175751,0.059860121458768845,1.299506664276123,0.0,318.0,140,2,33,0,0,0,200,200,0
1839,7356,722,79,723,1,right,0.05885721370577812,0.26305413246154785,0.12817692756652832,0.48978549242019653,0.06012625992298126,1.299958348274231,0.0,318.0,141,2,33,0,0,0,200,200,0
1840,7360,722,79,723,3,right+B,0.05942602828145027,0.2650007903575897,0.13025528192520142,0.48461052775382996,0.0607074536383152,1.3063219785690308,-1.0,317.0,142,2,32,0,0,0,200,200,0
1841,7364,722,79,723,3,right+B,0.05897746607661247,0.26363036036491394,0.12744253873825073,0.49013787508010864,0.05981172248721123,1.2989234924316406,0.0,317.0,143,2,32,0,0,0,200,200,0
1842,7368,722,93,723,4,right+A+B,0.05863586440682411,0.2618868052959442,0.126393124461174,0.49358952045440674,0.05949472635984421,1.2950141429901123,0.0,317.0,144,2,32,0,0,0,200,200,0
1843,7372,722,108,723,1,right,0.059825167059898376,0.265513151884079,0.1329175978899002,0.4789385199546814,0.06280557066202164,1.3152271509170532,0.0,317.0,145,2,32,0,0,0,200,200,0
1844,7376,722,112,723,3,right+B,0.059824589639902115,0.26650869846343994,0.1339457482099533,0.4763959050178528,0.06332498788833618,1.3181716203689575,0.0,317.0,146,2,32,0,0,0,200,200,0
1845,7380,722,106,723,1,right,0.06092727184295654,0.2669062614440918,0.14010535180568695,0.46685948967933655,0.065201535820961,1.3320192098617554,-1.0,316.0,147,2,31,0,0,0,200,200,0
1846,7384,722,89,723,3,right+B,0.060891374945640564,0.26877808570861816,0.1385343223810196,0.46809306740760803,0.06370314210653305,1.3281177282333374,0.0,316.0,148,2,31,0,0,0,200,200,0
1847,7388,722,79,723,1,right,0.06033933162689209,0.26766204833984375,0.13437938690185547,0.47564050555229187,0.061978742480278015,1.3177226781845093,0.0,316.0,149,2,31,0,0,0,200,200,0
1848,7392,722,79,723,3,right+B,0.06003114581108093,0.26608482003211975,0.1306120902299881,0.4815526008605957,0.06171933934092522,1.310793161392212,0.0,316.0,150,2,31,0,0,0,200,200,0
1849,7396,722,93,723,2,right+A,0.06022436171770096,0.26760101318359375,0.13154016435146332,0.4800795316696167,0.06055491417646408,1.3108925819396973,0.0,316.0,151,2,31,0,0,0,200,200,0
1850,7400,722,108,723,1,right,0.05952886492013931,0.26922696828842163,0.12984925508499146,0.4802013635635376,0.06119350716471672,1.3095086812973022,-1.0,315.0,152,2,30,0,0,0,200,200,0
1851,7404,722,112,723,1,right,0.05935603007674217,0.2693060636520386,0.13045550882816315,0.4795888662338257,0.061293452978134155,1.310190200805664,0.0,315.0,153,2,30,0,0,0,200,200,0
1852,7408,722,106,723,3,right+B,0.06006450206041336,0.2677266001701355,0.1319890320301056,0.47803619503974915,0.06218375265598297,1.3145604133605957,0.0,315.0,154,2,30,0,0,0,200,200,0
1853,7412,722,89,723,3,right+B,0.0601179301738739,0.2707318365573883,0.13320542871952057,0.4730450510978699,0.06289970129728317,1.31938636302948,0.0,315.0,155,2,30,0,0,0,200,200,0
1854,7416,722,79,723,3,right+B,0.05928244814276695,0.2686506509780884,0.13007773458957672,0.4802476167678833,0.06174153834581375,1.3100848197937012,0.0,315.0,156,2,30,0,0,0,200,200,0
1855,7420,722,79,723,0,NOOP,0.05826988071203232,0.2670162618160248,0.1264946162700653,0.4893397092819214,0.058879539370536804,1.2962498664855957,-1.0,314.0,157,2,29,0,0,0,200,200,0
1856,7424,722,79,723,3,right+B,0.05840366333723068,0.2686466574668884,0.1296609342098236,0.4836864471435547,0.059602249413728714,1.303254246711731,0.0,314.0,158,2,29,0,0,0,200,200,0
1857,7428,722,93,723,4,right+A+B,0.058794282376766205,0.26903918385505676,0.13083279132843018,0.4803372621536255,0.060996558517217636,1.3087384700775146,0.0,314.0,159,2,29,0,0,0,200,200,0
1858,7432,722,108,723,3,right+B,0.06079934537410736,0.2743018567562103,0.13823795318603516,0.46207013726234436,0.06459071487188339,1.3323019742965698,0.0,314.0,160,2,29,0,0,0,200,200,0
1859,7436,722,112,723,3,right+B,0.05905582755804062,0.2739427387714386,0.13479219377040863,0.4708278477191925,0.06138141453266144,1.317873239517212,0.0,314.0,161,2,29,0,0,0,200,200,0
1860,7440,722,106,723,3,right+B,0.06002674624323845,0.2730223834514618,0.14256413280963898,0.46013110876083374,0.06425554305315018,1.334549069404602,-1.0,313.0,162,2,28,0,0,0,200,200,0
1861,7444,722,89,723,3,right+B,0.06106700748205185,0.2769836187362671,0.14699029922485352,0.44859206676483154,0.06636703759431839,1.3477928638458252,0.0,313.0,163,2,28,0,0,0,200,200,0
1862,7448,722,79,723,3,right+B,0.0610165037214756,0.2776045799255371,0.14456109702587128,0.45170649886131287,0.06511129438877106,1.3428375720977783,0.0,313.0,164,2,28,0,0,0,200,200,0
1863,7452,722,79,723,3,right+B,0.05983870103955269,0.2726666033267975,0.13402456045150757,0.471151739358902,0.0623183399438858,1.319738745689392,0.0,313.0,165,2,28,0,0,0,200,200,0
1864,7456,722,79,723,3,right+B,0.058691512793302536,0.27062082290649414,0.13193081319332123,0.47912201285362244,0.05963493511080742,1.3080312013626099,0.0,313.0,166,2,28,0,0,0,200,200,0
1865,7460,722,79,723,3,right+B,0.058784328401088715,0.270194947719574,0.1327138990163803,0.47819656133651733,0.06011024862527847,1.3099777698516846,-1.0,312.0,167,2,27,0,0,0,200,200,0
1866,7464,722,79,723,1,right,0.059462420642375946,0.2705840468406677,0.1364532709121704,0.47222933173179626,0.06127096712589264,1.3187166452407837,0.0,312.0,168,2,27,0,0,0,200,200,0
1867,7468,722,79,723,1,right,0.0598100908100605,0.2717907726764679,0.13847941160202026,0.467329204082489,0.0625905990600586,1.3252609968185425,0.0,312.0,169,2,27,0,0,0,200,200,0
1868,7472,722,79,723,0,NOOP,0.06246889755129814,0.2776343822479248,0.15218405425548553,0.44041234254837036,0.06730026006698608,1.3582911491394043,0.0,312.0,170,2,27,0,0,0,200,200,0
1869,7476,722,79,723,3,right+B,0.06261773407459259,0.27525657415390015,0.1541401743888855,0.44002991914749146,0.06795566529035568,1.360768437385559,0.0,312.0,171,2,27,0,0,0,200,200,0
1870,7480,722,79,723,1,right,0.062192004173994064,0.2742350995540619,0.1546315848827362,0.44254109263420105,0.06640026718378067,1.3570396900177002,-1.0,311.0,172,2,26,0,0,0,200,200,0
1871,7484,722,79,723,3,right+B,0.06150207668542862,0.27260300517082214,0.152310311794281,0.44799530506134033,0.06558926403522491,1.3508610725402832,0.0,311.0,173,2,26,0,0,0,200,200,0
1872,7488,722,79,723,1,right,0.06182098016142845,0.27334973216056824,0.14678187668323517,0.45225492119789124,0.06579246371984482,1.3461674451828003,0.0,311.0,174,2,26,0,0,0,200,200,0
1873,7492,722,79,723,3,right+B,0.06145408749580383,0.27312004566192627,0.14574754238128662,0.45471638441085815,0.0649619847536087,1.34253990650177,0.0,311.0,175,2,26,0,0,0,200,200,0
1874,7496,722,93,723,4,right+A+B,0.062462449073791504,0.2741463780403137,0.14986145496368408,0.4475175738334656,0.06601214408874512,1.3516721725463867,0.0,311.0,176,2,26,0,0,0,200,200,0
1875,7500,722,108,723,1,right,0.06293897330760956,0.2777809500694275,0.15942350029945374,0.4296831488609314,0.07017340511083603,1.3720033168792725,-1.0,310.0,177,2,25,0,0,0,200,200,0
1876,7504,722,112,723,1,right,0.060549184679985046,0.27639180421829224,0.14513781666755676,0.4526999890804291,0.06522111594676971,1.342174768447876,0.0,310.0,178,2,25,0,0,0,200,200,0
1877,7508,722,106,723,2,right+A,0.06138593330979347,0.27231454849243164,0.14479263126850128,0.4556078612804413,0.06589911878108978,1.3427180051803589,0.0,310.0,179,2,25,0,0,0,200,200,0
1878,7512,722,89,723,2,right+A,0.06018028035759926,0.2717388868331909,0.13671855628490448,0.4684793949127197,0.06288287043571472,1.324425458908081,0.0,310.0,180,2,25,0,0,0,200,200,0
1879,7516,722,79,723,3,right+B,0.06116250157356262,0.27527567744255066,0.14209666848182678,0.457689493894577,0.06377558410167694,1.3365166187286377,0.0,310.0,181,2,25,0,0,0,200,200,0
1880,7520,722,79,723,0,NOOP,0.0603279247879982,0.2751622200012207,0.14156131446361542,0.4594717025756836,0.06347689777612686,1.333553671836853,-1.0,309.0,182,2,24,0,0,0,200,200,0
1881,7524,722,93,723,2,right+A,0.06051091477274895,0.274743914604187,0.14500541985034943,0.45681285858154297,0.06292684376239777,1.3366246223449707,0.0,309.0,183,2,24,0,0,0,200,200,0
1882,7528,722,108,723,3,right+B,0.061288367956876755,0.27545881271362305,0.14902201294898987,0.4488489031791687,0.06538187712430954,1.347857117652893,0.0,309.0,184,2,24,0,0,0,200,200,0
1883,7532,722,112,723,0,NOOP,0.05977674201130867,0.27331578731536865,0.1413753479719162,0.4629010558128357,0.06263106316328049,1.3295674324035645,0.0,309.0,185,2,24,0,0,0,200,200,0
1884,7536,722,106,723,0,NOOP,0.06100081652402878,0.2740393280982971,0.14907421171665192,0.45034003257751465,0.06554566323757172,1.3469575643539429,0.0,309.0,186,2,24,0,0,0,200,200,0
1885,7540,722,89,723,4,right+A+B,0.06154877692461014,0.27855589985847473,0.1492934674024582,0.44411343336105347,0.06648840010166168,1.3522661924362183,-1.0,308.0,187,2,23,0,0,0,200,200,0
1886,7544,722,79,723,3,right+B,0.05931571498513222,0.2725374698638916,0.13297247886657715,0.47374552488327026,0.06142884120345116,1.3154469728469849,0.0,308.0,188,2,23,0,0,0,200,200,0
1887,7548,722,79,723,3,right+B,0.059954989701509476,0.2716316878795624,0.1313338726758957,0.4751930236816406,0.06188644468784332,1.315108299255371,0.0,308.0,189,2,23,0,0,0,200,200,0
1888,7552,722,79,723,3,right+B,0.05927148833870888,0.2698456943035126,0.13241161406040192,0.4781378507614136,0.06033335626125336,1.3108716011047363,0.0,308.0,190,2,23,0,0,0,200,200,0
1889,7556,722,93,723,4,right+A+B,0.058518946170806885,0.2696534991264343,0.12967635691165924,0.4818078577518463,0.06034335121512413,1.3056517839431763,0.0,308.0,191,2,23,0,0,0,200,200,0
1890,7560,722,108,723,1,right,0.05832706391811371,0.2699050009250641,0.1322992891073227,0.4782702624797821,0.06119835004210472,1.3105664253234863,-1.0,307.0,192,2,22,0,0,0,200,200,0
1891,7564,722,112,723,3,right+B,0.05788223072886467,0.26859238743782043,0.13006673753261566,0.4826091527938843,0.06084946542978287,1.305248498916626,0.0,307.0,193,2,22,0,0,0,200,200,0
1892,7568,722,106,723,1,right,0.058672234416007996,0.26674598455429077,0.1336156129837036,0.4779939353466034,0.06297232955694199,1.3147728443145752,0.0,307.0,194,2,22,0,0,0,200,200,0
1893,7572,722,89,723,3,right+B,0.05993438512086868,0.2701190114021301,0.13676106929779053,0.4698157012462616,0.06336979568004608,1.3240596055984497,0.0,307.0,195,2,22,0,0,0,200,200,0
1894,7576,722,79,723,1,right,0.05963633581995964,0.27014243602752686,0.13387997448444366,0.47483155131340027,0.06150960549712181,1.3160909414291382,0.0,307.0,196,2,22,0,0,0,200,200,0
1895,7580,722,79,723,3,right+B,0.058557819575071335,0.2653224766254425,0.12714144587516785,0.4900345206260681,0.058943748474121094,1.2968391180038452,-1.0,306.0,197,2,21,0,0,0,200,200,0
1896,7584,722,79,723,1,right,0.05951985344290733,0.26641786098480225,0.12867194414138794,0.48600029945373535,0.059389952570199966,1.3025274276733398,0.0,306.0,198,2,21,0,0,0,200,200,0
1897,7588,722,79,723,1,right,0.059233784675598145,0.26579397916793823,0.12784838676452637,0.48630377650260925,0.06082012504339218,1.3034420013427734,0.0,306.0,199,2,21,0,0,0,200,200,0
1898,7592,722,79,723,3,right+B,0.05951298400759697,0.2648480534553528,0.1288965493440628,0.4860171973705292,0.060725245624780655,1.304654836654663,0.0,306.0,200,2,21,0,0,0,200,200,0
1899,7596,722,79,723,3,right+B,0.05985911190509796,0.2659129500389099,0.1304190307855606,0.4826980233192444,0.06111087650060654,1.3088264465332031,0.0,306.0,201,2,21,0,0,0,200,200,0
1900,7600,722,79,723,1,right,0.059158969670534134,0.26503872871398926,0.12936030328273773,0.4853191673755646,0.06112280115485191,1.3054656982421875,-1.0,305.0,202,2,20,0,0,0,200,200,0
1901,7604,722,79,723,1,right,0.058818187564611435,0.2645314931869507,0.12795110046863556,0.488182008266449,0.06051727384328842,1.3013032674789429,0.0,305.0,203,2,20,0,0,0,200,200,0
1902,7608,722,79,723,3,right+B,0.05849422886967659,0.26215702295303345,0.12653332948684692,0.49276554584503174,0.06004985049366951,1.296245813369751,0.0,305.0,204,2,20,0,0,0,200,200,0
1903,7612,722,79,723,3,right+B,0.05911945924162865,0.2640242874622345,0.12928572297096252,0.4870505630970001,0.0605199821293354,1.3034133911132812,0.0,305.0,205,2,20,0,0,0,200,200,0
1904,7616,722,79,723,3,right+B,0.059103675186634064,0.2639857232570648,0.13006502389907837,0.48672956228256226,0.060116030275821686,1.3035438060760498,0.0,305.0,206,2,20,0,0,0,200,200,0
1905,7620,722,79,723,1,right,0.05959848687052727,0.2645387351512909,0.13130563497543335,0.4840027689933777,0.060554374009370804,1.3074617385864258,-1.0,304.0,207,2,19,0,0,0,200,200,0
1906,7624,722,79,723,0,NOOP,0.059848204255104065,0.2650507688522339,0.13313786685466766,0.4808672368526459,0.061095863580703735,1.3117834329605103,0.0,304.0,208,2,19,0,0,0,200,200,0
1907,7628,722,79,723,1,right,0.05927532538771629,0.2648680806159973,0.13316336274147034,0.481288880109787,0.06140436977148056,1.3111462593078613,0.0,304.0,209,2,19,0,0,0,200,200,0
1908,7632,722,79,723,1,right,0.05977940559387207,0.26685667037963867,0.13231207430362701,0.4802508056163788,0.060801051557064056,1.3110370635986328,0.0,304.0,210,2,19,0,0,0,200,200,0
1909,7636,722,79,723,3,right+B,0.05952366068959236,0.2654581069946289,0.1294475793838501,0.4858070909976959,0.05976352468132973,1.3037692308425903,0.0,304.0,211,2,19,0,0,0,200,200,0
1910,7640,722,79,723,3,right+B,0.05902315676212311,0.2648991644382477,0.1305537223815918,0.48519256711006165,0.06033138558268547,1.305022954940796,-1.0,303.0,212,2,18,0,0,0,200,200,0
1911,7644,722,79,723,3,right+B,0.058659180998802185,0.2639714479446411,0.12996447086334229,0.4870201349258423,0.06038487330079079,1.303025245666504,0.0,303.0,213,2,18,0,0,0,200,200,0
1912,7648,722,79,723,1,right,0.05863097682595253,0.26340964436531067,0.12919317185878754,0.48881450295448303,0.0599517747759819,1.3006905317306519,0.0,303.0,214,2,18,0,0,0,200,200,0
1913,7652,722,79,723,1,right,0.05874980613589287,0.2645358145236969,0.13041454553604126,0.4857828915119171,0.06051696836948395,1.3044297695159912,0.0,303.0,215,2,18,0,0,0,200,200,0
1914,7656,722,79,723,3,right+B,0.058798763900995255,0.26467469334602356,0.13041414320468903,0.4852847456932068,0.0608275942504406,1.305262804031372,0.0,303.0,216,2,18,0,0,0,200,200,0
1915,7660,722,79,723,1,right,0.05882203206419945,0.2641172707080841,0.13053055107593536,0.4859832227230072,0.06054694578051567,1.3045425415039062,-1.0,302.0,217,2,17,0,0,0,200,200,0
1916,7664,722,79,723,3,right+B,0.05905734375119209,0.2642432451248169,0.13125088810920715,0.4849546551704407,0.060493867844343185,1.305949091911316,0.0,302.0,218,2,17,0,0,0,200,200,0
1917,7668,722,93,723,4,right+A+B,0.059780847281217575,0.26619529724121094,0.13514477014541626,0.4774656891822815,0.06141339987516403,1.3155268430709839,0.0,302.0,219,2,17,0,0,0,200,200,0
1918,7672,722,109,723,2,right+A,0.060638584196567535,0.2695266306400299,0.14077408611774445,0.4652850329875946,0.06377571821212769,1.3308610916137695,0.0,302.0,220,2,17,0,0,0,200,200,0
1919,7676,722,122,723,2,right+A,0.059943169355392456,0.2680312991142273,0.13893048465251923,0.47048476338386536,0.06261029839515686,1.3240476846694946,0.0,302.0,221,2,17,0,0,0,200,200,0
1920,7680,722,130,723,1,right,0.06144971773028374,0.26928362250328064,0.14860504865646362,0.45222708582878113,0.06843455135822296,1.350430965423584,-1.0,301.0,222,2,16,0,0,0,200,200,0
1921,7684,722,129,723,3,right+B,0.058979179710149765,0.2678985595703125,0.13940957188606262,0.4698454737663269,0.0638672336935997,1.3250844478607178,0.0,301.0,223,2,16,0,0,0,200,200,0
1922,7688,722,117,723,1,right,0.059076759964227676,0.266513854265213,0.13988256454467773,0.46928179264068604,0.06524507701396942,1.3278138637542725,0.0,301.0,224,2,16,0,0,0,200,200,0
1923,7692,722,97,723,2,right+A,0.059824563562870026,0.26565924286842346,0.13954918086528778,0.4690561592578888,0.06591083109378815,1.329780101776123,0.0,301.0,225,2,16,0,0,0,200,200,0
1924,7696,722,79,723,2,right+A,0.05917522311210632,0.26585492491722107,0.1372854858636856,0.47302696108818054,0.06465739011764526,1.3232994079589844,0.0,301.0,226,2,16,0,0,0,200,200,0
1925,7700,722,79,723,0,NOOP,0.05873062089085579,0.26302477717399597,0.13193707168102264,0.4844762682914734,0.06183123588562012,1.3081812858581543,-1.0,300.0,227,2,15,0,0,0,200,200,0
1926,7704,722,79,723,3,right+B,0.05863137170672417,0.26358404755592346,0.12973321974277496,0.4877000153064728,0.060351382941007614,1.3023524284362793,0.0,300.0,228,2,15,0,0,0,200,200,0
1927,7708,722,79,723,1,right,0.058989182114601135,0.2643509805202484,0.12976445257663727,0.48608341813087463,0.06081196293234825,1.3045796155929565,0.0,300.0,229,2,15,0,0,0,200,200,0
1928,7712,722,79,723,3,right+B,0.0587889701128006,0.2643709182739258,0.12935979664325714,0.48802024126052856,0.05946009233593941,1.3008050918579102,0.0,300.0,230,2,15,0,0,0,200,200,0
1929,7716,722,79,723,1,right,0.059491537511348724,0.26544255018234253,0.13397355377674103,0.48017609119415283,0.06091625243425369,1.311971664428711,0.0,300.0,231,2,15,0,0,0,200,200,0
1930,7720,722,79,723,3,right+B,0.059824440628290176,0.26616981625556946,0.13561759889125824,0.47706055641174316,0.061327651143074036,1.316022276878357,-1.0,299.0,232,2,14,0,0,0,200,200,0
1931,7724,722,79,723,3,right+B,0.059234775602817535,0.26487910747528076,0.1331399828195572,0.48265352845191956,0.060092613101005554,1.3083208799362183,0.0,299.0,233,2,14,0,0,0,200,200,0
1932,7728,722,79,723,3,right+B,0.05970921739935875,0.26701879501342773,0.13480524718761444,0.4770944118499756,0.06137225776910782,1.3153440952301025,0.0,299.0,234,2,14,0,0,0,200,200,0
1933,7732,722,79,723,1,right,0.05959361046552658,0.2664288580417633,0.13390178978443146,0.4785344898700714,0.06154116243124008,1.3139597177505493,0.0,299.0,235,2,14,0,0,0,200,200,0
1934,7736,722,79,723,1,right,0.0593237429857254,0.2648093104362488,0.13140560686588287,0.4838024973869324,0.06065881624817848,1.3073960542678833,0.0,299.0,236,2,14,0,0,0,200,200,0
1935,7740,722,79,723,3,right+B,0.059542909264564514,0.2649819254875183,0.1301783323287964,0.4847872853279114,0.06050965189933777,1.3060436248779297,-1.0,298.0,237,2,13,0,0,0,200,200,0
1936,7744,722,79,723,3,right+B,0.05926937982439995,0.2645263075828552,0.13057197630405426,0.48504045605659485,0.06059176102280617,1.3058812618255615,0.0,298.0,238,2,13,0,0,0,200,200,0
1937,7748,722,79,723,3,right+B,0.059271663427352905,0.26408839225769043,0.12926939129829407,0.48680946230888367,0.06056113541126251,1.303837537765503,0.0,298.0,239,2,13,0,0,0,200,200,0
1938,7752,722,79,723,3,right+B,0.05905753746628761,0.2631995379924774,0.12893643975257874,0.48847484588623047,0.060331620275974274,1.3019174337387085,0.0,298.0,240,2,13,0,0,0,200,200,0
1939,7756,722,79,723,3,right+B,0.05986414849758148,0.26525962352752686,0.13148704171180725,0.48255544900894165,0.060833726078271866,1.309266448020935,0.0,298.0,241,2,13,0,0,0,200,200,0
1940,7760,722,93,723,4,right+A+B,0.060179878026247025,0.2658880949020386,0.13257448375225067,0.48019158840179443,0.0611659437417984,1.3123903274536133,-1.0,297.0,242,2,12,0,0,0,200,200,0
1941,7764,722,109,723,4,right+A+B,0.060662511736154556,0.267408162355423,0.13700039684772491,0.4719341993331909,0.06299471855163574,1.3235782384872437,0.0,297.0,243,2,12,0,0,0,200,200,0
1942,7768,722,122,723,4,right+A+B,0.060659315437078476,0.26765790581703186,0.1372232884168625,0.47184523940086365,0.06261419504880905,1.3232214450836182,0.0,297.0,244,2,12,0,0,0,200,200,0
1943,7772,722,130,723,0,NOOP,0.06148851662874222,0.2672201991081238,0.1451973170042038,0.4583236575126648,0.06777037680149078,1.3443009853363037,0.0,297.0,245,2,12,0,0,0,200,200,0
1944,7776,722,129,723,3,right+B,0.05986076965928078,0.2696619927883148,0.13962794840335846,0.4661199152469635,0.06472940742969513,1.329857587814331,0.0,297.0,246,2,12,0,0,0,200,200,0
1945,7780,722,117,723,3,right+B,0.059351298958063126,0.26644167304039,0.13700219988822937,0.47219061851501465,0.06501426547765732,1.3243602514266968,-1.0,296.0,247,2,11,0,0,0,200,200,0
1946,7784,722,97,723,2,right+A,0.060507673770189285,0.2666611969470978,0.1371181458234787,0.46960392594337463,0.06610916554927826,1.3291711807250977,0.0,296.0,248,2,11,0,0,0,200,200,0
1947,7788,722,79,723,3,right+B,0.06062189117074013,0.26825669407844543,0.1362214833498001,0.4691491425037384,0.06575079262256622,1.328492522239685,0.0,296.0,249,2,11,0,0,0,200,200,0
1948,7792,722,79,723,3,right+B,0.059706784784793854,0.2643784284591675,0.13049043715000153,0.48338499665260315,0.06203936040401459,1.309593677520752,0.0,296.0,250,2,11,0,0,0,200,200,0
1949,7796,722,79,723,3,right+B,0.059467561542987823,0.2667451500892639,0.12770040333271027,0.4866924583911896,0.0593944750726223,1.301328420639038,0.0,296.0,251,2,11,0,0,0,200,200,0
1950,7800,722,79,723,3,right+B,0.0587642602622509,0.26580992341041565,0.12604336440563202,0.48993155360221863,0.059450890868902206,1.2971616983413696,-1.0,295.0,252,2,10,0,0,0,200,200,0
1951,7804,722,79,723,1,right,0.05961688607931137,0.2681148946285248,0.12766778469085693,0.4848538637161255,0.05974654480814934,1.303154468536377,0.0,295.0,253,2,10,0,0,0,200,200,0
1952,7808,722,79,723,3,right+B,0.060250576585531235,0.2684828042984009,0.13104930520057678,0.4794679284095764,0.06074927747249603,1.3112260103225708,0.0,295.0,254,2,10,0,0,0,200,200,0
1953,7812,722,93,723,4,right+A+B,0.06008114293217659,0.26796045899391174,0.1323743462562561,0.4788063168525696,0.060777708888053894,1.312341332435608,0.0,295.0,255,2,10,0,0,0,200,200,0
1954,7816,722,108,723,1,right,0.061156753450632095,0.27420926094055176,0.13870486617088318,0.4635520279407501,0.06237705424427986,1.329143762588501,0.0,295.0,256,2,10,0,0,0,200,200,0
1955,7820,722,112,723,3,right+B,0.05979026108980179,0.27375996112823486,0.13543668389320374,0.4701401889324188,0.060872841626405716,1.3190603256225586,-1.0,294.0,257,2,9,0,0,0,200,200,0
1956,7824,722,106,723,3,right+B,0.060034580528736115,0.27105745673179626,0.13851991295814514,0.46612244844436646,0.0642656534910202,1.3287168741226196,0.0,294.0,258,2,9,0,0,0,200,200,0
1957,7828,722,89,723,1,right,0.05950453504920006,0.27362820506095886,0.1356016844511032,0.46732401847839355,0.063941590487957,1.3247931003570557,0.0,294.0,259,2,9,0,0,0,200,200,0
1958,7832,722,79,723,3,right+B,0.059842150658369064,0.27272072434425354,0.137184739112854,0.46652674674987793,0.06372564285993576,1.32651948928833,0.0,294.0,260,2,9,0,0,0,200,200,0
1959,7836,722,79,723,3,right+B,0.05878540500998497,0.27064383029937744,0.13272282481193542,0.4763484597206116,0.06149941682815552,1.3131084442138672,0.0,294.0,261,2,9,0,0,0,200,200,0
1960,7840,722,93,723,4,right+A+B,0.05983702093362808,0.27376148104667664,0.13800306618213654,0.4660034477710724,0.06239493936300278,1.325401782989502,-1.0,293.0,262,2,8,0,0,0,200,200,0
1961,7844,722,109,723,2,right+A,0.0617443285882473,0.2764988839626312,0.1430574208498001,0.45242390036582947,0.06627542525529861,1.3442727327346802,0.0,293.0,263,2,8,0,0,0,200,200,0
1962,7848,722,121,723,3,right+B,0.06162651255726814,0.27785947918891907,0.14220145344734192,0.452441930770874,0.06587070226669312,1.342937707901001,0.0,293.0,264,2,8,0,0,0,200,200,0
1963,7852,722,122,723,1,right,0.062391072511672974,0.27614250779151917,0.15116293728351593,0.440921813249588,0.06938166171312332,1.3602362871170044,0.0,293.0,265,2,8,0,0,0,200,200,0
1964,7856,722,113,723,1,right,0.06144791096448898,0.2751055359840393,0.14722320437431335,0.44966959953308105,0.0665537491440773,1.348253846168518,0.0,293.0,266,2,8,0,0,0,200,200,0
1965,7860,722,94,723,3,right+B,0.060979146510362625,0.2717198431491852,0.14302405714988708,0.4591137170791626,0.0651632770895958,1.338115930557251,-1.0,292.0,267,2,7,0,0,0,200,200,0
1966,7864,722,79,723,3,right+B,0.06024059280753136,0.27278342843055725,0.14295195043087006,0.4600885212421417,0.06393555551767349,1.3346824645996094,0.0,292.0,268,2,7,0,0,0,200,200,0
1967,7868,722,93,723,2,right+A,0.06183651462197304,0.27492085099220276,0.14439193904399872,0.4541705548763275,0.06468012183904648,1.3421181440353394,0.0,292.0,269,2,7,0,0,0,200,200,0
1968,7872,722,108,723,3,right+B,0.061388418078422546,0.2766323387622833,0.14888177812099457,0.44712433218955994,0.06597314029932022,1.3496053218841553,0.0,292.0,270,2,7,0,0,0,200,200,0
1969,7876,722,112,723,3,right+B,0.06130534037947655,0.2741372585296631,0.15209545195102692,0.44505468010902405,0.06740729510784149,1.3544543981552124,0.0,292.0,271,2,7,0,0,0,200,200,0
1970,7880,722,106,723,3,right+B,0.0632084310054779,0.2750457525253296,0.16286510229110718,0.42712801694869995,0.07175274193286896,1.377525806427002,-1.0,291.0,272,2,6,0,0,0,200,200,0
1971,7884,722,89,723,3,right+B,0.061462704092264175,0.2736564874649048,0.15227092802524567,0.4447123408317566,0.06789752840995789,1.3556444644927979,0.0,291.0,273,2,6,0,0,0,200,200,0
1972,7888,722,79,723,3,right+B,0.06210609897971153,0.2749532163143158,0.15327627956867218,0.44135159254074097,0.06831283867359161,1.3593817949295044,0.0,291.0,274,2,6,0,0,0,200,200,0
1973,7892,722,79,723,3,right+B,0.06249718740582466,0.27471765875816345,0.15304997563362122,0.44207763671875,0.06765754520893097,1.358569860458374,0.0,291.0,275,2,6,0,0,0,200,200,0
1974,7896,722,93,723,2,right+A,0.061799850314855576,0.2752940058708191,0.15244629979133606,0.4441368877887726,0.06632296741008759,1.3543109893798828,0.0,291.0,276,2,6,0,0,0,200,200,0
1975,7900,722,109,723,2,right+A,0.060873016715049744,0.2754631042480469,0.14677594602108002,0.45118576288223267,0.06570220738649368,1.3451476097106934,-1.0,290.0,277,2,5,0,0,0,200,200,0
1976,7904,722,121,723,1,right,0.06224159151315689,0.2747099697589874,0.14550599455833435,0.45169320702552795,0.06584921479225159,1.3463521003723145,0.0,290.0,278,2,5,0,0,0,200,200,0
1977,7908,722,122,723,1,right,0.06267222762107849,0.27414172887802124,0.1527736335992813,0.4412441551685333,0.06916829943656921,1.3611624240875244,0.0,290.0,279,2,5,0,0,0,200,200,0
1978,7912,722,113,723,1,right,0.06170419603586197,0.2770547568798065,0.14786756038665771,0.44725531339645386,0.06611818075180054,1.3495923280715942,0.0,290.0,280,2,5,0,0,0,200,200,0
1979,7916,722,94,723,2,right+A,0.0613226555287838,0.2744898796081543,0.14593423902988434,0.4517500400543213,0.0665031298995018,1.346154808998108,0.0,290.0,281,2,5,0,0,0,200,200,0
1980,7920,722,79,723,3,right+B,0.05993096902966499,0.27407926321029663,0.14345474541187286,0.4587039053440094,0.06383110582828522,1.3351051807403564,-1.0,289.0,282,2,4,0,0,0,200,200,0
1981,7924,722,79,723,1,right,0.06078425794839859,0.2734558880329132,0.14219142496585846,0.4607022702693939,0.06286618858575821,1.3331252336502075,0.0,289.0,283,2,4,0,0,0,200,200,0
1982,7928,722,79,723,3,right+B,0.06003241240978241,0.27170756459236145,0.13957832753658295,0.4660871624946594,0.06259450316429138,1.327010989189148,0.0,289.0,284,2,4,0,0,0,200,200,0
1983,7932,722,79,723,3,right+B,0.060363128781318665,0.2735350430011749,0.14045536518096924,0.46254298090934753,0.06310351192951202,1.3307290077209473,0.0,289.0,285,2,4,0,0,0,200,200,0
1984,7936,722,79,723,1,right,0.060591891407966614,0.2749917805194855,0.14008885622024536,0.4613468050956726,0.06298069655895233,1.3312723636627197,0.0,289.0,286,2,4,0,0,0,200,200,0
1985,7940,722,79,723,1,right,0.06010564789175987,0.2732069492340088,0.13233034312725067,0.4732372760772705,0.061119843274354935,1.3160027265548706,-1.0,288.0,287,2,3,0,0,0,200,200,0
1986,7944,722,79,723,3,right+B,0.06035103276371956,0.27242761850357056,0.1321774423122406,0.47328391671180725,0.0617600679397583,1.3171913623809814,0.0,288.0,288,2,3,0,0,0,200,200,0
1987,7948,722,93,723,2,right+A,0.05974895507097244,0.2708436846733093,0.1349516659975052,0.4727762043476105,0.06167946010828018,1.3184142112731934,0.0,288.0,289,2,3,0,0,0,200,200,0
1988,7952,722,108,723,3,right+B,0.06036746874451637,0.27367711067199707,0.1400139033794403,0.4627167284488678,0.06322482973337173,1.3305273056030273,0.0,288.0,290,2,3,0,0,0,200,200,0
1989,7956,722,112,723,3,right+B,0.05970491096377373,0.27319952845573425,0.1364954560995102,0.46830621361732483,0.062293972820043564,1.3227792978286743,0.0,288.0,291,2,3,0,0,0,200,200,0
1990,7960,722,106,723,1,right,0.059965431690216064,0.27030929923057556,0.14000122249126434,0.46605822443962097,0.06366588175296783,1.3287668228149414,-1.0,287.0,292,2,2,0,0,0,200,200,0
1991,7964,722,89,723,3,right+B,0.059073615819215775,0.2688966393470764,0.13582731783390045,0.47319120168685913,0.06301122158765793,1.3197145462036133,0.0,287.0,293,2,2,0,0,0,200,200,0
1992,7968,722,79,723,1,right,0.05957702919840813,0.2708972692489624,0.13527154922485352,0.4719500243663788,0.06230420246720314,1.319757342338562,0.0,287.0,294,2,2,0,0,0,200,200,0
1993,7972,722,79,723,3,right+B,0.058729808777570724,0.2666633129119873,0.12760157883167267,0.4871652126312256,0.05984004959464073,1.300526738166809,0.0,287.0,295,2,2,0,0,0,200,200,0
1994,7976,722,79,723,1,right,0.05905725061893463,0.2664143145084381,0.12828759849071503,0.4869842827320099,0.05925661325454712,1.300759196281433,0.0,287.0,296,2,2,0,0,0,200,200,0
1995,7980,722,79,723,3,right+B,0.05853362753987312,0.2636755704879761,0.12449169903993607,0.4934076964855194,0.05989140272140503,1.2941571474075317,-1.0,286.0,297,2,1,0,0,0,200,200,0
1996,7984,722,79,723,1,right,0.05921939015388489,0.2639888823032379,0.1276291161775589,0.48840126395225525,0.06076136231422424,1.3018954992294312,0.0,286.0,298,2,1,0,0,0,200,200,0
1997,7988,722,93,723,2,right+A,0.05990191921591759,0.26544299721717834,0.12906445562839508,0.48472699522972107,0.06086363643407822,1.3063396215438843,0.0,286.0,299,2,1,0,0,0,200,200,0
1998,7992,722,108,723,3,right+B,0.060777101665735245,0.26891523599624634,0.13556665182113647,0.4710433781147003,0.06369752436876297,1.3242948055267334,0.0,286.0,300,2,1,0,0,0,200,200,0
1999,7996,722,112,723,1,right,0.0599726140499115,0.2683064639568329,0.13500088453292847,0.47314679622650146,0.06357326358556747,1.3213409185409546,0.0,286.0,301,2,1,0,0,0,200,200,0
2000,8000,722,106,723,3,right+B,0.06078912317752838,0.26634809374809265,0.13884377479553223,0.4690362215042114,0.06498271971940994,1.3294646739959717,-1.0,285.0,302,2,0,0,0,0,200,200,0
2001,8004,722,89,723,1,right,0.06053456664085388,0.2671542465686798,0.13885319232940674,0.4692021310329437,0.06425593793392181,1.327970027923584,0.0,285.0,303,2,0,0,0,0,200,200,0
2002,8008,722,79,723,3,right+B,0.060154322534799576,0.2667773962020874,0.13765929639339447,0.4728589653968811,0.06255000084638596,1.322089672088623,0.0,285.0,304,2,0,0,0,0,200,200,0
2003,8012,722,93,723,2,right+A,0.058823514729738235,0.2628880739212036,0.13016070425510406,0.4887107014656067,0.05941695347428322,1.3009346723556519,0.0,285.0,305,2,0,0,0,0,200,200,0
2004,8016,722,108,723,1,right,0.05999293178319931,0.2674206495285034,0.13657136261463165,0.47351399064064026,0.06250110268592834,1.3206781148910522,0.0,285.0,306,2,0,0,0,0,200,200,0
2005,8019,722,112,723,3,right+B,0.05934861674904823,0.26625970005989075,0.13324229419231415,0.4784279763698578,0.06272143870592117,1.3149179220199585,-15.0,270.0,307,2,0,0,1,0,200,200,0
