decision,raw_frames,x,y,max_x,action,action_name,prob_0,prob_1,prob_2,prob_3,prob_4,action_entropy_nats,native_reward,native_reward_sum,no_progress_decisions,life,game_time,flag_get,terminated,truncated,game_score,score_gain,coins
1,4,40,79,40,3,right+B,0.03565302491188049,0.21899856626987457,0.10238822549581528,0.6052387356758118,0.0377214178442955,1.1123393774032593,0.0,0.0,1,2,400,0,0,0,0,0,0
2,8,43,79,43,1,right,0.035570673644542694,0.21903777122497559,0.10225701332092285,0.605468213558197,0.037666384130716324,1.111759901046753,3.0,3.0,0,2,400,0,0,0,0,0,0
3,12,46,93,46,4,right+A+B,0.03556426987051964,0.21905864775180817,0.10242541134357452,0.6051942110061646,0.03775744140148163,1.1123149394989014,3.0,6.0,0,2,400,0,0,0,0,0,0
4,16,51,108,51,1,right,0.03617201745510101,0.22074145078659058,0.1049911305308342,0.5992797017097473,0.03881566971540451,1.1231539249420166,5.0,11.0,0,2,400,0,0,0,0,0,0
5,20,57,112,57,3,right+B,0.03586240112781525,0.22077903151512146,0.10517783463001251,0.5993354916572571,0.03884514421224594,1.1227266788482666,5.0,16.0,0,2,399,0,0,0,0,0,0
6,24,64,106,64,3,right+B,0.03566315397620201,0.21926920115947723,0.10408414900302887,0.6023209095001221,0.03866253048181534,1.11823570728302,7.0,23.0,0,2,399,0,0,0,0,0,0
7,28,71,89,71,3,right+B,0.0356513075530529,0.21918036043643951,0.1044665202498436,0.6020475029945374,0.038654278963804245,1.118760347366333,7.0,30.0,0,2,399,0,0,0,0,0,0
8,32,78,79,78,3,right+B,0.0355428010225296,0.22059282660484314,0.1046946570277214,0.6005841493606567,0.03858552128076553,1.1200847625732422,7.0,37.0,0,2,399,0,0,0,0,0,0
9,36,87,97,87,2,right+A,0.035940829664468765,0.22235390543937683,0.10535334050655365,0.597298264503479,0.03905367851257324,1.125386357307434,9.0,46.0,0,2,399,0,0,0,0,0,0
10,40,98,115,98,3,right+B,0.03917614370584488,0.23863045871257782,0.12241227179765701,0.5546963810920715,0.04508477449417114,1.192576289176941,10.0,56.0,0,2,398,0,0,0,0,0,0
11,44,110,121,110,2,right+A,0.050113845616579056,0.2715182602405548,0.19986410439014435,0.405313104391098,0.07319074869155884,1.3832110166549683,12.0,68.0,0,2,398,0,0,0,0,0,0
12,48,122,114,122,4,right+A+B,0.05208680406212807,0.2762235999107361,0.29158297181129456,0.2665936350822449,0.11351297795772552,1.4680685997009277,12.0,80.0,0,2,398,0,0,0,0,0,0
13,52,134,94,134,1,right,0.04874705523252487,0.28703072667121887,0.32405683398246765,0.2096855193376541,0.13047988712787628,1.4639778137207031,12.0,92.0,0,2,398,0,0,0,0,0,0
14,56,145,79,145,1,right,0.044944945722818375,0.3602053225040436,0.19332881271839142,0.3162246346473694,0.08529623597860336,1.3989790678024292,11.0,103.0,0,2,398,0,0,0,0,0,0
15,60,152,79,152,1,right,0.03980235755443573,0.35063108801841736,0.1356222927570343,0.41235455870628357,0.061589695513248444,1.3037017583847046,6.0,109.0,0,2,397,0,0,0,0,0,0
16,64,159,79,159,1,right,0.03537937253713608,0.34394341707229614,0.0881134495139122,0.4893065094947815,0.043257273733615875,1.184939980506897,7.0,116.0,0,2,397,0,0,0,0,0,0
17,68,166,79,166,1,right,0.03197871521115303,0.3122546374797821,0.0608624629676342,0.5524238348007202,0.04248041659593582,1.1059132814407349,7.0,123.0,0,2,397,0,0,0,0,0,0
18,72,173,79,173,3,right+B,0.029240787029266357,0.29070180654525757,0.043508853763341904,0.600816547870636,0.035732027143239975,1.0239689350128174,7.0,130.0,0,2,397,0,0,0,0,0,0
19,76,181,79,181,0,NOOP,0.030796505510807037,0.284751832485199,0.043495431542396545,0.5990214943885803,0.0419347770512104,1.0412079095840454,8.0,138.0,0,2,397,0,0,0,0,0,0
20,80,189,79,189,3,right+B,0.032353922724723816,0.29264041781425476,0.04520632326602936,0.5800224542617798,0.049776945263147354,1.0758614540100098,7.0,145.0,0,2,396,0,0,0,0,0,0
21,84,199,79,199,1,right,0.04319198802113533,0.2943280339241028,0.0712675228714943,0.5130266547203064,0.07818574458360672,1.225611925125122,10.0,155.0,0,2,396,0,0,0,0,0,0
22,88,210,97,210,4,right+A+B,0.048251066356897354,0.26827627420425415,0.1965697556734085,0.29671764373779297,0.19018518924713135,1.4951794147491455,11.0,166.0,0,2,396,0,0,0,0,0,0
23,92,222,115,222,1,right,0.02815215289592743,0.12509119510650635,0.45565515756607056,0.10335169732570648,0.287749707698822,1.3116974830627441,12.0,178.0,0,2,396,0,0,0,0,0,0
24,96,234,121,234,2,right+A,0.006348212715238333,0.019786372780799866,0.6810060739517212,0.0073476615361869335,0.28551170229911804,0.7653510570526123,12.0,190.0,0,2,396,0,0,0,0,0,0
25,100,246,114,246,4,right+A+B,0.005781879648566246,0.016370858997106552,0.6903110146522522,0.0037938926834613085,0.2837422490119934,0.7315288782119751,11.0,201.0,0,2,395,0,0,0,0,0,0
26,104,258,94,258,2,right+A,0.02305951714515686,0.09360141307115555,0.5361620187759399,0.054131414741277695,0.2930455505847931,1.1603991985321045,12.0,213.0,0,2,395,0,0,0,0,0,0
27,108,270,79,270,3,right+B,0.043766919523477554,0.2427133023738861,0.2835966646671295,0.26099440455436707,0.16892874240875244,1.488966941833496,12.0,225.0,0,2,395,0,0,0,0,0,0
28,112,282,79,282,3,right+B,0.037042513489723206,0.2754710614681244,0.14084728062152863,0.47206318378448486,0.07457592338323593,1.3012548685073853,12.0,237.0,0,2,395,0,0,0,0,0,0
29,116,294,97,294,2,right+A,0.049064408987760544,0.29437437653541565,0.1913517564535141,0.36244234442710876,0.10276705771684647,1.4259929656982422,12.0,249.0,0,2,395,0,0,0,0,0,0
30,120,306,115,306,1,right,0.04588741436600685,0.14742505550384521,0.4984850287437439,0.07050075381994247,0.2377016842365265,1.2991693019866943,11.0,260.0,0,2,394,0,0,0,0,0,0
31,124,311,117,311,1,right,0.06132972612977028,0.2314893901348114,0.342624694108963,0.19968737661838531,0.16486874222755432,1.4958035945892334,5.0,265.0,0,2,394,0,0,0,0,0,0
32,128,312,102,312,1,right,0.04693735018372536,0.249943345785141,0.13291291892528534,0.5147404670715332,0.055465854704380035,1.2605985403060913,1.0,266.0,0,2,394,0,0,0,0,0,0
33,132,315,82,315,3,right+B,0.042995575815439224,0.2319766730070114,0.09384910017251968,0.5956200361251831,0.0355585515499115,1.1235567331314087,3.0,269.0,0,2,394,0,0,0,0,0,0
34,136,320,93,320,3,right+B,0.027233866974711418,0.18375460803508759,0.05115275830030441,0.7219129204750061,0.01594574563205242,0.8627426028251648,5.0,274.0,0,2,394,0,0,0,0,0,0
35,140,325,91,325,0,NOOP,0.024533739313483238,0.1726924329996109,0.04113677889108658,0.7484062910079956,0.013230712153017521,0.7996358871459961,5.0,279.0,0,2,393,0,0,0,100,100,0
36,144,331,79,331,3,right+B,0.025074247270822525,0.18301892280578613,0.05317428708076477,0.7236307263374329,0.015101847238838673,0.8566379547119141,6.0,285.0,0,2,393,0,0,0,100,100,0
37,148,338,79,338,1,right,0.023172788321971893,0.18038241565227509,0.060529012233018875,0.7221282124519348,0.013787555508315563,0.8600952625274658,7.0,292.0,0,2,393,0,0,0,100,100,0
38,152,348,79,348,3,right+B,0.02324075810611248,0.19110190868377686,0.07473194599151611,0.6961090564727783,0.01481624599546194,0.9121065139770508,10.0,302.0,0,2,393,0,0,0,100,100,0
39,156,359,79,359,3,right+B,0.030367810279130936,0.22802868485450745,0.13409475982189178,0.5840970277786255,0.02341170608997345,1.114593744277954,11.0,313.0,0,2,393,0,0,0,100,100,0
40,160,371,79,371,3,right+B,0.032556287944316864,0.21376575529575348,0.14254966378211975,0.5843932032585144,0.026735128834843636,1.1297616958618164,11.0,324.0,0,2,392,0,0,0,100,100,0
41,164,383,79,383,1,right,0.03529063239693642,0.20700567960739136,0.13870736956596375,0.5880874991416931,0.03090887889266014,1.1377184391021729,12.0,336.0,0,2,392,0,0,0,100,100,0
42,168,395,79,395,1,right,0.042328447103500366,0.23380886018276215,0.26828598976135254,0.40733471512794495,0.048241954296827316,1.3387045860290527,12.0,348.0,0,2,392,0,0,0,100,100,0
43,172,407,97,407,2,right+A,0.03445896878838539,0.1697288602590561,0.6076995134353638,0.1068321242928505,0.08128052949905396,1.1626918315887451,12.0,360.0,0,2,392,0,0,0,100,100,0
44,176,419,117,419,2,right+A,0.01473559532314539,0.07668609172105789,0.7860826849937439,0.016342878341674805,0.10615277290344238,0.7536061406135559,12.0,372.0,0,2,392,0,0,0,100,100,0
45,180,431,133,431,2,right+A,0.0340660959482193,0.1931111216545105,0.5536198616027832,0.07903743535280228,0.14016538858413696,1.236035943031311,11.0,383.0,0,2,391,0,0,0,100,100,0
46,184,443,145,443,1,right,0.047411851584911346,0.3257339894771576,0.2749680280685425,0.23412838578224182,0.11775773763656616,1.4567582607269287,12.0,395.0,0,2,391,0,0,0,100,100,0
47,188,455,144,455,1,right,0.04144469276070595,0.3737907409667969,0.15547193586826324,0.35935524106025696,0.06993742287158966,1.3429696559906006,12.0,407.0,0,2,391,0,0,0,100,100,0
48,192,467,129,467,1,right,0.029424263164401054,0.34889546036720276,0.09354355186223984,0.49371129274368286,0.03442547097802162,1.1572058200836182,12.0,419.0,0,2,391,0,0,0,100,100,0
49,196,479,109,479,3,right+B,0.019001247361302376,0.3206629753112793,0.05213521793484688,0.5942707657814026,0.013929768465459347,0.9628227949142456,12.0,431.0,0,2,391,0,0,0,100,100,0
50,200,491,89,491,1,right,0.015548892319202423,0.30092310905456543,0.03389889374375343,0.6409777402877808,0.00865139625966549,0.867023229598999,11.0,442.0,0,2,390,0,0,0,100,100,0
51,204,503,79,503,3,right+B,0.014212803915143013,0.3047883212566376,0.02539702132344246,0.6487491130828857,0.006852760445326567,0.8307404518127441,12.0,454.0,0,2,390,0,0,0,100,100,0
52,208,515,97,515,2,right+A,0.013016251847147942,0.27317753434181213,0.02355152927339077,0.6831246018409729,0.007130126003175974,0.7948505282402039,12.0,466.0,0,2,390,0,0,0,100,100,0
53,212,527,117,527,2,right+A,0.029232876375317574,0.38580942153930664,0.09739184379577637,0.4446192681789398,0.04294652119278908,1.1931076049804688,12.0,478.0,0,2,390,0,0,0,100,100,0
54,216,539,132,539,3,right+B,0.030374936759471893,0.2807251811027527,0.2878699004650116,0.20228160917758942,0.19874846935272217,1.4656169414520264,12.0,490.0,0,2,390,0,0,0,100,100,0
55,220,551,134,551,4,right+A+B,0.023716939613223076,0.1487380713224411,0.35334157943725586,0.09447649866342545,0.3797268867492676,1.3303563594818115,11.0,501.0,0,2,389,0,0,0,100,100,0
56,224,563,123,563,4,right+A+B,0.025623301044106483,0.141516774892807,0.3525224030017853,0.11627084016799927,0.36406663060188293,1.3562123775482178,12.0,513.0,0,2,389,0,0,0,100,100,0
57,228,575,104,575,1,right,0.03351236879825592,0.24567550420761108,0.09448999166488647,0.5165747404098511,0.10974738001823425,1.2653053998947144,12.0,525.0,0,2,389,0,0,0,100,100,0
58,232,587,84,587,1,right,0.03711351752281189,0.26079434156417847,0.07917844504117966,0.5451134443283081,0.07780026644468307,1.2029829025268555,12.0,537.0,0,2,389,0,0,0,100,100,0
59,236,594,79,594,1,right,0.04174959287047386,0.2575293183326721,0.06798286736011505,0.5703456997871399,0.06239258870482445,1.1580939292907715,7.0,544.0,0,2,389,0,0,0,100,100,0
60,240,594,79,594,3,right+B,0.03734296187758446,0.22659355401992798,0.05917995795607567,0.6357638239860535,0.041119758039712906,1.0456608533859253,-1.0,543.0,1,2,388,0,0,0,100,100,0
61,244,594,79,594,3,right+B,0.03060445934534073,0.19400271773338318,0.04691804200410843,0.7017749547958374,0.026699857786297798,0.9136508703231812,0.0,543.0,2,2,388,0,0,0,100,100,0
62,248,594,79,594,3,right+B,0.02940312586724758,0.19584855437278748,0.05224187299609184,0.700243353843689,0.022263042628765106,0.9114429354667664,0.0,543.0,3,2,388,0,0,0,100,100,0
63,252,594,79,594,3,right+B,0.02568388730287552,0.1779496818780899,0.04649517312645912,0.7321575880050659,0.01771361753344536,0.8436076641082764,0.0,543.0,4,2,388,0,0,0,100,100,0
64,256,594,79,594,3,right+B,0.02593872882425785,0.18291297554969788,0.04783249646425247,0.7247427105903625,0.018573053181171417,0.8582199811935425,0.0,543.0,5,2,388,0,0,0,100,100,0
65,260,594,79,594,3,right+B,0.02606562152504921,0.18299096822738647,0.04728997126221657,0.7250235080718994,0.01862999238073826,0.8574804067611694,-1.0,542.0,6,2,387,0,0,0,100,100,0
66,264,594,79,594,3,right+B,0.026355423033237457,0.18294480443000793,0.0472322441637516,0.7245301008224487,0.018937524408102036,0.8593446016311646,0.0,542.0,7,2,387,0,0,0,100,100,0
67,268,594,79,594,3,right+B,0.02563202567398548,0.179982990026474,0.04528554528951645,0.730933666229248,0.018165813758969307,0.8446242809295654,0.0,542.0,8,2,387,0,0,0,100,100,0
68,272,594,79,594,3,right+B,0.025662897154688835,0.18098331987857819,0.045161016285419464,0.7301334142684937,0.018059268593788147,0.8453858494758606,0.0,542.0,9,2,387,0,0,0,100,100,0
69,276,594,79,594,3,right+B,0.025724155828356743,0.18003219366073608,0.04526999220252037,0.7309229373931885,0.01805070973932743,0.8445327877998352,0.0,542.0,10,2,387,0,0,0,100,100,0
70,280,594,79,594,3,right+B,0.025546036660671234,0.17842042446136475,0.04552800953388214,0.7325093746185303,0.017996177077293396,0.8421837091445923,-1.0,541.0,11,2,386,0,0,0,100,100,0
71,284,594,79,594,3,right+B,0.025172345340251923,0.17842356860637665,0.045238032937049866,0.7330710887908936,0.018094953149557114,0.8404903411865234,0.0,541.0,12,2,386,0,0,0,100,100,0
72,288,594,93,594,4,right+A+B,0.024661874398589134,0.17670290172100067,0.044029802083969116,0.7368936538696289,0.01771182008087635,0.8315105438232422,0.0,541.0,13,2,386,0,0,0,100,100,0
73,292,594,108,594,3,right+B,0.024875883013010025,0.17743167281150818,0.04413231089711189,0.7357523441314697,0.017807817086577415,0.8339211940765381,0.0,541.0,14,2,386,0,0,0,100,100,0
74,296,594,112,594,3,right+B,0.024658091366291046,0.176080584526062,0.04341583326458931,0.7381172180175781,0.017728308215737343,0.8289343118667603,0.0,541.0,15,2,386,0,0,0,100,100,0
75,300,594,106,594,3,right+B,0.023586468771100044,0.16884072124958038,0.04160450026392937,0.7488346099853516,0.01713370904326439,0.8072664141654968,-1.0,540.0,16,2,385,0,0,0,100,100,0
76,304,594,89,594,3,right+B,0.023154422640800476,0.16759628057479858,0.04144889488816261,0.7506359815597534,0.017164437100291252,0.8035738468170166,0.0,540.0,17,2,385,0,0,0,100,100,0
77,308,594,79,594,1,right,0.023803388699889183,0.17049798369407654,0.04187624901533127,0.7467060685157776,0.017116332426667213,0.8111917972564697,0.0,540.0,18,2,385,0,0,0,100,100,0
78,312,594,79,594,1,right,0.023255018517374992,0.16699407994747162,0.04078544303774834,0.7521900534629822,0.01677534729242325,0.7996165156364441,0.0,540.0,19,2,385,0,0,0,100,100,0
79,316,594,79,594,3,right+B,0.02357008494436741,0.1684165745973587,0.04180031642317772,0.7493444681167603,0.016868548467755318,0.8061389923095703,0.0,540.0,20,2,385,0,0,0,100,100,0
80,320,594,79,594,3,right+B,0.023136120289564133,0.16658976674079895,0.040770262479782104,0.7528261542320251,0.016677692532539368,0.7981777787208557,-1.0,539.0,21,2,384,0,0,0,100,100,0
81,324,594,79,594,3,right+B,0.023069698363542557,0.16688628494739532,0.04029349982738495,0.7533926963806152,0.01635782979428768,0.7957782745361328,0.0,539.0,22,2,384,0,0,0,100,100,0
82,328,594,79,594,3,right+B,0.02355937659740448,0.16940315067768097,0.04141324758529663,0.7490357756614685,0.01658850535750389,0.8053878545761108,0.0,539.0,23,2,384,0,0,0,100,100,0
83,332,594,79,594,3,right+B,0.02356981486082077,0.169530987739563,0.041576772928237915,0.7486831545829773,0.016639206558465958,0.8062801361083984,0.0,539.0,24,2,384,0,0,0,100,100,0
84,336,594,79,594,3,right+B,0.02305828034877777,0.16707748174667358,0.04054129868745804,0.7530883550643921,0.016234641894698143,0.7962791323661804,0.0,539.0,25,2,384,0,0,0,100,100,0
85,340,594,79,594,3,right+B,0.022896170616149902,0.16653136909008026,0.04000594839453697,0.7544147968292236,0.01615171507000923,0.7930029630661011,-1.0,538.0,26,2,383,0,0,0,100,100,0
86,344,594,79,594,3,right+B,0.022727172821760178,0.1654994934797287,0.03963502123951912,0.7561227679252625,0.016015613451600075,0.7892329692840576,0.0,538.0,27,2,383,0,0,0,100,100,0
87,348,594,79,594,3,right+B,0.022940896451473236,0.16632957756519318,0.040222249925136566,0.7540913820266724,0.016415929421782494,0.7945024371147156,0.0,538.0,28,2,383,0,0,0,100,100,0
88,352,594,93,594,2,right+A,0.02339402213692665,0.16834977269172668,0.040530093014240265,0.7510314583778381,0.0166946891695261,0.8010814189910889,0.0,538.0,29,2,383,0,0,0,100,100,0
89,356,594,108,594,3,right+B,0.023963088169693947,0.1710743010044098,0.042349256575107574,0.7452282905578613,0.01738511212170124,0.8149629831314087,0.0,538.0,30,2,383,0,0,0,100,100,0
90,360,594,112,594,1,right,0.02463870495557785,0.175473153591156,0.04336250573396683,0.7387198209762573,0.017805876210331917,0.8281344771385193,-1.0,537.0,31,2,382,0,0,0,100,100,0
91,364,594,106,594,3,right+B,0.024815885350108147,0.17591288685798645,0.04313549026846886,0.7384504079818726,0.017685431987047195,0.8282744884490967,0.0,537.0,32,2,382,0,0,0,100,100,0
92,368,594,89,594,3,right+B,0.02506563812494278,0.1772308349609375,0.04463910311460495,0.7347700595855713,0.01829441264271736,0.8375041484832764,0.0,537.0,33,2,382,0,0,0,100,100,0
93,372,594,79,594,3,right+B,0.026356009766459465,0.18214382231235504,0.04712805524468422,0.7254425883293152,0.018929552286863327,0.8579281568527222,0.0,537.0,34,2,382,0,0,0,100,100,0
94,376,594,79,594,3,right+B,0.0274954903870821,0.18665334582328796,0.04894288629293442,0.7172304391860962,0.019677890464663506,0.8754523992538452,0.0,537.0,35,2,382,0,0,0,100,100,0
95,380,594,79,594,3,right+B,0.02653089538216591,0.1826080083847046,0.047009244561195374,0.7252745628356934,0.01857732981443405,0.8575356006622314,-1.0,536.0,36,2,381,0,0,0,100,100,0
96,384,594,79,594,3,right+B,0.026045406237244606,0.179857537150383,0.045963142067193985,0.7298614382743835,0.01827249489724636,0.8481027483940125,0.0,536.0,37,2,381,0,0,0,100,100,0
97,388,594,79,594,3,right+B,0.026065584272146225,0.18132762610912323,0.046232566237449646,0.728035569190979,0.018338624387979507,0.8512088060379028,0.0,536.0,38,2,381,0,0,0,100,100,0
98,392,594,93,594,2,right+A,0.02666381374001503,0.18281647562980652,0.047930508852005005,0.7235686779022217,0.01902053691446781,0.8623911738395691,0.0,536.0,39,2,381,0,0,0,100,100,0
99,396,594,108,594,0,NOOP,0.0279220100492239,0.18993528187274933,0.05109226331114769,0.7108758687973022,0.020174600183963776,0.8887051343917847,0.0,536.0,40,2,381,0,0,0,100,100,0
100,400,594,112,594,0,NOOP,0.027116745710372925,0.18741968274116516,0.04864899069070816,0.7173733711242676,0.01944117061793804,0.873602032661438,-1.0,535.0,41,2,380,0,0,0,100,100,0
101,404,594,106,594,3,right+B,0.027247823774814606,0.1869630366563797,0.04913231357932091,0.7169832587242126,0.019673598930239677,0.8755529522895813,0.0,535.0,42,2,380,0,0,0,100,100,0
102,408,594,89,594,3,right+B,0.02553354576230049,0.18146362900733948,0.04794680327177048,0.7260057926177979,0.019050220027565956,0.8569180965423584,0.0,535.0,43,2,380,0,0,0,100,100,0
103,412,594,79,594,1,right,0.02744409069418907,0.193661168217659,0.052266839891672134,0.7061877846717834,0.020440051332116127,0.8960423469543457,0.0,535.0,44,2,380,0,0,0,100,100,0
104,416,594,79,594,3,right+B,0.026262210682034492,0.18869775533676147,0.04988666623830795,0.7156946659088135,0.01945866085588932,0.8758764266967773,0.0,535.0,45,2,380,0,0,0,100,100,0
105,420,594,79,594,1,right,0.026919730007648468,0.19000472128391266,0.05118178576231003,0.712293267250061,0.01960044540464878,0.8837148547172546,-1.0,534.0,46,2,379,0,0,0,100,100,0
106,424,594,79,594,3,right+B,0.025776399299502373,0.18498660624027252,0.04820091277360916,0.7222974896430969,0.01873852126300335,0.8621234893798828,0.0,534.0,47,2,379,0,0,0,100,100,0
107,428,594,79,594,3,right+B,0.02416663058102131,0.17754580080509186,0.04440890997648239,0.7365965247154236,0.017282143235206604,0.8304840922355652,0.0,534.0,48,2,379,0,0,0,100,100,0
108,432,594,79,594,3,right+B,0.024822967126965523,0.17955125868320465,0.044862885028123856,0.7329866290092468,0.017776355147361755,0.8386714458465576,0.0,534.0,49,2,379,0,0,0,100,100,0
109,436,594,79,594,3,right+B,0.024868497624993324,0.17934632301330566,0.04468303918838501,0.7333303093910217,0.017771825194358826,0.8380173444747925,0.0,534.0,50,2,379,0,0,0,100,100,0
110,440,594,79,594,1,right,0.025130385532975197,0.17907167971134186,0.04453221708536148,0.7336004376411438,0.017665280029177666,0.8376964330673218,-1.0,533.0,51,2,378,0,0,0,100,100,0
111,444,594,79,594,1,right,0.024434061720967293,0.17613761126995087,0.0431835800409317,0.7391105890274048,0.017134133726358414,0.8253685235977173,0.0,533.0,52,2,378,0,0,0,100,100,0
112,448,594,79,594,3,right+B,0.024979835376143456,0.17866072058677673,0.044697027653455734,0.7339625954627991,0.017699848860502243,0.8371981382369995,0.0,533.0,53,2,378,0,0,0,100,100,0
113,452,594,79,594,3,right+B,0.027991333976387978,0.1922774463891983,0.05102396011352539,0.7082040309906006,0.020503226667642593,0.8929893970489502,0.0,533.0,54,2,378,0,0,0,100,100,0
114,456,594,79,594,3,right+B,0.027818432077765465,0.19121991097927094,0.04961816221475601,0.7114524841308594,0.019890964031219482,0.8851456642150879,0.0,533.0,55,2,378,0,0,0,100,100,0
115,460,594,79,594,1,right,0.026022428646683693,0.18352262675762177,0.04594021290540695,0.7261983156204224,0.01831636019051075,0.8532116413116455,-1.0,532.0,56,2,377,0,0,0,100,100,0
116,464,594,79,594,3,right+B,0.025618968531489372,0.1808902472257614,0.04509175196290016,0.7304325699806213,0.01796646974980831,0.8445724844932556,0.0,532.0,57,2,377,0,0,0,100,100,0
117,468,594,79,594,1,right,0.026266971603035927,0.18297933042049408,0.04662083461880684,0.7256696224212646,0.018463237211108208,0.855690062046051,0.0,532.0,58,2,377,0,0,0,100,100,0
118,472,594,79,594,3,right+B,0.025750257074832916,0.1827104240655899,0.04580949246883392,0.7277207970619202,0.018009036779403687,0.8496890664100647,0.0,532.0,59,2,377,0,0,0,100,100,0
119,476,594,79,594,3,right+B,0.026305653154850006,0.18647505342960358,0.04660487547516823,0.7221561670303345,0.018458237871527672,0.8605307340621948,0.0,532.0,60,2,377,0,0,0,100,100,0
120,480,594,79,594,3,right+B,0.0247044637799263,0.17843736708164215,0.04375766962766647,0.7358250617980957,0.017275476828217506,0.8317229747772217,-1.0,531.0,61,2,376,0,0,0,100,100,0
121,484,594,93,594,2,right+A,0.024149026721715927,0.1748049110174179,0.042945247143507004,0.7411097288131714,0.016991043463349342,0.8212590217590332,0.0,531.0,62,2,376,0,0,0,100,100,0
122,488,594,108,594,3,right+B,0.026306884363293648,0.18614551424980164,0.04839157685637474,0.7203046083450317,0.018851393833756447,0.8663861751556396,0.0,531.0,63,2,376,0,0,0,100,100,0
123,492,594,112,594,3,right+B,0.027498746290802956,0.1938341110944748,0.05092422664165497,0.7079979777336121,0.019745003432035446,0.8904542326927185,0.0,531.0,64,2,376,0,0,0,100,100,0
124,496,594,106,594,3,right+B,0.02775469608604908,0.19361619651317596,0.05148327723145485,0.7071367502212524,0.020009055733680725,0.8934134244918823,0.0,531.0,65,2,376,0,0,0,100,100,0
125,500,594,89,594,1,right,0.027162758633494377,0.18991826474666595,0.051768165081739426,0.7112090587615967,0.0199417844414711,0.8871587514877319,-1.0,530.0,66,2,375,0,0,0,100,100,0
126,504,594,79,594,3,right+B,0.028447914868593216,0.19341541826725006,0.05372000113129616,0.703676164150238,0.020740527659654617,0.9037874937057495,0.0,530.0,67,2,375,0,0,0,100,100,0
127,508,594,79,594,3,right+B,0.02807060442864895,0.19092899560928345,0.05246604233980179,0.7081837058067322,0.020350711420178413,0.8947147130966187,0.0,530.0,68,2,375,0,0,0,100,100,0
128,512,594,79,594,3,right+B,0.026544533669948578,0.18406422436237335,0.049211617559194565,0.7214106321334839,0.018769068643450737,0.8662502765655518,0.0,530.0,69,2,375,0,0,0,100,100,0
129,516,594,79,594,3,right+B,0.026653829962015152,0.1848096400499344,0.048656102269887924,0.7209956049919128,0.018884869292378426,0.866554856300354,0.0,530.0,70,2,375,0,0,0,100,100,0
130,520,594,79,594,3,right+B,0.026568375527858734,0.18373450636863708,0.047660429030656815,0.7233689427375793,0.018667755648493767,0.8613158464431763,-1.0,529.0,71,2,374,0,0,0,100,100,0
131,524,594,79,594,1,right,0.026131054386496544,0.18193171918392181,0.04653739556670189,0.7271539568901062,0.018245894461870193,0.8527625203132629,0.0,529.0,72,2,374,0,0,0,100,100,0
132,528,594,79,594,3,right+B,0.02574232406914234,0.1810455620288849,0.04559360072016716,0.7296903729438782,0.01792808808386326,0.8464543223381042,0.0,529.0,73,2,374,0,0,0,100,100,0
133,532,594,79,594,3,right+B,0.025746459141373634,0.18148286640644073,0.04538621008396149,0.7295087575912476,0.017875751480460167,0.8463075160980225,0.0,529.0,74,2,374,0,0,0,100,100,0
134,536,594,79,594,3,right+B,0.025289179757237434,0.1774488389492035,0.04459914192557335,0.7350298762321472,0.017632953822612762,0.8360012769699097,0.0,529.0,75,2,374,0,0,0,100,100,0
135,540,594,79,594,1,right,0.025782108306884766,0.17988762259483337,0.04597621038556099,0.7299330234527588,0.01842101290822029,0.8478490114212036,-1.0,528.0,76,2,373,0,0,0,100,100,0
136,544,594,79,594,3,right+B,0.025090614333748817,0.17857356369495392,0.04452759027481079,0.7336642742156982,0.018143944442272186,0.8386232852935791,0.0,528.0,77,2,373,0,0,0,100,100,0
137,548,594,79,594,1,right,0.025403888896107674,0.1790468543767929,0.0443938709795475,0.7330055236816406,0.018149850890040398,0.8399935364723206,0.0,528.0,78,2,373,0,0,0,100,100,0
138,552,594,93,594,4,right+A+B,0.024819405749440193,0.1750383824110031,0.04322967678308487,0.7391974925994873,0.017715001478791237,0.8274069428443909,0.0,528.0,79,2,373,0,0,0,100,100,0
139,556,594,108,594,3,right+B,0.024731773883104324,0.17438827455043793,0.043861377984285355,0.739001989364624,0.018016615882515907,0.8290833234786987,0.0,528.0,80,2,373,0,0,0,100,100,0
140,560,594,112,594,3,right+B,0.024431830272078514,0.1738923043012619,0.043073609471321106,0.7408470511436462,0.017755165696144104,0.8241385221481323,-1.0,527.0,81,2,372,0,0,0,100,100,0
141,564,594,106,594,2,right+A,0.023284589871764183,0.16774845123291016,0.04034176096320152,0.752188503742218,0.016436660662293434,0.7982659935951233,0.0,527.0,82,2,372,0,0,0,100,100,0
142,568,594,89,594,3,right+B,0.023273881524801254,0.16813477873802185,0.041237201541662216,0.7506568431854248,0.016697321087121964,0.8024106025695801,0.0,527.0,83,2,372,0,0,0,100,100,0
143,572,594,79,594,3,right+B,0.02416178211569786,0.1713760495185852,0.04272451251745224,0.7447435259819031,0.01699412241578102,0.8156894445419312,0.0,527.0,84,2,372,0,0,0,100,100,0
144,576,594,79,594,3,right+B,0.02314920723438263,0.1663966327905655,0.040711209177970886,0.7533740997314453,0.016368817538022995,0.7965798377990723,0.0,527.0,85,2,372,0,0,0,100,100,0
145,580,594,79,594,3,right+B,0.023053651675581932,0.16678348183631897,0.04068682715296745,0.7533270716667175,0.0161490049213171,0.7959162592887878,-1.0,526.0,86,2,371,0,0,0,100,100,0
146,584,594,79,594,3,right+B,0.023181650787591934,0.16721640527248383,0.04068807139992714,0.7525614500045776,0.01635248214006424,0.797798216342926,0.0,526.0,87,2,371,0,0,0,100,100,0
147,588,594,79,594,3,right+B,0.02359907329082489,0.1691218912601471,0.04105248302221298,0.7497022151947021,0.016524262726306915,0.803815484046936,0.0,526.0,88,2,371,0,0,0,100,100,0
148,592,594,79,594,3,right+B,0.02365030348300934,0.16890378296375275,0.04124368354678154,0.749576985836029,0.016625305637717247,0.8046079874038696,0.0,526.0,89,2,371,0,0,0,100,100,0
149,596,594,79,594,3,right+B,0.023811152204871178,0.1694389432668686,0.04159630089998245,0.7483165860176086,0.016836998984217644,0.807784914970398,0.0,526.0,90,2,371,0,0,0,100,100,0
150,600,594,79,594,3,right+B,0.023513272404670715,0.1686602234840393,0.04082382470369339,0.7505624294281006,0.016440220177173615,0.8018444776535034,-1.0,525.0,91,2,370,0,0,0,100,100,0
151,604,594,79,594,3,right+B,0.023228101432323456,0.1668095588684082,0.04022097587585449,0.7534072399139404,0.016334082931280136,0.7959111332893372,0.0,525.0,92,2,370,0,0,0,100,100,0
152,608,594,79,594,3,right+B,0.02391701564192772,0.16982395946979523,0.041555095463991165,0.7478219866752625,0.016881905496120453,0.808772087097168,0.0,525.0,93,2,370,0,0,0,100,100,0
153,612,594,79,594,0,NOOP,0.024464813992381096,0.17253009974956512,0.042751494795084,0.7428573369979858,0.017396271228790283,0.8200081586837769,0.0,525.0,94,2,370,0,0,0,100,100,0
154,616,594,79,594,3,right+B,0.024280359968543053,0.17207399010658264,0.04218478500843048,0.7444445490837097,0.017016250640153885,0.8156571388244629,0.0,525.0,95,2,370,0,0,0,100,100,0
155,620,594,79,594,1,right,0.02521510422229767,0.1770549714565277,0.043673694133758545,0.7364442348480225,0.017611978575587273,0.8325088024139404,-1.0,524.0,96,2,369,0,0,0,100,100,0
156,624,594,79,594,3,right+B,0.025289911776781082,0.17728440463542938,0.04427158460021019,0.7353496551513672,0.017804402858018875,0.8354893922805786,0.0,524.0,97,2,369,0,0,0,100,100,0
157,628,594,79,594,3,right+B,0.025269342586398125,0.1777641475200653,0.04449067264795303,0.7345758676528931,0.017900047823786736,0.8370724320411682,0.0,524.0,98,2,369,0,0,0,100,100,0
158,632,594,79,594,3,right+B,0.027068857103586197,0.18564629554748535,0.0476820133626461,0.7203600406646729,0.019242778420448303,0.867721438407898,0.0,524.0,99,2,369,0,0,0,100,100,0
159,636,594,79,594,3,right+B,0.026605162769556046,0.1827259510755539,0.047006212174892426,0.7247825860977173,0.018880082294344902,0.8590423464775085,0.0,524.0,100,2,369,0,0,0,100,100,0
160,640,594,93,594,2,right+A,0.026499947533011436,0.18178653717041016,0.046155624091625214,0.7269107699394226,0.018647095188498497,0.8542088270187378,-1.0,523.0,101,2,368,0,0,0,100,100,0
161,644,594,108,594,3,right+B,0.026391539722681046,0.18326598405838013,0.04681389406323433,0.7247857451438904,0.018742823973298073,0.8580512404441833,0.0,523.0,102,2,368,0,0,0,100,100,0
162,648,594,112,594,1,right,0.026484668254852295,0.18363530933856964,0.0477292463183403,0.7230634689331055,0.019087227061390877,0.8626194596290588,0.0,523.0,103,2,368,0,0,0,100,100,0
163,652,594,106,594,1,right,0.027804173529148102,0.18834878504276276,0.0503198504447937,0.7135040760040283,0.02002313733100891,0.883638322353363,0.0,523.0,104,2,368,0,0,0,100,100,0
164,656,594,89,594,3,right+B,0.026351414620876312,0.18314920365810394,0.04815536364912987,0.7230262160301208,0.019317815080285072,0.8635046482086182,0.0,523.0,105,2,368,0,0,0,100,100,0
165,660,594,79,594,3,right+B,0.027792705222964287,0.18940000236034393,0.050447553396224976,0.7122564911842346,0.020103296265006065,0.8856219053268433,-1.0,522.0,106,2,367,0,0,0,100,100,0
166,664,594,79,594,3,right+B,0.02662884257733822,0.18587850034236908,0.049225639551877975,0.7189462184906006,0.01932074874639511,0.8710362315177917,0.0,522.0,107,2,367,0,0,0,100,100,0
167,668,594,79,594,3,right+B,0.02679436467587948,0.18915870785713196,0.05048573017120361,0.7141286134719849,0.019432619214057922,0.8797402381896973,0.0,522.0,108,2,367,0,0,0,100,100,0
168,672,594,93,594,2,right+A,0.02617940865457058,0.1891166865825653,0.050331052392721176,0.7152537107467651,0.0191191416233778,0.8761155009269714,0.0,522.0,109,2,367,0,0,0,100,100,0
169,676,594,108,594,3,right+B,0.026353424414992332,0.18922407925128937,0.04993828386068344,0.7154040336608887,0.01908014714717865,0.8756479024887085,0.0,522.0,110,2,367,0,0,0,100,100,0
170,680,594,112,594,3,right+B,0.026447130367159843,0.18899331986904144,0.04908159375190735,0.7162031531333923,0.01927477866411209,0.8740662336349487,-1.0,521.0,111,2,366,0,0,0,100,100,0
171,684,594,106,594,3,right+B,0.02423863857984543,0.17729073762893677,0.04478973150253296,0.7360623478889465,0.017618486657738686,0.8326934576034546,0.0,521.0,112,2,366,0,0,0,100,100,0
172,688,594,89,594,3,right+B,0.025037983432412148,0.18156127631664276,0.04652172327041626,0.7280641198158264,0.018814876675605774,0.8506344556808472,0.0,521.0,113,2,366,0,0,0,100,100,0
173,692,594,79,594,3,right+B,0.02595694549381733,0.18451689183712006,0.04717928171157837,0.7233004570007324,0.019046438857913017,0.8604289293289185,0.0,521.0,114,2,366,0,0,0,100,100,0
174,696,594,79,594,3,right+B,0.024920448660850525,0.1775658130645752,0.04489096626639366,0.7344957590103149,0.018126994371414185,0.8375749588012695,0.0,521.0,115,2,366,0,0,0,100,100,0
175,700,594,79,594,3,right+B,0.02520965225994587,0.1791960895061493,0.045057255774736404,0.7327572107315063,0.017779765650629997,0.8400325775146484,-1.0,520.0,116,2,365,0,0,0,100,100,0
176,704,594,79,594,3,right+B,0.024521002545952797,0.1766340285539627,0.04397651553153992,0.7374011874198914,0.01746729016304016,0.8298694491386414,0.0,520.0,117,2,365,0,0,0,100,100,0
177,708,594,79,594,0,NOOP,0.02598981186747551,0.18315020203590393,0.04682544991374016,0.7253247499465942,0.01870972290635109,0.8564685583114624,0.0,520.0,118,2,365,0,0,0,100,100,0
178,712,594,93,594,2,right+A,0.02834755927324295,0.19451600313186646,0.05117950215935707,0.7055656909942627,0.020391244441270828,0.8970504999160767,0.0,520.0,119,2,365,0,0,0,100,100,0
179,716,594,108,594,3,right+B,0.027351858094334602,0.1903175711631775,0.049757394939661026,0.7131820321083069,0.019391238689422607,0.8810161352157593,0.0,520.0,120,2,365,0,0,0,100,100,0
180,720,594,112,594,0,NOOP,0.025279169902205467,0.18182535469532013,0.04463918134570122,0.7306709289550781,0.017585376277565956,0.84205561876297,-1.0,519.0,121,2,364,0,0,0,100,100,0
181,724,594,106,594,2,right+A,0.02507133036851883,0.18033912777900696,0.04427459463477135,0.73280930519104,0.017505647614598274,0.8379614353179932,0.0,519.0,122,2,364,0,0,0,100,100,0
182,728,594,89,594,3,right+B,0.025802087038755417,0.18363939225673676,0.04697365686297417,0.7249183654785156,0.018666492775082588,0.8567630052566528,0.0,519.0,123,2,364,0,0,0,100,100,0
183,732,594,79,594,1,right,0.025651995092630386,0.1839623898267746,0.046290960162878036,0.7256597280502319,0.018434997648000717,0.8539832830429077,0.0,519.0,124,2,364,0,0,0,100,100,0
184,736,594,79,594,3,right+B,0.02564774639904499,0.18358945846557617,0.04566878080368042,0.7265565991401672,0.018537402153015137,0.8521156311035156,0.0,519.0,125,2,364,0,0,0,100,100,0
185,740,594,79,594,3,right+B,0.02455330640077591,0.1762426495552063,0.04382330924272537,0.7378878593444824,0.01749284565448761,0.8290830254554749,-1.0,518.0,126,2,363,0,0,0,100,100,0
186,744,594,79,594,3,right+B,0.024720527231693268,0.1767936497926712,0.044541772454977036,0.7360096573829651,0.017934400588274002,0.8341068625450134,0.0,518.0,127,2,363,0,0,0,100,100,0
187,748,594,93,594,2,right+A,0.026693196967244148,0.18890459835529327,0.049354515969753265,0.7157354354858398,0.019312262535095215,0.8756247162818909,0.0,518.0,128,2,363,0,0,0,100,100,0
188,752,594,108,594,3,right+B,0.027890048921108246,0.19467046856880188,0.05187937989830971,0.7051072120666504,0.02045290358364582,0.8978250026702881,0.0,518.0,129,2,363,0,0,0,100,100,0
189,756,594,112,594,1,right,0.027595121413469315,0.19288270175457,0.05158247798681259,0.7078831791877747,0.020056620240211487,0.89237380027771,0.0,518.0,130,2,363,0,0,0,100,100,0
190,760,594,106,594,4,right+A+B,0.027278149500489235,0.19003790616989136,0.0515473447740078,0.7114858627319336,0.01965070702135563,0.8860716819763184,-1.0,517.0,131,2,362,0,0,0,100,100,0
191,764,594,89,594,3,right+B,0.027462290599942207,0.18944548070430756,0.052061304450035095,0.7109496593475342,0.020081302151083946,0.888775646686554,0.0,517.0,132,2,362,0,0,0,100,100,0
192,768,594,79,594,3,right+B,0.02653883956372738,0.18547183275222778,0.05013682320713997,0.7189008593559265,0.018951721489429474,0.8712855577468872,0.0,517.0,133,2,362,0,0,0,100,100,0
193,772,594,79,594,3,right+B,0.02631005086004734,0.18399350345134735,0.04839526116847992,0.7226098775863647,0.01869138702750206,0.8628947138786316,0.0,517.0,134,2,362,0,0,0,100,100,0
194,776,594,79,594,3,right+B,0.026571126654744148,0.184549942612648,0.048582497984170914,0.7214993238449097,0.018797149881720543,0.8654099702835083,0.0,517.0,135,2,362,0,0,0,100,100,0
195,780,594,79,594,3,right+B,0.025656212121248245,0.17984342575073242,0.046206194907426834,0.7299259901046753,0.018368225544691086,0.847806990146637,-1.0,516.0,136,2,361,0,0,0,100,100,0
196,784,594,79,594,3,right+B,0.025730343535542488,0.18004333972930908,0.04523160308599472,0.7308837175369263,0.018111027777194977,0.844685435295105,0.0,516.0,137,2,361,0,0,0,100,100,0
197,788,594,79,594,3,right+B,0.02573961205780506,0.18067987263202667,0.04529007524251938,0.7301468849182129,0.01814357377588749,0.8458898067474365,0.0,516.0,138,2,361,0,0,0,100,100,0
198,792,594,79,594,3,right+B,0.025839177891612053,0.1803973764181137,0.04556680843234062,0.7300008535385132,0.018195759505033493,0.8467890024185181,0.0,516.0,139,2,361,0,0,0,100,100,0
199,796,594,79,594,3,right+B,0.026003174483776093,0.18054340779781342,0.046330612152814865,0.7286543846130371,0.01846841536462307,0.850656270980835,0.0,516.0,140,2,361,0,0,0,100,100,0
200,800,594,79,594,3,right+B,0.025208741426467896,0.17785653471946716,0.04492780566215515,0.7338489294052124,0.01815805956721306,0.8391788005828857,-1.0,515.0,141,2,360,0,0,0,100,100,0
201,804,594,79,594,3,right+B,0.025578688830137253,0.1799413412809372,0.04540553689002991,0.7306533455848694,0.018421044573187828,0.8456618189811707,0.0,515.0,142,2,360,0,0,0,100,100,0
202,808,594,79,594,3,right+B,0.02500280737876892,0.17695294320583344,0.044103071093559265,0.7361761331558228,0.017765022814273834,0.8334275484085083,0.0,515.0,143,2,360,0,0,0,100,100,0
203,812,594,79,594,3,right+B,0.02464035153388977,0.1741630882024765,0.04313306137919426,0.7406469583511353,0.01741652376949787,0.8241435289382935,0.0,515.0,144,2,360,0,0,0,100,100,0
204,816,594,79,594,3,right+B,0.023811783641576767,0.169963538646698,0.04203961789608002,0.7470465898513794,0.017138436436653137,0.8109840750694275,0.0,515.0,145,2,360,0,0,0,100,100,0
205,820,594,79,594,3,right+B,0.023398995399475098,0.16852988302707672,0.04106544703245163,0.7502812743186951,0.016724471002817154,0.8030400276184082,-1.0,514.0,146,2,359,0,0,0,100,100,0
206,824,594,79,594,3,right+B,0.023199981078505516,0.1680302619934082,0.04048963636159897,0.7517710328102112,0.016509080305695534,0.7991032004356384,0.0,514.0,147,2,359,0,0,0,100,100,0
207,828,594,79,594,3,right+B,0.023022856563329697,0.16650114953517914,0.03996611386537552,0.754195511341095,0.01631442829966545,0.7939074635505676,0.0,514.0,148,2,359,0,0,0,100,100,0
208,832,594,79,594,3,right+B,0.02347036637365818,0.16823288798332214,0.04106500744819641,0.7505276203155518,0.01670413464307785,0.8027651906013489,0.0,514.0,149,2,359,0,0,0,100,100,0
209,836,594,79,594,3,right+B,0.02335902489721775,0.16756267845630646,0.04093582183122635,0.7514392137527466,0.01670333929359913,0.8009964823722839,0.0,514.0,150,2,359,0,0,0,100,100,0
210,840,594,79,594,3,right+B,0.023307394236326218,0.16805271804332733,0.04069685935974121,0.751408576965332,0.016534481197595596,0.800212025642395,-1.0,513.0,151,2,358,0,0,0,100,100,0
211,844,594,79,594,3,right+B,0.023285208269953728,0.16804754734039307,0.04060226306319237,0.751561164855957,0.016503727063536644,0.7997338771820068,0.0,513.0,152,2,358,0,0,0,100,100,0
212,848,594,79,594,3,right+B,0.02342275157570839,0.16843172907829285,0.041036080569028854,0.7504487633705139,0.016660738736391068,0.8026479482650757,0.0,513.0,153,2,358,0,0,0,100,100,0
213,852,594,79,594,3,right+B,0.023704973980784416,0.16940128803253174,0.04160953685641289,0.7483742237091064,0.016910087317228317,0.8076779842376709,0.0,513.0,154,2,358,0,0,0,100,100,0
214,856,594,79,594,1,right,0.023410014808177948,0.1686984896659851,0.04101122170686722,0.7503858804702759,0.016494447365403175,0.8022961020469666,0.0,513.0,155,2,358,0,0,0,100,100,0
215,860,594,79,594,3,right+B,0.023068394511938095,0.16698627173900604,0.040089841932058334,0.7537255883216858,0.016129910945892334,0.7944531440734863,-1.0,512.0,156,2,357,0,0,0,100,100,0
216,864,594,79,594,3,right+B,0.02328331209719181,0.16725587844848633,0.04075055196881294,0.7523245811462402,0.016385644674301147,0.7985203862190247,0.0,512.0,157,2,357,0,0,0,100,100,0
217,868,594,79,594,1,right,0.023572726175189018,0.1692456305027008,0.04114518314599991,0.7493313550949097,0.016705015674233437,0.804866373538971,0.0,512.0,158,2,357,0,0,0,100,100,0
218,872,594,79,594,3,right+B,0.023842692375183105,0.169921875,0.041459355503320694,0.7478342056274414,0.01694190502166748,0.8086118698120117,0.0,512.0,159,2,357,0,0,0,100,100,0
219,876,594,79,594,1,right,0.02439180016517639,0.17319630086421967,0.042477816343307495,0.7425826191902161,0.017351418733596802,0.8197793960571289,0.0,512.0,160,2,357,0,0,0,100,100,0
220,880,594,79,594,3,right+B,0.025543726980686188,0.17876668274402618,0.044491373002529144,0.7329393029212952,0.018259022384881973,0.8407450914382935,-1.0,511.0,161,2,356,0,0,0,100,100,0
221,884,594,79,594,3,right+B,0.025291388854384422,0.17687371373176575,0.04409615695476532,0.735712468624115,0.018026266247034073,0.8352406024932861,0.0,511.0,162,2,356,0,0,0,100,100,0
222,888,594,93,594,2,right+A,0.026382332667708397,0.1819315254688263,0.046051234006881714,0.726917028427124,0.018717877566814423,0.8539911508560181,0.0,511.0,163,2,356,0,0,0,100,100,0
223,892,594,108,594,3,right+B,0.02772662602365017,0.1875353306531906,0.04928290843963623,0.7155534029006958,0.019901679828763008,0.8791035413742065,0.0,511.0,164,2,356,0,0,0,100,100,0
224,896,594,112,594,1,right,0.026929672807455063,0.18549378216266632,0.04739433899521828,0.721003532409668,0.019178682938218117,0.8660430312156677,0.0,511.0,165,2,356,0,0,0,100,100,0
225,900,594,106,594,2,right+A,0.026214348152279854,0.1802079826593399,0.045824289321899414,0.7293552756309509,0.01839812658727169,0.8492344617843628,-1.0,510.0,166,2,355,0,0,0,100,100,0
226,904,594,89,594,1,right,0.0262736938893795,0.18269596993923187,0.047823525965213776,0.7242903709411621,0.018916431814432144,0.8602648973464966,0.0,510.0,167,2,355,0,0,0,100,100,0
227,908,594,79,594,1,right,0.02776905708014965,0.18788743019104004,0.05063380300998688,0.7138184309005737,0.01989126391708851,0.8832690715789795,0.0,510.0,168,2,355,0,0,0,100,100,0
228,912,594,79,594,3,right+B,0.026940863579511642,0.1845463365316391,0.04871752858161926,0.7206271290779114,0.01916804537177086,0.868336021900177,0.0,510.0,169,2,355,0,0,0,100,100,0
229,916,594,79,594,1,right,0.026347195729613304,0.18298651278018951,0.04756710305809975,0.7245322465896606,0.018566977232694626,0.8589339256286621,0.0,510.0,170,2,355,0,0,0,100,100,0
230,920,594,79,594,1,right,0.027017267420887947,0.18627823889255524,0.0492636114358902,0.7179980874061584,0.019442802295088768,0.8733959794044495,-1.0,509.0,171,2,354,0,0,0,100,100,0
231,924,594,79,594,3,right+B,0.026328569278120995,0.1854419708251953,0.04819251596927643,0.7209093570709229,0.019127607345581055,0.8659706115722656,0.0,509.0,172,2,354,0,0,0,100,100,0
232,928,594,79,594,3,right+B,0.02641497552394867,0.18891799449920654,0.049994539469480515,0.715358316898346,0.019314143806695938,0.8764400482177734,0.0,509.0,173,2,354,0,0,0,100,100,0
233,932,594,79,594,3,right+B,0.02657904103398323,0.19034893810749054,0.05061903968453407,0.7128785848617554,0.0195743590593338,0.8814722299575806,0.0,509.0,174,2,354,0,0,0,100,100,0
234,936,594,79,594,3,right+B,0.02706240862607956,0.19015321135520935,0.05038917064666748,0.7127076983451843,0.019687466323375702,0.8825970888137817,0.0,509.0,175,2,354,0,0,0,100,100,0
235,940,594,79,594,3,right+B,0.025486189872026443,0.18319213390350342,0.0468127578496933,0.7259500622749329,0.018558796495199203,0.8542569875717163,-1.0,508.0,176,2,353,0,0,0,100,100,0
236,944,594,79,594,3,right+B,0.02536582201719284,0.18266187608242035,0.04690112918615341,0.7265526056289673,0.018518518656492233,0.8532170653343201,0.0,508.0,177,2,353,0,0,0,100,100,0
237,948,594,79,594,3,right+B,0.025740597397089005,0.1836806684732437,0.046732090413570404,0.725060760974884,0.018785908818244934,0.856389582157135,0.0,508.0,178,2,353,0,0,0,100,100,0
238,952,594,79,594,3,right+B,0.024378478527069092,0.17632921040058136,0.04347735270857811,0.7384685277938843,0.017346441745758057,0.8270845413208008,0.0,508.0,179,2,353,0,0,0,100,100,0
239,956,594,79,594,3,right+B,0.024682777002453804,0.1765519082546234,0.04381505772471428,0.7376140356063843,0.017336202785372734,0.8293556571006775,0.0,508.0,180,2,353,0,0,0,100,100,0
240,960,594,79,594,3,right+B,0.02435057796537876,0.17594856023788452,0.043480388820171356,0.7391431331634521,0.017077242955565453,0.8254398703575134,-1.0,507.0,181,2,352,0,0,0,100,100,0
241,964,594,79,594,1,right,0.024171551689505577,0.17553745210170746,0.04375109821557999,0.7393481135368347,0.017191730439662933,0.8254349827766418,0.0,507.0,182,2,352,0,0,0,100,100,0
242,968,594,79,594,1,right,0.026866130530834198,0.18801158666610718,0.04831080511212349,0.7175359725952148,0.01927550882101059,0.8720638751983643,0.0,507.0,183,2,352,0,0,0,100,100,0
243,972,594,79,594,3,right+B,0.027504773810505867,0.19027596712112427,0.0498480387032032,0.7127408981323242,0.019630320370197296,0.8825608491897583,0.0,507.0,184,2,352,0,0,0,100,100,0
244,976,594,79,594,3,right+B,0.026247842237353325,0.18460294604301453,0.046447496861219406,0.7243869304656982,0.0183147843927145,0.8568335175514221,0.0,507.0,185,2,352,0,0,0,100,100,0
245,980,594,79,594,3,right+B,0.0254987645894289,0.18111740052700043,0.04492794722318649,0.7306386232376099,0.01781725510954857,0.843476414680481,-1.0,506.0,186,2,351,0,0,0,100,100,0
246,984,594,79,594,1,right,0.026286916807293892,0.1835070252418518,0.046416815370321274,0.7252849340438843,0.018504295498132706,0.8560725450515747,0.0,506.0,187,2,351,0,0,0,100,100,0
247,988,594,79,594,3,right+B,0.02550487220287323,0.18107421696186066,0.04553220048546791,0.7297962307929993,0.0180924404412508,0.8461369872093201,0.0,506.0,188,2,351,0,0,0,100,100,0
248,992,594,79,594,3,right+B,0.026673736050724983,0.1885869950056076,0.047712501138448715,0.7178558707237244,0.01917099393904209,0.8702043890953064,0.0,506.0,189,2,351,0,0,0,100,100,0
249,996,594,79,594,3,right+B,0.02466828003525734,0.17747025191783905,0.04333878308534622,0.7372244000434875,0.017298292368650436,0.829127311706543,0.0,506.0,190,2,351,0,0,0,100,100,0
250,1000,594,93,594,2,right+A,0.024479074403643608,0.17595058679580688,0.043478820472955704,0.7387993931770325,0.017292149364948273,0.8266850709915161,-1.0,505.0,191,2,350,0,0,0,100,100,0
251,1004,594,108,594,3,right+B,0.02636553905904293,0.18699410557746887,0.04894860088825226,0.7188133597373962,0.01887834072113037,0.8693240880966187,0.0,505.0,192,2,350,0,0,0,100,100,0
252,1008,594,112,594,3,right+B,0.027045564725995064,0.19114278256893158,0.050289336591959,0.7120591402053833,0.01946314610540867,0.8827757239341736,0.0,505.0,193,2,350,0,0,0,100,100,0
253,1012,594,106,594,3,right+B,0.02687985636293888,0.1903180629014969,0.049917444586753845,0.7135757207870483,0.019308924674987793,0.8796023726463318,0.0,505.0,194,2,350,0,0,0,100,100,0
254,1016,594,89,594,1,right,0.026996565982699394,0.19009165465831757,0.05205104872584343,0.7108895778656006,0.019971145316958427,0.8876898884773254,0.0,505.0,195,2,350,0,0,0,100,100,0
255,1020,594,79,594,2,right+A,0.028428848832845688,0.19355280697345734,0.05369347333908081,0.703639030456543,0.0206858292222023,0.9036425352096558,-1.0,504.0,196,2,349,0,0,0,100,100,0
256,1024,594,79,594,1,right,0.027467506006360054,0.1884872019290924,0.05110036954283714,0.7129970192909241,0.019947942346334457,0.8845229148864746,0.0,504.0,197,2,349,0,0,0,100,100,0
257,1028,594,79,594,3,right+B,0.02663344144821167,0.18512172996997833,0.049622949212789536,0.719555675983429,0.019066253677010536,0.8701674938201904,0.0,504.0,198,2,349,0,0,0,100,100,0
258,1032,594,93,594,2,right+A,0.026464924216270447,0.1841806024312973,0.048321206122636795,0.7220858335494995,0.018947461619973183,0.8643970489501953,0.0,504.0,199,2,349,0,0,0,100,100,0
259,1036,594,108,594,3,right+B,0.026250792667269707,0.18376930058002472,0.04777691885828972,0.7233359813690186,0.018866971135139465,0.8613564372062683,0.0,504.0,200,2,349,0,0,0,100,100,0
260,1040,594,112,594,3,right+B,0.026210322976112366,0.18410560488700867,0.04672182351350784,0.7242230772972107,0.018739113584160805,0.8583366274833679,-1.0,503.0,201,2,348,0,0,0,100,100,0
261,1044,594,106,594,3,right+B,0.02535569854080677,0.18014977872371674,0.044843170791864395,0.7316682934761047,0.01798303797841072,0.8420213460922241,0.0,503.0,202,2,348,0,0,0,100,100,0
262,1048,594,89,594,3,right+B,0.02526332437992096,0.18073400855064392,0.045689210295677185,0.7301128506660461,0.018200578168034554,0.8456860184669495,0.0,503.0,203,2,348,0,0,0,100,100,0
263,1052,594,79,594,3,right+B,0.02619926445186138,0.1823866069316864,0.04720170050859451,0.7255849838256836,0.018627366051077843,0.8568404316902161,0.0,503.0,204,2,348,0,0,0,100,100,0
264,1056,594,79,594,1,right,0.025070302188396454,0.17721311748027802,0.045352041721343994,0.7342296242713928,0.018134938552975655,0.8388960361480713,0.0,503.0,205,2,348,0,0,0,100,100,0
265,1060,594,79,594,3,right+B,0.024855194613337517,0.17820142209529877,0.044937483966350555,0.7339476943016052,0.018058180809020996,0.8381301164627075,-1.0,502.0,206,2,347,0,0,0,100,100,0
266,1064,594,79,594,1,right,0.024527503177523613,0.17564091086387634,0.04356720671057701,0.7384934425354004,0.017770960927009583,0.8284468054771423,0.0,502.0,207,2,347,0,0,0,100,100,0
267,1068,594,79,594,3,right+B,0.024238325655460358,0.17296789586544037,0.04273059591650963,0.742607057094574,0.01745615154504776,0.8200377821922302,0.0,502.0,208,2,347,0,0,0,100,100,0
268,1072,594,79,594,1,right,0.02435152232646942,0.1727634072303772,0.04300824925303459,0.7421999573707581,0.01767681911587715,0.8217446208000183,0.0,502.0,209,2,347,0,0,0,100,100,0
269,1076,594,79,594,3,right+B,0.023958025500178337,0.1708637923002243,0.04249592497944832,0.7452405095100403,0.017441773787140846,0.815268874168396,0.0,502.0,210,2,347,0,0,0,100,100,0
270,1080,594,79,594,3,right+B,0.02340424247086048,0.16892889142036438,0.040887877345085144,0.7500393390655518,0.01673971489071846,0.8031956553459167,-1.0,501.0,211,2,346,0,0,0,100,100,0
271,1084,594,79,594,3,right+B,0.02291606366634369,0.16607238352298737,0.03990279138088226,0.7547641396522522,0.01634455844759941,0.7928153872489929,0.0,501.0,212,2,346,0,0,0,100,100,0
272,1088,594,79,594,3,right+B,0.023805653676390648,0.16979378461837769,0.04164864122867584,0.7477914094924927,0.01696058362722397,0.8089120984077454,0.0,501.0,213,2,346,0,0,0,100,100,0
273,1092,594,79,594,3,right+B,0.023582084104418755,0.16888213157653809,0.041648078709840775,0.7489371299743652,0.01695064827799797,0.8067463636398315,0.0,501.0,214,2,346,0,0,0,100,100,0
274,1096,594,79,594,3,right+B,0.023092219606041908,0.1674174964427948,0.040425993502140045,0.752696692943573,0.016367614269256592,0.7970815896987915,0.0,501.0,215,2,346,0,0,0,100,100,0
275,1100,594,79,594,3,right+B,0.02306525968015194,0.16769540309906006,0.04051007330417633,0.752432644367218,0.01629667729139328,0.7973792552947998,-1.0,500.0,216,2,345,0,0,0,100,100,0
276,1104,594,79,594,3,right+B,0.022944675758481026,0.16677406430244446,0.04071763902902603,0.7532435655593872,0.01631997898221016,0.7962676882743835,0.0,500.0,217,2,345,0,0,0,100,100,0
277,1108,594,79,594,1,right,0.022991027683019638,0.16764281690120697,0.04079495370388031,0.752109706401825,0.016461506485939026,0.7985035181045532,0.0,500.0,218,2,345,0,0,0,100,100,0
278,1112,594,79,594,1,right,0.022726286202669144,0.1658760905265808,0.03984217345714569,0.7553190588951111,0.016236402094364166,0.7912608981132507,0.0,500.0,219,2,345,0,0,0,100,100,0
279,1116,594,79,594,1,right,0.023166555911302567,0.16770760715007782,0.040593672543764114,0.7520398497581482,0.016492370516061783,0.7987432479858398,0.0,500.0,220,2,345,0,0,0,100,100,0
280,1120,594,79,594,3,right+B,0.02361958660185337,0.16950580477714539,0.04148898273706436,0.748440682888031,0.016944915056228638,0.8073216676712036,-1.0,499.0,221,2,344,0,0,0,100,100,0
281,1124,594,79,594,3,right+B,0.023454226553440094,0.16880828142166138,0.0410977266728878,0.7498257160186768,0.016813980415463448,0.8040810823440552,0.0,499.0,222,2,344,0,0,0,100,100,0
282,1128,594,93,594,2,right+A,0.023816637694835663,0.1700393110513687,0.04148278757929802,0.7475706934928894,0.01709059253334999,0.8093262314796448,0.0,499.0,223,2,344,0,0,0,100,100,0
283,1132,594,108,594,3,right+B,0.024123040959239006,0.17283163964748383,0.04270078241825104,0.7428908348083496,0.017453685402870178,0.8193498849868774,0.0,499.0,224,2,344,0,0,0,100,100,0
284,1136,594,112,594,3,right+B,0.025473902001976967,0.18059656023979187,0.04483723267912865,0.7306122183799744,0.018480084836483,0.8448619246482849,0.0,499.0,225,2,344,0,0,0,100,100,0
285,1140,594,106,594,0,NOOP,0.024463677778840065,0.17374905943870544,0.042556967586278915,0.7418387532234192,0.017391543835401535,0.8212052583694458,-1.0,498.0,226,2,343,0,0,0,100,100,0
286,1144,594,89,594,4,right+A+B,0.025640061125159264,0.18031974136829376,0.04611488804221153,0.7293177843093872,0.01860758475959301,0.8490471839904785,0.0,498.0,227,2,343,0,0,0,100,100,0
287,1148,594,79,594,3,right+B,0.02785508707165718,0.18873177468776703,0.0501617006957531,0.71328204870224,0.019969386979937553,0.8837013244628906,0.0,498.0,228,2,343,0,0,0,100,100,0
288,1152,594,79,594,3,right+B,0.025946758687496185,0.17983373999595642,0.04619689658284187,0.7295971512794495,0.018425539135932922,0.8489497900009155,0.0,498.0,229,2,343,0,0,0,100,100,0
289,1156,594,79,594,3,right+B,0.026169491931796074,0.18061436712741852,0.046252038329839706,0.7285311818122864,0.018432918936014175,0.8509619235992432,0.0,498.0,230,2,343,0,0,0,100,100,0
290,1160,594,79,594,3,right+B,0.026026658713817596,0.180970698595047,0.046482913196086884,0.727996826171875,0.018522845581173897,0.8519493341445923,-1.0,497.0,231,2,342,0,0,0,100,100,0
291,1164,594,79,594,1,right,0.02609618566930294,0.18107619881629944,0.04683110862970352,0.7272655367851257,0.018730992451310158,0.8540468215942383,0.0,497.0,232,2,342,0,0,0,100,100,0
292,1168,594,79,594,3,right+B,0.027504663914442062,0.18735849857330322,0.04954162612557411,0.7158692479133606,0.019726049154996872,0.8782058954238892,0.0,497.0,233,2,342,0,0,0,100,100,0
293,1172,594,79,594,3,right+B,0.02600223384797573,0.18137119710445404,0.04688572138547897,0.7271425127983093,0.018598373979330063,0.8538080453872681,0.0,497.0,234,2,342,0,0,0,100,100,0
294,1176,594,79,594,3,right+B,0.027408035472035408,0.18844102323055267,0.049381665885448456,0.715009331703186,0.019760027527809143,0.8790327310562134,0.0,497.0,235,2,342,0,0,0,100,100,0
295,1180,594,79,594,3,right+B,0.026548905298113823,0.18682867288589478,0.04882550612092018,0.7183484435081482,0.01944848708808422,0.8714423179626465,-1.0,496.0,236,2,341,0,0,0,100,100,0
296,1184,594,79,594,3,right+B,0.026443587616086006,0.1877177655696869,0.04974319413304329,0.7167038321495056,0.019391557201743126,0.8745412826538086,0.0,496.0,237,2,341,0,0,0,100,100,0
297,1188,594,79,594,3,right+B,0.026836618781089783,0.19179002940654755,0.05125126242637634,0.7103331089019775,0.019788935780525208,0.8866497874259949,0.0,496.0,238,2,341,0,0,0,100,100,0
298,1192,594,79,594,3,right+B,0.026788003742694855,0.18988147377967834,0.050105929374694824,0.7137781977653503,0.019446425139904022,0.8797203302383423,0.0,496.0,239,2,341,0,0,0,100,100,0
299,1196,594,79,594,3,right+B,0.026323236525058746,0.1875372678041458,0.04859642684459686,0.7184835076332092,0.019059648737311363,0.8696262836456299,0.0,496.0,240,2,341,0,0,0,100,100,0
300,1200,594,79,594,3,right+B,0.02527979016304016,0.18290749192237854,0.047532159835100174,0.7257733941078186,0.01850716769695282,0.8549501895904541,-1.0,495.0,241,2,340,0,0,0,100,100,0
301,1204,594,79,594,1,right,0.02499215677380562,0.18199335038661957,0.0459238700568676,0.7288392782211304,0.01825135014951229,0.8473622798919678,0.0,495.0,242,2,340,0,0,0,100,100,0
302,1208,594,93,594,2,right+A,0.023922182619571686,0.17539618909358978,0.042642414569854736,0.740770697593689,0.017268547788262367,0.8215160369873047,0.0,495.0,243,2,340,0,0,0,100,100,0
303,1212,594,108,594,3,right+B,0.024088315665721893,0.17492328584194183,0.04384315758943558,0.7396066188812256,0.017538568004965782,0.8258272409439087,0.0,495.0,244,2,340,0,0,0,100,100,0
304,1216,594,112,594,3,right+B,0.02462352067232132,0.17928092181682587,0.0441158227622509,0.7343205809593201,0.017659204080700874,0.8350843191146851,0.0,495.0,245,2,340,0,0,0,100,100,0
305,1220,594,106,594,3,right+B,0.02375897578895092,0.17438291013240814,0.04241481423377991,0.7424598932266235,0.01698336936533451,0.8177658319473267,-1.0,494.0,246,2,339,0,0,0,100,100,0
306,1224,594,89,594,3,right+B,0.025697778910398483,0.18260620534420013,0.046971917152404785,0.725811243057251,0.018912887200713158,0.8558882474899292,0.0,494.0,247,2,339,0,0,0,100,100,0
307,1228,594,79,594,3,right+B,0.028785524889826775,0.19638864696025848,0.05254407227039337,0.7013863921165466,0.02089529298245907,0.9061887264251709,0.0,494.0,248,2,339,0,0,0,100,100,0
308,1232,594,79,594,3,right+B,0.027599534019827843,0.19057077169418335,0.04914882406592369,0.7132613062858582,0.019419558346271515,0.8806347846984863,0.0,494.0,249,2,339,0,0,0,100,100,0
309,1236,594,79,594,1,right,0.025689680129289627,0.18135780096054077,0.045502644032239914,0.7296106815338135,0.01783923991024494,0.8461313247680664,0.0,494.0,250,2,339,0,0,0,100,100,0
310,1240,594,79,594,1,right,0.025852087885141373,0.1820756494998932,0.045726973563432693,0.7283799052238464,0.01796528697013855,0.8487603664398193,-1.0,493.0,251,2,338,0,0,0,100,100,0
311,1244,594,79,594,3,right+B,0.025919973850250244,0.18297888338565826,0.04578910022974014,0.7273115515708923,0.018000498414039612,0.850538432598114,0.0,493.0,252,2,338,0,0,0,100,100,0
312,1248,594,79,594,3,right+B,0.025637095794081688,0.18315109610557556,0.045924119651317596,0.7271665334701538,0.01812107302248478,0.8506499528884888,0.0,493.0,253,2,338,0,0,0,100,100,0
313,1252,594,79,594,3,right+B,0.025408247485756874,0.18270617723464966,0.045237425714731216,0.7285910844802856,0.01805707812309265,0.8471295833587646,0.0,493.0,254,2,338,0,0,0,100,100,0
314,1256,594,79,594,3,right+B,0.024541670456528664,0.17763948440551758,0.043417368084192276,0.7370069622993469,0.017394566908478737,0.8295215368270874,0.0,493.0,255,2,338,0,0,0,100,100,0
315,1260,594,79,594,3,right+B,0.024576924741268158,0.1772807389497757,0.04400390759110451,0.7365207076072693,0.01761769689619541,0.8316217660903931,-1.0,492.0,256,2,337,0,0,0,100,100,0
316,1264,594,79,594,3,right+B,0.026532938703894615,0.18771329522132874,0.04860815405845642,0.7180434465408325,0.01910213567316532,0.8707407116889954,0.0,492.0,257,2,337,0,0,0,100,100,0
317,1268,594,79,594,3,right+B,0.027347568422555923,0.19150374829769135,0.050078634172677994,0.7112388014793396,0.019831286743283272,0.8849984407424927,0.0,492.0,258,2,337,0,0,0,100,100,0
318,1272,594,79,594,3,right+B,0.02753087319433689,0.19184716045856476,0.05075506120920181,0.7100412249565125,0.019825678318738937,0.8878146409988403,0.0,492.0,259,2,337,0,0,0,100,100,0
319,1276,594,79,594,3,right+B,0.027881013229489326,0.19223609566688538,0.05203324556350708,0.7076404690742493,0.020209139212965965,0.8941795229911804,0.0,492.0,260,2,337,0,0,0,100,100,0
320,1280,594,79,594,3,right+B,0.028353417292237282,0.19169564545154572,0.05225468426942825,0.7072461247444153,0.020450137555599213,0.8964312672615051,-1.0,491.0,261,2,336,0,0,0,100,100,0
321,1284,594,79,594,3,right+B,0.02676878683269024,0.18496064841747284,0.049567509442567825,0.7195319533348083,0.019171059131622314,0.8706264495849609,0.0,491.0,262,2,336,0,0,0,100,100,0
322,1288,594,79,594,3,right+B,0.027390094473958015,0.1880049705505371,0.04972393065690994,0.715742826461792,0.01913823001086712,0.8770642876625061,0.0,491.0,263,2,336,0,0,0,100,100,0
323,1292,594,79,594,3,right+B,0.02682342194020748,0.18499721586704254,0.04839685931801796,0.7211498022079468,0.0186326801776886,0.8657490015029907,0.0,491.0,264,2,336,0,0,0,100,100,0
324,1296,594,79,594,3,right+B,0.026062393561005592,0.18127752840518951,0.04659505560994148,0.7278737425804138,0.01819133758544922,0.8515833616256714,0.0,491.0,265,2,336,0,0,0,100,100,0
325,1300,594,93,594,2,right+A,0.025886379182338715,0.18174082040786743,0.04561189189553261,0.728709876537323,0.01805097982287407,0.8484086990356445,-1.0,490.0,266,2,335,0,0,0,100,100,0
326,1304,594,108,594,3,right+B,0.025396378710865974,0.1808001548051834,0.04496939852833748,0.7309772968292236,0.017856702208518982,0.8429518342018127,0.0,490.0,267,2,335,0,0,0,100,100,0
327,1308,594,112,594,1,right,0.026038065552711487,0.1828848421573639,0.04596112668514252,0.7267636060714722,0.01835229992866516,0.8525751829147339,0.0,490.0,268,2,335,0,0,0,100,100,0
328,1312,594,106,594,3,right+B,0.025464961305260658,0.17837417125701904,0.04523255676031113,0.7328256368637085,0.018102679401636124,0.8414188027381897,0.0,490.0,269,2,335,0,0,0,100,100,0
329,1316,594,89,594,1,right,0.025239918380975723,0.17869722843170166,0.04610252007842064,0.7312924265861511,0.018667906522750854,0.845613956451416,0.0,490.0,270,2,335,0,0,0,100,100,0
330,1320,594,79,594,3,right+B,0.025944165885448456,0.18218548595905304,0.04650403931736946,0.7264377474784851,0.018928630277514458,0.8549029231071472,-1.0,489.0,271,2,334,0,0,0,100,100,0
331,1324,594,79,594,1,right,0.02424435317516327,0.17214900255203247,0.04264499992132187,0.7434817552566528,0.01747983880341053,0.8187070488929749,0.0,489.0,272,2,334,0,0,0,100,100,0
332,1328,594,79,594,3,right+B,0.025275738909840584,0.17615275084972382,0.044629063457250595,0.7359054088592529,0.018037108704447746,0.8356954455375671,0.0,489.0,273,2,334,0,0,0,100,100,0
333,1332,594,79,594,3,right+B,0.024386463686823845,0.17207658290863037,0.043016575276851654,0.7429623603820801,0.017558002844452858,0.8204403519630432,0.0,489.0,274,2,334,0,0,0,100,100,0
334,1336,594,79,594,3,right+B,0.023779675364494324,0.16980290412902832,0.04139646142721176,0.7482448220252991,0.016776183620095253,0.8074078559875488,0.0,489.0,275,2,334,0,0,0,100,100,0
335,1340,594,79,594,3,right+B,0.023368099704384804,0.1682111620903015,0.04049426689743996,0.7516605257987976,0.016265954822301865,0.7990418076515198,-1.0,488.0,276,2,333,0,0,0,100,100,0
336,1344,594,79,594,3,right+B,0.023434976115822792,0.16803784668445587,0.04090119153261185,0.7512229084968567,0.016403036192059517,0.800725519657135,0.0,488.0,277,2,333,0,0,0,100,100,0
337,1348,594,79,594,3,right+B,0.023281026631593704,0.16800127923488617,0.040692899376153946,0.7516658902168274,0.016358861699700356,0.7993606328964233,0.0,488.0,278,2,333,0,0,0,100,100,0
338,1352,594,79,594,3,right+B,0.02298363670706749,0.16616956889629364,0.040098436176776886,0.7544787526130676,0.016269616782665253,0.7934856414794922,0.0,488.0,279,2,333,0,0,0,100,100,0
339,1356,594,93,594,2,right+A,0.023171057924628258,0.1673375517129898,0.04028496891260147,0.7529261708259583,0.016280271112918854,0.7964885830879211,0.0,488.0,280,2,333,0,0,0,100,100,0
340,1360,594,108,594,1,right,0.023245757445693016,0.16843830049037933,0.041020531207323074,0.7507262229919434,0.0165692251175642,0.8016496896743774,-1.0,487.0,281,2,332,0,0,0,100,100,0
341,1364,594,112,594,3,right+B,0.023647161200642586,0.1709168702363968,0.04141128808259964,0.7471732497215271,0.016851430758833885,0.8089264631271362,0.0,487.0,282,2,332,0,0,0,100,100,0
342,1368,594,106,594,3,right+B,0.02318160980939865,0.1668419986963272,0.04057028889656067,0.7528693675994873,0.016536736860871315,0.7975951433181763,0.0,487.0,283,2,332,0,0,0,100,100,0
343,1372,594,89,594,3,right+B,0.02296699769794941,0.1665322184562683,0.04091498628258705,0.7528206706047058,0.016765158623456955,0.798255980014801,0.0,487.0,284,2,332,0,0,0,100,100,0
344,1376,594,79,594,3,right+B,0.02426598034799099,0.1721564680337906,0.04261711984872818,0.7436567544937134,0.017303679138422012,0.818050742149353,0.0,487.0,285,2,332,0,0,0,100,100,0
345,1380,594,79,594,3,right+B,0.023476537317037582,0.1676187962293625,0.04102902114391327,0.7511250972747803,0.016750585287809372,0.8019389510154724,-1.0,486.0,286,2,331,0,0,0,100,100,0
346,1384,594,79,594,1,right,0.023886924609541893,0.1697174459695816,0.041750937700271606,0.7479329705238342,0.016711734235286713,0.8084301948547363,0.0,486.0,287,2,331,0,0,0,100,100,0
347,1388,594,79,594,3,right+B,0.024339672178030014,0.17160412669181824,0.042537666857242584,0.7443629503250122,0.0171556007117033,0.8167086839675903,0.0,486.0,288,2,331,0,0,0,100,100,0
348,1392,594,79,594,3,right+B,0.02430950477719307,0.1727326661348343,0.04239010065793991,0.7435671091079712,0.017000673338770866,0.8172499537467957,0.0,486.0,289,2,331,0,0,0,100,100,0
349,1396,594,79,594,0,NOOP,0.024647420272231102,0.1745632439851761,0.04283445328474045,0.7407287359237671,0.017226146534085274,0.8231813907623291,0.0,486.0,290,2,331,0,0,0,100,100,0
350,1400,594,79,594,3,right+B,0.02556523308157921,0.17850926518440247,0.04478445276618004,0.7331101894378662,0.01803087443113327,0.8404302597045898,-1.0,485.0,291,2,330,0,0,0,100,100,0
351,1404,594,79,594,1,right,0.02617475390434265,0.18098211288452148,0.045711394399404526,0.7286798357963562,0.01845185086131096,0.8500678539276123,0.0,485.0,292,2,330,0,0,0,100,100,0
352,1408,594,79,594,3,right+B,0.027404488995671272,0.18570993840694427,0.04827422648668289,0.7192087769508362,0.019402531906962395,0.8710886240005493,0.0,485.0,293,2,330,0,0,0,100,100,0
353,1412,594,93,594,4,right+A+B,0.027003483846783638,0.1839757114648819,0.04725315049290657,0.7226430177688599,0.019124576821923256,0.8636355996131897,0.0,485.0,294,2,330,0,0,0,100,100,0
354,1416,594,108,594,3,right+B,0.026500092819333076,0.18194352090358734,0.04640620946884155,0.7264994382858276,0.018650710582733154,0.8551299571990967,0.0,485.0,295,2,330,0,0,0,100,100,0
355,1420,594,112,594,3,right+B,0.027081292122602463,0.1864408254623413,0.0482298769056797,0.7189514636993408,0.01929651014506817,0.8705154657363892,-1.0,484.0,296,2,329,0,0,0,100,100,0
356,1424,594,106,594,3,right+B,0.027208108454942703,0.1851780116558075,0.04849422350525856,0.7197304368019104,0.019389204680919647,0.8702707290649414,0.0,484.0,297,2,329,0,0,0,100,100,0
357,1428,594,89,594,3,right+B,0.026464492082595825,0.1832485795021057,0.0482780858874321,0.7228177785873413,0.019191067665815353,0.8638880848884583,0.0,484.0,298,2,329,0,0,0,100,100,0
358,1432,594,79,594,3,right+B,0.027153849601745605,0.18699213862419128,0.04945916309952736,0.7169920802116394,0.019402766600251198,0.8751838803291321,0.0,484.0,299,2,329,0,0,0,100,100,0
359,1436,594,79,594,3,right+B,0.027544476091861725,0.18930330872535706,0.05025016516447067,0.7131258845329285,0.019776146858930588,0.8829943537712097,0.0,484.0,300,2,329,0,0,0,100,100,0
360,1440,594,79,594,3,right+B,0.025740496814250946,0.18223786354064941,0.047860369086265564,0.7257651090621948,0.018396154046058655,0.8560544848442078,-1.0,483.0,301,2,328,0,0,0,100,100,0
361,1444,594,79,594,3,right+B,0.025223083794116974,0.18282176554203033,0.04757143184542656,0.7260547876358032,0.018328990787267685,0.8540939092636108,0.0,483.0,302,2,328,0,0,0,100,100,0
362,1448,594,79,594,3,right+B,0.025872476398944855,0.1866687387228012,0.048434436321258545,0.7201902866363525,0.018833989277482033,0.8657041788101196,0.0,483.0,303,2,328,0,0,0,100,100,0
363,1452,594,79,594,3,right+B,0.026383569464087486,0.18695016205310822,0.048775315284729004,0.7187546491622925,0.01913629285991192,0.8697956800460815,0.0,483.0,304,2,328,0,0,0,100,100,0
364,1456,594,79,594,3,right+B,0.026107974350452423,0.18695764243602753,0.04881540685892105,0.7188249230384827,0.019294045865535736,0.8695727586746216,0.0,483.0,305,2,328,0,0,0,100,100,0
365,1460,594,79,594,3,right+B,0.025010790675878525,0.1815202683210373,0.04636913910508156,0.7288620471954346,0.018237831071019173,0.8479470610618591,-1.0,482.0,306,2,327,0,0,0,100,100,0
366,1464,594,79,594,3,right+B,0.024628156796097755,0.17834526300430298,0.044310182332992554,0.7347800731658936,0.017936410382390022,0.8353556394577026,0.0,482.0,307,2,327,0,0,0,100,100,0
367,1468,594,79,594,3,right+B,0.02365872450172901,0.17231619358062744,0.04230092465877533,0.7447567582130432,0.016967415809631348,0.8140242695808411,0.0,482.0,308,2,327,0,0,0,100,100,0
368,1472,594,79,594,3,right+B,0.024262864142656326,0.17497502267360687,0.04277868941426277,0.7408377528190613,0.017145754769444466,0.8220028877258301,0.0,482.0,309,2,327,0,0,0,100,100,0
369,1476,594,79,594,1,right,0.02434583380818367,0.17657853662967682,0.042892903089523315,0.7391370534896851,0.01704566739499569,0.8245396614074707,0.0,482.0,310,2,327,0,0,0,100,100,0
370,1480,594,79,594,3,right+B,0.0245889313519001,0.17700283229351044,0.04401906207203865,0.737064778804779,0.01732439361512661,0.8302117586135864,-1.0,481.0,311,2,326,0,0,0,100,100,0
371,1484,594,79,594,3,right+B,0.02833579108119011,0.19416339695453644,0.05173322558403015,0.705389678478241,0.020378008484840393,0.8979609608650208,0.0,481.0,312,2,326,0,0,0,100,100,0
372,1488,594,79,594,3,right+B,0.028115486726164818,0.19305120408535004,0.05142686516046524,0.7074589133262634,0.019947540014982224,0.8934793472290039,0.0,481.0,313,2,326,0,0,0,100,100,0
373,1492,594,79,594,3,right+B,0.025927327573299408,0.18423165380954742,0.04558435082435608,0.7264063358306885,0.017850317060947418,0.8511640429496765,0.0,481.0,314,2,326,0,0,0,100,100,0
374,1496,594,79,594,3,right+B,0.025140022858977318,0.17983019351959229,0.04430633783340454,0.733273983001709,0.017449526116251945,0.8373581171035767,0.0,481.0,315,2,326,0,0,0,100,100,0
375,1500,594,79,594,3,right+B,0.025758685544133186,0.18101021647453308,0.04557712376117706,0.7296220064163208,0.018032008782029152,0.8467989563941956,-1.0,480.0,316,2,325,0,0,0,100,100,0
376,1504,594,79,594,3,right+B,0.02556479349732399,0.182027205824852,0.04569965973496437,0.7285550832748413,0.018153291195631027,0.8483519554138184,0.0,480.0,317,2,325,0,0,0,100,100,0
377,1508,594,79,594,3,right+B,0.026292460039258003,0.18651998043060303,0.04684693366289139,0.7215427756309509,0.018797829747200012,0.8624523282051086,0.0,480.0,318,2,325,0,0,0,100,100,0
378,1512,594,93,594,2,right+A,0.02490657940506935,0.17915180325508118,0.04387005791068077,0.7343297600746155,0.017741734161973,0.8354774713516235,0.0,480.0,319,2,325,0,0,0,100,100,0
379,1516,594,108,594,3,right+B,0.024284949526190758,0.1756727248430252,0.04354945570230484,0.7389060258865356,0.01758681796491146,0.8269277215003967,0.0,480.0,320,2,325,0,0,0,100,100,0
380,1520,594,112,594,3,right+B,0.026260847225785255,0.18693764507770538,0.04795962572097778,0.7198306918144226,0.019011156633496284,0.8667166233062744,-1.0,479.0,321,2,324,0,0,0,100,100,0
381,1524,594,106,594,3,right+B,0.02636859007179737,0.18620680272579193,0.04828697815537453,0.7201261520385742,0.01901146210730076,0.8669730424880981,0.0,479.0,322,2,324,0,0,0,100,100,0
382,1528,594,89,594,3,right+B,0.027139361947774887,0.19136135280132294,0.05149406939744949,0.7100477814674377,0.019957413896918297,0.8883183002471924,0.0,479.0,323,2,324,0,0,0,100,100,0
383,1532,594,79,594,3,right+B,0.0283727515488863,0.1962369829416275,0.05387607589364052,0.7010553479194641,0.020458906888961792,0.9065717458724976,0.0,479.0,324,2,324,0,0,0,100,100,0
384,1536,594,79,594,3,right+B,0.027243688702583313,0.18719017505645752,0.050870757550001144,0.7152417302131653,0.01945367269217968,0.8796799778938293,0.0,479.0,325,2,324,0,0,0,100,100,0
385,1540,594,79,594,3,right+B,0.027179036289453506,0.18709298968315125,0.05050015449523926,0.7158838510513306,0.01934407651424408,0.8779618144035339,-1.0,478.0,326,2,323,0,0,0,100,100,0
386,1544,594,79,594,3,right+B,0.026301955804228783,0.1830921769142151,0.04861871898174286,0.7233129739761353,0.01867414452135563,0.8621730804443359,0.0,478.0,327,2,323,0,0,0,100,100,0
387,1548,594,79,594,3,right+B,0.026228569447994232,0.18329483270645142,0.0472911112010479,0.7247516512870789,0.018433911725878716,0.8577239513397217,0.0,478.0,328,2,323,0,0,0,100,100,0
388,1552,594,79,594,1,right,0.02613522857427597,0.18205584585666656,0.047093696892261505,0.7261947989463806,0.018520433455705643,0.8554832935333252,0.0,478.0,329,2,323,0,0,0,100,100,0
389,1556,594,79,594,0,NOOP,0.026353267952799797,0.18279847502708435,0.04654961824417114,0.7255731225013733,0.018725499510765076,0.8564925193786621,0.0,478.0,330,2,323,0,0,0,100,100,0
390,1560,594,79,594,3,right+B,0.025529908016324043,0.18117612600326538,0.044602956622838974,0.7306874990463257,0.018003499135375023,0.8434457778930664,-1.0,477.0,331,2,322,0,0,0,100,100,0
391,1564,594,79,594,3,right+B,0.025561239570379257,0.17970934510231018,0.04478689283132553,0.7319603562355042,0.01798217184841633,0.8419333100318909,0.0,477.0,332,2,322,0,0,0,100,100,0
392,1568,594,79,594,1,right,0.026125004515051842,0.18084461987018585,0.045781467109918594,0.7289073467254639,0.018341591581702232,0.849498987197876,0.0,477.0,333,2,322,0,0,0,100,100,0
393,1572,594,79,594,3,right+B,0.025499071925878525,0.17863574624061584,0.045637503266334534,0.7319615483283997,0.01826612465083599,0.8436324000358582,0.0,477.0,334,2,322,0,0,0,100,100,0
394,1576,594,79,594,3,right+B,0.02496265433728695,0.17825470864772797,0.04422815144062042,0.7346380352973938,0.017916429787874222,0.8360562324523926,0.0,477.0,335,2,322,0,0,0,100,100,0
395,1580,594,79,594,3,right+B,0.02424168400466442,0.1733126938343048,0.04256965592503548,0.742741048336029,0.017134884372353554,0.8188835978507996,-1.0,476.0,336,2,321,0,0,0,100,100,0
396,1584,594,79,594,3,right+B,0.024709897115826607,0.17419999837875366,0.0434986911714077,0.7400738596916199,0.01751757226884365,0.8258500695228577,0.0,476.0,337,2,321,0,0,0,100,100,0
397,1588,594,79,594,3,right+B,0.02436954900622368,0.17347268760204315,0.04273420572280884,0.7421267032623291,0.017296738922595978,0.8206326961517334,0.0,476.0,338,2,321,0,0,0,100,100,0
398,1592,594,79,594,3,right+B,0.02365834452211857,0.16922390460968018,0.04136551544070244,0.7489035129547119,0.01684878207743168,0.8063149452209473,0.0,476.0,339,2,321,0,0,0,100,100,0
399,1596,594,79,594,3,right+B,0.023211942985653877,0.1674041450023651,0.040212374180555344,0.7528069615364075,0.016364557668566704,0.7968416213989258,0.0,476.0,340,2,321,0,0,0,100,100,0
400,1600,594,79,594,1,right,0.02345266565680504,0.16826428472995758,0.04062791168689728,0.7511041164398193,0.016550946980714798,0.8008944392204285,-1.0,475.0,341,2,320,0,0,0,100,100,0
401,1604,594,79,594,3,right+B,0.023456057533621788,0.1679990291595459,0.040603332221508026,0.751354455947876,0.016587167978286743,0.8005756139755249,0.0,475.0,342,2,320,0,0,0,100,100,0
402,1608,594,79,594,3,right+B,0.023252058774232864,0.1668420135974884,0.040539685636758804,0.7527586221694946,0.016607563942670822,0.7980211973190308,0.0,475.0,343,2,320,0,0,0,100,100,0
403,1612,594,79,594,3,right+B,0.023323258385062218,0.16749686002731323,0.04065295308828354,0.7518943548202515,0.016632549464702606,0.7996793985366821,0.0,475.0,344,2,320,0,0,0,100,100,0
404,1616,594,79,594,3,right+B,0.02317523956298828,0.16786794364452362,0.040626998990774155,0.7518178820610046,0.016511963680386543,0.7991859912872314,0.0,475.0,345,2,320,0,0,0,100,100,0
405,1620,594,79,594,3,right+B,0.02317230962216854,0.16734425723552704,0.04032914713025093,0.7528009414672852,0.016353275626897812,0.7969121932983398,-1.0,474.0,346,2,319,0,0,0,100,100,0
406,1624,594,79,594,3,right+B,0.02362714149057865,0.1689935028553009,0.0413491390645504,0.7494184374809265,0.016611797735095024,0.8049155473709106,0.0,474.0,347,2,319,0,0,0,100,100,0
407,1628,594,79,594,1,right,0.023460447788238525,0.16829481720924377,0.041026704013347626,0.7507373690605164,0.016480622813105583,0.8018600344657898,0.0,474.0,348,2,319,0,0,0,100,100,0
408,1632,594,79,594,1,right,0.023481858894228935,0.1687256246805191,0.0407489575445652,0.7507408261299133,0.016302762553095818,0.801089346408844,0.0,474.0,349,2,319,0,0,0,100,100,0
409,1636,594,79,594,3,right+B,0.023450233042240143,0.1686752587556839,0.04066234827041626,0.7507891654968262,0.016422927379608154,0.8011119365692139,0.0,474.0,350,2,319,0,0,0,100,100,0
410,1640,594,79,594,1,right,0.023270905017852783,0.16718444228172302,0.04038342833518982,0.7527656555175781,0.01639561913907528,0.7973357439041138,-1.0,473.0,351,2,318,0,0,0,100,100,0
411,1644,594,79,594,3,right+B,0.024150004610419273,0.17118775844573975,0.04198853671550751,0.7454676032066345,0.01720612309873104,0.8140619993209839,0.0,473.0,352,2,318,0,0,0,100,100,0
412,1648,594,79,594,3,right+B,0.02423117868602276,0.17266125977039337,0.0422239676117897,0.7436676025390625,0.01721598021686077,0.8172134757041931,0.0,473.0,353,2,318,0,0,0,100,100,0
413,1652,594,79,594,3,right+B,0.024670498445630074,0.17446543276309967,0.04269387945532799,0.7406942248344421,0.017475970089435577,0.823655366897583,0.0,473.0,354,2,318,0,0,0,100,100,0
414,1656,594,79,594,3,right+B,0.025443382561206818,0.1775730699300766,0.04404241964221001,0.7349944114685059,0.017946699634194374,0.8363008499145508,0.0,473.0,355,2,318,0,0,0,100,100,0
415,1660,594,79,594,3,right+B,0.02622872032225132,0.18105316162109375,0.045910436660051346,0.7281427383422852,0.01866486668586731,0.8516786694526672,-1.0,472.0,356,2,317,0,0,0,100,100,0
416,1664,594,79,594,3,right+B,0.02738693542778492,0.1858811378479004,0.04796384647488594,0.7193413972854614,0.019426751881837845,0.8705110549926758,0.0,472.0,357,2,317,0,0,0,100,100,0
417,1668,594,79,594,3,right+B,0.02718322165310383,0.18439827859401703,0.04754410684108734,0.7216224074363708,0.01925196312367916,0.8660575747489929,0.0,472.0,358,2,317,0,0,0,100,100,0
418,1672,594,79,594,3,right+B,0.02706628292798996,0.18327189981937408,0.04722185805439949,0.7234944105148315,0.01894555427134037,0.8621408939361572,0.0,472.0,359,2,317,0,0,0,100,100,0
419,1676,594,79,594,3,right+B,0.027220921590924263,0.18580643832683563,0.04820340871810913,0.7197527885437012,0.019016418606042862,0.8690283298492432,0.0,472.0,360,2,317,0,0,0,100,100,0
420,1680,594,79,594,3,right+B,0.026751205325126648,0.18326406180858612,0.04751482605934143,0.7237043380737305,0.018765591084957123,0.8612352609634399,-1.0,471.0,361,2,316,0,0,0,100,100,0
421,1684,594,79,594,3,right+B,0.027097078040242195,0.1853167861700058,0.04861605539917946,0.7199142575263977,0.01905582658946514,0.8692156672477722,0.0,471.0,362,2,316,0,0,0,100,100,0
422,1688,594,79,594,3,right+B,0.026813143864274025,0.18443845212459564,0.04840690642595291,0.7213744521141052,0.01896703988313675,0.8662006855010986,0.0,471.0,363,2,316,0,0,0,100,100,0
423,1692,594,79,594,1,right,0.028417060151696205,0.192279651761055,0.05085941404104233,0.7082313895225525,0.020212460309267044,0.8928991556167603,0.0,471.0,364,2,316,0,0,0,100,100,0
424,1696,594,79,594,3,right+B,0.02713315188884735,0.188272163271904,0.0493423268198967,0.7157748937606812,0.019477467983961105,0.8767881393432617,0.0,471.0,365,2,316,0,0,0,100,100,0
425,1700,594,79,594,1,right,0.026299811899662018,0.1845170557498932,0.04880322143435478,0.7213476300239563,0.019032275304198265,0.8659192323684692,-1.0,470.0,366,2,315,0,0,0,100,100,0
426,1704,594,79,594,3,right+B,0.027208006009459496,0.19192321598529816,0.051113031804561615,0.7098127007484436,0.019943030551075935,0.8882256746292114,0.0,470.0,367,2,315,0,0,0,100,100,0
427,1708,594,79,594,3,right+B,0.026844946667551994,0.1891239434480667,0.04963286966085434,0.7149520516395569,0.01944628544151783,0.8776421546936035,0.0,470.0,368,2,315,0,0,0,100,100,0
428,1712,594,79,594,3,right+B,0.02718416601419449,0.19114916026592255,0.04995306208729744,0.711948573589325,0.01976499706506729,0.8834288120269775,0.0,470.0,369,2,315,0,0,0,100,100,0
429,1716,594,79,594,3,right+B,0.026439575478434563,0.18793441355228424,0.04901857301592827,0.7173466086387634,0.019260836765170097,0.8724073171615601,0.0,470.0,370,2,315,0,0,0,100,100,0
430,1720,594,79,594,1,right,0.025122951716184616,0.18101204931735992,0.045873746275901794,0.7299131751060486,0.01807808317244053,0.8456596732139587,-1.0,469.0,371,2,314,0,0,0,100,100,0
431,1724,594,79,594,3,right+B,0.023845249786973,0.17442210018634796,0.0422230027616024,0.7427199482917786,0.01678977720439434,0.8168375492095947,0.0,469.0,372,2,314,0,0,0,100,100,0
432,1728,594,79,594,3,right+B,0.023803293704986572,0.17298562824726105,0.042014315724372864,0.7445289492607117,0.016667814925312996,0.8135423064231873,0.0,469.0,373,2,314,0,0,0,100,100,0
433,1732,594,79,594,3,right+B,0.02422470971941948,0.17616984248161316,0.042658571153879166,0.7401273846626282,0.01681949943304062,0.8220179080963135,0.0,469.0,374,2,314,0,0,0,100,100,0
434,1736,594,79,594,3,right+B,0.02491646446287632,0.17927023768424988,0.04445860907435417,0.7338587045669556,0.017496047541499138,0.8364156484603882,0.0,469.0,375,2,314,0,0,0,100,100,0
435,1740,594,79,594,3,right+B,0.02719356305897236,0.1893000602722168,0.048698633909225464,0.7155229449272156,0.019284741953015327,0.8759341239929199,-1.0,468.0,376,2,313,0,0,0,100,100,0
436,1744,594,79,594,1,right,0.02946760691702366,0.19838950037956238,0.053210657089948654,0.6977385878562927,0.02119368314743042,0.9136554598808289,0.0,468.0,377,2,313,0,0,0,100,100,0
437,1748,594,79,594,3,right+B,0.028047092258930206,0.19206635653972626,0.04978442192077637,0.7104559540748596,0.019646206870675087,0.8865609169006348,0.0,468.0,378,2,313,0,0,0,100,100,0
438,1752,594,79,594,3,right+B,0.025913644582033157,0.1830153912305832,0.045589786022901535,0.7273924946784973,0.018088629469275475,0.8503418564796448,0.0,468.0,379,2,313,0,0,0,100,100,0
439,1756,594,79,594,3,right+B,0.025832949206233025,0.18168511986732483,0.04494639113545418,0.7295728325843811,0.017962746322155,0.8459768295288086,0.0,468.0,380,2,313,0,0,0,100,100,0
440,1760,594,79,594,1,right,0.026210254058241844,0.1832796037197113,0.04649009183049202,0.7255709767341614,0.018449094146490097,0.8555043339729309,-1.0,467.0,381,2,312,0,0,0,100,100,0
441,1764,594,79,594,3,right+B,0.02659476362168789,0.18696576356887817,0.04774938151240349,0.7197153568267822,0.01897471211850643,0.8671555519104004,0.0,467.0,382,2,312,0,0,0,100,100,0
442,1768,594,79,594,3,right+B,0.0259092990309,0.18416792154312134,0.04553063586354256,0.7262285947799683,0.018163517117500305,0.8520259261131287,0.0,467.0,383,2,312,0,0,0,100,100,0
443,1772,594,79,594,3,right+B,0.025219513103365898,0.18138839304447174,0.0445575937628746,0.7310829162597656,0.017751507461071014,0.8416367769241333,0.0,467.0,384,2,312,0,0,0,100,100,0
444,1776,594,79,594,1,right,0.02450794354081154,0.1761222928762436,0.043952591717243195,0.7381619215011597,0.017255211248993874,0.8282300233840942,0.0,467.0,385,2,312,0,0,0,100,100,0
445,1780,594,79,594,3,right+B,0.02608077973127365,0.1856127828359604,0.04777457192540169,0.7219277024269104,0.018604209646582603,0.8623409867286682,-1.0,466.0,386,2,311,0,0,0,100,100,0
446,1784,594,79,594,1,right,0.02727843075990677,0.1919107586145401,0.049724116921424866,0.7116392850875854,0.01944742724299431,0.882986843585968,0.0,466.0,387,2,311,0,0,0,100,100,0
447,1788,594,79,594,3,right+B,0.028298959136009216,0.1952066719532013,0.05231247842311859,0.7037795782089233,0.0204023364931345,0.9007802605628967,0.0,466.0,388,2,311,0,0,0,100,100,0
448,1792,594,79,594,3,right+B,0.02787286974489689,0.19144544005393982,0.0516999289393425,0.709040105342865,0.019941596314311028,0.8912957906723022,0.0,466.0,389,2,311,0,0,0,100,100,0
449,1796,594,79,594,3,right+B,0.028428170830011368,0.19208204746246338,0.05265579745173454,0.7063408493995667,0.02049308829009533,0.8983706831932068,0.0,466.0,390,2,311,0,0,0,100,100,0
450,1800,594,93,594,2,right+A,0.027477392926812172,0.18784214556217194,0.05051273852586746,0.7146257758140564,0.01954197883605957,0.8806858062744141,-1.0,465.0,391,2,310,0,0,0,100,100,0
451,1804,594,108,594,1,right,0.026828818023204803,0.1852860152721405,0.04935348778963089,0.7195260524749756,0.01900566555559635,0.870092511177063,0.0,465.0,392,2,310,0,0,0,100,100,0
452,1808,594,112,594,3,right+B,0.02690000832080841,0.1866515725851059,0.04903111234307289,0.7183178663253784,0.019099464640021324,0.871648907661438,0.0,465.0,393,2,310,0,0,0,100,100,0
453,1812,594,106,594,3,right+B,0.026828467845916748,0.18416593968868256,0.04750697314739227,0.7225611209869385,0.018937569111585617,0.8633314371109009,0.0,465.0,394,2,310,0,0,0,100,100,0
454,1816,594,89,594,3,right+B,0.026146262884140015,0.18351493775844574,0.047097671777009964,0.7244836091995239,0.01875751093029976,0.8584099411964417,0.0,465.0,395,2,310,0,0,0,100,100,0
455,1820,594,79,594,1,right,0.026396112516522408,0.1840493381023407,0.04707663506269455,0.724000871181488,0.018477076664566994,0.8588873147964478,-1.0,464.0,396,2,309,0,0,0,100,100,0
456,1824,594,93,594,2,right+A,0.026063209399580956,0.1807582825422287,0.04598153382539749,0.7289832234382629,0.018213776871562004,0.8492552042007446,0.0,464.0,397,2,309,0,0,0,100,100,0
457,1828,594,108,594,1,right,0.025223666802048683,0.17808817327022552,0.04556393623352051,0.733252763748169,0.017871525138616562,0.8402671813964844,0.0,464.0,398,2,309,0,0,0,100,100,0
458,1832,594,112,594,3,right+B,0.025143779814243317,0.17894887924194336,0.045501332730054855,0.7320711016654968,0.018334882333874702,0.8427541851997375,0.0,464.0,399,2,309,0,0,0,100,100,0
459,1836,594,106,594,3,right+B,0.02459094114601612,0.17625609040260315,0.04361731931567192,0.7377245426177979,0.01781112141907215,0.8298361301422119,0.0,464.0,400,2,309,0,0,0,100,100,0
460,1840,594,89,594,2,right+A,0.024604564532637596,0.175328329205513,0.044128112494945526,0.7378441691398621,0.018094779923558235,0.8310474157333374,-1.0,463.0,401,2,308,0,0,0,100,100,0
461,1844,594,79,594,1,right,0.02554323337972164,0.17801284790039062,0.04515586420893669,0.7328463196754456,0.018441753461956978,0.8422088623046875,0.0,463.0,402,2,308,0,0,0,100,100,0
462,1848,594,93,594,2,right+A,0.02423522062599659,0.17123118042945862,0.04279842600226402,0.7440593242645264,0.017675818875432014,0.8185025453567505,0.0,463.0,403,2,308,0,0,0,100,100,0
463,1852,594,108,594,3,right+B,0.023755306378006935,0.16989940404891968,0.04249260574579239,0.7465046048164368,0.017348162829875946,0.8127858638763428,0.0,463.0,404,2,308,0,0,0,100,100,0
464,1856,594,112,594,3,right+B,0.023330334573984146,0.16921930015087128,0.04071956127882004,0.7499571442604065,0.016773654147982597,0.8030107617378235,0.0,463.0,405,2,308,0,0,0,100,100,0
465,1860,594,106,594,1,right,0.023488061502575874,0.16822010278701782,0.04092896357178688,0.7506603598594666,0.01670243963599205,0.8024052381515503,-1.0,462.0,406,2,307,0,0,0,100,100,0
466,1864,594,89,594,3,right+B,0.02343064919114113,0.1685093343257904,0.041999757289886475,0.7490344643592834,0.017025763168931007,0.8069653511047363,0.0,462.0,407,2,307,0,0,0,100,100,0
467,1868,594,79,594,3,right+B,0.024145128205418587,0.1714593768119812,0.04285961389541626,0.744366466999054,0.01716938242316246,0.8168022036552429,0.0,462.0,408,2,307,0,0,0,100,100,0
468,1872,594,79,594,3,right+B,0.02281496860086918,0.165328249335289,0.04011918231844902,0.7556574940681458,0.016080085188150406,0.7909530401229858,0.0,462.0,409,2,307,0,0,0,100,100,0
469,1876,594,79,594,3,right+B,0.02321646362543106,0.1678895652294159,0.04119639843702316,0.751420259475708,0.0162772536277771,0.8001214861869812,0.0,462.0,410,2,307,0,0,0,100,100,0
470,1880,594,79,594,3,right+B,0.023289144039154053,0.16747704148292542,0.04097755253314972,0.7517568469047546,0.016499482095241547,0.7999693155288696,-1.0,461.0,411,2,306,0,0,0,100,100,0
471,1884,594,79,594,3,right+B,0.023216553032398224,0.16734996438026428,0.040500324219465256,0.7524821758270264,0.016450978815555573,0.7979493141174316,0.0,461.0,412,2,306,0,0,0,100,100,0
472,1888,594,79,594,3,right+B,0.023559758439660072,0.16850602626800537,0.041098009794950485,0.7501763105392456,0.016659950837492943,0.8034104704856873,0.0,461.0,413,2,306,0,0,0,100,100,0
473,1892,594,79,594,3,right+B,0.023669546470046043,0.16934669017791748,0.041272785514593124,0.748932957649231,0.01677805371582508,0.8059990406036377,0.0,461.0,414,2,306,0,0,0,100,100,0
474,1896,594,79,594,3,right+B,0.02318328246474266,0.16713860630989075,0.04034537076950073,0.7529267072677612,0.0164059828966856,0.7968904972076416,0.0,461.0,415,2,306,0,0,0,100,100,0
475,1900,594,79,594,1,right,0.023438461124897003,0.1677716225385666,0.04051704704761505,0.751642644405365,0.016630221158266068,0.8000861406326294,-1.0,460.0,416,2,305,0,0,0,100,100,0
476,1904,594,79,594,0,NOOP,0.024409161880612373,0.17248961329460144,0.042527493089437485,0.7431866526603699,0.017387015745043755,0.819084107875824,0.0,460.0,417,2,305,0,0,0,100,100,0
477,1908,594,79,594,1,right,0.024567870423197746,0.17375318706035614,0.04297417029738426,0.7411903142929077,0.01751447096467018,0.8232176303863525,0.0,460.0,418,2,305,0,0,0,100,100,0
478,1912,594,93,594,2,right+A,0.02490689605474472,0.1758146733045578,0.043149907141923904,0.7387244701385498,0.017404036596417427,0.8274306058883667,0.0,460.0,419,2,305,0,0,0,100,100,0
479,1916,594,108,594,3,right+B,0.025607436895370483,0.1793820858001709,0.04509317874908447,0.7318869233131409,0.018030358478426933,0.8426616191864014,0.0,460.0,420,2,305,0,0,0,100,100,0
480,1920,594,112,594,3,right+B,0.026027534157037735,0.1817561686038971,0.0462593212723732,0.7274919152259827,0.018465066328644753,0.8522157669067383,-1.0,459.0,421,2,304,0,0,0,100,100,0
481,1924,594,106,594,3,right+B,0.02677002176642418,0.18406005203723907,0.047623347491025925,0.7225745916366577,0.01897207833826542,0.8634364604949951,0.0,459.0,422,2,304,0,0,0,100,100,0
482,1928,594,89,594,3,right+B,0.026785358786582947,0.1843092143535614,0.04804747924208641,0.7214930653572083,0.019364850595593452,0.8664038181304932,0.0,459.0,423,2,304,0,0,0,100,100,0
483,1932,594,79,594,3,right+B,0.027080807834863663,0.1843114197254181,0.04798530787229538,0.7214674949645996,0.019154921174049377,0.8664491772651672,0.0,459.0,424,2,304,0,0,0,100,100,0
484,1936,594,79,594,3,right+B,0.026775594800710678,0.18323446810245514,0.04748674854636192,0.7234314680099487,0.019071735441684723,0.8623142242431641,0.0,459.0,425,2,304,0,0,0,100,100,0
485,1940,594,79,594,3,right+B,0.027010999619960785,0.18415988981723785,0.04861610755324364,0.7209118604660034,0.01930122636258602,0.868248701095581,-1.0,458.0,426,2,303,0,0,0,100,100,0
486,1944,594,79,594,3,right+B,0.02714371308684349,0.1854124367237091,0.04922403395175934,0.7187431454658508,0.019476700574159622,0.8726561665534973,0.0,458.0,427,2,303,0,0,0,100,100,0
487,1948,594,79,594,3,right+B,0.02709871158003807,0.18630729615688324,0.0484587661921978,0.7187706232070923,0.01936456561088562,0.8712562322616577,0.0,458.0,428,2,303,0,0,0,100,100,0
488,1952,594,79,594,3,right+B,0.028017569333314896,0.19074270129203796,0.050317708402872086,0.7107763290405273,0.02014571987092495,0.8879300355911255,0.0,458.0,429,2,303,0,0,0,100,100,0
489,1956,594,79,594,1,right,0.026225825771689415,0.18361574411392212,0.048268139362335205,0.7229357957839966,0.018954478204250336,0.8627141714096069,0.0,458.0,430,2,303,0,0,0,100,100,0
490,1960,594,79,594,3,right+B,0.02665051817893982,0.18880273401737213,0.04960961639881134,0.715707004070282,0.019230090081691742,0.8757330179214478,-1.0,457.0,431,2,302,0,0,0,100,100,0
491,1964,594,79,594,3,right+B,0.026057567447423935,0.18693745136260986,0.048570964485406876,0.7196741700172424,0.018759852275252342,0.8667798638343811,0.0,457.0,432,2,302,0,0,0,100,100,0
492,1968,594,79,594,1,right,0.02602532133460045,0.18576209247112274,0.04847397282719612,0.7211683392524719,0.01857023313641548,0.864128828048706,0.0,457.0,433,2,302,0,0,0,100,100,0
493,1972,594,79,594,3,right+B,0.026608433574438095,0.19049543142318726,0.05018167197704315,0.7132216095924377,0.019492844119668007,0.8803104162216187,0.0,457.0,434,2,302,0,0,0,100,100,0
494,1976,594,79,594,3,right+B,0.02382306382060051,0.17636753618717194,0.04382318630814552,0.7388657927513123,0.01712038740515709,0.8253671526908875,0.0,457.0,435,2,302,0,0,0,100,100,0
495,1980,594,79,594,1,right,0.024032143875956535,0.17606370151042938,0.04334300756454468,0.7390528917312622,0.0175082515925169,0.8257454633712769,-1.0,456.0,436,2,301,0,0,0,100,100,0
496,1984,594,79,594,3,right+B,0.023975586518645287,0.17407630383968353,0.042986221611499786,0.7417147755622864,0.017247119918465614,0.8206918835639954,0.0,456.0,437,2,301,0,0,0,100,100,0
497,1988,594,79,594,3,right+B,0.0247135441750288,0.17695064842700958,0.04345597326755524,0.7374362945556641,0.017443524673581123,0.8294163942337036,0.0,456.0,438,2,301,0,0,0,100,100,0
498,1992,594,79,594,3,right+B,0.024462711066007614,0.17648214101791382,0.04305599257349968,0.7388867735862732,0.01711237244307995,0.8255153894424438,0.0,456.0,439,2,301,0,0,0,100,100,0
499,1996,594,79,594,3,right+B,0.025410356000065804,0.18041835725307465,0.045476917177438736,0.7307935357093811,0.01790088228881359,0.8440412282943726,0.0,456.0,440,2,301,0,0,0,100,100,0
500,2000,594,79,594,3,right+B,0.028973089531064034,0.19661495089530945,0.05311942473053932,0.7001726031303406,0.02111995778977871,0.9093499183654785,-1.0,455.0,441,2,300,0,0,0,100,100,0
501,2004,594,93,594,2,right+A,0.028798814862966537,0.19519014656543732,0.05194272845983505,0.7036342620849609,0.020434055477380753,0.9015106558799744,0.0,455.0,442,2,300,0,0,0,100,100,0
502,2008,594,108,594,3,right+B,0.02663351036608219,0.18646973371505737,0.047854699194431305,0.7204820513725281,0.018560023978352547,0.8653871417045593,0.0,455.0,443,2,300,0,0,0,100,100,0
503,2012,594,112,594,3,right+B,0.02549588494002819,0.18287961184978485,0.0451347753405571,0.7288290858268738,0.01766061782836914,0.8459075689315796,0.0,455.0,444,2,300,0,0,0,100,100,0
504,2016,594,106,594,3,right+B,0.025172274559736252,0.1792096346616745,0.04472833126783371,0.7333712577819824,0.01751847192645073,0.8380333781242371,0.0,455.0,445,2,300,0,0,0,100,100,0
505,2020,594,89,594,3,right+B,0.02521362341940403,0.1819060891866684,0.04628511518239975,0.7283426523208618,0.018252452835440636,0.8489881753921509,-1.0,454.0,446,2,299,0,0,0,100,100,0
506,2024,594,79,594,1,right,0.026325257495045662,0.18747137486934662,0.047428570687770844,0.7198641300201416,0.018910657614469528,0.8658417463302612,0.0,454.0,447,2,299,0,0,0,100,100,0
507,2028,594,79,594,3,right+B,0.024885473772883415,0.18016378581523895,0.04446863383054733,0.7324157357215881,0.018066363409161568,0.8397163152694702,0.0,454.0,448,2,299,0,0,0,100,100,0
508,2032,594,79,594,3,right+B,0.024129396304488182,0.17465314269065857,0.04373585432767868,0.7400736808776855,0.017407990992069244,0.8247855305671692,0.0,454.0,449,2,299,0,0,0,100,100,0
509,2036,594,79,594,0,NOOP,0.025550300255417824,0.18164409697055817,0.04699616879224777,0.7270918488502502,0.018717559054493904,0.8534166812896729,0.0,454.0,450,2,299,0,0,0,100,100,0
510,2040,594,79,594,3,right+B,0.026758011430501938,0.1893773227930069,0.04926719889044762,0.7151687741279602,0.019428681582212448,0.8766533136367798,-1.0,453.0,451,2,298,0,0,0,100,100,0
511,2044,594,79,594,3,right+B,0.027766866609454155,0.19350899755954742,0.051940854638814926,0.7064533829689026,0.02032993547618389,0.8956519365310669,0.0,453.0,452,2,298,0,0,0,100,100,0
512,2048,594,79,594,3,right+B,0.02758442424237728,0.1917300671339035,0.05150410160422325,0.7091488838195801,0.020032556727528572,0.8905447721481323,0.0,453.0,453,2,298,0,0,0,100,100,0
513,2052,594,79,594,3,right+B,0.02776237204670906,0.19064772129058838,0.05193616449832916,0.7095072269439697,0.020146552473306656,0.8912405967712402,0.0,453.0,454,2,298,0,0,0,100,100,0
514,2056,594,79,594,3,right+B,0.02790340967476368,0.19064439833164215,0.05174674466252327,0.709611713886261,0.020093735307455063,0.8910091519355774,0.0,453.0,455,2,298,0,0,0,100,100,0
515,2060,594,79,594,3,right+B,0.026284223422408104,0.18371452391147614,0.048735301941633224,0.7227317690849304,0.01853417046368122,0.862770140171051,-1.0,452.0,456,2,297,0,0,0,100,100,0
516,2064,594,79,594,3,right+B,0.025979986414313316,0.18327456712722778,0.04805926978588104,0.7242817282676697,0.018404468894004822,0.8588520288467407,0.0,452.0,457,2,297,0,0,0,100,100,0
517,2068,594,79,594,3,right+B,0.026135653257369995,0.1829477697610855,0.04742289334535599,0.7249064445495605,0.018587274476885796,0.8578599095344543,0.0,452.0,458,2,297,0,0,0,100,100,0
518,2072,594,79,594,3,right+B,0.02574554644525051,0.1809530109167099,0.04591565579175949,0.7289915084838867,0.018394259735941887,0.8489494323730469,0.0,452.0,459,2,297,0,0,0,100,100,0
519,2076,594,79,594,3,right+B,0.02545393817126751,0.18022580444812775,0.04505595564842224,0.7312449216842651,0.018019339069724083,0.8431861400604248,0.0,452.0,460,2,297,0,0,0,100,100,0
520,2080,594,79,594,1,right,0.026132790371775627,0.18239979445934296,0.046162333339452744,0.7267518043518066,0.018553372472524643,0.8535142540931702,-1.0,451.0,461,2,296,0,0,0,100,100,0
521,2084,594,79,594,3,right+B,0.02540164440870285,0.1783352643251419,0.04489046707749367,0.7333858609199524,0.017986830323934555,0.8397676944732666,0.0,451.0,462,2,296,0,0,0,100,100,0
522,2088,594,79,594,3,right+B,0.02561432681977749,0.1788214147090912,0.04586408659815788,0.7311267256736755,0.018573395907878876,0.846039891242981,0.0,451.0,463,2,296,0,0,0,100,100,0
523,2092,594,79,594,3,right+B,0.025134902447462082,0.17876243591308594,0.04473525658249855,0.732932448387146,0.01843496970832348,0.8406949639320374,0.0,451.0,464,2,296,0,0,0,100,100,0
524,2096,594,79,594,3,right+B,0.025185009464621544,0.17788682878017426,0.04467589780688286,0.7339606285095215,0.018291672691702843,0.8389312028884888,0.0,451.0,465,2,296,0,0,0,100,100,0
525,2100,594,93,594,2,right+A,0.025182649493217468,0.17694921791553497,0.04396858438849449,0.7358666658401489,0.01803278736770153,0.8346462249755859,-1.0,450.0,466,2,295,0,0,0,100,100,0
526,2104,594,108,594,1,right,0.024760935455560684,0.17511878907680511,0.04419420659542084,0.7379534840583801,0.017972571775317192,0.831010103225708,0.0,450.0,467,2,295,0,0,0,100,100,0
527,2108,594,112,594,1,right,0.02433292381465435,0.17398260533809662,0.04348604008555412,0.7404079437255859,0.01779044233262539,0.8252342939376831,0.0,450.0,468,2,295,0,0,0,100,100,0
528,2112,594,106,594,3,right+B,0.022599708288908005,0.16519923508167267,0.039666324853897095,0.7564486265182495,0.016086207702755928,0.7886934876441956,0.0,450.0,469,2,295,0,0,0,100,100,0
529,2116,594,89,594,3,right+B,0.0229320228099823,0.16736063361167908,0.04082266241312027,0.7522194385528564,0.01666528545320034,0.798732340335846,0.0,450.0,470,2,295,0,0,0,100,100,0
530,2120,594,79,594,3,right+B,0.023950310423970222,0.17083044350147247,0.04270239174365997,0.7452448606491089,0.017271939665079117,0.8151455521583557,-1.0,449.0,471,2,294,0,0,0,100,100,0
531,2124,594,93,594,2,right+A,0.02339486964046955,0.16789038479328156,0.04139788821339607,0.7503647208213806,0.016952021047472954,0.8038982152938843,0.0,449.0,472,2,294,0,0,0,100,100,0
532,2128,594,108,594,3,right+B,0.023298615589737892,0.16843225061893463,0.04172411933541298,0.749683141708374,0.01686188392341137,0.8049764633178711,0.0,449.0,473,2,294,0,0,0,100,100,0
533,2132,594,112,594,1,right,0.02322319708764553,0.1689983606338501,0.0412529855966568,0.7496668696403503,0.016858534887433052,0.8041823506355286,0.0,449.0,474,2,294,0,0,0,100,100,0
534,2136,594,106,594,1,right,0.023442372679710388,0.1685749590396881,0.04135027900338173,0.7498138546943665,0.016818532720208168,0.8044417500495911,0.0,449.0,475,2,294,0,0,0,100,100,0
535,2140,594,89,594,3,right+B,0.02317667566239834,0.1678313910961151,0.04170204699039459,0.7501774430274963,0.01711243763566017,0.8045395016670227,-1.0,448.0,476,2,293,0,0,0,100,100,0
536,2144,594,79,594,3,right+B,0.023983683437108994,0.17063157260417938,0.0425853356719017,0.7454957962036133,0.017303530126810074,0.814751148223877,0.0,448.0,477,2,293,0,0,0,100,100,0
537,2148,594,79,594,3,right+B,0.023388637229800224,0.16775117814540863,0.04102151095867157,0.7511065006256104,0.016732200980186462,0.8017410039901733,0.0,448.0,478,2,293,0,0,0,100,100,0
538,2152,594,93,594,2,right+A,0.023418337106704712,0.16811080276966095,0.04146304354071617,0.750468909740448,0.016538823023438454,0.8029268980026245,0.0,448.0,479,2,293,0,0,0,100,100,0
539,2156,594,108,594,3,right+B,0.023121928796172142,0.16700038313865662,0.040918704122304916,0.7524246573448181,0.016534369438886642,0.798632800579071,0.0,448.0,480,2,293,0,0,0,100,100,0
540,2160,594,112,594,3,right+B,0.02415098249912262,0.17303742468357086,0.04262186214327812,0.7429162859916687,0.017273472622036934,0.8188430070877075,-1.0,447.0,481,2,292,0,0,0,100,100,0
541,2164,594,106,594,3,right+B,0.023334164172410965,0.16861160099506378,0.041275754570961,0.7500498294830322,0.016728660091757774,0.8035638332366943,0.0,447.0,482,2,292,0,0,0,100,100,0
542,2168,594,89,594,3,right+B,0.024270713329315186,0.17379790544509888,0.043325167149305344,0.7409232258796692,0.017682969570159912,0.8238968253135681,0.0,447.0,483,2,292,0,0,0,100,100,0
543,2172,594,79,594,3,right+B,0.025994114577770233,0.1814134120941162,0.04626115411520004,0.7275770902633667,0.01875426061451435,0.8526939749717712,0.0,447.0,484,2,292,0,0,0,100,100,0
544,2176,594,79,594,3,right+B,0.025572223588824272,0.17816054821014404,0.04517931118607521,0.7326182126998901,0.018469683825969696,0.8426830768585205,0.0,447.0,485,2,292,0,0,0,100,100,0
545,2180,594,79,594,3,right+B,0.026832817122340202,0.18392540514469147,0.04791571944952011,0.7220536470413208,0.019272353500127792,0.8653438091278076,-1.0,446.0,486,2,291,0,0,0,100,100,0
546,2184,594,79,594,1,right,0.02728978917002678,0.18521073460578918,0.048566125333309174,0.7192431092262268,0.019690264016389847,0.8718617558479309,0.0,446.0,487,2,291,0,0,0,100,100,0
547,2188,594,79,594,1,right,0.026661213487386703,0.1821296215057373,0.04650533199310303,0.72588711977005,0.01881670579314232,0.8567999005317688,0.0,446.0,488,2,291,0,0,0,100,100,0
548,2192,594,79,594,0,NOOP,0.026990219950675964,0.1845216602087021,0.04778049513697624,0.7215768098831177,0.019130874425172806,0.8657956719398499,0.0,446.0,489,2,291,0,0,0,100,100,0
549,2196,594,79,594,3,right+B,0.026787875220179558,0.1833849996328354,0.0480445921421051,0.7226086258888245,0.019173922017216682,0.864448070526123,0.0,446.0,490,2,291,0,0,0,100,100,0
550,2200,594,79,594,3,right+B,0.02782427705824375,0.18864749372005463,0.05029604956507683,0.713476300239563,0.019755829125642776,0.8830810785293579,-1.0,445.0,491,2,290,0,0,0,100,100,0
551,2204,594,79,594,1,right,0.027001891285181046,0.18557152152061462,0.04900176823139191,0.7193426489830017,0.019082121551036835,0.8703822493553162,0.0,445.0,492,2,290,0,0,0,100,100,0
552,2208,594,79,594,3,right+B,0.027476336807012558,0.18813782930374146,0.04960210621356964,0.7152397632598877,0.019543983042240143,0.8786629438400269,0.0,445.0,493,2,290,0,0,0,100,100,0
553,2212,594,79,594,3,right+B,0.026368923485279083,0.18539157509803772,0.04816607013344765,0.7211828231811523,0.018890606239438057,0.8651024103164673,0.0,445.0,494,2,290,0,0,0,100,100,0
554,2216,594,79,594,0,NOOP,0.026055535301566124,0.1846219301223755,0.04852326214313507,0.7216874957084656,0.01911182515323162,0.8647861480712891,0.0,445.0,495,2,290,0,0,0,100,100,0
555,2220,594,79,594,3,right+B,0.02705373801290989,0.19295088946819305,0.05138972029089928,0.7085145115852356,0.020091118291020393,0.8903177976608276,-1.0,444.0,496,2,289,0,0,0,100,100,0
556,2224,594,79,594,3,right+B,0.02623744308948517,0.18798987567424774,0.04905778169631958,0.7175707817077637,0.019144004210829735,0.8714957237243652,0.0,444.0,497,2,289,0,0,0,100,100,0
557,2228,594,79,594,1,right,0.0270883459597826,0.19100874662399292,0.0505865253508091,0.7113890051841736,0.01992734707891941,0.8851911425590515,0.0,444.0,498,2,289,0,0,0,100,100,0
558,2232,594,79,594,3,right+B,0.02473641186952591,0.18054747581481934,0.04612042009830475,0.7304227352142334,0.018172964453697205,0.8447384238243103,0.0,444.0,499,2,289,0,0,0,100,100,0
559,2236,594,79,594,1,right,0.02446923777461052,0.17823117971420288,0.04448365792632103,0.7348252534866333,0.01799064688384533,0.8353421092033386,0.0,444.0,500,2,289,0,0,0,100,100,0
560,2240,594,79,594,3,right+B,0.02427068166434765,0.17647872865200043,0.0434846393764019,0.7381791472434998,0.01758677139878273,0.8278511762619019,-1.0,443.0,501,2,288,0,0,0,100,100,0
561,2244,594,79,594,3,right+B,0.024625850841403008,0.1775141954421997,0.04401328042149544,0.7360724210739136,0.017774216830730438,0.8327304124832153,0.0,443.0,502,2,288,0,0,0,100,100,0
562,2248,594,79,594,3,right+B,0.024434782564640045,0.17697368562221527,0.043555766344070435,0.7378315925598145,0.017204130068421364,0.8278856873512268,0.0,443.0,503,2,288,0,0,0,100,100,0
563,2252,594,79,594,1,right,0.024602646008133888,0.17832379043102264,0.04407704249024391,0.7356969118118286,0.017299635335803032,0.8322069644927979,0.0,443.0,504,2,288,0,0,0,100,100,0
564,2256,594,79,594,3,right+B,0.026555456221103668,0.18666355311870575,0.04871852695941925,0.7188872694969177,0.0191752128303051,0.8699651956558228,0.0,443.0,505,2,288,0,0,0,100,100,0
565,2260,594,79,594,1,right,0.02875438518822193,0.19656258821487427,0.05238104239106178,0.7013218402862549,0.020980199798941612,0.9061861634254456,-1.0,442.0,506,2,287,0,0,0,100,100,0
566,2264,594,79,594,1,right,0.0268702432513237,0.18824653327465057,0.04790634289383888,0.7178853750228882,0.019091546535491943,0.870632529258728,0.0,442.0,507,2,287,0,0,0,100,100,0
567,2268,594,79,594,3,right+B,0.02498696930706501,0.17973476648330688,0.04424841329455376,0.7332327365875244,0.017797043547034264,0.83784019947052,0.0,442.0,508,2,287,0,0,0,100,100,0
568,2272,594,79,594,1,right,0.025595225393772125,0.18137943744659424,0.045203883200883865,0.7295658588409424,0.018255582079291344,0.8465555906295776,0.0,442.0,509,2,287,0,0,0,100,100,0
569,2276,594,79,594,3,right+B,0.02580859884619713,0.1819257289171219,0.04658323526382446,0.7270751595497131,0.01860721968114376,0.8531335592269897,0.0,442.0,510,2,287,0,0,0,100,100,0
570,2280,594,79,594,3,right+B,0.025685716420412064,0.1827123910188675,0.045729704201221466,0.7274379134178162,0.01843421906232834,0.8508231043815613,-1.0,441.0,511,2,286,0,0,0,100,100,0
571,2284,594,79,594,3,right+B,0.025699706748127937,0.18379418551921844,0.045559413731098175,0.7263935208320618,0.018553180620074272,0.8523258566856384,0.0,441.0,512,2,286,0,0,0,100,100,0
572,2288,594,79,594,3,right+B,0.024904223158955574,0.17919884622097015,0.04431678354740143,0.7336597442626953,0.017920371145009995,0.8374562859535217,0.0,441.0,513,2,286,0,0,0,100,100,0
573,2292,594,79,594,3,right+B,0.024857454001903534,0.17752951383590698,0.04462314024567604,0.7351294755935669,0.017860442399978638,0.8355718851089478,0.0,441.0,514,2,286,0,0,0,100,100,0
574,2296,594,79,594,3,right+B,0.026563778519630432,0.18827073276042938,0.04896613582968712,0.7171123027801514,0.019087053835392,0.8724969029426575,0.0,441.0,515,2,286,0,0,0,100,100,0
575,2300,594,79,594,3,right+B,0.027691403403878212,0.19381766021251678,0.05164781212806702,0.7069211602210999,0.01992187276482582,0.8935890793800354,-1.0,440.0,516,2,285,0,0,0,100,100,0
576,2304,594,79,594,3,right+B,0.02730066329240799,0.1909569948911667,0.051221538335084915,0.7107999324798584,0.019720876589417458,0.8867514133453369,0.0,440.0,517,2,285,0,0,0,100,100,0
577,2308,594,79,594,1,right,0.026512088254094124,0.1869886964559555,0.04964045062661171,0.7178636193275452,0.018995191901922226,0.8720791339874268,0.0,440.0,518,2,285,0,0,0,100,100,0
578,2312,594,79,594,1,right,0.027377920225262642,0.1887701004743576,0.050945986062288284,0.7129551768302917,0.019950762391090393,0.8842101693153381,0.0,440.0,519,2,285,0,0,0,100,100,0
579,2316,594,79,594,3,right+B,0.026517610996961594,0.18474180996418,0.04944038391113281,0.7202266454696655,0.01907348446547985,0.8688067197799683,0.0,440.0,520,2,285,0,0,0,100,100,0
580,2320,594,79,594,1,right,0.02612834796309471,0.18339933454990387,0.04826488345861435,0.7234760522842407,0.018731389194726944,0.8612712621688843,-1.0,439.0,521,2,284,0,0,0,100,100,0
581,2324,594,79,594,1,right,0.026269415393471718,0.18368616700172424,0.04770847037434578,0.7235361337661743,0.018799740821123123,0.8608728051185608,0.0,439.0,522,2,284,0,0,0,100,100,0
582,2328,594,79,594,0,NOOP,0.026282131671905518,0.18275557458400726,0.04705469682812691,0.7249086499214172,0.01899895630776882,0.8585796356201172,0.0,439.0,523,2,284,0,0,0,100,100,0
583,2332,594,79,594,3,right+B,0.025791287422180176,0.18086417019367218,0.04570920765399933,0.7291781306266785,0.01845717616379261,0.8486384749412537,0.0,439.0,524,2,284,0,0,0,100,100,0
584,2336,594,79,594,3,right+B,0.025821594521403313,0.18155258893966675,0.04541397839784622,0.7288767099380493,0.018335148692131042,0.8484306931495667,0.0,439.0,525,2,284,0,0,0,100,100,0
585,2340,594,93,594,2,right+A,0.02580282837152481,0.1801232099533081,0.045321814715862274,0.7306634783744812,0.018088677898049355,0.8452081680297852,-1.0,438.0,526,2,283,0,0,0,100,100,0
586,2344,594,108,594,1,right,0.02551964297890663,0.17921333014965057,0.04584323614835739,0.7312811613082886,0.018142670392990112,0.8446292281150818,0.0,438.0,527,2,283,0,0,0,100,100,0
587,2348,594,112,594,1,right,0.025319404900074005,0.18058550357818604,0.04564211890101433,0.7301502823829651,0.01830274425446987,0.8459135293960571,0.0,438.0,528,2,283,0,0,0,100,100,0
588,2352,594,106,594,0,NOOP,0.02440468594431877,0.17549069225788116,0.04373636469244957,0.7387062907218933,0.017662012949585915,0.8278846740722656,0.0,438.0,529,2,283,0,0,0,100,100,0
589,2356,594,89,594,3,right+B,0.024667730554938316,0.17672136425971985,0.04446979612112045,0.7360264658927917,0.01811455562710762,0.834290623664856,0.0,438.0,530,2,283,0,0,0,100,100,0
590,2360,594,79,594,3,right+B,0.025037048384547234,0.17628465592861176,0.04458266496658325,0.7359899878501892,0.018105613067746162,0.8352020978927612,-1.0,437.0,531,2,282,0,0,0,100,100,0
591,2364,594,79,594,1,right,0.023678163066506386,0.16886766254901886,0.04197044298052788,0.748116135597229,0.0173676535487175,0.8095611929893494,0.0,437.0,532,2,282,0,0,0,100,100,0
592,2368,594,79,594,3,right+B,0.02353641763329506,0.16857658326625824,0.04174795001745224,0.7491376399993896,0.01700136996805668,0.8066135048866272,0.0,437.0,533,2,282,0,0,0,100,100,0
593,2372,594,79,594,3,right+B,0.023084156215190887,0.16681231558322906,0.040375273674726486,0.7531250715255737,0.01660328172147274,0.7968948483467102,0.0,437.0,534,2,282,0,0,0,100,100,0
594,2376,594,79,594,3,right+B,0.023314066231250763,0.1677609384059906,0.04068038985133171,0.7515274286270142,0.01671708934009075,0.8004459738731384,0.0,437.0,535,2,282,0,0,0,100,100,0
595,2380,594,79,594,1,right,0.02344578132033348,0.16806869208812714,0.041251346468925476,0.7503748536109924,0.01685921847820282,0.803564727306366,-1.0,436.0,536,2,281,0,0,0,100,100,0
596,2384,594,79,594,3,right+B,0.023600170388817787,0.16906622052192688,0.04160939157009125,0.7486774921417236,0.017046691849827766,0.8073347210884094,0.0,436.0,537,2,281,0,0,0,100,100,0
597,2388,594,79,594,3,right+B,0.023299403488636017,0.16796039044857025,0.040852777659893036,0.7513436675071716,0.016543682664632797,0.8005353808403015,0.0,436.0,538,2,281,0,0,0,100,100,0
598,2392,594,79,594,3,right+B,0.023494375869631767,0.16889704763889313,0.04114580526947975,0.7499213218688965,0.016541436314582825,0.8034547567367554,0.0,436.0,539,2,281,0,0,0,100,100,0
599,2396,594,79,594,3,right+B,0.023622598499059677,0.16934192180633545,0.04151289537549019,0.7489456534385681,0.016576848924160004,0.8057593107223511,0.0,436.0,540,2,281,0,0,0,100,100,0
600,2400,594,79,594,3,right+B,0.023315008729696274,0.1678011119365692,0.041192859411239624,0.7511801719665527,0.0165108609944582,0.8012144565582275,-1.0,435.0,541,2,280,0,0,0,100,100,0
601,2404,594,93,594,2,right+A,0.02293551154434681,0.16672693192958832,0.040057942271232605,0.7540994882583618,0.01618005707859993,0.7936972379684448,0.0,435.0,542,2,280,0,0,0,100,100,0
602,2408,594,108,594,3,right+B,0.022838493809103966,0.166506826877594,0.04029405117034912,0.7540906071662903,0.016270052641630173,0.7940637469291687,0.0,435.0,543,2,280,0,0,0,100,100,0
603,2412,594,112,594,3,right+B,0.023324403911828995,0.16922613978385925,0.04110955074429512,0.7494667768478394,0.0168730691075325,0.8045119643211365,0.0,435.0,544,2,280,0,0,0,100,100,0
604,2416,594,106,594,3,right+B,0.023308994248509407,0.16779688000679016,0.04069008678197861,0.7514210939407349,0.01678294874727726,0.8007608652114868,0.0,435.0,545,2,280,0,0,0,100,100,0
605,2420,594,89,594,3,right+B,0.023763125762343407,0.1701924204826355,0.04266343638300896,0.7457043528556824,0.01767662726342678,0.8149675726890564,-1.0,434.0,546,2,279,0,0,0,100,100,0
606,2424,594,79,594,3,right+B,0.025073524564504623,0.17585965991020203,0.044422030448913574,0.7365429401397705,0.018101954832673073,0.8342530131340027,0.0,434.0,547,2,279,0,0,0,100,100,0
607,2428,594,79,594,3,right+B,0.02545417845249176,0.1779078096151352,0.04442637413740158,0.7339136004447937,0.018298069015145302,0.839191734790802,0.0,434.0,548,2,279,0,0,0,100,100,0
608,2432,594,79,594,1,right,0.02574051171541214,0.1786796897649765,0.045337338000535965,0.7319457530975342,0.018296604976058006,0.8437821865081787,0.0,434.0,549,2,279,0,0,0,100,100,0
609,2436,594,79,594,3,right+B,0.02608991600573063,0.18002568185329437,0.04612111300230026,0.729180634021759,0.01858261227607727,0.8500636219978333,0.0,434.0,550,2,279,0,0,0,100,100,0
610,2440,594,79,594,3,right+B,0.02801317162811756,0.18893219530582428,0.04957938939332962,0.7136590480804443,0.01981622911989689,0.8823823928833008,-1.0,433.0,551,2,278,0,0,0,100,100,0
611,2444,594,79,594,3,right+B,0.02688152715563774,0.18373417854309082,0.047246053814888,0.7233684062957764,0.018769897520542145,0.8615925312042236,0.0,433.0,552,2,278,0,0,0,100,100,0
612,2448,594,79,594,3,right+B,0.026527829468250275,0.18204842507839203,0.04669608175754547,0.7262065410614014,0.018521174788475037,0.8556884527206421,0.0,433.0,553,2,278,0,0,0,100,100,0
613,2452,594,79,594,1,right,0.026273753494024277,0.18241196870803833,0.04673891142010689,0.7261242270469666,0.018451133742928505,0.8552095890045166,0.0,433.0,554,2,278,0,0,0,100,100,0
614,2456,594,79,594,1,right,0.02663961984217167,0.18289098143577576,0.04774906858801842,0.7237321138381958,0.018988268449902534,0.8618035316467285,0.0,433.0,555,2,278,0,0,0,100,100,0
615,2460,594,79,594,3,right+B,0.02795875072479248,0.1894238442182541,0.05068577080965042,0.7118706107139587,0.020061001181602478,0.886670708656311,-1.0,432.0,556,2,277,0,0,0,100,100,0
616,2464,594,79,594,3,right+B,0.027150772511959076,0.1859746277332306,0.04875820502638817,0.7186424732208252,0.019473971799016,0.8721792697906494,0.0,432.0,557,2,277,0,0,0,100,100,0
617,2468,594,93,594,2,right+A,0.027710461989045143,0.18890641629695892,0.04941413551568985,0.7140985131263733,0.01987052708864212,0.8811197876930237,0.0,432.0,558,2,277,0,0,0,100,100,0
618,2472,594,108,594,3,right+B,0.026179855689406395,0.18397295475006104,0.04832813888788223,0.7223784923553467,0.019140539690852165,0.8638896942138672,0.0,432.0,559,2,277,0,0,0,100,100,0
619,2476,594,112,594,1,right,0.02761046029627323,0.19476240873336792,0.05206935852766037,0.7050495743751526,0.020508231595158577,0.897729754447937,0.0,432.0,560,2,277,0,0,0,100,100,0
620,2480,594,106,594,3,right+B,0.026450147852301598,0.18925714492797852,0.049808256328105927,0.7151509523391724,0.019333526492118835,0.8765813112258911,-1.0,431.0,561,2,276,0,0,0,100,100,0
621,2484,594,89,594,2,right+A,0.026858968660235405,0.18991245329380035,0.05157199874520302,0.7116683125495911,0.01998833566904068,0.8858094215393066,0.0,431.0,562,2,276,0,0,0,100,100,0
622,2488,594,79,594,3,right+B,0.026748819276690483,0.18979638814926147,0.05043722689151764,0.7136073708534241,0.01941022463142872,0.8802275061607361,0.0,431.0,563,2,276,0,0,0,100,100,0
623,2492,594,79,594,3,right+B,0.024413472041487694,0.17799410223960876,0.04527364298701286,0.7347539067268372,0.017564887180924416,0.8354402780532837,0.0,431.0,564,2,276,0,0,0,100,100,0
624,2496,594,79,594,3,right+B,0.025073351338505745,0.1804622858762741,0.04576480761170387,0.7307707071304321,0.01792888529598713,0.8438708782196045,0.0,431.0,565,2,276,0,0,0,100,100,0
625,2500,594,79,594,1,right,0.024666626006364822,0.17776155471801758,0.04437268525362015,0.7355627417564392,0.017636461183428764,0.8337178230285645,-1.0,430.0,566,2,275,0,0,0,100,100,0
626,2504,594,79,594,3,right+B,0.02515120431780815,0.1788223534822464,0.04451056942343712,0.7338275909423828,0.017688289284706116,0.837439775466919,0.0,430.0,567,2,275,0,0,0,100,100,0
627,2508,594,79,594,3,right+B,0.024724826216697693,0.1770617514848709,0.043902572244405746,0.7369424104690552,0.017368506640195847,0.8305944800376892,0.0,430.0,568,2,275,0,0,0,100,100,0
628,2512,594,79,594,3,right+B,0.025127356871962547,0.17926818132400513,0.04531766474246979,0.7323429584503174,0.017943797633051872,0.8411914110183716,0.0,430.0,569,2,275,0,0,0,100,100,0
629,2516,594,79,594,3,right+B,0.028078487142920494,0.1926652044057846,0.05102892965078354,0.7077558040618896,0.020471511408686638,0.8936764597892761,0.0,430.0,570,2,275,0,0,0,100,100,0
630,2520,594,79,594,3,right+B,0.027939194813370705,0.19144189357757568,0.05015691742300987,0.7103952169418335,0.020066794008016586,0.8878875970840454,-1.0,429.0,571,2,274,0,0,0,100,100,0
631,2524,594,79,594,3,right+B,0.026415500789880753,0.18469668924808502,0.04681060463190079,0.7235413193702698,0.018535878509283066,0.8593246340751648,0.0,429.0,572,2,274,0,0,0,100,100,0
632,2528,594,79,594,0,NOOP,0.025738494470715523,0.18141929805278778,0.04555469751358032,0.7292138934135437,0.018073638901114464,0.8473929166793823,0.0,429.0,573,2,274,0,0,0,100,100,0
633,2532,594,79,594,3,right+B,0.026462122797966003,0.1843002438545227,0.046625662595033646,0.7241122126579285,0.018499769270420074,0.8582978844642639,0.0,429.0,574,2,274,0,0,0,100,100,0
634,2536,594,79,594,3,right+B,0.02609613537788391,0.18409180641174316,0.046711042523384094,0.7247922420501709,0.018308738246560097,0.856330931186676,0.0,429.0,575,2,274,0,0,0,100,100,0
635,2540,594,79,594,3,right+B,0.026383262127637863,0.18661732971668243,0.04658086970448494,0.7219594120979309,0.018459225073456764,0.8609179854393005,-1.0,428.0,576,2,273,0,0,0,100,100,0
636,2544,594,79,594,3,right+B,0.024552490562200546,0.17797425389289856,0.043503616005182266,0.7367795705795288,0.01719006896018982,0.8295110464096069,0.0,428.0,577,2,273,0,0,0,100,100,0
637,2548,594,79,594,3,right+B,0.02404717355966568,0.17423835396766663,0.042658284306526184,0.7420849204063416,0.016971327364444733,0.8191974759101868,0.0,428.0,578,2,273,0,0,0,100,100,0
638,2552,594,79,594,3,right+B,0.026154808700084686,0.18488755822181702,0.04791866987943649,0.7223110795021057,0.018727868795394897,0.8624434471130371,0.0,428.0,579,2,273,0,0,0,100,100,0
639,2556,594,93,594,2,right+A,0.027351878583431244,0.1919170618057251,0.050939250737428665,0.7100605964660645,0.019731275737285614,0.8874713778495789,0.0,428.0,580,2,273,0,0,0,100,100,0
640,2560,594,108,594,3,right+B,0.027983345091342926,0.19516614079475403,0.0521220900118351,0.7044824957847595,0.020245913416147232,0.8986620306968689,-1.0,427.0,581,2,272,0,0,0,100,100,0
641,2564,594,112,594,3,right+B,0.027604900300502777,0.19230453670024872,0.051653388887643814,0.7085133194923401,0.019923876971006393,0.8913646936416626,0.0,427.0,582,2,272,0,0,0,100,100,0
642,2568,594,106,594,1,right,0.027766525745391846,0.18991930782794952,0.05182092636823654,0.7103776335716248,0.020115692168474197,0.8898835778236389,0.0,427.0,583,2,272,0,0,0,100,100,0
643,2572,594,89,594,4,right+A+B,0.0278717502951622,0.19117854535579681,0.05305592343211174,0.7072655558586121,0.020628200843930244,0.896913468837738,0.0,427.0,584,2,272,0,0,0,100,100,0
644,2576,594,79,594,3,right+B,0.02686890959739685,0.1860547661781311,0.05010483041405678,0.7177110314369202,0.019260475412011147,0.8741950392723083,0.0,427.0,585,2,272,0,0,0,100,100,0
645,2580,594,79,594,3,right+B,0.026729613542556763,0.18505282700061798,0.048902858048677444,0.7202438712120056,0.019070815294981003,0.8684762716293335,-1.0,426.0,586,2,271,0,0,0,100,100,0
646,2584,594,79,594,1,right,0.026904195547103882,0.18498700857162476,0.04897765815258026,0.72012859582901,0.01900254376232624,0.8689143061637878,0.0,426.0,587,2,271,0,0,0,100,100,0
647,2588,594,79,594,3,right+B,0.02611604519188404,0.18120954930782318,0.04675906151533127,0.7275606393814087,0.018354665488004684,0.8527196645736694,0.0,426.0,588,2,271,0,0,0,100,100,0
648,2592,594,79,594,1,right,0.025769080966711044,0.18060803413391113,0.045458026230335236,0.7303135395050049,0.017851244658231735,0.8452720046043396,0.0,426.0,589,2,271,0,0,0,100,100,0
649,2596,594,79,594,3,right+B,0.025878502056002617,0.18121683597564697,0.04568725824356079,0.7292143702507019,0.018003053963184357,0.8476852178573608,0.0,426.0,590,2,271,0,0,0,100,100,0
650,2600,594,79,594,3,right+B,0.0256689190864563,0.17890901863574982,0.045636050403118134,0.7318152189254761,0.017970839515328407,0.8434909582138062,-1.0,425.0,591,2,270,0,0,0,100,100,0
651,2604,594,79,594,1,right,0.025759747251868248,0.1799721121788025,0.046139415353536606,0.7297136783599854,0.01841508224606514,0.8483217358589172,0.0,425.0,592,2,270,0,0,0,100,100,0
652,2608,594,79,594,3,right+B,0.025004804134368896,0.1778251975774765,0.04429450258612633,0.7348456978797913,0.018029842525720596,0.8361971974372864,0.0,425.0,593,2,270,0,0,0,100,100,0
653,2612,594,79,594,3,right+B,0.025797737762331963,0.1802036166191101,0.045396871864795685,0.7301148176193237,0.0184869896620512,0.8469808101654053,0.0,425.0,594,2,270,0,0,0,100,100,0
654,2616,594,79,594,3,right+B,0.025211354717612267,0.1768042892217636,0.044307876378297806,0.735598623752594,0.01807786151766777,0.8356583714485168,0.0,425.0,595,2,270,0,0,0,100,100,0
655,2620,594,79,594,1,right,0.024592958390712738,0.17330622673034668,0.042952194809913635,0.741463840007782,0.017684808000922203,0.8232288360595703,-1.0,424.0,596,2,269,0,0,0,100,100,0
656,2624,594,79,594,1,right,0.02401844412088394,0.17046593129634857,0.042070548981428146,0.7460513710975647,0.01739378459751606,0.813488781452179,0.0,424.0,597,2,269,0,0,0,100,100,0
657,2628,594,79,594,3,right+B,0.023683061823248863,0.16965779662132263,0.04133082926273346,0.7483987808227539,0.016929607838392258,0.8072510361671448,0.0,424.0,598,2,269,0,0,0,100,100,0
658,2632,594,79,594,3,right+B,0.02355567365884781,0.16936492919921875,0.04129549115896225,0.7490271925926208,0.016756737604737282,0.8056173324584961,0.0,424.0,599,2,269,0,0,0,100,100,0
659,2636,594,79,594,3,right+B,0.023446237668395042,0.16846123337745667,0.04093308374285698,0.7506371140480042,0.016522293910384178,0.8019462823867798,0.0,424.0,600,2,269,0,0,0,100,100,0
660,2640,594,79,594,3,right+B,0.023236965760588646,0.1673072874546051,0.040966153144836426,0.7520085573196411,0.016481036320328712,0.7994294166564941,-1.0,423.0,601,2,268,0,0,0,100,100,0
661,2644,594,79,594,3,right+B,0.022982986643910408,0.16690769791603088,0.040447451174259186,0.7533317804336548,0.016330087557435036,0.795852541923523,0.0,423.0,602,2,268,0,0,0,100,100,0
662,2648,594,79,594,3,right+B,0.023168696090579033,0.16821296513080597,0.040771570056676865,0.7513863444328308,0.016460439190268517,0.7999047636985779,0.0,423.0,603,2,268,0,0,0,100,100,0
663,2652,594,79,594,3,right+B,0.02329290471971035,0.16830472648143768,0.04087424650788307,0.7509283423423767,0.01659979671239853,0.8013049364089966,0.0,423.0,604,2,268,0,0,0,100,100,0
664,2656,594,79,594,3,right+B,0.023292161524295807,0.16795696318149567,0.04095920920372009,0.7511122822761536,0.016679421067237854,0.801332414150238,0.0,423.0,605,2,268,0,0,0,100,100,0
665,2660,594,79,594,3,right+B,0.02351641282439232,0.1685899943113327,0.04142458736896515,0.7495043873786926,0.016964653506875038,0.8054901361465454,-1.0,422.0,606,2,267,0,0,0,100,100,0
666,2664,594,79,594,3,right+B,0.023310134187340736,0.16814002394676208,0.040784675627946854,0.7511601448059082,0.016604989767074585,0.8008771538734436,0.0,422.0,607,2,267,0,0,0,100,100,0
667,2668,594,79,594,1,right,0.023132478818297386,0.1666555553674698,0.040263693779706955,0.7534244060516357,0.016523785889148712,0.7961967587471008,0.0,422.0,608,2,267,0,0,0,100,100,0
668,2672,594,79,594,3,right+B,0.023697268217802048,0.16904447972774506,0.04141212999820709,0.7488691210746765,0.016976967453956604,0.8068032264709473,0.0,422.0,609,2,267,0,0,0,100,100,0
669,2676,594,79,594,3,right+B,0.024338509887456894,0.17197443544864655,0.042775847017765045,0.743388831615448,0.01752229779958725,0.8193066120147705,0.0,422.0,610,2,267,0,0,0,100,100,0
670,2680,594,79,594,3,right+B,0.024185484275221825,0.17168758809566498,0.04224933683872223,0.7447421550750732,0.01713549718260765,0.8154010772705078,-1.0,421.0,611,2,266,0,0,0,100,100,0
671,2684,594,79,594,3,right+B,0.02509279176592827,0.17665481567382812,0.04365522041916847,0.7369014620780945,0.017695633694529533,0.8317846059799194,0.0,421.0,612,2,266,0,0,0,100,100,0
672,2688,594,79,594,3,right+B,0.025309566408395767,0.1772935390472412,0.04448244348168373,0.7349486947059631,0.017965784296393394,0.8367603421211243,0.0,421.0,613,2,266,0,0,0,100,100,0
673,2692,594,79,594,3,right+B,0.025503503158688545,0.17838330566883087,0.04499886929988861,0.7329593896865845,0.018154941499233246,0.8411029577255249,0.0,421.0,614,2,266,0,0,0,100,100,0
674,2696,594,79,594,3,right+B,0.027156490832567215,0.18574665486812592,0.04793761670589447,0.7197862863540649,0.019372982904314995,0.8693092465400696,0.0,421.0,615,2,266,0,0,0,100,100,0
675,2700,594,79,594,3,right+B,0.026702849194407463,0.1829414963722229,0.04729948937892914,0.7240578532218933,0.018998268991708755,0.860893726348877,-1.0,420.0,616,2,265,0,0,0,100,100,0
676,2704,594,79,594,3,right+B,0.02660062164068222,0.18200895190238953,0.046430960297584534,0.7261981964111328,0.018761277198791504,0.856025755405426,0.0,420.0,617,2,265,0,0,0,100,100,0
677,2708,594,79,594,1,right,0.026455292478203773,0.18283678591251373,0.046792466193437576,0.72515869140625,0.018756797537207603,0.8576642274856567,0.0,420.0,618,2,265,0,0,0,100,100,0
678,2712,594,79,594,3,right+B,0.026173872873187065,0.18078482151031494,0.04691058024764061,0.7273178696632385,0.018812762573361397,0.8544167876243591,0.0,420.0,619,2,265,0,0,0,100,100,0
679,2716,594,79,594,3,right+B,0.028107494115829468,0.18944735825061798,0.05085412412881851,0.7113242745399475,0.020266760140657425,0.8883607387542725,0.0,420.0,620,2,265,0,0,0,100,100,0
680,2720,594,79,594,3,right+B,0.026887694373726845,0.1849195957183838,0.04834715276956558,0.7205453515052795,0.019300198182463646,0.8681488633155823,-1.0,419.0,621,2,264,0,0,0,100,100,0
681,2724,594,79,594,3,right+B,0.02754853293299675,0.18803492188453674,0.04928788170218468,0.7154173254966736,0.019711343571543694,0.8785229921340942,0.0,419.0,622,2,264,0,0,0,100,100,0
682,2728,594,79,594,3,right+B,0.02668294496834278,0.18645325303077698,0.048841144889593124,0.71883225440979,0.019190369173884392,0.8704866170883179,0.0,419.0,623,2,264,0,0,0,100,100,0
683,2732,594,79,594,3,right+B,0.026852237060666084,0.18937982618808746,0.05014564096927643,0.7140997052192688,0.019522584974765778,0.8796457052230835,0.0,419.0,624,2,264,0,0,0,100,100,0
684,2736,594,79,594,3,right+B,0.026582881808280945,0.19137102365493774,0.05111028626561165,0.7114740610122681,0.019461700692772865,0.8837220072746277,0.0,419.0,625,2,264,0,0,0,100,100,0
685,2740,594,79,594,3,right+B,0.026172161102294922,0.18841902911663055,0.04913220554590225,0.7173342704772949,0.018942296504974365,0.8713213801383972,-1.0,418.0,626,2,263,0,0,0,100,100,0
686,2744,594,79,594,3,right+B,0.026229320093989372,0.1871214509010315,0.048623647540807724,0.7188350558280945,0.019190534949302673,0.8693044781684875,0.0,418.0,627,2,263,0,0,0,100,100,0
687,2748,594,79,594,3,right+B,0.024428289383649826,0.17844656109809875,0.04532954841852188,0.7338657975196838,0.017929790541529655,0.8376455307006836,0.0,418.0,628,2,263,0,0,0,100,100,0
688,2752,594,79,594,3,right+B,0.025225069373846054,0.18206775188446045,0.046148963272571564,0.727892279624939,0.018665926530957222,0.8503949642181396,0.0,418.0,629,2,263,0,0,0,100,100,0
689,2756,594,93,594,2,right+A,0.025312434881925583,0.18153679370880127,0.04522980749607086,0.7294559478759766,0.01846500113606453,0.8466686010360718,0.0,418.0,630,2,263,0,0,0,100,100,0
690,2760,594,108,594,3,right+B,0.025086279958486557,0.179067924618721,0.04545807093381882,0.7320727109909058,0.0183150265365839,0.8425343036651611,-1.0,417.0,631,2,262,0,0,0,100,100,0
691,2764,594,112,594,3,right+B,0.025242164731025696,0.1810324490070343,0.04535160958766937,0.7301613092422485,0.01821248233318329,0.845138430595398,0.0,417.0,632,2,262,0,0,0,100,100,0
692,2768,594,106,594,3,right+B,0.02427789196372032,0.17650167644023895,0.04320096969604492,0.7387338876724243,0.017285536974668503,0.8259758353233337,0.0,417.0,633,2,262,0,0,0,100,100,0
693,2772,594,89,594,3,right+B,0.025628872215747833,0.1821383386850357,0.04711250960826874,0.7261210680007935,0.01899915561079979,0.8557108640670776,0.0,417.0,634,2,262,0,0,0,100,100,0
694,2776,594,79,594,1,right,0.02858167141675949,0.195542111992836,0.05212227255105972,0.7030656337738037,0.020688362419605255,0.9026329517364502,0.0,417.0,635,2,262,0,0,0,100,100,0
695,2780,594,79,594,3,right+B,0.02714473009109497,0.18880103528499603,0.04876770079135895,0.7161858677864075,0.019100600853562355,0.8746291995048523,-1.0,416.0,636,2,261,0,0,0,100,100,0
696,2784,594,79,594,3,right+B,0.02525240369141102,0.17963944375514984,0.045111365616321564,0.732470691204071,0.01752610132098198,0.8400062322616577,0.0,416.0,637,2,261,0,0,0,100,100,0
697,2788,594,79,594,3,right+B,0.025458216667175293,0.18077635765075684,0.045066967606544495,0.7309297919273376,0.017768608406186104,0.8430710434913635,0.0,416.0,638,2,261,0,0,0,100,100,0
698,2792,594,79,594,3,right+B,0.02620396576821804,0.184071883559227,0.046658605337142944,0.7246073484420776,0.018458252772688866,0.8570675253868103,0.0,416.0,639,2,261,0,0,0,100,100,0
699,2796,594,79,594,3,right+B,0.025411076843738556,0.18153725564479828,0.045388754457235336,0.7295626401901245,0.01810028776526451,0.8460978865623474,0.0,416.0,640,2,261,0,0,0,100,100,0
700,2800,594,79,594,3,right+B,0.025941302999854088,0.1851896047592163,0.046317826956510544,0.723861038684845,0.018690166994929314,0.8576358556747437,-1.0,415.0,641,2,260,0,0,0,100,100,0
701,2804,594,79,594,3,right+B,0.024451348930597305,0.1760573387145996,0.04328930377960205,0.7387821078300476,0.01741994544863701,0.8266857862472534,0.0,415.0,642,2,260,0,0,0,100,100,0
702,2808,594,79,594,3,right+B,0.02492990903556347,0.17791688442230225,0.044657062739133835,0.7345001697540283,0.017996035516262054,0.8369654417037964,0.0,415.0,643,2,260,0,0,0,100,100,0
703,2812,594,79,594,3,right+B,0.026962894946336746,0.1898580640554428,0.05011039227247238,0.7134973406791687,0.019571419805288315,0.8807246685028076,0.0,415.0,644,2,260,0,0,0,100,100,0
704,2816,594,79,594,3,right+B,0.028029775246977806,0.19473867118358612,0.05209130421280861,0.7045534253120422,0.020586876198649406,0.8993898034095764,0.0,415.0,645,2,260,0,0,0,100,100,0
705,2820,594,79,594,1,right,0.027322348207235336,0.1907021403312683,0.050529904663562775,0.7117385864257812,0.019707011058926582,0.8846126198768616,-1.0,414.0,646,2,259,0,0,0,100,100,0
706,2824,594,79,594,3,right+B,0.027446238324046135,0.19072812795639038,0.051740072667598724,0.7101790904998779,0.019906464964151382,0.8889497518539429,0.0,414.0,647,2,259,0,0,0,100,100,0
707,2828,594,79,594,3,right+B,0.027996022254228592,0.19108715653419495,0.052164312452077866,0.7085734009742737,0.020179063081741333,0.893284797668457,0.0,414.0,648,2,259,0,0,0,100,100,0
708,2832,594,79,594,3,right+B,0.02618899568915367,0.18369963765144348,0.04900481179356575,0.7223974466323853,0.018709123134613037,0.863800048828125,0.0,414.0,649,2,259,0,0,0,100,100,0
709,2836,594,79,594,3,right+B,0.026530280709266663,0.1854688823223114,0.048296861350536346,0.7210050225257874,0.018698936328291893,0.8653954267501831,0.0,414.0,650,2,259,0,0,0,100,100,0
710,2840,594,79,594,3,right+B,0.02665330469608307,0.18469813466072083,0.04834292083978653,0.7214043140411377,0.01890128292143345,0.8656156659126282,-1.0,413.0,651,2,258,0,0,0,100,100,0
711,2844,594,79,594,3,right+B,0.026159629225730896,0.18235884606838226,0.047030314803123474,0.7257565855979919,0.01869465783238411,0.8564481735229492,0.0,413.0,652,2,258,0,0,0,100,100,0
712,2848,594,79,594,3,right+B,0.025773916393518448,0.1806444227695465,0.045468106865882874,0.7299196124076843,0.018193913623690605,0.8466353416442871,0.0,413.0,653,2,258,0,0,0,100,100,0
713,2852,594,79,594,3,right+B,0.025589460507035255,0.18055635690689087,0.044971954077482224,0.7307745218276978,0.018107712268829346,0.8441961407661438,0.0,413.0,654,2,258,0,0,0,100,100,0
714,2856,594,79,594,1,right,0.025615286082029343,0.17949838936328888,0.04509793594479561,0.7316908836364746,0.018097441643476486,0.843113124370575,0.0,413.0,655,2,258,0,0,0,100,100,0
715,2860,594,79,594,3,right+B,0.025973310694098473,0.1805189847946167,0.04638608917593956,0.7284601926803589,0.01866145431995392,0.8513838052749634,-1.0,412.0,656,2,257,0,0,0,100,100,0
716,2864,594,79,594,3,right+B,0.02534257061779499,0.17898336052894592,0.04531664773821831,0.7320050001144409,0.018352463841438293,0.8430235385894775,0.0,412.0,657,2,257,0,0,0,100,100,0
717,2868,594,79,594,3,right+B,0.025538792833685875,0.17997756600379944,0.045268453657627106,0.7307121753692627,0.018503013998270035,0.8454993367195129,0.0,412.0,658,2,257,0,0,0,100,100,0
718,2872,594,79,594,3,right+B,0.02494148351252079,0.1765328049659729,0.043829403817653656,0.7369691133499146,0.017727160826325417,0.8317078351974487,0.0,412.0,659,2,257,0,0,0,100,100,0
719,2876,594,93,594,4,right+A+B,0.02500101365149021,0.17550258338451385,0.04424280673265457,0.7374172806739807,0.01783628948032856,0.8320054411888123,0.0,412.0,660,2,257,0,0,0,100,100,0
720,2880,594,108,594,3,right+B,0.024178683757781982,0.1722596138715744,0.043155547231435776,0.7429719567298889,0.01743420585989952,0.8199288845062256,-1.0,411.0,661,2,256,0,0,0,100,100,0
721,2884,594,112,594,3,right+B,0.023701293393969536,0.17119428515434265,0.041746534407138824,0.7463641166687012,0.016993805766105652,0.8110296726226807,0.0,411.0,662,2,256,0,0,0,100,100,0
722,2888,594,106,594,3,right+B,0.02311073988676071,0.1670616716146469,0.04023418202996254,0.7532083988189697,0.016384998336434364,0.7961161136627197,0.0,411.0,663,2,256,0,0,0,100,100,0
723,2892,594,89,594,3,right+B,0.023207219317555428,0.16738253831863403,0.04134819656610489,0.7511651515960693,0.016896909102797508,0.8021320104598999,0.0,411.0,664,2,256,0,0,0,100,100,0
724,2896,594,79,594,3,right+B,0.02417900413274765,0.1713608354330063,0.042864710092544556,0.744209885597229,0.017385605722665787,0.8176016807556152,0.0,411.0,665,2,256,0,0,0,100,100,0
725,2900,594,79,594,3,right+B,0.023233408108353615,0.16653861105442047,0.04091320559382439,0.7525367140769958,0.016778085380792618,0.7992379069328308,-1.0,410.0,666,2,255,0,0,0,100,100,0
726,2904,594,79,594,3,right+B,0.023501720279455185,0.1682811975479126,0.04153033345937729,0.7499683499336243,0.016718385741114616,0.804349422454834,0.0,410.0,667,2,255,0,0,0,100,100,0
727,2908,594,79,594,3,right+B,0.02324088290333748,0.16729682683944702,0.04092424362897873,0.7519065737724304,0.01663149520754814,0.799879252910614,0.0,410.0,668,2,255,0,0,0,100,100,0
728,2912,594,79,594,3,right+B,0.023414427414536476,0.16851162910461426,0.040987368673086166,0.750388503074646,0.016698023304343224,0.8027389645576477,0.0,410.0,669,2,255,0,0,0,100,100,0
729,2916,594,79,594,3,right+B,0.023750226944684982,0.16931256651878357,0.04157883673906326,0.7484760284423828,0.016882313415408134,0.8075083494186401,0.0,410.0,670,2,255,0,0,0,100,100,0
730,2920,594,79,594,3,right+B,0.0236495453864336,0.16946633160114288,0.04164040461182594,0.7484433650970459,0.016800345852971077,0.8072560429573059,-1.0,409.0,671,2,254,0,0,0,100,100,0
731,2924,594,79,594,3,right+B,0.023435363546013832,0.16883055865764618,0.04092702642083168,0.7504059672355652,0.01640108786523342,0.801979660987854,0.0,409.0,672,2,254,0,0,0,100,100,0
732,2928,594,79,594,3,right+B,0.023189550265669823,0.16688483953475952,0.04055660590529442,0.7530022263526917,0.016366826370358467,0.7969977259635925,0.0,409.0,673,2,254,0,0,0,100,100,0
733,2932,594,79,594,3,right+B,0.02361832559108734,0.16926664113998413,0.041107118129730225,0.7493300437927246,0.016677917912602425,0.8048418760299683,0.0,409.0,674,2,254,0,0,0,100,100,0
734,2936,594,79,594,3,right+B,0.024226196110248566,0.17159870266914368,0.042547717690467834,0.7442666888237,0.017360704019665718,0.8171130418777466,0.0,409.0,675,2,254,0,0,0,100,100,0
735,2940,594,79,594,3,right+B,0.02442799136042595,0.17370037734508514,0.04248664155602455,0.7420229315757751,0.017361989244818687,0.8207008838653564,-1.0,408.0,676,2,253,0,0,0,100,100,0
736,2944,594,79,594,1,right,0.02531956322491169,0.1779017150402069,0.04398052394390106,0.7346630096435547,0.01813521608710289,0.836875319480896,0.0,408.0,677,2,253,0,0,0,100,100,0
737,2948,594,79,594,3,right+B,0.025299474596977234,0.1766878068447113,0.04407401382923126,0.7358354330062866,0.018103305250406265,0.8352257609367371,0.0,408.0,678,2,253,0,0,0,100,100,0
738,2952,594,79,594,3,right+B,0.026490451768040657,0.1826266050338745,0.04664374887943268,0.7252557873725891,0.01898340694606304,0.8579097986221313,0.0,408.0,679,2,253,0,0,0,100,100,0
739,2956,594,79,594,3,right+B,0.02754652313888073,0.1864796280860901,0.04848003387451172,0.7178325653076172,0.019661279395222664,0.8740800023078918,0.0,408.0,680,2,253,0,0,0,100,100,0
740,2960,594,79,594,1,right,0.026728855445981026,0.1827816516160965,0.046743761748075485,0.7248572111129761,0.01888853684067726,0.8588399887084961,-1.0,407.0,681,2,252,0,0,0,100,100,0
741,2964,594,79,594,3,right+B,0.026627693325281143,0.18186511099338531,0.04664298892021179,0.7261151075363159,0.018749099224805832,0.8564541935920715,0.0,407.0,682,2,252,0,0,0,100,100,0
742,2968,594,93,594,2,right+A,0.026486774906516075,0.18305785953998566,0.047263555228710175,0.7245423197746277,0.018649481236934662,0.8589686751365662,0.0,407.0,683,2,252,0,0,0,100,100,0
743,2972,594,108,594,1,right,0.02730310708284378,0.18636907637119293,0.04944460093975067,0.7174394130706787,0.01944376341998577,0.8749425411224365,0.0,407.0,684,2,252,0,0,0,100,100,0
744,2976,594,112,594,3,right+B,0.02732088416814804,0.18792767822742462,0.04954467713832855,0.7157459855079651,0.019460733979940414,0.8774218559265137,0.0,407.0,685,2,252,0,0,0,100,100,0
745,2980,594,106,594,3,right+B,0.026000747457146645,0.1814640611410141,0.046655990183353424,0.727460503578186,0.018418744206428528,0.8526421785354614,-1.0,406.0,686,2,251,0,0,0,100,100,0
746,2984,594,89,594,1,right,0.027121789753437042,0.18761855363845825,0.05050387606024742,0.7147301435470581,0.020025627687573433,0.8809370994567871,0.0,406.0,687,2,251,0,0,0,100,100,0
747,2988,594,79,594,3,right+B,0.026941724121570587,0.1882118582725525,0.050340596586465836,0.71466463804245,0.01984110102057457,0.880046546459198,0.0,406.0,688,2,251,0,0,0,100,100,0
748,2992,594,79,594,1,right,0.026417294517159462,0.1883922815322876,0.05035759508609772,0.7153199315071106,0.01951288804411888,0.8774288892745972,0.0,406.0,689,2,251,0,0,0,100,100,0
749,2996,594,79,594,3,right+B,0.026851829141378403,0.19128790497779846,0.05164368078112602,0.7105091214179993,0.01970747485756874,0.8867798447608948,0.0,406.0,690,2,251,0,0,0,100,100,0
750,3000,594,79,594,3,right+B,0.026944786310195923,0.18881842494010925,0.050627823919057846,0.7138532996177673,0.019755695015192032,0.8813194036483765,-1.0,405.0,691,2,250,0,0,0,100,100,0
751,3004,594,79,594,1,right,0.025627313181757927,0.18370991945266724,0.047136783599853516,0.7248633503913879,0.01866266131401062,0.8567084670066833,0.0,405.0,692,2,250,0,0,0,100,100,0
752,3008,594,79,594,3,right+B,0.02552817389369011,0.18313705921173096,0.04733399301767349,0.7253440022468567,0.018656810745596886,0.8561067581176758,0.0,405.0,693,2,250,0,0,0,100,100,0
753,3012,594,79,594,3,right+B,0.025940367951989174,0.18443968892097473,0.04719845950603485,0.7234400510787964,0.018981406465172768,0.8600841164588928,0.0,405.0,694,2,250,0,0,0,100,100,0
754,3016,594,79,594,3,right+B,0.024671407416462898,0.17764462530612946,0.04431331530213356,0.7357429265975952,0.017627766355872154,0.8333686590194702,0.0,405.0,695,2,250,0,0,0,100,100,0
755,3020,594,79,594,3,right+B,0.024759067222476006,0.17686322331428528,0.04400521516799927,0.7369682192802429,0.01740420050919056,0.8308504819869995,-1.0,404.0,696,2,249,0,0,0,100,100,0
756,3024,594,79,594,3,right+B,0.024310670793056488,0.17593583464622498,0.043349895626306534,0.7393589615821838,0.017044592648744583,0.8247925043106079,0.0,404.0,697,2,249,0,0,0,100,100,0
757,3028,594,79,594,3,right+B,0.024264631792902946,0.1762685477733612,0.04430253058671951,0.7377254962921143,0.017438845708966255,0.8292843699455261,0.0,404.0,698,2,249,0,0,0,100,100,0
758,3032,594,79,594,3,right+B,0.026880817487835884,0.18861635029315948,0.048757925629615784,0.7162066102027893,0.01953830011188984,0.8750727772712708,0.0,404.0,699,2,249,0,0,0,100,100,0
759,3036,594,79,594,3,right+B,0.02741444855928421,0.19072553515434265,0.050089024007320404,0.711847186088562,0.019923724234104156,0.8845515251159668,0.0,404.0,700,2,249,0,0,0,100,100,0
760,3040,594,79,594,1,right,0.026282748207449913,0.18526707589626312,0.04686512425541878,0.7229409217834473,0.01864418014883995,0.8602083921432495,-1.0,403.0,701,2,248,0,0,0,100,100,0
761,3044,594,79,594,3,right+B,0.025578605011105537,0.18214038014411926,0.045757465064525604,0.7282776236534119,0.01824590191245079,0.8490567207336426,0.0,403.0,702,2,248,0,0,0,100,100,0
762,3048,594,93,594,2,right+A,0.02601521834731102,0.18312478065490723,0.04618312790989876,0.7261201739311218,0.01855665072798729,0.8541927337646484,0.0,403.0,703,2,248,0,0,0,100,100,0
763,3052,594,108,594,3,right+B,0.02526899427175522,0.18135038018226624,0.04605760797858238,0.728905975818634,0.01841704361140728,0.8483809232711792,0.0,403.0,704,2,248,0,0,0,100,100,0
764,3056,594,112,594,3,right+B,0.026626022532582283,0.19086256623268127,0.04840153828263283,0.7144443392753601,0.019665539264678955,0.8767158389091492,0.0,403.0,705,2,248,0,0,0,100,100,0
765,3060,594,106,594,3,right+B,0.024104326963424683,0.1756206899881363,0.04278721287846565,0.7401708364486694,0.01731693558394909,0.8230587244033813,-1.0,402.0,706,2,247,0,0,0,100,100,0
766,3064,594,89,594,1,right,0.024278445169329643,0.17626069486141205,0.04454747587442398,0.7369829416275024,0.01793045736849308,0.831842303276062,0.0,402.0,707,2,247,0,0,0,100,100,0
767,3068,594,79,594,1,right,0.02682238630950451,0.18975171446800232,0.05066130310297012,0.7132019996643066,0.01956253871321678,0.8815512657165527,0.0,402.0,708,2,247,0,0,0,100,100,0
768,3072,594,79,594,3,right+B,0.0266678836196661,0.18836712837219238,0.049939461052417755,0.7155675888061523,0.019457975402474403,0.8769115209579468,0.0,402.0,709,2,247,0,0,0,100,100,0
769,3076,594,79,594,3,right+B,0.027159638702869415,0.1917394995689392,0.05129816010594368,0.710143506526947,0.01965915784239769,0.8872981071472168,0.0,402.0,710,2,247,0,0,0,100,100,0
770,3080,594,79,594,3,right+B,0.026990696787834167,0.18927285075187683,0.05143781006336212,0.7125705480575562,0.019728118553757668,0.8841105699539185,-1.0,401.0,711,2,246,0,0,0,100,100,0
771,3084,594,79,594,1,right,0.02784014493227005,0.19099345803260803,0.051898300647735596,0.7090485095977783,0.02021966315805912,0.8921074867248535,0.0,401.0,712,2,246,0,0,0,100,100,0
772,3088,594,79,594,3,right+B,0.02767682820558548,0.18975558876991272,0.051519375294446945,0.7109765410423279,0.02007165551185608,0.8884289860725403,0.0,401.0,713,2,246,0,0,0,100,100,0
773,3092,594,79,594,3,right+B,0.02674066834151745,0.18552127480506897,0.04958232119679451,0.7188467383384705,0.019309045746922493,0.8718338012695312,0.0,401.0,714,2,246,0,0,0,100,100,0
774,3096,594,79,594,1,right,0.02685457095503807,0.1863987296819687,0.0489315465092659,0.7186426520347595,0.01917250081896782,0.8711557984352112,0.0,401.0,715,2,246,0,0,0,100,100,0
775,3100,594,79,594,1,right,0.026041990146040916,0.1820661723613739,0.04710445553064346,0.7260791659355164,0.018708260729908943,0.8559049963951111,-1.0,400.0,716,2,245,0,0,0,100,100,0
776,3104,594,79,594,3,right+B,0.02604886144399643,0.1815420538187027,0.046240370720624924,0.7276293635368347,0.018539365381002426,0.8522103428840637,0.0,400.0,717,2,245,0,0,0,100,100,0
777,3108,594,79,594,1,right,0.02578992210328579,0.18210646510124207,0.04581042751669884,0.7278872132301331,0.018406014889478683,0.8504524827003479,0.0,400.0,718,2,245,0,0,0,100,100,0
778,3112,594,79,594,3,right+B,0.025405311957001686,0.18055711686611176,0.044890012592077255,0.7312445044517517,0.017903022468090057,0.8425924777984619,0.0,400.0,719,2,245,0,0,0,100,100,0
779,3116,594,79,594,3,right+B,0.02569795958697796,0.17996731400489807,0.045609958469867706,0.7305465340614319,0.018178272992372513,0.8457702398300171,0.0,400.0,720,2,245,0,0,0,100,100,0
780,3120,594,79,594,3,right+B,0.02536102570593357,0.17874090373516083,0.045858461409807205,0.7317044138908386,0.018335143104195595,0.8441841006278992,-1.0,399.0,721,2,244,0,0,0,100,100,0
781,3124,594,79,594,1,right,0.025012383237481117,0.1792265772819519,0.04505932703614235,0.7324095964431763,0.018292179331183434,0.8413141369819641,0.0,399.0,722,2,244,0,0,0,100,100,0
782,3128,594,79,594,3,right+B,0.02464732713997364,0.17664839327335358,0.043422847986221313,0.7375213503837585,0.01776006817817688,0.8298485279083252,0.0,399.0,723,2,244,0,0,0,100,100,0
783,3132,594,79,594,3,right+B,0.02445138245820999,0.17370401322841644,0.043329931795597076,0.7408717274665833,0.017642993479967117,0.824241578578949,0.0,399.0,724,2,244,0,0,0,100,100,0
784,3136,594,79,594,3,right+B,0.02460888773202896,0.17405688762664795,0.043590206652879715,0.7398142218589783,0.01792971044778824,0.8270965814590454,0.0,399.0,725,2,244,0,0,0,100,100,0
785,3140,594,79,594,1,right,0.02395479939877987,0.1711864024400711,0.042412083595991135,0.7450575232505798,0.01738920621573925,0.8152949213981628,-1.0,398.0,726,2,243,0,0,0,100,100,0
786,3144,594,79,594,3,right+B,0.0233533326536417,0.1686231642961502,0.040763285011053085,0.7504832148551941,0.016776973381638527,0.8023418188095093,0.0,398.0,727,2,243,0,0,0,100,100,0
787,3148,594,79,594,3,right+B,0.023112434893846512,0.16698403656482697,0.04047586768865585,0.7528638243675232,0.016563884913921356,0.7973959445953369,0.0,398.0,728,2,243,0,0,0,100,100,0
788,3152,594,79,594,1,right,0.02382972463965416,0.1702694594860077,0.042028650641441345,0.7467033863067627,0.017168698832392693,0.8115810751914978,0.0,398.0,729,2,243,0,0,0,100,100,0
789,3156,594,79,594,3,right+B,0.02344011701643467,0.1685437113046646,0.04136684909462929,0.7498357892036438,0.01681356504559517,0.8044165968894958,0.0,398.0,730,2,243,0,0,0,100,100,0
790,3160,594,79,594,3,right+B,0.023175498470664024,0.16752901673316956,0.04073888435959816,0.752073347568512,0.016483234241604805,0.7988949418067932,-1.0,397.0,731,2,242,0,0,0,100,100,0
791,3164,594,79,594,3,right+B,0.023295003920793533,0.1686861366033554,0.0410902239382267,0.7504928708076477,0.01643570140004158,0.8018835783004761,0.0,397.0,732,2,242,0,0,0,100,100,0
792,3168,594,79,594,1,right,0.022968236356973648,0.16711042821407318,0.04095609486103058,0.7525880932807922,0.016377108171582222,0.7977704405784607,0.0,397.0,733,2,242,0,0,0,100,100,0
793,3172,594,93,594,2,right+A,0.02278660237789154,0.16664235293865204,0.04013393074274063,0.7541922330856323,0.016244858503341675,0.7935209274291992,0.0,397.0,734,2,242,0,0,0,100,100,0
794,3176,594,109,594,4,right+A+B,0.022904107347130775,0.16716408729553223,0.0408535972237587,0.7524664998054504,0.016611682251095772,0.7982251048088074,0.0,397.0,735,2,242,0,0,0,100,100,0
795,3180,594,121,594,3,right+B,0.02342364378273487,0.17045879364013672,0.0415019616484642,0.7476012110710144,0.017014365643262863,0.8083562850952148,-1.0,396.0,736,2,241,0,0,0,100,100,0
796,3184,595,122,595,1,right,0.02376142330467701,0.17085178196430206,0.04233216121792793,0.7457444667816162,0.017310164868831635,0.8136101961135864,1.0,397.0,0,2,241,0,0,0,100,100,0
797,3188,594,113,595,3,right+B,0.023298466578125954,0.16831491887569427,0.041673969477415085,0.7497273683547974,0.016985315829515457,0.8051235675811768,0.0,397.0,1,2,241,0,0,0,100,100,0
798,3192,594,94,595,3,right+B,0.02465118281543255,0.17331942915916443,0.04310925304889679,0.7412898540496826,0.01763027161359787,0.8236894607543945,0.0,397.0,2,2,241,0,0,0,100,100,0
799,3196,594,79,595,4,right+A+B,0.023880183696746826,0.17007428407669067,0.042397402226924896,0.746021568775177,0.017626604065299034,0.8142467141151428,0.0,397.0,3,2,241,0,0,0,100,100,0
800,3200,594,79,595,3,right+B,0.025798510760068893,0.17924606800079346,0.04511493444442749,0.7314396500587463,0.01840086653828621,0.8445391654968262,-1.0,396.0,4,2,240,0,0,0,100,100,0
801,3204,594,79,595,3,right+B,0.025123700499534607,0.17575718462467194,0.04386560618877411,0.7374802827835083,0.01777326501905918,0.8314878940582275,0.0,396.0,5,2,240,0,0,0,100,100,0
802,3208,594,79,595,3,right+B,0.026009298861026764,0.18111597001552582,0.04635673388838768,0.7279037237167358,0.01861422322690487,0.8520814776420593,0.0,396.0,6,2,240,0,0,0,100,100,0
803,3212,594,79,595,1,right,0.027386266738176346,0.1866673231124878,0.04847073554992676,0.718060314655304,0.0194153543561697,0.8728984594345093,0.0,396.0,7,2,240,0,0,0,100,100,0
804,3216,594,79,595,3,right+B,0.026160236448049545,0.1809602826833725,0.04649730399250984,0.7278804183006287,0.018501710146665573,0.8523414731025696,0.0,396.0,8,2,240,0,0,0,100,100,0
805,3220,594,93,595,4,right+A+B,0.026264330372214317,0.18127553164958954,0.046193186193704605,0.7277052998542786,0.018561718985438347,0.8525086045265198,-1.0,395.0,9,2,239,0,0,0,100,100,0
806,3224,594,108,595,1,right,0.026370514184236526,0.18337194621562958,0.047169674187898636,0.7243359684944153,0.01875188760459423,0.8591337203979492,0.0,395.0,10,2,239,0,0,0,100,100,0
807,3228,594,112,595,3,right+B,0.026681184768676758,0.1847504824399948,0.048149026930332184,0.7211626172065735,0.01925669051706791,0.8665456175804138,0.0,395.0,11,2,239,0,0,0,100,100,0
808,3232,594,106,595,3,right+B,0.027501901611685753,0.18718411028385162,0.049570102244615555,0.7160040140151978,0.01973983645439148,0.8780885338783264,0.0,395.0,12,2,239,0,0,0,100,100,0
809,3236,594,89,595,3,right+B,0.025991424918174744,0.1811903864145279,0.04750152304768562,0.7263769507408142,0.018939683213829994,0.8564527630805969,0.0,395.0,13,2,239,0,0,0,100,100,0
810,3240,594,79,595,3,right+B,0.028239555656909943,0.1913655698299408,0.05143046751618385,0.70845627784729,0.020508132874965668,0.8936840891838074,-1.0,394.0,14,2,238,0,0,0,100,100,0
811,3244,594,79,595,1,right,0.026897817850112915,0.18742257356643677,0.04973681643605232,0.7161381244659424,0.01980462297797203,0.8771100044250488,0.0,394.0,15,2,238,0,0,0,100,100,0
812,3248,594,79,595,3,right+B,0.02665063738822937,0.18834027647972107,0.050498101860284805,0.7150477170944214,0.01946323551237583,0.8783217072486877,0.0,394.0,16,2,238,0,0,0,100,100,0
813,3252,594,79,595,3,right+B,0.026634329929947853,0.19030989706516266,0.05076245963573456,0.7126836180686951,0.019609693437814713,0.8821088075637817,0.0,394.0,17,2,238,0,0,0,100,100,0
814,3256,594,79,595,1,right,0.026937207207083702,0.1901772916316986,0.05031625181436539,0.7130351662635803,0.019534004852175713,0.8814742565155029,0.0,394.0,18,2,238,0,0,0,100,100,0
815,3260,594,79,595,1,right,0.026552734896540642,0.1881781965494156,0.04892478883266449,0.7171982526779175,0.01914604753255844,0.872439444065094,-1.0,393.0,19,2,237,0,0,0,100,100,0
816,3264,594,79,595,1,right,0.02537459135055542,0.1831059604883194,0.047609392553567886,0.7253704071044922,0.01853965036571026,0.8558710813522339,0.0,393.0,20,2,237,0,0,0,100,100,0
817,3268,594,93,595,4,right+A+B,0.025237804278731346,0.1827583909034729,0.045769479125738144,0.7280256748199463,0.018208688125014305,0.8486647009849548,0.0,393.0,21,2,237,0,0,0,100,100,0
818,3272,594,109,595,2,right+A,0.024188952520489693,0.17644643783569336,0.04346243664622307,0.7383848428726196,0.017517320811748505,0.8272030353546143,0.0,393.0,22,2,237,0,0,0,100,100,0
819,3276,594,121,595,3,right+B,0.024432575330138206,0.17684178054332733,0.0439053438603878,0.7372143864631653,0.017605794593691826,0.8301821351051331,0.0,393.0,23,2,237,0,0,0,100,100,0
820,3280,596,127,596,1,right,0.02486862987279892,0.1793106198310852,0.044481709599494934,0.7336716651916504,0.01766737550497055,0.8370147347450256,0.0,393.0,0,2,236,0,0,0,100,100,0
821,3284,599,127,599,3,right+B,0.02416869066655636,0.17622527480125427,0.04379460588097572,0.7384924292564392,0.01731899194419384,0.8270134925842285,3.0,396.0,0,2,236,0,0,0,100,100,0
822,3288,603,127,603,1,right,0.02655869536101818,0.1855413317680359,0.047983866184949875,0.7209711074829102,0.018944891169667244,0.8656371235847473,4.0,400.0,0,2,236,0,0,0,100,100,0
823,3292,610,127,610,3,right+B,0.027964038774371147,0.19020220637321472,0.051605869084596634,0.7098394632339478,0.020388415083289146,0.8913026452064514,7.0,407.0,0,2,236,0,0,0,100,100,0
824,3296,618,145,618,2,right+A,0.0270270686596632,0.19461075961589813,0.05831501632928848,0.6983941793441772,0.021653033792972565,0.9155389070510864,8.0,415.0,0,2,236,0,0,0,100,100,0
825,3300,627,163,627,1,right,0.02603488601744175,0.19452838599681854,0.07945157587528229,0.6739985942840576,0.02598658762872219,0.9754469394683838,8.0,423.0,0,2,235,0,0,0,100,100,0
826,3304,639,169,639,3,right+B,0.03135596960783005,0.18741475045681,0.2443336844444275,0.4836346507072449,0.053261008113622665,1.2742139101028442,12.0,435.0,0,2,235,0,0,0,100,100,0
827,3308,651,162,651,2,right+A,0.015491302125155926,0.06234831362962723,0.761712908744812,0.05429824814200401,0.10614919662475586,0.8411728143692017,12.0,447.0,0,2,235,0,0,0,100,100,0
828,3312,663,142,663,2,right+A,0.017830198630690575,0.05210984870791435,0.7367785573005676,0.03333531692624092,0.159946009516716,0.857361376285553,12.0,459.0,0,2,235,0,0,0,100,100,0
829,3316,675,120,675,4,right+A+B,0.04136272147297859,0.1446332037448883,0.48968982696533203,0.10663531720638275,0.217678964138031,1.331631064414978,12.0,471.0,0,2,235,0,0,0,100,100,0
830,3320,687,100,687,3,right+B,0.03519405052065849,0.2048938274383545,0.08989013731479645,0.6094746589660645,0.060547322034835815,1.130742073059082,11.0,482.0,0,2,234,0,0,0,100,100,0
831,3324,699,80,699,2,right+A,0.046953655779361725,0.19797632098197937,0.3172190487384796,0.27916470170021057,0.15868626534938812,1.476790189743042,12.0,494.0,0,2,234,0,0,0,100,100,0
832,3328,707,79,707,1,right,0.03333466872572899,0.1164545863866806,0.49624359607696533,0.11600840091705322,0.23795871436595917,1.3030155897140503,8.0,502.0,0,2,234,0,0,0,100,100,0
833,3332,714,93,714,4,right+A+B,0.040753599256277084,0.14178581535816193,0.47813543677330017,0.12856879830360413,0.2107563614845276,1.3520781993865967,7.0,509.0,0,2,234,0,0,0,100,100,0
834,3336,721,109,721,2,right+A,0.05226709321141243,0.19602976739406586,0.3552349805831909,0.2503186762332916,0.14614954590797424,1.4691087007522583,7.0,516.0,0,2,234,0,0,0,100,100,0
835,3340,722,123,722,2,right+A,0.06259535253047943,0.21277812123298645,0.3642407953739166,0.2086735963821411,0.15171217918395996,1.4836748838424683,0.0,516.0,0,2,233,0,0,0,100,100,0
836,3344,722,132,722,1,right,0.06870137155056,0.2580661475658417,0.2314075529575348,0.32675766944885254,0.1150672435760498,1.4865176677703857,0.0,516.0,1,2,233,0,0,0,100,100,0
837,3348,722,132,722,1,right,0.06507659703493118,0.26702919602394104,0.2018834799528122,0.3707108497619629,0.09529989957809448,1.4453054666519165,0.0,516.0,2,2,233,0,0,0,100,100,0
838,3352,722,124,722,3,right+B,0.06857869029045105,0.2604919672012329,0.23174205422401428,0.3369508385658264,0.10223646461963654,1.472710132598877,0.0,516.0,3,2,233,0,0,0,100,100,0
839,3356,722,107,722,1,right,0.07046785205602646,0.2703746259212494,0.20233190059661865,0.36476340889930725,0.09206219017505646,1.4513150453567505,0.0,516.0,4,2,233,0,0,0,100,100,0
840,3360,722,87,722,3,right+B,0.07187214493751526,0.2695569396018982,0.20992930233478546,0.3537106513977051,0.0949309766292572,1.4614367485046387,-1.0,515.0,5,2,232,0,0,0,100,100,0
841,3364,722,79,722,3,right+B,0.0710703656077385,0.2769659459590912,0.20393982529640198,0.35504189133644104,0.09298199415206909,1.4562695026397705,0.0,515.0,6,2,232,0,0,0,100,100,0
842,3368,722,79,722,3,right+B,0.07236393541097641,0.28358346223831177,0.2075376957654953,0.3431709408760071,0.09334393590688705,1.4621502161026,0.0,515.0,7,2,232,0,0,0,100,100,0
843,3372,722,79,722,3,right+B,0.07362790405750275,0.2858690321445465,0.20375487208366394,0.3426627516746521,0.0940854623913765,1.463558316230774,0.0,515.0,8,2,232,0,0,0,100,100,0
844,3376,722,79,722,3,right+B,0.0727471113204956,0.2860545217990875,0.20217052102088928,0.3456380069255829,0.09338979423046112,1.460487723350525,0.0,515.0,9,2,232,0,0,0,100,100,0
845,3380,722,79,722,1,right,0.07051512598991394,0.2822817265987396,0.2021513283252716,0.35204872488975525,0.09300310164690018,1.4556596279144287,-1.0,514.0,10,2,231,0,0,0,100,100,0
846,3384,722,79,722,1,right,0.06834084540605545,0.2752607464790344,0.20165209472179413,0.3659128248691559,0.08883348107337952,1.4442987442016602,0.0,514.0,11,2,231,0,0,0,100,100,0
847,3388,722,93,722,4,right+A+B,0.0666658952832222,0.27446499466896057,0.2029130756855011,0.3685770034790039,0.08737903833389282,1.4399068355560303,0.0,514.0,12,2,231,0,0,0,100,100,0
848,3392,722,108,722,3,right+B,0.06862717121839523,0.2757141888141632,0.21567128598690033,0.34845301508903503,0.09153427183628082,1.4561434984207153,0.0,514.0,13,2,231,0,0,0,100,100,0
849,3396,722,112,722,1,right,0.06643983721733093,0.2744089365005493,0.21389874815940857,0.354599267244339,0.09065325558185577,1.450152039527893,0.0,514.0,14,2,231,0,0,0,100,100,0
850,3400,722,106,722,3,right+B,0.06391312181949615,0.2700890004634857,0.2261764407157898,0.3461036682128906,0.0937177985906601,1.454616665840149,-1.0,513.0,15,2,230,0,0,0,100,100,0
851,3404,722,89,722,3,right+B,0.0636996403336525,0.26908567547798157,0.21280141174793243,0.3616397976875305,0.09277348965406418,1.4463293552398682,0.0,513.0,16,2,230,0,0,0,100,100,0
852,3408,722,101,722,3,right+B,0.06319904327392578,0.26893049478530884,0.21239635348320007,0.3636449873447418,0.09182912856340408,1.4439018964767456,0.0,513.0,17,2,230,0,0,0,100,100,0
853,3412,722,103,722,1,right,0.06279529631137848,0.2698982059955597,0.19314105808734894,0.3870983123779297,0.0870671421289444,1.4248100519180298,1.0,514.0,18,2,230,0,0,0,200,200,0
854,3416,722,94,722,4,right+A+B,0.06300339102745056,0.27059370279312134,0.21135558187961578,0.3589732050895691,0.09607415646314621,1.449209213256836,0.0,514.0,19,2,230,0,0,0,200,200,0
855,3420,722,79,722,1,right,0.06073305383324623,0.2644523084163666,0.21084903180599213,0.371705025434494,0.09226058423519135,1.4378156661987305,-1.0,513.0,20,2,229,0,0,0,200,200,0
856,3424,722,79,722,3,right+B,0.06080460548400879,0.2663627564907074,0.19288180768489838,0.3949834406375885,0.08496740460395813,1.4164406061172485,0.0,513.0,21,2,229,0,0,0,200,200,0
857,3428,722,93,722,4,right+A+B,0.061533551663160324,0.26229366660118103,0.19410106539726257,0.3981796205043793,0.08389200270175934,1.4153636693954468,0.0,513.0,22,2,229,0,0,0,200,200,0
858,3432,722,108,722,3,right+B,0.06219954788684845,0.26222535967826843,0.19254864752292633,0.3960574269294739,0.0869690403342247,1.4201844930648804,0.0,513.0,23,2,229,0,0,0,200,200,0
859,3436,722,112,722,1,right,0.062468625605106354,0.2648859918117523,0.1963219940662384,0.3899691700935364,0.08635419607162476,1.4234687089920044,0.0,513.0,24,2,229,0,0,0,200,200,0
860,3440,722,106,722,3,right+B,0.06180760636925697,0.2680775225162506,0.2002161145210266,0.38245564699172974,0.08744312822818756,1.4276660680770874,-1.0,512.0,25,2,228,0,0,0,200,200,0
861,3444,722,89,722,2,right+A,0.06266379356384277,0.26541057229042053,0.22839993238449097,0.34463441371917725,0.0988912582397461,1.458843469619751,0.0,512.0,26,2,228,0,0,0,200,200,0
862,3448,722,79,722,2,right+A,0.06308481842279434,0.26174768805503845,0.24325516819953918,0.330841600894928,0.10107070952653885,1.4666333198547363,0.0,512.0,27,2,228,0,0,0,200,200,0
863,3452,722,79,722,2,right+A,0.061304401606321335,0.26164236664772034,0.21085219085216522,0.3755939304828644,0.09060713648796082,1.4355390071868896,0.0,512.0,28,2,228,0,0,0,200,200,0
864,3456,722,79,722,0,NOOP,0.06055000051856041,0.26382866501808167,0.20067770779132843,0.3905065655708313,0.08443708717823029,1.4195436239242554,0.0,512.0,29,2,228,0,0,0,200,200,0
865,3460,722,79,722,3,right+B,0.06288282573223114,0.2705058157444,0.21805889904499054,0.3588421642780304,0.08971032500267029,1.4438161849975586,-1.0,511.0,30,2,227,0,0,0,200,200,0
866,3464,722,79,722,3,right+B,0.06237049773335457,0.2701079845428467,0.20194920897483826,0.37984955310821533,0.08572278171777725,1.4279530048370361,0.0,511.0,31,2,227,0,0,0,200,200,0
867,3468,722,79,722,3,right+B,0.061996690928936005,0.269167959690094,0.19340969622135162,0.3911481201648712,0.08427747339010239,1.41904616355896,0.0,511.0,32,2,227,0,0,0,200,200,0
868,3472,722,79,722,1,right,0.06139111518859863,0.2647421061992645,0.20954127609729767,0.37514710426330566,0.0891784206032753,1.4339942932128906,0.0,511.0,33,2,227,0,0,0,200,200,0
869,3476,722,79,722,3,right+B,0.06237941235303879,0.2664022743701935,0.21153755486011505,0.37023958563804626,0.08944117277860641,1.4378467798233032,0.0,511.0,34,2,227,0,0,0,200,200,0
870,3480,722,93,722,2,right+A,0.06165472790598869,0.26645904779434204,0.1952166110277176,0.391144335269928,0.08552531152963638,1.4205596446990967,-1.0,510.0,35,2,226,0,0,0,200,200,0
871,3484,722,108,722,1,right,0.06090454012155533,0.2643158733844757,0.20309965312480927,0.383743554353714,0.0879364162683487,1.4272205829620361,0.0,510.0,36,2,226,0,0,0,200,200,0
872,3488,722,112,722,1,right,0.061844173818826675,0.26544466614723206,0.20656073093414307,0.37674739956855774,0.08940306305885315,1.4336185455322266,0.0,510.0,37,2,226,0,0,0,200,200,0
873,3492,722,106,722,1,right,0.06147978827357292,0.2636040449142456,0.2107938677072525,0.37310102581977844,0.09102123230695724,1.4371044635772705,0.0,510.0,38,2,226,0,0,0,200,200,0
874,3496,722,89,722,1,right,0.06046988442540169,0.26028260588645935,0.20793265104293823,0.38141486048698425,0.08989998698234558,1.4307663440704346,0.0,510.0,39,2,226,0,0,0,200,200,0
875,3500,722,79,722,1,right,0.06177714094519615,0.2616586983203888,0.20934653282165527,0.37807023525238037,0.0891474261879921,1.4334299564361572,-1.0,509.0,40,2,225,0,0,0,200,200,0
876,3504,722,79,722,1,right,0.061214663088321686,0.2595720589160919,0.20165365934371948,0.3913644850254059,0.08619517832994461,1.4223958253860474,0.0,509.0,41,2,225,0,0,0,200,200,0
877,3508,722,93,722,4,right+A+B,0.060943663120269775,0.26265788078308105,0.1978185921907425,0.3933226764202118,0.08525718748569489,1.4191322326660156,0.0,509.0,42,2,225,0,0,0,200,200,0
878,3512,722,108,722,1,right,0.06161779537796974,0.2634080946445465,0.2153027057647705,0.3685048520565033,0.09116660058498383,1.439988136291504,0.0,509.0,43,2,225,0,0,0,200,200,0
879,3516,722,112,722,2,right+A,0.062028802931308746,0.26540878415107727,0.21012085676193237,0.3727882504463196,0.08965328335762024,1.4363871812820435,0.0,509.0,44,2,225,0,0,0,200,200,0
880,3520,722,106,722,1,right,0.061066631227731705,0.2624110281467438,0.20719970762729645,0.37860485911369324,0.09071777015924454,1.4333889484405518,-1.0,508.0,45,2,224,0,0,0,200,200,0
881,3524,722,89,722,1,right,0.059948306530714035,0.25836020708084106,0.200590118765831,0.3913900852203369,0.0897112488746643,1.4240736961364746,0.0,508.0,46,2,224,0,0,0,200,200,0
882,3528,722,79,722,2,right+A,0.0610228031873703,0.25835731625556946,0.2069016993045807,0.3819967806339264,0.09172146022319794,1.4330251216888428,0.0,508.0,47,2,224,0,0,0,200,200,0
883,3532,722,79,722,1,right,0.060706935822963715,0.2573029100894928,0.20295697450637817,0.38980650901794434,0.08922670781612396,1.4259010553359985,0.0,508.0,48,2,224,0,0,0,200,200,0
884,3536,722,79,722,1,right,0.061119601130485535,0.2607535123825073,0.19680915772914886,0.3958430886268616,0.08547461032867432,1.4183118343353271,0.0,508.0,49,2,224,0,0,0,200,200,0
885,3540,722,79,722,1,right,0.06183580309152603,0.2616218626499176,0.20389699935913086,0.3848735988140106,0.08777174353599548,1.4281705617904663,-1.0,507.0,50,2,223,0,0,0,200,200,0
886,3544,722,79,722,1,right,0.06236817315220833,0.26266026496887207,0.20729586482048035,0.37908053398132324,0.0885951891541481,1.4328410625457764,0.0,507.0,51,2,223,0,0,0,200,200,0
887,3548,722,93,722,4,right+A+B,0.062017668038606644,0.262488454580307,0.2019703984260559,0.3872855305671692,0.08623798191547394,1.4253146648406982,0.0,507.0,52,2,223,0,0,0,200,200,0
888,3552,722,108,722,3,right+B,0.06118876859545708,0.2620459198951721,0.21049746870994568,0.3781903386116028,0.08807751536369324,1.4316282272338867,0.0,507.0,53,2,223,0,0,0,200,200,0
889,3556,722,112,722,1,right,0.061667922884225845,0.2629425823688507,0.20981431007385254,0.3767024278640747,0.0888727605342865,1.433577299118042,0.0,507.0,54,2,223,0,0,0,200,200,0
890,3560,722,106,722,3,right+B,0.06080272048711777,0.2610630989074707,0.20719799399375916,0.38142749667167664,0.08950868248939514,1.4306622743606567,-1.0,506.0,55,2,222,0,0,0,200,200,0
891,3564,722,89,722,3,right+B,0.05943695455789566,0.25718438625335693,0.2008090764284134,0.3934943675994873,0.08907520771026611,1.4218225479125977,0.0,506.0,56,2,222,0,0,0,200,200,0
892,3568,722,79,722,1,right,0.06037009507417679,0.25782936811447144,0.20582003891468048,0.3856683075428009,0.09031225740909576,1.4289124011993408,0.0,506.0,57,2,222,0,0,0,200,200,0
893,3572,722,79,722,1,right,0.05981811136007309,0.2560991644859314,0.200154647231102,0.396331250667572,0.08759675174951553,1.4194177389144897,0.0,506.0,58,2,222,0,0,0,200,200,0
894,3576,722,79,722,1,right,0.060022108256816864,0.25910812616348267,0.19388912618160248,0.4019407629966736,0.0850398913025856,1.4127833843231201,0.0,506.0,59,2,222,0,0,0,200,200,0
895,3580,722,79,722,3,right+B,0.0604320727288723,0.2600916624069214,0.19850847125053406,0.394582599401474,0.08638524264097214,1.4193155765533447,-1.0,505.0,60,2,221,0,0,0,200,200,0
896,3584,722,93,722,2,right+A,0.06137770786881447,0.26223471760749817,0.2006373405456543,0.3884499669075012,0.08730022609233856,1.4247552156448364,0.0,505.0,61,2,221,0,0,0,200,200,0
897,3588,722,108,722,1,right,0.06193019822239876,0.2618487775325775,0.2120944708585739,0.3740862011909485,0.09004029631614685,1.4366475343704224,0.0,505.0,62,2,221,0,0,0,200,200,0
898,3592,722,112,722,1,right,0.06168282404541969,0.26235440373420715,0.2110837697982788,0.37594878673553467,0.08893013000488281,1.4342132806777954,0.0,505.0,63,2,221,0,0,0,200,200,0
899,3596,722,106,722,1,right,0.06112163886427879,0.25981542468070984,0.21494701504707336,0.37310272455215454,0.09101317077875137,1.4374334812164307,0.0,505.0,64,2,221,0,0,0,200,200,0
900,3600,722,89,722,3,right+B,0.06008605286478996,0.25764480233192444,0.20660965144634247,0.38657835125923157,0.0890810638666153,1.4270079135894775,-1.0,504.0,65,2,220,0,0,0,200,200,0
901,3604,722,79,722,1,right,0.06077202036976814,0.2586602568626404,0.21025224030017853,0.3801901936531067,0.09012522548437119,1.4324147701263428,0.0,504.0,66,2,220,0,0,0,200,200,0
902,3608,722,93,722,4,right+A+B,0.06020151451230049,0.25713008642196655,0.20210079848766327,0.3934103846549988,0.08715711534023285,1.421234130859375,0.0,504.0,67,2,220,0,0,0,200,200,0
903,3612,722,108,722,3,right+B,0.060829777270555496,0.2604694068431854,0.2088041454553604,0.38072872161865234,0.08916798233985901,1.4309649467468262,0.0,504.0,68,2,220,0,0,0,200,200,0
904,3616,722,112,722,1,right,0.061058301478624344,0.26146674156188965,0.20784808695316315,0.3800981044769287,0.08952873945236206,1.4317063093185425,0.0,504.0,69,2,220,0,0,0,200,200,0
905,3620,722,106,722,3,right+B,0.060280054807662964,0.26012441515922546,0.20442575216293335,0.3853335380554199,0.08983620256185532,1.428086280822754,-1.0,503.0,70,2,219,0,0,0,200,200,0
906,3624,722,89,722,2,right+A,0.05970541387796402,0.2577797472476959,0.2020368129014969,0.39041587710380554,0.09006214141845703,1.4248528480529785,0.0,503.0,71,2,219,0,0,0,200,200,0
907,3628,722,79,722,1,right,0.0604497492313385,0.2579810917377472,0.207025945186615,0.3834061622619629,0.09113698452711105,1.4310615062713623,0.0,503.0,72,2,219,0,0,0,200,200,0
908,3632,722,93,722,4,right+A+B,0.06053612008690834,0.25728684663772583,0.20296046137809753,0.39082425832748413,0.08839235454797745,1.424343228340149,0.0,503.0,73,2,219,0,0,0,200,200,0
909,3636,722,108,722,3,right+B,0.061589792370796204,0.2606163024902344,0.2127121239900589,0.3747318685054779,0.0903499647974968,1.4363813400268555,0.0,503.0,74,2,219,0,0,0,200,200,0
910,3640,722,112,722,2,right+A,0.06198795884847641,0.2617274522781372,0.21439474821090698,0.3717779219150543,0.09011190384626389,1.4380955696105957,-1.0,502.0,75,2,218,0,0,0,200,200,0
911,3644,722,106,722,4,right+A+B,0.061440806835889816,0.2613159418106079,0.2121107280254364,0.3746594786643982,0.09047295153141022,1.4361985921859741,0.0,502.0,76,2,218,0,0,0,200,200,0
912,3648,722,89,722,1,right,0.06013408675789833,0.2579765021800995,0.2058916836977005,0.3866577744483948,0.08933994174003601,1.4271602630615234,0.0,502.0,77,2,218,0,0,0,200,200,0
913,3652,722,79,722,3,right+B,0.06106697395443916,0.2592417895793915,0.21017858386039734,0.37897157669067383,0.0905410572886467,1.4337300062179565,0.0,502.0,78,2,218,0,0,0,200,200,0
914,3656,722,79,722,3,right+B,0.06042732298374176,0.25763261318206787,0.20189018547534943,0.3926192820072174,0.08743050694465637,1.422141194343567,0.0,502.0,79,2,218,0,0,0,200,200,0
915,3660,722,79,722,3,right+B,0.06053232029080391,0.26014038920402527,0.19484326243400574,0.3996705710887909,0.08481347560882568,1.4145371913909912,-1.0,501.0,80,2,217,0,0,0,200,200,0
916,3664,722,93,722,4,right+A+B,0.061170052736997604,0.2613433003425598,0.2001768797636032,0.3907449245452881,0.08656488358974457,1.4226075410842896,0.0,501.0,81,2,217,0,0,0,200,200,0
917,3668,722,108,722,3,right+B,0.06197332590818405,0.2628422975540161,0.2122824788093567,0.3725869059562683,0.09031498432159424,1.4375718832015991,0.0,501.0,82,2,217,0,0,0,200,200,0
918,3672,722,112,722,2,right+A,0.06168906018137932,0.2628728747367859,0.20449671149253845,0.38275450468063354,0.08818680793046951,1.4293689727783203,0.0,501.0,83,2,217,0,0,0,200,200,0
919,3676,722,106,722,1,right,0.060758911073207855,0.2599571943283081,0.20698760449886322,0.3818468153476715,0.09044945240020752,1.4313902854919434,0.0,501.0,84,2,217,0,0,0,200,200,0
920,3680,722,89,722,2,right+A,0.06062612682580948,0.2583150565624237,0.20574945211410522,0.3844851553440094,0.09082414954900742,1.4302771091461182,-1.0,500.0,85,2,216,0,0,0,200,200,0
921,3684,722,79,722,3,right+B,0.06141652911901474,0.2581794857978821,0.21104836463928223,0.3779630661010742,0.09139257669448853,1.4356863498687744,0.0,500.0,86,2,216,0,0,0,200,200,0
922,3688,722,79,722,0,NOOP,0.06155078485608101,0.25773271918296814,0.20839747786521912,0.3838399648666382,0.08847912400960922,1.4299697875976562,0.0,500.0,87,2,216,0,0,0,200,200,0
923,3692,722,79,722,3,right+B,0.0621134415268898,0.26115602254867554,0.20523789525032043,0.3851984441280365,0.08629430085420609,1.4271483421325684,0.0,500.0,88,2,216,0,0,0,200,200,0
924,3696,722,79,722,3,right+B,0.06203756481409073,0.26108109951019287,0.20340128242969513,0.3879757225513458,0.08550435304641724,1.4246206283569336,0.0,500.0,89,2,216,0,0,0,200,200,0
925,3700,722,93,722,2,right+A,0.062372058629989624,0.26469680666923523,0.19597412645816803,0.3929678201675415,0.08398914337158203,1.4193698167800903,-1.0,499.0,90,2,215,0,0,0,200,200,0
926,3704,722,109,722,4,right+A+B,0.062178704887628555,0.2628750503063202,0.2093280404806137,0.37684616446495056,0.08877205848693848,1.4340447187423706,0.0,499.0,91,2,215,0,0,0,200,200,0
927,3708,722,121,722,1,right,0.06235235184431076,0.2641298770904541,0.2069883644580841,0.377794086933136,0.08873530477285385,1.4333631992340088,0.0,499.0,92,2,215,0,0,0,200,200,0
928,3712,722,122,722,3,right+B,0.062075838446617126,0.26339486241340637,0.2159619778394699,0.36516594886779785,0.09340137988328934,1.4442335367202759,0.0,499.0,93,2,215,0,0,0,200,200,0
929,3716,722,113,722,3,right+B,0.061408597975969315,0.2616331875324249,0.2075558453798294,0.3765740990638733,0.09282828867435455,1.4369255304336548,0.0,499.0,94,2,215,0,0,0,200,200,0
930,3720,722,94,722,1,right,0.06125689670443535,0.26072609424591064,0.20742027461528778,0.38036543130874634,0.0902312621474266,1.4325449466705322,-1.0,498.0,95,2,214,0,0,0,200,200,0
931,3724,722,79,722,1,right,0.06119894981384277,0.2609960734844208,0.2001214176416397,0.3896074891090393,0.08807601779699326,1.4247469902038574,0.0,498.0,96,2,214,0,0,0,200,200,0
932,3728,722,79,722,3,right+B,0.06166424974799156,0.26228755712509155,0.19976778328418732,0.3902535140514374,0.08602689951658249,1.4228132963180542,0.0,498.0,97,2,214,0,0,0,200,200,0
933,3732,722,79,722,3,right+B,0.06134151294827461,0.2590295970439911,0.19982396066188812,0.39363574981689453,0.08616916835308075,1.4211400747299194,0.0,498.0,98,2,214,0,0,0,200,200,0
934,3736,722,79,722,3,right+B,0.062292978167533875,0.26303866505622864,0.20654045045375824,0.3797406554222107,0.08838722854852676,1.4320836067199707,0.0,498.0,99,2,214,0,0,0,200,200,0
935,3740,722,79,722,3,right+B,0.06290299445390701,0.2646900415420532,0.21178676187992096,0.3715653717517853,0.08905480057001114,1.4377951622009277,-1.0,497.0,100,2,213,0,0,0,200,200,0
936,3744,722,93,722,2,right+A,0.062258280813694,0.2652648389339447,0.20003576576709747,0.3885965943336487,0.08384455740451813,1.4219205379486084,0.0,497.0,101,2,213,0,0,0,200,200,0
937,3748,722,109,722,2,right+A,0.06255979090929031,0.2658148407936096,0.21378175914287567,0.3682623505592346,0.08958131074905396,1.4394118785858154,0.0,497.0,102,2,213,0,0,0,200,200,0
938,3752,722,121,722,1,right,0.0626702830195427,0.2666294574737549,0.2067110240459442,0.37516748905181885,0.08882170170545578,1.4347670078277588,0.0,497.0,103,2,213,0,0,0,200,200,0
939,3756,722,122,722,2,right+A,0.062024280428886414,0.26541778445243835,0.21471180021762848,0.36463794112205505,0.09320815652608871,1.443871021270752,0.0,497.0,104,2,213,0,0,0,200,200,0
940,3760,722,113,722,2,right+A,0.061052534729242325,0.26498040556907654,0.20255571603775024,0.38016897439956665,0.09124236553907394,1.432185411453247,-1.0,496.0,105,2,212,0,0,0,200,200,0
941,3764,722,94,722,1,right,0.06066054105758667,0.2644917964935303,0.20167292654514313,0.38658156991004944,0.0865931436419487,1.4239234924316406,0.0,496.0,106,2,212,0,0,0,200,200,0
942,3768,722,79,722,1,right,0.06016909331083298,0.2631452977657318,0.19395337998867035,0.39784368872642517,0.08488854765892029,1.4145945310592651,0.0,496.0,107,2,212,0,0,0,200,200,0
943,3772,722,93,722,4,right+A+B,0.061311691999435425,0.2650587260723114,0.19989055395126343,0.38638824224472046,0.0873507410287857,1.4253029823303223,0.0,496.0,108,2,212,0,0,0,200,200,0
944,3776,722,108,722,3,right+B,0.06209852918982506,0.26529061794281006,0.20918531715869904,0.3743942081928253,0.08903134614229202,1.4350415468215942,0.0,496.0,109,2,212,0,0,0,200,200,0
945,3780,722,112,722,3,right+B,0.06177014112472534,0.2656377851963043,0.21456682682037354,0.36802947521209717,0.08999570459127426,1.4389595985412598,-1.0,495.0,110,2,211,0,0,0,200,200,0
946,3784,722,106,722,2,right+A,0.061692919582128525,0.26404663920402527,0.21428456902503967,0.3691345155239105,0.09084135293960571,1.4393310546875,0.0,495.0,111,2,211,0,0,0,200,200,0
947,3788,722,89,722,1,right,0.062457889318466187,0.2646320164203644,0.2181442826986313,0.36135929822921753,0.09340641647577286,1.4464329481124878,0.0,495.0,112,2,211,0,0,0,200,200,0
948,3792,722,79,722,3,right+B,0.06399858742952347,0.2656625509262085,0.2299884557723999,0.3450288474559784,0.09532158076763153,1.45729660987854,0.0,495.0,113,2,211,0,0,0,200,200,0
949,3796,722,79,722,3,right+B,0.06297796964645386,0.26596853137016296,0.2179994285106659,0.3621128499507904,0.0909411683678627,1.44431471824646,0.0,495.0,114,2,211,0,0,0,200,200,0
950,3800,722,79,722,3,right+B,0.06220310181379318,0.2668766677379608,0.20305801928043365,0.38309749960899353,0.08476472645998001,1.42578125,-1.0,494.0,115,2,210,0,0,0,200,200,0
951,3804,722,79,722,1,right,0.06288175284862518,0.2682534456253052,0.20704303681850433,0.3760567903518677,0.08576493710279465,1.431433916091919,0.0,494.0,116,2,210,0,0,0,200,200,0
952,3808,722,79,722,1,right,0.06166969612240791,0.26534131169319153,0.20642483234405518,0.37976834177970886,0.08679578453302383,1.4293843507766724,0.0,494.0,117,2,210,0,0,0,200,200,0
953,3812,722,79,722,3,right+B,0.06280993670225143,0.26801538467407227,0.2082109898328781,0.37392184138298035,0.08704185485839844,1.433790683746338,0.0,494.0,118,2,210,0,0,0,200,200,0
954,3816,722,79,722,3,right+B,0.06261732429265976,0.2685069441795349,0.21198596060276031,0.3669454753398895,0.0899442508816719,1.4399034976959229,0.0,494.0,119,2,210,0,0,0,200,200,0
955,3820,722,79,722,1,right,0.06292357295751572,0.26608020067214966,0.2204487919807434,0.3581008315086365,0.09244659543037415,1.4475284814834595,-1.0,493.0,120,2,209,0,0,0,200,200,0
956,3824,722,93,722,2,right+A,0.06403506547212601,0.2697445750236511,0.2072337418794632,0.37008699774742126,0.08889959752559662,1.4386286735534668,0.0,493.0,121,2,209,0,0,0,200,200,0
957,3828,722,108,722,1,right,0.062302809208631516,0.26461881399154663,0.22420968115329742,0.35563477873802185,0.09323389083147049,1.448854923248291,0.0,493.0,122,2,209,0,0,0,200,200,0
958,3832,722,112,722,2,right+A,0.06256058067083359,0.26642510294914246,0.2278883010149002,0.34915244579315186,0.09397353231906891,1.4524259567260742,0.0,493.0,123,2,209,0,0,0,200,200,0
959,3836,722,106,722,1,right,0.06265679746866226,0.2655232548713684,0.23494137823581696,0.3394488990306854,0.09742958098649979,1.45958411693573,0.0,493.0,124,2,209,0,0,0,200,200,0
960,3840,722,89,722,2,right+A,0.061469074338674545,0.26420682668685913,0.22050005197525024,0.3595030903816223,0.09432096034288406,1.4469608068466187,-1.0,492.0,125,2,208,0,0,0,200,200,0
961,3844,722,79,722,3,right+B,0.06208685413002968,0.2652353048324585,0.21188369393348694,0.36934226751327515,0.09145193547010422,1.439964771270752,0.0,492.0,126,2,208,0,0,0,200,200,0
962,3848,722,79,722,3,right+B,0.0609995573759079,0.2616768777370453,0.2090604156255722,0.379451721906662,0.08881144970655441,1.4313650131225586,0.0,492.0,127,2,208,0,0,0,200,200,0
963,3852,722,93,722,2,right+A,0.06131218001246452,0.26595911383628845,0.20509344339370728,0.3801122009754181,0.08752311021089554,1.429208755493164,0.0,492.0,128,2,208,0,0,0,200,200,0
964,3856,722,108,722,1,right,0.06243542209267616,0.26842087507247925,0.2228260338306427,0.3529644310474396,0.093353271484375,1.4496897459030151,0.0,492.0,129,2,208,0,0,0,200,200,0
965,3860,722,112,722,3,right+B,0.06253312528133392,0.2697663903236389,0.20940828323364258,0.36916089057922363,0.08913137763738632,1.4375617504119873,-1.0,491.0,130,2,207,0,0,0,200,200,0
966,3864,722,106,722,3,right+B,0.06126730144023895,0.26554569602012634,0.20015864074230194,0.38412049412727356,0.08890791982412338,1.4278757572174072,0.0,491.0,131,2,207,0,0,0,200,200,0
967,3868,722,89,722,1,right,0.06092625856399536,0.26110175251960754,0.21847470104694366,0.36527469754219055,0.09422259032726288,1.4438480138778687,0.0,491.0,132,2,207,0,0,0,200,200,0
968,3872,722,79,722,2,right+A,0.06194480136036873,0.26332083344459534,0.2187826931476593,0.3634337782859802,0.09251786768436432,1.4442273378372192,0.0,491.0,133,2,207,0,0,0,200,200,0
969,3876,722,79,722,2,right+A,0.06173679232597351,0.26249179244041443,0.20578688383102417,0.38072773814201355,0.08925677835941315,1.431675910949707,0.0,491.0,134,2,207,0,0,0,200,200,0
970,3880,722,79,722,2,right+A,0.06144336983561516,0.2632654309272766,0.20085197687149048,0.3883189857006073,0.08612022548913956,1.4236515760421753,-1.0,490.0,135,2,206,0,0,0,200,200,0
971,3884,722,79,722,1,right,0.06182154640555382,0.26442381739616394,0.20664209127426147,0.3795023262500763,0.08761025220155716,1.4306601285934448,0.0,490.0,136,2,206,0,0,0,200,200,0
972,3888,722,79,722,3,right+B,0.06221620738506317,0.2650993764400482,0.20859943330287933,0.37588346004486084,0.08820150792598724,1.433646321296692,0.0,490.0,137,2,206,0,0,0,200,200,0
973,3892,722,79,722,1,right,0.062159691005945206,0.26657193899154663,0.19783510267734528,0.38892433047294617,0.08450893312692642,1.4217783212661743,0.0,490.0,138,2,206,0,0,0,200,200,0
974,3896,722,79,722,3,right+B,0.06146987900137901,0.26567503809928894,0.19452914595603943,0.39516133069992065,0.08316466957330704,1.4157946109771729,0.0,490.0,139,2,206,0,0,0,200,200,0
975,3900,722,79,722,3,right+B,0.061799369752407074,0.26432445645332336,0.2017069309949875,0.3850111663341522,0.08715806156396866,1.4268208742141724,-1.0,489.0,140,2,205,0,0,0,200,200,0
976,3904,722,93,722,2,right+A,0.06174734607338905,0.26406311988830566,0.20081211626529694,0.38564106822013855,0.0877363309264183,1.4269033670425415,0.0,489.0,141,2,205,0,0,0,200,200,0
977,3908,722,108,722,1,right,0.061898283660411835,0.2628994882106781,0.21476981043815613,0.36837682127952576,0.092055544257164,1.4412682056427002,0.0,489.0,142,2,205,0,0,0,200,200,0
978,3912,722,112,722,3,right+B,0.06174137443304062,0.26414579153060913,0.20873169600963593,0.375478595495224,0.08990250527858734,1.4349830150604248,0.0,489.0,143,2,205,0,0,0,200,200,0
979,3916,722,106,722,2,right+A,0.06079905480146408,0.26052701473236084,0.2076505422592163,0.38011446595191956,0.09090892225503922,1.4327439069747925,0.0,489.0,144,2,205,0,0,0,200,200,0
980,3920,722,89,722,3,right+B,0.060629237443208694,0.2591222822666168,0.20458394289016724,0.38440898060798645,0.09125558286905289,1.4304922819137573,-1.0,488.0,145,2,204,0,0,0,200,200,0
981,3924,722,79,722,3,right+B,0.06202588975429535,0.2589118480682373,0.2126140296459198,0.37337031960487366,0.09307794272899628,1.440324306488037,0.0,488.0,146,2,204,0,0,0,200,200,0
982,3928,722,79,722,3,right+B,0.06162112206220627,0.25814855098724365,0.20939911901950836,0.3811757564544678,0.08965544402599335,1.432582139968872,0.0,488.0,147,2,204,0,0,0,200,200,0
983,3932,722,79,722,0,NOOP,0.06185804307460785,0.2611389756202698,0.2032260000705719,0.3875283896923065,0.08624856173992157,1.4253231287002563,0.0,488.0,148,2,204,0,0,0,200,200,0
984,3936,722,79,722,3,right+B,0.06205764040350914,0.2619464695453644,0.20867882668972015,0.37983548641204834,0.08748158812522888,1.4312206506729126,0.0,488.0,149,2,204,0,0,0,200,200,0
985,3940,722,79,722,3,right+B,0.062283601611852646,0.26387321949005127,0.20258885622024536,0.38468021154403687,0.08657413721084595,1.4272334575653076,-1.0,487.0,150,2,203,0,0,0,200,200,0
986,3944,722,79,722,1,right,0.0616355836391449,0.2634149193763733,0.1936109960079193,0.3970967233181,0.08424179255962372,1.4162098169326782,0.0,487.0,151,2,203,0,0,0,200,200,0
987,3948,722,79,722,1,right,0.06077894568443298,0.2622447609901428,0.19496268033981323,0.3970833420753479,0.0849301815032959,1.4161555767059326,0.0,487.0,152,2,203,0,0,0,200,200,0
988,3952,722,79,722,3,right+B,0.06158043071627617,0.2630016803741455,0.19981878995895386,0.3888842463493347,0.08671487867832184,1.4240107536315918,0.0,487.0,153,2,203,0,0,0,200,200,0
989,3956,722,79,722,3,right+B,0.06155422702431679,0.26221179962158203,0.19771087169647217,0.39258047938346863,0.0859425887465477,1.4210578203201294,0.0,487.0,154,2,203,0,0,0,200,200,0
990,3960,722,79,722,3,right+B,0.06080183386802673,0.26146388053894043,0.1972922831773758,0.3946932852268219,0.08574876934289932,1.4187684059143066,-1.0,486.0,155,2,202,0,0,0,200,200,0
991,3964,722,93,722,2,right+A,0.061035044491291046,0.2614305913448334,0.20316104590892792,0.3863500952720642,0.0880231186747551,1.4265267848968506,0.0,486.0,156,2,202,0,0,0,200,200,0
992,3968,722,109,722,4,right+A+B,0.06204111501574516,0.26267972588539124,0.2142978459596634,0.3700806796550751,0.09090057015419006,1.4395803213119507,0.0,486.0,157,2,202,0,0,0,200,200,0
993,3972,722,121,722,3,right+B,0.06139116734266281,0.26177075505256653,0.20695249736309052,0.38073113560676575,0.08915441483259201,1.4313424825668335,0.0,486.0,158,2,202,0,0,0,200,200,0
994,3976,722,122,722,0,NOOP,0.061328984797000885,0.26137542724609375,0.2224111557006836,0.3605039417743683,0.09438049048185349,1.446830153465271,0.0,486.0,159,2,202,0,0,0,200,200,0
995,3980,722,113,722,3,right+B,0.06090371683239937,0.261254221200943,0.2124853879213333,0.37266045808792114,0.0926961749792099,1.4385426044464111,-1.0,485.0,160,2,201,0,0,0,200,200,0
996,3984,722,94,722,2,right+A,0.06060117110610008,0.26030898094177246,0.20940649509429932,0.38112959265708923,0.08855375647544861,1.4299511909484863,0.0,485.0,161,2,201,0,0,0,200,200,0
997,3988,722,79,722,1,right,0.060495708137750626,0.25988730788230896,0.20077922940254211,0.3914441764354706,0.087393619120121,1.4224103689193726,0.0,485.0,162,2,201,0,0,0,200,200,0
998,3992,722,79,722,3,right+B,0.06073734164237976,0.2611883282661438,0.1989544928073883,0.39400583505630493,0.08511404693126678,1.4187076091766357,0.0,485.0,163,2,201,0,0,0,200,200,0
999,3996,722,79,722,3,right+B,0.060493435710668564,0.2581649720668793,0.19806721806526184,0.39817702770233154,0.08509735763072968,1.416334629058838,0.0,485.0,164,2,201,0,0,0,200,200,0
1000,4000,722,79,722,3,right+B,0.060513533651828766,0.2601035237312317,0.19958916306495667,0.39370954036712646,0.08608425408601761,1.4197542667388916,-1.0,484.0,165,2,200,0,0,0,200,200,0
1001,4004,722,79,722,3,right+B,0.061092786490917206,0.26108986139297485,0.202083021402359,0.3883950114250183,0.087339386343956,1.4247848987579346,0.0,484.0,166,2,200,0,0,0,200,200,0
1002,4008,722,79,722,1,right,0.06135916709899902,0.26211488246917725,0.1975310742855072,0.39346468448638916,0.08553016185760498,1.4199048280715942,0.0,484.0,167,2,200,0,0,0,200,200,0
1003,4012,722,79,722,3,right+B,0.06082618981599808,0.26194900274276733,0.19766446948051453,0.39399468898773193,0.08556567877531052,1.4189904928207397,0.0,484.0,168,2,200,0,0,0,200,200,0
1004,4016,722,79,722,3,right+B,0.06134627014398575,0.2619030773639679,0.2014441043138504,0.3880089819431305,0.08729763329029083,1.4250940084457397,0.0,484.0,169,2,200,0,0,0,200,200,0
1005,4020,722,79,722,3,right+B,0.06156063452363014,0.2621232867240906,0.2028622329235077,0.38580164313316345,0.08765217661857605,1.4270219802856445,-1.0,483.0,170,2,199,0,0,0,200,200,0
1006,4024,722,79,722,3,right+B,0.06169649213552475,0.26256993412971497,0.20104095339775085,0.3890206217765808,0.08567200601100922,1.4232940673828125,0.0,483.0,171,2,199,0,0,0,200,200,0
1007,4028,722,79,722,3,right+B,0.061305392533540726,0.2627004384994507,0.20339898765087128,0.38650113344192505,0.08609404414892197,1.424796223640442,0.0,483.0,172,2,199,0,0,0,200,200,0
1008,4032,722,93,722,2,right+A,0.061300069093704224,0.2622310221195221,0.20578037202358246,0.3838706910610199,0.08681777864694595,1.427194356918335,0.0,483.0,173,2,199,0,0,0,200,200,0
1009,4036,722,109,722,2,right+A,0.061968106776475906,0.2637322247028351,0.21332113444805145,0.3713900148868561,0.08958849310874939,1.437418818473816,0.0,483.0,174,2,199,0,0,0,200,200,0
1010,4040,722,121,722,3,right+B,0.06117800250649452,0.2627805173397064,0.20389211177825928,0.38439565896987915,0.08775362372398376,1.4273788928985596,-1.0,482.0,175,2,198,0,0,0,200,200,0
1011,4044,722,122,722,4,right+A+B,0.06078295409679413,0.2621217668056488,0.21481020748615265,0.3695380389690399,0.09274710714817047,1.4399816989898682,0.0,482.0,176,2,198,0,0,0,200,200,0
1012,4048,722,113,722,3,right+B,0.06031898781657219,0.26152458786964417,0.20445294678211212,0.38219961524009705,0.09150388091802597,1.4311225414276123,0.0,482.0,177,2,198,0,0,0,200,200,0
1013,4052,722,94,722,1,right,0.06016051769256592,0.2602851092815399,0.20319652557373047,0.3880116641521454,0.08834619075059891,1.4249534606933594,0.0,482.0,178,2,198,0,0,0,200,200,0
1014,4056,722,79,722,1,right,0.05975554138422012,0.2588258683681488,0.19476009905338287,0.39988768100738525,0.08677079528570175,1.4154503345489502,0.0,482.0,179,2,198,0,0,0,200,200,0
1015,4060,722,79,722,1,right,0.06017180532217026,0.2607003152370453,0.19454924762248993,0.3998544216156006,0.0847242996096611,1.4137458801269531,-1.0,481.0,180,2,197,0,0,0,200,200,0
1016,4064,722,79,722,3,right+B,0.060567837208509445,0.2585445046424866,0.19748862087726593,0.39781588315963745,0.0855831652879715,1.4169822931289673,0.0,481.0,181,2,197,0,0,0,200,200,0
1017,4068,722,79,722,3,right+B,0.06045921891927719,0.2600129544734955,0.19966663420200348,0.3937456011772156,0.08611559122800827,1.4197150468826294,0.0,481.0,182,2,197,0,0,0,200,200,0
1018,4072,722,79,722,3,right+B,0.06171294301748276,0.26172348856925964,0.20677225291728973,0.3817828297615051,0.08800851553678513,1.430128812789917,0.0,481.0,183,2,197,0,0,0,200,200,0
1019,4076,722,93,722,2,right+A,0.06231261044740677,0.26310428977012634,0.2034902274608612,0.3848690092563629,0.0862237960100174,1.4270477294921875,0.0,481.0,184,2,197,0,0,0,200,200,0
1020,4080,722,108,722,3,right+B,0.06166958808898926,0.26228898763656616,0.21236880123615265,0.3752104640007019,0.08846220374107361,1.4342272281646729,-1.0,480.0,185,2,196,0,0,0,200,200,0
1021,4084,722,112,722,4,right+A+B,0.06170141324400902,0.2626752257347107,0.21082904934883118,0.3755393624305725,0.08925500512123108,1.4346826076507568,0.0,480.0,186,2,196,0,0,0,200,200,0
1022,4088,722,106,722,3,right+B,0.061081189662218094,0.2612985372543335,0.20749551057815552,0.38079261779785156,0.08933212608098984,1.4311867952346802,0.0,480.0,187,2,196,0,0,0,200,200,0
1023,4092,722,89,722,1,right,0.06034170091152191,0.25798869132995605,0.20180608332157135,0.39044734835624695,0.08941614627838135,1.4250288009643555,0.0,480.0,188,2,196,0,0,0,200,200,0
1024,4096,722,79,722,3,right+B,0.06121945381164551,0.25898826122283936,0.20797184109687805,0.3812578618526459,0.0905625969171524,1.4326233863830566,0.0,480.0,189,2,196,0,0,0,200,200,0
1025,4100,722,79,722,3,right+B,0.060769300907850266,0.2575896680355072,0.20077259838581085,0.39355310797691345,0.08731530606746674,1.4218417406082153,-1.0,479.0,190,2,195,0,0,0,200,200,0
1026,4104,722,93,722,4,right+A+B,0.061028141528367996,0.26039183139801025,0.19544504582881927,0.39810556173324585,0.08502946048974991,1.4163419008255005,0.0,479.0,191,2,195,0,0,0,200,200,0
1027,4108,722,108,722,3,right+B,0.061926960945129395,0.26122695207595825,0.21101349592208862,0.3756422996520996,0.09019028395414352,1.4360132217407227,0.0,479.0,192,2,195,0,0,0,200,200,0
1028,4112,722,112,722,3,right+B,0.06255225837230682,0.26355665922164917,0.20894348621368408,0.3746495246887207,0.09029803425073624,1.43692147731781,0.0,479.0,193,2,195,0,0,0,200,200,0
1029,4116,722,106,722,3,right+B,0.061680328100919724,0.26108720898628235,0.21150730550289154,0.3736480176448822,0.09207714349031448,1.4384685754776,0.0,479.0,194,2,195,0,0,0,200,200,0
1030,4120,722,89,722,0,NOOP,0.06135619804263115,0.2600269615650177,0.21068164706230164,0.37703922390937805,0.09089592099189758,1.4353528022766113,-1.0,478.0,195,2,194,0,0,0,200,200,0
1031,4124,722,79,722,0,NOOP,0.062376558780670166,0.2608068883419037,0.21491199731826782,0.3711565434932709,0.09074796736240387,1.4396486282348633,0.0,478.0,196,2,194,0,0,0,200,200,0
1032,4128,722,79,722,0,NOOP,0.061089951545000076,0.25833165645599365,0.20765294134616852,0.384548157453537,0.08837731182575226,1.4287562370300293,0.0,478.0,197,2,194,0,0,0,200,200,0
1033,4132,722,93,722,2,right+A,0.06240114942193031,0.26487821340560913,0.2054166942834854,0.37916141748428345,0.08814260363578796,1.4319032430648804,0.0,478.0,198,2,194,0,0,0,200,200,0
1034,4136,722,109,722,4,right+A+B,0.06260242313146591,0.26490792632102966,0.21261653304100037,0.37054160237312317,0.08933155238628387,1.4381928443908691,0.0,478.0,199,2,194,0,0,0,200,200,0
1035,4140,722,121,722,1,right,0.06128133460879326,0.2665477693080902,0.19468286633491516,0.39117810130119324,0.08630995452404022,1.420720100402832,-1.0,477.0,200,2,193,0,0,0,200,200,0
1036,4144,722,122,722,3,right+B,0.06058221310377121,0.26093706488609314,0.205637127161026,0.38083595037460327,0.09200768917798996,1.432837963104248,0.0,477.0,201,2,193,0,0,0,200,200,0
1037,4148,722,113,722,1,right,0.060778744518756866,0.2636690139770508,0.19063697755336761,0.3996637165546417,0.0852515771985054,1.4141037464141846,0.0,477.0,202,2,193,0,0,0,200,200,0
1038,4152,722,94,722,0,NOOP,0.06037171557545662,0.26324066519737244,0.18149904906749725,0.4139683246612549,0.08092023432254791,1.3991135358810425,0.0,477.0,203,2,193,0,0,0,200,200,0
1039,4156,722,79,722,3,right+B,0.05988151952624321,0.2631755769252777,0.17420482635498047,0.4238022565841675,0.07893579453229904,1.388595461845398,0.0,477.0,204,2,193,0,0,0,200,200,0
1040,4160,722,79,722,1,right,0.059831421822309494,0.2642008066177368,0.17457395792007446,0.42578697204589844,0.07560685276985168,1.383641004562378,-1.0,476.0,205,2,192,0,0,0,200,200,0
1041,4164,722,79,722,3,right+B,0.05892612785100937,0.2581780254840851,0.17563244700431824,0.4301694929599762,0.07709380239248276,1.382387638092041,0.0,476.0,206,2,192,0,0,0,200,200,0
1042,4168,722,79,722,3,right+B,0.060894135385751724,0.262704998254776,0.1834978312253952,0.4129142761230469,0.0799887552857399,1.3999836444854736,0.0,476.0,207,2,192,0,0,0,200,200,0
1043,4172,722,79,722,3,right+B,0.06089464947581291,0.2640981376171112,0.18004637956619263,0.4177601933479309,0.07720067352056503,1.393125295639038,0.0,476.0,208,2,192,0,0,0,200,200,0
1044,4176,722,79,722,1,right,0.06025896593928337,0.26350662112236023,0.18092910945415497,0.4190494120121002,0.07625596970319748,1.3907638788223267,0.0,476.0,209,2,192,0,0,0,200,200,0
1045,4180,722,93,722,2,right+A,0.060880761593580246,0.26573899388313293,0.18064364790916443,0.41449013352394104,0.07824647426605225,1.3960936069488525,-1.0,475.0,210,2,191,0,0,0,200,200,0
1046,4184,722,108,722,0,NOOP,0.06262553483247757,0.267475426197052,0.19745734333992004,0.3888707458972931,0.0835709348320961,1.4212777614593506,0.0,475.0,211,2,191,0,0,0,200,200,0
1047,4188,722,112,722,3,right+B,0.06300141662359238,0.2699414789676666,0.19713740050792694,0.38566774129867554,0.0842520073056221,1.4236887693405151,0.0,475.0,212,2,191,0,0,0,200,200,0
1048,4192,722,106,722,1,right,0.06103777885437012,0.26580339670181274,0.19132444262504578,0.3987278640270233,0.08310654759407043,1.412635326385498,0.0,475.0,213,2,191,0,0,0,200,200,0
1049,4196,722,89,722,3,right+B,0.06027490273118019,0.26220226287841797,0.19314154982566833,0.4020284414291382,0.08235281705856323,1.4098405838012695,0.0,475.0,214,2,191,0,0,0,200,200,0
1050,4200,722,79,722,1,right,0.060573019087314606,0.2640118896961212,0.19120168685913086,0.4020792245864868,0.0821341723203659,1.4093940258026123,-1.0,474.0,215,2,190,0,0,0,200,200,0
1051,4204,722,79,722,1,right,0.05891725793480873,0.25921839475631714,0.18284957110881805,0.42063602805137634,0.07837875187397003,1.3913097381591797,0.0,474.0,216,2,190,0,0,0,200,200,0
1052,4208,722,93,722,2,right+A,0.06071282550692558,0.2636639177799225,0.1794329434633255,0.41926026344299316,0.07693004608154297,1.3915979862213135,0.0,474.0,217,2,190,0,0,0,200,200,0
1053,4212,722,108,722,3,right+B,0.0624392069876194,0.2655649185180664,0.20398744940757751,0.3827727735042572,0.0852356106042862,1.4270293712615967,0.0,474.0,218,2,190,0,0,0,200,200,0
1054,4216,722,112,722,4,right+A+B,0.06286803632974625,0.2657983601093292,0.203665629029274,0.3807884752750397,0.08687948435544968,1.43013596534729,0.0,474.0,219,2,190,0,0,0,200,200,0
1055,4220,722,106,722,1,right,0.06214352697134018,0.26570987701416016,0.2033270001411438,0.3816792964935303,0.0871402770280838,1.4289668798446655,-1.0,473.0,220,2,189,0,0,0,200,200,0
1056,4224,722,89,722,3,right+B,0.06186545267701149,0.265277624130249,0.1947508454322815,0.39467543363571167,0.08343063294887543,1.4169418811798096,0.0,473.0,221,2,189,0,0,0,200,200,0
1057,4228,722,79,722,3,right+B,0.059820838272571564,0.26206174492836,0.19187679886817932,0.4028383791446686,0.08340230584144592,1.4096424579620361,0.0,473.0,222,2,189,0,0,0,200,200,0
1058,4232,722,79,722,1,right,0.05960872769355774,0.2599985897541046,0.1887979805469513,0.41093915700912476,0.08065546303987503,1.4015815258026123,0.0,473.0,223,2,189,0,0,0,200,200,0
1059,4236,722,93,722,2,right+A,0.061519742012023926,0.26531827449798584,0.1871216744184494,0.4051178991794586,0.08092232048511505,1.406702995300293,0.0,473.0,224,2,189,0,0,0,200,200,0
1060,4240,722,108,722,1,right,0.062069669365882874,0.2674625813961029,0.1989404261112213,0.3865608870983124,0.08496644347906113,1.42338228225708,-1.0,472.0,225,2,188,0,0,0,200,200,0
1061,4244,722,112,722,2,right+A,0.062253836542367935,0.26779288053512573,0.19452308118343353,0.39102837443351746,0.08440179377794266,1.4199734926223755,0.0,472.0,226,2,188,0,0,0,200,200,0
1062,4248,722,106,722,3,right+B,0.06073986366391182,0.26427149772644043,0.19181303679943085,0.3978227376937866,0.08535286039113998,1.415299415588379,0.0,472.0,227,2,188,0,0,0,200,200,0
1063,4252,722,89,722,1,right,0.05907115712761879,0.2593274414539337,0.18674969673156738,0.41282421350479126,0.08202743530273438,1.4008467197418213,0.0,472.0,228,2,188,0,0,0,200,200,0
1064,4256,722,79,722,4,right+A+B,0.06072124093770981,0.264217346906662,0.19405539333820343,0.3964204490184784,0.08458553999662399,1.4156779050827026,0.0,472.0,229,2,188,0,0,0,200,200,0
1065,4260,722,79,722,1,right,0.061398785561323166,0.265483558177948,0.18883997201919556,0.40275683999061584,0.08152088522911072,1.408819317817688,-1.0,471.0,230,2,187,0,0,0,200,200,0
1066,4264,722,79,722,3,right+B,0.060297124087810516,0.26268407702445984,0.17162451148033142,0.429936945438385,0.07545729726552963,1.3808913230895996,0.0,471.0,231,2,187,0,0,0,200,200,0
1067,4268,722,93,722,2,right+A,0.06067628040909767,0.26347583532333374,0.1816307008266449,0.41699227690696716,0.07722488790750504,1.3937848806381226,0.0,471.0,232,2,187,0,0,0,200,200,0
1068,4272,722,108,722,0,NOOP,0.06173073127865791,0.26511716842651367,0.20029930770397186,0.3913421332836151,0.08151067793369293,1.417448878288269,0.0,471.0,233,2,187,0,0,0,200,200,0
1069,4276,722,112,722,3,right+B,0.06179782748222351,0.266918420791626,0.18992973864078522,0.39960289001464844,0.08175114542245865,1.4113402366638184,0.0,471.0,234,2,187,0,0,0,200,200,0
1070,4280,722,106,722,1,right,0.05995940417051315,0.2635551393032074,0.18397650122642517,0.4115239977836609,0.0809849426150322,1.4005846977233887,-1.0,470.0,235,2,186,0,0,0,200,200,0
1071,4284,722,89,722,2,right+A,0.05978900194168091,0.25994810461997986,0.18544121086597443,0.411857008934021,0.08296472579240799,1.4029916524887085,0.0,470.0,236,2,186,0,0,0,200,200,0
1072,4288,722,79,722,2,right+A,0.06088064983487129,0.2609598636627197,0.19151073694229126,0.4012608230113983,0.08538796007633209,1.4140070676803589,0.0,470.0,237,2,186,0,0,0,200,200,0
1073,4292,722,79,722,4,right+A+B,0.059230104088783264,0.25791969895362854,0.17926029860973358,0.42458653450012207,0.07900334149599075,1.3892948627471924,0.0,470.0,238,2,186,0,0,0,200,200,0
1074,4296,722,79,722,3,right+B,0.05971941724419594,0.26015475392341614,0.17080189287662506,0.43339017033576965,0.07593382894992828,1.378551959991455,0.0,470.0,239,2,186,0,0,0,200,200,0
1075,4300,722,79,722,3,right+B,0.06008584424853325,0.2596065104007721,0.17485986649990082,0.42864078283309937,0.07680702209472656,1.3842170238494873,-1.0,469.0,240,2,185,0,0,0,200,200,0
1076,4304,722,79,722,3,right+B,0.060906995087862015,0.2617582082748413,0.1774919331073761,0.4213436245918274,0.07849923521280289,1.392063856124878,0.0,469.0,241,2,185,0,0,0,200,200,0
1077,4308,722,79,722,3,right+B,0.06010502204298973,0.2595144212245941,0.17689229547977448,0.424713671207428,0.07877452671527863,1.3893588781356812,0.0,469.0,242,2,185,0,0,0,200,200,0
1078,4312,722,93,722,4,right+A+B,0.060950763523578644,0.26203128695487976,0.18152479827404022,0.416095107793808,0.07939804345369339,1.3971917629241943,0.0,469.0,243,2,185,0,0,0,200,200,0
1079,4316,722,109,722,2,right+A,0.06206642463803291,0.2620932161808014,0.1970273107290268,0.3952498733997345,0.08356322348117828,1.417829990386963,0.0,469.0,244,2,185,0,0,0,200,200,0
1080,4320,722,121,722,3,right+B,0.060582634061574936,0.2600632607936859,0.18417108058929443,0.41518616676330566,0.07999688386917114,1.3987305164337158,-1.0,468.0,245,2,184,0,0,0,200,200,0
1081,4324,722,122,722,1,right,0.060737092047929764,0.26142418384552,0.19686850905418396,0.39516207575798035,0.08580806106328964,1.418426513671875,0.0,468.0,246,2,184,0,0,0,200,200,0
1082,4328,722,113,722,1,right,0.05992179363965988,0.26004165410995483,0.18556955456733704,0.4105384647846222,0.08392856270074844,1.404929757118225,0.0,468.0,247,2,184,0,0,0,200,200,0
1083,4332,722,94,722,4,right+A+B,0.059703730046749115,0.2602846920490265,0.18195298314094543,0.4186680018901825,0.07939060032367706,1.3943043947219849,0.0,468.0,248,2,184,0,0,0,200,200,0
1084,4336,722,79,722,1,right,0.05954602733254433,0.2583056688308716,0.17637869715690613,0.4256362318992615,0.08013340085744858,1.3894914388656616,0.0,468.0,249,2,184,0,0,0,200,200,0
1085,4340,722,93,722,4,right+A+B,0.059638142585754395,0.258976012468338,0.17422445118427277,0.43002334237098694,0.07713808119297028,1.38301420211792,-1.0,467.0,250,2,183,0,0,0,200,200,0
1086,4344,722,108,722,3,right+B,0.060442157089710236,0.25698497891426086,0.18927639722824097,0.41067031025886536,0.08262618631124496,1.405344009399414,0.0,467.0,251,2,183,0,0,0,200,200,0
1087,4348,722,112,722,1,right,0.05911396071314812,0.256669282913208,0.18027734756469727,0.423637717962265,0.08030164986848831,1.3914852142333984,0.0,467.0,252,2,183,0,0,0,200,200,0
1088,4352,722,106,722,3,right+B,0.05973513051867485,0.258662611246109,0.18686072528362274,0.41207772493362427,0.08266378194093704,1.4029371738433838,0.0,467.0,253,2,183,0,0,0,200,200,0
1089,4356,722,89,722,2,right+A,0.06000310555100441,0.25700268149375916,0.1887158453464508,0.4105484187602997,0.08372988551855087,1.405836820602417,0.0,467.0,254,2,183,0,0,0,200,200,0
1090,4360,722,79,722,2,right+A,0.06008428335189819,0.25656333565711975,0.19128166139125824,0.4091198146343231,0.08295093476772308,1.4065189361572266,-1.0,466.0,255,2,182,0,0,0,200,200,0
1091,4364,722,79,722,2,right+A,0.058864302933216095,0.25473934412002563,0.18134701251983643,0.42666277289390564,0.07838661223649979,1.3877105712890625,0.0,466.0,256,2,182,0,0,0,200,200,0
1092,4368,722,79,722,3,right+B,0.05831572040915489,0.25540587306022644,0.17250989377498627,0.4382992684841156,0.07546920329332352,1.3740293979644775,0.0,466.0,257,2,182,0,0,0,200,200,0
1093,4372,722,79,722,1,right,0.05893634259700775,0.25766322016716003,0.17631970345973969,0.4302751421928406,0.07680556923151016,1.3822630643844604,0.0,466.0,258,2,182,0,0,0,200,200,0
1094,4376,722,93,722,2,right+A,0.05913998559117317,0.2583991289138794,0.17533516883850098,0.4295462667942047,0.07757944613695145,1.3834916353225708,0.0,466.0,259,2,182,0,0,0,200,200,0
1095,4380,722,108,722,3,right+B,0.05970589816570282,0.25891631841659546,0.18385572731494904,0.41691070795059204,0.08061134815216064,1.3972471952438354,-1.0,465.0,260,2,181,0,0,0,200,200,0
1096,4384,722,112,722,4,right+A+B,0.05978762358427048,0.25953081250190735,0.18219390511512756,0.41782283782958984,0.08066485822200775,1.396416425704956,0.0,465.0,261,2,181,0,0,0,200,200,0
1097,4388,722,106,722,2,right+A,0.059238288551568985,0.2576557695865631,0.18556468188762665,0.41515448689460754,0.08238677680492401,1.4000184535980225,0.0,465.0,262,2,181,0,0,0,200,200,0
1098,4392,722,89,722,4,right+A+B,0.05906540900468826,0.2560786306858063,0.18308581411838531,0.41985082626342773,0.08191923797130585,1.396127700805664,0.0,465.0,263,2,181,0,0,0,200,200,0
1099,4396,722,79,722,1,right,0.05928948521614075,0.25610554218292236,0.18558572232723236,0.4171675145626068,0.08185175806283951,1.3985190391540527,0.0,465.0,264,2,181,0,0,0,200,200,0
1100,4400,722,93,722,4,right+A+B,0.05889534950256348,0.254940390586853,0.17906047403812408,0.4285787045955658,0.078525111079216,1.3861353397369385,-1.0,464.0,265,2,180,0,0,0,200,200,0
1101,4404,722,108,722,1,right,0.0595913901925087,0.2569795846939087,0.18438662588596344,0.41883641481399536,0.08020606637001038,1.3958569765090942,0.0,464.0,266,2,180,0,0,0,200,200,0
1102,4408,722,112,722,2,right+A,0.060517579317092896,0.2589932382106781,0.19063058495521545,0.40865856409072876,0.08119995892047882,1.4051616191864014,0.0,464.0,267,2,180,0,0,0,200,200,0
1103,4412,722,106,722,2,right+A,0.06004684418439865,0.2595515549182892,0.19018973410129547,0.40796959400177,0.08224225789308548,1.405855417251587,0.0,464.0,268,2,180,0,0,0,200,200,0
1104,4416,722,89,722,3,right+B,0.058897729963064194,0.25619614124298096,0.1859791874885559,0.4175209403038025,0.08140601962804794,1.3973885774612427,0.0,464.0,269,2,180,0,0,0,200,200,0
1105,4420,722,79,722,2,right+A,0.05926945060491562,0.2571333050727844,0.18798953294754028,0.4137062430381775,0.08190146088600159,1.4009772539138794,-1.0,463.0,270,2,179,0,0,0,200,200,0
1106,4424,722,79,722,1,right,0.058445706963539124,0.2551085948944092,0.17821815609931946,0.4302133023738861,0.07801425457000732,1.3837196826934814,0.0,463.0,271,2,179,0,0,0,200,200,0
1107,4428,722,79,722,3,right+B,0.05830301716923714,0.255732923746109,0.17016932368278503,0.43985697627067566,0.07593779265880585,1.3728020191192627,0.0,463.0,272,2,179,0,0,0,200,200,0
1108,4432,722,79,722,1,right,0.05914660543203354,0.2575090825557709,0.17455759644508362,0.4318522810935974,0.07693445682525635,1.3812397718429565,0.0,463.0,273,2,179,0,0,0,200,200,0
1109,4436,722,79,722,3,right+B,0.059633709490299225,0.25851449370384216,0.1753104329109192,0.4288809597492218,0.07766047865152359,1.3846434354782104,0.0,463.0,274,2,179,0,0,0,200,200,0
1110,4440,722,79,722,3,right+B,0.059517741203308105,0.2580968737602234,0.17348870635032654,0.43181076645851135,0.07708599418401718,1.381569504737854,-1.0,462.0,275,2,178,0,0,0,200,200,0
1111,4444,722,79,722,3,right+B,0.05920727550983429,0.25834938883781433,0.17331258952617645,0.43221959471702576,0.07691118121147156,1.3806209564208984,0.0,462.0,276,2,178,0,0,0,200,200,0
1112,4448,722,79,722,3,right+B,0.059909313917160034,0.25891292095184326,0.178778275847435,0.42384740710258484,0.07855214923620224,1.3899450302124023,0.0,462.0,277,2,178,0,0,0,200,200,0
1113,4452,722,93,722,2,right+A,0.05987967178225517,0.2585459053516388,0.17738303542137146,0.4262213110923767,0.07797012478113174,1.387506127357483,0.0,462.0,278,2,178,0,0,0,200,200,0
1114,4456,722,108,722,0,NOOP,0.06079059839248657,0.2595331072807312,0.19008789956569672,0.40831461548805237,0.08127386122941971,1.4056330919265747,0.0,462.0,279,2,178,0,0,0,200,200,0
1115,4460,722,112,722,3,right+B,0.060730934143066406,0.2605859935283661,0.1883431077003479,0.4096603989601135,0.08067954331636429,1.403688669204712,-1.0,461.0,280,2,177,0,0,0,200,200,0
1116,4464,722,106,722,2,right+A,0.059687815606594086,0.2584376037120819,0.1896452158689499,0.41071000695228577,0.08151937276124954,1.4030739068984985,0.0,461.0,281,2,177,0,0,0,200,200,0
1117,4468,722,89,722,2,right+A,0.05954898148775101,0.25773727893829346,0.1864442229270935,0.4146205484867096,0.08164897561073303,1.4001706838607788,0.0,461.0,282,2,177,0,0,0,200,200,0
1118,4472,722,79,722,3,right+B,0.05985388159751892,0.25722238421440125,0.1887052357196808,0.4120769202709198,0.08214154094457626,1.4031007289886475,0.0,461.0,283,2,177,0,0,0,200,200,0
1119,4476,722,79,722,3,right+B,0.05935898423194885,0.2557218670845032,0.17951025068759918,0.42701512575149536,0.07839380949735641,1.387624740600586,0.0,461.0,284,2,177,0,0,0,200,200,0
1120,4480,722,79,722,1,right,0.059152789413928986,0.2562071979045868,0.1711527556180954,0.4372905194759369,0.07619674503803253,1.376147747039795,-1.0,460.0,285,2,176,0,0,0,200,200,0
1121,4484,722,79,722,3,right+B,0.05944547802209854,0.2566465735435486,0.1750827133655548,0.4318121075630188,0.07701321691274643,1.3819963932037354,0.0,460.0,286,2,176,0,0,0,200,200,0
1122,4488,722,79,722,3,right+B,0.06037980690598488,0.25852158665657043,0.17734159529209137,0.42559289932250977,0.07816416025161743,1.3887659311294556,0.0,460.0,287,2,176,0,0,0,200,200,0
1123,4492,722,79,722,3,right+B,0.06036260724067688,0.2578478753566742,0.17502568662166595,0.4290635287761688,0.07770027965307236,1.3855514526367188,0.0,460.0,288,2,176,0,0,0,200,200,0
1124,4496,722,79,722,1,right,0.06024051830172539,0.2591700851917267,0.17722411453723907,0.42546528577804565,0.0778999850153923,1.3882652521133423,0.0,460.0,289,2,176,0,0,0,200,200,0
1125,4500,722,79,722,1,right,0.06105223298072815,0.2597232758998871,0.18143486976623535,0.4190292954444885,0.07876031845808029,1.395165205001831,-1.0,459.0,290,2,175,0,0,0,200,200,0
1126,4504,722,93,722,2,right+A,0.061156634241342545,0.2596047818660736,0.18154215812683105,0.4191078543663025,0.07858853042125702,1.3951119184494019,0.0,459.0,291,2,175,0,0,0,200,200,0
1127,4508,722,108,722,1,right,0.061951640993356705,0.2603614330291748,0.1929452270269394,0.4023723900318146,0.08236929774284363,1.4120880365371704,0.0,459.0,292,2,175,0,0,0,200,200,0
1128,4512,722,112,722,4,right+A+B,0.06135409325361252,0.2604251205921173,0.18974651396274567,0.40698567032814026,0.08148864656686783,1.4071892499923706,0.0,459.0,293,2,175,0,0,0,200,200,0
1129,4516,722,106,722,0,NOOP,0.06091418117284775,0.26029258966445923,0.19274330139160156,0.40200385451316833,0.08404609560966492,1.412602424621582,0.0,459.0,294,2,175,0,0,0,200,200,0
1130,4520,722,89,722,0,NOOP,0.06048858165740967,0.25915345549583435,0.18654660880565643,0.411817729473114,0.08199357986450195,1.4032877683639526,-1.0,458.0,295,2,174,0,0,0,200,200,0
1131,4524,722,79,722,2,right+A,0.060856256633996964,0.25837093591690063,0.18793699145317078,0.41055864095687866,0.08227717131376266,1.4051792621612549,0.0,458.0,296,2,174,0,0,0,200,200,0
1132,4528,722,79,722,2,right+A,0.06024429574608803,0.25732773542404175,0.17951250076293945,0.42329978942871094,0.07961573451757431,1.3922309875488281,0.0,458.0,297,2,174,0,0,0,200,200,0
1133,4532,722,79,722,3,right+B,0.060798048973083496,0.26035335659980774,0.1755300760269165,0.4254590570926666,0.07785940170288086,1.3883757591247559,0.0,458.0,298,2,174,0,0,0,200,200,0
1134,4536,722,79,722,0,NOOP,0.060787416994571686,0.26110661029815674,0.17749790847301483,0.42313459515571594,0.07747343182563782,1.3897922039031982,0.0,458.0,299,2,174,0,0,0,200,200,0
1135,4540,722,79,722,3,right+B,0.06113043054938316,0.26279643177986145,0.1795591562986374,0.41805580258369446,0.07845820486545563,1.3946812152862549,-1.0,457.0,300,2,173,0,0,0,200,200,0
1136,4544,722,79,722,3,right+B,0.06250075995922089,0.26510339975357056,0.17855395376682281,0.41461247205734253,0.07922940701246262,1.3987812995910645,0.0,457.0,301,2,173,0,0,0,200,200,0
1137,4548,722,93,722,2,right+A,0.06192640960216522,0.2638501822948456,0.1765304058790207,0.41998422145843506,0.07770875841379166,1.3928459882736206,0.0,457.0,302,2,173,0,0,0,200,200,0
1138,4552,722,108,722,0,NOOP,0.0625685453414917,0.2647845447063446,0.1927049309015274,0.3974626362323761,0.08247926086187363,1.4150948524475098,0.0,457.0,303,2,173,0,0,0,200,200,0
1139,4556,722,112,722,1,right,0.06209308281540871,0.2667055130004883,0.18916407227516174,0.4021141827106476,0.0799231231212616,1.4083043336868286,0.0,457.0,304,2,173,0,0,0,200,200,0
1140,4560,722,106,722,1,right,0.060737244784832,0.26490283012390137,0.18922609090805054,0.40572434663772583,0.07940948009490967,1.4042092561721802,-1.0,456.0,305,2,172,0,0,0,200,200,0
1141,4564,722,89,722,3,right+B,0.05920390039682388,0.25957947969436646,0.18461735546588898,0.41570353507995605,0.08089570701122284,1.3976714611053467,0.0,456.0,306,2,172,0,0,0,200,200,0
1142,4568,722,79,722,1,right,0.06131089851260185,0.2628517150878906,0.1935667246580124,0.398164838552475,0.08410575985908508,1.4151277542114258,0.0,456.0,307,2,172,0,0,0,200,200,0
1143,4572,722,93,722,2,right+A,0.060420822352170944,0.26193153858184814,0.17859876155853271,0.4217049777507782,0.0773439034819603,1.3902074098587036,0.0,456.0,308,2,172,0,0,0,200,200,0
1144,4576,722,108,722,3,right+B,0.0601898729801178,0.2626585364341736,0.18508543074131012,0.41371557116508484,0.07835055887699127,1.3971848487854004,0.0,456.0,309,2,172,0,0,0,200,200,0
1145,4580,722,112,722,3,right+B,0.061173807829618454,0.26424896717071533,0.19005750119686127,0.40303918719291687,0.08148056268692017,1.4087320566177368,-1.0,455.0,310,2,171,0,0,0,200,200,0
1146,4584,722,106,722,1,right,0.06253022700548172,0.26733410358428955,0.19725938141345978,0.38767150044441223,0.08520481735467911,1.4234108924865723,0.0,455.0,311,2,171,0,0,0,200,200,0
1147,4588,722,89,722,1,right,0.06253021210432053,0.2668102979660034,0.20083223283290863,0.3837354779243469,0.08609175682067871,1.4269167184829712,0.0,455.0,312,2,171,0,0,0,200,200,0
1148,4592,722,79,722,1,right,0.06185930222272873,0.2645758390426636,0.19600173830986023,0.39375606179237366,0.0838070958852768,1.418113350868225,0.0,455.0,313,2,171,0,0,0,200,200,0
1149,4596,722,79,722,1,right,0.06106958165764809,0.2628166079521179,0.1902777999639511,0.4072522222995758,0.07858378440141678,1.403387427330017,0.0,455.0,314,2,171,0,0,0,200,200,0
1150,4600,722,79,722,3,right+B,0.06112467125058174,0.26510220766067505,0.18027552962303162,0.41773027181625366,0.07576731592416763,1.3917853832244873,-1.0,454.0,315,2,170,0,0,0,200,200,0
1151,4604,722,79,722,3,right+B,0.060378119349479675,0.2632324695587158,0.18612490594387054,0.4129412770271301,0.07732317596673965,1.396923542022705,0.0,454.0,316,2,170,0,0,0,200,200,0
1152,4608,722,79,722,1,right,0.06256423890590668,0.26744574308395386,0.19387798011302948,0.39649641513824463,0.07961567491292953,1.4124455451965332,0.0,454.0,317,2,170,0,0,0,200,200,0
1153,4612,722,79,722,1,right,0.0621764212846756,0.2689105272293091,0.19028954207897186,0.39875197410583496,0.07987159490585327,1.410104513168335,0.0,454.0,318,2,170,0,0,0,200,200,0
1154,4616,722,79,722,3,right+B,0.06214321032166481,0.26660072803497314,0.19046498835086823,0.4001275897026062,0.08066349476575851,1.4105193614959717,0.0,454.0,319,2,170,0,0,0,200,200,0
1155,4620,722,79,722,3,right+B,0.06277739256620407,0.2678033709526062,0.18433649837970734,0.4042188227176666,0.08086392283439636,1.4078336954116821,-1.0,453.0,320,2,169,0,0,0,200,200,0
1156,4624,722,79,722,1,right,0.061468616127967834,0.26639020442962646,0.1812838762998581,0.4125491678714752,0.0783080980181694,1.3981359004974365,0.0,453.0,321,2,169,0,0,0,200,200,0
1157,4628,722,79,722,3,right+B,0.06082535535097122,0.2627900540828705,0.1814247965812683,0.41640183329582214,0.07855787873268127,1.395821213722229,0.0,453.0,322,2,169,0,0,0,200,200,0
1158,4632,722,79,722,3,right+B,0.062321197241544724,0.266649067401886,0.19453801214694977,0.39291447401046753,0.08357718586921692,1.4183992147445679,0.0,453.0,323,2,169,0,0,0,200,200,0
1159,4636,722,93,722,2,right+A,0.06189880147576332,0.26743704080581665,0.18844562768936157,0.3999188542366028,0.08229965716600418,1.4114961624145508,0.0,453.0,324,2,169,0,0,0,200,200,0
1160,4640,722,109,722,2,right+A,0.06238987296819687,0.26696303486824036,0.19623568654060364,0.38971850275993347,0.08469297736883163,1.4215397834777832,-1.0,452.0,325,2,168,0,0,0,200,200,0
1161,4644,722,121,722,3,right+B,0.061193112283945084,0.26526737213134766,0.19089476764202118,0.40058252215385437,0.08206228911876678,1.4107444286346436,0.0,452.0,326,2,168,0,0,0,200,200,0
1162,4648,722,122,722,3,right+B,0.06116408109664917,0.26416099071502686,0.21590697765350342,0.36918705701828003,0.08958083391189575,1.4375211000442505,0.0,452.0,327,2,168,0,0,0,200,200,0
1163,4652,722,113,722,3,right+B,0.061065346002578735,0.2682827115058899,0.19807076454162598,0.3880496621131897,0.08453144878149033,1.4205952882766724,0.0,452.0,328,2,168,0,0,0,200,200,0
1164,4656,722,94,722,3,right+B,0.060371071100234985,0.2669469714164734,0.18624405562877655,0.40826088190078735,0.07817704230546951,1.4000506401062012,0.0,452.0,329,2,168,0,0,0,200,200,0
1165,4660,722,79,722,3,right+B,0.060734041035175323,0.2654440999031067,0.17642778158187866,0.4191984236240387,0.07819560170173645,1.392018437385559,-1.0,451.0,330,2,167,0,0,0,200,200,0
1166,4664,722,79,722,1,right,0.060197651386260986,0.26414021849632263,0.17692634463310242,0.4226290285587311,0.0761067196726799,1.3872618675231934,0.0,451.0,331,2,167,0,0,0,200,200,0
1167,4668,722,79,722,3,right+B,0.06029351055622101,0.261837899684906,0.18401746451854706,0.41620033979415894,0.07765068113803864,1.3949731588363647,0.0,451.0,332,2,167,0,0,0,200,200,0
1168,4672,722,79,722,0,NOOP,0.06027995049953461,0.2635342478752136,0.1779688447713852,0.4199659824371338,0.07825101166963577,1.3916791677474976,0.0,451.0,333,2,167,0,0,0,200,200,0
1169,4676,722,93,722,4,right+A+B,0.06111718714237213,0.26476866006851196,0.18070411682128906,0.414097398519516,0.07931262254714966,1.3979339599609375,0.0,451.0,334,2,167,0,0,0,200,200,0
1170,4680,722,108,722,1,right,0.0610942468047142,0.2631624639034271,0.18826597929000854,0.4064888656139374,0.08098847419023514,1.4059631824493408,-1.0,450.0,335,2,166,0,0,0,200,200,0
1171,4684,722,112,722,2,right+A,0.06120237335562706,0.26326602697372437,0.188649982213974,0.40346091985702515,0.08342067897319794,1.4103844165802002,0.0,450.0,336,2,166,0,0,0,200,200,0
1172,4688,722,106,722,1,right,0.060822147876024246,0.26212078332901,0.19223837554454803,0.4002941846847534,0.08452450484037399,1.4135887622833252,0.0,450.0,337,2,166,0,0,0,200,200,0
1173,4692,722,89,722,3,right+B,0.06106750667095184,0.26101669669151306,0.18770310282707214,0.40795233845710754,0.08226042240858078,1.4065759181976318,0.0,450.0,338,2,166,0,0,0,200,200,0
1174,4696,722,79,722,2,right+A,0.06089736893773079,0.25962868332862854,0.18839797377586365,0.4097311496734619,0.08134473860263824,1.4046919345855713,0.0,450.0,339,2,166,0,0,0,200,200,0
1175,4700,722,79,722,2,right+A,0.06082158163189888,0.2595784366130829,0.18570174276828766,0.4142772853374481,0.07962097972631454,1.399579644203186,-1.0,449.0,340,2,165,0,0,0,200,200,0
1176,4704,722,79,722,2,right+A,0.0598641075193882,0.2591513991355896,0.17600704729557037,0.4283008873462677,0.07667651027441025,1.3843525648117065,0.0,449.0,341,2,165,0,0,0,200,200,0
1177,4708,722,79,722,3,right+B,0.06090456247329712,0.26126959919929504,0.18220733106136322,0.41664454340934753,0.07897394895553589,1.3966104984283447,0.0,449.0,342,2,165,0,0,0,200,200,0
1178,4712,722,93,722,2,right+A,0.06084749847650528,0.2612549066543579,0.17803937196731567,0.4213382303714752,0.07852006703615189,1.3922162055969238,0.0,449.0,343,2,165,0,0,0,200,200,0
1179,4716,722,109,722,4,right+A+B,0.060785721987485886,0.2600371241569519,0.1844576895236969,0.41361284255981445,0.08110654354095459,1.4011582136154175,0.0,449.0,344,2,165,0,0,0,200,200,0
1180,4720,722,121,722,1,right,0.06116626039147377,0.2610633373260498,0.18496838212013245,0.41069555282592773,0.08210644125938416,1.4043855667114258,-1.0,448.0,345,2,164,0,0,0,200,200,0
1181,4724,722,122,722,3,right+B,0.06070885434746742,0.25986090302467346,0.19722501933574677,0.39488616585731506,0.08731906116008759,1.420265555381775,0.0,448.0,346,2,164,0,0,0,200,200,0
1182,4728,722,113,722,1,right,0.059824176132678986,0.26013001799583435,0.18234407901763916,0.4157234728336334,0.08197823166847229,1.3990411758422852,0.0,448.0,347,2,164,0,0,0,200,200,0
1183,4732,722,94,722,3,right+B,0.059875328093767166,0.25980067253112793,0.1809694766998291,0.42010000348091125,0.07925449311733246,1.3933566808700562,0.0,448.0,348,2,164,0,0,0,200,200,0
1184,4736,722,79,722,1,right,0.06016811355948448,0.25859594345092773,0.18031977117061615,0.4193888008594513,0.08152733743190765,1.3965541124343872,0.0,448.0,349,2,164,0,0,0,200,200,0
1185,4740,722,79,722,1,right,0.05966128036379814,0.2582583427429199,0.17662161588668823,0.42803430557250977,0.07742439210414886,1.385331153869629,-1.0,447.0,350,2,163,0,0,0,200,200,0
1186,4744,722,79,722,1,right,0.05989975109696388,0.25675082206726074,0.17903441190719604,0.4268818497657776,0.07743317633867264,1.3871675729751587,0.0,447.0,351,2,163,0,0,0,200,200,0
1187,4748,722,79,722,3,right+B,0.05960127338767052,0.25777965784072876,0.1781296581029892,0.4274025559425354,0.07708679884672165,1.3857207298278809,0.0,447.0,352,2,163,0,0,0,200,200,0
1188,4752,722,79,722,3,right+B,0.05994575098156929,0.25819680094718933,0.18078398704528809,0.4231739342212677,0.07789957523345947,1.3902791738510132,0.0,447.0,353,2,163,0,0,0,200,200,0
1189,4756,722,79,722,1,right,0.06012679263949394,0.2591163218021393,0.17777831852436066,0.4252910017967224,0.0776875764131546,1.3881397247314453,0.0,447.0,354,2,163,0,0,0,200,200,0
1190,4760,722,93,722,2,right+A,0.05913226678967476,0.2582942247390747,0.17236226797103882,0.4342179596424103,0.07599334418773651,1.3779778480529785,-1.0,446.0,355,2,162,0,0,0,200,200,0
1191,4764,722,108,722,1,right,0.0599554181098938,0.25898364186286926,0.18518196046352386,0.41558051109313965,0.0802985280752182,1.3983278274536133,0.0,446.0,356,2,162,0,0,0,200,200,0
1192,4768,722,112,722,3,right+B,0.06018518656492233,0.26015764474868774,0.18329742550849915,0.4158386290073395,0.0805211141705513,1.3981572389602661,0.0,446.0,357,2,162,0,0,0,200,200,0
1193,4772,722,106,722,1,right,0.059334516525268555,0.25841769576072693,0.18448106944561005,0.4156949520111084,0.08207177370786667,1.3991820812225342,0.0,446.0,358,2,162,0,0,0,200,200,0
1194,4776,722,89,722,1,right,0.05886317789554596,0.2559581398963928,0.18254061043262482,0.42057329416275024,0.08206473290920258,1.395455002784729,0.0,446.0,359,2,162,0,0,0,200,200,0
1195,4780,722,79,722,1,right,0.059098489582538605,0.2560783922672272,0.1847762018442154,0.41803616285324097,0.0820106565952301,1.3977329730987549,-1.0,445.0,360,2,161,0,0,0,200,200,0
1196,4784,722,93,722,2,right+A,0.05890469253063202,0.2551248073577881,0.17892161011695862,0.42830678820610046,0.07874202728271484,1.3864961862564087,0.0,445.0,361,2,161,0,0,0,200,200,0
1197,4788,722,109,722,4,right+A+B,0.05999031290411949,0.257527619600296,0.18515434861183167,0.4168252944946289,0.0805024728178978,1.3980134725570679,0.0,445.0,362,2,161,0,0,0,200,200,0
1198,4792,722,122,722,2,right+A,0.06090273708105087,0.2593797445297241,0.19162617623806,0.4067423939704895,0.08134888857603073,1.4070649147033691,0.0,445.0,363,2,161,0,0,0,200,200,0
1199,4796,722,132,722,2,right+A,0.06104479730129242,0.261020690202713,0.20230595767498016,0.3896801471710205,0.0859484076499939,1.4227254390716553,0.0,445.0,364,2,161,0,0,0,200,200,0
1200,4800,722,139,722,2,right+A,0.05953041464090347,0.25931668281555176,0.1899234801530838,0.40928032994270325,0.08194903284311295,1.4040815830230713,-1.0,444.0,365,2,160,0,0,0,200,200,0
1201,4804,723,141,723,1,right,0.05937765911221504,0.2576104402542114,0.18403878808021545,0.41836777329444885,0.08060532063245773,1.3961201906204224,1.0,445.0,0,2,160,0,0,0,200,200,0
1202,4808,725,143,725,1,right,0.058989446610212326,0.2574940025806427,0.18004655838012695,0.42284542322158813,0.08062457293272018,1.3919901847839355,2.0,447.0,0,2,160,0,0,0,200,200,0
1203,4812,728,143,728,0,NOOP,0.059178926050662994,0.25666308403015137,0.17786431312561035,0.42530426383018494,0.08098934590816498,1.390669822692871,3.0,450.0,0,2,160,0,0,0,200,200,0
1204,4816,730,143,730,1,right,0.05892554670572281,0.2564171850681305,0.1754147708415985,0.4289613962173462,0.08028104156255722,1.3866989612579346,2.0,452.0,0,2,160,0,0,0,200,200,0
1205,4820,733,143,733,3,right+B,0.05846254900097847,0.2549883723258972,0.16942869126796722,0.4401833713054657,0.07693702727556229,1.373762845993042,2.0,454.0,0,2,159,0,0,0,200,200,0
1206,4824,738,143,738,3,right+B,0.05849834159016609,0.2553112506866455,0.155452162027359,0.4630386233329773,0.0676996111869812,1.342800498008728,5.0,459.0,0,2,159,0,0,0,200,200,0
1207,4828,745,157,745,2,right+A,0.055327121168375015,0.2560372054576874,0.12393506616353989,0.5076763033866882,0.05702430009841919,1.2752461433410645,7.0,466.0,0,2,159,0,0,0,200,200,0
1208,4832,752,172,752,1,right,0.05587391182780266,0.25439730286598206,0.11228059977293015,0.5181346535682678,0.05931362882256508,1.2631809711456299,7.0,473.0,0,2,159,0,0,0,200,200,0
1209,4836,759,178,759,4,right+A+B,0.06080181896686554,0.27168500423431396,0.13663461804389954,0.4564230740070343,0.07445546984672546,1.3476437330245972,7.0,480.0,0,2,159,0,0,0,200,200,0
1210,4840,766,176,766,1,right,0.058383893221616745,0.26116326451301575,0.1328156292438507,0.48250699043273926,0.0651303231716156,1.3141461610794067,6.0,486.0,0,2,158,0,0,0,200,200,0
1211,4844,773,164,773,3,right+B,0.05945226550102234,0.2725154757499695,0.17562955617904663,0.4225423336029053,0.06986039131879807,1.3775038719177246,7.0,493.0,0,2,158,0,0,0,200,200,0
1212,4848,780,143,780,1,right,0.06113872304558754,0.27089715003967285,0.20173057913780212,0.3872396647930145,0.07899385690689087,1.415485143661499,7.0,500.0,0,2,158,0,0,0,200,200,0
1213,4852,787,123,787,3,right+B,0.05709609389305115,0.27274367213249207,0.18411894142627716,0.40816640853881836,0.07787483185529709,1.3939203023910522,7.0,507.0,0,2,158,0,0,0,200,200,0
1214,4856,794,103,794,3,right+B,0.056286439299583435,0.2811189591884613,0.23791328072547913,0.33917155861854553,0.08550981432199478,1.437302589416504,7.0,514.0,0,2,158,0,0,0,200,200,0
1215,4860,801,83,801,1,right,0.06312740594148636,0.27576708793640137,0.3229159712791443,0.23854221403598785,0.09964732080698013,1.4663302898406982,6.0,520.0,0,2,157,0,0,0,200,200,0
1216,4864,808,93,808,4,right+A+B,0.065791554749012,0.2694266438484192,0.2798128128051758,0.2809457778930664,0.10402320325374603,1.4808636903762817,7.0,527.0,0,2,157,0,0,0,200,200,0
1217,4868,815,109,815,4,right+A+B,0.0661434531211853,0.26428574323654175,0.32257387042045593,0.23975349962711334,0.10724350810050964,1.4781402349472046,7.0,534.0,0,2,157,0,0,0,200,200,0
1218,4872,822,121,822,1,right,0.06546542048454285,0.27841395139694214,0.2977156341075897,0.2681124210357666,0.09029250591993332,1.4652401208877563,7.0,541.0,0,2,157,0,0,0,200,200,0
1219,4876,829,125,829,2,right+A,0.06963548809289932,0.2656266391277313,0.2928980886936188,0.2715967893600464,0.100242979824543,1.4819164276123047,7.0,548.0,0,2,157,0,0,0,200,200,0
1220,4880,836,119,836,2,right+A,0.06868663430213928,0.2627415359020233,0.2972787916660309,0.27937445044517517,0.09191863238811493,1.4714124202728271,6.0,554.0,0,2,156,0,0,0,200,200,0
1221,4884,843,105,843,2,right+A,0.05701785534620285,0.24905534088611603,0.23529979586601257,0.3816646933555603,0.07696232199668884,1.4149720668792725,7.0,561.0,0,2,156,0,0,0,200,200,0
1222,4888,850,85,850,1,right,0.05975615233182907,0.2522905766963959,0.24311868846416473,0.35959890484809875,0.08523567020893097,1.4372938871383667,7.0,568.0,0,2,156,0,0,0,200,200,0
1223,4892,857,97,857,3,right+B,0.06384558230638504,0.25107088685035706,0.2846432030200958,0.3036425709724426,0.09679769724607468,1.4682503938674927,7.0,575.0,0,2,156,0,0,0,200,200,0
1224,4896,864,101,864,4,right+A+B,0.06674494594335556,0.24724611639976501,0.27929002046585083,0.3065597116947174,0.10015924274921417,1.475325107574463,8.0,583.0,0,2,156,0,0,0,300,300,0
1225,4900,871,96,871,1,right,0.07194483280181885,0.23836280405521393,0.310420423746109,0.2584204077720642,0.1208515539765358,1.4993586540222168,6.0,589.0,0,2,155,0,0,0,300,300,0
1226,4904,878,81,878,2,right+A,0.07114933431148529,0.21966178715229034,0.33990857005119324,0.2218157798051834,0.1474645435810089,1.5040740966796875,7.0,596.0,0,2,155,0,0,0,300,300,0
1227,4908,886,79,886,4,right+A+B,0.06813933700323105,0.18479812145233154,0.4122051000595093,0.1329823136329651,0.20187510550022125,1.4516948461532593,8.0,604.0,0,2,155,0,0,0,300,300,0
1228,4912,895,79,895,4,right+A+B,0.07201932370662689,0.22508405148983002,0.36247718334198,0.1868627816438675,0.1535567343235016,1.4941303730010986,9.0,613.0,0,2,155,0,0,0,300,300,0
1229,4916,898,79,899,2,right+A,0.06791045516729355,0.24572262167930603,0.28781405091285706,0.28689056634902954,0.11166225373744965,1.4890110492706299,4.0,617.0,0,2,155,0,0,0,300,300,0
1230,4920,898,79,899,2,right+A,0.06729709357023239,0.27504733204841614,0.253126323223114,0.3213769793510437,0.08315226435661316,1.4560211896896362,-1.0,616.0,1,2,154,0,0,0,300,300,0
1231,4924,898,79,899,3,right+B,0.06208087131381035,0.26282715797424316,0.16270054876804352,0.4504985809326172,0.06189285218715668,1.3506217002868652,0.0,616.0,2,2,154,0,0,0,300,300,0
1232,4928,898,79,899,0,NOOP,0.05806388705968857,0.2516508996486664,0.1423352211713791,0.4967055022716522,0.051244474947452545,1.2897889614105225,0.0,616.0,3,2,154,0,0,0,300,300,0
1233,4932,898,79,899,1,right,0.051079414784908295,0.2359551191329956,0.12147095799446106,0.5473993420600891,0.04409521073102951,1.216234803199768,0.0,616.0,4,2,154,0,0,0,300,300,0
1234,4936,898,79,899,3,right+B,0.05136576294898987,0.23748157918453217,0.12417968362569809,0.5429458618164062,0.044027071446180344,1.2220510244369507,0.0,616.0,5,2,154,0,0,0,300,300,0
1235,4940,898,79,899,3,right+B,0.051375389099121094,0.23833245038986206,0.12196224182844162,0.5448745489120483,0.043455325067043304,1.218040943145752,-1.0,615.0,6,2,153,0,0,0,300,300,0
1236,4944,898,79,899,3,right+B,0.04998128116130829,0.23612292110919952,0.1198340654373169,0.5513675212860107,0.042694251984357834,1.2077186107635498,0.0,615.0,7,2,153,0,0,0,300,300,0
1237,4948,898,79,899,3,right+B,0.049817781895399094,0.23593701422214508,0.11997263133525848,0.5511273741722107,0.04314523935317993,1.2085309028625488,0.0,615.0,8,2,153,0,0,0,300,300,0
1238,4952,898,79,899,3,right+B,0.049426134675741196,0.23453181982040405,0.11740423738956451,0.5564188361167908,0.04221891611814499,1.2000524997711182,0.0,615.0,9,2,153,0,0,0,300,300,0
1239,4956,898,79,899,1,right,0.04862857609987259,0.23206543922424316,0.11430101096630096,0.5640112161636353,0.04099372774362564,1.187873125076294,0.0,615.0,10,2,153,0,0,0,300,300,0
1240,4960,898,79,899,3,right+B,0.04878152161836624,0.23184050619602203,0.1145741194486618,0.5635531544685364,0.041250694543123245,1.1891562938690186,-1.0,614.0,11,2,152,0,0,0,300,300,0
1241,4964,898,79,899,3,right+B,0.049144111573696136,0.23120485246181488,0.11631009727716446,0.5615665316581726,0.041774388402700424,1.1935913562774658,0.0,614.0,12,2,152,0,0,0,300,300,0
1242,4968,898,79,899,1,right,0.04940886050462723,0.2328096479177475,0.11690358072519302,0.5587015151977539,0.04217633977532387,1.1976221799850464,0.0,614.0,13,2,152,0,0,0,300,300,0
1243,4972,898,79,899,3,right+B,0.04905927553772926,0.2328392118215561,0.11849559843540192,0.5570822954177856,0.0425235815346241,1.2001718282699585,0.0,614.0,14,2,152,0,0,0,300,300,0
1244,4976,898,79,899,3,right+B,0.0489627830684185,0.2335805743932724,0.12013193219900131,0.5541897416114807,0.04313495010137558,1.2046654224395752,0.0,614.0,15,2,152,0,0,0,300,300,0
1245,4980,898,79,899,3,right+B,0.04901641607284546,0.23395952582359314,0.11994285136461258,0.554049551486969,0.04303160309791565,1.2045694589614868,-1.0,613.0,16,2,151,0,0,0,300,300,0
1246,4984,898,79,899,3,right+B,0.049830496311187744,0.23616710305213928,0.12121360003948212,0.5494394302368164,0.043349359184503555,1.211159110069275,0.0,613.0,17,2,151,0,0,0,300,300,0
1247,4988,898,79,899,0,NOOP,0.04969562590122223,0.23705342411994934,0.12125707417726517,0.549345076084137,0.04264882951974869,1.2098625898361206,0.0,613.0,18,2,151,0,0,0,300,300,0
1248,4992,898,79,899,3,right+B,0.04992210492491722,0.23742951452732086,0.12371591478586197,0.545595109462738,0.04333731532096863,1.216153621673584,0.0,613.0,19,2,151,0,0,0,300,300,0
1249,4996,898,79,899,3,right+B,0.0496792234480381,0.2374742180109024,0.1216307207942009,0.547926127910614,0.04328976571559906,1.212372064590454,0.0,613.0,20,2,151,0,0,0,300,300,0
1250,5000,898,79,899,3,right+B,0.049485914409160614,0.2358095496892929,0.11969145387411118,0.552055299282074,0.042957816272974014,1.2067160606384277,-1.0,612.0,21,2,150,0,0,0,300,300,0
1251,5004,898,79,899,1,right,0.04912674427032471,0.23423360288143158,0.11866351962089539,0.5553048849105835,0.04267121106386185,1.2021844387054443,0.0,612.0,22,2,150,0,0,0,300,300,0
1252,5008,898,79,899,3,right+B,0.04933469742536545,0.23457388579845428,0.11933659017086029,0.5538730025291443,0.042881790548563004,1.2045567035675049,0.0,612.0,23,2,150,0,0,0,300,300,0
1253,5012,898,79,899,0,NOOP,0.04958341270685196,0.23454919457435608,0.11889681965112686,0.5539538264274597,0.04301680251955986,1.204805612564087,0.0,612.0,24,2,150,0,0,0,300,300,0
1254,5016,898,79,899,1,right,0.049915969371795654,0.23495249450206757,0.12151528894901276,0.549708366394043,0.04390789940953255,1.2122057676315308,0.0,612.0,25,2,150,0,0,0,300,300,0
1255,5020,898,93,899,2,right+A,0.05009854584932327,0.23498104512691498,0.12185291945934296,0.5490109920501709,0.044056568294763565,1.2135519981384277,-1.0,611.0,26,2,149,0,0,0,300,300,0
1256,5024,898,108,899,3,right+B,0.05006919056177139,0.23558388650417328,0.12401720881462097,0.5459942817687988,0.044335395097732544,1.2179254293441772,0.0,611.0,27,2,149,0,0,0,300,300,0
1257,5028,898,112,899,3,right+B,0.0491175539791584,0.2354060262441635,0.12291068583726883,0.5490514636039734,0.04351430758833885,1.2117701768875122,0.0,611.0,28,2,149,0,0,0,300,300,0
1258,5032,898,106,899,1,right,0.048137713223695755,0.23251576721668243,0.12008018791675568,0.5564610362052917,0.04280528053641319,1.2008073329925537,0.0,611.0,29,2,149,0,0,0,300,300,0
1259,5036,898,89,899,1,right,0.04865451157093048,0.234474316239357,0.12334726750850677,0.5502253770828247,0.04329857602715492,1.2099635601043701,0.0,611.0,30,2,149,0,0,0,300,300,0
1260,5040,898,79,899,3,right+B,0.04869502782821655,0.2327841818332672,0.12319239228963852,0.5516583323478699,0.04367009550333023,1.2093231678009033,-1.0,610.0,31,2,148,0,0,0,300,300,0
1261,5044,898,79,899,3,right+B,0.04869654402136803,0.2329951375722885,0.12070153653621674,0.5543171167373657,0.04328971728682518,1.2047765254974365,0.0,610.0,32,2,148,0,0,0,300,300,0
1262,5048,898,79,899,1,right,0.04887944459915161,0.23344044387340546,0.11861155927181244,0.5565159916877747,0.042552586644887924,1.2005120515823364,0.0,610.0,33,2,148,0,0,0,300,300,0
1263,5052,898,79,899,3,right+B,0.04863189905881882,0.23266063630580902,0.11597134917974472,0.5609676241874695,0.04176849499344826,1.193078637123108,0.0,610.0,34,2,148,0,0,0,300,300,0
1264,5056,898,79,899,3,right+B,0.04881289601325989,0.23249422013759613,0.1151561439037323,0.5617027878761292,0.04183387756347656,1.1922557353973389,0.0,610.0,35,2,148,0,0,0,300,300,0
1265,5060,898,79,899,1,right,0.04838927462697029,0.2311878502368927,0.11308085918426514,0.5658254623413086,0.041516538709402084,1.185915231704712,-1.0,609.0,36,2,147,0,0,0,300,300,0
1266,5064,898,79,899,3,right+B,0.049195174127817154,0.2333112359046936,0.11537738889455795,0.5599445104598999,0.0421716645359993,1.1951310634613037,0.0,609.0,37,2,147,0,0,0,300,300,0
1267,5068,898,79,899,3,right+B,0.05057687684893608,0.23567929863929749,0.12001360207796097,0.5498160719871521,0.04391411319375038,1.2121434211730957,0.0,609.0,38,2,147,0,0,0,300,300,0
1268,5072,898,79,899,1,right,0.05143829435110092,0.2378951609134674,0.12168587744235992,0.5447275638580322,0.044253066182136536,1.219423532485962,0.0,609.0,39,2,147,0,0,0,300,300,0
1269,5076,898,79,899,3,right+B,0.05147349089384079,0.23790760338306427,0.12102895230054855,0.5453095436096191,0.04428040608763695,1.2185988426208496,0.0,609.0,40,2,147,0,0,0,300,300,0
1270,5080,898,79,899,0,NOOP,0.051089297980070114,0.2387266457080841,0.12301202863454819,0.543076753616333,0.04409531503915787,1.2208679914474487,-1.0,608.0,41,2,146,0,0,0,300,300,0
1271,5084,898,79,899,1,right,0.05088847875595093,0.2391584813594818,0.12467439472675323,0.5410052537918091,0.04427339509129524,1.2236477136611938,0.0,608.0,42,2,146,0,0,0,300,300,0
1272,5088,898,79,899,1,right,0.0523296520113945,0.24024944007396698,0.12670087814331055,0.5362502932548523,0.04446972534060478,1.231350064277649,0.0,608.0,43,2,146,0,0,0,300,300,0
1273,5092,898,93,899,2,right+A,0.05281912535429001,0.24300630390644073,0.12432542443275452,0.5355865955352783,0.0442625917494297,1.2307186126708984,0.0,608.0,44,2,146,0,0,0,300,300,0
1274,5096,898,108,899,3,right+B,0.05225088819861412,0.2418367564678192,0.12583103775978088,0.5356180667877197,0.04446328058838844,1.2311614751815796,0.0,608.0,45,2,146,0,0,0,300,300,0
1275,5100,898,112,899,3,right+B,0.05155368894338608,0.24044090509414673,0.12388551980257034,0.5399195551872253,0.04420037195086479,1.2249150276184082,-1.0,607.0,46,2,145,0,0,0,300,300,0
1276,5104,898,106,899,4,right+A+B,0.04905230179429054,0.23425494134426117,0.11738404631614685,0.5564092397689819,0.04289953410625458,1.2006251811981201,0.0,607.0,47,2,145,0,0,0,300,300,0
1277,5108,898,89,899,2,right+A,0.05057020112872124,0.2358943372964859,0.12086477130651474,0.5487645268440247,0.04390610009431839,1.2135807275772095,0.0,607.0,48,2,145,0,0,0,300,300,0
1278,5112,898,79,899,3,right+B,0.050724826753139496,0.23519882559776306,0.11938929557800293,0.5513034462928772,0.04338366165757179,1.2097910642623901,0.0,607.0,49,2,145,0,0,0,300,300,0
1279,5116,898,79,899,3,right+B,0.04981799051165581,0.23238474130630493,0.11581147462129593,0.5598746538162231,0.04211116582155228,1.1963574886322021,0.0,607.0,50,2,145,0,0,0,300,300,0
1280,5120,898,93,899,4,right+A+B,0.05058729648590088,0.2353077083826065,0.11762000620365143,0.553771436214447,0.04271363094449043,1.2051215171813965,-1.0,606.0,51,2,144,0,0,0,300,300,0
1281,5124,898,108,899,1,right,0.05237070843577385,0.24058271944522858,0.12588083744049072,0.5363888144493103,0.04477684572339058,1.231290578842163,0.0,606.0,52,2,144,0,0,0,300,300,0
1282,5128,898,112,899,3,right+B,0.05316568911075592,0.24323897063732147,0.12840987741947174,0.5302259922027588,0.044959478080272675,1.2393076419830322,0.0,606.0,53,2,144,0,0,0,300,300,0
1283,5132,898,106,899,3,right+B,0.05261077731847763,0.24232588708400726,0.12625007331371307,0.5346410274505615,0.0441722497344017,1.2322665452957153,0.0,606.0,54,2,144,0,0,0,300,300,0
1284,5136,898,89,899,3,right+B,0.0533086359500885,0.243503600358963,0.1311790943145752,0.5267817974090576,0.04522690176963806,1.2443876266479492,0.0,606.0,55,2,144,0,0,0,300,300,0
1285,5140,898,79,899,1,right,0.05261910706758499,0.2433214634656906,0.12974077463150024,0.5281955003738403,0.046123187988996506,1.2428451776504517,-1.0,605.0,56,2,143,0,0,0,300,300,0
1286,5144,898,79,899,1,right,0.052294086664915085,0.24254807829856873,0.12497342377901077,0.5351582765579224,0.04502611607313156,1.2319785356521606,0.0,605.0,57,2,143,0,0,0,300,300,0
1287,5148,898,79,899,1,right,0.0533841997385025,0.24718423187732697,0.1271679699420929,0.5268952250480652,0.045368410646915436,1.2420819997787476,0.0,605.0,58,2,143,0,0,0,300,300,0
1288,5152,898,79,899,0,NOOP,0.0537072978913784,0.24832458794116974,0.12698104977607727,0.5260691046714783,0.04491790756583214,1.2423076629638672,0.0,605.0,59,2,143,0,0,0,300,300,0
1289,5156,898,79,899,3,right+B,0.053717393428087234,0.247721865773201,0.12702444195747375,0.5265129804611206,0.045023318380117416,1.2421982288360596,0.0,605.0,60,2,143,0,0,0,300,300,0
1290,5160,898,79,899,1,right,0.05270402878522873,0.2462584525346756,0.12252111732959747,0.5338085293769836,0.044707901775836945,1.2314567565917969,-1.0,604.0,61,2,142,0,0,0,300,300,0
1291,5164,898,79,899,1,right,0.051598720252513885,0.2440408170223236,0.11771747469902039,0.5426515936851501,0.043991368263959885,1.218139410018921,0.0,604.0,62,2,142,0,0,0,300,300,0
1292,5168,898,79,899,3,right+B,0.052010808140039444,0.2466869205236435,0.12131401151418686,0.5351113080978394,0.044876981526613235,1.2288130521774292,0.0,604.0,63,2,142,0,0,0,300,300,0
1293,5172,898,93,899,4,right+A+B,0.05221284553408623,0.2462279498577118,0.12298436462879181,0.5341735482215881,0.04440128058195114,1.2302130460739136,0.0,604.0,64,2,142,0,0,0,300,300,0
1294,5176,898,108,899,1,right,0.05225618928670883,0.2476521134376526,0.12803161144256592,0.5270761847496033,0.04498395323753357,1.2401213645935059,0.0,604.0,65,2,142,0,0,0,300,300,0
1295,5180,898,112,899,3,right+B,0.051461946219205856,0.24821659922599792,0.12835337221622467,0.5272093415260315,0.04475871101021767,1.238605260848999,-1.0,603.0,66,2,141,0,0,0,300,300,0
1296,5184,898,106,899,2,right+A,0.05030587688088417,0.24494262039661407,0.12687015533447266,0.5321947932243347,0.04568660259246826,1.2335658073425293,0.0,603.0,67,2,141,0,0,0,300,300,0
1297,5188,898,89,899,4,right+A+B,0.0518183708190918,0.24823644757270813,0.13118410110473633,0.5217439532279968,0.04701710119843483,1.2489020824432373,0.0,603.0,68,2,141,0,0,0,300,300,0
1298,5192,898,101,899,2,right+A,0.0519096776843071,0.2445036619901657,0.13155944645404816,0.5250902771949768,0.04693683236837387,1.246625542640686,0.0,603.0,69,2,141,0,0,0,300,300,0
1299,5196,898,103,899,3,right+B,0.04865315556526184,0.2360733598470688,0.11211686581373215,0.5605760216712952,0.04258061572909355,1.1920702457427979,1.0,604.0,70,2,141,0,0,0,400,400,0
1300,5200,898,94,899,3,right+B,0.04907910153269768,0.23923107981681824,0.11832518130540848,0.5501745939254761,0.04319008067250252,1.2071115970611572,-1.0,603.0,71,2,140,0,0,0,400,400,0
1301,5204,898,79,899,3,right+B,0.045652903616428375,0.22849364578723907,0.1066472977399826,0.5795010328292847,0.039705172181129456,1.1611989736557007,0.0,603.0,72,2,140,0,0,0,400,400,0
1302,5208,898,79,899,3,right+B,0.04644043743610382,0.22804556787014008,0.1101246178150177,0.575591504573822,0.03979789838194847,1.168840765953064,0.0,603.0,73,2,140,0,0,0,400,400,0
1303,5212,898,79,899,3,right+B,0.047099869698286057,0.22815556824207306,0.11087308824062347,0.5732051134109497,0.04066631570458412,1.1741389036178589,0.0,603.0,74,2,140,0,0,0,400,400,0
1304,5216,898,79,899,3,right+B,0.04887298122048378,0.23242011666297913,0.11413531005382538,0.5628940463066101,0.04167751595377922,1.190307378768921,0.0,603.0,75,2,140,0,0,0,400,400,0
1305,5220,898,93,899,4,right+A+B,0.050046272575855255,0.235374316573143,0.11831723898649216,0.5544344782829285,0.041827667504549026,1.20267915725708,-1.0,602.0,76,2,139,0,0,0,400,400,0
1306,5224,898,108,899,3,right+B,0.04978402331471443,0.2355279177427292,0.12252650409936905,0.5488417148590088,0.043319884687662125,1.2124087810516357,0.0,602.0,77,2,139,0,0,0,400,400,0
1307,5228,898,112,899,3,right+B,0.05063163489103317,0.23853491246700287,0.1299191564321518,0.536512553691864,0.04440167918801308,1.2304214239120483,0.0,602.0,78,2,139,0,0,0,400,400,0
1308,5232,898,106,899,3,right+B,0.049500685185194016,0.2358095794916153,0.12618669867515564,0.5446736216545105,0.043829482048749924,1.2186754941940308,0.0,602.0,79,2,139,0,0,0,400,400,0
1309,5236,898,89,899,2,right+A,0.04930231347680092,0.23628652095794678,0.12437094002962112,0.5460548400878906,0.04398539289832115,1.216320514678955,0.0,602.0,80,2,139,0,0,0,400,400,0
1310,5240,898,79,899,3,right+B,0.04969072714447975,0.23544691503047943,0.12376344949007034,0.546615481376648,0.044483378529548645,1.2168991565704346,-1.0,601.0,81,2,138,0,0,0,400,400,0
1311,5244,898,79,899,3,right+B,0.04942996799945831,0.2335989773273468,0.1200653687119484,0.5534827709197998,0.043422918766736984,1.2064447402954102,0.0,601.0,82,2,138,0,0,0,400,400,0
1312,5248,898,93,899,4,right+A+B,0.04945607855916023,0.23488324880599976,0.11889349669218063,0.5539486408233643,0.042818520218133926,1.2042726278305054,0.0,601.0,83,2,138,0,0,0,400,400,0
1313,5252,898,109,899,2,right+A,0.04962059110403061,0.23408839106559753,0.12227800488471985,0.5504420399665833,0.04357100650668144,1.2110557556152344,0.0,601.0,84,2,138,0,0,0,400,400,0
1314,5256,898,121,899,1,right,0.04969773441553116,0.23549962043762207,0.12288550287485123,0.5484220385551453,0.043495066463947296,1.2131597995758057,0.0,601.0,85,2,138,0,0,0,400,400,0
1315,5260,898,122,899,1,right,0.04930276796221733,0.2364150732755661,0.12424220889806747,0.5451711416244507,0.044868871569633484,1.2184545993804932,-1.0,600.0,86,2,137,0,0,0,400,400,0
1316,5264,898,113,899,3,right+B,0.05012886971235275,0.2380487024784088,0.12533047795295715,0.541939914226532,0.04455205053091049,1.222594976425171,0.0,600.0,87,2,137,0,0,0,400,400,0
1317,5268,898,94,899,3,right+B,0.05040987581014633,0.236528217792511,0.1249101534485817,0.5443163514137268,0.04383544623851776,1.2195897102355957,0.0,600.0,88,2,137,0,0,0,400,400,0
1318,5272,898,79,899,3,right+B,0.04922174662351608,0.23617501556873322,0.12159459292888641,0.5500648021697998,0.04294385388493538,1.2092440128326416,0.0,600.0,89,2,137,0,0,0,400,400,0
1319,5276,898,79,899,3,right+B,0.04954863339662552,0.23723624646663666,0.12140676379203796,0.5498210191726685,0.041987381875514984,1.2081931829452515,0.0,600.0,90,2,137,0,0,0,400,400,0
1320,5280,898,79,899,3,right+B,0.049351826310157776,0.23469148576259613,0.11930067092180252,0.5541017651557922,0.04255426302552223,1.2038047313690186,-1.0,599.0,91,2,136,0,0,0,400,400,0
1321,5284,898,93,899,2,right+A,0.04983687400817871,0.2370201200246811,0.1224074512720108,0.5475454926490784,0.043189987540245056,1.2132833003997803,0.0,599.0,92,2,136,0,0,0,400,400,0
1322,5288,898,109,899,2,right+A,0.04996143653988838,0.23638544976711273,0.1245676800608635,0.5451942682266235,0.043891120702028275,1.2180366516113281,0.0,599.0,93,2,136,0,0,0,400,400,0
1323,5292,898,121,899,1,right,0.04988420382142067,0.2368680238723755,0.12327579408884048,0.5465361475944519,0.04343589395284653,1.2151901721954346,0.0,599.0,94,2,136,0,0,0,400,400,0
1324,5296,898,122,899,3,right+B,0.04951980337500572,0.2374355047941208,0.12490791082382202,0.5431991815567017,0.04493759572505951,1.220976710319519,0.0,599.0,95,2,136,0,0,0,400,400,0
1325,5300,898,113,899,2,right+A,0.04989397153258324,0.23703864216804504,0.12414062768220901,0.5448397994041443,0.04408692941069603,1.2182819843292236,-1.0,598.0,96,2,135,0,0,0,400,400,0
1326,5304,898,94,899,2,right+A,0.05015955865383148,0.23542873561382294,0.12317521870136261,0.5478604435920715,0.04337596148252487,1.2143373489379883,0.0,598.0,97,2,135,0,0,0,400,400,0
1327,5308,898,79,899,3,right+B,0.04878891259431839,0.2339363992214203,0.11853796243667603,0.5561951398849487,0.04254155978560448,1.2005797624588013,0.0,598.0,98,2,135,0,0,0,400,400,0
1328,5312,898,79,899,1,right,0.04917888343334198,0.23478849232196808,0.11853791028261185,0.5556761026382446,0.04181859642267227,1.2003989219665527,0.0,598.0,99,2,135,0,0,0,400,400,0
1329,5316,898,79,899,3,right+B,0.04939604550600052,0.233890101313591,0.11792577803134918,0.556125283241272,0.04266275838017464,1.201377034187317,0.0,598.0,100,2,135,0,0,0,400,400,0
1330,5320,898,79,899,3,right+B,0.05011392757296562,0.23679935932159424,0.12294913083314896,0.5469416975975037,0.04319585859775543,1.2145863771438599,-1.0,597.0,101,2,134,0,0,0,400,400,0
1331,5324,898,79,899,3,right+B,0.0500342920422554,0.23783119022846222,0.12255679816007614,0.5463809370994568,0.04319671913981438,1.2146732807159424,0.0,597.0,102,2,134,0,0,0,400,400,0
1332,5328,898,79,899,3,right+B,0.04989374801516533,0.23713843524456024,0.12104079872369766,0.5489901304244995,0.04293689876794815,1.2108180522918701,0.0,597.0,103,2,134,0,0,0,400,400,0
1333,5332,898,79,899,1,right,0.04995245486497879,0.23766657710075378,0.12053965032100677,0.5488710403442383,0.04297030344605446,1.2107278108596802,0.0,597.0,104,2,134,0,0,0,400,400,0
1334,5336,898,79,899,1,right,0.049739107489585876,0.23623016476631165,0.12033998221158981,0.55063396692276,0.04305679723620415,1.2089239358901978,0.0,597.0,105,2,134,0,0,0,400,400,0
1335,5340,898,79,899,1,right,0.04949869215488434,0.23524585366249084,0.11925488710403442,0.5533151030540466,0.04268545284867287,1.2049007415771484,-1.0,596.0,106,2,133,0,0,0,400,400,0
1336,5344,898,93,899,2,right+A,0.04969635605812073,0.2356022149324417,0.11847701668739319,0.5534647107124329,0.042759645730257034,1.2046756744384766,0.0,596.0,107,2,133,0,0,0,400,400,0
1337,5348,898,108,899,1,right,0.049695003777742386,0.23446282744407654,0.12215505540370941,0.550213634967804,0.04347351938486099,1.2111222743988037,0.0,596.0,108,2,133,0,0,0,400,400,0
1338,5352,898,112,899,3,right+B,0.04984874278306961,0.2357381135225296,0.1237565279006958,0.5470312237739563,0.04362533986568451,1.2153518199920654,0.0,596.0,109,2,133,0,0,0,400,400,0
1339,5356,898,106,899,3,right+B,0.04868938773870468,0.23247317969799042,0.12001720815896988,0.5558103322982788,0.0430099256336689,1.2025446891784668,0.0,596.0,110,2,133,0,0,0,400,400,0
1340,5360,898,89,899,1,right,0.04955589771270752,0.23511981964111328,0.12388627976179123,0.5474914312362671,0.043946631252765656,1.2151319980621338,-1.0,595.0,111,2,132,0,0,0,400,400,0
1341,5364,898,79,899,1,right,0.049967210739851,0.23520596325397491,0.1243150383234024,0.5459902286529541,0.044521577656269073,1.2182719707489014,0.0,595.0,112,2,132,0,0,0,400,400,0
1342,5368,898,79,899,3,right+B,0.049977418035268784,0.23549813032150269,0.1226663887500763,0.5482165813446045,0.04364148899912834,1.2138721942901611,0.0,595.0,113,2,132,0,0,0,400,400,0
1343,5372,898,79,899,3,right+B,0.04990556836128235,0.23743285238742828,0.12205784022808075,0.547558069229126,0.043045707046985626,1.2129020690917969,0.0,595.0,114,2,132,0,0,0,400,400,0
1344,5376,898,79,899,3,right+B,0.04943788796663284,0.2358950823545456,0.12112084031105042,0.5507419109344482,0.04280427470803261,1.2084555625915527,0.0,595.0,115,2,132,0,0,0,400,400,0
1345,5380,898,79,899,1,right,0.04939219355583191,0.23650631308555603,0.1201140284538269,0.5512412786483765,0.04274613410234451,1.2071852684020996,-1.0,594.0,116,2,131,0,0,0,400,400,0
1346,5384,898,79,899,1,right,0.04960841313004494,0.23636335134506226,0.11918673664331436,0.5520856380462646,0.04275587573647499,1.2061930894851685,0.0,594.0,117,2,131,0,0,0,400,400,0
1347,5388,898,79,899,0,NOOP,0.04962979257106781,0.235464945435524,0.1192997545003891,0.5529477596282959,0.04265768453478813,1.2054020166397095,0.0,594.0,118,2,131,0,0,0,400,400,0
1348,5392,898,79,899,3,right+B,0.050145115703344345,0.23654763400554657,0.12150394916534424,0.5484150648117065,0.04338822886347771,1.2127704620361328,0.0,594.0,119,2,131,0,0,0,400,400,0
1349,5396,898,79,899,3,right+B,0.050146762281656265,0.23613020777702332,0.11983571201562881,0.5510321259498596,0.0428551621735096,1.2085354328155518,0.0,594.0,120,2,131,0,0,0,400,400,0
1350,5400,898,93,899,4,right+A+B,0.050072941929101944,0.2358519583940506,0.1187356561422348,0.5527657270431519,0.04257369041442871,1.205716609954834,-1.0,593.0,121,2,130,0,0,0,400,400,0
1351,5404,898,108,899,1,right,0.04988851398229599,0.23508508503437042,0.12217124551534653,0.5494851469993591,0.04336996376514435,1.2118780612945557,0.0,593.0,122,2,130,0,0,0,400,400,0
1352,5408,898,112,899,3,right+B,0.05042245239019394,0.23751257359981537,0.12527436017990112,0.5427923202514648,0.04399826377630234,1.2213813066482544,0.0,593.0,123,2,130,0,0,0,400,400,0
1353,5412,898,106,899,3,right+B,0.04922966659069061,0.23418354988098145,0.1223333328962326,0.5506409406661987,0.04361255094408989,1.2103835344314575,0.0,593.0,124,2,130,0,0,0,400,400,0
1354,5416,898,89,899,3,right+B,0.049807433038949966,0.2365458458662033,0.1257978081703186,0.54372239112854,0.04412645846605301,1.2202026844024658,0.0,593.0,125,2,130,0,0,0,400,400,0
1355,5420,898,79,899,3,right+B,0.0504167377948761,0.23769402503967285,0.12691421806812286,0.5401184558868408,0.044856589287519455,1.2260531187057495,-1.0,592.0,126,2,129,0,0,0,400,400,0
1356,5424,898,79,899,3,right+B,0.049775656312704086,0.23522374033927917,0.12287333607673645,0.5484988689422607,0.04362845793366432,1.2134331464767456,0.0,592.0,127,2,129,0,0,0,400,400,0
1357,5428,898,93,899,2,right+A,0.04942101240158081,0.23660634458065033,0.1202608123421669,0.550809919834137,0.04290188476443291,1.207960605621338,0.0,592.0,128,2,129,0,0,0,400,400,0
1358,5432,898,108,899,1,right,0.04927230626344681,0.23479343950748444,0.12261337041854858,0.5497797727584839,0.04354110360145569,1.2112460136413574,0.0,592.0,129,2,129,0,0,0,400,400,0
1359,5436,898,112,899,3,right+B,0.04945926368236542,0.23553001880645752,0.1227901503443718,0.5487343072891235,0.04348623752593994,1.2124470472335815,0.0,592.0,130,2,129,0,0,0,400,400,0
1360,5440,898,106,899,3,right+B,0.048378389328718185,0.2321525365114212,0.11931116878986359,0.5570817589759827,0.04307623580098152,1.2005906105041504,-1.0,591.0,131,2,128,0,0,0,400,400,0
1361,5444,898,89,899,3,right+B,0.048827871680259705,0.23292337357997894,0.12154578417539597,0.5532102584838867,0.043492745608091354,1.2068337202072144,0.0,591.0,132,2,128,0,0,0,400,400,0
1362,5448,898,79,899,1,right,0.04939259961247444,0.2333129495382309,0.12179175019264221,0.5513735413551331,0.04412919282913208,1.2105214595794678,0.0,591.0,133,2,128,0,0,0,400,400,0
1363,5452,898,79,899,1,right,0.049305789172649384,0.2324874848127365,0.11920472234487534,0.5557353496551514,0.04326663911342621,1.20346200466156,0.0,591.0,134,2,128,0,0,0,400,400,0
1364,5456,898,93,899,2,right+A,0.049570415169000626,0.23486748337745667,0.11937472224235535,0.5531733632087708,0.04301401972770691,1.2057744264602661,0.0,591.0,135,2,128,0,0,0,400,400,0
1365,5460,898,108,899,3,right+B,0.04969834163784981,0.2346169650554657,0.12330089509487152,0.5485758781433105,0.043807920068502426,1.2138259410858154,-1.0,590.0,136,2,127,0,0,0,400,400,0
1366,5464,898,112,899,2,right+A,0.050043728202581406,0.2376282811164856,0.12544335424900055,0.5431387424468994,0.043745994567871094,1.2201886177062988,0.0,590.0,137,2,127,0,0,0,400,400,0
1367,5468,898,106,899,3,right+B,0.04887350648641586,0.23482920229434967,0.12240040302276611,0.5505774617195129,0.04331939294934273,1.2094299793243408,0.0,590.0,138,2,127,0,0,0,400,400,0
1368,5472,898,89,899,3,right+B,0.048981923609972,0.23482754826545715,0.12413506209850311,0.5485223531723022,0.04353305324912071,1.2128257751464844,0.0,590.0,139,2,127,0,0,0,400,400,0
1369,5476,898,79,899,3,right+B,0.04971987009048462,0.23613926768302917,0.12440226972103119,0.5452673435211182,0.04447115585207939,1.21846604347229,0.0,590.0,140,2,127,0,0,0,400,400,0
1370,5480,898,79,899,3,right+B,0.0494023896753788,0.23416781425476074,0.12071260064840317,0.5523073673248291,0.0434098057448864,1.2078206539154053,-1.0,589.0,141,2,126,0,0,0,400,400,0
1371,5484,898,79,899,3,right+B,0.0492883026599884,0.23453783988952637,0.11886849254369736,0.5546378493309021,0.04266749322414398,1.2031445503234863,0.0,589.0,142,2,126,0,0,0,400,400,0
1372,5488,898,93,899,2,right+A,0.049428895115852356,0.23470202088356018,0.11896102130413055,0.5541380643844604,0.04277000576257706,1.204031229019165,0.0,589.0,143,2,126,0,0,0,400,400,0
1373,5492,898,108,899,3,right+B,0.04991614818572998,0.23490513861179352,0.12310928851366043,0.5483638644218445,0.04370556026697159,1.214047908782959,0.0,589.0,144,2,126,0,0,0,400,400,0
1374,5496,898,112,899,2,right+A,0.04953371360898018,0.23521998524665833,0.12195449322462082,0.5501300692558289,0.04316173866391182,1.2102844715118408,0.0,589.0,145,2,126,0,0,0,400,400,0
1375,5500,898,106,899,3,right+B,0.048503898084163666,0.23200330138206482,0.11944779008626938,0.5571257472038269,0.04291919618844986,1.2005743980407715,-1.0,588.0,146,2,125,0,0,0,400,400,0
1376,5504,898,89,899,3,right+B,0.04941235110163689,0.23454609513282776,0.12323135137557983,0.5489638447761536,0.04384644329547882,1.213071584701538,0.0,588.0,147,2,125,0,0,0,400,400,0
1377,5508,898,79,899,1,right,0.049859266728162766,0.23482640087604523,0.12383673340082169,0.5469805598258972,0.0444970540702343,1.2169227600097656,0.0,588.0,148,2,125,0,0,0,400,400,0
1378,5512,898,79,899,3,right+B,0.04981058090925217,0.23497427999973297,0.12207084149122238,0.5495452284812927,0.043599050492048264,1.2120270729064941,0.0,588.0,149,2,125,0,0,0,400,400,0
1379,5516,898,79,899,3,right+B,0.049855176359415054,0.2372577041387558,0.12170309573411942,0.5481499433517456,0.04303407669067383,1.2120721340179443,0.0,588.0,150,2,125,0,0,0,400,400,0
1380,5520,898,79,899,3,right+B,0.049375925213098526,0.23571999371051788,0.12084949761629105,0.5512689352035522,0.0427856519818306,1.2076985836029053,-1.0,587.0,151,2,124,0,0,0,400,400,0
1381,5524,898,79,899,3,right+B,0.049396414309740067,0.23649752140045166,0.12009395658969879,0.5512058734893799,0.04280632361769676,1.2073112726211548,0.0,587.0,152,2,124,0,0,0,400,400,0
1382,5528,898,79,899,3,right+B,0.04942774027585983,0.23588357865810394,0.11876819282770157,0.5531884431838989,0.04273195564746857,1.2046452760696411,0.0,587.0,153,2,124,0,0,0,400,400,0
1383,5532,898,79,899,1,right,0.0492660291492939,0.23462750017642975,0.11852633953094482,0.5549748539924622,0.04260522127151489,1.2024805545806885,0.0,587.0,154,2,124,0,0,0,400,400,0
1384,5536,898,79,899,0,NOOP,0.04944688826799393,0.23468375205993652,0.11956809461116791,0.553291916847229,0.04300928860902786,1.205603003501892,0.0,587.0,155,2,124,0,0,0,400,400,0
1385,5540,898,79,899,0,NOOP,0.049217212945222855,0.23404699563980103,0.11777741461992264,0.5565173029899597,0.042441051453351974,1.2002792358398438,-1.0,586.0,156,2,123,0,0,0,400,400,0
1386,5544,898,79,899,1,right,0.04949067160487175,0.2349032610654831,0.11922521889209747,0.5533277988433838,0.04305299371480942,1.2054827213287354,0.0,586.0,157,2,123,0,0,0,400,400,0
1387,5548,898,79,899,1,right,0.04943053796887398,0.23429708182811737,0.11874961107969284,0.5548405051231384,0.04268225282430649,1.2031362056732178,0.0,586.0,158,2,123,0,0,0,400,400,0
1388,5552,898,79,899,3,right+B,0.0498986542224884,0.23545821011066437,0.11895429342985153,0.5527913570404053,0.04289751499891281,1.2061270475387573,0.0,586.0,159,2,123,0,0,0,400,400,0
1389,5556,898,79,899,3,right+B,0.04959486052393913,0.2355344295501709,0.1195036768913269,0.5525738000869751,0.042793214321136475,1.2060364484786987,0.0,586.0,160,2,123,0,0,0,400,400,0
1390,5560,898,79,899,1,right,0.04970601201057434,0.23625342547893524,0.12107407301664352,0.5501975417137146,0.04276897758245468,1.2092435359954834,-1.0,585.0,161,2,122,0,0,0,400,400,0
1391,5564,898,79,899,1,right,0.04966557398438454,0.23697715997695923,0.12029242515563965,0.550303041934967,0.04276184365153313,1.2085531949996948,0.0,585.0,162,2,122,0,0,0,400,400,0
1392,5568,898,79,899,3,right+B,0.049237463623285294,0.23541153967380524,0.12030306458473206,0.5524643659591675,0.04258362576365471,1.2057534456253052,0.0,585.0,163,2,122,0,0,0,400,400,0
1393,5572,898,79,899,3,right+B,0.04921218752861023,0.23572157323360443,0.12045197188854218,0.5516015291213989,0.04301276057958603,1.2072806358337402,0.0,585.0,164,2,122,0,0,0,400,400,0
1394,5576,898,79,899,3,right+B,0.048809461295604706,0.23464033007621765,0.11778441071510315,0.5564806461334229,0.04228518530726433,1.199411392211914,0.0,585.0,165,2,122,0,0,0,400,400,0
1395,5580,898,79,899,3,right+B,0.04894910380244255,0.2338636964559555,0.11688704788684845,0.5579250454902649,0.04237513244152069,1.1979120969772339,-1.0,584.0,166,2,121,0,0,0,400,400,0
1396,5584,898,79,899,0,NOOP,0.04923628643155098,0.23446808755397797,0.11807827651500702,0.5557024478912354,0.04251488298177719,1.2013462781906128,0.0,584.0,167,2,121,0,0,0,400,400,0
1397,5588,898,79,899,3,right+B,0.04942496120929718,0.2340940684080124,0.1186298206448555,0.5553069710731506,0.042544204741716385,1.2024083137512207,0.0,584.0,168,2,121,0,0,0,400,400,0
1398,5592,898,93,899,4,right+A+B,0.04933810979127884,0.23431286215782166,0.11757063865661621,0.5564582943916321,0.04232005402445793,1.200169563293457,0.0,584.0,169,2,121,0,0,0,400,400,0
1399,5596,898,108,899,3,right+B,0.049702711403369904,0.23454320430755615,0.12279783189296722,0.5494424104690552,0.04351382330060005,1.2122766971588135,0.0,584.0,170,2,121,0,0,0,400,400,0
1400,5600,898,112,899,2,right+A,0.05001005902886391,0.23633886873722076,0.1244664266705513,0.5455217361450195,0.043662913143634796,1.2173887491226196,-1.0,583.0,171,2,120,0,0,0,400,400,0
1401,5604,898,106,899,3,right+B,0.048911094665527344,0.23328706622123718,0.12156311422586441,0.5529244542121887,0.04331429302692413,1.206921935081482,0.0,583.0,172,2,120,0,0,0,400,400,0
1402,5608,898,89,899,2,right+A,0.04970619082450867,0.23608531057834625,0.1254224181175232,0.5448715686798096,0.04391453415155411,1.218492865562439,0.0,583.0,173,2,120,0,0,0,400,400,0
1403,5612,898,79,899,1,right,0.05023907124996185,0.23717091977596283,0.12626442313194275,0.541639506816864,0.04468609392642975,1.2238318920135498,0.0,583.0,174,2,120,0,0,0,400,400,0
1404,5616,898,93,899,2,right+A,0.049733877182006836,0.2349897027015686,0.12271957844495773,0.5489386916160583,0.04361807554960251,1.2128781080245972,0.0,583.0,175,2,120,0,0,0,400,400,0
1405,5620,898,109,899,4,right+A+B,0.04974111169576645,0.23692786693572998,0.1248975545167923,0.5444512963294983,0.04398215562105179,1.2186776399612427,-1.0,582.0,176,2,119,0,0,0,400,400,0
1406,5624,898,121,899,0,NOOP,0.049659792333841324,0.23655831813812256,0.12431817501783371,0.5457133650779724,0.04375036433339119,1.2167353630065918,0.0,582.0,177,2,119,0,0,0,400,400,0
1407,5628,898,122,899,3,right+B,0.049478523433208466,0.23738914728164673,0.125520721077919,0.5423518419265747,0.045259781181812286,1.2225399017333984,0.0,582.0,178,2,119,0,0,0,400,400,0
1408,5632,898,113,899,2,right+A,0.050037629902362823,0.23780952394008636,0.12495633959770203,0.5426868200302124,0.04450969398021698,1.2215259075164795,0.0,582.0,179,2,119,0,0,0,400,400,0
1409,5636,898,94,899,3,right+B,0.05044419690966606,0.23604299128055573,0.12418670207262039,0.5455933809280396,0.043732840567827225,1.2179396152496338,0.0,582.0,180,2,119,0,0,0,400,400,0
1410,5640,898,79,899,1,right,0.04919106513261795,0.23470279574394226,0.11973229795694351,0.5534565448760986,0.04291728138923645,1.2050172090530396,-1.0,581.0,181,2,118,0,0,0,400,400,0
1411,5644,898,79,899,3,right+B,0.04926164448261261,0.23459164798259735,0.11843473464250565,0.5559563040733337,0.04175569862127304,1.2001075744628906,0.0,581.0,182,2,118,0,0,0,400,400,0
1412,5648,898,79,899,1,right,0.04966193065047264,0.2343096137046814,0.1181906908750534,0.5549653172492981,0.04287238419055939,1.2033300399780273,0.0,581.0,183,2,118,0,0,0,400,400,0
1413,5652,898,79,899,1,right,0.05030771717429161,0.23646607995033264,0.12281206995248795,0.5469841957092285,0.04342998191714287,1.2151590585708618,0.0,581.0,184,2,118,0,0,0,400,400,0
1414,5656,898,79,899,1,right,0.050229012966156006,0.23735816776752472,0.12250583618879318,0.5466399192810059,0.04326708987355232,1.2148466110229492,0.0,581.0,185,2,118,0,0,0,400,400,0
1415,5660,898,79,899,3,right+B,0.05032879114151001,0.23847678303718567,0.12180498242378235,0.5461669564247131,0.043222445994615555,1.2148516178131104,-1.0,580.0,186,2,117,0,0,0,400,400,0
1416,5664,898,93,899,4,right+A+B,0.050253141671419144,0.23765327036380768,0.1220167875289917,0.5470462441444397,0.04303058981895447,1.2138172388076782,0.0,580.0,187,2,117,0,0,0,400,400,0
1417,5668,898,109,899,2,right+A,0.05049556866288185,0.23806288838386536,0.1256655603647232,0.5415206551551819,0.04425534978508949,1.2232259511947632,0.0,580.0,188,2,117,0,0,0,400,400,0
1418,5672,898,122,899,2,right+A,0.05014745891094208,0.23798146843910217,0.12538328766822815,0.5426314473152161,0.043856266885995865,1.220916748046875,0.0,580.0,189,2,117,0,0,0,400,400,0
1419,5676,898,130,899,3,right+B,0.04984704777598381,0.23817363381385803,0.1265297383069992,0.5401935577392578,0.04525601118803024,1.2255266904830933,0.0,580.0,190,2,117,0,0,0,400,400,0
1420,5680,898,129,899,3,right+B,0.049970660358667374,0.2376701980829239,0.12392523884773254,0.5443965792655945,0.04403733089566231,1.2185463905334473,-1.0,579.0,191,2,116,0,0,0,400,400,0
1421,5684,898,117,899,3,right+B,0.05008678883314133,0.23687663674354553,0.12552067637443542,0.5426404476165771,0.04487541690468788,1.2226121425628662,0.0,579.0,192,2,116,0,0,0,400,400,0
1422,5688,898,97,899,3,right+B,0.05051681026816368,0.23861896991729736,0.12819616496562958,0.5367170572280884,0.04595102742314339,1.2315971851348877,0.0,579.0,193,2,116,0,0,0,400,400,0
1423,5692,898,79,899,3,right+B,0.05076787993311882,0.2391127347946167,0.12747055292129517,0.5375735759735107,0.045075301080942154,1.2293870449066162,0.0,579.0,194,2,116,0,0,0,400,400,0
1424,5696,898,79,899,3,right+B,0.05007027089595795,0.23537801206111908,0.12485212832689285,0.5449692606925964,0.044730279594659805,1.2199782133102417,0.0,579.0,195,2,116,0,0,0,400,400,0
1425,5700,898,79,899,3,right+B,0.050280168652534485,0.2362833023071289,0.12120679765939713,0.5492099523544312,0.043019745498895645,1.2114858627319336,-1.0,578.0,196,2,115,0,0,0,400,400,0
1426,5704,898,79,899,3,right+B,0.050977759063243866,0.2394668310880661,0.12572617828845978,0.5398358106613159,0.04399345815181732,1.2249467372894287,0.0,578.0,197,2,115,0,0,0,400,400,0
1427,5708,898,79,899,1,right,0.050424326211214066,0.23913505673408508,0.12380443513393402,0.5433452129364014,0.043290987610816956,1.2187740802764893,0.0,578.0,198,2,115,0,0,0,400,400,0
1428,5712,898,79,899,0,NOOP,0.0498332716524601,0.23715075850486755,0.12125831097364426,0.5488842725753784,0.04287346452474594,1.210850477218628,0.0,578.0,199,2,115,0,0,0,400,400,0
1429,5716,898,79,899,1,right,0.05006780847907066,0.2378498911857605,0.12145765125751495,0.5473886728286743,0.043235961347818375,1.2132196426391602,0.0,578.0,200,2,115,0,0,0,400,400,0
1430,5720,898,79,899,1,right,0.05005999282002449,0.23690010607242584,0.12035947293043137,0.5497044920921326,0.04297595098614693,1.210083246231079,-1.0,577.0,201,2,114,0,0,0,400,400,0
1431,5724,898,93,899,4,right+A+B,0.05019821971654892,0.23625798523426056,0.12000911682844162,0.5504926443099976,0.043042052537202835,1.2095080614089966,0.0,577.0,202,2,114,0,0,0,400,400,0
1432,5728,898,108,899,1,right,0.05048477277159691,0.23686884343624115,0.12396573275327682,0.5447111129760742,0.0439695306122303,1.2189950942993164,0.0,577.0,203,2,114,0,0,0,400,400,0
1433,5732,898,112,899,3,right+B,0.05043523386120796,0.2371433526277542,0.12486777454614639,0.5436801910400391,0.04387345910072327,1.220194935798645,0.0,577.0,204,2,114,0,0,0,400,400,0
1434,5736,898,106,899,3,right+B,0.04923615977168083,0.23363250494003296,0.12135473638772964,0.5523754358291626,0.04340120404958725,1.2079122066497803,0.0,577.0,205,2,114,0,0,0,400,400,0
1435,5740,898,89,899,1,right,0.049801480025053024,0.23522618412971497,0.12406343221664429,0.5469484329223633,0.043960507959127426,1.216109037399292,-1.0,576.0,206,2,113,0,0,0,400,400,0
1436,5744,898,79,899,1,right,0.05063784867525101,0.23645301163196564,0.12547412514686584,0.5424867272377014,0.044948238879442215,1.2236840724945068,0.0,576.0,207,2,113,0,0,0,400,400,0
1437,5748,898,79,899,0,NOOP,0.05038584768772125,0.23569676280021667,0.12302462756633759,0.5469256639480591,0.04396708309650421,1.2163736820220947,0.0,576.0,208,2,113,0,0,0,400,400,0
1438,5752,898,79,899,1,right,0.05058072507381439,0.2385944426059723,0.12487049400806427,0.5421345829963684,0.04381979629397392,1.2216068506240845,0.0,576.0,209,2,113,0,0,0,400,400,0
1439,5756,898,79,899,3,right+B,0.050610803067684174,0.23876851797103882,0.12423458695411682,0.5428711175918579,0.04351498559117317,1.220117449760437,0.0,576.0,210,2,113,0,0,0,400,400,0
1440,5760,898,79,899,3,right+B,0.050529845058918,0.23829743266105652,0.1222451701760292,0.5459149479866028,0.043012551963329315,1.2153087854385376,-1.0,575.0,211,2,112,0,0,0,400,400,0
1441,5764,898,79,899,3,right+B,0.04987724870443344,0.237837016582489,0.12086323648691177,0.5484336018562317,0.04298896715044975,1.2112277746200562,0.0,575.0,212,2,112,0,0,0,400,400,0
1442,5768,898,79,899,1,right,0.049642227590084076,0.23647671937942505,0.12038874626159668,0.5507197380065918,0.04277258738875389,1.2082483768463135,0.0,575.0,213,2,112,0,0,0,400,400,0
1443,5772,898,79,899,3,right+B,0.04970014467835426,0.2357284128665924,0.1189524307847023,0.552849292755127,0.042769674211740494,1.205549955368042,0.0,575.0,214,2,112,0,0,0,400,400,0
1444,5776,898,79,899,3,right+B,0.04966156184673309,0.23552757501602173,0.11927472800016403,0.552748441696167,0.04278763383626938,1.2058262825012207,0.0,575.0,215,2,112,0,0,0,400,400,0
1445,5780,898,79,899,3,right+B,0.04976758360862732,0.23498010635375977,0.12032739073038101,0.5518370866775513,0.04308783635497093,1.2079899311065674,-1.0,574.0,216,2,111,0,0,0,400,400,0
1446,5784,898,93,899,2,right+A,0.0498264916241169,0.23559372127056122,0.1193673387169838,0.5525234937667847,0.04268892481923103,1.2061691284179688,0.0,574.0,217,2,111,0,0,0,400,400,0
1447,5788,898,108,899,1,right,0.05042872205376625,0.23643332719802856,0.12420915067195892,0.5449954867362976,0.043933235108852386,1.2187672853469849,0.0,574.0,218,2,111,0,0,0,400,400,0
1448,5792,898,112,899,3,right+B,0.050669606775045395,0.23809406161308289,0.12601245939731598,0.5413019061088562,0.04392191767692566,1.2233339548110962,0.0,574.0,219,2,111,0,0,0,400,400,0
1449,5796,898,106,899,3,right+B,0.0497451052069664,0.23568277060985565,0.12406362593173981,0.5468407869338989,0.043667666614055634,1.2156198024749756,0.0,574.0,220,2,111,0,0,0,400,400,0
1450,5800,898,89,899,2,right+A,0.05035345256328583,0.2377823293209076,0.12726181745529175,0.5405076742172241,0.044094741344451904,1.2245757579803467,-1.0,573.0,221,2,110,0,0,0,400,400,0
1451,5804,898,79,899,3,right+B,0.0507507361471653,0.2382884919643402,0.12741562724113464,0.5388022065162659,0.04474296420812607,1.2277718782424927,0.0,573.0,222,2,110,0,0,0,400,400,0
1452,5808,898,79,899,1,right,0.05054717883467674,0.23689225316047668,0.12479237467050552,0.543832540512085,0.043935731053352356,1.2202982902526855,0.0,573.0,223,2,110,0,0,0,400,400,0
1453,5812,898,79,899,3,right+B,0.05039295554161072,0.23833005130290985,0.12260644882917404,0.5451805591583252,0.043490055948495865,1.2167599201202393,0.0,573.0,224,2,110,0,0,0,400,400,0
1454,5816,898,79,899,3,right+B,0.05000997334718704,0.2371489554643631,0.12143703550100327,0.5480941534042358,0.043309926986694336,1.212652325630188,0.0,573.0,225,2,110,0,0,0,400,400,0
1455,5820,898,79,899,3,right+B,0.049945168197155,0.23606956005096436,0.120525062084198,0.5504218935966492,0.04303839057683945,1.209517478942871,-1.0,572.0,226,2,109,0,0,0,400,400,0
1456,5824,898,79,899,3,right+B,0.049838826060295105,0.23607704043388367,0.1190650537610054,0.5520873665809631,0.042931701987981796,1.2067673206329346,0.0,572.0,227,2,109,0,0,0,400,400,0
1457,5828,898,79,899,3,right+B,0.049457136541604996,0.23470477759838104,0.11885255575180054,0.5542805194854736,0.042704954743385315,1.2037681341171265,0.0,572.0,228,2,109,0,0,0,400,400,0
1458,5832,898,79,899,0,NOOP,0.04944263771176338,0.23433059453964233,0.11978321522474289,0.5533804893493652,0.043063048273324966,1.2057563066482544,0.0,572.0,229,2,109,0,0,0,400,400,0
1459,5836,898,79,899,3,right+B,0.049694545567035675,0.23561136424541473,0.12045757472515106,0.5509359240531921,0.043300651013851166,1.2090919017791748,0.0,572.0,230,2,109,0,0,0,400,400,0
1460,5840,898,93,899,2,right+A,0.04987899586558342,0.23589840531349182,0.12000657618045807,0.5510045289993286,0.04321150481700897,1.2088656425476074,-1.0,571.0,231,2,108,0,0,0,400,400,0
1461,5844,898,108,899,0,NOOP,0.050128646194934845,0.23640477657318115,0.12440682202577591,0.5450674891471863,0.043992288410663605,1.218469262123108,0.0,571.0,232,2,108,0,0,0,400,400,0
1462,5848,898,112,899,3,right+B,0.0499371737241745,0.23763620853424072,0.1252586543560028,0.5434799194335938,0.04368802160024643,1.2195239067077637,0.0,571.0,233,2,108,0,0,0,400,400,0
1463,5852,898,106,899,3,right+B,0.04890282824635506,0.2349545657634735,0.12250393629074097,0.5502678155899048,0.04337092489004135,1.2098942995071411,0.0,571.0,234,2,108,0,0,0,400,400,0
1464,5856,898,89,899,3,right+B,0.04919785261154175,0.23541972041130066,0.12476062029600143,0.5468493103981018,0.04377248138189316,1.2153799533843994,0.0,571.0,235,2,108,0,0,0,400,400,0
1465,5860,898,79,899,3,right+B,0.04968924820423126,0.23592621088027954,0.12423481792211533,0.5455780029296875,0.04457166790962219,1.2182185649871826,-1.0,570.0,236,2,107,0,0,0,400,400,0
1466,5864,898,79,899,1,right,0.049571000039577484,0.234902024269104,0.12107600271701813,0.5509030222892761,0.043547969311475754,1.2097578048706055,0.0,570.0,237,2,107,0,0,0,400,400,0
1467,5868,898,79,899,3,right+B,0.04950650408864021,0.23502273857593536,0.11950401961803436,0.5531011819839478,0.042865559458732605,1.2055721282958984,0.0,570.0,238,2,107,0,0,0,400,400,0
1468,5872,898,79,899,3,right+B,0.04932199418544769,0.2347000688314438,0.11909116804599762,0.5541107058525085,0.042776115238666534,1.2039867639541626,0.0,570.0,239,2,107,0,0,0,400,400,0
1469,5876,898,93,899,2,right+A,0.04946335405111313,0.23447471857070923,0.11914801597595215,0.5542460083961487,0.04266785830259323,1.2039448022842407,0.0,570.0,240,2,107,0,0,0,400,400,0
1470,5880,898,108,899,3,right+B,0.049717195332050323,0.23470380902290344,0.12261159718036652,0.549275279045105,0.04369211196899414,1.212620735168457,-1.0,569.0,241,2,106,0,0,0,400,400,0
1471,5884,898,112,899,4,right+A+B,0.049703504890203476,0.23584946990013123,0.12362168729305267,0.5472918152809143,0.043533507734537125,1.214664340019226,0.0,569.0,242,2,106,0,0,0,400,400,0
1472,5888,898,106,899,3,right+B,0.04915780946612358,0.23379084467887878,0.12211031466722488,0.551300585269928,0.04364052414894104,1.209608554840088,0.0,569.0,243,2,106,0,0,0,400,400,0
1473,5892,898,89,899,2,right+A,0.049816232174634933,0.23617465794086456,0.1252821832895279,0.5446959733963013,0.044030871242284775,1.2189176082611084,0.0,569.0,244,2,106,0,0,0,400,400,0
1474,5896,898,79,899,0,NOOP,0.05028248205780983,0.23663917183876038,0.1261219084262848,0.542385995388031,0.04457047954201698,1.2229987382888794,0.0,569.0,245,2,106,0,0,0,400,400,0
1475,5900,898,79,899,3,right+B,0.050110023468732834,0.23644213378429413,0.12327712774276733,0.5464804172515869,0.043690379709005356,1.2160193920135498,-1.0,568.0,246,2,105,0,0,0,400,400,0
1476,5904,898,79,899,3,right+B,0.049623358994722366,0.23655201494693756,0.12188490480184555,0.5490700006484985,0.042869675904512405,1.2107778787612915,0.0,568.0,247,2,105,0,0,0,400,400,0
1477,5908,898,93,899,2,right+A,0.04958603158593178,0.23646622896194458,0.12069528549909592,0.5501153469085693,0.043137043714523315,1.209499478340149,0.0,568.0,248,2,105,0,0,0,400,400,0
1478,5912,898,109,899,2,right+A,0.04960482567548752,0.23581218719482422,0.12278471142053604,0.5482439398765564,0.043554335832595825,1.2131998538970947,0.0,568.0,249,2,105,0,0,0,400,400,0
1479,5916,898,121,899,1,right,0.049728989601135254,0.23611101508140564,0.12394121289253235,0.5465211868286133,0.04369759559631348,1.2158348560333252,0.0,568.0,250,2,105,0,0,0,400,400,0
1480,5920,898,122,899,1,right,0.04934917017817497,0.23722055554389954,0.12458276748657227,0.5439491271972656,0.04489840567111969,1.219813346862793,-1.0,567.0,251,2,104,0,0,0,400,400,0
1481,5924,898,113,899,1,right,0.04977143183350563,0.2368493676185608,0.12417010962963104,0.5450336933135986,0.044175367802381516,1.2180969715118408,0.0,567.0,252,2,104,0,0,0,400,400,0
1482,5928,898,94,899,0,NOOP,0.05011770501732826,0.2355422079563141,0.12341298907995224,0.5474500060081482,0.04347708076238632,1.2149438858032227,0.0,567.0,253,2,104,0,0,0,400,400,0
1483,5932,898,79,899,4,right+A+B,0.04899943247437477,0.2346171885728836,0.1194048821926117,0.5542464852333069,0.04273195192217827,1.203502893447876,0.0,567.0,254,2,104,0,0,0,400,400,0
1484,5936,898,79,899,3,right+B,0.04933041334152222,0.23515208065509796,0.11919120699167252,0.5544157028198242,0.04191052168607712,1.2023228406906128,0.0,567.0,255,2,104,0,0,0,400,400,0
1485,5940,898,79,899,3,right+B,0.0495322160422802,0.23454689979553223,0.11872026324272156,0.554507315158844,0.04269328713417053,1.2035801410675049,-1.0,566.0,256,2,103,0,0,0,400,400,0
1486,5944,898,79,899,3,right+B,0.05018229782581329,0.23685337603092194,0.12349488586187363,0.5462529063224792,0.043216507881879807,1.2156600952148438,0.0,566.0,257,2,103,0,0,0,400,400,0
1487,5948,898,93,899,4,right+A+B,0.04978364333510399,0.23712782561779022,0.12189275026321411,0.548190176486969,0.04300558939576149,1.2120044231414795,0.0,566.0,258,2,103,0,0,0,400,400,0
1488,5952,898,108,899,1,right,0.04981455206871033,0.23660460114479065,0.1251523345708847,0.5446458458900452,0.043782662600278854,1.2184566259384155,0.0,566.0,259,2,103,0,0,0,400,400,0
1489,5956,898,112,899,3,right+B,0.04970618337392807,0.23759086430072784,0.12490264326334,0.5441455245018005,0.043654799461364746,1.2183274030685425,0.0,566.0,260,2,103,0,0,0,400,400,0
1490,5960,898,106,899,3,right+B,0.04863079637289047,0.23385882377624512,0.12124796211719513,0.5530127882957458,0.043249595910310745,1.2060916423797607,-1.0,565.0,261,2,102,0,0,0,400,400,0
1491,5964,898,89,899,3,right+B,0.04891051724553108,0.23391331732273102,0.12244169414043427,0.5512809753417969,0.043453507125377655,1.2091395854949951,0.0,565.0,262,2,102,0,0,0,400,400,0
1492,5968,898,79,899,3,right+B,0.049546219408512115,0.2344166785478592,0.12258128076791763,0.549304187297821,0.04415159672498703,1.213080644607544,0.0,565.0,263,2,102,0,0,0,400,400,0
1493,5972,898,79,899,3,right+B,0.04936160892248154,0.23278355598449707,0.11973220854997635,0.5548716187477112,0.04325104504823685,1.2046257257461548,0.0,565.0,264,2,102,0,0,0,400,400,0
1494,5976,898,93,899,2,right+A,0.04933423176407814,0.2340538501739502,0.11867453902959824,0.555304229259491,0.04263316094875336,1.202451467514038,0.0,565.0,265,2,102,0,0,0,400,400,0
1495,5980,898,108,899,0,NOOP,0.049554407596588135,0.2341119796037674,0.12243544310331345,0.5503960847854614,0.043501999229192734,1.2109785079956055,-1.0,564.0,266,2,101,0,0,0,400,400,0
1496,5984,898,112,899,3,right+B,0.05015469714999199,0.23700828850269318,0.12473535537719727,0.5442659854888916,0.043835658580064774,1.2191245555877686,0.0,564.0,267,2,101,0,0,0,400,400,0
1497,5988,898,106,899,2,right+A,0.049221061170101166,0.23444607853889465,0.12244314700365067,0.5505432486534119,0.04334642365574837,1.2100764513015747,0.0,564.0,268,2,101,0,0,0,400,400,0
1498,5992,898,89,899,1,right,0.049908850342035294,0.2366894632577896,0.1260591745376587,0.5434636473655701,0.043878864496946335,1.2203242778778076,0.0,564.0,269,2,101,0,0,0,400,400,0
1499,5996,898,79,899,4,right+A+B,0.050429463386535645,0.23773935437202454,0.12673687934875488,0.5405184626579285,0.044575851410627365,1.2251639366149902,0.0,564.0,270,2,101,0,0,0,400,400,0
1500,6000,898,79,899,3,right+B,0.05011362582445145,0.23608647286891937,0.1237432062625885,0.5464400053024292,0.0436166487634182,1.2162363529205322,-1.0,563.0,271,2,100,0,0,0,400,400,0
1501,6004,898,93,899,2,right+A,0.0497625470161438,0.23684945702552795,0.12114083021879196,0.5492569208145142,0.04299024119973183,1.2105474472045898,0.0,563.0,272,2,100,0,0,0,400,400,0
1502,6008,898,108,899,1,right,0.04992624744772911,0.2363233119249344,0.12427376210689545,0.5456416606903076,0.04383496940135956,1.2173247337341309,0.0,563.0,273,2,100,0,0,0,400,400,0
1503,6012,898,112,899,0,NOOP,0.04998896270990372,0.23676809668540955,0.12437377870082855,0.5450955033302307,0.0437735952436924,1.217839241027832,0.0,563.0,274,2,100,0,0,0,400,400,0
1504,6016,898,106,899,1,right,0.048699602484703064,0.23298877477645874,0.12031720578670502,0.5547988414764404,0.04319559782743454,1.2039518356323242,0.0,563.0,275,2,100,0,0,0,400,400,0
1505,6020,898,89,899,2,right+A,0.049253199249506,0.23397725820541382,0.12297852337360382,0.5500510931015015,0.043739933520555496,1.2115552425384521,-1.0,562.0,276,2,99,0,0,0,400,400,0
1506,6024,898,79,899,3,right+B,0.04962267726659775,0.2341204732656479,0.12308548390865326,0.5487525463104248,0.0444188266992569,1.214440107345581,0.0,562.0,277,2,99,0,0,0,400,400,0
1507,6028,898,79,899,3,right+B,0.048939138650894165,0.23246845602989197,0.11908986419439316,0.5563217997550964,0.043180711567401886,1.2021595239639282,0.0,562.0,278,2,99,0,0,0,400,400,0
1508,6032,898,79,899,3,right+B,0.04872996732592583,0.23352055251598358,0.11834234744310379,0.5567268133163452,0.0426802895963192,1.200129508972168,0.0,562.0,279,2,99,0,0,0,400,400,0
1509,6036,898,79,899,3,right+B,0.04889608919620514,0.23455917835235596,0.11940499395132065,0.5543848276138306,0.04275490716099739,1.2032612562179565,0.0,562.0,280,2,99,0,0,0,400,400,0
1510,6040,898,79,899,1,right,0.048949435353279114,0.23514698445796967,0.11979023367166519,0.553533136844635,0.04258023574948311,1.2040379047393799,-1.0,561.0,281,2,98,0,0,0,400,400,0
1511,6044,898,79,899,3,right+B,0.048904143273830414,0.23563732206821442,0.11877647042274475,0.5541404485702515,0.04254166781902313,1.2026922702789307,0.0,561.0,282,2,98,0,0,0,400,400,0
1512,6048,898,79,899,0,NOOP,0.048605695366859436,0.23469848930835724,0.11904726922512054,0.5551577806472778,0.04249073565006256,1.2014470100402832,0.0,561.0,283,2,98,0,0,0,400,400,0
1513,6052,898,79,899,1,right,0.048883624374866486,0.23549532890319824,0.12010864913463593,0.552327573299408,0.04318473860621452,1.2062082290649414,0.0,561.0,284,2,98,0,0,0,400,400,0
1514,6056,898,79,899,1,right,0.04873932898044586,0.23480698466300964,0.11753880232572556,0.5564141273498535,0.04250073432922363,1.1995580196380615,0.0,561.0,285,2,98,0,0,0,400,400,0
1515,6060,898,79,899,3,right+B,0.04863426089286804,0.23353998363018036,0.11588429659605026,0.5597875714302063,0.04215385764837265,1.194717526435852,-1.0,560.0,286,2,97,0,0,0,400,400,0
1516,6064,898,79,899,3,right+B,0.04852590337395668,0.23360279202461243,0.11623119562864304,0.5594308972358704,0.04220913350582123,1.1951961517333984,0.0,560.0,287,2,97,0,0,0,400,400,0
1517,6068,898,79,899,3,right+B,0.04852776601910591,0.23276886343955994,0.11678316444158554,0.5597029328346252,0.04221735894680023,1.195358395576477,0.0,560.0,288,2,97,0,0,0,400,400,0
1518,6072,898,93,899,2,right+A,0.04857764393091202,0.23289045691490173,0.1161474660038948,0.5601568222045898,0.042227715253829956,1.1946154832839966,0.0,560.0,289,2,97,0,0,0,400,400,0
1519,6076,898,108,899,3,right+B,0.049084506928920746,0.23365886509418488,0.12134493142366409,0.5525855422019958,0.043326135724782944,1.2073619365692139,0.0,560.0,290,2,97,0,0,0,400,400,0
1520,6080,898,112,899,3,right+B,0.04936066269874573,0.23536397516727448,0.123564712703228,0.5480601787567139,0.043650493025779724,1.2136422395706177,-1.0,559.0,291,2,96,0,0,0,400,400,0
1521,6084,898,106,899,2,right+A,0.04820238798856735,0.2327067255973816,0.12058018147945404,0.5555248260498047,0.0429859459400177,1.2023600339889526,0.0,559.0,292,2,96,0,0,0,400,400,0
1522,6088,898,89,899,0,NOOP,0.048963189125061035,0.23502826690673828,0.12410912662744522,0.5483682751655579,0.04353111609816551,1.2129071950912476,0.0,559.0,293,2,96,0,0,0,400,400,0
1523,6092,898,79,899,1,right,0.04955633729696274,0.23600083589553833,0.1245671734213829,0.5456568002700806,0.044218942523002625,1.2175689935684204,0.0,559.0,294,2,96,0,0,0,400,400,0
1524,6096,898,79,899,3,right+B,0.04905734211206436,0.2341429889202118,0.12112099677324295,0.5524917840957642,0.04318685084581375,1.2070178985595703,0.0,559.0,295,2,96,0,0,0,400,400,0
1525,6100,898,79,899,1,right,0.04887373372912407,0.23525382578372955,0.11893749982118607,0.5543719530105591,0.042563047260046005,1.2025926113128662,-1.0,558.0,296,2,95,0,0,0,400,400,0
1526,6104,898,79,899,3,right+B,0.048639193177223206,0.23431147634983063,0.11804845184087753,0.5565651655197144,0.042435675859451294,1.199509620666504,0.0,558.0,297,2,95,0,0,0,400,400,0
1527,6108,898,93,899,2,right+A,0.04844910278916359,0.2331661880016327,0.11694087088108063,0.5592930912971497,0.042150694876909256,1.1955883502960205,0.0,558.0,298,2,95,0,0,0,400,400,0
1528,6112,898,108,899,3,right+B,0.04865672066807747,0.23330840468406677,0.11999659240245819,0.5549323558807373,0.04310602322220802,1.2034050226211548,0.0,558.0,299,2,95,0,0,0,400,400,0
1529,6116,898,112,899,3,right+B,0.04870930314064026,0.23382776975631714,0.12096653878688812,0.5535693168640137,0.042927052825689316,1.2050045728683472,0.0,558.0,300,2,95,0,0,0,400,400,0
1530,6120,898,106,899,1,right,0.04778603836894035,0.2307421863079071,0.11824431270360947,0.5605048537254333,0.04272255301475525,1.195334553718567,-1.0,557.0,301,2,94,0,0,0,400,400,0
1531,6124,898,89,899,3,right+B,0.04847665876150131,0.2329389750957489,0.12125931680202484,0.5539891123771667,0.04333595931529999,1.2051591873168945,0.0,557.0,302,2,94,0,0,0,400,400,0
1532,6128,898,79,899,1,right,0.04927637428045273,0.2340153306722641,0.12250404804944992,0.5499983429908752,0.04420589655637741,1.2121093273162842,0.0,557.0,303,2,94,0,0,0,400,400,0
1533,6132,898,79,899,1,right,0.049264393746852875,0.2339724600315094,0.12089065462350845,0.5525475144386292,0.04332507774233818,1.2073745727539062,0.0,557.0,304,2,94,0,0,0,400,400,0
1534,6136,898,93,899,2,right+A,0.04931166023015976,0.23577937483787537,0.12061916291713715,0.5515613555908203,0.04272853583097458,1.207098364830017,0.0,557.0,305,2,94,0,0,0,400,400,0
1535,6140,898,108,899,3,right+B,0.049337804317474365,0.2357538789510727,0.12394299358129501,0.5474794507026672,0.04348583519458771,1.214062213897705,-1.0,556.0,306,2,93,0,0,0,400,400,0
1536,6144,898,112,899,3,right+B,0.04929230734705925,0.23673692345619202,0.12447037547826767,0.5460903644561768,0.043410006910562515,1.215367317199707,0.0,556.0,307,2,93,0,0,0,400,400,0
1537,6148,898,106,899,1,right,0.04781413823366165,0.23269185423851013,0.11935886740684509,0.557286262512207,0.04284887760877609,1.199170708656311,0.0,556.0,308,2,93,0,0,0,400,400,0
1538,6152,898,89,899,3,right+B,0.048258040100336075,0.23360976576805115,0.12124436348676682,0.5536863207817078,0.0432015098631382,1.2048407793045044,0.0,556.0,309,2,93,0,0,0,400,400,0
1539,6156,898,79,899,3,right+B,0.048899438232183456,0.23325452208518982,0.1212768703699112,0.5527355074882507,0.04383361339569092,1.2077511548995972,0.0,556.0,310,2,93,0,0,0,400,400,0
1540,6160,898,79,899,1,right,0.04878499358892441,0.2323780357837677,0.11838020384311676,0.55754554271698,0.042911265045404434,1.1999188661575317,-1.0,555.0,311,2,92,0,0,0,400,400,0
1541,6164,898,79,899,3,right+B,0.048585936427116394,0.2328263521194458,0.11710552126169205,0.5592902898788452,0.04219188541173935,1.1959893703460693,0.0,555.0,312,2,92,0,0,0,400,400,0
1542,6168,898,79,899,1,right,0.048425089567899704,0.23246465623378754,0.11686262488365173,0.560035765171051,0.04221192002296448,1.1949502229690552,0.0,555.0,313,2,92,0,0,0,400,400,0
1543,6172,898,79,899,3,right+B,0.04845604673027992,0.23281340301036835,0.11692746728658676,0.5596480369567871,0.042155101895332336,1.1952869892120361,0.0,555.0,314,2,92,0,0,0,400,400,0
1544,6176,898,79,899,3,right+B,0.04870899021625519,0.23363342881202698,0.11689254641532898,0.5583915710449219,0.0423734225332737,1.1971306800842285,0.0,555.0,315,2,92,0,0,0,400,400,0
1545,6180,898,79,899,3,right+B,0.048683032393455505,0.23411086201667786,0.11843276023864746,0.5564126372337341,0.04236069321632385,1.1998451948165894,-1.0,554.0,316,2,91,0,0,0,400,400,0
1546,6184,898,93,899,4,right+A+B,0.04915231838822365,0.23542390763759613,0.12094073742628098,0.5516526103019714,0.042830467224121094,1.2071599960327148,0.0,554.0,317,2,91,0,0,0,400,400,0
1547,6188,898,108,899,3,right+B,0.04939904063940048,0.23635020852088928,0.12375742197036743,0.5471118092536926,0.04338150471448898,1.2141709327697754,0.0,554.0,318,2,91,0,0,0,400,400,0
1548,6192,898,112,899,3,right+B,0.04928852245211601,0.23699600994586945,0.12402861565351486,0.5464916229248047,0.04319525137543678,1.2143762111663818,0.0,554.0,319,2,91,0,0,0,400,400,0
1549,6196,898,106,899,3,right+B,0.04811635613441467,0.23353424668312073,0.12029125541448593,0.55515056848526,0.04290756583213806,1.202225685119629,0.0,554.0,320,2,91,0,0,0,400,400,0
1550,6200,898,89,899,3,right+B,0.04855816438794136,0.2343398630619049,0.12196436524391174,0.5519071817398071,0.04323044419288635,1.2073633670806885,-1.0,553.0,321,2,90,0,0,0,400,400,0
1551,6204,898,79,899,3,right+B,0.04894183203577995,0.23323498666286469,0.1214408129453659,0.5525975227355957,0.04378492757678032,1.207962155342102,0.0,553.0,322,2,90,0,0,0,400,400,0
1552,6208,898,79,899,1,right,0.04897364228963852,0.2327023446559906,0.11893166601657867,0.556371808052063,0.043020498007535934,1.2017936706542969,0.0,553.0,323,2,90,0,0,0,400,400,0
1553,6212,898,79,899,3,right+B,0.048942625522613525,0.2335304170846939,0.11798509210348129,0.5570340752601624,0.04250773414969444,1.1996581554412842,0.0,553.0,324,2,90,0,0,0,400,400,0
1554,6216,898,79,899,3,right+B,0.04866505414247513,0.23300601541996002,0.11755891144275665,0.5582685470581055,0.042501382529735565,1.1978458166122437,0.0,553.0,325,2,90,0,0,0,400,400,0
1555,6220,898,79,899,3,right+B,0.04877082630991936,0.23354023694992065,0.11778032779693604,0.5574503540992737,0.04245828092098236,1.198803424835205,-1.0,552.0,326,2,89,0,0,0,400,400,0
1556,6224,898,79,899,3,right+B,0.048963308334350586,0.23416262865066528,0.11760091781616211,0.5566614270210266,0.042611680924892426,1.1999274492263794,0.0,552.0,327,2,89,0,0,0,400,400,0
1557,6228,898,79,899,3,right+B,0.04863257706165314,0.23412789404392242,0.11833924800157547,0.5565149188041687,0.04238537326455116,1.1996557712554932,0.0,552.0,328,2,89,0,0,0,400,400,0
1558,6232,898,79,899,3,right+B,0.048768188804388046,0.23463040590286255,0.12005379796028137,0.5538109540939331,0.04273660480976105,1.2039591073989868,0.0,552.0,329,2,89,0,0,0,400,400,0
1559,6236,898,79,899,3,right+B,0.04856910556554794,0.23492182791233063,0.11819501966238022,0.5560629367828369,0.04225114360451698,1.1996177434921265,0.0,552.0,330,2,89,0,0,0,400,400,0
1560,6240,898,93,899,2,right+A,0.048677291721105576,0.23488891124725342,0.1180417537689209,0.555869460105896,0.042522627860307693,1.2003141641616821,-1.0,551.0,331,2,88,0,0,0,400,400,0
1561,6244,898,108,899,1,right,0.048652250319719315,0.23430988192558289,0.12085206061601639,0.5529708862304688,0.04321490228176117,1.2058415412902832,0.0,551.0,332,2,88,0,0,0,400,400,0
1562,6248,898,112,899,3,right+B,0.04865780472755432,0.2348318099975586,0.12133565545082092,0.5520090460777283,0.043165627866983414,1.2069106101989746,0.0,551.0,333,2,88,0,0,0,400,400,0
1563,6252,898,106,899,1,right,0.047507066279649734,0.23074933886528015,0.11734003573656082,0.5619102716445923,0.04249335080385208,1.192650318145752,0.0,551.0,334,2,88,0,0,0,400,400,0
1564,6256,898,89,899,3,right+B,0.04796663671731949,0.23192989826202393,0.11938443779945374,0.5578330159187317,0.042886096984148026,1.199013113975525,0.0,551.0,335,2,88,0,0,0,400,400,0
1565,6260,898,79,899,4,right+A+B,0.04859425127506256,0.2321268618106842,0.12001565843820572,0.5556631088256836,0.04360014572739601,1.203514814376831,-1.0,550.0,336,2,87,0,0,0,400,400,0
1566,6264,898,79,899,3,right+B,0.048587895929813385,0.23148980736732483,0.11766394227743149,0.5594459772109985,0.04281235113739967,1.1972899436950684,0.0,550.0,337,2,87,0,0,0,400,400,0
1567,6268,898,79,899,1,right,0.048725053668022156,0.23335018754005432,0.11753525584936142,0.5579491853713989,0.042440321296453476,1.1980985403060913,0.0,550.0,338,2,87,0,0,0,400,400,0
1568,6272,898,93,899,2,right+A,0.048578888177871704,0.23313458263874054,0.11776138097047806,0.5580898523330688,0.042435307055711746,1.1978929042816162,0.0,550.0,339,2,87,0,0,0,400,400,0
1569,6276,898,108,899,3,right+B,0.04926612228155136,0.23493461310863495,0.1237027645111084,0.548570454120636,0.04352599009871483,1.2129414081573486,0.0,550.0,340,2,87,0,0,0,400,400,0
1570,6280,898,112,899,1,right,0.04913878068327904,0.23624439537525177,0.12351908534765244,0.5479888319969177,0.04310886561870575,1.212408423423767,-1.0,549.0,341,2,86,0,0,0,400,400,0
1571,6284,898,106,899,3,right+B,0.04793156683444977,0.2329890877008438,0.1204274594783783,0.5559049844741821,0.04274692013859749,1.201097011566162,0.0,549.0,342,2,86,0,0,0,400,400,0
1572,6288,898,89,899,3,right+B,0.048599883913993835,0.23461437225341797,0.12313212454319,0.5502340197563171,0.04341956973075867,1.2099357843399048,0.0,549.0,343,2,86,0,0,0,400,400,0
1573,6292,898,79,899,3,right+B,0.04910801723599434,0.23474669456481934,0.12218919396400452,0.5499307513237,0.044025350362062454,1.2113978862762451,0.0,549.0,344,2,86,0,0,0,400,400,0
1574,6296,898,79,899,3,right+B,0.048663076013326645,0.23287510871887207,0.1182735413312912,0.5573498010635376,0.042838580906391144,1.1997041702270508,0.0,549.0,345,2,86,0,0,0,400,400,0
1575,6300,898,93,899,4,right+A+B,0.048621002584695816,0.2333396077156067,0.11706540733575821,0.5587910413742065,0.04218291863799095,1.1964383125305176,-1.0,548.0,346,2,85,0,0,0,400,400,0
1576,6304,898,108,899,0,NOOP,0.04875688627362251,0.23284974694252014,0.12015046924352646,0.5553296208381653,0.04291326180100441,1.2029935121536255,0.0,548.0,347,2,85,0,0,0,400,400,0
1577,6308,898,112,899,0,NOOP,0.048778027296066284,0.23384328186511993,0.12082310020923615,0.5536755323410034,0.042880088090896606,1.2048466205596924,0.0,548.0,348,2,85,0,0,0,400,400,0
1578,6312,898,106,899,2,right+A,0.04752838611602783,0.2302248477935791,0.11727196723222733,0.5625848174095154,0.04238997772336006,1.1918613910675049,0.0,548.0,349,2,85,0,0,0,400,400,0
1579,6316,898,89,899,3,right+B,0.04833962023258209,0.2326318472623825,0.12077014148235321,0.5550715327262878,0.04318685829639435,1.2034335136413574,0.0,548.0,350,2,85,0,0,0,400,400,0
1580,6320,898,79,899,1,right,0.04899340867996216,0.23333105444908142,0.12158983200788498,0.5521726012229919,0.04391319677233696,1.2087208032608032,-1.0,547.0,351,2,84,0,0,0,400,400,0
1581,6324,898,93,899,2,right+A,0.04907176271080971,0.23358507454395294,0.12045678496360779,0.5537222623825073,0.04316411167383194,1.2055039405822754,0.0,547.0,352,2,84,0,0,0,400,400,0
1582,6328,898,109,899,4,right+A+B,0.049262601882219315,0.2358751893043518,0.1243535578250885,0.5470883846282959,0.04342027008533478,1.2144262790679932,0.0,547.0,353,2,84,0,0,0,400,400,0
1583,6332,898,121,899,3,right+B,0.048967670649290085,0.235794335603714,0.12340400367975235,0.5487695336341858,0.04306450113654137,1.2113316059112549,0.0,547.0,354,2,84,0,0,0,400,400,0
1584,6336,898,122,899,3,right+B,0.04881284013390541,0.23752325773239136,0.12548089027404785,0.5434091687202454,0.04477380961179733,1.2197831869125366,0.0,547.0,355,2,84,0,0,0,400,400,0
1585,6340,898,113,899,3,right+B,0.04895460233092308,0.237005814909935,0.12313125282526016,0.5470478534698486,0.043860409408807755,1.213928461074829,-1.0,546.0,356,2,83,0,0,0,400,400,0
1586,6344,898,94,899,2,right+A,0.04908892884850502,0.2348444014787674,0.12118189036846161,0.5519627332687378,0.0429220013320446,1.2071118354797363,0.0,546.0,357,2,83,0,0,0,400,400,0
1587,6348,898,79,899,1,right,0.0477197989821434,0.23244993388652802,0.11635594069957733,0.561470627784729,0.04200375825166702,1.1918699741363525,0.0,546.0,358,2,83,0,0,0,400,400,0
1588,6352,898,79,899,1,right,0.04786551743745804,0.23211252689361572,0.11499539762735367,0.5641893148422241,0.04083728417754173,1.1867345571517944,0.0,546.0,359,2,83,0,0,0,400,400,0
1589,6356,898,93,899,4,right+A+B,0.04810941964387894,0.2307085543870926,0.11413154751062393,0.5653694272041321,0.04168106988072395,1.186913013458252,0.0,546.0,360,2,83,0,0,0,400,400,0
1590,6360,898,108,899,3,right+B,0.04894062876701355,0.2326631397008896,0.12159281969070435,0.5537993907928467,0.043004054576158524,1.2057074308395386,-1.0,545.0,361,2,82,0,0,0,400,400,0
1591,6364,898,112,899,2,right+A,0.04894142225384712,0.2343347668647766,0.12202180922031403,0.5515316128730774,0.043170422315597534,1.2082229852676392,0.0,545.0,362,2,82,0,0,0,400,400,0
1592,6368,898,106,899,3,right+B,0.04778357222676277,0.23110584914684296,0.11849580705165863,0.5600297451019287,0.04258507117629051,1.1956877708435059,0.0,545.0,363,2,82,0,0,0,400,400,0
1593,6372,898,89,899,4,right+A+B,0.048374492675065994,0.23341518640518188,0.12220331281423569,0.5528604388237,0.043146584182977676,1.2062687873840332,0.0,545.0,364,2,82,0,0,0,400,400,0
1594,6376,898,79,899,3,right+B,0.04899289458990097,0.23436695337295532,0.12321661412715912,0.5496169328689575,0.04380658641457558,1.2117840051651,0.0,545.0,365,2,82,0,0,0,400,400,0
1595,6380,898,79,899,3,right+B,0.04871869832277298,0.23345991969108582,0.11998994648456573,0.5549501180648804,0.04288138821721077,1.2031025886535645,-1.0,544.0,366,2,81,0,0,0,400,400,0
1596,6384,898,79,899,3,right+B,0.04891012981534004,0.2353222519159317,0.11956015229225159,0.5536569952964783,0.04255048558115959,1.2036638259887695,0.0,544.0,367,2,81,0,0,0,400,400,0
1597,6388,898,79,899,3,right+B,0.04876072704792023,0.23482590913772583,0.11834413558244705,0.5556120276451111,0.042457159608602524,1.2007629871368408,0.0,544.0,368,2,81,0,0,0,400,400,0
1598,6392,898,79,899,3,right+B,0.04871433973312378,0.23438552021980286,0.11733897775411606,0.5574734210968018,0.04208774492144585,1.1977568864822388,0.0,544.0,369,2,81,0,0,0,400,400,0
1599,6396,898,79,899,3,right+B,0.04882103204727173,0.2339479625225067,0.11658982932567596,0.5585121512413025,0.0421290248632431,1.1965731382369995,0.0,544.0,370,2,81,0,0,0,400,400,0
1600,6400,898,79,899,1,right,0.04868212714791298,0.2334764301776886,0.11677461862564087,0.5590420365333557,0.042024750262498856,1.1958428621292114,-1.0,543.0,371,2,80,0,0,0,400,400,0
1601,6404,898,79,899,3,right+B,0.04860979691147804,0.23257622122764587,0.11762072890996933,0.5588884949684143,0.04230469837784767,1.196924090385437,0.0,543.0,372,2,80,0,0,0,400,400,0
1602,6408,898,79,899,3,right+B,0.0485541857779026,0.2328869104385376,0.11640243232250214,0.5601860284805298,0.04197045788168907,1.1942898035049438,0.0,543.0,373,2,80,0,0,0,400,400,0
1603,6412,898,93,899,2,right+A,0.048899780958890915,0.23382875323295593,0.11698829382658005,0.55783611536026,0.04244699701666832,1.198104977607727,0.0,543.0,374,2,80,0,0,0,400,400,0
1604,6416,898,108,899,1,right,0.049072347581386566,0.2337876558303833,0.12151731550693512,0.5522966980934143,0.043325942009687424,1.207703948020935,0.0,543.0,375,2,80,0,0,0,400,400,0
1605,6420,898,112,899,3,right+B,0.04934578761458397,0.23599094152450562,0.12439004331827164,0.546741247177124,0.04353197664022446,1.2150607109069824,-1.0,542.0,376,2,79,0,0,0,400,400,0
1606,6424,898,106,899,2,right+A,0.048376891762018204,0.2335137128829956,0.12145216017961502,0.5535938143730164,0.043063465505838394,1.2050108909606934,0.0,542.0,377,2,79,0,0,0,400,400,0
1607,6428,898,89,899,3,right+B,0.048890236765146255,0.23520731925964355,0.12398719042539597,0.54830002784729,0.04361522197723389,1.212914228439331,0.0,542.0,378,2,79,0,0,0,400,400,0
1608,6432,898,79,899,3,right+B,0.049484316259622574,0.2355077713727951,0.12462958693504333,0.5459456443786621,0.0444326177239418,1.2176108360290527,0.0,542.0,379,2,79,0,0,0,400,400,0
1609,6436,898,79,899,1,right,0.04924430698156357,0.23452192544937134,0.12057547271251678,0.552248477935791,0.04340987652540207,1.2075340747833252,0.0,542.0,380,2,79,0,0,0,400,400,0
1610,6440,898,79,899,3,right+B,0.04911733418703079,0.23523807525634766,0.1187351867556572,0.5542766451835632,0.04263271391391754,1.2030373811721802,-1.0,541.0,381,2,78,0,0,0,400,400,0
1611,6444,898,93,899,4,right+A+B,0.04890231415629387,0.23403649032115936,0.11816491931676865,0.5563580989837646,0.04253818094730377,1.200356364250183,0.0,541.0,382,2,78,0,0,0,400,400,0
1612,6448,898,108,899,3,right+B,0.04923272877931595,0.23421937227249146,0.12175168842077255,0.5514531135559082,0.04334304481744766,1.2088603973388672,0.0,541.0,383,2,78,0,0,0,400,400,0
1613,6452,898,112,899,3,right+B,0.04914214462041855,0.2348027378320694,0.12137312442064285,0.5517027974128723,0.042979154735803604,1.2076406478881836,0.0,541.0,384,2,78,0,0,0,400,400,0
1614,6456,898,106,899,1,right,0.04808665066957474,0.23146332800388336,0.1187630295753479,0.558986485004425,0.04270054027438164,1.1974599361419678,0.0,541.0,385,2,78,0,0,0,400,400,0
1615,6460,898,89,899,3,right+B,0.04888913780450821,0.2337697595357895,0.12227817624807358,0.551579475402832,0.04348348081111908,1.2087945938110352,-1.0,540.0,386,2,77,0,0,0,400,400,0
1616,6464,898,79,899,3,right+B,0.04963139817118645,0.23456436395645142,0.12336070835590363,0.5482466220855713,0.04419689252972603,1.214690923690796,0.0,540.0,387,2,77,0,0,0,400,400,0
1617,6468,898,79,899,1,right,0.049689196050167084,0.23484215140342712,0.12216408550739288,0.5498982071876526,0.043406374752521515,1.2112746238708496,0.0,540.0,388,2,77,0,0,0,400,400,0
1618,6472,898,93,899,2,right+A,0.049577295780181885,0.23651355504989624,0.12151113897562027,0.5497136116027832,0.04268433153629303,1.2095980644226074,0.0,540.0,389,2,77,0,0,0,400,400,0
1619,6476,898,108,899,3,right+B,0.049596287310123444,0.2360997498035431,0.12493327260017395,0.5459399223327637,0.04343079775571823,1.2163002490997314,0.0,540.0,390,2,77,0,0,0,400,400,0
1620,6480,898,112,899,1,right,0.04971596971154213,0.23785999417304993,0.12542137503623962,0.5433694124221802,0.04363321512937546,1.21928071975708,-1.0,539.0,391,2,76,0,0,0,400,400,0
1621,6484,898,106,899,3,right+B,0.048252079635858536,0.2335030436515808,0.12030882388353348,0.5550069212913513,0.04292912408709526,1.2026125192642212,0.0,539.0,392,2,76,0,0,0,400,400,0
1622,6488,898,89,899,3,right+B,0.04889057204127312,0.23465274274349213,0.12234234809875488,0.550749659538269,0.043364640325307846,1.2093485593795776,0.0,539.0,393,2,76,0,0,0,400,400,0
1623,6492,898,79,899,0,NOOP,0.04962794482707977,0.2347860038280487,0.12271882593631744,0.5487851500511169,0.04408207908272743,1.2136220932006836,0.0,539.0,394,2,76,0,0,0,400,400,0
1624,6496,898,79,899,1,right,0.04939982667565346,0.23391227424144745,0.12076375633478165,0.5524762272834778,0.043447889387607574,1.207769751548767,0.0,539.0,395,2,76,0,0,0,400,400,0
1625,6500,898,79,899,1,right,0.049156513065099716,0.23436670005321503,0.1194649264216423,0.5544670224189758,0.042544886469841,1.2032806873321533,-1.0,538.0,396,2,75,0,0,0,400,400,0
1626,6504,898,79,899,3,right+B,0.04924159497022629,0.2341374009847641,0.11828307062387466,0.5558744668960571,0.042463481426239014,1.2012581825256348,0.0,538.0,397,2,75,0,0,0,400,400,0
1627,6508,898,79,899,3,right+B,0.04912959039211273,0.23460611701011658,0.11815405637025833,0.555732250213623,0.042378008365631104,1.2009718418121338,0.0,538.0,398,2,75,0,0,0,400,400,0
1628,6512,898,79,899,0,NOOP,0.04920786991715431,0.23454752564430237,0.11931578814983368,0.5543374419212341,0.04259134456515312,1.2034509181976318,0.0,538.0,399,2,75,0,0,0,400,400,0
1629,6516,898,79,899,1,right,0.04968257620930672,0.23694318532943726,0.12165461480617523,0.5485835075378418,0.04313616454601288,1.2115808725357056,0.0,538.0,400,2,75,0,0,0,400,400,0
1630,6520,898,79,899,3,right+B,0.049721188843250275,0.23708373308181763,0.12172962725162506,0.5486869215965271,0.04277856647968292,1.210993766784668,-1.0,537.0,401,2,74,0,0,0,400,400,0
1631,6524,898,79,899,3,right+B,0.0496978797018528,0.23685532808303833,0.12044475227594376,0.5504189133644104,0.04258301854133606,1.2083022594451904,0.0,537.0,402,2,74,0,0,0,400,400,0
1632,6528,898,93,899,2,right+A,0.04940735176205635,0.23698690533638,0.12030032277107239,0.550538182258606,0.04276726394891739,1.20796537399292,0.0,537.0,403,2,74,0,0,0,400,400,0
1633,6532,898,108,899,3,right+B,0.04957904294133186,0.23630301654338837,0.12380784749984741,0.5466443300247192,0.04366568103432655,1.2153578996658325,0.0,537.0,404,2,74,0,0,0,400,400,0
1634,6536,898,112,899,3,right+B,0.049318842589855194,0.23638470470905304,0.12220443040132523,0.5489781498908997,0.04311385378241539,1.2110062837600708,0.0,537.0,405,2,74,0,0,0,400,400,0
1635,6540,898,106,899,3,right+B,0.048326995223760605,0.2326129823923111,0.11961273103952408,0.5565754175186157,0.042871952056884766,1.2008082866668701,-1.0,536.0,406,2,73,0,0,0,400,400,0
1636,6544,898,89,899,2,right+A,0.048854853957891464,0.23372206091880798,0.12171204388141632,0.5525075793266296,0.04320346936583519,1.2071033716201782,0.0,536.0,407,2,73,0,0,0,400,400,0
1637,6548,898,79,899,3,right+B,0.04930773004889488,0.2335350066423416,0.12186936289072037,0.551443338394165,0.043844547122716904,1.209904670715332,0.0,536.0,408,2,73,0,0,0,400,400,0
1638,6552,898,79,899,3,right+B,0.04922284930944443,0.2328159064054489,0.11938922852277756,0.555587887763977,0.042984165251255035,1.2031089067459106,0.0,536.0,409,2,73,0,0,0,400,400,0
1639,6556,898,79,899,1,right,0.04947099834680557,0.23509083688259125,0.11959602683782578,0.5531803965568542,0.04266173765063286,1.205163598060608,0.0,536.0,410,2,73,0,0,0,400,400,0
1640,6560,898,79,899,3,right+B,0.04935226961970329,0.23495139181613922,0.11982446163892746,0.5532246828079224,0.042647190392017365,1.205069899559021,-1.0,535.0,411,2,72,0,0,0,400,400,0
1641,6564,898,93,899,2,right+A,0.04933866858482361,0.23578710854053497,0.1205069050192833,0.5519426465034485,0.042424578219652176,1.2062205076217651,0.0,535.0,412,2,72,0,0,0,400,400,0
1642,6568,898,108,899,1,right,0.04960573464632034,0.23654496669769287,0.1245223879814148,0.5458924174308777,0.04343441128730774,1.2160983085632324,0.0,535.0,413,2,72,0,0,0,400,400,0
1643,6572,898,112,899,3,right+B,0.049252185970544815,0.23663386702537537,0.1244564950466156,0.5465916395187378,0.0430658683180809,1.2142910957336426,0.0,535.0,414,2,72,0,0,0,400,400,0
1644,6576,898,106,899,3,right+B,0.04836757481098175,0.23381571471691132,0.12143692374229431,0.553239643573761,0.04314012452960014,1.2054210901260376,0.0,535.0,415,2,72,0,0,0,400,400,0
1645,6580,898,89,899,3,right+B,0.04863077774643898,0.23447616398334503,0.12219803035259247,0.551369845867157,0.04332520812749863,1.2082500457763672,-1.0,534.0,416,2,71,0,0,0,400,400,0
1646,6584,898,79,899,3,right+B,0.04940582439303398,0.2348526418209076,0.12231039255857468,0.5494506359100342,0.043980494141578674,1.2122752666473389,0.0,534.0,417,2,71,0,0,0,400,400,0
1647,6588,898,79,899,3,right+B,0.04949905350804329,0.2338564395904541,0.11998779326677322,0.5535300374031067,0.04312668368220329,1.2059600353240967,0.0,534.0,418,2,71,0,0,0,400,400,0
1648,6592,898,79,899,1,right,0.049463145434856415,0.23499618470668793,0.11877337098121643,0.5544131398200989,0.04235413298010826,1.203010082244873,0.0,534.0,419,2,71,0,0,0,400,400,0
1649,6596,898,79,899,3,right+B,0.04929834231734276,0.23453131318092346,0.11890111118555069,0.5548992156982422,0.04236996918916702,1.2024494409561157,0.0,534.0,420,2,71,0,0,0,400,400,0
1650,6600,898,79,899,3,right+B,0.04926861822605133,0.23453865945339203,0.11860129237174988,0.5554096102714539,0.0421818271279335,1.2014367580413818,-1.0,533.0,421,2,70,0,0,0,400,400,0
1651,6604,898,79,899,3,right+B,0.049501825124025345,0.23523947596549988,0.11866842955350876,0.5540617108345032,0.04252861067652702,1.2035988569259644,0.0,533.0,422,2,70,0,0,0,400,400,0
1652,6608,898,79,899,3,right+B,0.04951575770974159,0.23532241582870483,0.1199980080127716,0.5525091290473938,0.04265462979674339,1.2060658931732178,0.0,533.0,423,2,70,0,0,0,400,400,0
1653,6612,898,79,899,3,right+B,0.04974953830242157,0.23647715151309967,0.12249495834112167,0.5481460094451904,0.04313231632113457,1.2126028537750244,0.0,533.0,424,2,70,0,0,0,400,400,0
1654,6616,898,79,899,3,right+B,0.04946328327059746,0.23673740029335022,0.12096787244081497,0.5502557158470154,0.04257575049996376,1.2084132432937622,0.0,533.0,425,2,70,0,0,0,400,400,0
1655,6620,898,79,899,3,right+B,0.04943207651376724,0.23651255667209625,0.12023907154798508,0.5511823296546936,0.04263400658965111,1.2071903944015503,-1.0,532.0,426,2,69,0,0,0,400,400,0
1656,6624,898,79,899,1,right,0.04930858686566353,0.2364075630903244,0.12064597010612488,0.5507849454879761,0.042852893471717834,1.207982063293457,0.0,532.0,427,2,69,0,0,0,400,400,0
1657,6628,898,79,899,1,right,0.04860507324337959,0.23465977609157562,0.11824709922075272,0.5560649037361145,0.04242323711514473,1.2000032663345337,0.0,532.0,428,2,69,0,0,0,400,400,0
1658,6632,898,79,899,3,right+B,0.04836355149745941,0.23390011489391327,0.11612504720687866,0.5594807863235474,0.04213053360581398,1.1946885585784912,0.0,532.0,429,2,69,0,0,0,400,400,0
1659,6636,898,79,899,1,right,0.0486706979572773,0.2334446758031845,0.11682764440774918,0.5586709976196289,0.042386043816804886,1.1968038082122803,0.0,532.0,430,2,69,0,0,0,400,400,0
1660,6640,898,79,899,3,right+B,0.04865624010562897,0.23302169144153595,0.11676900833845139,0.559221088886261,0.04233203083276749,1.1961677074432373,-1.0,531.0,431,2,68,0,0,0,400,400,0
1661,6644,898,93,899,4,right+A+B,0.048537302762269974,0.23270951211452484,0.11684063822031021,0.5596370697021484,0.042275480926036835,1.1955695152282715,0.0,531.0,432,2,68,0,0,0,400,400,0
1662,6648,898,108,899,1,right,0.04874207079410553,0.23294876515865326,0.11995460093021393,0.5552502274513245,0.04310431703925133,1.2032321691513062,0.0,531.0,433,2,68,0,0,0,400,400,0
1663,6652,898,112,899,3,right+B,0.048986125737428665,0.2347339391708374,0.12185483425855637,0.55124431848526,0.04318080469965935,1.208446741104126,0.0,531.0,434,2,68,0,0,0,400,400,0
1664,6656,898,106,899,1,right,0.048041414469480515,0.2316674143075943,0.11932642012834549,0.5580585598945618,0.04290622100234032,1.198927879333496,0.0,531.0,435,2,68,0,0,0,400,400,0
1665,6660,898,89,899,2,right+A,0.04869711771607399,0.23431050777435303,0.12295675277709961,0.5506801009178162,0.043355464935302734,1.209486722946167,-1.0,530.0,436,2,67,0,0,0,400,400,0
1666,6664,898,79,899,4,right+A+B,0.04943786934018135,0.2355867624282837,0.1243184432387352,0.5465937852859497,0.04406307637691498,1.2161766290664673,0.0,530.0,437,2,67,0,0,0,400,400,0
1667,6668,898,79,899,3,right+B,0.04909302294254303,0.23420390486717224,0.1209806501865387,0.5525962114334106,0.043126240372657776,1.2067888975143433,0.0,530.0,438,2,67,0,0,0,400,400,0
1668,6672,898,79,899,3,right+B,0.04900104179978371,0.23556935787200928,0.11980701237916946,0.5529334545135498,0.04268907755613327,1.2048286199569702,0.0,530.0,439,2,67,0,0,0,400,400,0
1669,6676,898,79,899,1,right,0.04878963157534599,0.2348017394542694,0.11868811398744583,0.5551338195800781,0.04258664697408676,1.201676368713379,0.0,530.0,440,2,67,0,0,0,400,400,0
1670,6680,898,79,899,3,right+B,0.048690181225538254,0.23416471481323242,0.117526113986969,0.5573602318763733,0.04225871339440346,1.1982393264770508,-1.0,529.0,441,2,66,0,0,0,400,400,0
1671,6684,898,79,899,0,NOOP,0.048820871859788895,0.2339162528514862,0.11665187031030655,0.558304488658905,0.04230650141835213,1.1971006393432617,0.0,529.0,442,2,66,0,0,0,400,400,0
1672,6688,898,93,899,2,right+A,0.04908580705523491,0.23434968292713165,0.11818136274814606,0.5557863712310791,0.04259677603840828,1.2012488842010498,0.0,529.0,443,2,66,0,0,0,400,400,0
1673,6692,898,108,899,1,right,0.04949484020471573,0.2341545969247818,0.1222173422574997,0.5506795048713684,0.04345376789569855,1.2104209661483765,0.0,529.0,444,2,66,0,0,0,400,400,0
1674,6696,898,112,899,0,NOOP,0.04925994575023651,0.23482364416122437,0.12163639813661575,0.5512921214103699,0.04298785328865051,1.208363652229309,0.0,529.0,445,2,66,0,0,0,400,400,0
1675,6700,898,106,899,1,right,0.048145294189453125,0.2321844846010208,0.11886090785264969,0.5580820441246033,0.04272722080349922,1.198457956314087,-1.0,528.0,446,2,65,0,0,0,400,400,0
1676,6704,898,89,899,1,right,0.04885190352797508,0.23379720747470856,0.12241992354393005,0.5515050292015076,0.043425917625427246,1.208795189857483,0.0,528.0,447,2,65,0,0,0,400,400,0
1677,6708,898,79,899,3,right+B,0.049453552812337875,0.2351512610912323,0.12387064099311829,0.5474351048469543,0.044089388102293015,1.2152490615844727,0.0,528.0,448,2,65,0,0,0,400,400,0
1678,6712,898,79,899,3,right+B,0.04926212504506111,0.23487158119678497,0.12135884165763855,0.5512849688529968,0.04322247579693794,1.2085880041122437,0.0,528.0,449,2,65,0,0,0,400,400,0
1679,6716,898,79,899,3,right+B,0.04903150349855423,0.23542475700378418,0.11990861594676971,0.5531832575798035,0.042451824992895126,1.2043260335922241,0.0,528.0,450,2,65,0,0,0,400,400,0
1680,6720,898,79,899,3,right+B,0.04888414591550827,0.2356659471988678,0.1192702203989029,0.5535463094711304,0.04263332113623619,1.2036621570587158,-1.0,527.0,451,2,64,0,0,0,400,400,0
1681,6724,898,79,899,3,right+B,0.0487113818526268,0.2347017079591751,0.11802908778190613,0.5562483072280884,0.04230953007936478,1.1996678113937378,0.0,527.0,452,2,64,0,0,0,400,400,0
1682,6728,898,79,899,3,right+B,0.04885045439004898,0.23440535366535187,0.11679905652999878,0.557658851146698,0.04228630289435387,1.1977754831314087,0.0,527.0,453,2,64,0,0,0,400,400,0
1683,6732,898,79,899,0,NOOP,0.04882903769612312,0.2339644432067871,0.11726096272468567,0.5576335787773132,0.04231194779276848,1.1981282234191895,0.0,527.0,454,2,64,0,0,0,400,400,0
1684,6736,898,79,899,3,right+B,0.04917554184794426,0.234258234500885,0.11920705437660217,0.5544124841690063,0.042946621775627136,1.203866720199585,0.0,527.0,455,2,64,0,0,0,400,400,0
1685,6740,898,79,899,1,right,0.04920920729637146,0.23425881564617157,0.11764851957559586,0.5563953518867493,0.04248809441924095,1.200364112854004,-1.0,526.0,456,2,63,0,0,0,400,400,0
1686,6744,898,79,899,1,right,0.049101572483778,0.23392897844314575,0.11646556854248047,0.5583469271659851,0.04215693101286888,1.1971168518066406,0.0,526.0,457,2,63,0,0,0,400,400,0
1687,6748,898,79,899,3,right+B,0.04895930364727974,0.23429234325885773,0.1175164058804512,0.5567601919174194,0.04247176647186279,1.1995389461517334,0.0,526.0,458,2,63,0,0,0,400,400,0
1688,6752,898,79,899,3,right+B,0.04899394139647484,0.2342459112405777,0.11858449876308441,0.5557419657707214,0.04243367165327072,1.2011405229568481,0.0,526.0,459,2,63,0,0,0,400,400,0
1689,6756,898,79,899,3,right+B,0.04936903342604637,0.23591919243335724,0.11940650641918182,0.5527693629264832,0.04253584146499634,1.205011248588562,0.0,526.0,460,2,63,0,0,0,400,400,0
1690,6760,898,79,899,3,right+B,0.04925623908638954,0.23628699779510498,0.12035644799470901,0.5515798330307007,0.042520515620708466,1.206463098526001,-1.0,525.0,461,2,62,0,0,0,400,400,0
1691,6764,898,79,899,0,NOOP,0.04889516532421112,0.23502151668071747,0.12052270770072937,0.5530064105987549,0.04255419224500656,1.204850673675537,0.0,525.0,462,2,62,0,0,0,400,400,0
1692,6768,898,93,899,2,right+A,0.049029119312763214,0.23638853430747986,0.12019838392734528,0.5514969229698181,0.04288703575730324,1.2066969871520996,0.0,525.0,463,2,62,0,0,0,400,400,0
1693,6772,898,108,899,1,right,0.048791155219078064,0.23459920287132263,0.12142135947942734,0.5519774556159973,0.04321086406707764,1.207280158996582,0.0,525.0,464,2,62,0,0,0,400,400,0
1694,6776,898,112,899,4,right+A+B,0.048774730414152145,0.23476830124855042,0.12091079354286194,0.5526890754699707,0.04285707697272301,1.2057075500488281,0.0,525.0,465,2,62,0,0,0,400,400,0
1695,6780,898,106,899,1,right,0.04754213988780975,0.23102593421936035,0.11714024096727371,0.5619621872901917,0.04232945665717125,1.1922463178634644,-1.0,524.0,466,2,61,0,0,0,400,400,0
1696,6784,898,89,899,3,right+B,0.04850520193576813,0.2327372431755066,0.12070471048355103,0.5549890398979187,0.04306383058428764,1.2035150527954102,0.0,524.0,467,2,61,0,0,0,400,400,0
1697,6788,898,79,899,2,right+A,0.04928280785679817,0.23337620496749878,0.12147832661867142,0.552082359790802,0.04378020763397217,1.2089537382125854,0.0,524.0,468,2,61,0,0,0,400,400,0
1698,6792,898,79,899,4,right+A+B,0.04920308291912079,0.23267172276973724,0.11897163093090057,0.5562616586685181,0.042891938239336014,1.2020561695098877,0.0,524.0,469,2,61,0,0,0,400,400,0
1699,6796,898,79,899,1,right,0.04944777488708496,0.23510298132896423,0.11927249282598495,0.5535472631454468,0.0426294207572937,1.2045389413833618,0.0,524.0,470,2,61,0,0,0,400,400,0
1700,6800,898,79,899,3,right+B,0.049315452575683594,0.23493348062038422,0.11957769840955734,0.5535497665405273,0.04262365773320198,1.204527497291565,-1.0,523.0,471,2,60,0,0,0,400,400,0
1701,6804,898,79,899,1,right,0.04928327351808548,0.2355976551771164,0.12009557336568832,0.5526240468025208,0.042399417608976364,1.2052340507507324,0.0,523.0,472,2,60,0,0,0,400,400,0
1702,6808,898,79,899,3,right+B,0.0495947040617466,0.23700770735740662,0.12030038982629776,0.5504545569419861,0.04264269024133682,1.208115816116333,0.0,523.0,473,2,60,0,0,0,400,400,0
1703,6812,898,79,899,3,right+B,0.04911920800805092,0.23560494184494019,0.12013354152441025,0.5526293516159058,0.0425129234790802,1.2051925659179688,0.0,523.0,474,2,60,0,0,0,400,400,0
1704,6816,898,79,899,3,right+B,0.04906653240323067,0.2358429878950119,0.12043885886669159,0.5516677498817444,0.04298390820622444,1.2069381475448608,0.0,523.0,475,2,60,0,0,0,400,400,0
1705,6820,898,79,899,3,right+B,0.04862957075238228,0.23467014729976654,0.11763345450162888,0.5568099021911621,0.04225701466202736,1.1986916065216064,-1.0,522.0,476,2,59,0,0,0,400,400,0
1706,6824,898,93,899,2,right+A,0.048740413039922714,0.23400099575519562,0.11671287566423416,0.5581449270248413,0.042400799691677094,1.1973168849945068,0.0,522.0,477,2,59,0,0,0,400,400,0
1707,6828,898,108,899,1,right,0.04897323623299599,0.2336813062429428,0.12068001180887222,0.553406298160553,0.04325912892818451,1.2059308290481567,0.0,522.0,478,2,59,0,0,0,400,400,0
1708,6832,898,112,899,3,right+B,0.04901919141411781,0.2342185378074646,0.12188410758972168,0.5515832304954529,0.04329492151737213,1.208420753479004,0.0,522.0,479,2,59,0,0,0,400,400,0
1709,6836,898,106,899,0,NOOP,0.04795486852526665,0.23097620904445648,0.11832951009273529,0.5600002408027649,0.04273911938071251,1.1961325407028198,0.0,522.0,480,2,59,0,0,0,400,400,0
1710,6840,898,89,899,3,right+B,0.04848179221153259,0.23245738446712494,0.12087369710206985,0.5549116730690002,0.04327545687556267,1.2040125131607056,-1.0,521.0,481,2,58,0,0,0,400,400,0
1711,6844,898,79,899,3,right+B,0.04929680377244949,0.23388098180294037,0.12222582846879959,0.550338864326477,0.044257525354623795,1.2117555141448975,0.0,521.0,482,2,58,0,0,0,400,400,0
1712,6848,898,79,899,1,right,0.0491388775408268,0.23297029733657837,0.11984146386384964,0.5547268390655518,0.04332254081964493,1.2045981884002686,0.0,521.0,483,2,58,0,0,0,400,400,0
1713,6852,898,93,899,2,right+A,0.04932044446468353,0.23557758331298828,0.12014882266521454,0.55222088098526,0.04273228719830513,1.2062411308288574,0.0,521.0,484,2,58,0,0,0,400,400,0
1714,6856,898,108,899,3,right+B,0.0494208000600338,0.23584550619125366,0.12398851662874222,0.5472640991210938,0.04348107799887657,1.2143945693969727,0.0,521.0,485,2,58,0,0,0,400,400,0
1715,6860,898,112,899,3,right+B,0.049242690205574036,0.23637500405311584,0.12407061457633972,0.5470764636993408,0.04323527216911316,1.2139097452163696,-1.0,520.0,486,2,57,0,0,0,400,400,0
1716,6864,898,106,899,3,right+B,0.04820054769515991,0.2337164282798767,0.12042960524559021,0.5546629428863525,0.04299049451947212,1.2030127048492432,0.0,520.0,487,2,57,0,0,0,400,400,0
1717,6868,898,89,899,2,right+A,0.04849408194422722,0.23393355309963226,0.12179457396268845,0.5524577498435974,0.04332001879811287,1.206830620765686,0.0,520.0,488,2,57,0,0,0,400,400,0
1718,6872,898,79,899,3,right+B,0.04894418269395828,0.2333696335554123,0.12133532762527466,0.5525211691856384,0.04382968321442604,1.2080373764038086,0.0,520.0,489,2,57,0,0,0,400,400,0
1719,6876,898,79,899,0,NOOP,0.04903322830796242,0.2327280044555664,0.11906839162111282,0.5560606122016907,0.04310975596308708,1.202399730682373,0.0,520.0,490,2,57,0,0,0,400,400,0
1720,6880,898,79,899,3,right+B,0.049075815826654434,0.23411595821380615,0.11953872442245483,0.5543473362922668,0.04292222857475281,1.2039494514465332,-1.0,519.0,491,2,56,0,0,0,400,400,0
1721,6884,898,79,899,3,right+B,0.049061331897974014,0.23342691361904144,0.11857432126998901,0.5563145279884338,0.042622923851013184,1.2010655403137207,0.0,519.0,492,2,56,0,0,0,400,400,0
1722,6888,898,79,899,1,right,0.049414873123168945,0.23437562584877014,0.1173260509967804,0.5565485954284668,0.04233483225107193,1.2000675201416016,0.0,519.0,493,2,56,0,0,0,400,400,0
1723,6892,898,79,899,3,right+B,0.04944461211562157,0.23526443541049957,0.1185813695192337,0.5540094375610352,0.04270012304186821,1.2037878036499023,0.0,519.0,494,2,56,0,0,0,400,400,0
1724,6896,898,79,899,3,right+B,0.049212340265512466,0.23458074033260345,0.11895254999399185,0.5547553896903992,0.04249899089336395,1.2026946544647217,0.0,519.0,495,2,56,0,0,0,400,400,0
1725,6900,898,79,899,3,right+B,0.04951394721865654,0.23611874878406525,0.11957523226737976,0.5522034168243408,0.04258858412504196,1.205924391746521,-1.0,518.0,496,2,55,0,0,0,400,400,0
1726,6904,898,93,899,2,right+A,0.049413733184337616,0.2364240437746048,0.12053549289703369,0.5510156154632568,0.042611196637153625,1.2074638605117798,0.0,518.0,497,2,55,0,0,0,400,400,0
1727,6908,898,109,899,2,right+A,0.04932944476604462,0.23545145988464355,0.12429004162549973,0.5475112199783325,0.04341784119606018,1.2141298055648804,0.0,518.0,498,2,55,0,0,0,400,400,0
1728,6912,898,121,899,3,right+B,0.04910767078399658,0.23675096035003662,0.12282789498567581,0.5480971336364746,0.04321625828742981,1.2120001316070557,0.0,518.0,499,2,55,0,0,0,400,400,0
1729,6916,898,122,899,2,right+A,0.048694953322410583,0.23676763474941254,0.12399216741323471,0.5459417104721069,0.04460357129573822,1.2162504196166992,0.0,518.0,500,2,55,0,0,0,400,400,0
1730,6920,898,113,899,3,right+B,0.04901861026883125,0.2361011803150177,0.12237900495529175,0.5488297939300537,0.04367131367325783,1.2117197513580322,-1.0,517.0,501,2,54,0,0,0,400,400,0
1731,6924,898,94,899,3,right+B,0.049443505704402924,0.23472388088703156,0.12171453982591629,0.5510209202766418,0.04309718683362007,1.209118127822876,0.0,517.0,502,2,54,0,0,0,400,400,0
1732,6928,898,79,899,3,right+B,0.04829838126897812,0.23306891322135925,0.11750978976488113,0.558856725692749,0.04226619377732277,1.196321725845337,0.0,517.0,503,2,54,0,0,0,400,400,0
1733,6932,898,79,899,1,right,0.04842643812298775,0.23285658657550812,0.11636718362569809,0.5611791610717773,0.04117061570286751,1.1918140649795532,0.0,517.0,504,2,54,0,0,0,400,400,0
1734,6936,898,79,899,1,right,0.04856041073799133,0.2315901219844818,0.11516275256872177,0.5627029538154602,0.04198380932211876,1.1912378072738647,0.0,517.0,505,2,54,0,0,0,400,400,0
1735,6940,898,79,899,1,right,0.049473609775304794,0.23457679152488708,0.12035688757896423,0.552666187286377,0.04292651265859604,1.2065696716308594,-1.0,516.0,506,2,53,0,0,0,400,400,0
1736,6944,898,79,899,3,right+B,0.04926494136452675,0.23463550209999084,0.11947984248399734,0.5538703799247742,0.04274936392903328,1.2043216228485107,0.0,516.0,507,2,53,0,0,0,400,400,0
1737,6948,898,79,899,0,NOOP,0.0493583120405674,0.23584720492362976,0.11931318789720535,0.5528904795646667,0.042590830475091934,1.2049221992492676,0.0,516.0,508,2,53,0,0,0,400,400,0
1738,6952,898,79,899,3,right+B,0.04955171048641205,0.23714368045330048,0.12154971808195114,0.5487587451934814,0.0429961271584034,1.2109202146530151,0.0,516.0,509,2,53,0,0,0,400,400,0
1739,6956,898,79,899,3,right+B,0.0494794026017189,0.23575222492218018,0.12123262882232666,0.5507404208183289,0.042795296758413315,1.2085809707641602,0.0,516.0,510,2,53,0,0,0,400,400,0
1740,6960,898,79,899,0,NOOP,0.049420762807130814,0.23671747744083405,0.11892514675855637,0.5524640083312988,0.04247258976101875,1.20491361618042,-1.0,515.0,511,2,52,0,0,0,400,400,0
1741,6964,898,79,899,3,right+B,0.04894137382507324,0.23538507521152496,0.11863608658313751,0.5544856190681458,0.04255177080631256,1.202376127243042,0.0,515.0,512,2,52,0,0,0,400,400,0
1742,6968,898,93,899,2,right+A,0.049076538532972336,0.23418183624744415,0.11829551309347153,0.5559366345405579,0.042509421706199646,1.2010337114334106,0.0,515.0,513,2,52,0,0,0,400,400,0
1743,6972,898,108,899,3,right+B,0.049155328422784805,0.23400260508060455,0.12060478329658508,0.5530852675437927,0.04315205290913582,1.2062609195709229,0.0,515.0,514,2,52,0,0,0,400,400,0
1744,6976,898,112,899,3,right+B,0.048820413649082184,0.23404058814048767,0.12049531936645508,0.5538269877433777,0.04281670227646828,1.2044579982757568,0.0,515.0,515,2,52,0,0,0,400,400,0
1745,6980,898,106,899,3,right+B,0.04780280962586403,0.23060977458953857,0.11780822277069092,0.5612860321998596,0.042493149638175964,1.1939871311187744,-1.0,514.0,516,2,51,0,0,0,400,400,0
1746,6984,898,89,899,3,right+B,0.04861518368124962,0.23275423049926758,0.1210251972079277,0.5544506907463074,0.043154701590538025,1.2045180797576904,0.0,514.0,517,2,51,0,0,0,400,400,0
1747,6988,898,79,899,1,right,0.04971681162714958,0.2346290647983551,0.12302698940038681,0.548365592956543,0.04426155611872673,1.2146155834197998,0.0,514.0,518,2,51,0,0,0,400,400,0
1748,6992,898,79,899,3,right+B,0.049633365124464035,0.23408901691436768,0.12094515562057495,0.5519968271255493,0.04333561658859253,1.20847487449646,0.0,514.0,519,2,51,0,0,0,400,400,0
1749,6996,898,93,899,2,right+A,0.04971112310886383,0.23660141229629517,0.12111283838748932,0.5498805642127991,0.0426940843462944,1.2094171047210693,0.0,514.0,520,2,51,0,0,0,400,400,0
1750,7000,898,108,899,3,right+B,0.04985949397087097,0.23706530034542084,0.12521374225616455,0.5443394780158997,0.04352201521396637,1.218380093574524,-1.0,513.0,521,2,50,0,0,0,400,400,0
1751,7004,898,112,899,1,right,0.04947461560368538,0.23678894340991974,0.12481720000505447,0.5457332134246826,0.0431859977543354,1.215793251991272,0.0,513.0,522,2,50,0,0,0,400,400,0
1752,7008,898,106,899,1,right,0.04842283949255943,0.23419228196144104,0.12095747143030167,0.553419828414917,0.04300758242607117,1.2048134803771973,0.0,513.0,523,2,50,0,0,0,400,400,0
1753,7012,898,89,899,3,right+B,0.048726342618465424,0.23445338010787964,0.12256848812103271,0.5508036017417908,0.04344816505908966,1.2093325853347778,0.0,513.0,524,2,50,0,0,0,400,400,0
1754,7016,898,79,899,3,right+B,0.04916274920105934,0.2336941659450531,0.12188982963562012,0.5512425303459167,0.04401073604822159,1.2101424932479858,0.0,513.0,525,2,50,0,0,0,400,400,0
1755,7020,898,79,899,3,right+B,0.049133945256471634,0.2329350858926773,0.11922699213027954,0.5554836988449097,0.04322032630443573,1.2033512592315674,-1.0,512.0,526,2,49,0,0,0,400,400,0
1756,7024,898,79,899,3,right+B,0.04892962798476219,0.23349207639694214,0.11783933639526367,0.5572192668914795,0.042519696056842804,1.1993975639343262,0.0,512.0,527,2,49,0,0,0,400,400,0
1757,7028,898,93,899,4,right+A+B,0.048494454473257065,0.23290209472179413,0.11720751225948334,0.5589672923088074,0.042428694665431976,1.1966029405593872,0.0,512.0,528,2,49,0,0,0,400,400,0
1758,7032,898,108,899,3,right+B,0.04865385219454765,0.2329210340976715,0.12081898003816605,0.5543574690818787,0.043248627334833145,1.204682469367981,0.0,512.0,529,2,49,0,0,0,400,400,0
1759,7036,898,112,899,3,right+B,0.048821449279785156,0.2349124252796173,0.12141366302967072,0.5515927076339722,0.043259695172309875,1.2077343463897705,0.0,512.0,530,2,49,0,0,0,400,400,0
1760,7040,898,106,899,1,right,0.04780399799346924,0.23178741335868835,0.11935535818338394,0.5580494403839111,0.04300374165177345,1.1987452507019043,-1.0,511.0,531,2,48,0,0,0,400,400,0
1761,7044,898,89,899,3,right+B,0.04841357842087746,0.2342400997877121,0.12268946319818497,0.5512506365776062,0.04340625926852226,1.208465814590454,0.0,511.0,532,2,48,0,0,0,400,400,0
1762,7048,898,79,899,3,right+B,0.048971015959978104,0.23527082800865173,0.12350835651159286,0.5481743216514587,0.04407548904418945,1.213613510131836,0.0,511.0,533,2,48,0,0,0,400,400,0
1763,7052,898,79,899,3,right+B,0.04855578392744064,0.23327413201332092,0.12008960545063019,0.5551152229309082,0.042965229600667953,1.2029119729995728,0.0,511.0,534,2,48,0,0,0,400,400,0
1764,7056,898,79,899,3,right+B,0.048451825976371765,0.23505546152591705,0.11832785606384277,0.5557326674461365,0.04243212938308716,1.2001181840896606,0.0,511.0,535,2,48,0,0,0,400,400,0
1765,7060,898,93,899,2,right+A,0.04811374843120575,0.23358255624771118,0.11721783876419067,0.5588322877883911,0.0422535315155983,1.1958295106887817,-1.0,510.0,536,2,47,0,0,0,400,400,0
1766,7064,898,108,899,3,right+B,0.0485994853079319,0.23356299102306366,0.12094774842262268,0.5537198185920715,0.043169911950826645,1.2051008939743042,0.0,510.0,537,2,47,0,0,0,400,400,0
1767,7068,898,112,899,3,right+B,0.048573315143585205,0.2344345599412918,0.12038466334342957,0.5536810755729675,0.04292632266879082,1.2043077945709229,0.0,510.0,538,2,47,0,0,0,400,400,0
1768,7072,898,106,899,3,right+B,0.04746849089860916,0.2303811013698578,0.11773496866226196,0.5618624687194824,0.04255300015211105,1.1929986476898193,0.0,510.0,539,2,47,0,0,0,400,400,0
1769,7076,898,89,899,1,right,0.048228342086076736,0.23221811652183533,0.1206677034497261,0.5557031035423279,0.04318271577358246,1.202634572982788,0.0,510.0,540,2,47,0,0,0,400,400,0
1770,7080,898,79,899,3,right+B,0.048816170543432236,0.23268814384937286,0.1210334450006485,0.5535963773727417,0.043865807354450226,1.206770896911621,-1.0,509.0,541,2,46,0,0,0,400,400,0
1771,7084,898,93,899,4,right+A+B,0.04893418401479721,0.23285788297653198,0.11946441233158112,0.5554223656654358,0.0433211512863636,1.2034215927124023,0.0,509.0,542,2,46,0,0,0,400,400,0
1772,7088,898,108,899,1,right,0.04912038519978523,0.23463188111782074,0.12302449345588684,0.549672544002533,0.04355069622397423,1.2113823890686035,0.0,509.0,543,2,46,0,0,0,400,400,0
1773,7092,898,112,899,3,right+B,0.04921633005142212,0.23613102734088898,0.1238969936966896,0.5474711656570435,0.04328447952866554,1.2135083675384521,0.0,509.0,544,2,46,0,0,0,400,400,0
1774,7096,898,106,899,1,right,0.04808088764548302,0.23384110629558563,0.12090567499399185,0.5543761253356934,0.04279623553156853,1.203056812286377,0.0,509.0,545,2,46,0,0,0,400,400,0
1775,7100,898,89,899,1,right,0.04826900735497475,0.23406410217285156,0.12269755452871323,0.5519071817398071,0.04306221008300781,1.2070993185043335,-1.0,508.0,546,2,45,0,0,0,400,400,0
1776,7104,898,79,899,3,right+B,0.048849571496248245,0.23496775329113007,0.12247968465089798,0.5497744679450989,0.04392855241894722,1.2111530303955078,0.0,508.0,547,2,45,0,0,0,400,400,0
1777,7108,898,79,899,3,right+B,0.048415374010801315,0.23281818628311157,0.11867661774158478,0.5572376251220703,0.042852286249399185,1.199709415435791,0.0,508.0,548,2,45,0,0,0,400,400,0
1778,7112,898,79,899,3,right+B,0.04824823886156082,0.23302525281906128,0.11678484082221985,0.5598196387290955,0.04212199151515961,1.1946544647216797,0.0,508.0,549,2,45,0,0,0,400,400,0
1779,7116,898,79,899,1,right,0.048314571380615234,0.2331092804670334,0.11674181371927261,0.5595797300338745,0.04225454106926918,1.195165991783142,0.0,508.0,550,2,45,0,0,0,400,400,0
1780,7120,898,79,899,1,right,0.048270344734191895,0.23251762986183167,0.11625976115465164,0.560931384563446,0.04202089458703995,1.19317626953125,-1.0,507.0,551,2,44,0,0,0,400,400,0
1781,7124,898,79,899,1,right,0.04846910759806633,0.23300442099571228,0.11585350334644318,0.560518205165863,0.042154718190431595,1.1937980651855469,0.0,507.0,552,2,44,0,0,0,400,400,0
1782,7128,898,79,899,0,NOOP,0.048419225960969925,0.23286649584770203,0.11658158153295517,0.5599622130393982,0.0421704538166523,1.1947407722473145,0.0,507.0,553,2,44,0,0,0,400,400,0
1783,7132,898,93,899,2,right+A,0.04912767559289932,0.23490886390209198,0.11997072398662567,0.5527535676956177,0.04323919862508774,1.2062265872955322,0.0,507.0,554,2,44,0,0,0,400,400,0
1784,7136,898,108,899,3,right+B,0.04915423318743706,0.23468750715255737,0.12242966145277023,0.5501189827919006,0.04360964149236679,1.2107690572738647,0.0,507.0,555,2,44,0,0,0,400,400,0
1785,7140,898,112,899,3,right+B,0.0492846705019474,0.23677697777748108,0.12384533882141113,0.5467456579208374,0.0433473102748394,1.2142974138259888,-1.0,506.0,556,2,43,0,0,0,400,400,0
1786,7144,898,106,899,3,right+B,0.047959450632333755,0.23389014601707458,0.12046463042497635,0.5549306273460388,0.042755190283060074,1.202024221420288,0.0,506.0,557,2,43,0,0,0,400,400,0
1787,7148,898,89,899,3,right+B,0.04817482456564903,0.23387877643108368,0.12254862487316132,0.5522707104682922,0.04312708228826523,1.2066519260406494,0.0,506.0,558,2,43,0,0,0,400,400,0
1788,7152,898,79,899,1,right,0.04877299815416336,0.23489415645599365,0.12238919734954834,0.5500068068504333,0.04393678531050682,1.2107899188995361,0.0,506.0,559,2,43,0,0,0,400,400,0
1789,7156,898,79,899,1,right,0.04853779450058937,0.23303227126598358,0.11897411197423935,0.556560218334198,0.042895589023828506,1.2007653713226318,0.0,506.0,560,2,43,0,0,0,400,400,0
1790,7160,898,79,899,3,right+B,0.04844058305025101,0.23338401317596436,0.11721324175596237,0.5587970614433289,0.04216508939862251,1.196221113204956,-1.0,505.0,561,2,42,0,0,0,400,400,0
1791,7164,898,79,899,1,right,0.04823604226112366,0.23288853466510773,0.11666680872440338,0.5600622892379761,0.042146336287260056,1.1943827867507935,0.0,505.0,562,2,42,0,0,0,400,400,0
1792,7168,898,79,899,1,right,0.04815926030278206,0.2322050929069519,0.11606698483228683,0.5616519451141357,0.041916731745004654,1.1920543909072876,0.0,505.0,563,2,42,0,0,0,400,400,0
1793,7172,898,79,899,3,right+B,0.04822062328457832,0.23236943781375885,0.11536070704460144,0.5620678663253784,0.04198136180639267,1.1914019584655762,0.0,505.0,564,2,42,0,0,0,400,400,0
1794,7176,898,79,899,1,right,0.048070624470710754,0.23203472793102264,0.11572045087814331,0.5622196793556213,0.04195454344153404,1.1912368535995483,0.0,505.0,565,2,42,0,0,0,400,400,0
1795,7180,898,93,899,2,right+A,0.04850362613797188,0.23329117894172668,0.1180804893374443,0.5574479103088379,0.042676739394664764,1.198962926864624,-1.0,504.0,566,2,41,0,0,0,400,400,0
1796,7184,898,108,899,0,NOOP,0.04891159012913704,0.23432262241840363,0.12165796756744385,0.5517891049385071,0.04331871494650841,1.20796799659729,0.0,504.0,567,2,41,0,0,0,400,400,0
1797,7188,898,112,899,3,right+B,0.04926846921443939,0.23687028884887695,0.1235601007938385,0.5470930337905884,0.04320807009935379,1.2135591506958008,0.0,504.0,568,2,41,0,0,0,400,400,0
1798,7192,898,106,899,3,right+B,0.04836154729127884,0.2344537377357483,0.12164506316184998,0.5526078343391418,0.04293174669146538,1.2057379484176636,0.0,504.0,569,2,41,0,0,0,400,400,0
1799,7196,898,89,899,3,right+B,0.048549581319093704,0.23461253941059113,0.12341263890266418,0.5502862930297852,0.043138906359672546,1.2095181941986084,0.0,504.0,570,2,41,0,0,0,400,400,0
1800,7200,898,79,899,4,right+A+B,0.049110542982816696,0.2355208694934845,0.12313270568847656,0.5482738614082336,0.04396205395460129,1.2133148908615112,-1.0,503.0,571,2,40,0,0,0,400,400,0
1801,7204,898,79,899,4,right+A+B,0.048591673374176025,0.2329961210489273,0.11909768730401993,0.5564887523651123,0.04282574728131294,1.2008767127990723,0.0,503.0,572,2,40,0,0,0,400,400,0
1802,7208,898,79,899,3,right+B,0.0486166775226593,0.23364844918251038,0.11765304207801819,0.557849109172821,0.04223278909921646,1.197742223739624,0.0,503.0,573,2,40,0,0,0,400,400,0
1803,7212,898,79,899,1,right,0.04857942834496498,0.23354347050189972,0.1174987331032753,0.5579491257667542,0.042429305613040924,1.197826623916626,0.0,503.0,574,2,40,0,0,0,400,400,0
1804,7216,898,93,899,2,right+A,0.04838744178414345,0.23271378874778748,0.11674240976572037,0.5599709749221802,0.04218534380197525,1.194819688796997,0.0,503.0,575,2,40,0,0,0,400,400,0
1805,7220,898,109,899,2,right+A,0.048653166741132736,0.23300519585609436,0.12026852369308472,0.5548796057701111,0.043193548917770386,1.2037732601165771,-1.0,502.0,576,2,39,0,0,0,400,400,0
1806,7224,898,122,899,4,right+A+B,0.04876001179218292,0.23393751680850983,0.12124347686767578,0.5529861450195312,0.04307284578680992,1.2060155868530273,0.0,502.0,577,2,39,0,0,0,400,400,0
1807,7228,898,130,899,1,right,0.048928238451480865,0.23633766174316406,0.12427182495594025,0.5454311966896057,0.045031044632196426,1.2179368734359741,0.0,502.0,578,2,39,0,0,0,400,400,0
1808,7232,898,129,899,3,right+B,0.04906666278839111,0.23602409660816193,0.1223190426826477,0.5489310622215271,0.04365912824869156,1.211650013923645,0.0,502.0,579,2,39,0,0,0,400,400,0
1809,7236,898,117,899,3,right+B,0.049544934183359146,0.2373536378145218,0.12570692598819733,0.5427659153938293,0.04462864622473717,1.221369743347168,0.0,502.0,580,2,39,0,0,0,400,400,0
1810,7240,898,97,899,1,right,0.04983473941683769,0.23961740732192993,0.128812775015831,0.5359951853752136,0.04573984444141388,1.2311491966247559,-1.0,501.0,581,2,38,0,0,0,400,400,0
1811,7244,898,79,899,1,right,0.04950646683573723,0.23824666440486908,0.12683270871639252,0.5409450531005859,0.044469136744737625,1.2232544422149658,0.0,501.0,582,2,38,0,0,0,400,400,0
1812,7248,898,79,899,3,right+B,0.04869659245014191,0.23441877961158752,0.12261435389518738,0.5502400398254395,0.04403022304177284,1.2107737064361572,0.0,501.0,583,2,38,0,0,0,400,400,0
1813,7252,898,79,899,0,NOOP,0.04873276501893997,0.23393557965755463,0.11758845299482346,0.5575590133666992,0.04218420758843422,1.1980490684509277,0.0,501.0,584,2,38,0,0,0,400,400,0
1814,7256,898,79,899,3,right+B,0.0494755282998085,0.2360534965991974,0.12097587436437607,0.5501601099967957,0.04333493486046791,1.209813117980957,0.0,501.0,585,2,38,0,0,0,400,400,0
1815,7260,898,79,899,3,right+B,0.049335889518260956,0.23517145216464996,0.11914383620023727,0.5535518527030945,0.04279698058962822,1.2045588493347168,-1.0,500.0,586,2,37,0,0,0,400,400,0
1816,7264,898,79,899,1,right,0.04934435710310936,0.23438596725463867,0.11691819876432419,0.5570772886276245,0.04227421060204506,1.1991134881973267,0.0,500.0,587,2,37,0,0,0,400,400,0
1817,7268,898,79,899,3,right+B,0.048948805779218674,0.23371240496635437,0.11682143807411194,0.5582453608512878,0.04227190837264061,1.1974107027053833,0.0,500.0,588,2,37,0,0,0,400,400,0
1818,7272,898,79,899,0,NOOP,0.04883076623082161,0.23325222730636597,0.11726318299770355,0.5584756731987,0.042178232222795486,1.197170615196228,0.0,500.0,589,2,37,0,0,0,400,400,0
1819,7276,898,79,899,3,right+B,0.049461089074611664,0.23516961932182312,0.11841201037168503,0.554209291934967,0.04274803400039673,1.2036079168319702,0.0,500.0,590,2,37,0,0,0,400,400,0
1820,7280,898,79,899,3,right+B,0.049505751579999924,0.2351456582546234,0.11896565556526184,0.5537366271018982,0.042646314948797226,1.2042872905731201,-1.0,499.0,591,2,36,0,0,0,400,400,0
1821,7284,898,79,899,3,right+B,0.04976463317871094,0.236307293176651,0.12013280391693115,0.551058292388916,0.04273701086640358,1.2079192399978638,0.0,499.0,592,2,36,0,0,0,400,400,0
1822,7288,898,79,899,3,right+B,0.04979285970330238,0.23741213977336884,0.12116549164056778,0.548793613910675,0.04283598065376282,1.2107367515563965,0.0,499.0,593,2,36,0,0,0,400,400,0
1823,7292,898,79,899,3,right+B,0.049395762383937836,0.2362668365240097,0.12068569660186768,0.5511817336082458,0.04246995225548744,1.2071536779403687,0.0,499.0,594,2,36,0,0,0,400,400,0
1824,7296,898,79,899,3,right+B,0.04932965710759163,0.2367333471775055,0.11884751170873642,0.5525459051132202,0.04254363104701042,1.2047700881958008,0.0,499.0,595,2,36,0,0,0,400,400,0
1825,7300,898,79,899,3,right+B,0.04900261014699936,0.23521018028259277,0.1184229627251625,0.5550214052200317,0.04234284907579422,1.2015089988708496,-1.0,498.0,596,2,35,0,0,0,400,400,0
1826,7304,898,79,899,3,right+B,0.049056276679039,0.23425965011119843,0.11876655369997025,0.5553272366523743,0.04259028285741806,1.2019872665405273,0.0,498.0,597,2,35,0,0,0,400,400,0
1827,7308,898,79,899,3,right+B,0.04879807308316231,0.2341020256280899,0.11680543422698975,0.5581768155097961,0.04211766645312309,1.1969592571258545,0.0,498.0,598,2,35,0,0,0,400,400,0
1828,7312,898,79,899,1,right,0.048894330859184265,0.23356285691261292,0.1163395345211029,0.5589755773544312,0.04222764074802399,1.19627845287323,0.0,498.0,599,2,35,0,0,0,400,400,0
1829,7316,898,79,899,3,right+B,0.04891190305352211,0.23357093334197998,0.1171940416097641,0.5580484867095947,0.042274583131074905,1.197786808013916,0.0,498.0,600,2,35,0,0,0,400,400,0
1830,7320,898,79,899,3,right+B,0.04892789199948311,0.23349586129188538,0.11753078550100327,0.5577058792114258,0.042339522391557693,1.1984527111053467,-1.0,497.0,601,2,34,0,0,0,400,400,0
1831,7324,898,79,899,3,right+B,0.04916176199913025,0.23487448692321777,0.11782219260931015,0.5555533766746521,0.04258819669485092,1.2013072967529297,0.0,497.0,602,2,34,0,0,0,400,400,0
1832,7328,898,79,899,1,right,0.049465179443359375,0.23523959517478943,0.11934296786785126,0.5531367063522339,0.042815547436475754,1.2052828073501587,0.0,497.0,603,2,34,0,0,0,400,400,0
1833,7332,898,79,899,1,right,0.04963991791009903,0.2362838238477707,0.12070970982313156,0.5505422353744507,0.04282426834106445,1.2086994647979736,0.0,497.0,604,2,34,0,0,0,400,400,0
1834,7336,898,93,899,2,right+A,0.0495983324944973,0.23705726861953735,0.12136167287826538,0.5491446256637573,0.04283806309103966,1.210273265838623,0.0,497.0,605,2,34,0,0,0,400,400,0
1835,7340,898,108,899,1,right,0.04948490485548973,0.23612144589424133,0.12398537248373032,0.5469328761100769,0.043475423008203506,1.21476149559021,-1.0,496.0,606,2,33,0,0,0,400,400,0
1836,7344,898,112,899,4,right+A+B,0.04937899857759476,0.23736989498138428,0.123785600066185,0.5461557507514954,0.04330975189805031,1.214835524559021,0.0,496.0,607,2,33,0,0,0,400,400,0
1837,7348,898,106,899,3,right+B,0.048090796917676926,0.2327452301979065,0.1196640208363533,0.5566632747650146,0.04283672571182251,1.2003343105316162,0.0,496.0,608,2,33,0,0,0,400,400,0
1838,7352,898,89,899,2,right+A,0.04858557879924774,0.23346984386444092,0.12127411365509033,0.5535405278205872,0.043129950761795044,1.2053806781768799,0.0,496.0,609,2,33,0,0,0,400,400,0
1839,7356,898,79,899,1,right,0.049316804856061935,0.23406679928302765,0.1217200756072998,0.551002025604248,0.04389432445168495,1.2102835178375244,0.0,496.0,610,2,33,0,0,0,400,400,0
1840,7360,898,79,899,3,right+B,0.04918112978339195,0.2326633185148239,0.11899597942829132,0.5561825037002563,0.04297703504562378,1.2022511959075928,-1.0,495.0,611,2,32,0,0,0,400,400,0
1841,7364,898,93,899,4,right+A+B,0.04899122193455696,0.23363523185253143,0.11765097081661224,0.5574497580528259,0.04227284714579582,1.1987433433532715,0.0,495.0,612,2,32,0,0,0,400,400,0
1842,7368,898,108,899,3,right+B,0.04908773675560951,0.2332022488117218,0.12094615399837494,0.5537060499191284,0.043057844042778015,1.205686330795288,0.0,495.0,613,2,32,0,0,0,400,400,0
1843,7372,898,112,899,3,right+B,0.049473248422145844,0.23573635518550873,0.12282054871320724,0.5485594272613525,0.04341042414307594,1.2125084400177002,0.0,495.0,614,2,32,0,0,0,400,400,0
1844,7376,898,106,899,3,right+B,0.04829581081867218,0.23231671750545502,0.1197378933429718,0.5567339658737183,0.042915649712085724,1.2007778882980347,0.0,495.0,615,2,32,0,0,0,400,400,0
1845,7380,898,89,899,3,right+B,0.04896927624940872,0.2349611073732376,0.12336596846580505,0.5492752194404602,0.0434284582734108,1.2114976644515991,-1.0,494.0,616,2,31,0,0,0,400,400,0
1846,7384,898,79,899,3,right+B,0.04985663294792175,0.23677439987659454,0.12509700655937195,0.5439862012863159,0.04428573697805405,1.2198822498321533,0.0,494.0,617,2,31,0,0,0,400,400,0
1847,7388,898,79,899,3,right+B,0.04958852007985115,0.2350330501794815,0.12197253108024597,0.5502151250839233,0.04319076985120773,1.2103582620620728,0.0,494.0,618,2,31,0,0,0,400,400,0
1848,7392,898,79,899,3,right+B,0.049558527767658234,0.2370653599500656,0.1202893778681755,0.5504394769668579,0.04264719411730766,1.2080719470977783,0.0,494.0,619,2,31,0,0,0,400,400,0
1849,7396,898,79,899,3,right+B,0.049179475754499435,0.23564909398555756,0.11931357532739639,0.5534002780914307,0.042457565665245056,1.2039793729782104,0.0,494.0,620,2,31,0,0,0,400,400,0
1850,7400,898,79,899,3,right+B,0.049095332622528076,0.23473162949085236,0.11822737008333206,0.5557883381843567,0.04215732961893082,1.2005419731140137,-1.0,493.0,621,2,30,0,0,0,400,400,0
1851,7404,898,93,899,2,right+A,0.049172449856996536,0.23464429378509521,0.11721986532211304,0.5566952228546143,0.04226816073060036,1.1993749141693115,0.0,493.0,622,2,30,0,0,0,400,400,0
1852,7408,898,108,899,3,right+B,0.04946628957986832,0.23418810963630676,0.12162172049283981,0.5515140891075134,0.0432097427546978,1.2088617086410522,0.0,493.0,623,2,30,0,0,0,400,400,0
1853,7412,898,112,899,3,right+B,0.049599289894104004,0.2354239821434021,0.12317654490470886,0.5483171343803406,0.043483056128025055,1.213263988494873,0.0,493.0,624,2,30,0,0,0,400,400,0
1854,7416,898,106,899,0,NOOP,0.048276785761117935,0.2317402958869934,0.1190219521522522,0.5581345558166504,0.04282650351524353,1.1988941431045532,0.0,493.0,625,2,30,0,0,0,400,400,0
1855,7420,898,89,899,0,NOOP,0.04914029315114021,0.2343963086605072,0.12287404388189316,0.5498255491256714,0.04376378655433655,1.2115442752838135,-1.0,492.0,626,2,29,0,0,0,400,400,0
1856,7424,898,79,899,1,right,0.04955185577273369,0.2344612330198288,0.1232542023062706,0.5483977794647217,0.04433491826057434,1.214600682258606,0.0,492.0,627,2,29,0,0,0,400,400,0
1857,7428,898,79,899,3,right+B,0.04929305613040924,0.2343534231185913,0.12083392590284348,0.552304208278656,0.04321540892124176,1.2074054479599,0.0,492.0,628,2,29,0,0,0,400,400,0
1858,7432,898,79,899,3,right+B,0.04917272552847862,0.23613578081130981,0.12011227011680603,0.5519419312477112,0.04263732209801674,1.2060601711273193,0.0,492.0,629,2,29,0,0,0,400,400,0
1859,7436,898,93,899,2,right+A,0.04883896932005882,0.2347760647535324,0.119524747133255,0.5543503761291504,0.042509838938713074,1.202864170074463,0.0,492.0,630,2,29,0,0,0,400,400,0
1860,7440,898,109,899,4,right+A+B,0.04918798431754112,0.23582907021045685,0.1230037659406662,0.5483965873718262,0.04358262941241264,1.212610125541687,-1.0,491.0,631,2,28,0,0,0,400,400,0
1861,7444,898,121,899,3,right+B,0.04874647408723831,0.23533883690834045,0.12116589397192001,0.5518099665641785,0.04293880611658096,1.2067227363586426,0.0,491.0,632,2,28,0,0,0,400,400,0
1862,7448,898,122,899,3,right+B,0.04841110482811928,0.2354021668434143,0.1223827376961708,0.5494686961174011,0.04433524236083031,1.2113385200500488,0.0,491.0,633,2,28,0,0,0,400,400,0
1863,7452,898,113,899,3,right+B,0.04894973337650299,0.23574195802211761,0.12171418964862823,0.5499581694602966,0.043635908514261246,1.2101597785949707,0.0,491.0,634,2,28,0,0,0,400,400,0
1864,7456,898,94,899,3,right+B,0.04914426803588867,0.23345240950584412,0.12047450244426727,0.5540995001792908,0.04282927140593529,1.2047362327575684,0.0,491.0,635,2,28,0,0,0,400,400,0
1865,7460,898,79,899,1,right,0.04793122410774231,0.232234925031662,0.11626739054918289,0.5615543127059937,0.04201219230890274,1.1920833587646484,-1.0,490.0,636,2,27,0,0,0,400,400,0
1866,7464,898,79,899,3,right+B,0.04815194010734558,0.23222769796848297,0.11535245180130005,0.5633151531219482,0.040952667593955994,1.188411831855774,0.0,490.0,637,2,27,0,0,0,400,400,0
1867,7468,898,79,899,3,right+B,0.048599984496831894,0.23210933804512024,0.11537522077560425,0.5617624521255493,0.04215294122695923,1.1925699710845947,0.0,490.0,638,2,27,0,0,0,400,400,0
1868,7472,898,79,899,3,right+B,0.04910564050078392,0.2337885946035385,0.11973157525062561,0.5547323822975159,0.04264182597398758,1.2033164501190186,0.0,490.0,639,2,27,0,0,0,400,400,0
1869,7476,898,79,899,3,right+B,0.04923213645815849,0.23534353077411652,0.12003278732299805,0.5527790188789368,0.04261257126927376,1.2053446769714355,0.0,490.0,640,2,27,0,0,0,400,400,0
1870,7480,898,79,899,1,right,0.049367617815732956,0.23652145266532898,0.11962784826755524,0.551886260509491,0.04259679093956947,1.2060143947601318,-1.0,489.0,641,2,26,0,0,0,400,400,0
1871,7484,898,79,899,3,right+B,0.049076445400714874,0.235165074467659,0.1189420223236084,0.5545734167098999,0.0422431044280529,1.202193260192871,0.0,489.0,642,2,26,0,0,0,400,400,0
1872,7488,898,79,899,3,right+B,0.04924134165048599,0.2359369546175003,0.11938059329986572,0.5527587532997131,0.04268234595656395,1.205053687095642,0.0,489.0,643,2,26,0,0,0,400,400,0
1873,7492,898,93,899,4,right+A+B,0.04898769035935402,0.2350468933582306,0.11833863705396652,0.5553383827209473,0.04228846728801727,1.2010619640350342,0.0,489.0,644,2,26,0,0,0,400,400,0
1874,7496,898,109,899,2,right+A,0.0489804744720459,0.23387713730335236,0.12051374465227127,0.5535889267921448,0.04303978383541107,1.2053042650222778,0.0,489.0,645,2,26,0,0,0,400,400,0
1875,7500,898,121,899,3,right+B,0.04901740327477455,0.2347465455532074,0.12123169749975204,0.5521177649497986,0.042886678129434586,1.2068403959274292,-1.0,488.0,646,2,25,0,0,0,400,400,0
1876,7504,898,122,899,3,right+B,0.04884134605526924,0.23534633219242096,0.12308349460363388,0.5482500195503235,0.044478800147771835,1.2137446403503418,0.0,488.0,647,2,25,0,0,0,400,400,0
1877,7508,898,113,899,3,right+B,0.04905549809336662,0.23533876240253448,0.12190018594264984,0.5501439571380615,0.043561555445194244,1.2101656198501587,0.0,488.0,648,2,25,0,0,0,400,400,0
1878,7512,898,94,899,3,right+B,0.04920326545834541,0.23357520997524261,0.12068803608417511,0.5537088513374329,0.042824674397706985,1.2052991390228271,0.0,488.0,649,2,25,0,0,0,400,400,0
1879,7516,898,79,899,1,right,0.04838412627577782,0.23369671404361725,0.11778604239225388,0.5577121376991272,0.04242097586393356,1.1979084014892578,0.0,488.0,650,2,25,0,0,0,400,400,0
1880,7520,898,79,899,3,right+B,0.04850145801901817,0.23357267677783966,0.11707061529159546,0.5595245957374573,0.041330594569444656,1.1941466331481934,-1.0,487.0,651,2,24,0,0,0,400,400,0
1881,7524,898,79,899,3,right+B,0.04888211935758591,0.23374605178833008,0.11722955107688904,0.5579279661178589,0.04221433401107788,1.197766900062561,0.0,487.0,652,2,24,0,0,0,400,400,0
1882,7528,898,79,899,3,right+B,0.04957094043493271,0.2365260124206543,0.12192858755588531,0.5491306185722351,0.042843811213970184,1.2106297016143799,0.0,487.0,653,2,24,0,0,0,400,400,0
1883,7532,898,79,899,1,right,0.049057625234127045,0.23525740206241608,0.11997703462839127,0.5532525181770325,0.04245549067854881,1.2043603658676147,0.0,487.0,654,2,24,0,0,0,400,400,0
1884,7536,898,79,899,0,NOOP,0.04915830120444298,0.2361944168806076,0.11840479075908661,0.5536945462226868,0.04254797473549843,1.2032270431518555,0.0,487.0,655,2,24,0,0,0,400,400,0
1885,7540,898,79,899,3,right+B,0.04908834397792816,0.23542486131191254,0.11908817291259766,0.5536587834358215,0.04273981973528862,1.2039448022842407,-1.0,486.0,656,2,23,0,0,0,400,400,0
1886,7544,898,93,899,2,right+A,0.04921875521540642,0.2341841757297516,0.11843051016330719,0.5555540919303894,0.04261248558759689,1.2018544673919678,0.0,486.0,657,2,23,0,0,0,400,400,0
1887,7548,898,108,899,3,right+B,0.04921087250113487,0.2341049313545227,0.12040436267852783,0.5531800985336304,0.04309974983334541,1.2060445547103882,0.0,486.0,658,2,23,0,0,0,400,400,0
1888,7552,898,112,899,3,right+B,0.048942338675260544,0.2342934012413025,0.12054615467786789,0.5534350872039795,0.042783014476299286,1.2049627304077148,0.0,486.0,659,2,23,0,0,0,400,400,0
1889,7556,898,106,899,3,right+B,0.04797450825572014,0.23099566996097565,0.11801295727491379,0.5605400800704956,0.042476776987314224,1.195029377937317,0.0,486.0,660,2,23,0,0,0,400,400,0
1890,7560,898,89,899,3,right+B,0.04850233346223831,0.23248039186000824,0.12055213004350662,0.5554547309875488,0.04301045462489128,1.202915072441101,-1.0,485.0,661,2,22,0,0,0,400,400,0
1891,7564,898,79,899,1,right,0.04926636815071106,0.23378023505210876,0.1218121126294136,0.5511432886123657,0.043997976928949356,1.2103171348571777,0.0,485.0,662,2,22,0,0,0,400,400,0
1892,7568,898,79,899,1,right,0.049133945256471634,0.23294225335121155,0.11963453888893127,0.5551273226737976,0.043161943554878235,1.2038345336914062,0.0,485.0,663,2,22,0,0,0,400,400,0
1893,7572,898,79,899,0,NOOP,0.04916592687368393,0.23520979285240173,0.11954154819250107,0.553576648235321,0.04250606894493103,1.204045295715332,0.0,485.0,664,2,22,0,0,0,400,400,0
1894,7576,898,79,899,3,right+B,0.04903024807572365,0.23569346964359283,0.11980625241994858,0.5529357194900513,0.04253430292010307,1.2046074867248535,0.0,485.0,665,2,22,0,0,0,400,400,0
1895,7580,898,79,899,3,right+B,0.048959825187921524,0.2348622828722,0.11930999159812927,0.554544985294342,0.04232295602560043,1.2024215459823608,-1.0,484.0,666,2,21,0,0,0,400,400,0
1896,7584,898,79,899,1,right,0.04918888211250305,0.236283078789711,0.11773156374692917,0.5545304417610168,0.04226602241396904,1.2016111612319946,0.0,484.0,667,2,21,0,0,0,400,400,0
1897,7588,898,79,899,3,right+B,0.04898819699883461,0.23490631580352783,0.11797244846820831,0.5558294653892517,0.042303506284952164,1.2004140615463257,0.0,484.0,668,2,21,0,0,0,400,400,0
1898,7592,898,93,899,2,right+A,0.04889789596199989,0.23401248455047607,0.11739812046289444,0.5576694011688232,0.042022112756967545,1.197803020477295,0.0,484.0,669,2,21,0,0,0,400,400,0
1899,7596,898,108,899,3,right+B,0.04923894256353378,0.23443365097045898,0.12093055248260498,0.552275538444519,0.043121352791786194,1.2072504758834839,0.0,484.0,670,2,21,0,0,0,400,400,0
1900,7600,898,112,899,3,right+B,0.04916578531265259,0.23461531102657318,0.12156642228364944,0.5518134832382202,0.042839035391807556,1.207472324371338,-1.0,483.0,671,2,20,0,0,0,400,400,0
1901,7604,898,106,899,3,right+B,0.048050686717033386,0.23095865547657013,0.11842323839664459,0.560011088848114,0.042556360363960266,1.1960272789001465,0.0,483.0,672,2,20,0,0,0,400,400,0
1902,7608,898,89,899,3,right+B,0.048748161643743515,0.23291683197021484,0.12122420221567154,0.5539270639419556,0.043183762580156326,1.2053593397140503,0.0,483.0,673,2,20,0,0,0,400,400,0
1903,7612,898,79,899,1,right,0.04965544119477272,0.2345273643732071,0.12287232279777527,0.5485790967941284,0.044365718960762024,1.2144124507904053,0.0,483.0,674,2,20,0,0,0,400,400,0
1904,7616,898,79,899,1,right,0.04938356950879097,0.2334231436252594,0.12033204734325409,0.5534331798553467,0.04342808574438095,1.2066011428833008,0.0,483.0,675,2,20,0,0,0,400,400,0
1905,7620,898,79,899,3,right+B,0.04949142038822174,0.23587895929813385,0.12040405720472336,0.5514394640922546,0.04278609901666641,1.207436442375183,-1.0,482.0,676,2,19,0,0,0,400,400,0
1906,7624,898,79,899,3,right+B,0.04964835196733475,0.2371024191379547,0.12165600806474686,0.548475980758667,0.0431172214448452,1.2115862369537354,0.0,482.0,677,2,19,0,0,0,400,400,0
1907,7628,898,79,899,3,right+B,0.04921815171837807,0.2358052134513855,0.12062632292509079,0.5516378879547119,0.04271239787340164,1.2068638801574707,0.0,482.0,678,2,19,0,0,0,400,400,0
1908,7632,898,79,899,3,right+B,0.0494498647749424,0.23690259456634521,0.11943884193897247,0.5513386130332947,0.042870040982961655,1.2069450616836548,0.0,482.0,679,2,19,0,0,0,400,400,0
1909,7636,898,93,899,2,right+A,0.049239687621593475,0.23573191463947296,0.11920054256916046,0.5531799793243408,0.042647846043109894,1.2045103311538696,0.0,482.0,680,2,19,0,0,0,400,400,0
1910,7640,898,108,899,3,right+B,0.04954046383500099,0.23495864868164062,0.12281401455402374,0.5491008162498474,0.04358610883355141,1.2124474048614502,-1.0,481.0,681,2,18,0,0,0,400,400,0
1911,7644,898,112,899,2,right+A,0.049417249858379364,0.2359771579504013,0.12195000797510147,0.549448549747467,0.043207067996263504,1.2107540369033813,0.0,481.0,682,2,18,0,0,0,400,400,0
1912,7648,898,106,899,3,right+B,0.04835142195224762,0.23206864297389984,0.11918821185827255,0.5575270652770996,0.04286465048789978,1.1997194290161133,0.0,481.0,683,2,18,0,0,0,400,400,0
1913,7652,898,89,899,3,right+B,0.04896734282374382,0.23363833129405975,0.12175582349300385,0.5522547364234924,0.04338379576802254,1.207829475402832,0.0,481.0,684,2,18,0,0,0,400,400,0
1914,7656,898,79,899,2,right+A,0.049509208649396896,0.2338840365409851,0.12193737179040909,0.5506542325019836,0.04401519149541855,1.2112243175506592,0.0,481.0,685,2,18,0,0,0,400,400,0
1915,7660,898,79,899,3,right+B,0.049721673130989075,0.23425723612308502,0.12059187144041061,0.5518806576728821,0.04354861006140709,1.2088360786437988,-1.0,480.0,686,2,17,0,0,0,400,400,0
1916,7664,898,79,899,1,right,0.04982048273086548,0.23600688576698303,0.1205098107457161,0.5507004261016846,0.04296237975358963,1.2089481353759766,0.0,480.0,687,2,17,0,0,0,400,400,0
1917,7668,898,79,899,3,right+B,0.04985490441322327,0.23683620989322662,0.12154100090265274,0.5487722754478455,0.04299560934305191,1.2113758325576782,0.0,480.0,688,2,17,0,0,0,400,400,0
1918,7672,898,79,899,3,right+B,0.04975419491529465,0.23742209374904633,0.12169156223535538,0.5483636856079102,0.042768485844135284,1.211273431777954,0.0,480.0,689,2,17,0,0,0,400,400,0
1919,7676,898,79,899,3,right+B,0.04967666417360306,0.23681029677391052,0.12072211503982544,0.5500945448875427,0.04269642382860184,1.2089245319366455,0.0,480.0,690,2,17,0,0,0,400,400,0
1920,7680,898,79,899,3,right+B,0.04953104630112648,0.23710213601589203,0.12059269100427628,0.5499577522277832,0.04281643405556679,1.2089301347732544,-1.0,479.0,691,2,16,0,0,0,400,400,0
1921,7684,898,93,899,2,right+A,0.04936743155121803,0.2359146922826767,0.12051188200712204,0.5513021349906921,0.04290381073951721,1.2076325416564941,0.0,479.0,692,2,16,0,0,0,400,400,0
1922,7688,898,108,899,3,right+B,0.0496053509414196,0.23553846776485443,0.12238570302724838,0.5491175651550293,0.04335285723209381,1.21186101436615,0.0,479.0,693,2,16,0,0,0,400,400,0
1923,7692,898,112,899,3,right+B,0.04979865625500679,0.23703056573867798,0.12284356355667114,0.5470215082168579,0.04330567643046379,1.2141462564468384,0.0,479.0,694,2,16,0,0,0,400,400,0
1924,7696,898,106,899,0,NOOP,0.048593804240226746,0.23266111314296722,0.11968888342380524,0.5562273859977722,0.04282884672284126,1.201507806777954,0.0,479.0,695,2,16,0,0,0,400,400,0
1925,7700,898,89,899,2,right+A,0.049156345427036285,0.23408888280391693,0.12216945737600327,0.5512623190879822,0.04332304000854492,1.2091432809829712,-1.0,478.0,696,2,15,0,0,0,400,400,0
1926,7704,898,79,899,1,right,0.04974394664168358,0.23433919250965118,0.12249042838811874,0.5493894815444946,0.04403693601489067,1.213064432144165,0.0,478.0,697,2,15,0,0,0,400,400,0
1927,7708,898,79,899,1,right,0.04981192946434021,0.23455949127674103,0.12087608128786087,0.5512226819992065,0.04352980852127075,1.2096960544586182,0.0,478.0,698,2,15,0,0,0,400,400,0
1928,7712,898,79,899,3,right+B,0.04970954731106758,0.2357676476240158,0.12023619562387466,0.55138099193573,0.042905569076538086,1.2079169750213623,0.0,478.0,699,2,15,0,0,0,400,400,0
1929,7716,898,79,899,3,right+B,0.04981027543544769,0.2369234412908554,0.12139265239238739,0.5489257574081421,0.042947858572006226,1.2109966278076172,0.0,478.0,700,2,15,0,0,0,400,400,0
1930,7720,898,79,899,1,right,0.04980442672967911,0.23773404955863953,0.12162817269563675,0.548039972782135,0.042793337255716324,1.211622953414917,-1.0,477.0,701,2,14,0,0,0,400,400,0
1931,7724,898,93,899,2,right+A,0.04966302588582039,0.236925408244133,0.12042810022830963,0.5503005385398865,0.04268293455243111,1.208507776260376,0.0,477.0,702,2,14,0,0,0,400,400,0
1932,7728,898,108,899,3,right+B,0.0499018169939518,0.23753198981285095,0.12417661398649216,0.5446890592575073,0.043700531125068665,1.2177908420562744,0.0,477.0,703,2,14,0,0,0,400,400,0
1933,7732,898,112,899,1,right,0.049855176359415054,0.23754188418388367,0.12477245181798935,0.5441651940345764,0.04366528242826462,1.218477725982666,0.0,477.0,704,2,14,0,0,0,400,400,0
1934,7736,898,106,899,3,right+B,0.0485772043466568,0.23315775394439697,0.12000599503517151,0.5553431510925293,0.04291588440537453,1.2026088237762451,0.0,477.0,705,2,14,0,0,0,400,400,0
1935,7740,898,89,899,3,right+B,0.04920963570475578,0.2347375750541687,0.12255433201789856,0.5499698519706726,0.043528564274311066,1.2109267711639404,-1.0,476.0,706,2,13,0,0,0,400,400,0
1936,7744,898,79,899,3,right+B,0.049740538001060486,0.2344154268503189,0.12264551967382431,0.54911208152771,0.04408641159534454,1.213478684425354,0.0,476.0,707,2,13,0,0,0,400,400,0
1937,7748,898,79,899,0,NOOP,0.049461107701063156,0.2333233505487442,0.11969093233346939,0.55438232421875,0.04314238950610161,1.2049936056137085,0.0,476.0,708,2,13,0,0,0,400,400,0
1938,7752,898,79,899,3,right+B,0.04954168573021889,0.23528490960597992,0.12042185664176941,0.5517532229423523,0.0429982952773571,1.207621455192566,0.0,476.0,709,2,13,0,0,0,400,400,0
1939,7756,898,93,899,2,right+A,0.049909479916095734,0.23593053221702576,0.12083761394023895,0.550248384475708,0.043073903769254684,1.209878921508789,0.0,476.0,710,2,13,0,0,0,400,400,0
1940,7760,898,108,899,0,NOOP,0.050223901867866516,0.23653057217597961,0.12399539351463318,0.5455159544944763,0.04373418539762497,1.2175424098968506,-1.0,475.0,711,2,12,0,0,0,400,400,0
1941,7764,898,112,899,3,right+B,0.049903273582458496,0.2380504161119461,0.12482073158025742,0.5438652634620667,0.04336027428507805,1.2183141708374023,0.0,475.0,712,2,12,0,0,0,400,400,0
1942,7768,898,106,899,3,right+B,0.0488969050347805,0.23534852266311646,0.12253092974424362,0.5501203536987305,0.043103285133838654,1.2095744609832764,0.0,475.0,713,2,12,0,0,0,400,400,0
1943,7772,898,89,899,3,right+B,0.04904570057988167,0.23542828857898712,0.12418323755264282,0.5479541420936584,0.04338863492012024,1.2131938934326172,0.0,475.0,714,2,12,0,0,0,400,400,0
1944,7776,898,79,899,3,right+B,0.049626730382442474,0.23634211719036102,0.12387074530124664,0.5459370017051697,0.044223491102457047,1.2170041799545288,0.0,475.0,715,2,12,0,0,0,400,400,0
1945,7780,898,79,899,3,right+B,0.04931052029132843,0.23438769578933716,0.1202099546790123,0.5529247522354126,0.0431671105325222,1.2064037322998047,-1.0,474.0,716,2,11,0,0,0,400,400,0
1946,7784,898,79,899,3,right+B,0.049460627138614655,0.23537105321884155,0.11905879527330399,0.5535797476768494,0.04252982512116432,1.2042157649993896,0.0,474.0,717,2,11,0,0,0,400,400,0
1947,7788,898,79,899,3,right+B,0.04960723593831062,0.23553109169006348,0.119298055768013,0.5529381632804871,0.04262542724609375,1.205318808555603,0.0,474.0,718,2,11,0,0,0,400,400,0
1948,7792,898,79,899,0,NOOP,0.04958987236022949,0.23510035872459412,0.11894059181213379,0.5540508031845093,0.04231834411621094,1.2035709619522095,0.0,474.0,719,2,11,0,0,0,400,400,0
1949,7796,898,79,899,0,NOOP,0.049805257469415665,0.23613494634628296,0.1200527548789978,0.5511168241500854,0.042890168726444244,1.2081401348114014,0.0,474.0,720,2,11,0,0,0,400,400,0
1950,7800,898,79,899,3,right+B,0.049810413271188736,0.23587290942668915,0.12102298438549042,0.550300657749176,0.04299303889274597,1.2096668481826782,-1.0,473.0,721,2,10,0,0,0,400,400,0
1951,7804,898,79,899,3,right+B,0.05028931051492691,0.23679180443286896,0.12082351744174957,0.5489856600761414,0.0431097149848938,1.211585283279419,0.0,473.0,722,2,10,0,0,0,400,400,0
1952,7808,898,79,899,3,right+B,0.05015062913298607,0.2369919866323471,0.11981622129678726,0.5502745509147644,0.042766544967889786,1.2090166807174683,0.0,473.0,723,2,10,0,0,0,400,400,0
1953,7812,898,93,899,4,right+A+B,0.05007327347993851,0.23770146071910858,0.12138784676790237,0.5478706955909729,0.04296678677201271,1.2123193740844727,0.0,473.0,724,2,10,0,0,0,400,400,0
1954,7816,898,109,899,2,right+A,0.05036887899041176,0.23840609192848206,0.12688526511192322,0.5402271747589111,0.04411262273788452,1.224623680114746,0.0,473.0,725,2,10,0,0,0,400,400,0
1955,7820,898,121,899,3,right+B,0.04984554275870323,0.23790191113948822,0.12532798945903778,0.5434718132019043,0.04345270246267319,1.219032645225525,-1.0,472.0,726,2,9,0,0,0,400,400,0
1956,7824,898,122,899,2,right+A,0.04928755387663841,0.23900403082370758,0.12626314163208008,0.5404125452041626,0.04503269121050835,1.22392737865448,0.0,472.0,727,2,9,0,0,0,400,400,0
1957,7828,898,113,899,3,right+B,0.049217503517866135,0.2375226765871048,0.1238044947385788,0.5456081032752991,0.043847259134054184,1.215961217880249,0.0,472.0,728,2,9,0,0,0,400,400,0
1958,7832,898,94,899,3,right+B,0.04928700625896454,0.23462000489234924,0.1217535063624382,0.5513372421264648,0.04300227016210556,1.2084689140319824,0.0,472.0,729,2,9,0,0,0,400,400,0
1959,7836,898,79,899,3,right+B,0.04819905757904053,0.23349393904209137,0.11747518181800842,0.5585025548934937,0.042329300194978714,1.1965584754943848,0.0,472.0,730,2,9,0,0,0,400,400,0
1960,7840,898,79,899,1,right,0.04830578342080116,0.23269201815128326,0.11618336290121078,0.5616224408149719,0.04119648411870003,1.1911518573760986,-1.0,471.0,731,2,8,0,0,0,400,400,0
1961,7844,898,79,899,1,right,0.04836144298315048,0.23136703670024872,0.11477113515138626,0.56356281042099,0.04193752631545067,1.1898090839385986,0.0,471.0,732,2,8,0,0,0,400,400,0
1962,7848,898,93,899,2,right+A,0.04890155419707298,0.23304812610149384,0.11853094398975372,0.5570753812789917,0.042444027960300446,1.199820637702942,0.0,471.0,733,2,8,0,0,0,400,400,0
1963,7852,898,108,899,1,right,0.04946725070476532,0.23466114699840546,0.12275376915931702,0.5493927001953125,0.04372512921690941,1.2122802734375,0.0,471.0,734,2,8,0,0,0,400,400,0
1964,7856,898,112,899,2,right+A,0.049286261200904846,0.23566752672195435,0.12252180278301239,0.5492272973060608,0.04329712688922882,1.2112648487091064,0.0,471.0,735,2,8,0,0,0,400,400,0
1965,7860,898,106,899,1,right,0.048409685492515564,0.23363229632377625,0.12104574590921402,0.5538792610168457,0.04303305596113205,1.204498291015625,-1.0,470.0,736,2,7,0,0,0,400,400,0
1966,7864,898,89,899,3,right+B,0.049139559268951416,0.23616449534893036,0.12445596605539322,0.5466195344924927,0.04362049698829651,1.2150315046310425,0.0,470.0,737,2,7,0,0,0,400,400,0
1967,7868,898,79,899,3,right+B,0.04937276989221573,0.23514427244663239,0.12423460930585861,0.5471901893615723,0.044058144092559814,1.2155104875564575,0.0,470.0,738,2,7,0,0,0,400,400,0
1968,7872,898,93,899,2,right+A,0.049157172441482544,0.23474417626857758,0.12068374454975128,0.5521436929702759,0.04327116161584854,1.2073252201080322,0.0,470.0,739,2,7,0,0,0,400,400,0
1969,7876,898,108,899,3,right+B,0.049178022891283035,0.23541584610939026,0.12312818318605423,0.548838198184967,0.0434398278594017,1.2120609283447266,0.0,470.0,740,2,7,0,0,0,400,400,0
1970,7880,898,112,899,1,right,0.04896678775548935,0.23453134298324585,0.12196516245603561,0.5514882206916809,0.04304850473999977,1.2080562114715576,-1.0,469.0,741,2,6,0,0,0,400,400,0
1971,7884,898,106,899,3,right+B,0.048136789351701736,0.23209358751773834,0.11898987740278244,0.5579971671104431,0.04278264567255974,1.1986992359161377,0.0,469.0,742,2,6,0,0,0,400,400,0
1972,7888,898,89,899,1,right,0.0488220751285553,0.23330058157444,0.12170138210058212,0.5528885126113892,0.04328747093677521,1.2068586349487305,0.0,469.0,743,2,6,0,0,0,400,400,0
1973,7892,898,79,899,3,right+B,0.04953107237815857,0.2340228110551834,0.12219543009996414,0.5502316355705261,0.044019054621458054,1.2117938995361328,0.0,469.0,744,2,6,0,0,0,400,400,0
1974,7896,898,79,899,3,right+B,0.04919656738638878,0.23271963000297546,0.11907406151294708,0.5560222864151001,0.042987484484910965,1.2024847269058228,0.0,469.0,745,2,6,0,0,0,400,400,0
1975,7900,898,79,899,1,right,0.04949419945478439,0.23519988358020782,0.1193520724773407,0.5531920790672302,0.042761825025081635,1.2051953077316284,-1.0,468.0,746,2,5,0,0,0,400,400,0
1976,7904,898,79,899,1,right,0.049370601773262024,0.2349671870470047,0.11971547454595566,0.5531507730484009,0.04279591515660286,1.2053416967391968,0.0,468.0,747,2,5,0,0,0,400,400,0
1977,7908,898,79,899,1,right,0.04935653507709503,0.2359439879655838,0.12017995864152908,0.5519573092460632,0.04256221279501915,1.206252098083496,0.0,468.0,748,2,5,0,0,0,400,400,0
1978,7912,898,79,899,0,NOOP,0.049449462443590164,0.23689325153827667,0.11990991234779358,0.5510776042938232,0.04266979172825813,1.207144021987915,0.0,468.0,749,2,5,0,0,0,400,400,0
1979,7916,898,79,899,3,right+B,0.04931718483567238,0.23625431954860687,0.12095337361097336,0.5506389141082764,0.042836230248212814,1.2082968950271606,0.0,468.0,750,2,5,0,0,0,400,400,0
1980,7920,898,79,899,3,right+B,0.04952693358063698,0.23664528131484985,0.12059370428323746,0.5502094030380249,0.04302467778325081,1.2090678215026855,-1.0,467.0,751,2,4,0,0,0,400,400,0
1981,7924,898,79,899,3,right+B,0.04932285100221634,0.23592035472393036,0.11818563938140869,0.5541293621063232,0.04244174063205719,1.2027806043624878,0.0,467.0,752,2,4,0,0,0,400,400,0
1982,7928,898,79,899,3,right+B,0.04893840476870537,0.2345990389585495,0.11745959520339966,0.5566719174385071,0.04233107343316078,1.1993027925491333,0.0,467.0,753,2,4,0,0,0,400,400,0
1983,7932,898,79,899,3,right+B,0.04903803765773773,0.2344762533903122,0.11795958876609802,0.5561539530754089,0.042372144758701324,1.2003211975097656,0.0,467.0,754,2,4,0,0,0,400,400,0
1984,7936,898,79,899,3,right+B,0.04915442317724228,0.23415429890155792,0.11718646436929703,0.5571089386940002,0.04239588975906372,1.1991841793060303,0.0,467.0,755,2,4,0,0,0,400,400,0
1985,7940,898,79,899,1,right,0.04902753233909607,0.23383089900016785,0.11770608276128769,0.5570507049560547,0.04238467663526535,1.1993755102157593,-1.0,466.0,756,2,3,0,0,0,400,400,0
1986,7944,898,79,899,3,right+B,0.04911248758435249,0.23384074866771698,0.11875668168067932,0.5556305646896362,0.04265953227877617,1.201924204826355,0.0,466.0,757,2,3,0,0,0,400,400,0
1987,7948,898,79,899,3,right+B,0.049073219299316406,0.2346310168504715,0.11803373694419861,0.555794358253479,0.042467549443244934,1.2009003162384033,0.0,466.0,758,2,3,0,0,0,400,400,0
1988,7952,898,93,899,2,right+A,0.04929348826408386,0.23504237830638885,0.11844903230667114,0.5545880198478699,0.04262707754969597,1.2028405666351318,0.0,466.0,759,2,3,0,0,0,400,400,0
1989,7956,898,108,899,3,right+B,0.049737349152565,0.23626722395420074,0.12412431836128235,0.546383261680603,0.043487876653671265,1.21572744846344,0.0,466.0,760,2,3,0,0,0,400,400,0
1990,7960,898,112,899,3,right+B,0.0498916395008564,0.23826614022254944,0.12621237337589264,0.541946291923523,0.04368351772427559,1.221318006515503,-1.0,465.0,761,2,2,0,0,0,400,400,0
1991,7964,898,106,899,3,right+B,0.04818079248070717,0.23327426612377167,0.1209685280919075,0.5548865795135498,0.04268982261419296,1.2026337385177612,0.0,465.0,762,2,2,0,0,0,400,400,0
1992,7968,898,89,899,3,right+B,0.04866809770464897,0.23521015048027039,0.12283068150281906,0.5499136447906494,0.043377362191677094,1.2100495100021362,0.0,465.0,763,2,2,0,0,0,400,400,0
1993,7972,898,79,899,1,right,0.04898057132959366,0.23420460522174835,0.12199369817972183,0.550975501537323,0.04384559392929077,1.2098780870437622,0.0,465.0,764,2,2,0,0,0,400,400,0
1994,7976,898,79,899,3,right+B,0.04879355803132057,0.2324487417936325,0.11851006746292114,0.5573861002922058,0.04286155849695206,1.2000750303268433,0.0,465.0,765,2,2,0,0,0,400,400,0
1995,7980,898,79,899,1,right,0.048854101449251175,0.23383685946464539,0.11750809103250504,0.5574815273284912,0.04231942445039749,1.1984827518463135,-1.0,464.0,766,2,1,0,0,0,400,400,0
1996,7984,898,79,899,3,right+B,0.04899819195270538,0.23369385302066803,0.11790594458580017,0.5569946765899658,0.042407307773828506,1.1995538473129272,0.0,464.0,767,2,1,0,0,0,400,400,0
1997,7988,898,79,899,3,right+B,0.04914405569434166,0.23400536179542542,0.11795012652873993,0.5566585063934326,0.04224193096160889,1.199820876121521,0.0,464.0,768,2,1,0,0,0,400,400,0
1998,7992,898,79,899,0,NOOP,0.049325477331876755,0.23452456295490265,0.1174587607383728,0.5564160943031311,0.042275119572877884,1.2000324726104736,0.0,464.0,769,2,1,0,0,0,400,400,0
1999,7996,898,79,899,1,right,0.049769848585128784,0.23620551824569702,0.12045522779226303,0.5505257248878479,0.04304361343383789,1.2091186046600342,0.0,464.0,770,2,1,0,0,0,400,400,0
2000,8000,898,79,899,1,right,0.04999654367566109,0.23605620861053467,0.12121210247278214,0.5496419072151184,0.04309326037764549,1.2108100652694702,-1.0,463.0,771,2,0,0,0,0,400,400,0
2001,8004,898,79,899,3,right+B,0.04993659630417824,0.2370210587978363,0.12025569379329681,0.5501980781555176,0.04258856922388077,1.208742380142212,0.0,463.0,772,2,0,0,0,0,400,400,0
2002,8008,898,79,899,0,NOOP,0.04969074949622154,0.2375405728816986,0.12106289714574814,0.5489422678947449,0.04276353120803833,1.2102594375610352,0.0,463.0,773,2,0,0,0,0,400,400,0
2003,8012,898,79,899,1,right,0.04966071620583534,0.23701614141464233,0.12283559888601303,0.5472513437271118,0.04323620721697807,1.2136155366897583,0.0,463.0,774,2,0,0,0,0,400,400,0
2004,8016,898,79,899,3,right+B,0.049547210335731506,0.23721888661384583,0.12021969258785248,0.5500708818435669,0.04294339939951897,1.2088245153427124,0.0,463.0,775,2,0,0,0,0,400,400,0
2005,8019,898,79,899,3,right+B,0.0492737740278244,0.23574288189411163,0.11816342175006866,0.5543474555015564,0.04247245565056801,1.202554702758789,-15.0,448.0,776,2,0,0,1,0,400,400,0
