decision,raw_frames,x,y,max_x,action,action_name,prob_0,prob_1,prob_2,prob_3,prob_4,action_entropy_nats,native_reward,native_reward_sum,no_progress_decisions,life,game_time,flag_get,terminated,truncated,game_score,score_gain,coins
1,4,40,79,40,3,right+B,0.03565302491188049,0.21899856626987457,0.10238822549581528,0.6052387356758118,0.0377214178442955,1.1123393774032593,0.0,0.0,1,2,400,0,0,0,0,0,0
2,8,43,79,43,3,right+B,0.035570673644542694,0.21903777122497559,0.10225701332092285,0.605468213558197,0.037666384130716324,1.111759901046753,3.0,3.0,0,2,400,0,0,0,0,0,0
3,12,47,79,47,3,right+B,0.03556426987051964,0.21905864775180817,0.10242541134357452,0.6051942110061646,0.03775744140148163,1.1123149394989014,4.0,7.0,0,2,400,0,0,0,0,0,0
4,16,53,79,53,3,right+B,0.035867154598236084,0.21983861923217773,0.10368877649307251,0.6025620698928833,0.038043323904275894,1.1169860363006592,6.0,13.0,0,2,400,0,0,0,0,0,0
5,20,60,79,60,1,right,0.03536425530910492,0.21860559284687042,0.10199443995952606,0.6065622568130493,0.03747342526912689,1.109729528427124,6.0,19.0,0,2,399,0,0,0,0,0,0
6,24,70,79,70,3,right+B,0.03445399925112724,0.21648673713207245,0.09886109083890915,0.6134242415428162,0.03677402436733246,1.0973305702209473,10.0,29.0,0,2,399,0,0,0,0,0,0
7,28,81,79,81,3,right+B,0.035122063010931015,0.21752101182937622,0.1022319570183754,0.6069769859313965,0.03814791515469551,1.1102256774902344,11.0,40.0,0,2,399,0,0,0,0,0,0
8,32,93,97,93,4,right+A+B,0.035197023302316666,0.21985465288162231,0.10252939909696579,0.6043002605438232,0.03811861202120781,1.1132638454437256,12.0,52.0,0,2,399,0,0,0,0,0,0
9,36,105,115,105,3,right+B,0.041873637586832047,0.24844644963741302,0.13967077434062958,0.5182003974914551,0.05180879682302475,1.2478009462356567,12.0,64.0,0,2,399,0,0,0,0,0,0
10,40,117,121,117,3,right+B,0.04985405504703522,0.27261269092559814,0.26453471183776855,0.31063538789749146,0.1023632138967514,1.452068567276001,11.0,75.0,0,2,398,0,0,0,0,0,0
11,44,129,114,129,3,right+B,0.04658828675746918,0.2575485408306122,0.35059577226638794,0.1941271424293518,0.1511402726173401,1.463510274887085,12.0,87.0,0,2,398,0,0,0,0,0,0
12,48,141,94,141,1,right,0.04633478820323944,0.30751439929008484,0.2987827956676483,0.20552696287631989,0.14184102416038513,1.468108892440796,12.0,99.0,0,2,398,0,0,0,0,0,0
13,52,151,79,151,2,right+A,0.038510512560606,0.35119783878326416,0.16815494000911713,0.36537966132164,0.07675700634717941,1.3576302528381348,10.0,109.0,0,2,398,0,0,0,0,0,0
14,56,159,79,159,4,right+A+B,0.03319597244262695,0.3260425925254822,0.09766268730163574,0.4882243871688843,0.05487432703375816,1.2149659395217896,8.0,117.0,0,2,398,0,0,0,0,0,0
15,60,169,79,169,4,right+A+B,0.030663371086120605,0.28950491547584534,0.061495233327150345,0.5723931789398193,0.04594333469867706,1.0980913639068604,9.0,126.0,0,2,397,0,0,0,0,0,0
16,64,180,79,180,3,right+B,0.024969998747110367,0.2824050486087799,0.03598158806562424,0.6247955560684204,0.031847868114709854,0.9724811315536499,11.0,137.0,0,2,397,0,0,0,0,0,0
17,68,192,79,192,3,right+B,0.03046577051281929,0.2741242051124573,0.0435311496257782,0.6074706315994263,0.044408250600099564,1.0386602878570557,12.0,149.0,0,2,397,0,0,0,0,0,0
18,72,204,79,204,3,right+B,0.041922178119421005,0.28352224826812744,0.07701122760772705,0.5056763291358948,0.09186800569295883,1.2519117593765259,12.0,161.0,0,2,397,0,0,0,0,0,0
19,76,216,79,216,1,right,0.042263664305210114,0.19291169941425323,0.3080179989337921,0.14708907902240753,0.3097175061702728,1.4588229656219482,12.0,173.0,0,2,397,0,0,0,0,0,0
20,80,228,97,228,2,right+A,0.014550353400409222,0.04949401319026947,0.5469900369644165,0.021172214299440384,0.36779335141181946,0.9898366332054138,11.0,184.0,0,2,396,0,0,0,0,0,0
21,84,240,117,240,2,right+A,0.009685694240033627,0.029389124363660812,0.6668763160705566,0.009717633947730064,0.28433117270469666,0.8213673233985901,12.0,196.0,0,2,396,0,0,0,0,0,0
22,88,242,133,242,4,right+A+B,0.0125226816162467,0.03821028396487236,0.6156986951828003,0.01027282141149044,0.3232954442501068,0.8903006911277771,2.0,198.0,0,2,396,0,0,0,0,0,0
23,92,244,147,244,2,right+A,0.028175828978419304,0.12582910060882568,0.4552414119243622,0.0764576718211174,0.3142959773540497,1.279978632926941,2.0,200.0,0,2,396,0,0,0,0,0,0
24,96,247,156,247,2,right+A,0.03776111081242561,0.25349751114845276,0.2474110722541809,0.3117746114730835,0.1495557576417923,1.4647181034088135,3.0,203.0,0,2,396,0,0,0,0,0,0
25,100,252,160,252,1,right,0.027939805760979652,0.25231119990348816,0.11348482966423035,0.5455055832862854,0.0607585571706295,1.195143699645996,4.0,207.0,0,2,395,0,0,0,0,0,0
26,104,258,152,258,0,NOOP,0.02881327085196972,0.25002193450927734,0.11616099625825882,0.5427296757698059,0.06227412819862366,1.2034212350845337,6.0,213.0,0,2,395,0,0,0,0,0,0
27,108,264,143,264,4,right+A+B,0.03382961079478264,0.27586057782173157,0.15834417939186096,0.4508492350578308,0.08111637830734253,1.3245670795440674,6.0,219.0,0,2,395,0,0,0,0,0,0
28,112,272,143,272,3,right+B,0.036822572350502014,0.2801988422870636,0.15161485970020294,0.4519771933555603,0.07938653975725174,1.3241134881973267,8.0,227.0,0,2,395,0,0,0,0,0,0
29,116,282,135,282,1,right,0.0465262196958065,0.2961190938949585,0.21468375623226166,0.33162635564804077,0.11104458570480347,1.4435032606124878,10.0,237.0,0,2,395,0,0,0,0,0,0
30,120,293,116,293,2,right+A,0.048709604889154434,0.2903200387954712,0.2589586079120636,0.26496797800064087,0.1370437890291214,1.4804141521453857,10.0,247.0,0,2,394,0,0,0,0,0,0
31,124,305,96,305,4,right+A+B,0.05512050539255142,0.2500864565372467,0.3541547954082489,0.16328367590904236,0.1773546189069748,1.4766461849212646,12.0,259.0,0,2,394,0,0,0,0,0,0
32,128,317,93,317,2,right+A,0.03893546760082245,0.11637694388628006,0.538489818572998,0.053250789642333984,0.252947062253952,1.213879942893982,12.0,271.0,0,2,394,0,0,0,0,0,0
33,132,329,98,329,2,right+A,0.05846799537539482,0.2631712257862091,0.23868748545646667,0.32322630286216736,0.11644705384969711,1.474721908569336,13.0,284.0,0,2,394,0,0,0,100,100,0
34,136,341,90,341,3,right+B,0.03135021775960922,0.2003595232963562,0.07094867527484894,0.6713161468505859,0.026025444269180298,0.980861485004425,12.0,296.0,0,2,394,0,0,0,100,100,0
35,140,353,79,353,3,right+B,0.014982795342803001,0.13453443348407745,0.028940999880433083,0.814148485660553,0.0073933987878263,0.6390111446380615,11.0,307.0,0,2,393,0,0,0,100,100,0
36,144,365,79,365,3,right+B,0.01590654067695141,0.15319587290287018,0.05306107923388481,0.7684487700462341,0.009387816302478313,0.7552952766418457,12.0,319.0,0,2,393,0,0,0,100,100,0
37,148,377,79,377,3,right+B,0.02021113410592079,0.17694389820098877,0.08609545975923538,0.7014700770378113,0.015279446728527546,0.9090514183044434,12.0,331.0,0,2,393,0,0,0,100,100,0
38,152,389,79,389,1,right,0.034150876104831696,0.22263674437999725,0.16891278326511383,0.5389730334281921,0.0353265255689621,1.2013987302780151,12.0,343.0,0,2,393,0,0,0,100,100,0
39,156,401,97,401,2,right+A,0.03927161544561386,0.21559952199459076,0.4109595715999603,0.26060429215431213,0.07356499135494232,1.365806221961975,12.0,355.0,0,2,393,0,0,0,100,100,0
40,160,413,117,413,2,right+A,0.02409721352159977,0.1249140053987503,0.6758565902709961,0.07765437662601471,0.09747776389122009,1.03978431224823,11.0,366.0,0,2,392,0,0,0,100,100,0
41,164,425,133,425,2,right+A,0.029535183683037758,0.14075858891010284,0.636050283908844,0.06840604543685913,0.1252499520778656,1.111498236656189,12.0,378.0,0,2,392,0,0,0,100,100,0
42,168,437,147,437,2,right+A,0.047843027859926224,0.24282029271125793,0.41282129287719727,0.16954505443572998,0.12697027623653412,1.417292833328247,12.0,390.0,0,2,392,0,0,0,100,100,0
43,172,449,154,449,1,right,0.05254426598548889,0.3186495304107666,0.225168839097023,0.31749722361564636,0.0861402153968811,1.43039071559906,12.0,402.0,0,2,392,0,0,0,100,100,0
44,176,461,150,461,2,right+A,0.03985371068120003,0.35135436058044434,0.1393669992685318,0.41942617297172546,0.04999878630042076,1.2847856283187866,12.0,414.0,0,2,392,0,0,0,100,100,0
45,180,473,133,473,1,right,0.0281491931527853,0.34802499413490295,0.08438794314861298,0.5139836072921753,0.025454310700297356,1.1119964122772217,11.0,425.0,0,2,391,0,0,0,100,100,0
46,184,485,113,485,1,right,0.0172549020498991,0.32173022627830505,0.04161076247692108,0.6092935800552368,0.010110561735928059,0.9155289530754089,12.0,437.0,0,2,391,0,0,0,100,100,0
47,188,497,93,497,3,right+B,0.016119563952088356,0.31211206316947937,0.031867772340774536,0.6309808492660522,0.00891982764005661,0.872430682182312,12.0,449.0,0,2,391,0,0,0,100,100,0
48,192,509,79,509,3,right+B,0.012520312331616879,0.28651103377342224,0.021202346310019493,0.6739506125450134,0.005815684795379639,0.7905572056770325,12.0,461.0,0,2,391,0,0,0,100,100,0
49,196,521,79,521,3,right+B,0.02060997672379017,0.3312390446662903,0.0435255728662014,0.5893730521202087,0.015252350829541683,0.957825243473053,12.0,473.0,0,2,391,0,0,0,100,100,0
50,200,533,97,533,2,right+A,0.034317951649427414,0.385004460811615,0.15516619384288788,0.3407377302646637,0.08477361500263214,1.3483792543411255,11.0,484.0,0,2,390,0,0,0,100,100,0
51,204,545,117,545,4,right+A+B,0.03334534913301468,0.22838115692138672,0.3168773651123047,0.15489567816257477,0.2665005028247833,1.4561254978179932,12.0,496.0,0,2,390,0,0,0,100,100,0
52,208,557,133,557,2,right+A,0.02658655494451523,0.14256058633327484,0.36278223991394043,0.11675307154655457,0.35131755471229553,1.3602399826049805,12.0,508.0,0,2,390,0,0,0,100,100,0
53,212,569,147,569,4,right+A+B,0.03720870241522789,0.19432558119297028,0.275586873292923,0.20038776099681854,0.2924911081790924,1.4776896238327026,12.0,520.0,0,2,390,0,0,0,100,100,0
54,216,581,154,581,3,right+B,0.028531530871987343,0.23679707944393158,0.06303554028272629,0.6123371720314026,0.05929866433143616,1.0846946239471436,12.0,532.0,0,2,390,0,0,0,100,100,0
55,220,593,150,593,3,right+B,0.0365704707801342,0.2461252212524414,0.06817549467086792,0.5781514644622803,0.07097728550434113,1.1536808013916016,11.0,543.0,0,2,389,0,0,0,100,100,0
56,224,605,133,605,3,right+B,0.042080897837877274,0.24755704402923584,0.08240193873643875,0.5666998624801636,0.0612601675093174,1.177544116973877,12.0,555.0,0,2,389,0,0,0,100,100,0
57,228,617,127,617,3,right+B,0.03312182426452637,0.21004773676395416,0.05840308964252472,0.6618707180023193,0.036556538194417953,1.0006206035614014,12.0,567.0,0,2,389,0,0,0,100,100,0
58,232,629,127,629,3,right+B,0.02842891588807106,0.19148729741573334,0.07731571793556213,0.6716386675834656,0.031129373237490654,0.9909920692443848,12.0,579.0,0,2,389,0,0,0,100,100,0
59,236,641,127,641,1,right,0.034644439816474915,0.18595002591609955,0.3077259659767151,0.40598106384277344,0.06569851189851761,1.33683180809021,12.0,591.0,0,2,389,0,0,0,100,100,0
60,240,653,119,653,2,right+A,0.01933830976486206,0.060185082256793976,0.7550567388534546,0.040798451751470566,0.1246214359998703,0.8476248979568481,11.0,602.0,0,2,388,0,0,0,100,100,0
61,244,665,100,665,1,right,0.038299813866615295,0.12126588076353073,0.5641571283340454,0.10268890112638474,0.17358824610710144,1.2414153814315796,12.0,614.0,0,2,388,0,0,0,100,100,0
62,248,677,97,677,3,right+B,0.059594254940748215,0.21998697519302368,0.30480265617370605,0.261902391910553,0.1537136435508728,1.5020487308502197,12.0,626.0,0,2,388,0,0,0,100,100,0
63,252,689,101,689,2,right+A,0.050215717405080795,0.20962168276309967,0.3007502853870392,0.3214952349662781,0.11791706085205078,1.4559880495071411,13.0,639.0,0,2,388,0,0,0,200,200,0
64,256,701,93,701,2,right+A,0.04461120069026947,0.16709527373313904,0.4109848141670227,0.2059360146522522,0.17137263715267181,1.4308480024337769,12.0,651.0,0,2,388,0,0,0,200,200,0
65,260,713,79,713,3,right+B,0.043503861874341965,0.16181261837482452,0.4517548084259033,0.17949020862579346,0.16343848407268524,1.3944016695022583,11.0,662.0,0,2,387,0,0,0,200,200,0
66,264,724,97,724,4,right+A+B,0.04855978116393089,0.2015974372625351,0.35124966502189636,0.26603764295578003,0.13255539536476135,1.4573709964752197,11.0,673.0,0,2,387,0,0,0,200,200,0
67,268,722,115,724,3,right+B,0.0575566291809082,0.25176146626472473,0.19776694476604462,0.410452276468277,0.08246270567178726,1.403369426727295,0.0,673.0,1,2,387,0,0,0,200,200,0
68,272,722,121,724,1,right,0.05993153899908066,0.2578793168067932,0.15390104055404663,0.45149871706962585,0.07678939402103424,1.362310767173767,0.0,673.0,2,2,387,0,0,0,200,200,0
69,276,722,114,724,3,right+B,0.060459163039922714,0.26090314984321594,0.1381588578224182,0.4747077524662018,0.06577100604772568,1.326336145401001,0.0,673.0,3,2,387,0,0,0,200,200,0
70,280,722,94,724,3,right+B,0.06235675513744354,0.2752043306827545,0.1432824730873108,0.44814518094062805,0.0710112527012825,1.3540189266204834,-1.0,672.0,4,2,386,0,0,0,200,200,0
71,284,722,79,724,1,right,0.05918275564908981,0.2699647545814514,0.1344742327928543,0.47398316860198975,0.06239508092403412,1.3176016807556152,0.0,672.0,5,2,386,0,0,0,200,200,0
72,288,722,93,724,2,right+A,0.0596734993159771,0.26999738812446594,0.13614925742149353,0.47087377309799194,0.06330609321594238,1.3225691318511963,0.0,672.0,6,2,386,0,0,0,200,200,0
73,292,722,108,724,3,right+B,0.05976628139615059,0.2741445302963257,0.13688994944095612,0.46562743186950684,0.06357184052467346,1.326456069946289,0.0,672.0,7,2,386,0,0,0,200,200,0
74,296,722,112,724,2,right+A,0.05918705463409424,0.2739550471305847,0.13802729547023773,0.46499934792518616,0.06383127719163895,1.3270668983459473,0.0,672.0,8,2,386,0,0,0,200,200,0
75,300,722,106,724,3,right+B,0.05991924926638603,0.27211496233940125,0.14261400699615479,0.4600490629673004,0.065302774310112,1.3359663486480713,-1.0,671.0,9,2,385,0,0,0,200,200,0
76,304,722,89,724,3,right+B,0.061209164559841156,0.2765018045902252,0.1460462510585785,0.44965115189552307,0.06659166514873505,1.3472143411636353,0.0,671.0,10,2,385,0,0,0,200,200,0
77,308,722,79,724,3,right+B,0.061159729957580566,0.27615758776664734,0.14221909642219543,0.4552088975906372,0.06525469571352005,1.339992642402649,0.0,671.0,11,2,385,0,0,0,200,200,0
78,312,722,79,724,3,right+B,0.05914483591914177,0.27087652683258057,0.13285475969314575,0.475278377532959,0.06184547021985054,1.3148658275604248,0.0,671.0,12,2,385,0,0,0,200,200,0
79,316,722,79,724,3,right+B,0.05982229486107826,0.2726326882839203,0.13676217198371887,0.4697297215461731,0.061053138226270676,1.3205257654190063,0.0,671.0,13,2,385,0,0,0,200,200,0
80,320,722,79,724,3,right+B,0.059589684009552,0.2714725136756897,0.1376962959766388,0.46880173683166504,0.06243972107768059,1.3233740329742432,-1.0,670.0,14,2,384,0,0,0,200,200,0
81,324,722,79,724,3,right+B,0.05918234959244728,0.27012425661087036,0.1384679228067398,0.46980947256088257,0.062416061758995056,1.3226871490478516,0.0,670.0,15,2,384,0,0,0,200,200,0
82,328,722,93,724,2,right+A,0.06028854101896286,0.2725934386253357,0.1392991542816162,0.464626282453537,0.06319262832403183,1.3288710117340088,0.0,670.0,16,2,384,0,0,0,200,200,0
83,332,722,108,724,3,right+B,0.06331080943346024,0.27815136313438416,0.16084834933280945,0.4273466467857361,0.07034292072057724,1.3745849132537842,0.0,670.0,17,2,384,0,0,0,200,200,0
84,336,722,112,724,3,right+B,0.06217892840504646,0.2765258848667145,0.15573395788669586,0.43624013662338257,0.06932111829519272,1.3646881580352783,0.0,670.0,18,2,384,0,0,0,200,200,0
85,340,722,106,724,3,right+B,0.06270870566368103,0.2747734487056732,0.16340196132659912,0.42798635363578796,0.07112958282232285,1.3758504390716553,-1.0,669.0,19,2,383,0,0,0,200,200,0
86,344,722,89,724,3,right+B,0.06226275488734245,0.27480316162109375,0.15647545456886292,0.4367472529411316,0.0697113648056984,1.3655390739440918,0.0,669.0,20,2,383,0,0,0,200,200,0
87,348,722,79,724,4,right+A+B,0.06087206304073334,0.27276384830474854,0.14370837807655334,0.4571029543876648,0.0655527263879776,1.339996576309204,0.0,669.0,21,2,383,0,0,0,200,200,0
88,352,722,79,724,1,right,0.060435518622398376,0.2706901431083679,0.142073854804039,0.4621104598045349,0.06469005346298218,1.3344273567199707,0.0,669.0,22,2,383,0,0,0,200,200,0
89,356,722,79,724,1,right,0.06224586442112923,0.2747601866722107,0.15346026420593262,0.4420831799507141,0.06745050847530365,1.3581435680389404,0.0,669.0,23,2,383,0,0,0,200,200,0
90,360,722,79,724,3,right+B,0.060658764094114304,0.273055762052536,0.14729014039039612,0.45221880078315735,0.0667765885591507,1.346156358718872,-1.0,668.0,24,2,382,0,0,0,200,200,0
91,364,722,79,724,3,right+B,0.0596364326775074,0.27021750807762146,0.1394202709197998,0.4675418734550476,0.06318391859531403,1.3263777494430542,0.0,668.0,25,2,382,0,0,0,200,200,0
92,368,722,79,724,3,right+B,0.060159310698509216,0.2697870433330536,0.13416214287281036,0.4738238751888275,0.06206761673092842,1.318467140197754,0.0,668.0,26,2,382,0,0,0,200,200,0
93,372,722,79,724,3,right+B,0.060429222881793976,0.2713213264942169,0.13829725980758667,0.4671327769756317,0.06281940639019012,1.3265137672424316,0.0,668.0,27,2,382,0,0,0,200,200,0
94,376,722,79,724,3,right+B,0.061431966722011566,0.27554649114608765,0.14366069436073303,0.45458731055259705,0.06477352231740952,1.3409652709960938,0.0,668.0,28,2,382,0,0,0,200,200,0
95,380,722,93,724,2,right+A,0.06017189100384712,0.27436769008636475,0.14268070459365845,0.4594700038433075,0.06330976635217667,1.3338106870651245,-1.0,667.0,29,2,381,0,0,0,200,200,0
96,384,722,108,724,3,right+B,0.060217469930648804,0.27386653423309326,0.146943137049675,0.45410293340682983,0.06486993283033371,1.3416078090667725,0.0,667.0,30,2,381,0,0,0,200,200,0
97,388,722,112,724,1,right,0.060957781970500946,0.2757362425327301,0.14752709865570068,0.4502275884151459,0.06555134057998657,1.3460016250610352,0.0,667.0,31,2,381,0,0,0,200,200,0
98,392,722,106,724,1,right,0.06130804121494293,0.2730095684528351,0.15049806237220764,0.4482326805591583,0.0669516921043396,1.351314902305603,0.0,667.0,32,2,381,0,0,0,200,200,0
99,396,722,89,724,3,right+B,0.06029360741376877,0.2741718888282776,0.1452438086271286,0.45510855317115784,0.06518220156431198,1.3405945301055908,0.0,667.0,33,2,381,0,0,0,200,200,0
100,400,722,79,724,2,right+A,0.060216259211301804,0.27538859844207764,0.14166145026683807,0.45881906151771545,0.06391463428735733,1.3344250917434692,-1.0,666.0,34,2,380,0,0,0,200,200,0
101,404,722,79,724,3,right+B,0.05920851603150368,0.2711460292339325,0.130386084318161,0.4778209924697876,0.061438340693712234,1.311141848564148,0.0,666.0,35,2,380,0,0,0,200,200,0
102,408,722,79,724,3,right+B,0.059732623398303986,0.2705253064632416,0.132015198469162,0.4764423966407776,0.061284471303224564,1.3136693239212036,0.0,666.0,36,2,380,0,0,0,200,200,0
103,412,722,93,724,4,right+A+B,0.05873192101716995,0.26854386925697327,0.13261421024799347,0.4785158038139343,0.061594098806381226,1.3118512630462646,0.0,666.0,37,2,380,0,0,0,200,200,0
104,416,722,109,724,2,right+A,0.05968767777085304,0.27286213636398315,0.13670189678668976,0.4672517478466034,0.06349657475948334,1.3252291679382324,0.0,666.0,38,2,380,0,0,0,200,200,0
105,420,722,121,724,3,right+B,0.058433644473552704,0.27070188522338867,0.13119882345199585,0.47804078459739685,0.06162487342953682,1.3107019662857056,-1.0,665.0,39,2,379,0,0,0,200,200,0
106,424,722,122,724,3,right+B,0.06074736639857292,0.27111077308654785,0.14557382464408875,0.4545207619667053,0.06804734468460083,1.3458235263824463,0.0,665.0,40,2,379,0,0,0,200,200,0
107,428,722,113,724,3,right+B,0.05968901887536049,0.27059152722358704,0.13825008273124695,0.46611130237579346,0.06535802781581879,1.3295819759368896,0.0,665.0,41,2,379,0,0,0,200,200,0
108,432,722,94,724,3,right+B,0.060368817299604416,0.26887187361717224,0.1365564912557602,0.470068097114563,0.06413460522890091,1.3255341053009033,0.0,665.0,42,2,379,0,0,0,200,200,0
109,436,722,79,724,1,right,0.05943772569298744,0.27000197768211365,0.12966486811637878,0.4796889126300812,0.06120660528540611,1.3095513582229614,0.0,665.0,43,2,379,0,0,0,200,200,0
110,440,722,79,724,0,NOOP,0.059837378561496735,0.2668021321296692,0.12931634485721588,0.4834303855895996,0.06061375141143799,1.3068320751190186,-1.0,664.0,44,2,378,0,0,0,200,200,0
111,444,722,79,724,3,right+B,0.05851522833108902,0.26238441467285156,0.12340094894170761,0.49655285477638245,0.05914657562971115,1.2902135848999023,0.0,664.0,45,2,378,0,0,0,200,200,0
112,448,722,79,724,1,right,0.05913566052913666,0.2642613351345062,0.12650378048419952,0.4895969331264496,0.06050225347280502,1.2998290061950684,0.0,664.0,46,2,378,0,0,0,200,200,0
113,452,722,93,724,4,right+A+B,0.05968182161450386,0.2656104862689972,0.12762805819511414,0.48651227355003357,0.06056733801960945,1.3034522533416748,0.0,664.0,47,2,378,0,0,0,200,200,0
114,456,722,108,724,3,right+B,0.06059595197439194,0.2688182294368744,0.13422831892967224,0.47257909178733826,0.06377831101417542,1.3223545551300049,0.0,664.0,48,2,378,0,0,0,200,200,0
115,460,722,112,724,4,right+A+B,0.05894724652171135,0.2660112679004669,0.13214178383350372,0.4798784852027893,0.06302128732204437,1.3131279945373535,-1.0,663.0,49,2,377,0,0,0,200,200,0
116,464,722,106,724,1,right,0.06045542657375336,0.26579931378364563,0.1369621902704239,0.47166335582733154,0.06511969864368439,1.3264307975769043,0.0,663.0,50,2,377,0,0,0,200,200,0
117,468,722,89,724,3,right+B,0.06020597368478775,0.2660602629184723,0.13653528690338135,0.47281455993652344,0.06438387185335159,1.3240761756896973,0.0,663.0,51,2,377,0,0,0,200,200,0
118,472,722,79,724,3,right+B,0.05999734252691269,0.2658802270889282,0.1360708326101303,0.4755248427391052,0.06252682954072952,1.3192269802093506,0.0,663.0,52,2,377,0,0,0,200,200,0
119,476,722,79,724,3,right+B,0.059488482773303986,0.2637006640434265,0.13226713240146637,0.4839153587818146,0.06062835827469826,1.3081281185150146,0.0,663.0,53,2,377,0,0,0,200,200,0
120,480,722,79,724,3,right+B,0.059560682624578476,0.2643405497074127,0.13363704085350037,0.48239001631736755,0.06007174775004387,1.3092758655548096,-1.0,662.0,54,2,376,0,0,0,200,200,0
121,484,722,79,724,1,right,0.05945909395813942,0.2649568021297455,0.1323435753583908,0.4815422296524048,0.06169838458299637,1.3111326694488525,0.0,662.0,55,2,376,0,0,0,200,200,0
122,488,722,79,724,3,right+B,0.05942021310329437,0.2642080783843994,0.13228248059749603,0.48310020565986633,0.060989003628492355,1.3090598583221436,0.0,662.0,56,2,376,0,0,0,200,200,0
123,492,722,79,724,1,right,0.059489671140909195,0.264751672744751,0.1307116448879242,0.48478683829307556,0.06026019901037216,1.3059730529785156,0.0,662.0,57,2,376,0,0,0,200,200,0
124,496,722,79,724,1,right,0.0596105195581913,0.26590561866760254,0.13225559890270233,0.48100546002388,0.061222732067108154,1.3109211921691895,0.0,662.0,58,2,376,0,0,0,200,200,0
125,500,722,79,724,3,right+B,0.05923732370138168,0.26474153995513916,0.13163448870182037,0.4830895662307739,0.06129705533385277,1.308793306350708,-1.0,661.0,59,2,375,0,0,0,200,200,0
126,504,722,79,724,1,right,0.05868625268340111,0.2630208134651184,0.1300956755876541,0.4877242147922516,0.0604730062186718,1.302855134010315,0.0,661.0,60,2,375,0,0,0,200,200,0
127,508,722,79,724,3,right+B,0.0585327222943306,0.2629396915435791,0.1291920691728592,0.48918724060058594,0.06014833599328995,1.3006017208099365,0.0,661.0,61,2,375,0,0,0,200,200,0
128,512,722,79,724,3,right+B,0.05916402488946915,0.2650337815284729,0.1325126588344574,0.48188361525535583,0.061405930668115616,1.310177206993103,0.0,661.0,62,2,375,0,0,0,200,200,0
129,516,722,79,724,0,NOOP,0.05917975679039955,0.2646034359931946,0.13237282633781433,0.4825744032859802,0.061269570142030716,1.3094903230667114,0.0,661.0,63,2,375,0,0,0,200,200,0
130,520,722,93,724,2,right+A,0.05948047712445259,0.2650940716266632,0.13508732616901398,0.4784582853317261,0.06187991425395012,1.3151377439498901,-1.0,660.0,64,2,374,0,0,0,200,200,0
131,524,722,109,724,4,right+A+B,0.060576699674129486,0.26877090334892273,0.14123298227787018,0.465047150850296,0.06437233835458755,1.3320519924163818,0.0,660.0,65,2,374,0,0,0,200,200,0
132,528,722,121,724,3,right+B,0.05986512824892998,0.2680492103099823,0.13780027627944946,0.47138679027557373,0.06289860606193542,1.3230935335159302,0.0,660.0,66,2,374,0,0,0,200,200,0
133,532,722,122,724,0,NOOP,0.061257679015398026,0.26876434683799744,0.14822949469089508,0.45320725440979004,0.06854118406772614,1.3495595455169678,0.0,660.0,67,2,374,0,0,0,200,200,0
134,536,722,113,724,2,right+A,0.05957141891121864,0.26741278171539307,0.138234943151474,0.47045236825942993,0.06432841718196869,1.3255233764648438,0.0,660.0,68,2,374,0,0,0,200,200,0
135,540,722,94,724,1,right,0.060059770941734314,0.2647040784358978,0.13526463508605957,0.47540852427482605,0.06456297636032104,1.3217570781707764,-1.0,659.0,69,2,373,0,0,0,200,200,0
136,544,722,79,724,1,right,0.058658305555582047,0.26531291007995605,0.1308952271938324,0.4830569326877594,0.062076717615127563,1.3085598945617676,0.0,659.0,70,2,373,0,0,0,200,200,0
137,548,722,79,724,3,right+B,0.05902620777487755,0.26391714811325073,0.13018673658370972,0.48609626293182373,0.06077368184924126,1.30487060546875,0.0,659.0,71,2,373,0,0,0,200,200,0
138,552,722,79,724,3,right+B,0.05818696320056915,0.2620393931865692,0.12743431329727173,0.49256160855293274,0.0597776435315609,1.2961640357971191,0.0,659.0,72,2,373,0,0,0,200,200,0
139,556,722,79,724,1,right,0.0587540939450264,0.2640558183193207,0.13106776773929596,0.48509520292282104,0.06102704256772995,1.3060636520385742,0.0,659.0,73,2,373,0,0,0,200,200,0
140,560,722,79,724,1,right,0.05926993489265442,0.26494306325912476,0.1323421597480774,0.4821362793445587,0.06130849942564964,1.3099240064620972,-1.0,658.0,74,2,372,0,0,0,200,200,0
141,564,722,79,724,3,right+B,0.05902634561061859,0.26376137137413025,0.13184161484241486,0.4846855401992798,0.060685209929943085,1.3067593574523926,0.0,658.0,75,2,372,0,0,0,200,200,0
142,568,722,79,724,3,right+B,0.059536710381507874,0.265133261680603,0.13387992978096008,0.4806814193725586,0.06076874956488609,1.311457872390747,0.0,658.0,76,2,372,0,0,0,200,200,0
143,572,722,79,724,0,NOOP,0.05981312692165375,0.26623639464378357,0.1352960169315338,0.4771336019039154,0.061520904302597046,1.3160289525985718,0.0,658.0,77,2,372,0,0,0,200,200,0
144,576,722,93,724,4,right+A+B,0.059075649827718735,0.26471084356307983,0.13455238938331604,0.48043420910835266,0.0612269751727581,1.3120452165603638,0.0,658.0,78,2,372,0,0,0,200,200,0
145,580,722,108,724,3,right+B,0.05989426374435425,0.2679709196090698,0.13822336494922638,0.47036638855934143,0.06354514509439468,1.3249270915985107,-1.0,657.0,79,2,371,0,0,0,200,200,0
146,584,722,112,724,0,NOOP,0.05965680629014969,0.2674199938774109,0.13631285727024078,0.47351670265197754,0.06309366226196289,1.3208576440811157,0.0,657.0,80,2,371,0,0,0,200,200,0
147,588,722,106,724,1,right,0.060336045920848846,0.26619070768356323,0.14048364758491516,0.46823620796203613,0.06475339084863663,1.329980492591858,0.0,657.0,81,2,371,0,0,0,200,200,0
148,592,722,89,724,3,right+B,0.06039869785308838,0.2673308551311493,0.13902446627616882,0.4689822196960449,0.06426374614238739,1.328014612197876,0.0,657.0,82,2,371,0,0,0,200,200,0
149,596,722,79,724,3,right+B,0.05948038026690483,0.26531001925468445,0.13465560972690582,0.47838908433914185,0.062164850533008575,1.315300464630127,0.0,657.0,83,2,371,0,0,0,200,200,0
150,600,722,79,724,1,right,0.05883099138736725,0.2628973722457886,0.12978464365005493,0.48835813999176025,0.06012885272502899,1.3019541501998901,-1.0,656.0,84,2,370,0,0,0,200,200,0
151,604,722,79,724,1,right,0.059094782918691635,0.26372063159942627,0.13038480281829834,0.4870763421058655,0.0597233846783638,1.3029617071151733,0.0,656.0,85,2,370,0,0,0,200,200,0
152,608,722,79,724,3,right+B,0.0596027672290802,0.2643539607524872,0.13104085624217987,0.48337095975875854,0.06163143739104271,1.3092418909072876,0.0,656.0,86,2,370,0,0,0,200,200,0
153,612,722,93,724,2,right+A,0.06001449376344681,0.2651219666004181,0.13314934074878693,0.48009008169174194,0.06162409111857414,1.3132737874984741,0.0,656.0,87,2,370,0,0,0,200,200,0
154,616,722,108,724,3,right+B,0.060449112206697464,0.26711294054985046,0.13705842196941376,0.47240468859672546,0.06297488510608673,1.323003888130188,0.0,656.0,88,2,370,0,0,0,200,200,0
155,620,722,112,724,1,right,0.06044730171561241,0.26741665601730347,0.13767848908901215,0.4712486267089844,0.06320898234844208,1.324408769607544,-1.0,655.0,89,2,369,0,0,0,200,200,0
156,624,722,106,724,1,right,0.060355767607688904,0.2650254964828491,0.13862819969654083,0.4722639322280884,0.06372660398483276,1.3250573873519897,0.0,655.0,90,2,369,0,0,0,200,200,0
157,628,722,89,724,3,right+B,0.05972977727651596,0.2661873996257782,0.13647431135177612,0.4738558828830719,0.06375271826982498,1.3218276500701904,0.0,655.0,91,2,369,0,0,0,200,200,0
158,632,722,79,724,3,right+B,0.05926414951682091,0.2658042907714844,0.13272066414356232,0.47943297028541565,0.06277796626091003,1.313920259475708,0.0,655.0,92,2,369,0,0,0,200,200,0
159,636,722,79,724,3,right+B,0.05858467519283295,0.2641279101371765,0.12721578776836395,0.4895024299621582,0.060569196939468384,1.2996808290481567,0.0,655.0,93,2,369,0,0,0,200,200,0
160,640,722,79,724,0,NOOP,0.059179820120334625,0.26516634225845337,0.12839888036251068,0.4862667918205261,0.06098819896578789,1.3040319681167603,-1.0,654.0,94,2,368,0,0,0,200,200,0
161,644,722,79,724,3,right+B,0.05866025388240814,0.2643478512763977,0.1262120008468628,0.48923373222351074,0.061546165496110916,1.3006539344787598,0.0,654.0,95,2,368,0,0,0,200,200,0
162,648,722,93,724,2,right+A,0.059288930147886276,0.2648535668849945,0.1269814670085907,0.4875335097312927,0.06134256720542908,1.3029097318649292,0.0,654.0,96,2,368,0,0,0,200,200,0
163,652,722,108,724,1,right,0.0587790347635746,0.26626086235046387,0.12875434756278992,0.48430800437927246,0.06189781054854393,1.3061987161636353,0.0,654.0,97,2,368,0,0,0,200,200,0
164,656,722,112,724,3,right+B,0.0590384304523468,0.26959648728370667,0.130379319190979,0.47912660241127014,0.061859212815761566,1.3107551336288452,0.0,654.0,98,2,368,0,0,0,200,200,0
165,660,722,106,724,2,right+A,0.06007993221282959,0.2680325508117676,0.1335255354642868,0.47486305236816406,0.063498854637146,1.3193960189819336,-1.0,653.0,99,2,367,0,0,0,200,200,0
166,664,722,89,724,1,right,0.0602925568819046,0.2709347605705261,0.13529011607170105,0.4698767364025116,0.06360574066638947,1.3238953351974487,0.0,653.0,100,2,367,0,0,0,200,200,0
167,668,722,79,724,3,right+B,0.059886470437049866,0.2694549858570099,0.13351556658744812,0.47459474205970764,0.0625481829047203,1.3178727626800537,0.0,653.0,101,2,367,0,0,0,200,200,0
168,672,722,79,724,3,right+B,0.05795908719301224,0.26446568965911865,0.1284763664007187,0.4893980622291565,0.05970069766044617,1.2984287738800049,0.0,653.0,102,2,367,0,0,0,200,200,0
169,676,722,79,724,3,right+B,0.05894974619150162,0.26942527294158936,0.1328066885471344,0.4790585935115814,0.05975969508290291,1.3092739582061768,0.0,653.0,103,2,367,0,0,0,200,200,0
170,680,722,79,724,0,NOOP,0.0583372600376606,0.2684769034385681,0.12935079634189606,0.48377126455307007,0.060063764452934265,1.303570032119751,-1.0,652.0,104,2,366,0,0,0,200,200,0
171,684,722,79,724,1,right,0.05922745168209076,0.27001336216926575,0.13230296969413757,0.4758424162864685,0.06261374801397324,1.3154083490371704,0.0,652.0,105,2,366,0,0,0,200,200,0
172,688,722,79,724,3,right+B,0.05965108051896095,0.2720635235309601,0.13259217143058777,0.4733988046646118,0.06229439750313759,1.317158579826355,0.0,652.0,106,2,366,0,0,0,200,200,0
173,692,722,79,724,3,right+B,0.060082174837589264,0.27124446630477905,0.13509121537208557,0.4720498025417328,0.06153232231736183,1.3191999197006226,0.0,652.0,107,2,366,0,0,0,200,200,0
174,696,722,79,724,3,right+B,0.05879409983754158,0.27118879556655884,0.13547830283641815,0.47276169061660767,0.061777085065841675,1.317481279373169,0.0,652.0,108,2,366,0,0,0,200,200,0
175,700,722,93,724,4,right+A+B,0.060194093734025955,0.2737143933773041,0.14213646948337555,0.4598110020160675,0.0641440898180008,1.3345288038253784,-1.0,651.0,109,2,365,0,0,0,200,200,0
176,704,722,108,724,1,right,0.06246885657310486,0.2775229215621948,0.14510732889175415,0.4478263556957245,0.06707455962896347,1.3500661849975586,0.0,651.0,110,2,365,0,0,0,200,200,0
177,708,722,112,724,1,right,0.06134340167045593,0.2772871255874634,0.14311078190803528,0.45235878229141235,0.06589991599321365,1.3431990146636963,0.0,651.0,111,2,365,0,0,0,200,200,0
178,712,722,106,724,3,right+B,0.06200661137700081,0.27422863245010376,0.14959587156772614,0.44748473167419434,0.06668420881032944,1.3518050909042358,0.0,651.0,112,2,365,0,0,0,200,200,0
179,716,722,89,724,3,right+B,0.06234387308359146,0.2767123878002167,0.1505819708108902,0.44364020228385925,0.06672155857086182,1.354807734489441,0.0,651.0,113,2,365,0,0,0,200,200,0
180,720,722,79,724,4,right+A+B,0.059357646852731705,0.27106496691703796,0.1428474485874176,0.46362704038619995,0.06310296058654785,1.3301928043365479,-1.0,650.0,114,2,364,0,0,0,200,200,0
181,724,722,79,724,3,right+B,0.060710351914167404,0.2728648781776428,0.14332544803619385,0.45885390043258667,0.06424544006586075,1.3367235660552979,0.0,650.0,115,2,364,0,0,0,200,200,0
182,728,722,79,724,3,right+B,0.061366211622953415,0.2747774124145508,0.14517450332641602,0.45369789004325867,0.06498392671346664,1.3425921201705933,0.0,650.0,116,2,364,0,0,0,200,200,0
183,732,722,93,724,2,right+A,0.06083318591117859,0.27306440472602844,0.14668315649032593,0.45381563901901245,0.06560365110635757,1.343571662902832,0.0,650.0,117,2,364,0,0,0,200,200,0
184,736,722,109,724,2,right+A,0.06199510022997856,0.272795170545578,0.15233159065246582,0.4442766606807709,0.06860151886940002,1.3576602935791016,0.0,650.0,118,2,364,0,0,0,200,200,0
185,740,722,121,724,3,right+B,0.061667174100875854,0.27413445711135864,0.1480562388896942,0.44896194338798523,0.06718022376298904,1.3503323793411255,-1.0,649.0,119,2,363,0,0,0,200,200,0
186,744,722,122,724,4,right+A+B,0.06334156543016434,0.2743392288684845,0.1596289724111557,0.42941516637802124,0.07327509671449661,1.3770091533660889,0.0,649.0,120,2,363,0,0,0,200,200,0
187,748,722,113,724,3,right+B,0.06270282715559006,0.2765442728996277,0.1540900617837906,0.4358149468898773,0.07084784656763077,1.3668041229248047,0.0,649.0,121,2,363,0,0,0,200,200,0
188,752,722,94,724,1,right,0.06372854113578796,0.2749951183795929,0.1612953096628189,0.426001638174057,0.07397934794425964,1.3809103965759277,0.0,649.0,122,2,363,0,0,0,200,200,0
189,756,722,79,724,2,right+A,0.06134217977523804,0.27503541111946106,0.1512356996536255,0.44438663125038147,0.06800013035535812,1.3551514148712158,0.0,649.0,123,2,363,0,0,0,200,200,0
190,760,722,79,724,2,right+A,0.06178430840373039,0.2738499045372009,0.14262741804122925,0.4577619135379791,0.0639764666557312,1.3380519151687622,-1.0,648.0,124,2,362,0,0,0,200,200,0
191,764,722,79,724,2,right+A,0.06079396605491638,0.2705339789390564,0.1347358524799347,0.47218015789985657,0.06175604835152626,1.3202787637710571,0.0,648.0,125,2,362,0,0,0,200,200,0
192,768,722,79,724,3,right+B,0.06121065840125084,0.2733956575393677,0.14142099022865295,0.46124234795570374,0.06273037940263748,1.3327772617340088,0.0,648.0,126,2,362,0,0,0,200,200,0
193,772,722,79,724,1,right,0.061062075197696686,0.276132196187973,0.1439526081085205,0.45433732867240906,0.06451582163572311,1.3403499126434326,0.0,648.0,127,2,362,0,0,0,200,200,0
194,776,722,79,724,1,right,0.060148727148771286,0.27361440658569336,0.1398656815290451,0.46389418840408325,0.06247696653008461,1.3283765316009521,0.0,648.0,128,2,362,0,0,0,200,200,0
195,780,722,79,724,3,right+B,0.05985478311777115,0.2714338004589081,0.13957183063030243,0.46655693650245667,0.0625825971364975,1.3264667987823486,-1.0,647.0,129,2,361,0,0,0,200,200,0
196,784,722,79,724,3,right+B,0.05982224643230438,0.2721247375011444,0.13629907369613647,0.4693247973918915,0.06242910772562027,1.3224682807922363,0.0,647.0,130,2,361,0,0,0,200,200,0
197,788,722,93,724,2,right+A,0.0604332759976387,0.27266886830329895,0.14229315519332886,0.46123433113098145,0.06337036192417145,1.3331230878829956,0.0,647.0,131,2,361,0,0,0,200,200,0
198,792,722,108,724,1,right,0.06106015667319298,0.2765844762325287,0.1450343281030655,0.45225152373313904,0.0650695264339447,1.342883586883545,0.0,647.0,132,2,361,0,0,0,200,200,0
199,796,722,112,724,3,right+B,0.060075558722019196,0.2751677930355072,0.1378992199897766,0.46372175216674805,0.06313572824001312,1.3279883861541748,0.0,647.0,133,2,361,0,0,0,200,200,0
200,800,722,106,724,3,right+B,0.062298331409692764,0.27669042348861694,0.1443386971950531,0.449551522731781,0.06712105870246887,1.3485472202301025,-1.0,646.0,134,2,360,0,0,0,200,200,0
201,804,722,89,724,0,NOOP,0.06038133427500725,0.27169352769851685,0.1388653814792633,0.4646259546279907,0.06443376839160919,1.330519676208496,0.0,646.0,135,2,360,0,0,0,200,200,0
202,808,722,79,724,3,right+B,0.05949883162975311,0.2710004448890686,0.1395590454339981,0.46732667088508606,0.06261507421731949,1.3255491256713867,0.0,646.0,136,2,360,0,0,0,200,200,0
203,812,722,93,724,2,right+A,0.05837748199701309,0.2687315344810486,0.13181649148464203,0.4810476005077362,0.0600268729031086,1.3069491386413574,0.0,646.0,137,2,360,0,0,0,200,200,0
204,816,722,108,724,3,right+B,0.05803414434194565,0.26926127076148987,0.13313615322113037,0.47880932688713074,0.060759078711271286,1.3097479343414307,0.0,646.0,138,2,360,0,0,0,200,200,0
205,820,722,112,724,2,right+A,0.058341097086668015,0.2703899145126343,0.1317531168460846,0.47800999879837036,0.06150590628385544,1.3108012676239014,-1.0,645.0,139,2,359,0,0,0,200,200,0
206,824,722,106,724,2,right+A,0.059957657009363174,0.26854997873306274,0.1370985060930252,0.4697226583957672,0.06467115134000778,1.3262442350387573,0.0,645.0,140,2,359,0,0,0,200,200,0
207,828,722,89,724,4,right+A+B,0.059585656970739365,0.27019351720809937,0.1355457901954651,0.47100502252578735,0.06366996467113495,1.322475552558899,0.0,645.0,141,2,359,0,0,0,200,200,0
208,832,722,79,724,3,right+B,0.0589507557451725,0.2677958011627197,0.12923525273799896,0.48272034525871277,0.061297859996557236,1.3068708181381226,0.0,645.0,142,2,359,0,0,0,200,200,0
209,836,722,79,724,3,right+B,0.05808145925402641,0.2621479034423828,0.12356623262166977,0.4965569078922272,0.05964751914143562,1.2904272079467773,0.0,645.0,143,2,359,0,0,0,200,200,0
210,840,722,79,724,3,right+B,0.05879978463053703,0.2647266685962677,0.12619352340698242,0.4903579354286194,0.05992217734456062,1.297767996788025,-1.0,644.0,144,2,358,0,0,0,200,200,0
211,844,722,79,724,3,right+B,0.05841413140296936,0.2634010314941406,0.12487424165010452,0.49267449975013733,0.060636039823293686,1.2958216667175293,0.0,644.0,145,2,358,0,0,0,200,200,0
212,848,722,79,724,0,NOOP,0.05962754040956497,0.26613011956214905,0.12911856174468994,0.48375868797302246,0.0613650381565094,1.3072870969772339,0.0,644.0,146,2,358,0,0,0,200,200,0
213,852,722,79,724,1,right,0.05975668877363205,0.2663802206516266,0.13084883987903595,0.4804021716117859,0.06261207908391953,1.3125309944152832,0.0,644.0,147,2,358,0,0,0,200,200,0
214,856,722,79,724,3,right+B,0.05913364887237549,0.2652873992919922,0.13129159808158875,0.48277774453163147,0.061509616672992706,1.3088955879211426,0.0,644.0,148,2,358,0,0,0,200,200,0
215,860,722,79,724,3,right+B,0.05949070304632187,0.2647160589694977,0.12981143593788147,0.4851268529891968,0.0608549490571022,1.306007742881775,-1.0,643.0,149,2,357,0,0,0,200,200,0
216,864,722,93,724,2,right+A,0.05924391373991966,0.26429808139801025,0.13215342164039612,0.48334455490112305,0.0609600730240345,1.3085172176361084,0.0,643.0,150,2,357,0,0,0,200,200,0
217,868,722,108,724,1,right,0.05997452512383461,0.26727819442749023,0.13598014414310455,0.47404026985168457,0.06272687017917633,1.320278525352478,0.0,643.0,151,2,357,0,0,0,200,200,0
218,872,722,112,724,3,right+B,0.059761881828308105,0.2665836811065674,0.13413432240486145,0.47688037157058716,0.06263971328735352,1.3169373273849487,0.0,643.0,152,2,357,0,0,0,200,200,0
219,876,722,106,724,0,NOOP,0.059961192309856415,0.26433390378952026,0.13720904290676117,0.4740951359272003,0.06440073996782303,1.3234400749206543,0.0,643.0,153,2,357,0,0,0,200,200,0
220,880,722,89,724,3,right+B,0.0596146360039711,0.2651994228363037,0.13525770604610443,0.4760843515396118,0.06384382396936417,1.3196749687194824,-1.0,642.0,154,2,356,0,0,0,200,200,0
221,884,722,79,724,3,right+B,0.058898601680994034,0.26425671577453613,0.1312883347272873,0.4836006164550781,0.06195574253797531,1.3086950778961182,0.0,642.0,155,2,356,0,0,0,200,200,0
222,888,722,93,724,4,right+A+B,0.05842730030417442,0.2626935839653015,0.12812422215938568,0.49049797654151917,0.06025686487555504,1.2990243434906006,0.0,642.0,156,2,356,0,0,0,200,200,0
223,892,722,108,724,1,right,0.05910120904445648,0.265897274017334,0.13482123613357544,0.4778554439544678,0.06232487037777901,1.3153901100158691,0.0,642.0,157,2,356,0,0,0,200,200,0
224,896,722,112,724,4,right+A+B,0.059174492955207825,0.2662353217601776,0.13405117392539978,0.477299302816391,0.06323975324630737,1.3166214227676392,0.0,642.0,158,2,356,0,0,0,200,200,0
225,900,722,106,724,3,right+B,0.06041420251131058,0.2658616304397583,0.1414157897233963,0.4669511914253235,0.06535720080137253,1.332263469696045,-1.0,641.0,159,2,355,0,0,0,200,200,0
226,904,722,89,724,3,right+B,0.06008702144026756,0.2671950161457062,0.14072318375110626,0.4676338732242584,0.06436090916395187,1.3295447826385498,0.0,641.0,160,2,355,0,0,0,200,200,0
227,908,722,79,724,1,right,0.05941125750541687,0.2665039598941803,0.13724693655967712,0.4741634130477905,0.06267444789409637,1.3201367855072021,0.0,641.0,161,2,355,0,0,0,200,200,0
228,912,722,93,724,2,right+A,0.057990025728940964,0.2625907063484192,0.13046438992023468,0.48898300528526306,0.05997184291481972,1.3005475997924805,0.0,641.0,162,2,355,0,0,0,200,200,0
229,916,722,108,724,3,right+B,0.05938741937279701,0.2675381600856781,0.13745900988578796,0.47265830636024475,0.06295713037252426,1.3215129375457764,0.0,641.0,163,2,355,0,0,0,200,200,0
230,920,722,112,724,1,right,0.05886582285165787,0.26656240224838257,0.13396863639354706,0.47769320011138916,0.06290996074676514,1.3153941631317139,-1.0,640.0,164,2,354,0,0,0,200,200,0
231,924,722,106,724,1,right,0.05964202061295509,0.26540517807006836,0.13856720924377441,0.4719163775444031,0.06446919590234756,1.325212001800537,0.0,640.0,165,2,354,0,0,0,200,200,0
232,928,722,89,724,3,right+B,0.05941559001803398,0.26649144291877747,0.1367042362689972,0.4734594225883484,0.06392933428287506,1.3219910860061646,0.0,640.0,166,2,354,0,0,0,200,200,0
233,932,722,79,724,3,right+B,0.058593668043613434,0.26469898223876953,0.13245682418346405,0.4822441339492798,0.062006350606679916,1.3099397420883179,0.0,640.0,167,2,354,0,0,0,200,200,0
234,936,722,79,724,1,right,0.05777045711874962,0.26179271936416626,0.12754887342453003,0.49282366037368774,0.06006426736712456,1.2958755493164062,0.0,640.0,168,2,354,0,0,0,200,200,0
235,940,722,79,724,1,right,0.05844956636428833,0.2637850344181061,0.1300729513168335,0.4876618981361389,0.06003059074282646,1.3018691539764404,-1.0,639.0,169,2,353,0,0,0,200,200,0
236,944,722,79,724,3,right+B,0.05864503234624863,0.2641488313674927,0.13048675656318665,0.4852915406227112,0.06142779812216759,1.3059577941894531,0.0,639.0,170,2,353,0,0,0,200,200,0
237,948,722,79,724,3,right+B,0.058843329548835754,0.26392629742622375,0.13219012320041656,0.4837779998779297,0.06126229837536812,1.3081227540969849,0.0,639.0,171,2,353,0,0,0,200,200,0
238,952,722,79,724,3,right+B,0.0591314360499382,0.2642272412776947,0.13299432396888733,0.4827919006347656,0.060855116695165634,1.3091082572937012,0.0,639.0,172,2,353,0,0,0,200,200,0
239,956,722,79,724,1,right,0.05967465043067932,0.26610949635505676,0.13584426045417786,0.47654569149017334,0.06182587891817093,1.3169804811477661,0.0,639.0,173,2,353,0,0,0,200,200,0
240,960,722,79,724,1,right,0.05911308526992798,0.2652534246444702,0.13430523872375488,0.4800548553466797,0.061273396015167236,1.3122270107269287,-1.0,638.0,174,2,352,0,0,0,200,200,0
241,964,722,79,724,3,right+B,0.05868154391646385,0.2643992006778717,0.1321183145046234,0.4840581715106964,0.060742784291505814,1.306898593902588,0.0,638.0,175,2,352,0,0,0,200,200,0
242,968,722,79,724,3,right+B,0.058420609682798386,0.2635822594165802,0.13002052903175354,0.48773789405822754,0.06023870408535004,1.3020492792129517,0.0,638.0,176,2,352,0,0,0,200,200,0
243,972,722,79,724,1,right,0.058510299772024155,0.26409658789634705,0.13068696856498718,0.48586326837539673,0.06084296852350235,1.3046921491622925,0.0,638.0,177,2,352,0,0,0,200,200,0
244,976,722,79,724,3,right+B,0.05847849324345589,0.2639229893684387,0.1295318305492401,0.48726969957351685,0.06079699471592903,1.3028991222381592,0.0,638.0,178,2,352,0,0,0,200,200,0
245,980,722,93,724,2,right+A,0.05816160887479782,0.2626041769981384,0.1287267655134201,0.4901394844055176,0.060367897152900696,1.2994425296783447,-1.0,637.0,179,2,351,0,0,0,200,200,0
246,984,722,108,724,3,right+B,0.05950315669178963,0.2666146159172058,0.1355370283126831,0.4748040437698364,0.06354113668203354,1.3200080394744873,0.0,637.0,180,2,351,0,0,0,200,200,0
247,988,722,112,724,3,right+B,0.06016087159514427,0.2680767774581909,0.136975958943367,0.47074881196022034,0.06403757631778717,1.3249858617782593,0.0,637.0,181,2,351,0,0,0,200,200,0
248,992,722,106,724,1,right,0.06086994707584381,0.26677682995796204,0.1412099450826645,0.46558672189712524,0.06555653363466263,1.3338514566421509,0.0,637.0,182,2,351,0,0,0,200,200,0
249,996,722,89,724,4,right+A+B,0.060165055096149445,0.26666149497032166,0.13953034579753876,0.4695146977901459,0.06412839144468307,1.3275030851364136,0.0,637.0,183,2,351,0,0,0,200,200,0
250,1000,722,79,724,2,right+A,0.06005711480975151,0.2661343514919281,0.13693997263908386,0.4742649495601654,0.06260356307029724,1.3207371234893799,-1.0,636.0,184,2,350,0,0,0,200,200,0
251,1004,722,79,724,3,right+B,0.05919342115521431,0.26287874579429626,0.13155578076839447,0.4856354892253876,0.060736604034900665,1.3063056468963623,0.0,636.0,185,2,350,0,0,0,200,200,0
252,1008,722,79,724,1,right,0.05967313423752785,0.2652382254600525,0.13421307504177094,0.48057276010513306,0.0603027418255806,1.3112647533416748,0.0,636.0,186,2,350,0,0,0,200,200,0
253,1012,722,79,724,3,right+B,0.0594206228852272,0.2658051550388336,0.1309879571199417,0.4827931225299835,0.06099306419491768,1.3083447217941284,0.0,636.0,187,2,350,0,0,0,200,200,0
254,1016,722,79,724,1,right,0.058957044035196304,0.2635052502155304,0.12971942126750946,0.4873881936073303,0.06043003126978874,1.3031388521194458,0.0,636.0,188,2,350,0,0,0,200,200,0
255,1020,722,79,724,3,right+B,0.058812759816646576,0.2622121572494507,0.12721434235572815,0.4918270409107208,0.059933681041002274,1.2976369857788086,-1.0,635.0,189,2,349,0,0,0,200,200,0
256,1024,722,79,724,3,right+B,0.05869631469249725,0.26284676790237427,0.1280737668275833,0.4895167648792267,0.060866378247737885,1.3008978366851807,0.0,635.0,190,2,349,0,0,0,200,200,0
257,1028,722,93,724,2,right+A,0.05856421962380409,0.2628366947174072,0.12813718616962433,0.4886583387851715,0.06180351972579956,1.3026419878005981,0.0,635.0,191,2,349,0,0,0,200,200,0
258,1032,722,108,724,1,right,0.059141404926776886,0.26602327823638916,0.1312837451696396,0.480746328830719,0.06280527263879776,1.3119930028915405,0.0,635.0,192,2,349,0,0,0,200,200,0
259,1036,722,112,724,1,right,0.05938301607966423,0.26710444688796997,0.13001495599746704,0.48065003752708435,0.06284748017787933,1.3115692138671875,0.0,635.0,193,2,349,0,0,0,200,200,0
260,1040,722,106,724,3,right+B,0.060299236327409744,0.2657722532749176,0.13478457927703857,0.4732404351234436,0.06590346992015839,1.3249285221099854,-1.0,634.0,194,2,348,0,0,0,200,200,0
261,1044,722,89,724,3,right+B,0.060086630284786224,0.2678321897983551,0.13437263667583466,0.47246721386909485,0.06524138152599335,1.3238434791564941,0.0,634.0,195,2,348,0,0,0,200,200,0
262,1048,722,79,724,4,right+A+B,0.05940546467900276,0.26749953627586365,0.13152024149894714,0.4790654182434082,0.06250940263271332,1.3131160736083984,0.0,634.0,196,2,348,0,0,0,200,200,0
263,1052,722,79,724,3,right+B,0.05810421705245972,0.2654862701892853,0.12777937948703766,0.48821404576301575,0.06041611358523369,1.2999299764633179,0.0,634.0,197,2,348,0,0,0,200,200,0
264,1056,722,79,724,1,right,0.058499183505773544,0.26662588119506836,0.12723936140537262,0.4886489510536194,0.05898665264248848,1.2977321147918701,0.0,634.0,198,2,348,0,0,0,200,200,0
265,1060,722,79,724,1,right,0.05871251970529556,0.26832127571105957,0.12702594697475433,0.48549842834472656,0.06044179946184158,1.3019676208496094,-1.0,633.0,199,2,347,0,0,0,200,200,0
266,1064,722,79,724,3,right+B,0.05935536324977875,0.2685689926147461,0.12975189089775085,0.48054903745651245,0.06177475303411484,1.3098320960998535,0.0,633.0,200,2,347,0,0,0,200,200,0
267,1068,722,79,724,1,right,0.058264002203941345,0.2662760019302368,0.1264411211013794,0.4889512360095978,0.06006759777665138,1.2982189655303955,0.0,633.0,201,2,347,0,0,0,200,200,0
268,1072,722,79,724,1,right,0.05771855264902115,0.2669113278388977,0.12616953253746033,0.4894438087940216,0.05975678935647011,1.2964210510253906,0.0,633.0,202,2,347,0,0,0,200,200,0
269,1076,722,79,724,3,right+B,0.05793384835124016,0.2668262720108032,0.12757869064807892,0.4871141314506531,0.06054704636335373,1.3003830909729004,0.0,633.0,203,2,347,0,0,0,200,200,0
270,1080,722,79,724,3,right+B,0.05910566821694374,0.26857584714889526,0.13171549141407013,0.4778728187084198,0.06273015588521957,1.313814401626587,-1.0,632.0,204,2,346,0,0,0,200,200,0
271,1084,722,79,724,3,right+B,0.05870504677295685,0.2701382339000702,0.1298142671585083,0.47999897599220276,0.061343491077423096,1.3085718154907227,0.0,632.0,205,2,346,0,0,0,200,200,0
272,1088,722,79,724,3,right+B,0.05869600549340248,0.2717541754245758,0.13354966044425964,0.4749930500984192,0.061007097363471985,1.313589334487915,0.0,632.0,206,2,346,0,0,0,200,200,0
273,1092,722,79,724,1,right,0.059798017144203186,0.27184081077575684,0.13823369145393372,0.4671174883842468,0.06300999969244003,1.3258060216903687,0.0,632.0,207,2,346,0,0,0,200,200,0
274,1096,722,93,724,4,right+A+B,0.06117236614227295,0.27537259459495544,0.1452304869890213,0.45349353551864624,0.06473103910684586,1.342073678970337,0.0,632.0,208,2,346,0,0,0,200,200,0
275,1100,722,108,724,3,right+B,0.06231847405433655,0.27918386459350586,0.15027649700641632,0.4410566985607147,0.06716452538967133,1.3564133644104004,-1.0,631.0,209,2,345,0,0,0,200,200,0
276,1104,722,112,724,1,right,0.06048937141895294,0.2754253149032593,0.1424768567085266,0.4570588767528534,0.06454957276582718,1.3371987342834473,0.0,631.0,210,2,345,0,0,0,200,200,0
277,1108,722,106,724,1,right,0.060860343277454376,0.2731160521507263,0.1454109102487564,0.4552190899848938,0.06539363414049149,1.3418015241622925,0.0,631.0,211,2,345,0,0,0,200,200,0
278,1112,722,89,724,1,right,0.06023095175623894,0.2745591104030609,0.1445329189300537,0.4561956524848938,0.06448142975568771,1.3384830951690674,0.0,631.0,212,2,345,0,0,0,200,200,0
279,1116,722,79,724,3,right+B,0.05945957824587822,0.27170559763908386,0.14053449034690857,0.4640752673149109,0.06422513723373413,1.3302311897277832,0.0,631.0,213,2,345,0,0,0,200,200,0
280,1120,722,79,724,1,right,0.06012696027755737,0.27326199412345886,0.14244304597377777,0.4591140151023865,0.06505410373210907,1.3363021612167358,-1.0,630.0,214,2,344,0,0,0,200,200,0
281,1124,722,79,724,1,right,0.06220337375998497,0.27609148621559143,0.15043151378631592,0.4446607530117035,0.06661279499530792,1.353867769241333,0.0,630.0,215,2,344,0,0,0,200,200,0
282,1128,722,93,724,4,right+A+B,0.060606714338064194,0.271945059299469,0.14524759352207184,0.4553975760936737,0.06680310517549515,1.343223214149475,0.0,630.0,216,2,344,0,0,0,200,200,0
283,1132,722,108,724,3,right+B,0.06150263547897339,0.2745218276977539,0.15749689936637878,0.43682563304901123,0.06965304166078568,1.364861249923706,0.0,630.0,217,2,344,0,0,0,200,200,0
284,1136,722,112,724,1,right,0.062314510345458984,0.27408450841903687,0.1535462588071823,0.43987056612968445,0.07018418610095978,1.3631263971328735,0.0,630.0,218,2,344,0,0,0,200,200,0
285,1140,722,106,724,1,right,0.06201700493693352,0.27137085795402527,0.15344353020191193,0.44276341795921326,0.07040520012378693,1.3615347146987915,-1.0,629.0,219,2,343,0,0,0,200,200,0
286,1144,722,89,724,2,right+A,0.06270258128643036,0.27503424882888794,0.155531108379364,0.4372055232524872,0.06952649354934692,1.3651890754699707,0.0,629.0,220,2,343,0,0,0,200,200,0
287,1148,722,79,724,0,NOOP,0.06315726786851883,0.27652302384376526,0.16166731715202332,0.4280126988887787,0.0706397220492363,1.3749198913574219,0.0,629.0,221,2,343,0,0,0,200,200,0
288,1152,722,79,724,3,right+B,0.06126624345779419,0.2741718590259552,0.15553803741931915,0.4405663013458252,0.06845751404762268,1.3600026369094849,0.0,629.0,222,2,343,0,0,0,200,200,0
289,1156,722,79,724,0,NOOP,0.06063954904675484,0.2750319242477417,0.1449497640132904,0.4561418890953064,0.06323681771755219,1.3375799655914307,0.0,629.0,223,2,343,0,0,0,200,200,0
290,1160,722,93,724,4,right+A+B,0.06002344563603401,0.27092108130455017,0.13343432545661926,0.47316884994506836,0.062452223151922226,1.3186824321746826,-1.0,628.0,224,2,342,0,0,0,200,200,0
291,1164,722,109,724,2,right+A,0.06004609167575836,0.2727375626564026,0.1389874368906021,0.4648674726486206,0.06336145848035812,1.3284130096435547,0.0,628.0,225,2,342,0,0,0,200,200,0
292,1168,722,122,724,2,right+A,0.061568889766931534,0.27796825766563416,0.1443498283624649,0.4503845274448395,0.06572846323251724,1.3450675010681152,0.0,628.0,226,2,342,0,0,0,200,200,0
293,1172,722,130,724,1,right,0.06117724999785423,0.275081068277359,0.15069270133972168,0.4428245425224304,0.07022444158792496,1.3583970069885254,0.0,628.0,227,2,342,0,0,0,200,200,0
294,1176,722,129,724,3,right+B,0.059591833502054214,0.27392902970314026,0.14660438895225525,0.4537835419178009,0.06609123945236206,1.342354655265808,0.0,628.0,228,2,342,0,0,0,200,200,0
295,1180,722,117,724,1,right,0.0590355321764946,0.27080148458480835,0.1444578915834427,0.4581069052219391,0.06759817153215408,1.3400505781173706,-1.0,627.0,229,2,341,0,0,0,200,200,0
296,1184,722,97,724,0,NOOP,0.060140036046504974,0.2712876498699188,0.14543867111206055,0.45512712001800537,0.06800659745931625,1.344457745552063,0.0,627.0,230,2,341,0,0,0,200,200,0
297,1188,722,79,724,1,right,0.06075841933488846,0.2751028537750244,0.14929752051830292,0.44645270705223083,0.06838849931955338,1.352646827697754,0.0,627.0,231,2,341,0,0,0,200,200,0
298,1192,722,79,724,3,right+B,0.060800183564424515,0.2741253674030304,0.14420458674430847,0.4557637870311737,0.06510612368583679,1.3402538299560547,0.0,627.0,232,2,341,0,0,0,200,200,0
299,1196,722,79,724,1,right,0.060805581510066986,0.27356359362602234,0.13487546145915985,0.4687374532222748,0.06201787292957306,1.3226675987243652,0.0,627.0,233,2,341,0,0,0,200,200,0
300,1200,722,79,724,3,right+B,0.060200389474630356,0.2706173062324524,0.13371260464191437,0.47326260805130005,0.06220702454447746,1.3187329769134521,-1.0,626.0,234,2,340,0,0,0,200,200,0
301,1204,722,79,724,3,right+B,0.05880254879593849,0.270174503326416,0.13338617980480194,0.4767894446849823,0.06084725633263588,1.312386155128479,0.0,626.0,235,2,340,0,0,0,200,200,0
302,1208,722,93,724,2,right+A,0.05865737423300743,0.26947954297065735,0.1328638195991516,0.47778016328811646,0.06121911481022835,1.3117835521697998,0.0,626.0,236,2,340,0,0,0,200,200,0
303,1212,722,108,724,3,right+B,0.056954316794872284,0.26714858412742615,0.12837563455104828,0.48720765113830566,0.06031380221247673,1.2990614175796509,0.0,626.0,237,2,340,0,0,0,200,200,0
304,1216,722,112,724,3,right+B,0.058204472064971924,0.2699405550956726,0.13036395609378815,0.47903773188591003,0.06245327368378639,1.310394048690796,0.0,626.0,238,2,340,0,0,0,200,200,0
305,1220,722,106,724,3,right+B,0.05932820215821266,0.2676936984062195,0.13473711907863617,0.47343578934669495,0.06480523943901062,1.3217878341674805,-1.0,625.0,239,2,339,0,0,0,200,200,0
306,1224,722,89,724,3,right+B,0.05929602310061455,0.269170880317688,0.13470546901226044,0.4732004404067993,0.06362711638212204,1.3201655149459839,0.0,625.0,240,2,339,0,0,0,200,200,0
307,1228,722,79,724,3,right+B,0.05854545533657074,0.26711833477020264,0.1284181773662567,0.4849654734134674,0.06095252186059952,1.3038188219070435,0.0,625.0,241,2,339,0,0,0,200,200,0
308,1232,722,79,724,0,NOOP,0.05861258879303932,0.26349255442619324,0.12537357211112976,0.4925635755062103,0.05995764210820198,1.2955609560012817,0.0,625.0,242,2,339,0,0,0,200,200,0
309,1236,722,79,724,1,right,0.05922988802194595,0.2657875120639801,0.12837408483028412,0.48600220680236816,0.06060624495148659,1.3036863803863525,0.0,625.0,243,2,339,0,0,0,200,200,0
310,1240,722,79,724,3,right+B,0.05936989188194275,0.26524192094802856,0.12799155712127686,0.48639243841171265,0.06100422516465187,1.303968071937561,-1.0,624.0,244,2,338,0,0,0,200,200,0
311,1244,722,79,724,3,right+B,0.05981489270925522,0.2658946216106415,0.13021273910999298,0.48376283049583435,0.060314904898405075,1.306801438331604,0.0,624.0,245,2,338,0,0,0,200,200,0
312,1248,722,79,724,1,right,0.059509117156267166,0.2659890949726105,0.13045459985733032,0.4830288887023926,0.06101830676198006,1.3079952001571655,0.0,624.0,246,2,338,0,0,0,200,200,0
313,1252,722,79,724,3,right+B,0.05925445631146431,0.26610323786735535,0.1304868757724762,0.48300912976264954,0.0611463263630867,1.307836651802063,0.0,624.0,247,2,338,0,0,0,200,200,0
314,1256,722,79,724,3,right+B,0.05865325406193733,0.2634992301464081,0.12755006551742554,0.4901128113269806,0.060184720903635025,1.2990827560424805,0.0,624.0,248,2,338,0,0,0,200,200,0
315,1260,722,79,724,1,right,0.059105243533849716,0.264284610748291,0.1298576146364212,0.4852346181869507,0.06151798740029335,1.3063695430755615,-1.0,623.0,249,2,337,0,0,0,200,200,0
316,1264,722,79,724,3,right+B,0.059191469103097916,0.26499325037002563,0.13017508387565613,0.4846299886703491,0.06101010739803314,1.3063472509384155,0.0,623.0,250,2,337,0,0,0,200,200,0
317,1268,722,79,724,3,right+B,0.058396801352500916,0.2616000175476074,0.12615245580673218,0.4944213628768921,0.059429291635751724,1.2938554286956787,0.0,623.0,251,2,337,0,0,0,200,200,0
318,1272,722,79,724,1,right,0.05880825221538544,0.26241838932037354,0.1275348961353302,0.4911905825138092,0.06004789099097252,1.2984302043914795,0.0,623.0,252,2,337,0,0,0,200,200,0
319,1276,722,79,724,3,right+B,0.059174276888370514,0.263424813747406,0.1298467069864273,0.48628178238868713,0.06127243861556053,1.3054678440093994,0.0,623.0,253,2,337,0,0,0,200,200,0
320,1280,722,79,724,3,right+B,0.059239793568849564,0.2638660967350006,0.12985962629318237,0.48604246973991394,0.060991961508989334,1.3053112030029297,-1.0,622.0,254,2,336,0,0,0,200,200,0
321,1284,722,79,724,3,right+B,0.059471555054187775,0.2643444836139679,0.13081322610378265,0.48437362909317017,0.060997124761343,1.3073532581329346,0.0,622.0,255,2,336,0,0,0,200,200,0
322,1288,722,93,724,2,right+A,0.060191404074430466,0.2665121257305145,0.13530483841896057,0.47634440660476685,0.06164722144603729,1.3172430992126465,0.0,622.0,256,2,336,0,0,0,200,200,0
323,1292,722,108,724,3,right+B,0.060543522238731384,0.2687593102455139,0.1398170292377472,0.4674074947834015,0.06347259879112244,1.3284916877746582,0.0,622.0,257,2,336,0,0,0,200,200,0
324,1296,722,112,724,3,right+B,0.05989178642630577,0.268265038728714,0.1380266547203064,0.47086262702941895,0.06295396387577057,1.323659896850586,0.0,622.0,258,2,336,0,0,0,200,200,0
325,1300,722,106,724,1,right,0.060370899736881256,0.26701268553733826,0.14174704253673553,0.4660973846912384,0.0647720918059349,1.3320622444152832,-1.0,621.0,259,2,335,0,0,0,200,200,0
326,1304,722,89,724,3,right+B,0.05955423042178154,0.26694780588150024,0.13795968890190125,0.471979558467865,0.06355877965688705,1.3233492374420166,0.0,621.0,260,2,335,0,0,0,200,200,0
327,1308,722,79,724,3,right+B,0.05856693163514137,0.2649553120136261,0.13256527483463287,0.4822204113006592,0.06169212982058525,1.3095316886901855,0.0,621.0,261,2,335,0,0,0,200,200,0
328,1312,722,79,724,3,right+B,0.05781504884362221,0.2622070014476776,0.12753069400787354,0.4924231767654419,0.06002412736415863,1.296123743057251,0.0,621.0,262,2,335,0,0,0,200,200,0
329,1316,722,79,724,1,right,0.058367714285850525,0.2636449337005615,0.12956346571445465,0.48863232135772705,0.05979156494140625,1.300432801246643,0.0,621.0,263,2,335,0,0,0,200,200,0
330,1320,722,79,724,1,right,0.05814838036894798,0.2631482779979706,0.12825822830200195,0.48982277512550354,0.060622263699769974,1.299657940864563,-1.0,620.0,264,2,334,0,0,0,200,200,0
331,1324,722,79,724,1,right,0.058501336723566055,0.26338991522789,0.1297464668750763,0.4877822995185852,0.06057992950081825,1.3024522066116333,0.0,620.0,265,2,334,0,0,0,200,200,0
332,1328,722,93,724,2,right+A,0.05890544876456261,0.26400092244148254,0.13051477074623108,0.4859083592891693,0.06067054718732834,1.3048841953277588,0.0,620.0,266,2,334,0,0,0,200,200,0
333,1332,722,108,724,1,right,0.05977872014045715,0.26695358753204346,0.13628579676151276,0.4737948477268219,0.06318707019090652,1.320997714996338,0.0,620.0,267,2,334,0,0,0,200,200,0
334,1336,722,112,724,4,right+A+B,0.06014634668827057,0.2686920762062073,0.13825316727161407,0.46934375166893005,0.06356470286846161,1.325925350189209,0.0,620.0,268,2,334,0,0,0,200,200,0
335,1340,722,106,724,3,right+B,0.060722772032022476,0.26721054315567017,0.14315786957740784,0.46375569701194763,0.06515313684940338,1.3353078365325928,-1.0,619.0,269,2,333,0,0,0,200,200,0
336,1344,722,89,724,4,right+A+B,0.05970659852027893,0.266965389251709,0.13936932384967804,0.47053590416908264,0.0634227991104126,1.3251259326934814,0.0,619.0,270,2,333,0,0,0,200,200,0
337,1348,722,79,724,3,right+B,0.059066738933324814,0.2664807140827179,0.135055810213089,0.47727009654045105,0.06212664768099785,1.315551519393921,0.0,619.0,271,2,333,0,0,0,200,200,0
338,1352,722,79,724,3,right+B,0.05807667225599289,0.2629534602165222,0.1293516308069229,0.4894636273384094,0.06015460565686226,1.29986572265625,0.0,619.0,272,2,333,0,0,0,200,200,0
339,1356,722,79,724,3,right+B,0.05859213322401047,0.2643570303916931,0.13082925975322723,0.48630091547966003,0.05992066115140915,1.303287148475647,0.0,619.0,273,2,333,0,0,0,200,200,0
340,1360,722,79,724,1,right,0.058475758880376816,0.2640047073364258,0.12940411269664764,0.4871751070022583,0.06094028428196907,1.3030723333358765,-1.0,618.0,274,2,332,0,0,0,200,200,0
341,1364,722,79,724,3,right+B,0.058400969952344894,0.263171523809433,0.12968720495700836,0.48827481269836426,0.06046544015407562,1.3017866611480713,0.0,618.0,275,2,332,0,0,0,200,200,0
342,1368,722,79,724,1,right,0.05826212838292122,0.2626567482948303,0.12838368117809296,0.49084869027137756,0.05984869971871376,1.2981401681900024,0.0,618.0,276,2,332,0,0,0,200,200,0
343,1372,722,79,724,3,right+B,0.05848812684416771,0.26372048258781433,0.12983448803424835,0.4873175323009491,0.060639388859272,1.3028678894042969,0.0,618.0,277,2,332,0,0,0,200,200,0
344,1376,722,79,724,3,right+B,0.05895507335662842,0.2648581266403198,0.13159269094467163,0.48303523659706116,0.06155889108777046,1.3087563514709473,0.0,618.0,278,2,332,0,0,0,200,200,0
345,1380,722,79,724,3,right+B,0.05865561589598656,0.26329293847084045,0.13076169788837433,0.4865442216396332,0.060745541006326675,1.30440354347229,-1.0,617.0,279,2,331,0,0,0,200,200,0
346,1384,722,79,724,3,right+B,0.05972152203321457,0.26496949791908264,0.13342924416065216,0.4806426465511322,0.06123717874288559,1.312136173248291,0.0,617.0,280,2,331,0,0,0,200,200,0
347,1388,722,79,724,3,right+B,0.06063015013933182,0.2670261561870575,0.1366722136735916,0.4734576940536499,0.06221376731991768,1.3213081359863281,0.0,617.0,281,2,331,0,0,0,200,200,0
348,1392,722,79,724,3,right+B,0.05966712906956673,0.2651755213737488,0.1337643563747406,0.4806811511516571,0.06071186065673828,1.3114898204803467,0.0,617.0,282,2,331,0,0,0,200,200,0
349,1396,722,79,724,3,right+B,0.059726614505052567,0.2652773857116699,0.13298766314983368,0.4811350107192993,0.06087329983711243,1.3110122680664062,0.0,617.0,283,2,331,0,0,0,200,200,0
350,1400,722,79,724,1,right,0.05964029207825661,0.2647262513637543,0.1322609782218933,0.48221299052238464,0.061159487813711166,1.3101568222045898,-1.0,616.0,284,2,330,0,0,0,200,200,0
351,1404,722,93,724,2,right+A,0.05934714153409004,0.26482224464416504,0.1311999410390854,0.48378196358680725,0.06084871292114258,1.3075788021087646,0.0,616.0,285,2,330,0,0,0,200,200,0
352,1408,722,108,724,3,right+B,0.06049008294939995,0.2682798206806183,0.13465984165668488,0.473611980676651,0.0629582405090332,1.3207266330718994,0.0,616.0,286,2,330,0,0,0,200,200,0
353,1412,722,112,724,3,right+B,0.059551090002059937,0.26549676060676575,0.1314549744129181,0.4816022217273712,0.061894942075014114,1.3108997344970703,0.0,616.0,287,2,330,0,0,0,200,200,0
354,1416,722,106,724,1,right,0.059727273881435394,0.26361924409866333,0.134310781955719,0.4788808822631836,0.06346186250448227,1.3170078992843628,0.0,616.0,288,2,330,0,0,0,200,200,0
355,1420,722,89,724,3,right+B,0.059515371918678284,0.2642081081867218,0.13271693885326385,0.4804731607437134,0.0630863606929779,1.3141188621520996,-1.0,615.0,289,2,329,0,0,0,200,200,0
356,1424,722,79,724,3,right+B,0.059511665254831314,0.2657148241996765,0.1326369047164917,0.4791901111602783,0.06294652819633484,1.3146190643310547,0.0,615.0,290,2,329,0,0,0,200,200,0
357,1428,722,79,724,3,right+B,0.05842481553554535,0.2625778317451477,0.12810836732387543,0.49004414677619934,0.06084487959742546,1.3001551628112793,0.0,615.0,291,2,329,0,0,0,200,200,0
358,1432,722,79,724,1,right,0.059473417699337006,0.2656584084033966,0.13044562935829163,0.4841776490211487,0.060244955122470856,1.3061050176620483,0.0,615.0,292,2,329,0,0,0,200,200,0
359,1436,722,93,724,2,right+A,0.05985370650887489,0.26710274815559387,0.1306314617395401,0.48056280612945557,0.061849359422922134,1.3113164901733398,0.0,615.0,293,2,329,0,0,0,200,200,0
360,1440,722,108,724,3,right+B,0.06008104234933853,0.2679527997970581,0.13340097665786743,0.47561386227607727,0.06295132637023926,1.3180899620056152,-1.0,614.0,294,2,328,0,0,0,200,200,0
361,1444,722,112,724,4,right+A+B,0.05990063399076462,0.27047666907310486,0.13345319032669067,0.47322168946266174,0.06294777244329453,1.3192058801651,0.0,614.0,295,2,328,0,0,0,200,200,0
362,1448,722,106,724,3,right+B,0.058802321553230286,0.26631149649620056,0.132750004529953,0.4791337251663208,0.06300238519906998,1.3137450218200684,0.0,614.0,296,2,328,0,0,0,200,200,0
363,1452,722,89,724,3,right+B,0.058767590671777725,0.2679678201675415,0.1297135353088379,0.48135703802108765,0.06219404563307762,1.3090571165084839,0.0,614.0,297,2,328,0,0,0,200,200,0
364,1456,722,79,724,1,right,0.059259846806526184,0.2688743770122528,0.1279585361480713,0.48272958397865295,0.06117776408791542,1.3062167167663574,0.0,614.0,298,2,328,0,0,0,200,200,0
365,1460,722,79,724,1,right,0.05777997151017189,0.2641622722148895,0.12387071549892426,0.49467286467552185,0.059514183551073074,1.291195273399353,-1.0,613.0,299,2,327,0,0,0,200,200,0
366,1464,722,79,724,3,right+B,0.058319348841905594,0.26587432622909546,0.12596872448921204,0.49085140228271484,0.05898623168468475,1.2951719760894775,0.0,613.0,300,2,327,0,0,0,200,200,0
367,1468,722,79,724,1,right,0.05836998298764229,0.2693520188331604,0.12671920657157898,0.4860856831073761,0.059473082423210144,1.2994139194488525,0.0,613.0,301,2,327,0,0,0,200,200,0
368,1472,722,79,724,1,right,0.0575675405561924,0.26549574732780457,0.1273234784603119,0.48998627066612244,0.059627026319503784,1.2965216636657715,0.0,613.0,302,2,327,0,0,0,200,200,0
369,1476,722,79,724,3,right+B,0.05917496606707573,0.2695302963256836,0.13070131838321686,0.4790756106376648,0.06151789799332619,1.3107218742370605,0.0,613.0,303,2,327,0,0,0,200,200,0
370,1480,722,79,724,3,right+B,0.06036435440182686,0.2731322646141052,0.1354864090681076,0.4676107168197632,0.06340629607439041,1.3250832557678223,-1.0,612.0,304,2,326,0,0,0,200,200,0
371,1484,722,93,724,2,right+A,0.06018437072634697,0.27208197116851807,0.13810889422893524,0.46710658073425293,0.0625181719660759,1.3255903720855713,0.0,612.0,305,2,326,0,0,0,200,200,0
372,1488,722,108,724,3,right+B,0.06025214493274689,0.2745470702648163,0.14317414164543152,0.45789575576782227,0.06413086503744125,1.3362617492675781,0.0,612.0,306,2,326,0,0,0,200,200,0
373,1492,722,112,724,2,right+A,0.06158534064888954,0.2776642143726349,0.14804908633232117,0.44638893008232117,0.06631235778331757,1.3502188920974731,0.0,612.0,307,2,326,0,0,0,200,200,0
374,1496,722,106,724,3,right+B,0.06201918423175812,0.27500709891319275,0.14800836145877838,0.4470618665218353,0.06790347397327423,1.3527719974517822,0.0,612.0,308,2,326,0,0,0,200,200,0
375,1500,722,89,724,3,right+B,0.060884248465299606,0.2758648693561554,0.14268532395362854,0.45523005723953247,0.06533556431531906,1.3399913311004639,-1.0,611.0,309,2,325,0,0,0,200,200,0
376,1504,722,79,724,0,NOOP,0.060375310480594635,0.27245306968688965,0.1402921974658966,0.4634619653224945,0.06341749429702759,1.3306126594543457,0.0,611.0,310,2,325,0,0,0,200,200,0
377,1508,722,79,724,3,right+B,0.05914242938160896,0.26922357082366943,0.13671907782554626,0.47258260846138,0.06233227252960205,1.3197795152664185,0.0,611.0,311,2,325,0,0,0,200,200,0
378,1512,722,93,724,2,right+A,0.0592133030295372,0.2713957130908966,0.13655607402324677,0.47191521525382996,0.06091976538300514,1.3180599212646484,0.0,611.0,312,2,325,0,0,0,200,200,0
379,1516,722,108,724,3,right+B,0.06044355407357216,0.27312764525413513,0.1433849334716797,0.45702770352363586,0.06601616740226746,1.339842438697815,0.0,611.0,313,2,325,0,0,0,200,200,0
380,1520,722,112,724,2,right+A,0.06221199035644531,0.2784246504306793,0.15227822959423065,0.43826615810394287,0.06881900131702423,1.3610830307006836,-1.0,610.0,314,2,324,0,0,0,200,200,0
381,1524,722,106,724,3,right+B,0.061625901609659195,0.2721276581287384,0.1532742828130722,0.44463977217674255,0.06833238154649734,1.3571085929870605,0.0,610.0,315,2,324,0,0,0,200,200,0
382,1528,722,89,724,3,right+B,0.0622430145740509,0.27444079518318176,0.15775741636753082,0.43672850728034973,0.06883017718791962,1.365020513534546,0.0,610.0,316,2,324,0,0,0,200,200,0
383,1532,722,79,724,1,right,0.06169282644987106,0.27374374866485596,0.15151289105415344,0.4467373192310333,0.06631319969892502,1.3523266315460205,0.0,610.0,317,2,324,0,0,0,200,200,0
384,1536,722,79,724,3,right+B,0.06080963462591171,0.27167728543281555,0.14558638632297516,0.4572913348674774,0.06463540345430374,1.3396804332733154,0.0,610.0,318,2,324,0,0,0,200,200,0
385,1540,722,79,724,3,right+B,0.06257109344005585,0.276900053024292,0.153666689991951,0.44004571437835693,0.06681648641824722,1.3588085174560547,-1.0,609.0,319,2,323,0,0,0,200,200,0
386,1544,722,79,724,3,right+B,0.06195571646094322,0.27425283193588257,0.15123799443244934,0.4450671076774597,0.06748631596565247,1.3550221920013428,0.0,609.0,320,2,323,0,0,0,200,200,0
387,1548,722,79,724,1,right,0.06089937314391136,0.2746860384941101,0.14945894479751587,0.44930070638656616,0.06565496325492859,1.3477091789245605,0.0,609.0,321,2,323,0,0,0,200,200,0
388,1552,722,79,724,3,right+B,0.060770321637392044,0.2729751467704773,0.13950283825397491,0.46374720335006714,0.06300456076860428,1.3299248218536377,0.0,609.0,322,2,323,0,0,0,200,200,0
389,1556,722,93,724,4,right+A+B,0.05989421159029007,0.2690163552761078,0.13074840605258942,0.47959303855895996,0.060747891664505005,1.3104009628295898,0.0,609.0,323,2,323,0,0,0,200,200,0
390,1560,722,108,724,1,right,0.060883790254592896,0.2737440764904022,0.14135779440402985,0.4598419666290283,0.0641724243760109,1.3350818157196045,-1.0,608.0,324,2,322,0,0,0,200,200,0
391,1564,722,112,724,3,right+B,0.061298806220293045,0.27766168117523193,0.14512157440185547,0.44988876581192017,0.06602919101715088,1.3458353281021118,0.0,608.0,325,2,322,0,0,0,200,200,0
392,1568,722,106,724,3,right+B,0.06022592633962631,0.2727248966693878,0.14643996953964233,0.45451486110687256,0.06609433889389038,1.3428475856781006,0.0,608.0,326,2,322,0,0,0,200,200,0
393,1572,722,89,724,0,NOOP,0.0606970340013504,0.2736800014972687,0.14793969690799713,0.4517125189304352,0.06597071886062622,1.345727801322937,0.0,608.0,327,2,322,0,0,0,200,200,0
394,1576,722,79,724,1,right,0.06069020554423332,0.2739725410938263,0.14557324349880219,0.4554916322231293,0.06427241861820221,1.3398951292037964,0.0,608.0,328,2,322,0,0,0,200,200,0
395,1580,722,79,724,1,right,0.05974555388092995,0.27081015706062317,0.13970577716827393,0.4676022231578827,0.06213638558983803,1.3251665830612183,-1.0,607.0,329,2,321,0,0,0,200,200,0
396,1584,722,79,724,1,right,0.05995853245258331,0.2747054398059845,0.14186780154705048,0.4618951082229614,0.06157311797142029,1.329124927520752,0.0,607.0,330,2,321,0,0,0,200,200,0
397,1588,722,79,724,3,right+B,0.060241322964429855,0.27549710869789124,0.13679273426532745,0.46522918343544006,0.06223968416452408,1.3253567218780518,0.0,607.0,331,2,321,0,0,0,200,200,0
398,1592,722,93,724,2,right+A,0.06086583063006401,0.2741597294807434,0.13562841713428497,0.4667896032333374,0.06255640834569931,1.325129747390747,0.0,607.0,332,2,321,0,0,0,200,200,0
399,1596,722,108,724,3,right+B,0.06058179587125778,0.2730017304420471,0.13884685933589935,0.4637378752231598,0.06383176147937775,1.3304119110107422,0.0,607.0,333,2,321,0,0,0,200,200,0
400,1600,722,112,724,3,right+B,0.05969470739364624,0.2727777063846588,0.13786481320858002,0.4671913683414459,0.0624714270234108,1.324568271636963,-1.0,606.0,334,2,320,0,0,0,200,200,0
401,1604,722,106,724,1,right,0.059910185635089874,0.2710207998752594,0.13698476552963257,0.4678366184234619,0.06424759328365326,1.3265314102172852,0.0,606.0,335,2,320,0,0,0,200,200,0
402,1608,722,89,724,1,right,0.05762511119246483,0.26847198605537415,0.13102217018604279,0.48185595870018005,0.06102483347058296,1.306243658065796,0.0,606.0,336,2,320,0,0,0,200,200,0
403,1612,722,79,724,2,right+A,0.0577111691236496,0.26631319522857666,0.1283770501613617,0.4866555333137512,0.06094305217266083,1.3014905452728271,0.0,606.0,337,2,320,0,0,0,200,200,0
404,1616,722,79,724,3,right+B,0.058141179382801056,0.26556307077407837,0.12654785811901093,0.48938870429992676,0.06035923957824707,1.298278570175171,0.0,606.0,338,2,320,0,0,0,200,200,0
405,1620,722,79,724,3,right+B,0.05908222496509552,0.267818808555603,0.13025350868701935,0.48299750685691833,0.05984797328710556,1.3054890632629395,-1.0,605.0,339,2,319,0,0,0,200,200,0
406,1624,722,79,724,3,right+B,0.059665925800800323,0.26857510209083557,0.13002067804336548,0.4812071919441223,0.06053110212087631,1.3082714080810547,0.0,605.0,340,2,319,0,0,0,200,200,0
407,1628,722,93,724,4,right+A+B,0.059560149908065796,0.26557984948158264,0.12995606660842896,0.4846521317958832,0.06025182828307152,1.3056105375289917,0.0,605.0,341,2,319,0,0,0,200,200,0
408,1632,722,108,724,1,right,0.060124438256025314,0.2678891122341156,0.13331009447574615,0.4764244854450226,0.06225190684199333,1.3166085481643677,0.0,605.0,342,2,319,0,0,0,200,200,0
409,1636,722,112,724,1,right,0.060417674481868744,0.26958250999450684,0.13461333513259888,0.47187474370002747,0.06351173669099808,1.3223676681518555,0.0,605.0,343,2,319,0,0,0,200,200,0
410,1640,722,106,724,3,right+B,0.06122066453099251,0.26848292350769043,0.13867796957492828,0.4661335349082947,0.06548500061035156,1.332324504852295,-1.0,604.0,344,2,318,0,0,0,200,200,0
411,1644,722,89,724,1,right,0.060193438082933426,0.2678804397583008,0.1359476000070572,0.47117525339126587,0.0648033544421196,1.325191855430603,0.0,604.0,345,2,318,0,0,0,200,200,0
412,1648,722,79,724,1,right,0.05920375883579254,0.2660712003707886,0.1307399570941925,0.48139017820358276,0.06259490549564362,1.3110159635543823,0.0,604.0,346,2,318,0,0,0,200,200,0
413,1652,722,79,724,3,right+B,0.05835394188761711,0.26229164004325867,0.12596574425697327,0.49290934205055237,0.06047936901450157,1.29616117477417,0.0,604.0,347,2,318,0,0,0,200,200,0
414,1656,722,79,724,1,right,0.05900052562355995,0.263410359621048,0.12892401218414307,0.4884355962276459,0.06022945046424866,1.3016968965530396,0.0,604.0,348,2,318,0,0,0,200,200,0
415,1660,722,79,724,3,right+B,0.05889607593417168,0.2636469900608063,0.12783905863761902,0.48927807807922363,0.06033986806869507,1.3004027605056763,-1.0,603.0,349,2,317,0,0,0,200,200,0
416,1664,722,79,724,3,right+B,0.05959239974617958,0.2638902962207794,0.13043558597564697,0.4852325916290283,0.06084911897778511,1.3065288066864014,0.0,603.0,350,2,317,0,0,0,200,200,0
417,1668,722,79,724,1,right,0.05971910431981087,0.2635985016822815,0.1310269832611084,0.48469462990760803,0.06096075847744942,1.3076236248016357,0.0,603.0,351,2,317,0,0,0,200,200,0
418,1672,722,79,724,0,NOOP,0.06019938364624977,0.2652990221977234,0.13432489335536957,0.4781235158443451,0.06205324828624725,1.316141128540039,0.0,603.0,352,2,317,0,0,0,200,200,0
419,1676,722,79,724,1,right,0.060560718178749084,0.26686617732048035,0.13590897619724274,0.47451654076576233,0.06214751675724983,1.3199878931045532,0.0,603.0,353,2,317,0,0,0,200,200,0
420,1680,722,93,724,2,right+A,0.05980583652853966,0.26557084918022156,0.13343024253845215,0.48049888014793396,0.060694221407175064,1.3115496635437012,-1.0,602.0,354,2,316,0,0,0,200,200,0
421,1684,722,108,724,1,right,0.0603918693959713,0.2687232196331024,0.13769222795963287,0.46986496448516846,0.06332780420780182,1.3252854347229004,0.0,602.0,355,2,316,0,0,0,200,200,0
422,1688,722,112,724,1,right,0.06014232337474823,0.2682454586029053,0.13829894363880157,0.46967580914497375,0.06363750249147415,1.325868844985962,0.0,602.0,356,2,316,0,0,0,200,200,0
423,1692,722,106,724,1,right,0.06037163361907005,0.26637938618659973,0.13977201282978058,0.4687664806842804,0.06471046060323715,1.3292160034179688,0.0,602.0,357,2,316,0,0,0,200,200,0
424,1696,722,89,724,3,right+B,0.05986173450946808,0.2670685946941376,0.1376076340675354,0.47168317437171936,0.06377890706062317,1.3240609169006348,0.0,602.0,358,2,316,0,0,0,200,200,0
425,1700,722,79,724,4,right+A+B,0.0590222142636776,0.26522570848464966,0.1332273632287979,0.48056140542030334,0.061963293701410294,1.3120591640472412,-1.0,601.0,359,2,315,0,0,0,200,200,0
426,1704,722,79,724,1,right,0.058212172240018845,0.26244494318962097,0.1284734308719635,0.4907856285572052,0.06008389964699745,1.298516035079956,0.0,601.0,360,2,315,0,0,0,200,200,0
427,1708,722,79,724,1,right,0.05876147747039795,0.26426348090171814,0.13063718378543854,0.48632141947746277,0.06001640856266022,1.3035361766815186,0.0,601.0,361,2,315,0,0,0,200,200,0
428,1712,722,79,724,1,right,0.05890145152807236,0.264604777097702,0.1307389885187149,0.4843791425228119,0.061375681310892105,1.3069984912872314,0.0,601.0,362,2,315,0,0,0,200,200,0
429,1716,722,79,724,1,right,0.05926521122455597,0.2646065056324005,0.13279418647289276,0.48205992579460144,0.061274100095033646,1.310225009918213,0.0,601.0,363,2,315,0,0,0,200,200,0
430,1720,722,79,724,3,right+B,0.0595313124358654,0.2648976147174835,0.1335197389125824,0.4811394214630127,0.06091192737221718,1.311141014099121,-1.0,600.0,364,2,314,0,0,0,200,200,0
431,1724,722,93,724,2,right+A,0.060046061873435974,0.26673033833503723,0.13620711863040924,0.47513121366500854,0.06188519299030304,1.3186858892440796,0.0,600.0,365,2,314,0,0,0,200,200,0
432,1728,722,108,724,3,right+B,0.06017887964844704,0.26861143112182617,0.1390352100133896,0.46891164779663086,0.06326285004615784,1.3262962102890015,0.0,600.0,366,2,314,0,0,0,200,200,0
433,1732,722,112,724,3,right+B,0.060084372758865356,0.2687201201915741,0.13820204138755798,0.46967652440071106,0.06331686675548553,1.3252549171447754,0.0,600.0,367,2,314,0,0,0,200,200,0
434,1736,722,106,724,3,right+B,0.0602756142616272,0.26662009954452515,0.14030687510967255,0.46808764338493347,0.0647098571062088,1.3297994136810303,0.0,600.0,368,2,314,0,0,0,200,200,0
435,1740,722,89,724,1,right,0.059732574969530106,0.26697012782096863,0.13748112320899963,0.4721100926399231,0.06370602548122406,1.3234361410140991,-1.0,599.0,369,2,313,0,0,0,200,200,0
436,1744,722,79,724,1,right,0.05919068679213524,0.26592937111854553,0.13375693559646606,0.4788338541984558,0.062289174646139145,1.314171314239502,0.0,599.0,370,2,313,0,0,0,200,200,0
437,1748,722,79,724,3,right+B,0.05806979909539223,0.2623027265071869,0.12809981405735016,0.49147602915763855,0.06005164980888367,1.2975537776947021,0.0,599.0,371,2,313,0,0,0,200,200,0
438,1752,722,79,724,1,right,0.05880119279026985,0.2643566429615021,0.1308588832616806,0.48591646552085876,0.06006679683923721,1.304073452949524,0.0,599.0,372,2,313,0,0,0,200,200,0
439,1756,722,93,724,2,right+A,0.058636944741010666,0.26395946741104126,0.12977154552936554,0.4867169260978699,0.06091514602303505,1.3038203716278076,0.0,599.0,373,2,313,0,0,0,200,200,0
440,1760,722,109,724,2,right+A,0.06016393378376961,0.267863392829895,0.1380894035100937,0.4700276553630829,0.0638556107878685,1.3258781433105469,-1.0,598.0,374,2,312,0,0,0,200,200,0
441,1764,722,122,724,4,right+A+B,0.05982064828276634,0.2672467827796936,0.13703450560569763,0.4725852906703949,0.06331279128789902,1.3224351406097412,0.0,598.0,375,2,312,0,0,0,200,200,0
442,1768,722,130,724,1,right,0.0615558847784996,0.26838070154190063,0.1486998051404953,0.452560156583786,0.06880342960357666,1.3509740829467773,0.0,598.0,376,2,312,0,0,0,200,200,0
443,1772,722,129,724,1,right,0.05955387279391289,0.26845309138298035,0.14198623597621918,0.4653718173503876,0.06463497877120972,1.3311985731124878,0.0,598.0,377,2,312,0,0,0,200,200,0
444,1776,722,117,724,1,right,0.05916753038764,0.2664063274860382,0.14164946973323822,0.4673980176448822,0.06537865102291107,1.3303284645080566,0.0,598.0,378,2,312,0,0,0,200,200,0
445,1780,722,97,724,1,right,0.06003032252192497,0.2663795053958893,0.1414233148097992,0.4657600224018097,0.06640683859586716,1.333831548690796,-1.0,597.0,379,2,311,0,0,0,200,200,0
446,1784,722,79,724,3,right+B,0.06004728376865387,0.2672470510005951,0.140057772397995,0.46692758798599243,0.0657203197479248,1.3313732147216797,0.0,597.0,380,2,311,0,0,0,200,200,0
447,1788,722,79,724,1,right,0.059669144451618195,0.2641153037548065,0.13360631465911865,0.4800195097923279,0.06258974224328995,1.3145149946212769,0.0,597.0,381,2,311,0,0,0,200,200,0
448,1792,722,79,724,1,right,0.059249021112918854,0.263192743062973,0.12883567810058594,0.48886576294898987,0.059856828302145004,1.301188349723816,0.0,597.0,382,2,311,0,0,0,200,200,0
449,1796,722,79,724,3,right+B,0.059410154819488525,0.26349905133247375,0.1286582201719284,0.48769617080688477,0.06073639914393425,1.3033204078674316,0.0,597.0,383,2,311,0,0,0,200,200,0
450,1800,722,79,724,3,right+B,0.05901471525430679,0.26340964436531067,0.1288662850856781,0.488438218832016,0.06027117371559143,1.3017369508743286,-1.0,596.0,384,2,310,0,0,0,200,200,0
451,1804,722,79,724,3,right+B,0.05933699011802673,0.2636646628379822,0.12963157892227173,0.48712578415870667,0.06024104356765747,1.3035271167755127,0.0,596.0,385,2,310,0,0,0,200,200,0
452,1808,722,79,724,1,right,0.059983883053064346,0.26473256945610046,0.13110566139221191,0.48336589336395264,0.06081201136112213,1.3086580038070679,0.0,596.0,386,2,310,0,0,0,200,200,0
453,1812,722,79,724,3,right+B,0.060028042644262314,0.2647985816001892,0.1319166123867035,0.4820560812950134,0.061200667172670364,1.3106484413146973,0.0,596.0,387,2,310,0,0,0,200,200,0
454,1816,722,79,724,1,right,0.06017959117889404,0.2648107409477234,0.13259099423885345,0.4809821546077728,0.06143656000494957,1.312328577041626,0.0,596.0,388,2,310,0,0,0,200,200,0
455,1820,722,79,724,3,right+B,0.06030164659023285,0.2654536962509155,0.13312387466430664,0.47964075207710266,0.06147996336221695,1.3137378692626953,-1.0,595.0,389,2,309,0,0,0,200,200,0
456,1824,722,79,724,3,right+B,0.06010344624519348,0.2667108476161957,0.13300153613090515,0.4794001579284668,0.06078403815627098,1.3124768733978271,0.0,595.0,390,2,309,0,0,0,200,200,0
457,1828,722,79,724,3,right+B,0.059589922428131104,0.266023725271225,0.12991708517074585,0.48361489176750183,0.06085442006587982,1.3071407079696655,0.0,595.0,391,2,309,0,0,0,200,200,0
458,1832,722,79,724,3,right+B,0.05966637283563614,0.2660164535045624,0.12931813299655914,0.4835602045059204,0.06143883615732193,1.3077161312103271,0.0,595.0,392,2,309,0,0,0,200,200,0
459,1836,722,79,724,3,right+B,0.05928755924105644,0.26454177498817444,0.12705780565738678,0.48822087049484253,0.06089203432202339,1.3018828630447388,0.0,595.0,393,2,309,0,0,0,200,200,0
460,1840,722,79,724,3,right+B,0.05937075987458229,0.26650917530059814,0.12762244045734406,0.4857461750507355,0.06075148656964302,1.3037164211273193,-1.0,594.0,394,2,308,0,0,0,200,200,0
461,1844,722,79,724,3,right+B,0.05859510600566864,0.26679760217666626,0.12595175206661224,0.4885995388031006,0.06005605682730675,1.2985519170761108,0.0,594.0,395,2,308,0,0,0,200,200,0
462,1848,722,93,724,2,right+A,0.05789025500416756,0.26385563611984253,0.1232619360089302,0.49597084522247314,0.05902128666639328,1.2893474102020264,0.0,594.0,396,2,308,0,0,0,200,200,0
463,1852,722,108,724,3,right+B,0.05906778573989868,0.26832181215286255,0.1272958517074585,0.4839268624782562,0.061387691646814346,1.305039644241333,0.0,594.0,397,2,308,0,0,0,200,200,0
464,1856,722,112,724,2,right+A,0.06043926998972893,0.2719847857952118,0.1346990317106247,0.4685213267803192,0.06435561925172806,1.325528621673584,0.0,594.0,398,2,308,0,0,0,200,200,0
465,1860,722,106,724,3,right+B,0.06023872271180153,0.2685908377170563,0.1378936469554901,0.46832069754600525,0.06495615094900131,1.3283843994140625,-1.0,593.0,399,2,307,0,0,0,200,200,0
466,1864,722,89,724,4,right+A+B,0.05969039350748062,0.27082589268684387,0.13519024848937988,0.4719235897064209,0.062369853258132935,1.3199833631515503,0.0,593.0,400,2,307,0,0,0,200,200,0
467,1868,722,79,724,3,right+B,0.05980825424194336,0.27196571230888367,0.1356453001499176,0.4704877734184265,0.06209292262792587,1.3208625316619873,0.0,593.0,401,2,307,0,0,0,200,200,0
468,1872,722,79,724,3,right+B,0.058908697217702866,0.26920285820961,0.13327477872371674,0.47693026065826416,0.06168349087238312,1.3136281967163086,0.0,593.0,402,2,307,0,0,0,200,200,0
469,1876,722,79,724,1,right,0.05977638438344002,0.2741958498954773,0.1357412189245224,0.4688558876514435,0.06143069639801979,1.3207817077636719,0.0,593.0,403,2,307,0,0,0,200,200,0
470,1880,722,79,724,1,right,0.05920226499438286,0.2724624574184418,0.1355213224887848,0.47077882289886475,0.06203509494662285,1.3196098804473877,-1.0,592.0,404,2,306,0,0,0,200,200,0
471,1884,722,79,724,1,right,0.059559859335422516,0.27178487181663513,0.13755032420158386,0.46883806586265564,0.06226694956421852,1.3229557275772095,0.0,592.0,405,2,306,0,0,0,200,200,0
472,1888,722,93,724,2,right+A,0.061344459652900696,0.27506208419799805,0.14156246185302734,0.4581833779811859,0.0638476014137268,1.3362897634506226,0.0,592.0,406,2,306,0,0,0,200,200,0
473,1892,722,108,724,1,right,0.0624396987259388,0.27791929244995117,0.14553919434547424,0.4479063153266907,0.0661955401301384,1.3490095138549805,0.0,592.0,407,2,306,0,0,0,200,200,0
474,1896,722,112,724,1,right,0.06084584444761276,0.27595454454421997,0.13971763849258423,0.4591057300567627,0.06437626481056213,1.3345990180969238,0.0,592.0,408,2,306,0,0,0,200,200,0
475,1900,722,106,724,1,right,0.06124083325266838,0.27298635244369507,0.14537875354290009,0.45489150285720825,0.06550254672765732,1.3426741361618042,-1.0,591.0,409,2,305,0,0,0,200,200,0
476,1904,722,89,724,1,right,0.06092970445752144,0.27398571372032166,0.14646893739700317,0.4534112215042114,0.06520438939332962,1.3432164192199707,0.0,591.0,410,2,305,0,0,0,200,200,0
477,1908,722,79,724,3,right+B,0.05962825194001198,0.27182310819625854,0.1417645663022995,0.46321868896484375,0.06356541812419891,1.3307956457138062,0.0,591.0,411,2,305,0,0,0,200,200,0
478,1912,722,79,724,3,right+B,0.060044653713703156,0.2718689739704132,0.1387067437171936,0.46626847982406616,0.06311114132404327,1.3271048069000244,0.0,591.0,412,2,305,0,0,0,200,200,0
479,1916,722,79,724,1,right,0.06296192109584808,0.2769808769226074,0.15636438131332397,0.436704158782959,0.06698863953351974,1.362733244895935,0.0,591.0,413,2,305,0,0,0,200,200,0
480,1920,722,79,724,3,right+B,0.06176130473613739,0.27397623658180237,0.15078790485858917,0.446277379989624,0.06719724088907242,1.3534705638885498,-1.0,590.0,414,2,304,0,0,0,200,200,0
481,1924,722,79,724,3,right+B,0.062427621334791183,0.275844544172287,0.15710435807704926,0.4369984269142151,0.0676250010728836,1.3631244897842407,0.0,590.0,415,2,304,0,0,0,200,200,0
482,1928,722,79,724,3,right+B,0.062207888811826706,0.2735179662704468,0.15130656957626343,0.4461795389652252,0.06678807735443115,1.3539140224456787,0.0,590.0,416,2,304,0,0,0,200,200,0
483,1932,722,79,724,1,right,0.061652276664972305,0.2733781039714813,0.1437482386827469,0.456209272146225,0.0650121346116066,1.3408743143081665,0.0,590.0,417,2,304,0,0,0,200,200,0
484,1936,722,79,724,1,right,0.06168068200349808,0.27332863211631775,0.14591526985168457,0.45320814847946167,0.06586732715368271,1.3450429439544678,0.0,590.0,418,2,304,0,0,0,200,200,0
485,1940,722,93,724,2,right+A,0.06249473616480827,0.27415528893470764,0.15322105586528778,0.44175735116004944,0.06837159395217896,1.359815001487732,-1.0,589.0,419,2,303,0,0,0,200,200,0
486,1944,722,108,724,3,right+B,0.06172489747405052,0.27541327476501465,0.1531151831150055,0.4408941864967346,0.06885245442390442,1.3596842288970947,0.0,589.0,420,2,303,0,0,0,200,200,0
487,1948,722,112,724,1,right,0.060417283326387405,0.273286372423172,0.14380529522895813,0.4568637013435364,0.06562739610671997,1.3396042585372925,0.0,589.0,421,2,303,0,0,0,200,200,0
488,1952,722,106,724,3,right+B,0.06172768026590347,0.2718888521194458,0.1440073400735855,0.4557065963745117,0.06666955351829529,1.343765377998352,0.0,589.0,422,2,303,0,0,0,200,200,0
489,1956,722,89,724,3,right+B,0.061470840126276016,0.27319803833961487,0.1444665640592575,0.4554648697376251,0.06539967656135559,1.3419995307922363,0.0,589.0,423,2,303,0,0,0,200,200,0
490,1960,722,79,724,3,right+B,0.06193625181913376,0.27645787596702576,0.1471329629421234,0.44883108139038086,0.06564182788133621,1.3480350971221924,-1.0,588.0,424,2,302,0,0,0,200,200,0
491,1964,722,79,724,1,right,0.06028633192181587,0.2742539644241333,0.14303287863731384,0.4591485857963562,0.06327829509973526,1.3343333005905151,0.0,588.0,425,2,302,0,0,0,200,200,0
492,1968,722,79,724,1,right,0.060027580708265305,0.27280816435813904,0.14447395503520966,0.46067580580711365,0.062014445662498474,1.3322120904922485,0.0,588.0,426,2,302,0,0,0,200,200,0
493,1972,722,79,724,3,right+B,0.06027992069721222,0.27340948581695557,0.1418701410293579,0.46115273237228394,0.06328776478767395,1.3325374126434326,0.0,588.0,427,2,302,0,0,0,200,200,0
494,1976,722,79,724,1,right,0.06019637733697891,0.27219799160957336,0.1425747573375702,0.4618595540523529,0.06317130476236343,1.3323283195495605,0.0,588.0,428,2,302,0,0,0,200,200,0
495,1980,722,93,724,4,right+A+B,0.059504434466362,0.2717488706111908,0.13717149198055267,0.46986106038093567,0.06171420216560364,1.321237325668335,-1.0,587.0,429,2,301,0,0,0,200,200,0
496,1984,722,108,724,1,right,0.060965556651353836,0.2769497036933899,0.14317657053470612,0.4541769325733185,0.06473131477832794,1.3400880098342896,0.0,587.0,430,2,301,0,0,0,200,200,0
497,1988,722,112,724,3,right+B,0.060747694224119186,0.27671995759010315,0.13574880361557007,0.4630061388015747,0.06377747654914856,1.32881498336792,0.0,587.0,431,2,301,0,0,0,200,200,0
498,1992,722,106,724,3,right+B,0.06128436326980591,0.2716991603374481,0.14065654575824738,0.46049290895462036,0.06586702167987823,1.3373076915740967,0.0,587.0,432,2,301,0,0,0,200,200,0
499,1996,722,89,724,3,right+B,0.060196418315172195,0.27117541432380676,0.1412515491247177,0.462940514087677,0.06443610042333603,1.3327267169952393,0.0,587.0,433,2,301,0,0,0,200,200,0
500,2000,722,79,724,0,NOOP,0.05997178703546524,0.2725953161716461,0.1371753215789795,0.46745848655700684,0.06279917806386948,1.324854850769043,-1.0,586.0,434,2,300,0,0,0,200,200,0
501,2004,722,79,724,3,right+B,0.05836443975567818,0.2677660584449768,0.12962743639945984,0.4839678406715393,0.06027418002486229,1.3040109872817993,0.0,586.0,435,2,300,0,0,0,200,200,0
502,2008,722,79,724,1,right,0.059282585978507996,0.2694748044013977,0.13491442799568176,0.4757065773010254,0.060621559619903564,1.3144619464874268,0.0,586.0,436,2,300,0,0,0,200,200,0
503,2012,722,79,724,1,right,0.05917567014694214,0.26843640208244324,0.13188761472702026,0.4788724482059479,0.06162786856293678,1.311853289604187,0.0,586.0,437,2,300,0,0,0,200,200,0
504,2016,722,79,724,3,right+B,0.05961043760180473,0.269687294960022,0.1346791833639145,0.4751555025577545,0.060867685824632645,1.3154743909835815,0.0,586.0,438,2,300,0,0,0,200,200,0
505,2020,722,79,724,3,right+B,0.05985524132847786,0.269256055355072,0.13062508404254913,0.4797229468822479,0.06054070219397545,1.3098697662353516,-1.0,585.0,439,2,299,0,0,0,200,200,0
506,2024,722,79,724,1,right,0.05926433950662613,0.265769362449646,0.12852051854133606,0.4861636459827423,0.060282181948423386,1.3032671213150024,0.0,585.0,440,2,299,0,0,0,200,200,0
507,2028,722,79,724,3,right+B,0.05870984122157097,0.26390084624290466,0.12526759505271912,0.49225616455078125,0.05986564978957176,1.2956842184066772,0.0,585.0,441,2,299,0,0,0,200,200,0
508,2032,722,79,724,3,right+B,0.05901272967457771,0.2645866274833679,0.12688292562961578,0.4879385232925415,0.061579205095767975,1.3025212287902832,0.0,585.0,442,2,299,0,0,0,200,200,0
509,2036,722,79,724,3,right+B,0.05915609747171402,0.26502612233161926,0.12816745042800903,0.48580196499824524,0.061848342418670654,1.305368185043335,0.0,585.0,443,2,299,0,0,0,200,200,0
510,2040,722,79,724,0,NOOP,0.05937192216515541,0.26531386375427246,0.12897153198719025,0.4841917157173157,0.062150996178388596,1.3076857328414917,-1.0,584.0,444,2,298,0,0,0,200,200,0
511,2044,722,79,724,1,right,0.057978324592113495,0.2630407214164734,0.12824088335037231,0.4887726902961731,0.06196737661957741,1.3019996881484985,0.0,584.0,445,2,298,0,0,0,200,200,0
512,2048,722,79,724,3,right+B,0.059021107852458954,0.2644394338130951,0.12836231291294098,0.4862230122089386,0.061954185366630554,1.3052051067352295,0.0,584.0,446,2,298,0,0,0,200,200,0
513,2052,722,93,724,4,right+A+B,0.05894831568002701,0.262739360332489,0.12837913632392883,0.48896607756614685,0.060967184603214264,1.3019839525222778,0.0,584.0,447,2,298,0,0,0,200,200,0
514,2056,722,108,724,3,right+B,0.059823259711265564,0.26637864112854004,0.1357131004333496,0.4748288691043854,0.06325610727071762,1.3201825618743896,0.0,584.0,448,2,298,0,0,0,200,200,0
515,2060,722,112,724,3,right+B,0.06015533208847046,0.26740726828575134,0.13720525801181793,0.47161853313446045,0.06361360102891922,1.3240314722061157,-1.0,583.0,449,2,297,0,0,0,200,200,0
516,2064,722,106,724,1,right,0.0601666085422039,0.26470980048179626,0.14018338918685913,0.4700532555580139,0.06488699465990067,1.3286913633346558,0.0,583.0,450,2,297,0,0,0,200,200,0
517,2068,722,89,724,3,right+B,0.05984308943152428,0.2664201259613037,0.13810575008392334,0.47076115012168884,0.06486984342336655,1.3264381885528564,0.0,583.0,451,2,297,0,0,0,200,200,0
518,2072,722,79,724,2,right+A,0.05872185900807381,0.2644212543964386,0.13288241624832153,0.48151153326034546,0.0624629408121109,1.3115267753601074,0.0,583.0,452,2,297,0,0,0,200,200,0
519,2076,722,79,724,3,right+B,0.058284059166908264,0.2628168761730194,0.12847639620304108,0.489734947681427,0.060687754303216934,1.300169825553894,0.0,583.0,453,2,297,0,0,0,200,200,0
520,2080,722,79,724,3,right+B,0.058981042355298996,0.26496824622154236,0.1315748691558838,0.4834240972995758,0.061051756143569946,1.3078067302703857,-1.0,582.0,454,2,296,0,0,0,200,200,0
521,2084,722,79,724,3,right+B,0.05833130702376366,0.2631533145904541,0.12948252260684967,0.48738887906074524,0.06164390593767166,1.3038053512573242,0.0,582.0,455,2,296,0,0,0,200,200,0
522,2088,722,79,724,1,right,0.05864632502198219,0.26318344473838806,0.13130956888198853,0.4852038621902466,0.061656784266233444,1.3069225549697876,0.0,582.0,456,2,296,0,0,0,200,200,0
523,2092,722,79,724,1,right,0.058509599417448044,0.262854665517807,0.13028748333454132,0.4873864948749542,0.0609617754817009,1.303649663925171,0.0,582.0,457,2,296,0,0,0,200,200,0
524,2096,722,79,724,1,right,0.05889029800891876,0.26467156410217285,0.1327466368675232,0.4816834032535553,0.0620080940425396,1.310925006866455,0.0,582.0,458,2,296,0,0,0,200,200,0
525,2100,722,79,724,3,right+B,0.0589996874332428,0.26468905806541443,0.13361069560050964,0.4802740216255188,0.06242651864886284,1.3131306171417236,-1.0,581.0,459,2,295,0,0,0,200,200,0
526,2104,722,79,724,3,right+B,0.058920543640851974,0.2639406621456146,0.13370612263679504,0.48175039887428284,0.06168228015303612,1.3111143112182617,0.0,581.0,460,2,295,0,0,0,200,200,0
527,2108,722,93,724,2,right+A,0.059002529829740524,0.2644127905368805,0.13346350193023682,0.48163777589797974,0.061483412981033325,1.310849905014038,0.0,581.0,461,2,295,0,0,0,200,200,0
528,2112,722,108,724,1,right,0.05929218605160713,0.2665775418281555,0.13743267953395844,0.4734559953212738,0.06324152648448944,1.3213063478469849,0.0,581.0,462,2,295,0,0,0,200,200,0
529,2116,722,112,724,3,right+B,0.05954108014702797,0.2685645818710327,0.13756804168224335,0.47031185030937195,0.06401444971561432,1.3246650695800781,0.0,581.0,463,2,295,0,0,0,200,200,0
530,2120,722,106,724,1,right,0.05966687574982643,0.26568546891212463,0.14014720916748047,0.4692379832267761,0.06526246666908264,1.3289183378219604,-1.0,580.0,464,2,294,0,0,0,200,200,0
531,2124,722,89,724,1,right,0.059105224907398224,0.26603132486343384,0.1369847059249878,0.4736388325691223,0.06423992663621902,1.3220504522323608,0.0,580.0,465,2,294,0,0,0,200,200,0
532,2128,722,79,724,1,right,0.05866702273488045,0.26519906520843506,0.13351082801818848,0.47975030541419983,0.06287276744842529,1.3135160207748413,0.0,580.0,466,2,294,0,0,0,200,200,0
533,2132,722,79,724,3,right+B,0.0576801672577858,0.26167014241218567,0.12802332639694214,0.4919847846031189,0.060641638934612274,1.2974565029144287,0.0,580.0,467,2,294,0,0,0,200,200,0
534,2136,722,93,724,4,right+A+B,0.0583283007144928,0.2636256814002991,0.13045136630535126,0.48697951436042786,0.06061514467000961,1.3032344579696655,0.0,580.0,468,2,294,0,0,0,200,200,0
535,2140,722,108,724,3,right+B,0.05869104340672493,0.265191912651062,0.13212190568447113,0.4810687303543091,0.06292647123336792,1.311885952949524,-1.0,579.0,469,2,293,0,0,0,200,200,0
536,2144,722,112,724,3,right+B,0.05956915393471718,0.2673353850841522,0.13695651292800903,0.47190362215042114,0.06423524022102356,1.3237156867980957,0.0,579.0,470,2,293,0,0,0,200,200,0
537,2148,722,106,724,3,right+B,0.059840116649866104,0.2653520107269287,0.1406608670949936,0.4684973359107971,0.06564962863922119,1.3304672241210938,0.0,579.0,471,2,293,0,0,0,200,200,0
538,2152,722,89,724,3,right+B,0.059846144169569016,0.26692599058151245,0.1408291906118393,0.4673808813095093,0.06501778215169907,1.3303260803222656,0.0,579.0,472,2,293,0,0,0,200,200,0
539,2156,722,79,724,1,right,0.059503838419914246,0.26658201217651367,0.13826367259025574,0.47214001417160034,0.06351042538881302,1.323312759399414,0.0,579.0,473,2,293,0,0,0,200,200,0
540,2160,722,79,724,3,right+B,0.0581170879304409,0.26272690296173096,0.13156412541866302,0.4869003891944885,0.06069161742925644,1.303852915763855,-1.0,578.0,474,2,292,0,0,0,200,200,0
541,2164,722,79,724,1,right,0.05876271799206734,0.26531660556793213,0.13356131315231323,0.4813862144947052,0.0609731562435627,1.3099592924118042,0.0,578.0,475,2,292,0,0,0,200,200,0
542,2168,722,93,724,2,right+A,0.05825704708695412,0.26394742727279663,0.13077618181705475,0.48545965552330017,0.06155969947576523,1.305666446685791,0.0,578.0,476,2,292,0,0,0,200,200,0
543,2172,722,109,724,2,right+A,0.059376031160354614,0.26671528816223145,0.1367027312517166,0.4731358587741852,0.06407012790441513,1.3223172426223755,0.0,578.0,477,2,292,0,0,0,200,200,0
544,2176,722,121,724,1,right,0.05934538319706917,0.2665690779685974,0.13519714772701263,0.47496846318244934,0.06391999870538712,1.3199883699417114,0.0,578.0,478,2,292,0,0,0,200,200,0
545,2180,722,122,724,1,right,0.06047731637954712,0.26634150743484497,0.14403967559337616,0.4602585434913635,0.06888290494680405,1.3425636291503906,-1.0,577.0,479,2,291,0,0,0,200,200,0
546,2184,722,113,724,3,right+B,0.0593426413834095,0.26617488265037537,0.13609902560710907,0.47359606623649597,0.06478739529848099,1.3226165771484375,0.0,577.0,480,2,291,0,0,0,200,200,0
547,2188,722,94,724,1,right,0.0600530281662941,0.2634299695491791,0.13350601494312286,0.4779883623123169,0.06502258777618408,1.31968092918396,0.0,577.0,481,2,291,0,0,0,200,200,0
548,2192,722,79,724,3,right+B,0.05931182578206062,0.2648043632507324,0.13149775564670563,0.4810410737991333,0.06334491074085236,1.3129991292953491,0.0,577.0,482,2,291,0,0,0,200,200,0
549,2196,722,93,724,4,right+A+B,0.06022564694285393,0.26510265469551086,0.13315442204475403,0.4790876805782318,0.06242956593632698,1.315354824066162,0.0,577.0,483,2,291,0,0,0,200,200,0
550,2200,722,108,724,0,NOOP,0.059824202209711075,0.26509740948677063,0.1345873773097992,0.4773801565170288,0.06311085820198059,1.3177266120910645,-1.0,576.0,484,2,290,0,0,0,200,200,0
551,2204,722,112,724,3,right+B,0.06005368009209633,0.26668453216552734,0.13778957724571228,0.471486359834671,0.06398581713438034,1.3248757123947144,0.0,576.0,485,2,290,0,0,0,200,200,0
552,2208,722,106,724,4,right+A+B,0.06028227135539055,0.26466912031173706,0.13934732973575592,0.4713515639305115,0.06434978544712067,1.3268238306045532,0.0,576.0,486,2,290,0,0,0,200,200,0
553,2212,722,89,724,3,right+B,0.0598662830889225,0.2662432789802551,0.13755738735198975,0.4719673991203308,0.06436559557914734,1.3247088193893433,0.0,576.0,487,2,290,0,0,0,200,200,0
554,2216,722,79,724,3,right+B,0.059253573417663574,0.2656446695327759,0.1334080994129181,0.47847780585289,0.06321586668491364,1.3155728578567505,0.0,576.0,488,2,290,0,0,0,200,200,0
555,2220,722,79,724,0,NOOP,0.05860207974910736,0.2639651596546173,0.1279306262731552,0.48848623037338257,0.06101592630147934,1.3015096187591553,-1.0,575.0,489,2,289,0,0,0,200,200,0
556,2224,722,79,724,3,right+B,0.059198133647441864,0.26533496379852295,0.13027450442314148,0.48277512192726135,0.06241730600595474,1.3095945119857788,0.0,575.0,490,2,289,0,0,0,200,200,0
557,2228,722,79,724,3,right+B,0.05842204764485359,0.2637796103954315,0.12565797567367554,0.49052050709724426,0.061619870364665985,1.2991969585418701,0.0,575.0,491,2,289,0,0,0,200,200,0
558,2232,722,79,724,1,right,0.05883083865046501,0.26349401473999023,0.12503887712955475,0.49189239740371704,0.06074387580156326,1.2972180843353271,0.0,575.0,492,2,289,0,0,0,200,200,0
559,2236,722,79,724,3,right+B,0.05786850303411484,0.26371848583221436,0.12526968121528625,0.492617666721344,0.060525692999362946,1.2951651811599731,0.0,575.0,493,2,289,0,0,0,200,200,0
560,2240,722,79,724,3,right+B,0.058468520641326904,0.26646488904953003,0.12704090774059296,0.48753029108047485,0.06049532815814018,1.300471544265747,-1.0,574.0,494,2,288,0,0,0,200,200,0
561,2244,722,79,724,3,right+B,0.05873654782772064,0.2660262882709503,0.1254989504814148,0.4898889660835266,0.05984916910529137,1.2973334789276123,0.0,574.0,495,2,288,0,0,0,200,200,0
562,2248,722,93,724,2,right+A,0.05941833555698395,0.2688884139060974,0.12961983680725098,0.48088985681533813,0.06118357554078102,1.308760643005371,0.0,574.0,496,2,288,0,0,0,200,200,0
563,2252,722,108,724,1,right,0.06019604206085205,0.2707311511039734,0.13494989275932312,0.47031885385513306,0.063804030418396,1.3235567808151245,0.0,574.0,497,2,288,0,0,0,200,200,0
564,2256,722,112,724,3,right+B,0.058771971613168716,0.26825183629989624,0.13335853815078735,0.47746986150741577,0.06214779242873192,1.313850998878479,0.0,574.0,498,2,288,0,0,0,200,200,0
565,2260,722,106,724,3,right+B,0.059408336877822876,0.26928797364234924,0.13776779174804688,0.46968647837638855,0.06384934484958649,1.3247102499008179,-1.0,573.0,499,2,287,0,0,0,200,200,0
566,2264,722,89,724,0,NOOP,0.058609798550605774,0.26980212330818176,0.1338522732257843,0.47517240047454834,0.06256342679262161,1.3158698081970215,0.0,573.0,500,2,287,0,0,0,200,200,0
567,2268,722,79,724,1,right,0.05882808566093445,0.2705572247505188,0.13232015073299408,0.4748825132846832,0.06341208517551422,1.3165175914764404,0.0,573.0,501,2,287,0,0,0,200,200,0
568,2272,722,93,724,2,right+A,0.058447133749723434,0.27009832859039307,0.1297636479139328,0.4793716073036194,0.062319234013557434,1.3099392652511597,0.0,573.0,502,2,287,0,0,0,200,200,0
569,2276,722,108,724,3,right+B,0.06016140803694725,0.27331921458244324,0.14082860946655273,0.46112924814224243,0.06456147134304047,1.3335342407226562,0.0,573.0,503,2,287,0,0,0,200,200,0
570,2280,722,112,724,3,right+B,0.058600928634405136,0.2726591229438782,0.13679289817810059,0.46782612800598145,0.06412092596292496,1.324228286743164,-1.0,572.0,504,2,286,0,0,0,200,200,0
571,2284,722,106,724,1,right,0.06083523854613304,0.27370011806488037,0.14903514087200165,0.4481748938560486,0.06825459748506546,1.3515748977661133,0.0,572.0,505,2,286,0,0,0,200,200,0
572,2288,722,89,724,3,right+B,0.06229214742779732,0.2769550085067749,0.1469379961490631,0.4452309012413025,0.0685838982462883,1.35433828830719,0.0,572.0,506,2,286,0,0,0,200,200,0
573,2292,722,79,724,1,right,0.0611417330801487,0.2760864496231079,0.14262078702449799,0.4545728862285614,0.06557814031839371,1.3410147428512573,0.0,572.0,507,2,286,0,0,0,200,200,0
574,2296,722,93,724,2,right+A,0.06050819531083107,0.2720947563648224,0.14064231514930725,0.4640229046344757,0.06273186951875687,1.3297430276870728,0.0,572.0,508,2,286,0,0,0,200,200,0
575,2300,722,108,724,1,right,0.062188778072595596,0.2768319249153137,0.15125657618045807,0.4433400332927704,0.06638268381357193,1.3546439409255981,-1.0,571.0,509,2,285,0,0,0,200,200,0
576,2304,722,112,724,2,right+A,0.05896172672510147,0.27102676033973694,0.14090240001678467,0.46536245942115784,0.0637466236948967,1.3283311128616333,0.0,571.0,510,2,285,0,0,0,200,200,0
577,2308,722,106,724,3,right+B,0.06165219470858574,0.2731090486049652,0.1530541032552719,0.4431415796279907,0.0690431147813797,1.3587310314178467,0.0,571.0,511,2,285,0,0,0,200,200,0
578,2312,722,89,724,3,right+B,0.06147775426506996,0.2751156985759735,0.14957179129123688,0.44471389055252075,0.06912090629339218,1.355750322341919,0.0,571.0,512,2,285,0,0,0,200,200,0
579,2316,722,79,724,3,right+B,0.060991086065769196,0.27401942014694214,0.15062785148620605,0.44720086455345154,0.06716074794530869,1.351719856262207,0.0,571.0,513,2,285,0,0,0,200,200,0
580,2320,722,79,724,3,right+B,0.060275498777627945,0.26852092146873474,0.1422780603170395,0.46402522921562195,0.06490028649568558,1.3335825204849243,-1.0,570.0,514,2,284,0,0,0,200,200,0
581,2324,722,79,724,1,right,0.06093672662973404,0.2722059488296509,0.14418020844459534,0.45807403326034546,0.06460309773683548,1.338531255722046,0.0,570.0,515,2,284,0,0,0,200,200,0
582,2328,722,93,724,4,right+A+B,0.061279285699129105,0.2723158001899719,0.1447218954563141,0.4550803005695343,0.06660272181034088,1.3437800407409668,0.0,570.0,516,2,284,0,0,0,200,200,0
583,2332,722,108,724,3,right+B,0.06286736577749252,0.27617552876472473,0.1549946516752243,0.4352993667125702,0.07066302746534348,1.3675564527511597,0.0,570.0,517,2,284,0,0,0,200,200,0
584,2336,722,112,724,3,right+B,0.06280647218227386,0.27710235118865967,0.16083835065364838,0.4268984794616699,0.0723542645573616,1.3767575025558472,0.0,570.0,518,2,284,0,0,0,200,200,0
585,2340,722,106,724,3,right+B,0.06209045276045799,0.273632675409317,0.15879683196544647,0.4341476559638977,0.07133232057094574,1.3699718713760376,-1.0,569.0,519,2,283,0,0,0,200,200,0
586,2344,722,89,724,2,right+A,0.06147916242480278,0.2747773230075836,0.1474492847919464,0.4494439661502838,0.06685023009777069,1.3489727973937988,0.0,569.0,520,2,283,0,0,0,200,200,0
587,2348,722,79,724,3,right+B,0.0612124502658844,0.27291274070739746,0.14100153744220734,0.4603530168533325,0.06452023237943649,1.335576057434082,0.0,569.0,521,2,283,0,0,0,200,200,0
588,2352,722,79,724,3,right+B,0.06047219783067703,0.2714269459247589,0.13941387832164764,0.4661599397659302,0.06252703815698624,1.327425241470337,0.0,569.0,522,2,283,0,0,0,200,200,0
589,2356,722,79,724,3,right+B,0.060900039970874786,0.2761427164077759,0.14472724497318268,0.4540847837924957,0.06414522975683212,1.340193510055542,0.0,569.0,523,2,283,0,0,0,200,200,0
590,2360,722,93,724,2,right+A,0.059944652020931244,0.27390336990356445,0.13996995985507965,0.46274882555007935,0.06343317776918411,1.330145001411438,-1.0,568.0,524,2,282,0,0,0,200,200,0
591,2364,722,108,724,1,right,0.060463882982730865,0.2735350728034973,0.1467667669057846,0.45304644107818604,0.066187784075737,1.3442881107330322,0.0,568.0,525,2,282,0,0,0,200,200,0
592,2368,722,112,724,1,right,0.05951271951198578,0.27278319001197815,0.1388607621192932,0.46476271748542786,0.06408056616783142,1.3286192417144775,0.0,568.0,526,2,282,0,0,0,200,200,0
593,2372,722,106,724,1,right,0.060785770416259766,0.27267852425575256,0.1486089825630188,0.45059528946876526,0.067331463098526,1.3487505912780762,0.0,568.0,527,2,282,0,0,0,200,200,0
594,2376,722,89,724,1,right,0.06034323573112488,0.27564433217048645,0.14485514163970947,0.4529378414154053,0.06621949374675751,1.3429951667785645,0.0,568.0,528,2,282,0,0,0,200,200,0
595,2380,722,79,724,3,right+B,0.05895816162228584,0.2729317843914032,0.134657084941864,0.47104406356811523,0.062408942729234695,1.3190369606018066,-1.0,567.0,529,2,281,0,0,0,200,200,0
596,2384,722,93,724,2,right+A,0.06037210300564766,0.2738935053348541,0.13447023928165436,0.46757709980010986,0.06368710845708847,1.3248052597045898,0.0,567.0,530,2,281,0,0,0,200,200,0
597,2388,722,108,724,0,NOOP,0.060300081968307495,0.2719590365886688,0.1384485810995102,0.4649849832057953,0.064307302236557,1.3297420740127563,0.0,567.0,531,2,281,0,0,0,200,200,0
598,2392,722,112,724,1,right,0.05947170779109001,0.2715894877910614,0.1390014886856079,0.4663622975349426,0.06357496231794357,1.3270597457885742,0.0,567.0,532,2,281,0,0,0,200,200,0
599,2396,722,106,724,3,right+B,0.059861235320568085,0.2705903649330139,0.14110517501831055,0.46444523334503174,0.06399800628423691,1.3306866884231567,0.0,567.0,533,2,281,0,0,0,200,200,0
600,2400,722,89,724,3,right+B,0.058297425508499146,0.2688978612422943,0.13460595905780792,0.47615858912467957,0.06204024329781532,1.3145909309387207,-1.0,566.0,534,2,280,0,0,0,200,200,0
601,2404,722,79,724,2,right+A,0.05822452902793884,0.2689180374145508,0.13263732194900513,0.47900381684303284,0.06121618300676346,1.3102539777755737,0.0,566.0,535,2,280,0,0,0,200,200,0
602,2408,722,79,724,4,right+A+B,0.05822823569178581,0.26559022068977356,0.12826716899871826,0.4870060384273529,0.06090833246707916,1.3019349575042725,0.0,566.0,536,2,280,0,0,0,200,200,0
603,2412,722,79,724,1,right,0.0589524582028389,0.2682240605354309,0.1310311257839203,0.48118075728416443,0.06061161682009697,1.308058261871338,0.0,566.0,537,2,280,0,0,0,200,200,0
604,2416,722,79,724,1,right,0.05855380371212959,0.2663395404815674,0.12621425092220306,0.4882642328739166,0.060628220438957214,1.2997387647628784,0.0,566.0,538,2,280,0,0,0,200,200,0
605,2420,722,79,724,3,right+B,0.0584944486618042,0.2634637951850891,0.1254912167787552,0.49226319789886475,0.060287412256002426,1.2961459159851074,-1.0,565.0,539,2,279,0,0,0,200,200,0
606,2424,722,93,724,2,right+A,0.058827053755521774,0.26389458775520325,0.12589238584041595,0.4907290041446686,0.060657043009996414,1.2984428405761719,0.0,565.0,540,2,279,0,0,0,200,200,0
607,2428,722,108,724,3,right+B,0.05950993672013283,0.26603150367736816,0.13061785697937012,0.4808562695980072,0.0629844218492508,1.3122671842575073,0.0,565.0,541,2,279,0,0,0,200,200,0
608,2432,722,112,724,0,NOOP,0.06061721220612526,0.27008071541786194,0.1343979686498642,0.47096964716911316,0.06393447518348694,1.3236308097839355,0.0,565.0,542,2,279,0,0,0,200,200,0
609,2436,722,106,724,3,right+B,0.06125373765826225,0.2677065134048462,0.13947822153568268,0.46520328521728516,0.06635820120573044,1.334636926651001,0.0,565.0,543,2,279,0,0,0,200,200,0
610,2440,722,89,724,1,right,0.06009751185774803,0.26718899607658386,0.1385292410850525,0.4692747890949249,0.06490941345691681,1.3279939889907837,-1.0,564.0,544,2,278,0,0,0,200,200,0
611,2444,722,79,724,3,right+B,0.0600120909512043,0.2666330635547638,0.13603372871875763,0.47359225153923035,0.06372883170843124,1.3220710754394531,0.0,564.0,545,2,278,0,0,0,200,200,0
612,2448,722,79,724,3,right+B,0.05889956280589104,0.2629949748516083,0.131266787648201,0.4858982563018799,0.06094038486480713,1.3058030605316162,0.0,564.0,546,2,278,0,0,0,200,200,0
613,2452,722,79,724,1,right,0.05943465977907181,0.2652209997177124,0.13225321471691132,0.48298659920692444,0.06010446697473526,1.3078244924545288,0.0,564.0,547,2,278,0,0,0,200,200,0
614,2456,722,93,724,2,right+A,0.0592384971678257,0.2644262909889221,0.1299971044063568,0.48509836196899414,0.06123977154493332,1.3063446283340454,0.0,564.0,548,2,278,0,0,0,200,200,0
615,2460,722,108,724,3,right+B,0.05987640097737312,0.265959769487381,0.1353616714477539,0.47532954812049866,0.06347259879112244,1.3200452327728271,-1.0,563.0,549,2,277,0,0,0,200,200,0
616,2464,722,112,724,4,right+A+B,0.05973069369792938,0.26577550172805786,0.13420403003692627,0.4769195318222046,0.06337027996778488,1.3179683685302734,0.0,563.0,550,2,277,0,0,0,200,200,0
617,2468,722,106,724,3,right+B,0.060074564069509506,0.26472651958465576,0.13699011504650116,0.4736078679561615,0.06460097432136536,1.324031114578247,0.0,563.0,551,2,277,0,0,0,200,200,0
618,2472,722,89,724,1,right,0.05995721369981766,0.2666723430156708,0.13710831105709076,0.47219395637512207,0.06406820565462112,1.3239942789077759,0.0,563.0,552,2,277,0,0,0,200,200,0
619,2476,722,79,724,1,right,0.05894981324672699,0.26494383811950684,0.1341085582971573,0.479735791683197,0.06226196140050888,1.3134772777557373,0.0,563.0,553,2,277,0,0,0,200,200,0
620,2480,722,79,724,3,right+B,0.05867456644773483,0.26291462779045105,0.1311367154121399,0.48603278398513794,0.06124131381511688,1.305732250213623,-1.0,562.0,554,2,276,0,0,0,200,200,0
621,2484,722,79,724,3,right+B,0.0596209354698658,0.2650773823261261,0.13503918051719666,0.4787338376045227,0.061528582125902176,1.3146398067474365,0.0,562.0,555,2,276,0,0,0,200,200,0
622,2488,722,79,724,1,right,0.05966298282146454,0.26536300778388977,0.13549469411373138,0.47717779874801636,0.06230148300528526,1.3170503377914429,0.0,562.0,556,2,276,0,0,0,200,200,0
623,2492,722,79,724,1,right,0.06007767841219902,0.2660711407661438,0.1374945491552353,0.4742436707019806,0.062112972140312195,1.3204355239868164,0.0,562.0,557,2,276,0,0,0,200,200,0
624,2496,722,79,724,3,right+B,0.05927712842822075,0.2644132375717163,0.13418014347553253,0.4814508557319641,0.060678619891405106,1.3106820583343506,0.0,562.0,558,2,276,0,0,0,200,200,0
625,2500,722,79,724,1,right,0.05964462086558342,0.2663642168045044,0.13555337488651276,0.4765635132789612,0.06187431514263153,1.3167999982833862,-1.0,561.0,559,2,275,0,0,0,200,200,0
626,2504,722,79,724,0,NOOP,0.05935763940215111,0.26564452052116394,0.13423757255077362,0.47883889079093933,0.06192143261432648,1.3142133951187134,0.0,561.0,560,2,275,0,0,0,200,200,0
627,2508,722,93,724,2,right+A,0.05866575986146927,0.2637707591056824,0.13202884793281555,0.48407217860221863,0.06146242469549179,1.307857871055603,0.0,561.0,561,2,275,0,0,0,200,200,0
628,2512,722,108,724,1,right,0.05942557007074356,0.2663552165031433,0.1352372020483017,0.47542598843574524,0.06355606764554977,1.3193504810333252,0.0,561.0,562,2,275,0,0,0,200,200,0
629,2516,722,112,724,4,right+A+B,0.05925391614437103,0.2661266028881073,0.13452257215976715,0.47692570090293884,0.0631711557507515,1.3171825408935547,0.0,561.0,563,2,275,0,0,0,200,200,0
630,2520,722,106,724,3,right+B,0.05967635288834572,0.2649293839931488,0.13874134421348572,0.4719139337539673,0.06473895162343979,1.3257583379745483,-1.0,560.0,564,2,274,0,0,0,200,200,0
631,2524,722,89,724,2,right+A,0.05953260138630867,0.2661265432834625,0.13750717043876648,0.47267240285873413,0.06416131556034088,1.3234822750091553,0.0,560.0,565,2,274,0,0,0,200,200,0
632,2528,722,79,724,1,right,0.059408653527498245,0.26605239510536194,0.13578054308891296,0.4756040871143341,0.06315424293279648,1.3190116882324219,0.0,560.0,566,2,274,0,0,0,200,200,0
633,2532,722,79,724,1,right,0.05866476520895958,0.2631015479564667,0.1315152794122696,0.4855649173259735,0.061153411865234375,1.3061397075653076,0.0,560.0,567,2,274,0,0,0,200,200,0
634,2536,722,79,724,3,right+B,0.05964576452970505,0.265657514333725,0.1357230544090271,0.4778164029121399,0.0611572265625,1.315133810043335,0.0,560.0,568,2,274,0,0,0,200,200,0
635,2540,722,79,724,0,NOOP,0.05963413417339325,0.26588550209999084,0.13534404337406158,0.47699302434921265,0.06214333325624466,1.3167846202850342,-1.0,559.0,569,2,273,0,0,0,200,200,0
636,2544,722,79,724,3,right+B,0.05935274064540863,0.26506924629211426,0.13589930534362793,0.477965384721756,0.06171337515115738,1.3155399560928345,0.0,559.0,570,2,273,0,0,0,200,200,0
637,2548,722,79,724,1,right,0.05923411622643471,0.26519814133644104,0.13355028629302979,0.4809606671333313,0.06105685234069824,1.3110369443893433,0.0,559.0,571,2,273,0,0,0,200,200,0
638,2552,722,93,724,4,right+A+B,0.058991800993680954,0.26423895359039307,0.13130056858062744,0.4851459860801697,0.06032262742519379,1.3055164813995361,0.0,559.0,572,2,273,0,0,0,200,200,0
639,2556,722,108,724,3,right+B,0.05950672924518585,0.26657456159591675,0.1359308362007141,0.4750427007675171,0.06294511258602142,1.3192839622497559,0.0,559.0,573,2,273,0,0,0,200,200,0
640,2560,722,112,724,3,right+B,0.059820450842380524,0.26755189895629883,0.13708871603012085,0.47184517979621887,0.06369369477033615,1.323439359664917,-1.0,558.0,574,2,272,0,0,0,200,200,0
641,2564,722,106,724,3,right+B,0.05989682301878929,0.2651451528072357,0.1395174115896225,0.4705711305141449,0.0648694634437561,1.3275433778762817,0.0,558.0,575,2,272,0,0,0,200,200,0
642,2568,722,89,724,3,right+B,0.05964982509613037,0.26617398858070374,0.13777588307857513,0.4721856713294983,0.06421465426683426,1.3241901397705078,0.0,558.0,576,2,272,0,0,0,200,200,0
643,2572,722,79,724,3,right+B,0.05936023220419884,0.265405535697937,0.13443900644779205,0.47788578271865845,0.06290954351425171,1.316346287727356,0.0,558.0,577,2,272,0,0,0,200,200,0
644,2576,722,79,724,3,right+B,0.05884222313761711,0.263174831867218,0.13073624670505524,0.48593971133232117,0.06130700558423996,1.3058574199676514,0.0,558.0,578,2,272,0,0,0,200,200,0
645,2580,722,79,724,3,right+B,0.059306882321834564,0.2644861042499542,0.13313083350658417,0.48223811388015747,0.06083809584379196,1.3097727298736572,-1.0,557.0,579,2,271,0,0,0,200,200,0
646,2584,722,79,724,3,right+B,0.059859901666641235,0.26516929268836975,0.13383474946022034,0.47915375232696533,0.06198226660490036,1.3145909309387207,0.0,557.0,580,2,271,0,0,0,200,200,0
647,2588,722,79,724,3,right+B,0.06045033037662506,0.265059232711792,0.1357300728559494,0.4766477644443512,0.062112659215927124,1.3184146881103516,0.0,557.0,581,2,271,0,0,0,200,200,0
648,2592,722,79,724,3,right+B,0.06019573286175728,0.2649286389350891,0.13499759137630463,0.4787440001964569,0.061134062707424164,1.3148832321166992,0.0,557.0,582,2,271,0,0,0,200,200,0
649,2596,722,79,724,0,NOOP,0.06046967953443527,0.26701438426971436,0.13524386286735535,0.4755591154098511,0.06171303614974022,1.3181662559509277,0.0,557.0,583,2,271,0,0,0,200,200,0
650,2600,722,79,724,1,right,0.0597420260310173,0.26462695002555847,0.1326565146446228,0.4815186560153961,0.06145574897527695,1.3114312887191772,-1.0,556.0,584,2,270,0,0,0,200,200,0
651,2604,722,79,724,3,right+B,0.0593896321952343,0.26284900307655334,0.1296345740556717,0.48771941661834717,0.06040739268064499,1.303486943244934,0.0,556.0,585,2,270,0,0,0,200,200,0
652,2608,722,79,724,3,right+B,0.059220701456069946,0.26234814524650574,0.12859174609184265,0.48964786529541016,0.06019150838255882,1.3009799718856812,0.0,556.0,586,2,270,0,0,0,200,200,0
653,2612,722,79,724,3,right+B,0.059109266847372055,0.2629612386226654,0.12965020537376404,0.48699480295181274,0.06128445267677307,1.3048111200332642,0.0,556.0,587,2,270,0,0,0,200,200,0
654,2616,722,79,724,1,right,0.05951198562979698,0.26503902673721313,0.13038498163223267,0.48400554060935974,0.061058416962623596,1.3074235916137695,0.0,556.0,588,2,270,0,0,0,200,200,0
655,2620,722,93,724,4,right+A+B,0.05978144705295563,0.26517239212989807,0.12892693281173706,0.4853072762489319,0.06081194058060646,1.3056349754333496,-1.0,555.0,589,2,269,0,0,0,200,200,0
656,2624,722,108,724,3,right+B,0.06068425998091698,0.26809531450271606,0.1338491588830948,0.4732052683830261,0.06416600197553635,1.322424292564392,0.0,555.0,590,2,269,0,0,0,200,200,0
657,2628,722,112,724,0,NOOP,0.06051316857337952,0.26965534687042236,0.13392533361911774,0.4715504050254822,0.06435580551624298,1.3234267234802246,0.0,555.0,591,2,269,0,0,0,200,200,0
658,2632,722,106,724,3,right+B,0.06086812540888786,0.26787710189819336,0.13818734884262085,0.4677274227142334,0.06534002721309662,1.3303894996643066,0.0,555.0,592,2,269,0,0,0,200,200,0
659,2636,722,89,724,2,right+A,0.059946659952402115,0.26983585953712463,0.1371651142835617,0.468766987323761,0.06428531557321548,1.3262524604797363,0.0,555.0,593,2,269,0,0,0,200,200,0
660,2640,722,79,724,1,right,0.0590837337076664,0.267852246761322,0.13059750199317932,0.48115408420562744,0.061312370002269745,1.3089990615844727,-1.0,554.0,594,2,268,0,0,0,200,200,0
661,2644,722,79,724,3,right+B,0.058677949011325836,0.2669852077960968,0.12714090943336487,0.48690265417099,0.0602932907640934,1.3009414672851562,0.0,554.0,595,2,268,0,0,0,200,200,0
662,2648,722,93,724,2,right+A,0.0595056414604187,0.2692614495754242,0.13034547865390778,0.47959741950035095,0.06128992885351181,1.310326337814331,0.0,554.0,596,2,268,0,0,0,200,200,0
663,2652,722,108,724,1,right,0.05889830365777016,0.2691728472709656,0.12976208329200745,0.4799363613128662,0.06223045662045479,1.3101710081100464,0.0,554.0,597,2,268,0,0,0,200,200,0
664,2656,722,112,724,1,right,0.0582796186208725,0.26951590180397034,0.12923267483711243,0.4815472960472107,0.06142442300915718,1.3067198991775513,0.0,554.0,598,2,268,0,0,0,200,200,0
665,2660,722,106,724,2,right+A,0.05873394012451172,0.2674292027950287,0.13380664587020874,0.47656944394111633,0.06346067786216736,1.3165289163589478,-1.0,553.0,599,2,267,0,0,0,200,200,0
666,2664,722,89,724,3,right+B,0.06003035977482796,0.2713150680065155,0.13809393346309662,0.4645582437515259,0.06600233167409897,1.3317453861236572,0.0,553.0,600,2,267,0,0,0,200,200,0
667,2668,722,79,724,1,right,0.05916431173682213,0.2722708582878113,0.13395334780216217,0.47133365273475647,0.06327784806489944,1.3199706077575684,0.0,553.0,601,2,267,0,0,0,200,200,0
668,2672,722,93,724,4,right+A+B,0.05813673138618469,0.2699314057826996,0.1319907009601593,0.4792245924472809,0.060716599225997925,1.3087902069091797,0.0,553.0,602,2,267,0,0,0,200,200,0
669,2676,722,108,724,3,right+B,0.06031345948576927,0.27361756563186646,0.14420349895954132,0.45668840408325195,0.06517713516950607,1.3391486406326294,0.0,553.0,603,2,267,0,0,0,200,200,0
670,2680,722,112,724,1,right,0.061553698033094406,0.2776930034160614,0.14853523671627045,0.445098340511322,0.06711973249912262,1.352238416671753,-1.0,552.0,604,2,266,0,0,0,200,200,0
671,2684,722,106,724,3,right+B,0.06299474090337753,0.2774946093559265,0.15482573211193085,0.4355127513408661,0.06917212158441544,1.3654989004135132,0.0,552.0,605,2,266,0,0,0,200,200,0
672,2688,722,89,724,3,right+B,0.06094963848590851,0.27442294359207153,0.14555124938488007,0.45343974232673645,0.06563642621040344,1.3432729244232178,0.0,552.0,606,2,266,0,0,0,200,200,0
673,2692,722,79,724,1,right,0.06059366464614868,0.27399271726608276,0.14269433915615082,0.45928332209587097,0.06343601644039154,1.3347389698028564,0.0,552.0,607,2,266,0,0,0,200,200,0
674,2696,722,93,724,2,right+A,0.05979170277714729,0.27189579606056213,0.13976703584194183,0.46653884649276733,0.062006641179323196,1.3256630897521973,0.0,552.0,608,2,266,0,0,0,200,200,0
675,2700,722,108,724,3,right+B,0.0603497251868248,0.27327123284339905,0.14559735357761383,0.45543548464775085,0.06534616649150848,1.3409714698791504,-1.0,551.0,609,2,265,0,0,0,200,200,0
676,2704,722,112,724,2,right+A,0.06096534803509712,0.27612483501434326,0.14795652031898499,0.44695767760276794,0.06799563020467758,1.351338505744934,0.0,551.0,610,2,265,0,0,0,200,200,0
677,2708,722,106,724,3,right+B,0.06319814920425415,0.27526241540908813,0.15944361686706543,0.43013736605644226,0.07195845991373062,1.3746225833892822,0.0,551.0,611,2,265,0,0,0,200,200,0
678,2712,722,89,724,3,right+B,0.061630066484212875,0.2736651301383972,0.15331508219242096,0.44146907329559326,0.06992071121931076,1.3608558177947998,0.0,551.0,612,2,265,0,0,0,200,200,0
679,2716,722,79,724,2,right+A,0.061095986515283585,0.27322861552238464,0.15357862412929535,0.44424307346343994,0.06785368919372559,1.356022834777832,0.0,551.0,613,2,265,0,0,0,200,200,0
680,2720,722,79,724,3,right+B,0.06182512268424034,0.2716338038444519,0.14898039400577545,0.44963228702545166,0.06792834401130676,1.351839303970337,-1.0,550.0,614,2,264,0,0,0,200,200,0
681,2724,722,79,724,3,right+B,0.06143401190638542,0.27228569984436035,0.14777860045433044,0.4524403512477875,0.06606128066778183,1.3464940786361694,0.0,550.0,615,2,264,0,0,0,200,200,0
682,2728,722,93,724,2,right+A,0.06233091652393341,0.27383360266685486,0.14927975833415985,0.4475250244140625,0.06703072786331177,1.352563738822937,0.0,550.0,616,2,264,0,0,0,200,200,0
683,2732,722,108,724,3,right+B,0.06414860486984253,0.2776958644390106,0.16673915088176727,0.41873541474342346,0.07268092036247253,1.3857252597808838,0.0,550.0,617,2,264,0,0,0,200,200,0
684,2736,722,112,724,2,right+A,0.06243050470948219,0.2772940397262573,0.16139572858810425,0.42817386984825134,0.07070576399564743,1.3737150430679321,0.0,550.0,618,2,264,0,0,0,200,200,0
685,2740,722,106,724,3,right+B,0.06166744604706764,0.2742891311645508,0.151643306016922,0.4448680579662323,0.06753204762935638,1.3549939393997192,-1.0,549.0,619,2,263,0,0,0,200,200,0
686,2744,722,89,724,4,right+A+B,0.06144065782427788,0.27366572618484497,0.14123663306236267,0.4581533372402191,0.06550359725952148,1.3386261463165283,0.0,549.0,620,2,263,0,0,0,200,200,0
687,2748,722,79,724,2,right+A,0.0598863922059536,0.27154791355133057,0.1377188265323639,0.46836137771606445,0.0624854750931263,1.3241461515426636,0.0,549.0,621,2,263,0,0,0,200,200,0
688,2752,722,79,724,3,right+B,0.06113232672214508,0.27526411414146423,0.14132635295391083,0.45811790227890015,0.06415921449661255,1.3363016843795776,0.0,549.0,622,2,263,0,0,0,200,200,0
689,2756,722,79,724,3,right+B,0.060278814285993576,0.27415600419044495,0.1405211240053177,0.46222054958343506,0.06282337754964828,1.3304023742675781,0.0,549.0,623,2,263,0,0,0,200,200,0
690,2760,722,79,724,3,right+B,0.06014413759112358,0.2719448506832123,0.13998444378376007,0.4645770788192749,0.06334950029850006,1.3293657302856445,-1.0,548.0,624,2,262,0,0,0,200,200,0
691,2764,722,93,724,4,right+A+B,0.05960630998015404,0.2702425718307495,0.13826526701450348,0.4686812162399292,0.06320465356111526,1.3249671459197998,0.0,548.0,625,2,262,0,0,0,200,200,0
692,2768,722,108,724,1,right,0.06030716374516487,0.2733207941055298,0.142198383808136,0.4594521224498749,0.06472151726484299,1.335761308670044,0.0,548.0,626,2,262,0,0,0,200,200,0
693,2772,722,112,724,1,right,0.06105821207165718,0.276368647813797,0.14708012342453003,0.4490669369697571,0.0664260983467102,1.3476905822753906,0.0,548.0,627,2,262,0,0,0,200,200,0
694,2776,722,106,724,1,right,0.061886925250291824,0.2763565182685852,0.15029925107955933,0.4437880516052246,0.06766920536756516,1.3552238941192627,0.0,548.0,628,2,262,0,0,0,200,200,0
695,2780,722,89,724,3,right+B,0.06133463978767395,0.2763274013996124,0.14107748866081238,0.45572003722190857,0.06554052978754044,1.3396499156951904,-1.0,547.0,629,2,261,0,0,0,200,200,0
696,2784,722,79,724,2,right+A,0.06067003682255745,0.27259787917137146,0.13857820630073547,0.4641589820384979,0.06399483978748322,1.3303759098052979,0.0,547.0,630,2,261,0,0,0,200,200,0
697,2788,722,79,724,1,right,0.05910925567150116,0.269558310508728,0.1345365047454834,0.4751470983028412,0.06164874881505966,1.3157788515090942,0.0,547.0,631,2,261,0,0,0,200,200,0
698,2792,722,79,724,3,right+B,0.05926956608891487,0.27075204253196716,0.13556963205337524,0.4730477035045624,0.061361029744148254,1.3174934387207031,0.0,547.0,632,2,261,0,0,0,200,200,0
699,2796,722,79,724,0,NOOP,0.056775692850351334,0.2650192975997925,0.12576469779014587,0.49353811144828796,0.058902181684970856,1.2908740043640137,0.0,547.0,633,2,261,0,0,0,200,200,0
700,2800,722,93,724,2,right+A,0.05840706825256348,0.26725301146507263,0.13010136783123016,0.48284366726875305,0.06139488145709038,1.3067436218261719,-1.0,546.0,634,2,260,0,0,0,200,200,0
701,2804,722,108,724,1,right,0.059473566710948944,0.26916125416755676,0.13420434296131134,0.473491907119751,0.0636688619852066,1.3199818134307861,0.0,546.0,635,2,260,0,0,0,200,200,0
702,2808,722,112,724,2,right+A,0.05959789827466011,0.26995185017585754,0.134135901927948,0.4732517600059509,0.06306260079145432,1.319379448890686,0.0,546.0,636,2,260,0,0,0,200,200,0
703,2812,722,106,724,3,right+B,0.059686675667762756,0.26711028814315796,0.13458199799060822,0.4749084413051605,0.06371261179447174,1.3198187351226807,0.0,546.0,637,2,260,0,0,0,200,200,0
704,2816,722,89,724,3,right+B,0.060135550796985626,0.26778170466423035,0.13381579518318176,0.4744873642921448,0.06377962976694107,1.3202993869781494,0.0,546.0,638,2,260,0,0,0,200,200,0
705,2820,722,79,724,1,right,0.0593736432492733,0.26613372564315796,0.1304778754711151,0.4816496670246124,0.062365107238292694,1.3105976581573486,-1.0,545.0,639,2,259,0,0,0,200,200,0
706,2824,722,79,724,3,right+B,0.059009041637182236,0.2636112868785858,0.12811878323554993,0.4879676103591919,0.06129325181245804,1.302980899810791,0.0,545.0,640,2,259,0,0,0,200,200,0
707,2828,722,79,724,3,right+B,0.05967535451054573,0.266623318195343,0.13248427212238312,0.479969322681427,0.06124778464436531,1.3118267059326172,0.0,545.0,641,2,259,0,0,0,200,200,0
708,2832,722,79,724,3,right+B,0.05929667875170708,0.2660548686981201,0.13071121275424957,0.48178398609161377,0.06215323135256767,1.3102606534957886,0.0,545.0,642,2,259,0,0,0,200,200,0
709,2836,722,79,724,1,right,0.0593181736767292,0.26617172360420227,0.1314653903245926,0.481131911277771,0.061912890523672104,1.310863733291626,0.0,545.0,643,2,259,0,0,0,200,200,0
710,2840,722,79,724,3,right+B,0.05871697887778282,0.26354649662971497,0.12849177420139313,0.4883485436439514,0.06089625507593155,1.3019964694976807,-1.0,544.0,644,2,258,0,0,0,200,200,0
711,2844,722,79,724,3,right+B,0.05911272019147873,0.264242947101593,0.13064293563365936,0.4838089048862457,0.06219242140650749,1.3087797164916992,0.0,544.0,645,2,258,0,0,0,200,200,0
712,2848,722,79,724,3,right+B,0.05900347977876663,0.26469144225120544,0.13032694160938263,0.4844758212566376,0.061502356082201004,1.3069870471954346,0.0,544.0,646,2,258,0,0,0,200,200,0
713,2852,722,79,724,3,right+B,0.05828661099076271,0.2614257335662842,0.12668265402317047,0.49361175298690796,0.05999324843287468,1.2954233884811401,0.0,544.0,647,2,258,0,0,0,200,200,0
714,2856,722,79,724,3,right+B,0.058630649000406265,0.2621766924858093,0.12755975127220154,0.49114125967025757,0.06049175560474396,1.2988659143447876,0.0,544.0,648,2,258,0,0,0,200,200,0
715,2860,722,79,724,3,right+B,0.0588705837726593,0.2629782259464264,0.12937894463539124,0.48717841506004333,0.06159387528896332,1.3045990467071533,-1.0,543.0,649,2,257,0,0,0,200,200,0
716,2864,722,93,724,4,right+A+B,0.05908045172691345,0.2636030614376068,0.12992586195468903,0.4859148859977722,0.06147576868534088,1.305904507637024,0.0,543.0,650,2,257,0,0,0,200,200,0
717,2868,722,108,724,3,right+B,0.060049597173929214,0.26686325669288635,0.1356048583984375,0.47370457649230957,0.06377766281366348,1.3218427896499634,0.0,543.0,651,2,257,0,0,0,200,200,0
718,2872,722,112,724,3,right+B,0.06051144376397133,0.2688519358634949,0.14016416668891907,0.46592196822166443,0.06455054134130478,1.3310370445251465,0.0,543.0,652,2,257,0,0,0,200,200,0
719,2876,722,106,724,1,right,0.06067795306444168,0.26692506670951843,0.14366023242473602,0.4629087448120117,0.06582802534103394,1.336969017982483,0.0,543.0,653,2,257,0,0,0,200,200,0
720,2880,722,89,724,3,right+B,0.05987480282783508,0.2668698728084564,0.14106857776641846,0.46772220730781555,0.06446457654237747,1.3295468091964722,-1.0,542.0,654,2,256,0,0,0,200,200,0
721,2884,722,79,724,3,right+B,0.05931459739804268,0.2665853798389435,0.13694268465042114,0.474057674407959,0.0630996972322464,1.3204644918441772,0.0,542.0,655,2,256,0,0,0,200,200,0
722,2888,722,79,724,3,right+B,0.05828923359513283,0.2630945146083832,0.13084587454795837,0.4868594706058502,0.0609109103679657,1.3039597272872925,0.0,542.0,656,2,256,0,0,0,200,200,0
723,2892,722,79,724,3,right+B,0.05880840867757797,0.26447880268096924,0.13217127323150635,0.48391619324684143,0.06062541529536247,1.3070396184921265,0.0,542.0,657,2,256,0,0,0,200,200,0
724,2896,722,79,724,3,right+B,0.05849800631403923,0.2638644576072693,0.130207821726799,0.4859291613101959,0.06150055676698685,1.3052570819854736,0.0,542.0,658,2,256,0,0,0,200,200,0
725,2900,722,79,724,3,right+B,0.05858369916677475,0.2633020281791687,0.1309635490179062,0.485982209444046,0.06116851791739464,1.3054002523422241,-1.0,541.0,659,2,255,0,0,0,200,200,0
726,2904,722,79,724,3,right+B,0.05844631791114807,0.2627909779548645,0.12968187034130096,0.48850637674331665,0.06057446077466011,1.3018680810928345,0.0,541.0,660,2,255,0,0,0,200,200,0
727,2908,722,79,724,1,right,0.05858185514807701,0.2637929916381836,0.1309443861246109,0.4853256940841675,0.06135503575205803,1.3060572147369385,0.0,541.0,661,2,255,0,0,0,200,200,0
728,2912,722,79,724,1,right,0.058971554040908813,0.264859139919281,0.13258785009384155,0.4813370406627655,0.06224435940384865,1.311487078666687,0.0,541.0,662,2,255,0,0,0,200,200,0
729,2916,722,79,724,3,right+B,0.05866173654794693,0.26331427693367004,0.13169996440410614,0.4849397540092468,0.06138420104980469,1.3069816827774048,0.0,541.0,663,2,255,0,0,0,200,200,0
730,2920,722,79,724,1,right,0.059033844619989395,0.26408424973487854,0.13272163271903992,0.48293381929397583,0.06122641637921333,1.3092330694198608,-1.0,540.0,664,2,254,0,0,0,200,200,0
731,2924,722,79,724,1,right,0.05969056859612465,0.2661649286746979,0.13614608347415924,0.47569143772125244,0.062307048588991165,1.3184044361114502,0.0,540.0,665,2,254,0,0,0,200,200,0
732,2928,722,79,724,3,right+B,0.059066079556941986,0.2649284601211548,0.13374127447605133,0.48099949955940247,0.06126467511057854,1.311197280883789,0.0,540.0,666,2,254,0,0,0,200,200,0
733,2932,722,79,724,0,NOOP,0.05908333510160446,0.26513317227363586,0.13340292870998383,0.4809038043022156,0.061476778239011765,1.3113585710525513,0.0,540.0,667,2,254,0,0,0,200,200,0
734,2936,722,79,724,3,right+B,0.05901553854346275,0.26498833298683167,0.1329057812690735,0.48153921961784363,0.06155110523104668,1.3106441497802734,0.0,540.0,668,2,254,0,0,0,200,200,0
735,2940,722,79,724,3,right+B,0.05887693911790848,0.26456233859062195,0.1308193802833557,0.4849933683872223,0.06074794754385948,1.305726170539856,-1.0,539.0,669,2,253,0,0,0,200,200,0
736,2944,722,93,724,4,right+A+B,0.05889261141419411,0.26427775621414185,0.13005834817886353,0.486079603433609,0.060691673308610916,1.3044688701629639,0.0,539.0,670,2,253,0,0,0,200,200,0
737,2948,722,109,724,2,right+A,0.059301480650901794,0.266190767288208,0.13499262928962708,0.4763290584087372,0.0631861761212349,1.3179430961608887,0.0,539.0,671,2,253,0,0,0,200,200,0
738,2952,722,121,724,0,NOOP,0.05926648527383804,0.26651185750961304,0.13538171350955963,0.47539591789245605,0.0634441152215004,1.3190664052963257,0.0,539.0,672,2,253,0,0,0,200,200,0
739,2956,722,122,724,3,right+B,0.06072232127189636,0.2668100595474243,0.1455615907907486,0.4581306278705597,0.06877546012401581,1.34486722946167,0.0,539.0,673,2,253,0,0,0,200,200,0
740,2960,722,113,724,3,right+B,0.05954013392329216,0.2668326497077942,0.1382615864276886,0.4701174199581146,0.06524813920259476,1.3269864320755005,-1.0,538.0,674,2,252,0,0,0,200,200,0
741,2964,722,94,724,3,right+B,0.06021694466471672,0.2644442915916443,0.13700464367866516,0.47267502546310425,0.06565908342599869,1.3262771368026733,0.0,538.0,675,2,252,0,0,0,200,200,0
742,2968,722,79,724,3,right+B,0.05944603309035301,0.26613229513168335,0.13495388627052307,0.47606855630874634,0.06339918076992035,1.3185909986495972,0.0,538.0,676,2,252,0,0,0,200,200,0
743,2972,722,79,724,3,right+B,0.06041838973760605,0.2662194073200226,0.13543947041034698,0.47548767924308777,0.062435083091259,1.3193167448043823,0.0,538.0,677,2,252,0,0,0,200,200,0
744,2976,722,79,724,3,right+B,0.05854421854019165,0.2626507580280304,0.1298329383134842,0.48888081312179565,0.0600912868976593,1.3011785745620728,0.0,538.0,678,2,252,0,0,0,200,200,0
745,2980,722,79,724,3,right+B,0.05924422666430473,0.2652568519115448,0.13248974084854126,0.4812825322151184,0.06172671541571617,1.3111085891723633,-1.0,537.0,679,2,251,0,0,0,200,200,0
746,2984,722,79,724,1,right,0.05936511233448982,0.2644006907939911,0.1315019726753235,0.4829784333705902,0.06175379455089569,1.3096251487731934,0.0,537.0,680,2,251,0,0,0,200,200,0
747,2988,722,79,724,3,right+B,0.05916592478752136,0.2635020315647125,0.13056257367134094,0.48586270213127136,0.060906726866960526,1.3056821823120117,0.0,537.0,681,2,251,0,0,0,200,200,0
748,2992,722,79,724,3,right+B,0.05997316911816597,0.2652621567249298,0.13071690499782562,0.4831576943397522,0.060890082269907,1.308608055114746,0.0,537.0,682,2,251,0,0,0,200,200,0
749,2996,722,93,724,2,right+A,0.05952075123786926,0.2637505829334259,0.12968593835830688,0.4861404299736023,0.06090235710144043,1.3054161071777344,0.0,537.0,683,2,251,0,0,0,200,200,0
750,3000,722,108,724,3,right+B,0.05990862846374512,0.265249103307724,0.1345849335193634,0.47713539004325867,0.06312194466590881,1.3180100917816162,-1.0,536.0,684,2,250,0,0,0,200,200,0
751,3004,722,112,724,3,right+B,0.05943900719285011,0.26430726051330566,0.13223876059055328,0.48141029477119446,0.06260471045970917,1.3124217987060547,0.0,536.0,685,2,250,0,0,0,200,200,0
752,3008,722,106,724,3,right+B,0.06080813333392143,0.26589837670326233,0.13965611159801483,0.46763819456100464,0.06599922478199005,1.332234263420105,0.0,536.0,686,2,250,0,0,0,200,200,0
753,3012,722,89,724,2,right+A,0.06025854870676994,0.2668575942516327,0.13832056522369385,0.4694545269012451,0.06510869413614273,1.3282766342163086,0.0,536.0,687,2,250,0,0,0,200,200,0
754,3016,722,79,724,3,right+B,0.06005074456334114,0.2668319642543793,0.13460123538970947,0.4755846858024597,0.0629313513636589,1.318861722946167,0.0,536.0,688,2,250,0,0,0,200,200,0
755,3020,722,79,724,3,right+B,0.05979445204138756,0.2657359540462494,0.1314408928155899,0.48098284006118774,0.06204591691493988,1.311841368675232,-1.0,535.0,689,2,249,0,0,0,200,200,0
756,3024,722,79,724,3,right+B,0.059471245855093,0.26606014370918274,0.13009482622146606,0.4837055802345276,0.060668159276247025,1.3067607879638672,0.0,535.0,690,2,249,0,0,0,200,200,0
757,3028,722,79,724,3,right+B,0.059195149689912796,0.2681080996990204,0.1299058198928833,0.4806361496448517,0.06215476244688034,1.3102079629898071,0.0,535.0,691,2,249,0,0,0,200,200,0
758,3032,722,79,724,3,right+B,0.05785515159368515,0.26552069187164307,0.12725642323493958,0.4888225793838501,0.060545213520526886,1.298987627029419,0.0,535.0,692,2,249,0,0,0,200,200,0
759,3036,722,93,724,2,right+A,0.05806228891015053,0.2652382254600525,0.12488815933465958,0.4916447401046753,0.060166552662849426,1.2952470779418945,0.0,535.0,693,2,249,0,0,0,200,200,0
760,3040,722,108,724,1,right,0.05984129756689072,0.27020955085754395,0.13008882105350494,0.47695890069007874,0.06290140002965927,1.3145241737365723,-1.0,534.0,694,2,248,0,0,0,200,200,0
761,3044,722,112,724,3,right+B,0.059192489832639694,0.2697286307811737,0.13095612823963165,0.47695136070251465,0.06317141652107239,1.314570426940918,0.0,534.0,695,2,248,0,0,0,200,200,0
762,3048,722,106,724,1,right,0.059125445783138275,0.26639267802238464,0.13294552266597748,0.4775066673755646,0.064029760658741,1.3167937994003296,0.0,534.0,696,2,248,0,0,0,200,200,0
763,3052,722,89,724,1,right,0.05880463495850563,0.2709350883960724,0.13228441774845123,0.47527098655700684,0.0627049058675766,1.3152072429656982,0.0,534.0,697,2,248,0,0,0,200,200,0
764,3056,722,79,724,3,right+B,0.05732898414134979,0.2665826380252838,0.12902796268463135,0.48554080724716187,0.06151958927512169,1.30289626121521,0.0,534.0,698,2,248,0,0,0,200,200,0
765,3060,722,93,724,2,right+A,0.05820959806442261,0.268106073141098,0.12908236682415009,0.48229894042015076,0.06230311840772629,1.3073549270629883,-1.0,533.0,699,2,247,0,0,0,200,200,0
766,3064,722,108,724,3,right+B,0.0605192705988884,0.274493008852005,0.14035393297672272,0.4584098160266876,0.06622397899627686,1.3375489711761475,0.0,533.0,700,2,247,0,0,0,200,200,0
767,3068,722,112,724,2,right+A,0.05981377884745598,0.2730490267276764,0.1390787661075592,0.46342214941978455,0.06463634967803955,1.3307386636734009,0.0,533.0,701,2,247,0,0,0,200,200,0
768,3072,722,106,724,1,right,0.06032022461295128,0.272858202457428,0.14666013419628143,0.45360854268074036,0.06655291467905045,1.344237208366394,0.0,533.0,702,2,247,0,0,0,200,200,0
769,3076,722,89,724,2,right+A,0.06168071925640106,0.2770472466945648,0.15196481347084045,0.44057464599609375,0.06873264163732529,1.3589179515838623,0.0,533.0,703,2,247,0,0,0,200,200,0
770,3080,722,79,724,3,right+B,0.061347052454948425,0.27575409412384033,0.14547471702098846,0.4503673017024994,0.06705687940120697,1.347367286682129,-1.0,532.0,704,2,246,0,0,0,200,200,0
771,3084,722,79,724,3,right+B,0.059739839285612106,0.27271178364753723,0.13668888807296753,0.46745431423187256,0.06340514868497849,1.3250569105148315,0.0,532.0,705,2,246,0,0,0,200,200,0
772,3088,722,93,724,2,right+A,0.0602470226585865,0.27169063687324524,0.13903063535690308,0.4664706587791443,0.06256101280450821,1.3267123699188232,0.0,532.0,706,2,246,0,0,0,200,200,0
773,3092,722,108,724,3,right+B,0.06013735383749008,0.27221447229385376,0.140694722533226,0.46230146288871765,0.06465201824903488,1.3329229354858398,0.0,532.0,707,2,246,0,0,0,200,200,0
774,3096,722,112,724,3,right+B,0.05975624546408653,0.27304527163505554,0.14017219841480255,0.46310755610466003,0.06391865015029907,1.3305127620697021,0.0,532.0,708,2,246,0,0,0,200,200,0
775,3100,722,106,724,4,right+A+B,0.06120145320892334,0.27173587679862976,0.151335671544075,0.44607290625572205,0.06965407729148865,1.356459140777588,-1.0,531.0,709,2,245,0,0,0,200,200,0
776,3104,722,89,724,0,NOOP,0.06254907697439194,0.27793681621551514,0.15603438019752502,0.4324616491794586,0.07101814448833466,1.3694413900375366,0.0,531.0,710,2,245,0,0,0,200,200,0
777,3108,722,79,724,2,right+A,0.06099076569080353,0.27335935831069946,0.1498405933380127,0.4490172266960144,0.06679213047027588,1.3498327732086182,0.0,531.0,711,2,245,0,0,0,200,200,0
778,3112,722,79,724,0,NOOP,0.06106496974825859,0.2716827988624573,0.15168870985507965,0.44885385036468506,0.06670975685119629,1.3510035276412964,0.0,531.0,712,2,245,0,0,0,200,200,0
779,3116,722,79,724,3,right+B,0.06139548495411873,0.27327650785446167,0.15139570832252502,0.4475747048854828,0.06635764986276627,1.3514654636383057,0.0,531.0,713,2,245,0,0,0,200,200,0
780,3120,722,79,724,1,right,0.06090692803263664,0.27265068888664246,0.14732517302036285,0.45268359780311584,0.06643364578485489,1.3458318710327148,-1.0,530.0,714,2,244,0,0,0,200,200,0
781,3124,722,79,724,3,right+B,0.06248132139444351,0.2758317291736603,0.15190476179122925,0.4421066641807556,0.06767553091049194,1.3578815460205078,0.0,530.0,715,2,244,0,0,0,200,200,0
782,3128,722,79,724,3,right+B,0.06218789517879486,0.2742307782173157,0.15406596660614014,0.44088301062583923,0.06863230466842651,1.36062753200531,0.0,530.0,716,2,244,0,0,0,200,200,0
783,3132,722,79,724,3,right+B,0.06102583929896355,0.27487340569496155,0.15114346146583557,0.4459509253501892,0.06700639426708221,1.3524714708328247,0.0,530.0,717,2,244,0,0,0,200,200,0
784,3136,722,79,724,3,right+B,0.06080128625035286,0.27314549684524536,0.14074517786502838,0.46105509996414185,0.06425298005342484,1.334036946296692,0.0,530.0,718,2,244,0,0,0,200,200,0
785,3140,722,79,724,1,right,0.059858497232198715,0.2691386342048645,0.13166451454162598,0.4774400293827057,0.06189841777086258,1.3139466047286987,-1.0,529.0,719,2,243,0,0,0,200,200,0
786,3144,722,79,724,3,right+B,0.06025078520178795,0.27150759100914,0.13786134123802185,0.4668823480606079,0.0634978637099266,1.3270758390426636,0.0,529.0,720,2,243,0,0,0,200,200,0
787,3148,722,79,724,1,right,0.06075597554445267,0.2751260995864868,0.14248578250408173,0.45626941323280334,0.06536281108856201,1.3391820192337036,0.0,529.0,721,2,243,0,0,0,200,200,0
788,3152,722,79,724,3,right+B,0.059430286288261414,0.27231189608573914,0.1395469307899475,0.46569982171058655,0.06301110237836838,1.3268964290618896,0.0,529.0,722,2,243,0,0,0,200,200,0
789,3156,722,79,724,3,right+B,0.06042783334851265,0.2725696861743927,0.14429214596748352,0.458171546459198,0.06453879922628403,1.3376951217651367,0.0,529.0,723,2,243,0,0,0,200,200,0
790,3160,722,79,724,1,right,0.06076525151729584,0.2731949985027313,0.14406923949718475,0.4578823447227478,0.0640881136059761,1.3375591039657593,-1.0,528.0,724,2,242,0,0,0,200,200,0
791,3164,722,93,724,2,right+A,0.06027086451649666,0.2717823088169098,0.1424088329076767,0.4621361196041107,0.06340188533067703,1.332522988319397,0.0,528.0,725,2,242,0,0,0,200,200,0
792,3168,722,108,724,3,right+B,0.06046021357178688,0.27675533294677734,0.14686830341815948,0.4506356716156006,0.0652804896235466,1.3442432880401611,0.0,528.0,726,2,242,0,0,0,200,200,0
793,3172,722,112,724,3,right+B,0.060292813926935196,0.2780138850212097,0.14000657200813293,0.4572213590145111,0.06446542590856552,1.3350341320037842,0.0,528.0,727,2,242,0,0,0,200,200,0
794,3176,722,106,724,3,right+B,0.06115339696407318,0.27481070160865784,0.1409214735031128,0.45629632472991943,0.06681820005178452,1.340805172920227,0.0,528.0,728,2,242,0,0,0,200,200,0
795,3180,722,89,724,3,right+B,0.06001559644937515,0.2723303437232971,0.13938328623771667,0.4626522660255432,0.06561855226755142,1.3330634832382202,-1.0,527.0,729,2,241,0,0,0,200,200,0
796,3184,722,79,724,2,right+A,0.05901060998439789,0.2711867690086365,0.13629336655139923,0.47068318724632263,0.06282605230808258,1.3210686445236206,0.0,527.0,730,2,241,0,0,0,200,200,0
797,3188,722,79,724,3,right+B,0.058554355055093765,0.2684326469898224,0.12998338043689728,0.48101624846458435,0.06201331317424774,1.308863639831543,0.0,527.0,731,2,241,0,0,0,200,200,0
798,3192,722,79,724,3,right+B,0.05723269656300545,0.26683926582336426,0.12814411520957947,0.4885927438735962,0.05919111520051956,1.2968053817749023,0.0,527.0,732,2,241,0,0,0,200,200,0
799,3196,722,79,724,3,right+B,0.057641129940748215,0.26541629433631897,0.12701140344142914,0.48893505334854126,0.06099611893296242,1.299076795578003,0.0,527.0,733,2,241,0,0,0,200,200,0
800,3200,722,93,724,2,right+A,0.05916344374418259,0.2675585150718689,0.1312071681022644,0.48007380962371826,0.06199703365564346,1.3111931085586548,-1.0,526.0,734,2,240,0,0,0,200,200,0
801,3204,722,108,724,1,right,0.05975158512592316,0.2695610821247101,0.13533279299736023,0.4720570147037506,0.06329753249883652,1.3214532136917114,0.0,526.0,735,2,240,0,0,0,200,200,0
802,3208,722,112,724,2,right+A,0.06040127947926521,0.27107495069503784,0.13620154559612274,0.46898359060287476,0.06333868205547333,1.3247919082641602,0.0,526.0,736,2,240,0,0,0,200,200,0
803,3212,722,106,724,3,right+B,0.06052171066403389,0.26646888256073,0.13736169040203094,0.47112539410591125,0.06452241539955139,1.3262579441070557,0.0,526.0,737,2,240,0,0,0,200,200,0
804,3216,722,89,724,2,right+A,0.05981578305363655,0.26700708270072937,0.1352887749671936,0.4737674593925476,0.06412094831466675,1.3217337131500244,0.0,526.0,738,2,240,0,0,0,200,200,0
805,3220,722,79,724,2,right+A,0.05921966955065727,0.26678624749183655,0.13202911615371704,0.47882717847824097,0.06313768029212952,1.3142443895339966,-1.0,525.0,739,2,239,0,0,0,200,200,0
806,3224,722,79,724,4,right+A+B,0.058981236070394516,0.26479554176330566,0.1294182687997818,0.48475736379623413,0.062047574669122696,1.306929588317871,0.0,525.0,740,2,239,0,0,0,200,200,0
807,3228,722,79,724,3,right+B,0.05883866548538208,0.2651419937610626,0.12924152612686157,0.4854893982410431,0.061288464814424515,1.3050390481948853,0.0,525.0,741,2,239,0,0,0,200,200,0
808,3232,722,93,724,4,right+A+B,0.05845203623175621,0.26434260606765747,0.12707073986530304,0.4883282482624054,0.061806462705135345,1.3019076585769653,0.0,525.0,742,2,239,0,0,0,200,200,0
809,3236,722,108,724,3,right+B,0.059566959738731384,0.2662266790866852,0.13289837539196014,0.47761738300323486,0.0636906698346138,1.3168749809265137,0.0,525.0,743,2,239,0,0,0,200,200,0
810,3240,722,112,724,2,right+A,0.059324610978364944,0.26520463824272156,0.13248734176158905,0.47983741760253906,0.06314586848020554,1.3141388893127441,-1.0,524.0,744,2,238,0,0,0,200,200,0
811,3244,722,106,724,1,right,0.05985678359866142,0.2645150423049927,0.1359109878540039,0.47571995854377747,0.06399722397327423,1.3209046125411987,0.0,524.0,745,2,238,0,0,0,200,200,0
812,3248,722,89,724,2,right+A,0.05976187065243721,0.2653256952762604,0.13496756553649902,0.47628965973854065,0.06365520507097244,1.319309949874878,0.0,524.0,746,2,238,0,0,0,200,200,0
813,3252,722,79,724,2,right+A,0.059446435421705246,0.26460206508636475,0.13360939919948578,0.47951048612594604,0.06283159554004669,1.3148366212844849,0.0,524.0,747,2,238,0,0,0,200,200,0
814,3256,722,79,724,1,right,0.05889245122671127,0.2625196874141693,0.13038471341133118,0.4869694709777832,0.061233654618263245,1.304945707321167,0.0,524.0,748,2,238,0,0,0,200,200,0
815,3260,722,79,724,1,right,0.059745904058218,0.2656930685043335,0.13376928865909576,0.4799555838108063,0.06083618476986885,1.3122241497039795,-1.0,523.0,749,2,237,0,0,0,200,200,0
816,3264,722,79,724,1,right,0.05934825539588928,0.26549383997917175,0.13207660615444183,0.4818316400051117,0.061249665915966034,1.3099522590637207,0.0,523.0,750,2,237,0,0,0,200,200,0
817,3268,722,93,724,4,right+A+B,0.05953137204051018,0.2659701406955719,0.13349716365337372,0.47949716448783875,0.06150418519973755,1.3129686117172241,0.0,523.0,751,2,237,0,0,0,200,200,0
818,3272,722,108,724,3,right+B,0.05959855392575264,0.26684629917144775,0.13670200109481812,0.4733828902244568,0.06347028911113739,1.3216506242752075,0.0,523.0,752,2,237,0,0,0,200,200,0
819,3276,722,112,724,1,right,0.059488072991371155,0.2669752538204193,0.1366416960954666,0.4731714129447937,0.063723623752594,1.3219293355941772,0.0,523.0,753,2,237,0,0,0,200,200,0
820,3280,722,106,724,3,right+B,0.06005546823143959,0.2661074995994568,0.13942758738994598,0.46924445033073425,0.06516498327255249,1.3288943767547607,-1.0,522.0,754,2,236,0,0,0,200,200,0
821,3284,722,89,724,1,right,0.059364426881074905,0.26589134335517883,0.13691453635692596,0.47381314635276794,0.06401655822992325,1.321974754333496,0.0,522.0,755,2,236,0,0,0,200,200,0
822,3288,722,79,724,2,right+A,0.05887081101536751,0.26486602425575256,0.1335587352514267,0.4802623391151428,0.0624421164393425,1.3129308223724365,0.0,522.0,756,2,236,0,0,0,200,200,0
823,3292,722,79,724,0,NOOP,0.058117009699344635,0.2621380090713501,0.12875832617282867,0.49051782488822937,0.060468822717666626,1.299309492111206,0.0,522.0,757,2,236,0,0,0,200,200,0
824,3296,722,79,724,1,right,0.05903381109237671,0.2647551894187927,0.13242903351783752,0.48298317193984985,0.060798756778240204,1.3083741664886475,0.0,522.0,758,2,236,0,0,0,200,200,0
825,3300,722,79,724,3,right+B,0.058758534491062164,0.2637559473514557,0.13083957135677338,0.48549333214759827,0.061152637004852295,1.305851936340332,-1.0,521.0,759,2,235,0,0,0,200,200,0
826,3304,722,79,724,1,right,0.059579409658908844,0.2651504576206207,0.134726881980896,0.47907882928848267,0.06146439164876938,1.3140692710876465,0.0,521.0,760,2,235,0,0,0,200,200,0
827,3308,722,79,724,3,right+B,0.05980867147445679,0.26625335216522217,0.13661518692970276,0.4751734733581543,0.06214926019310951,1.3189654350280762,0.0,521.0,761,2,235,0,0,0,200,200,0
828,3312,722,79,724,0,NOOP,0.05890269950032234,0.2646275758743286,0.13298603892326355,0.4825683832168579,0.06091523915529251,1.308982253074646,0.0,521.0,762,2,235,0,0,0,200,200,0
829,3316,722,79,724,3,right+B,0.05898049846291542,0.26494506001472473,0.13276901841163635,0.4821035861968994,0.0612017996609211,1.3096487522125244,0.0,521.0,763,2,235,0,0,0,200,200,0
830,3320,722,79,724,3,right+B,0.05889984592795372,0.26486071944236755,0.13272711634635925,0.481930136680603,0.06158219277858734,1.3101587295532227,-1.0,520.0,764,2,234,0,0,0,200,200,0
831,3324,722,79,724,3,right+B,0.05884888395667076,0.2646724283695221,0.13124661147594452,0.48410218954086304,0.06112995371222496,1.3070844411849976,0.0,520.0,765,2,234,0,0,0,200,200,0
832,3328,722,79,724,1,right,0.059107325971126556,0.2653098404407501,0.13169735670089722,0.4822932183742523,0.06159227341413498,1.3095515966415405,0.0,520.0,766,2,234,0,0,0,200,200,0
833,3332,722,79,724,1,right,0.058683041483163834,0.2638836205005646,0.13010263442993164,0.48630887269973755,0.06102180480957031,1.3045300245285034,0.0,520.0,767,2,234,0,0,0,200,200,0
834,3336,722,79,724,3,right+B,0.058537594974040985,0.2631763219833374,0.1297830045223236,0.4877377152442932,0.06076527014374733,1.3028318881988525,0.0,520.0,768,2,234,0,0,0,200,200,0
835,3340,722,79,724,1,right,0.05873250961303711,0.2638925015926361,0.13058774173259735,0.4857593774795532,0.06102783605456352,1.3052910566329956,-1.0,519.0,769,2,233,0,0,0,200,200,0
836,3344,722,79,724,3,right+B,0.05935877189040184,0.26548901200294495,0.13278932869434357,0.4805055856704712,0.06185726821422577,1.3121399879455566,0.0,519.0,770,2,233,0,0,0,200,200,0
837,3348,722,79,724,0,NOOP,0.05902397260069847,0.2644054889678955,0.13210655748844147,0.48295751214027405,0.0615064762532711,1.3091877698898315,0.0,519.0,771,2,233,0,0,0,200,200,0
838,3352,722,93,724,2,right+A,0.05939667299389839,0.26496070623397827,0.1351068615913391,0.4783700406551361,0.062165699899196625,1.315492868423462,0.0,519.0,772,2,233,0,0,0,200,200,0
839,3356,722,108,724,1,right,0.06051716208457947,0.26857709884643555,0.1412879079580307,0.4649781882762909,0.06463970988988876,1.3324178457260132,0.0,519.0,773,2,233,0,0,0,200,200,0
840,3360,722,112,724,1,right,0.05972961336374283,0.2676694691181183,0.1376103013753891,0.47190672159194946,0.06308391690254211,1.3227380514144897,-1.0,518.0,774,2,232,0,0,0,200,200,0
841,3364,722,106,724,1,right,0.06015034019947052,0.2666164040565491,0.14152872562408447,0.46667006611824036,0.06503447145223618,1.3316466808319092,0.0,518.0,775,2,232,0,0,0,200,200,0
842,3368,722,89,724,3,right+B,0.05999480187892914,0.26719215512275696,0.13870322704315186,0.4698062837123871,0.06430359929800034,1.326795220375061,0.0,518.0,776,2,232,0,0,0,200,200,0
843,3372,722,79,724,0,NOOP,0.059186484664678574,0.2654038965702057,0.1331850290298462,0.4799000024795532,0.0623246394097805,1.3131935596466064,0.0,518.0,777,2,232,0,0,0,200,200,0
844,3376,722,79,724,1,right,0.05801285430788994,0.2616269588470459,0.12688514590263367,0.4933496117591858,0.0601254440844059,1.2955193519592285,0.0,518.0,778,2,232,0,0,0,200,200,0
845,3380,722,79,724,3,right+B,0.058879271149635315,0.2633213400840759,0.12960869073867798,0.4874548316001892,0.06073584780097008,1.3033525943756104,-1.0,517.0,779,2,231,0,0,0,200,200,0
846,3384,722,79,724,3,right+B,0.058569204062223434,0.2625620663166046,0.12762613594532013,0.4902949333190918,0.06094765663146973,1.3000187873840332,0.0,517.0,780,2,231,0,0,0,200,200,0
847,3388,722,79,724,0,NOOP,0.05956428125500679,0.264543354511261,0.1312611997127533,0.48335909843444824,0.0612720288336277,1.3088219165802002,0.0,517.0,781,2,231,0,0,0,200,200,0
848,3392,722,79,724,3,right+B,0.059824682772159576,0.264305979013443,0.13062119483947754,0.48406633734703064,0.06118182837963104,1.3082005977630615,0.0,517.0,782,2,231,0,0,0,200,200,0
849,3396,722,79,724,3,right+B,0.05963687598705292,0.26295751333236694,0.13103604316711426,0.48555558919906616,0.06081400439143181,1.3067667484283447,0.0,517.0,783,2,231,0,0,0,200,200,0
850,3400,722,79,724,1,right,0.06024044007062912,0.2644357979297638,0.1332024782896042,0.4809083938598633,0.06121298670768738,1.3125569820404053,-1.0,516.0,784,2,230,0,0,0,200,200,0
851,3404,722,79,724,1,right,0.0604177825152874,0.2660682797431946,0.13438862562179565,0.47693362832069397,0.0621916763484478,1.3174070119857788,0.0,516.0,785,2,230,0,0,0,200,200,0
852,3408,722,79,724,1,right,0.0601777546107769,0.2664366364479065,0.13489313423633575,0.47683537006378174,0.061657149344682693,1.3166720867156982,0.0,516.0,786,2,230,0,0,0,200,200,0
853,3412,722,93,724,2,right+A,0.05943676456809044,0.2648996412754059,0.12979447841644287,0.4853186011314392,0.06055058538913727,1.3053507804870605,0.0,516.0,787,2,230,0,0,0,200,200,0
854,3416,722,108,724,3,right+B,0.06040874123573303,0.2684251666069031,0.13341538608074188,0.47434520721435547,0.06340556591749191,1.3199714422225952,0.0,516.0,788,2,230,0,0,0,200,200,0
855,3420,722,112,724,1,right,0.060219403356313705,0.26871946454048157,0.1322077065706253,0.47537171840667725,0.06348168104887009,1.318362832069397,-1.0,515.0,789,2,229,0,0,0,200,200,0
856,3424,722,106,724,1,right,0.060266293585300446,0.2667408287525177,0.13430312275886536,0.4745546579360962,0.0641351118683815,1.3213002681732178,0.0,515.0,790,2,229,0,0,0,200,200,0
857,3428,722,89,724,3,right+B,0.05895242467522621,0.2679794728755951,0.13034987449645996,0.4803253710269928,0.06239280849695206,1.3106905221939087,0.0,515.0,791,2,229,0,0,0,200,200,0
858,3432,722,79,724,1,right,0.05793895572423935,0.2652941942214966,0.1255652904510498,0.49069833755493164,0.06050320342183113,1.2966493368148804,0.0,515.0,792,2,229,0,0,0,200,200,0
859,3436,722,79,724,1,right,0.05774301663041115,0.26396316289901733,0.12202297896146774,0.4968693256378174,0.05940152332186699,1.288175344467163,0.0,515.0,793,2,229,0,0,0,200,200,0
860,3440,722,79,724,3,right+B,0.059484515339136124,0.2688186764717102,0.12951520085334778,0.48077690601348877,0.06140469014644623,1.3091764450073242,-1.0,514.0,794,2,228,0,0,0,200,200,0
861,3444,722,79,724,3,right+B,0.05866055190563202,0.2669680416584015,0.12913772463798523,0.48377999663352966,0.061453599482774734,1.305962324142456,0.0,514.0,795,2,228,0,0,0,200,200,0
862,3448,722,79,724,1,right,0.058710113167762756,0.2679714858531952,0.12923571467399597,0.4843798279762268,0.059702806174755096,1.3031530380249023,0.0,514.0,796,2,228,0,0,0,200,200,0
863,3452,722,79,724,3,right+B,0.05935622379183769,0.2697407007217407,0.13181568682193756,0.4784923791885376,0.06059492379426956,1.3107624053955078,0.0,514.0,797,2,228,0,0,0,200,200,0
864,3456,722,79,724,1,right,0.05925389379262924,0.27084243297576904,0.13457751274108887,0.473092257976532,0.062233876436948776,1.3180444240570068,0.0,514.0,798,2,228,0,0,0,200,200,0
865,3460,722,79,724,3,right+B,0.059442080557346344,0.2738945782184601,0.13413311541080475,0.4702163636684418,0.06231391057372093,1.3197144269943237,-1.0,513.0,799,2,227,0,0,0,200,200,0
866,3464,722,79,724,1,right,0.058896616101264954,0.27125075459480286,0.13472536206245422,0.4734947979450226,0.061632540076971054,1.3164916038513184,0.0,513.0,800,2,227,0,0,0,200,200,0
867,3468,722,93,724,2,right+A,0.058953143656253815,0.2707585394382477,0.13446208834648132,0.4742603003978729,0.06156597286462784,1.3158669471740723,0.0,513.0,801,2,227,0,0,0,200,200,0
868,3472,722,108,724,3,right+B,0.0615081787109375,0.27702316641807556,0.14477767050266266,0.45072421431541443,0.06596676260232925,1.345433235168457,0.0,513.0,802,2,227,0,0,0,200,200,0
869,3476,722,112,724,1,right,0.06187886744737625,0.27818563580513,0.1438833773136139,0.4496991038322449,0.06635302305221558,1.3464553356170654,0.0,513.0,803,2,227,0,0,0,200,200,0
870,3480,722,106,724,0,NOOP,0.06109191104769707,0.27305418252944946,0.14369377493858337,0.455458402633667,0.06670179218053818,1.342790961265564,-1.0,512.0,804,2,226,0,0,0,200,200,0
871,3484,722,89,724,2,right+A,0.06071309745311737,0.2740795910358429,0.14281532168388367,0.45752012729644775,0.06487181782722473,1.3379898071289062,0.0,512.0,805,2,226,0,0,0,200,200,0
872,3488,722,79,724,3,right+B,0.06041994318366051,0.2729901671409607,0.14363092184066772,0.45879048109054565,0.06416847556829453,1.3364043235778809,0.0,512.0,806,2,226,0,0,0,200,200,0
873,3492,722,79,724,3,right+B,0.05904744565486908,0.26919031143188477,0.13745717704296112,0.4721568524837494,0.062148213386535645,1.320103406906128,0.0,512.0,807,2,226,0,0,0,200,200,0
874,3496,722,79,724,3,right+B,0.06049694865942001,0.27334681153297424,0.1410495638847351,0.46231287717819214,0.06279374659061432,1.330991506576538,0.0,512.0,808,2,226,0,0,0,200,200,0
875,3500,722,79,724,3,right+B,0.06265126168727875,0.27623480558395386,0.15459059178829193,0.43835213780403137,0.06817121803760529,1.362161636352539,-1.0,511.0,809,2,225,0,0,0,200,200,0
876,3504,722,79,724,3,right+B,0.06197204068303108,0.2736201584339142,0.15277127921581268,0.4442548155784607,0.06738162040710449,1.3561962842941284,0.0,511.0,810,2,225,0,0,0,200,200,0
877,3508,722,93,724,2,right+A,0.062080271542072296,0.2751023471355438,0.1545959860086441,0.44127997756004333,0.06694140285253525,1.3582189083099365,0.0,511.0,811,2,225,0,0,0,200,200,0
878,3512,722,109,724,2,right+A,0.062447480857372284,0.2751396894454956,0.15627534687519073,0.43673115968704224,0.06940627843141556,1.365288257598877,0.0,511.0,812,2,225,0,0,0,200,200,0
879,3516,722,121,724,1,right,0.061476487666368484,0.27497395873069763,0.14485709369182587,0.45215103030204773,0.06654143333435059,1.3455545902252197,0.0,511.0,813,2,225,0,0,0,200,200,0
880,3520,722,122,724,1,right,0.0629114955663681,0.27414044737815857,0.15859797596931458,0.43134209513664246,0.07300802320241928,1.3745946884155273,-1.0,510.0,814,2,224,0,0,0,200,200,0
881,3524,722,113,724,0,NOOP,0.06284031271934509,0.2767060399055481,0.15982061624526978,0.4281436502933502,0.07248938083648682,1.3758922815322876,0.0,510.0,815,2,224,0,0,0,200,200,0
882,3528,722,94,724,3,right+B,0.062212467193603516,0.27311909198760986,0.15271131694316864,0.441190630197525,0.07076653093099594,1.3626518249511719,0.0,510.0,816,2,224,0,0,0,200,200,0
883,3532,722,79,724,1,right,0.05947616323828697,0.2708200216293335,0.13762247562408447,0.46805399656295776,0.0640273168683052,1.3258720636367798,0.0,510.0,817,2,224,0,0,0,200,200,0
884,3536,722,79,724,3,right+B,0.061107464134693146,0.27127692103385925,0.1359064131975174,0.4686579406261444,0.06305131316184998,1.325404167175293,0.0,510.0,818,2,224,0,0,0,200,200,0
885,3540,722,79,724,3,right+B,0.060201726853847504,0.2698644995689392,0.13503991067409515,0.4731837809085846,0.061710063368082047,1.318974494934082,-1.0,509.0,819,2,223,0,0,0,200,200,0
886,3544,722,79,724,1,right,0.06158283352851868,0.2754387855529785,0.1435839831829071,0.4547409415245056,0.06465352326631546,1.340890884399414,0.0,509.0,820,2,223,0,0,0,200,200,0
887,3548,722,79,724,1,right,0.060738638043403625,0.2755579352378845,0.14416737854480743,0.45572102069854736,0.06381510198116302,1.3382865190505981,0.0,509.0,821,2,223,0,0,0,200,200,0
888,3552,722,79,724,1,right,0.059904105961322784,0.27174144983291626,0.14285996556282043,0.4630887508392334,0.062405768781900406,1.3302959203720093,0.0,509.0,822,2,223,0,0,0,200,200,0
889,3556,722,79,724,3,right+B,0.06057194992899895,0.27339908480644226,0.14249971508979797,0.46073657274246216,0.06279259920120239,1.3328807353973389,0.0,509.0,823,2,223,0,0,0,200,200,0
890,3560,722,79,724,3,right+B,0.060365792363882065,0.27279728651046753,0.1424734890460968,0.4610231816768646,0.06334026157855988,1.3332054615020752,-1.0,508.0,824,2,222,0,0,0,200,200,0
891,3564,722,93,724,4,right+A+B,0.059516921639442444,0.27195805311203003,0.1385263353586197,0.46770891547203064,0.06228974089026451,1.3241994380950928,0.0,508.0,825,2,222,0,0,0,200,200,0
892,3568,722,108,724,1,right,0.06045234203338623,0.2762626111507416,0.14199607074260712,0.45679107308387756,0.06449790298938751,1.3368843793869019,0.0,508.0,826,2,222,0,0,0,200,200,0
893,3572,722,112,724,3,right+B,0.06008051708340645,0.27548691630363464,0.13472890853881836,0.4659197926521301,0.06378389894962311,1.325567364692688,0.0,508.0,827,2,222,0,0,0,200,200,0
894,3576,722,106,724,3,right+B,0.06057289242744446,0.27115535736083984,0.13807377219200134,0.46432751417160034,0.06587047129869461,1.3324849605560303,0.0,508.0,828,2,222,0,0,0,200,200,0
895,3580,722,89,724,1,right,0.059504423290491104,0.2703876495361328,0.1388549655675888,0.4669264256954193,0.0643264576792717,1.3277897834777832,-1.0,507.0,829,2,221,0,0,0,200,200,0
896,3584,722,79,724,3,right+B,0.05948559194803238,0.2720588743686676,0.13523441553115845,0.47040510177612305,0.06281597912311554,1.3211956024169922,0.0,507.0,830,2,221,0,0,0,200,200,0
897,3588,722,93,724,2,right+A,0.05826538801193237,0.2675324082374573,0.1289827525615692,0.4847128391265869,0.0605066753923893,1.3032954931259155,0.0,507.0,831,2,221,0,0,0,200,200,0
898,3592,722,108,724,3,right+B,0.05980289727449417,0.2709638476371765,0.13884718716144562,0.46736326813697815,0.06302284449338913,1.3261111974716187,0.0,507.0,832,2,221,0,0,0,200,200,0
899,3596,722,112,724,1,right,0.05975341796875,0.27063924074172974,0.1363559067249298,0.4693491458892822,0.06390228867530823,1.3245376348495483,0.0,507.0,833,2,221,0,0,0,200,200,0
900,3600,722,106,724,4,right+A+B,0.06047895923256874,0.26953935623168945,0.14149929583072662,0.46435949206352234,0.06412284821271896,1.3320955038070679,-1.0,506.0,834,2,220,0,0,0,200,200,0
901,3604,722,89,724,3,right+B,0.06022530794143677,0.2707395553588867,0.1355833262205124,0.4703691303730011,0.06308269500732422,1.3229658603668213,0.0,506.0,835,2,220,0,0,0,200,200,0
902,3608,722,79,724,4,right+A+B,0.059405818581581116,0.26727327704429626,0.13165704905986786,0.48001840710639954,0.06164536997675896,1.311395287513733,0.0,506.0,836,2,220,0,0,0,200,200,0
903,3612,722,79,724,3,right+B,0.05820712447166443,0.26209500432014465,0.12422874569892883,0.4957493245601654,0.059719789773225784,1.291735053062439,0.0,506.0,837,2,220,0,0,0,200,200,0
904,3616,722,79,724,0,NOOP,0.058944571763277054,0.2644273042678833,0.1271236687898636,0.48910757899284363,0.060396865010261536,1.3001437187194824,0.0,506.0,838,2,220,0,0,0,200,200,0
905,3620,722,79,724,3,right+B,0.05889122188091278,0.26501041650772095,0.12671728432178497,0.48792514204978943,0.06145595759153366,1.302045226097107,-1.0,505.0,839,2,219,0,0,0,200,200,0
906,3624,722,93,724,2,right+A,0.059924859553575516,0.26666828989982605,0.13048043847084045,0.48073115944862366,0.06219521537423134,1.311720609664917,0.0,505.0,840,2,219,0,0,0,200,200,0
907,3628,722,108,724,1,right,0.058814823627471924,0.2651207745075226,0.13108192384243011,0.481894850730896,0.06308760493993759,1.3110826015472412,0.0,505.0,841,2,219,0,0,0,200,200,0
908,3632,722,112,724,3,right+B,0.0597764290869236,0.2672971785068512,0.13304881751537323,0.476133793592453,0.06374376267194748,1.3182309865951538,0.0,505.0,842,2,219,0,0,0,200,200,0
909,3636,722,106,724,1,right,0.060822274535894394,0.26565122604370117,0.1391623467206955,0.46860820055007935,0.06575589627027512,1.3310478925704956,0.0,505.0,843,2,219,0,0,0,200,200,0
910,3640,722,89,724,3,right+B,0.060703665018081665,0.2673250734806061,0.13961739838123322,0.4679228365421295,0.06443102657794952,1.3296864032745361,-1.0,504.0,844,2,218,0,0,0,200,200,0
911,3644,722,79,724,1,right,0.060242973268032074,0.26648828387260437,0.1364099681377411,0.4740881621837616,0.06277057528495789,1.321003794670105,0.0,504.0,845,2,218,0,0,0,200,200,0
912,3648,722,93,724,4,right+A+B,0.05887586250901222,0.2624981999397278,0.1305340677499771,0.4877195358276367,0.06037239357829094,1.3033015727996826,0.0,504.0,846,2,218,0,0,0,200,200,0
913,3652,722,108,724,0,NOOP,0.06022175773978233,0.26745763421058655,0.13772335648536682,0.470800518989563,0.0637967512011528,1.3252015113830566,0.0,504.0,847,2,218,0,0,0,200,200,0
914,3656,722,112,724,2,right+A,0.05940037965774536,0.26633137464523315,0.13327287137508392,0.47795742750167847,0.06303788721561432,1.315748929977417,0.0,504.0,848,2,218,0,0,0,200,200,0
915,3660,722,106,724,3,right+B,0.060490548610687256,0.26657387614250183,0.1385979950428009,0.4697088301181793,0.06462878733873367,1.3279809951782227,-1.0,503.0,849,2,217,0,0,0,200,200,0
916,3664,722,89,724,3,right+B,0.060231972485780716,0.2677583694458008,0.13790754973888397,0.46968358755111694,0.06441855430603027,1.326857328414917,0.0,503.0,850,2,217,0,0,0,200,200,0
917,3668,722,79,724,2,right+A,0.05920613557100296,0.2653658986091614,0.1334749162197113,0.47942957282066345,0.06252346932888031,1.3139886856079102,0.0,503.0,851,2,217,0,0,0,200,200,0
918,3672,722,79,724,1,right,0.058329757302999496,0.2623559832572937,0.12917327880859375,0.48942136764526367,0.06071964651346207,1.3009769916534424,0.0,503.0,852,2,217,0,0,0,200,200,0
919,3676,722,79,724,3,right+B,0.059045176953077316,0.2645430862903595,0.13236558437347412,0.48333826661109924,0.06070799008011818,1.308000087738037,0.0,503.0,853,2,217,0,0,0,200,200,0
920,3680,722,79,724,1,right,0.05915668606758118,0.2649601995944977,0.1323932260274887,0.4815235435962677,0.061966411769390106,1.3111155033111572,-1.0,502.0,854,2,216,0,0,0,200,200,0
921,3684,722,79,724,1,right,0.05949271470308304,0.26479634642601013,0.1342889368534088,0.47951287031173706,0.06190913915634155,1.3140337467193604,0.0,502.0,855,2,216,0,0,0,200,200,0
922,3688,722,79,724,1,right,0.05989834666252136,0.26520025730133057,0.135372593998909,0.4779447019100189,0.061584170907735825,1.3158246278762817,0.0,502.0,856,2,216,0,0,0,200,200,0
923,3692,722,79,724,3,right+B,0.06040143594145775,0.26697486639022827,0.13790950179100037,0.4722127318382263,0.06250149011611938,1.3229217529296875,0.0,502.0,857,2,216,0,0,0,200,200,0
924,3696,722,79,724,3,right+B,0.05968962609767914,0.26599493622779846,0.13579142093658447,0.4767514169216156,0.061772607266902924,1.3167698383331299,0.0,502.0,858,2,216,0,0,0,200,200,0
925,3700,722,79,724,3,right+B,0.05942201986908913,0.2654361426830292,0.1340961456298828,0.47965019941329956,0.06139557063579559,1.3129665851593018,-1.0,501.0,859,2,215,0,0,0,200,200,0
926,3704,722,79,724,3,right+B,0.059146150946617126,0.2646368741989136,0.13206303119659424,0.4832395911216736,0.06091438606381416,1.3083043098449707,0.0,501.0,860,2,215,0,0,0,200,200,0
927,3708,722,93,724,2,right+A,0.059150613844394684,0.26505574584007263,0.1324843317270279,0.4818325340747833,0.06147679686546326,1.3102715015411377,0.0,501.0,861,2,215,0,0,0,200,200,0
928,3712,722,108,724,3,right+B,0.05981525778770447,0.2678332030773163,0.13635297119617462,0.47218117117881775,0.06381744891405106,1.3229243755340576,0.0,501.0,862,2,215,0,0,0,200,200,0
929,3716,722,112,724,1,right,0.05945061147212982,0.26657432317733765,0.1352541744709015,0.47546127438545227,0.06325959414243698,1.3189533948898315,0.0,501.0,863,2,215,0,0,0,200,200,0
930,3720,722,106,724,3,right+B,0.05991554260253906,0.26534461975097656,0.1386740356683731,0.4711917042732239,0.06487410515546799,1.3266772031784058,-1.0,500.0,864,2,214,0,0,0,200,200,0
931,3724,722,89,724,0,NOOP,0.05966004356741905,0.26641854643821716,0.13733884692192078,0.47243228554725647,0.06415027379989624,1.323683738708496,0.0,500.0,865,2,214,0,0,0,200,200,0
932,3728,722,79,724,3,right+B,0.05954752862453461,0.2663429081439972,0.1356370449066162,0.4752965569496155,0.06317587941884995,1.3193327188491821,0.0,500.0,866,2,214,0,0,0,200,200,0
933,3732,722,79,724,1,right,0.058800164610147476,0.2634086608886719,0.1314455270767212,0.4851459264755249,0.061199724674224854,1.3066179752349854,0.0,500.0,867,2,214,0,0,0,200,200,0
934,3736,722,79,724,3,right+B,0.05981849506497383,0.26601430773735046,0.13581815361976624,0.47704243659973145,0.061306584626436234,1.316128134727478,0.0,500.0,868,2,214,0,0,0,200,200,0
935,3740,722,79,724,0,NOOP,0.05981358885765076,0.2662522792816162,0.1354493498802185,0.47618579864501953,0.062299057841300964,1.3178207874298096,-1.0,499.0,869,2,213,0,0,0,200,200,0
936,3744,722,79,724,3,right+B,0.0595027320086956,0.2652728259563446,0.13523411750793457,0.4786434769630432,0.06134677678346634,1.3143821954727173,0.0,499.0,870,2,213,0,0,0,200,200,0
937,3748,722,79,724,3,right+B,0.05939599126577377,0.2654891312122345,0.13358964025974274,0.4803659915924072,0.06115931272506714,1.31181001663208,0.0,499.0,871,2,213,0,0,0,200,200,0
938,3752,722,79,724,1,right,0.05935732275247574,0.2654028534889221,0.13288410007953644,0.4813949167728424,0.0609608069062233,1.3103628158569336,0.0,499.0,872,2,213,0,0,0,200,200,0
939,3756,722,79,724,1,right,0.05961686372756958,0.2658132314682007,0.13308481872081757,0.4798133671283722,0.06167171150445938,1.3128701448440552,0.0,499.0,873,2,213,0,0,0,200,200,0
940,3760,722,79,724,3,right+B,0.05967230722308159,0.26513323187828064,0.13319668173789978,0.4800853431224823,0.06191233545541763,1.3132195472717285,-1.0,498.0,874,2,212,0,0,0,200,200,0
941,3764,722,79,724,3,right+B,0.05910477787256241,0.2635606527328491,0.13065694272518158,0.48591578006744385,0.060761868953704834,1.3054121732711792,0.0,498.0,875,2,212,0,0,0,200,200,0
942,3768,722,79,724,1,right,0.059460628777742386,0.2649325728416443,0.13182272017002106,0.48249056935310364,0.06129348650574684,1.3096134662628174,0.0,498.0,876,2,212,0,0,0,200,200,0
943,3772,722,79,724,3,right+B,0.059269603341817856,0.2642477750778198,0.13045528531074524,0.4846068322658539,0.06142053380608559,1.307277798652649,0.0,498.0,877,2,212,0,0,0,200,200,0
944,3776,722,79,724,3,right+B,0.05955382063984871,0.2635750472545624,0.13061103224754333,0.48464474081993103,0.061615414917469025,1.3080720901489258,0.0,498.0,878,2,212,0,0,0,200,200,0
945,3780,722,79,724,3,right+B,0.05980866774916649,0.2644757628440857,0.1311749964952469,0.48304441571235657,0.06149617210030556,1.3096421957015991,-1.0,497.0,879,2,211,0,0,0,200,200,0
946,3784,722,79,724,3,right+B,0.060345545411109924,0.2657584547996521,0.1344393789768219,0.47758930921554565,0.06186724454164505,1.3164787292480469,0.0,497.0,880,2,211,0,0,0,200,200,0
947,3788,722,93,724,4,right+A+B,0.060429491102695465,0.26534563302993774,0.13427096605300903,0.47829383611679077,0.06166009604930878,1.3157724142074585,0.0,497.0,881,2,211,0,0,0,200,200,0
948,3792,722,108,724,3,right+B,0.06064532697200775,0.26643502712249756,0.13781774044036865,0.4721369445323944,0.06296494603157043,1.3239370584487915,0.0,497.0,882,2,211,0,0,0,200,200,0
949,3796,722,112,724,3,right+B,0.06073569506406784,0.2682678997516632,0.13870730996131897,0.4683634042739868,0.06392571330070496,1.3281704187393188,0.0,497.0,883,2,211,0,0,0,200,200,0
950,3800,722,106,724,0,NOOP,0.06132867559790611,0.2672189474105835,0.14071886241436005,0.46511203050613403,0.06562144309282303,1.334568977355957,-1.0,496.0,884,2,210,0,0,0,200,200,0
951,3804,722,89,724,3,right+B,0.060798659920692444,0.26873546838760376,0.13771657645702362,0.46852925419807434,0.06421997398138046,1.3279352188110352,0.0,496.0,885,2,210,0,0,0,200,200,0
952,3808,722,79,724,3,right+B,0.06025999039411545,0.2669224441051483,0.1334105134010315,0.47605201601982117,0.0633549913764,1.3186935186386108,0.0,496.0,886,2,210,0,0,0,200,200,0
953,3812,722,79,724,1,right,0.05919577553868294,0.263677179813385,0.12777204811573029,0.4879627227783203,0.061392270028591156,1.303156852722168,0.0,496.0,887,2,210,0,0,0,200,200,0
954,3816,722,79,724,3,right+B,0.059896230697631836,0.265939861536026,0.12927760183811188,0.4837501049041748,0.06113622710108757,1.3074723482131958,0.0,496.0,888,2,210,0,0,0,200,200,0
955,3820,722,79,724,3,right+B,0.05868738144636154,0.2653301954269409,0.1269419938325882,0.48813706636428833,0.06090347468852997,1.30096435546875,-1.0,495.0,889,2,209,0,0,0,200,200,0
956,3824,722,93,724,2,right+A,0.059302687644958496,0.26755717396736145,0.12914885580539703,0.4834599196910858,0.060531411319971085,1.3057682514190674,0.0,495.0,890,2,209,0,0,0,200,200,0
957,3828,722,108,724,1,right,0.06013086810708046,0.2697409987449646,0.13168001174926758,0.47620558738708496,0.062242478132247925,1.315576434135437,0.0,495.0,891,2,209,0,0,0,200,200,0
958,3832,722,112,724,4,right+A+B,0.06051723659038544,0.272187739610672,0.1349724531173706,0.46902376413345337,0.06329888850450516,1.324032187461853,0.0,495.0,892,2,209,0,0,0,200,200,0
959,3836,722,106,724,3,right+B,0.06113830953836441,0.2699905335903168,0.13937272131443024,0.4639703333377838,0.06552808731794357,1.3339046239852905,0.0,495.0,893,2,209,0,0,0,200,200,0
960,3840,722,89,724,1,right,0.0594923235476017,0.2687409520149231,0.13657855987548828,0.47179660201072693,0.0633915513753891,1.3221955299377441,-1.0,494.0,894,2,208,0,0,0,200,200,0
961,3844,722,79,724,3,right+B,0.05904562398791313,0.27054882049560547,0.13449355959892273,0.47419729828834534,0.06171470880508423,1.3162851333618164,0.0,494.0,895,2,208,0,0,0,200,200,0
962,3848,722,79,724,3,right+B,0.05790341645479202,0.2666667103767395,0.12814590334892273,0.48747408390045166,0.0598098486661911,1.2994389533996582,0.0,494.0,896,2,208,0,0,0,200,200,0
963,3852,722,79,724,3,right+B,0.059194087982177734,0.27065393328666687,0.13167007267475128,0.47678208351135254,0.061699800193309784,1.31302809715271,0.0,494.0,897,2,208,0,0,0,200,200,0
964,3856,722,79,724,3,right+B,0.05925412476062775,0.27255570888519287,0.1311347484588623,0.474251389503479,0.06280401349067688,1.315774917602539,0.0,494.0,898,2,208,0,0,0,200,200,0
965,3860,722,79,724,3,right+B,0.05996972694993019,0.2717553377151489,0.13621971011161804,0.4694449305534363,0.06261032074689865,1.3228375911712646,-1.0,493.0,899,2,207,0,0,0,200,200,0
966,3864,722,79,724,1,right,0.05892100930213928,0.27097010612487793,0.13517442345619202,0.47293755412101746,0.061996933072805405,1.3176910877227783,0.0,493.0,900,2,207,0,0,0,200,200,0
967,3868,722,79,724,3,right+B,0.06045800819993019,0.27450159192085266,0.14278008043766022,0.4573748707771301,0.06488543003797531,1.3376754522323608,0.0,493.0,901,2,207,0,0,0,200,200,0
968,3872,722,79,724,1,right,0.062265560030937195,0.2764274775981903,0.14279568195343018,0.4522916078567505,0.06621962040662766,1.3448646068572998,0.0,493.0,902,2,207,0,0,0,200,200,0
969,3876,722,79,724,3,right+B,0.061141643673181534,0.2745899260044098,0.14006400108337402,0.46004900336265564,0.0641554668545723,1.334474802017212,0.0,493.0,903,2,207,0,0,0,200,200,0
970,3880,722,79,724,3,right+B,0.06134387105703354,0.273290753364563,0.1421532779932022,0.46032023429870605,0.06289181858301163,1.3341758251190186,-1.0,492.0,904,2,206,0,0,0,200,200,0
971,3884,722,79,724,3,right+B,0.062341123819351196,0.2757432162761688,0.1472119837999344,0.4497729241847992,0.06493065506219864,1.3472042083740234,0.0,492.0,905,2,206,0,0,0,200,200,0
972,3888,722,93,724,4,right+A+B,0.05974610522389412,0.27045273780822754,0.1416187584400177,0.4657752215862274,0.06240708753466606,1.3278123140335083,0.0,492.0,906,2,206,0,0,0,200,200,0
973,3892,722,109,724,4,right+A+B,0.06214999780058861,0.27605098485946655,0.1524726003408432,0.441606730222702,0.06771965324878693,1.3580235242843628,0.0,492.0,907,2,206,0,0,0,200,200,0
974,3896,722,122,724,4,right+A+B,0.06198505684733391,0.2763088047504425,0.1499951183795929,0.44315552711486816,0.06855548173189163,1.3567254543304443,0.0,492.0,908,2,206,0,0,0,200,200,0
975,3900,722,132,724,4,right+A+B,0.06314931809902191,0.2753479778766632,0.16407008469104767,0.4235861897468567,0.07384633272886276,1.3823927640914917,-1.0,491.0,909,2,205,0,0,0,200,200,0
976,3904,723,137,724,3,right+B,0.06099812313914299,0.27232789993286133,0.15419606864452362,0.4426446259021759,0.06983327865600586,1.3597321510314941,0.0,491.0,910,2,205,0,0,0,200,200,0
977,3908,722,133,724,3,right+B,0.06147212162613869,0.27148884534835815,0.15170927345752716,0.4456225335597992,0.06970719248056412,1.3573752641677856,0.0,491.0,911,2,205,0,0,0,200,200,0
978,3912,722,117,724,1,right,0.06147448718547821,0.2715069055557251,0.1513146162033081,0.446828156709671,0.06887577474117279,1.3554141521453857,0.0,491.0,912,2,205,0,0,0,200,200,0
979,3916,722,96,724,1,right,0.06268098205327988,0.27412402629852295,0.14942091703414917,0.4443310797214508,0.06944301724433899,1.358075737953186,0.0,491.0,913,2,205,0,0,0,200,200,0
980,3920,722,79,724,3,right+B,0.06275838613510132,0.2761565148830414,0.15783058106899261,0.43197157979011536,0.07128296047449112,1.3713514804840088,-1.0,490.0,914,2,204,0,0,0,200,200,0
981,3924,722,79,724,3,right+B,0.062069620937108994,0.2746506929397583,0.1522035449743271,0.4440290927886963,0.06704705208539963,1.3556469678878784,0.0,490.0,915,2,204,0,0,0,200,200,0
982,3928,722,93,724,4,right+A+B,0.06105992570519447,0.27272090315818787,0.1403820514678955,0.46302738785743713,0.06280967593193054,1.3310414552688599,0.0,490.0,916,2,204,0,0,0,200,200,0
983,3932,722,108,724,3,right+B,0.06184186413884163,0.2738186717033386,0.1414232701063156,0.45789068937301636,0.06502551585435867,1.3387974500656128,0.0,490.0,917,2,204,0,0,0,200,200,0
984,3936,722,112,724,2,right+A,0.06182115525007248,0.275503933429718,0.1447940617799759,0.4532889425754547,0.0645919069647789,1.3426668643951416,0.0,490.0,918,2,204,0,0,0,200,200,0
985,3940,722,106,724,3,right+B,0.06223542243242264,0.27655336260795593,0.1528414785861969,0.4395201504230499,0.0688495934009552,1.3609228134155273,-1.0,489.0,919,2,203,0,0,0,200,200,0
986,3944,722,89,724,3,right+B,0.061134450137615204,0.2761383354663849,0.14803645014762878,0.448475182056427,0.06621550768613815,1.3483918905258179,0.0,489.0,920,2,203,0,0,0,200,200,0
987,3948,722,79,724,3,right+B,0.06020890176296234,0.2726203203201294,0.14421628415584564,0.4579945504665375,0.06495986878871918,1.3380135297775269,0.0,489.0,921,2,203,0,0,0,200,200,0
988,3952,722,93,724,2,right+A,0.05925526097416878,0.27027472853660583,0.1354609578847885,0.47266751527786255,0.062341634184122086,1.3190561532974243,0.0,489.0,922,2,203,0,0,0,200,200,0
989,3956,722,108,724,3,right+B,0.06078490987420082,0.27480635046958923,0.14697091281414032,0.4520587921142578,0.06537900865077972,1.3442405462265015,0.0,489.0,923,2,203,0,0,0,200,200,0
990,3960,722,112,724,3,right+B,0.0604168064892292,0.2763269543647766,0.14219722151756287,0.45584216713905334,0.06521690636873245,1.3384820222854614,-1.0,488.0,924,2,202,0,0,0,200,200,0
991,3964,722,106,724,2,right+A,0.060449741780757904,0.2732953131198883,0.14119699597358704,0.4601335823535919,0.06492435932159424,1.3352559804916382,0.0,488.0,925,2,202,0,0,0,200,200,0
992,3968,722,89,724,3,right+B,0.061641864478588104,0.27732399106025696,0.1417483389377594,0.45281004905700684,0.06647568196058273,1.3433444499969482,0.0,488.0,926,2,202,0,0,0,200,200,0
993,3972,722,79,724,4,right+A+B,0.0598866306245327,0.2709924578666687,0.13570533692836761,0.46992769837379456,0.06348781287670135,1.323372483253479,0.0,488.0,927,2,202,0,0,0,200,200,0
994,3976,722,79,724,3,right+B,0.05870778486132622,0.26832881569862366,0.13475513458251953,0.4767038822174072,0.06150437146425247,1.3142188787460327,0.0,488.0,928,2,202,0,0,0,200,200,0
995,3980,722,79,724,3,right+B,0.058897148817777634,0.270659476518631,0.1340874284505844,0.47624439001083374,0.06011151149868965,1.3122310638427734,-1.0,487.0,929,2,201,0,0,0,200,200,0
996,3984,722,79,724,3,right+B,0.0578569658100605,0.2675803601741791,0.1291734278202057,0.4854944348335266,0.05989475175738335,1.3014326095581055,0.0,487.0,930,2,201,0,0,0,200,200,0
997,3988,722,93,724,2,right+A,0.05893271043896675,0.268821656703949,0.1324526071548462,0.47913771867752075,0.060655269771814346,1.3102927207946777,0.0,487.0,931,2,201,0,0,0,200,200,0
998,3992,722,108,724,3,right+B,0.060209546238183975,0.27041029930114746,0.1362980753183365,0.4693443775177002,0.06373772770166397,1.3249502182006836,0.0,487.0,932,2,201,0,0,0,200,200,0
999,3996,722,112,724,0,NOOP,0.06033758446574211,0.2717023193836212,0.13754679262638092,0.46667757630348206,0.06373576819896698,1.327449083328247,0.0,487.0,933,2,201,0,0,0,200,200,0
1000,4000,722,106,724,3,right+B,0.06076338142156601,0.26888585090637207,0.13650475442409515,0.46959438920021057,0.06425159424543381,1.326519250869751,-1.0,486.0,934,2,200,0,0,0,200,200,0
1001,4004,722,89,724,3,right+B,0.05988520011305809,0.2667100727558136,0.13306787610054016,0.4771359860897064,0.06320083886384964,1.3170462846755981,0.0,486.0,935,2,200,0,0,0,200,200,0
1002,4008,722,79,724,2,right+A,0.05953582376241684,0.2661781907081604,0.13088378310203552,0.48097461462020874,0.06242756173014641,1.3116201162338257,0.0,486.0,936,2,200,0,0,0,200,200,0
1003,4012,722,79,724,0,NOOP,0.058530598878860474,0.26230236887931824,0.1260889768600464,0.4923613667488098,0.06071658059954643,1.2972092628479004,0.0,486.0,937,2,200,0,0,0,200,200,0
1004,4016,722,79,724,3,right+B,0.05996829643845558,0.267488032579422,0.13217459619045258,0.4781998097896576,0.06216917932033539,1.3144313097000122,0.0,486.0,938,2,200,0,0,0,200,200,0
1005,4020,722,93,724,2,right+A,0.05991179868578911,0.26710426807403564,0.13097934424877167,0.47919750213623047,0.0628071203827858,1.3138456344604492,-1.0,485.0,939,2,199,0,0,0,200,200,0
1006,4024,722,108,724,3,right+B,0.059804655611515045,0.26709723472595215,0.1346130073070526,0.475488543510437,0.062996506690979,1.3186519145965576,0.0,485.0,940,2,199,0,0,0,200,200,0
1007,4028,722,112,724,2,right+A,0.06018723547458649,0.2681388258934021,0.13654623925685883,0.4710852801799774,0.06404241919517517,1.3245532512664795,0.0,485.0,941,2,199,0,0,0,200,200,0
1008,4032,722,106,724,3,right+B,0.06067873165011406,0.2663373649120331,0.14128056168556213,0.4666830897331238,0.06502027064561844,1.3322463035583496,0.0,485.0,942,2,199,0,0,0,200,200,0
1009,4036,722,89,724,3,right+B,0.060046080499887466,0.2672457695007324,0.13709701597690582,0.4722532629966736,0.0633578971028328,1.3230679035186768,0.0,485.0,943,2,199,0,0,0,200,200,0
1010,4040,722,79,724,1,right,0.05948725342750549,0.2658778727054596,0.13282744586467743,0.4796307682991028,0.06217668578028679,1.313341498374939,-1.0,484.0,944,2,198,0,0,0,200,200,0
1011,4044,722,93,724,2,right+A,0.058194078505039215,0.26170653104782104,0.12703953683376312,0.49288123846054077,0.06017860770225525,1.296278715133667,0.0,484.0,945,2,198,0,0,0,200,200,0
1012,4048,722,108,724,1,right,0.059328749775886536,0.2655726671218872,0.13332100212574005,0.47892943024635315,0.06284815818071365,1.3148305416107178,0.0,484.0,946,2,198,0,0,0,200,200,0
1013,4052,722,112,724,4,right+A+B,0.05895988270640373,0.26555371284484863,0.1306559443473816,0.48220011591911316,0.06263042241334915,1.3101592063903809,0.0,484.0,947,2,198,0,0,0,200,200,0
1014,4056,722,106,724,3,right+B,0.06005721166729927,0.26592695713043213,0.13744790852069855,0.4720870852470398,0.06448078900575638,1.3250160217285156,0.0,484.0,948,2,198,0,0,0,200,200,0
1015,4060,722,89,724,1,right,0.059130631387233734,0.26592350006103516,0.13554012775421143,0.47605279088020325,0.06335287541151047,1.318457007408142,-1.0,483.0,949,2,197,0,0,0,200,200,0
1016,4064,722,79,724,1,right,0.05916929244995117,0.2656824290752411,0.1342732012271881,0.4780816435813904,0.06279345601797104,1.315664529800415,0.0,483.0,950,2,197,0,0,0,200,200,0
1017,4068,722,79,724,1,right,0.058645784854888916,0.2631586492061615,0.1307155340909958,0.4863443970680237,0.06113559752702713,1.3050498962402344,0.0,483.0,951,2,197,0,0,0,200,200,0
1018,4072,722,79,724,1,right,0.05944247171282768,0.2655944526195526,0.1349935680627823,0.47896289825439453,0.06100664660334587,1.313442349433899,0.0,483.0,952,2,197,0,0,0,200,200,0
1019,4076,722,79,724,1,right,0.05943042412400246,0.26593896746635437,0.13478432595729828,0.4779013395309448,0.06194490194320679,1.3152798414230347,0.0,483.0,953,2,197,0,0,0,200,200,0
1020,4080,722,79,724,3,right+B,0.059168677777051926,0.26496192812919617,0.13459302484989166,0.4801865816116333,0.06108981743454933,1.312158465385437,-1.0,482.0,954,2,196,0,0,0,200,200,0
1021,4084,722,93,724,2,right+A,0.05919492244720459,0.26535192131996155,0.13324882090091705,0.48119887709617615,0.06100544333457947,1.3105534315109253,0.0,482.0,955,2,196,0,0,0,200,200,0
1022,4088,722,108,724,1,right,0.059858109802007675,0.26764923334121704,0.13735534250736237,0.4717867374420166,0.06335047632455826,1.3232135772705078,0.0,482.0,956,2,196,0,0,0,200,200,0
1023,4092,722,112,724,3,right+B,0.059684328734874725,0.26813632249832153,0.13617555797100067,0.4726739525794983,0.06332986056804657,1.3216270208358765,0.0,482.0,957,2,196,0,0,0,200,200,0
1024,4096,722,106,724,3,right+B,0.05999169498682022,0.26600804924964905,0.1394779235124588,0.46971097588539124,0.06481131166219711,1.328068494796753,0.0,482.0,958,2,196,0,0,0,200,200,0
1025,4100,722,89,724,2,right+A,0.05939657241106033,0.2661909759044647,0.13688646256923676,0.473755419254303,0.06377061456441879,1.3216869831085205,-1.0,481.0,959,2,195,0,0,0,200,200,0
1026,4104,722,79,724,3,right+B,0.05873420834541321,0.2650225758552551,0.13308341801166534,0.4810735285282135,0.062086187303066254,1.3113999366760254,0.0,481.0,960,2,195,0,0,0,200,200,0
1027,4108,722,79,724,3,right+B,0.0578165277838707,0.26199105381965637,0.12790043652057648,0.4921286106109619,0.06016336753964424,1.2967824935913086,0.0,481.0,961,2,195,0,0,0,200,200,0
1028,4112,722,79,724,0,NOOP,0.05886650085449219,0.2648073136806488,0.13183549046516418,0.4838238060474396,0.060666874051094055,1.3070100545883179,0.0,481.0,962,2,195,0,0,0,200,200,0
1029,4116,722,79,724,3,right+B,0.05878208950161934,0.26432061195373535,0.1312703937292099,0.48407918214797974,0.061547666788101196,1.3076245784759521,0.0,481.0,963,2,195,0,0,0,200,200,0
1030,4120,722,79,724,3,right+B,0.05942857638001442,0.2651200592517853,0.13416185975074768,0.48001500964164734,0.0612744577229023,1.3126271963119507,-1.0,480.0,964,2,194,0,0,0,200,200,0
1031,4124,722,79,724,1,right,0.05951114371418953,0.2651306390762329,0.13354502618312836,0.48117220401763916,0.06064104288816452,1.3107097148895264,0.0,480.0,965,2,194,0,0,0,200,200,0
1032,4128,722,79,724,3,right+B,0.05923829972743988,0.2652825117111206,0.13388943672180176,0.48058244585990906,0.061007309705019,1.3114277124404907,0.0,480.0,966,2,194,0,0,0,200,200,0
1033,4132,722,79,724,1,right,0.0593450665473938,0.2659870386123657,0.13409684598445892,0.47910696268081665,0.06146407499909401,1.3132723569869995,0.0,480.0,967,2,194,0,0,0,200,200,0
1034,4136,722,79,724,1,right,0.058943599462509155,0.2646610140800476,0.13163425028324127,0.4840656518936157,0.060695402324199677,1.3068816661834717,0.0,480.0,968,2,194,0,0,0,200,200,0
1035,4140,722,79,724,3,right+B,0.058959636837244034,0.26509276032447815,0.13183431327342987,0.4829035997390747,0.06120968237519264,1.3085001707077026,-1.0,479.0,969,2,193,0,0,0,200,200,0
1036,4144,722,79,724,3,right+B,0.05905774608254433,0.2653241455554962,0.13187988102436066,0.4820350408554077,0.061703160405159,1.3099209070205688,0.0,479.0,970,2,193,0,0,0,200,200,0
1037,4148,722,79,724,1,right,0.05832976475358009,0.26296085119247437,0.1293477565050125,0.4888439476490021,0.06051766499876976,1.3011634349822998,0.0,479.0,971,2,193,0,0,0,200,200,0
1038,4152,722,79,724,3,right+B,0.05858713760972023,0.26333358883857727,0.12933959066867828,0.4882282614707947,0.060511376708745956,1.3019163608551025,0.0,479.0,972,2,193,0,0,0,200,200,0
1039,4156,722,93,724,2,right+A,0.05949276685714722,0.26524317264556885,0.13241542875766754,0.4810789227485657,0.06176977977156639,1.3116130828857422,0.0,479.0,973,2,193,0,0,0,200,200,0
1040,4160,722,108,724,3,right+B,0.060433778911828995,0.2685706317424774,0.1381004899740219,0.46857956051826477,0.06431550532579422,1.3277568817138672,-1.0,478.0,974,2,192,0,0,0,200,200,0
1041,4164,722,112,724,3,right+B,0.05985691025853157,0.26708072423934937,0.13691069185733795,0.47276127338409424,0.0633903294801712,1.3224176168441772,0.0,478.0,975,2,192,0,0,0,200,200,0
1042,4168,722,106,724,3,right+B,0.06079285964369774,0.26643848419189453,0.14121729135513306,0.46658605337142944,0.06496530026197433,1.3323516845703125,0.0,478.0,976,2,192,0,0,0,200,200,0
1043,4172,722,89,724,3,right+B,0.060488682240247726,0.2668561637401581,0.13920709490776062,0.4691041111946106,0.0643438771367073,1.328312873840332,0.0,478.0,977,2,192,0,0,0,200,200,0
1044,4176,722,79,724,0,NOOP,0.05967477709054947,0.2661195397377014,0.13571736216545105,0.4761003851890564,0.06238788738846779,1.3179724216461182,0.0,478.0,978,2,192,0,0,0,200,200,0
1045,4180,722,79,724,3,right+B,0.05908786505460739,0.26481643319129944,0.13095560669898987,0.48371434211730957,0.06142577528953552,1.3079054355621338,-1.0,477.0,979,2,191,0,0,0,200,200,0
1046,4184,722,93,724,2,right+A,0.05931421369314194,0.2649010121822357,0.13167288899421692,0.48327794671058655,0.06083397939801216,1.3081427812576294,0.0,477.0,980,2,191,0,0,0,200,200,0
1047,4188,722,109,724,2,right+A,0.05964171141386032,0.26520147919654846,0.1306491494178772,0.4823693633079529,0.062138255685567856,1.310362458229065,0.0,477.0,981,2,191,0,0,0,200,200,0
1048,4192,722,121,724,1,right,0.05973842740058899,0.2658092975616455,0.1333893984556198,0.4781631827354431,0.06289968639612198,1.3160154819488525,0.0,477.0,982,2,191,0,0,0,200,200,0
1049,4196,722,122,724,1,right,0.0613996684551239,0.2662827968597412,0.1439772993326187,0.4594927430152893,0.0688474178314209,1.3442559242248535,0.0,477.0,983,2,191,0,0,0,200,200,0
1050,4200,722,113,724,2,right+A,0.06019819155335426,0.2678990066051483,0.13591799139976501,0.4717155992984772,0.06426917761564255,1.3241126537322998,-1.0,476.0,984,2,190,0,0,0,200,200,0
1051,4204,722,94,724,0,NOOP,0.06097060441970825,0.2661168575286865,0.1327906996011734,0.47561773657798767,0.06450410187244415,1.321208119392395,0.0,476.0,985,2,190,0,0,0,200,200,0
1052,4208,722,79,724,3,right+B,0.059871017932891846,0.2670809328556061,0.12990623712539673,0.4800523817539215,0.06308941543102264,1.3129230737686157,0.0,476.0,986,2,190,0,0,0,200,200,0
1053,4212,722,79,724,1,right,0.06067061796784401,0.26734304428100586,0.13088825345039368,0.47881144285202026,0.06228655204176903,1.3143795728683472,0.0,476.0,987,2,190,0,0,0,200,200,0
1054,4216,722,79,724,3,right+B,0.05960707366466522,0.26590263843536377,0.12794701755046844,0.486223042011261,0.06032020226120949,1.3033828735351562,0.0,476.0,988,2,190,0,0,0,200,200,0
1055,4220,722,79,724,1,right,0.059535954147577286,0.26868757605552673,0.13197600841522217,0.47865867614746094,0.061141759157180786,1.311866044998169,-1.0,475.0,989,2,189,0,0,0,200,200,0
1056,4224,722,79,724,3,right+B,0.059398237615823746,0.2676813304424286,0.12863725423812866,0.4845768213272095,0.05970634147524834,1.3036441802978516,0.0,475.0,990,2,189,0,0,0,200,200,0
1057,4228,722,79,724,3,right+B,0.05936506390571594,0.26836690306663513,0.12815333902835846,0.4844399094581604,0.05967475846409798,1.303271770477295,0.0,475.0,991,2,189,0,0,0,200,200,0
1058,4232,722,93,724,2,right+A,0.059707798063755035,0.26930946111679077,0.1294478476047516,0.4805498421192169,0.06098497658967972,1.3089741468429565,0.0,475.0,992,2,189,0,0,0,200,200,0
1059,4236,722,109,724,2,right+A,0.05947897210717201,0.2705799341201782,0.13104067742824554,0.4770893156528473,0.061811141669750214,1.3129961490631104,0.0,475.0,993,2,189,0,0,0,200,200,0
1060,4240,722,122,724,2,right+A,0.058450959622859955,0.26990148425102234,0.12905153632164001,0.4817008376121521,0.0608951598405838,1.3059744834899902,-1.0,474.0,994,2,188,0,0,0,200,200,0
1061,4244,722,130,724,3,right+B,0.0598142184317112,0.26977866888046265,0.1392991989850998,0.4647546708583832,0.0663532093167305,1.3326125144958496,0.0,474.0,995,2,188,0,0,0,200,200,0
1062,4248,722,129,724,4,right+A+B,0.059217922389507294,0.2719525098800659,0.13790874183177948,0.4654906094074249,0.06543029844760895,1.3290749788284302,0.0,474.0,996,2,188,0,0,0,200,200,0
1063,4252,722,117,724,3,right+B,0.05890356004238129,0.27225178480148315,0.13782046735286713,0.4654184877872467,0.06560570746660233,1.3288233280181885,0.0,474.0,997,2,188,0,0,0,200,200,0
1064,4256,722,97,724,3,right+B,0.05913493409752846,0.27195918560028076,0.13964203000068665,0.463907390832901,0.06535645574331284,1.330857276916504,0.0,474.0,998,2,188,0,0,0,200,200,0
1065,4260,722,79,724,1,right,0.05983786657452583,0.2728521525859833,0.1437859982252121,0.4569142162799835,0.06660973280668259,1.3400821685791016,-1.0,473.0,999,2,187,0,0,0,200,200,0
1066,4264,722,79,724,3,right+B,0.061432238668203354,0.2748074233531952,0.14764398336410522,0.4498995840549469,0.06621680408716202,1.3479008674621582,0.0,473.0,1000,2,187,0,0,0,200,200,0
1067,4268,722,93,724,2,right+A,0.061750736087560654,0.2763935625553131,0.14343495666980743,0.45473039150238037,0.06369031965732574,1.339645266532898,0.0,473.0,1001,2,187,0,0,0,200,200,0
1068,4272,722,108,724,1,right,0.06053702533245087,0.27403831481933594,0.14060546457767487,0.46098172664642334,0.06383753567934036,1.3329808712005615,0.0,473.0,1002,2,187,0,0,0,200,200,0
1069,4276,722,112,724,2,right+A,0.060424912720918655,0.2751511037349701,0.14110711216926575,0.4603402316570282,0.06297662854194641,1.3322161436080933,0.0,473.0,1003,2,187,0,0,0,200,200,0
1070,4280,722,106,724,1,right,0.06134536862373352,0.2741437256336212,0.14875242114067078,0.45034003257751465,0.06541839241981506,1.3470957279205322,-1.0,472.0,1004,2,186,0,0,0,200,200,0
1071,4284,722,89,724,3,right+B,0.06050959601998329,0.2731783092021942,0.14520947635173798,0.45536062121391296,0.06574202328920364,1.341571569442749,0.0,472.0,1005,2,186,0,0,0,200,200,0
1072,4288,722,79,724,1,right,0.06153129041194916,0.27612870931625366,0.15001511573791504,0.44522371888160706,0.06710120290517807,1.3530333042144775,0.0,472.0,1006,2,186,0,0,0,200,200,0
1073,4292,722,79,724,3,right+B,0.0624353401362896,0.27522751688957214,0.14987628161907196,0.44561752676963806,0.06684339046478271,1.353744387626648,0.0,472.0,1007,2,186,0,0,0,200,200,0
1074,4296,722,79,724,3,right+B,0.061379238963127136,0.2733168303966522,0.14817146956920624,0.4518360495567322,0.06529643386602402,1.3458690643310547,0.0,472.0,1008,2,186,0,0,0,200,200,0
1075,4300,722,93,724,4,right+A+B,0.06086597219109535,0.27251335978507996,0.14979998767375946,0.4507213830947876,0.06609940528869629,1.347791075706482,-1.0,471.0,1009,2,185,0,0,0,200,200,0
1076,4304,722,108,724,3,right+B,0.063238725066185,0.2749488353729248,0.15822553634643555,0.43266716599464417,0.07091978192329407,1.3714745044708252,0.0,471.0,1010,2,185,0,0,0,200,200,0
1077,4308,722,112,724,3,right+B,0.06189176067709923,0.27402356266975403,0.15060479938983917,0.44517335295677185,0.06830654293298721,1.355642557144165,0.0,471.0,1011,2,185,0,0,0,200,200,0
1078,4312,722,106,724,1,right,0.06317207217216492,0.27349168062210083,0.15708981454372406,0.43638694286346436,0.06985949724912643,1.367593765258789,0.0,471.0,1012,2,185,0,0,0,200,200,0
1079,4316,722,89,724,3,right+B,0.06392134726047516,0.2773728370666504,0.16511845588684082,0.4216699004173279,0.07191753387451172,1.3823140859603882,0.0,471.0,1013,2,185,0,0,0,200,200,0
1080,4320,722,79,724,4,right+A+B,0.062201038002967834,0.27666813135147095,0.15936480462551117,0.4328984022140503,0.06886770576238632,1.3676456212997437,-1.0,470.0,1014,2,184,0,0,0,200,200,0
1081,4324,722,79,724,3,right+B,0.06065911427140236,0.27380385994911194,0.14202797412872314,0.460850328207016,0.06265868246555328,1.3324469327926636,0.0,470.0,1015,2,184,0,0,0,200,200,0
1082,4328,722,79,724,3,right+B,0.060976333916187286,0.272806316614151,0.13594412803649902,0.4688580632209778,0.061415087431669235,1.3227119445800781,0.0,470.0,1016,2,184,0,0,0,200,200,0
1083,4332,722,93,724,2,right+A,0.059767186641693115,0.2709176540374756,0.13336783647537231,0.4753257632255554,0.060621634125709534,1.3143277168273926,0.0,470.0,1017,2,184,0,0,0,200,200,0
1084,4336,722,109,724,2,right+A,0.06261994689702988,0.27928632497787476,0.14935122430324554,0.44211965799331665,0.06662283837795258,1.355027198791504,0.0,470.0,1018,2,184,0,0,0,200,200,0
1085,4340,722,121,724,3,right+B,0.06038955971598625,0.2755182981491089,0.14125759899616241,0.4584922790527344,0.06434216350317001,1.3352088928222656,-1.0,469.0,1019,2,183,0,0,0,200,200,0
1086,4344,722,122,724,2,right+A,0.062159132212400436,0.27440959215164185,0.15451784431934357,0.43873223662376404,0.0701812207698822,1.3639888763427734,0.0,469.0,1020,2,183,0,0,0,200,200,0
1087,4348,722,113,724,2,right+A,0.060135550796985626,0.2730681300163269,0.1429644227027893,0.4579072892665863,0.06592456996440887,1.3385217189788818,0.0,469.0,1021,2,183,0,0,0,200,200,0
1088,4352,722,94,724,3,right+B,0.060924142599105835,0.2712869346141815,0.1409284770488739,0.4611758589744568,0.06568457186222076,1.3363289833068848,0.0,469.0,1022,2,183,0,0,0,200,200,0
1089,4356,722,79,724,3,right+B,0.060585495084524155,0.2753218114376068,0.14293745160102844,0.4562934339046478,0.06486187875270844,1.3384867906570435,0.0,469.0,1023,2,183,0,0,0,200,200,0
1090,4360,722,79,724,3,right+B,0.06149832904338837,0.2760293185710907,0.14274634420871735,0.45615527033805847,0.06357070058584213,1.337925672531128,-1.0,468.0,1024,2,182,0,0,0,200,200,0
1091,4364,722,79,724,3,right+B,0.060612067580223083,0.27333864569664,0.1330154836177826,0.4715183675289154,0.061515387147665024,1.3187943696975708,0.0,468.0,1025,2,182,0,0,0,200,200,0
1092,4368,722,79,724,3,right+B,0.06054099276661873,0.27207696437835693,0.13585403561592102,0.46919265389442444,0.0623353011906147,1.3231785297393799,0.0,468.0,1026,2,182,0,0,0,200,200,0
1093,4372,722,79,724,1,right,0.05947060137987137,0.27115383744239807,0.13453686237335205,0.47364428639411926,0.061194393783807755,1.3164989948272705,0.0,468.0,1027,2,182,0,0,0,200,200,0
1094,4376,722,79,724,3,right+B,0.05879664793610573,0.26959726214408875,0.1321081519126892,0.47874948382377625,0.06074853241443634,1.3102037906646729,0.0,468.0,1028,2,182,0,0,0,200,200,0
1095,4380,722,79,724,3,right+B,0.056640587747097015,0.26470065116882324,0.12398688495159149,0.4970610439777374,0.05761083960533142,1.2851684093475342,-1.0,467.0,1029,2,181,0,0,0,200,200,0
1096,4384,722,79,724,3,right+B,0.05847936123609543,0.2680072784423828,0.12800589203834534,0.48501813411712646,0.060489263385534286,1.302696943283081,0.0,467.0,1030,2,181,0,0,0,200,200,0
1097,4388,722,79,724,3,right+B,0.05909460783004761,0.26747193932533264,0.1299058347940445,0.4823203980922699,0.061207208782434464,1.3076767921447754,0.0,467.0,1031,2,181,0,0,0,200,200,0
1098,4392,722,79,724,3,right+B,0.05927412211894989,0.26728105545043945,0.1302468329668045,0.4827874004840851,0.060410551726818085,1.3067376613616943,0.0,467.0,1032,2,181,0,0,0,200,200,0
1099,4396,722,93,724,4,right+A+B,0.05951416864991188,0.26753848791122437,0.12992002069950104,0.4826255440711975,0.06040181964635849,1.30694580078125,0.0,467.0,1033,2,181,0,0,0,200,200,0
1100,4400,722,108,724,1,right,0.06071602925658226,0.2692941129207611,0.13375790417194366,0.47359371185302734,0.06263834983110428,1.3199820518493652,-1.0,466.0,1034,2,180,0,0,0,200,200,0
1101,4404,722,112,724,0,NOOP,0.060111623257398605,0.268052339553833,0.13239654898643494,0.4771861433982849,0.06225333735346794,1.3155115842819214,0.0,466.0,1035,2,180,0,0,0,200,200,0
1102,4408,722,106,724,1,right,0.06107274442911148,0.26673465967178345,0.13818804919719696,0.46924829483032227,0.06475625932216644,1.3290143013000488,0.0,466.0,1036,2,180,0,0,0,200,200,0
1103,4412,722,89,724,1,right,0.060856759548187256,0.26900121569633484,0.13910892605781555,0.466533899307251,0.06449923664331436,1.3304492235183716,0.0,466.0,1037,2,180,0,0,0,200,200,0
1104,4416,722,79,724,1,right,0.05995145067572594,0.2676927149295807,0.1348196417093277,0.4746793210506439,0.06285689771175385,1.3192763328552246,0.0,466.0,1038,2,180,0,0,0,200,200,0
1105,4420,722,93,724,4,right+A+B,0.05875280126929283,0.26494842767715454,0.12932831048965454,0.4860711395740509,0.060899361968040466,1.3040485382080078,-1.0,465.0,1039,2,179,0,0,0,200,200,0
1106,4424,722,108,724,1,right,0.05959044024348259,0.26706451177597046,0.1345192939043045,0.47597986459732056,0.06284602731466293,1.317765712738037,0.0,465.0,1040,2,179,0,0,0,200,200,0
1107,4428,722,112,724,1,right,0.059513695538043976,0.2666838467121124,0.13301856815814972,0.477265864610672,0.06351806223392487,1.3168363571166992,0.0,465.0,1041,2,179,0,0,0,200,200,0
1108,4432,722,106,724,3,right+B,0.060486264526844025,0.26638683676719666,0.1388014405965805,0.4700438678264618,0.06428161263465881,1.3274247646331787,0.0,465.0,1042,2,179,0,0,0,200,200,0
1109,4436,722,89,724,3,right+B,0.05987720564007759,0.2655196487903595,0.13467426598072052,0.4771319627761841,0.06279687583446503,1.3175585269927979,0.0,465.0,1043,2,179,0,0,0,200,200,0
1110,4440,722,79,724,4,right+A+B,0.05963756516575813,0.2651734948158264,0.13303662836551666,0.48006561398506165,0.06208663433790207,1.31332266330719,-1.0,464.0,1044,2,178,0,0,0,200,200,0
1111,4444,722,79,724,3,right+B,0.0586627833545208,0.2618703842163086,0.1279023140668869,0.49113157391548157,0.06043294444680214,1.2990798950195312,0.0,464.0,1045,2,178,0,0,0,200,200,0
1112,4448,722,93,724,2,right+A,0.05945630744099617,0.2644374966621399,0.13112878799438477,0.4846711754798889,0.060306280851364136,1.3063552379608154,0.0,464.0,1046,2,178,0,0,0,200,200,0
1113,4452,722,108,724,1,right,0.060183487832546234,0.26721101999282837,0.13385875523090363,0.47603246569633484,0.06271430850028992,1.3179763555526733,0.0,464.0,1047,2,178,0,0,0,200,200,0
1114,4456,722,112,724,0,NOOP,0.06101526319980621,0.26976823806762695,0.1402542144060135,0.4652462601661682,0.06371594965457916,1.3310179710388184,0.0,464.0,1048,2,178,0,0,0,200,200,0
1115,4460,722,106,724,1,right,0.06096769496798515,0.2673850953578949,0.14393459260463715,0.4626512825489044,0.0650612935423851,1.3366307020187378,-1.0,463.0,1049,2,177,0,0,0,200,200,0
1116,4464,722,89,724,3,right+B,0.06031816825270653,0.26779571175575256,0.14157116413116455,0.4664057493209839,0.06390927731990814,1.3304712772369385,0.0,463.0,1050,2,177,0,0,0,200,200,0
1117,4468,722,79,724,2,right+A,0.05980142578482628,0.26746201515197754,0.1375666707754135,0.4725329875946045,0.06263693422079086,1.3218134641647339,0.0,463.0,1051,2,177,0,0,0,200,200,0
1118,4472,722,79,724,1,right,0.058699220418930054,0.26394811272621155,0.13167710602283478,0.48517489433288574,0.060500651597976685,1.3055850267410278,0.0,463.0,1052,2,177,0,0,0,200,200,0
1119,4476,722,79,724,1,right,0.05920228362083435,0.2652897536754608,0.13319550454616547,0.4820187985897064,0.06029362231492996,1.3089884519577026,0.0,463.0,1053,2,177,0,0,0,200,200,0
1120,4480,722,93,724,4,right+A+B,0.05911949276924133,0.26503533124923706,0.13182424008846283,0.48268240690231323,0.061338480561971664,1.3090543746948242,-1.0,462.0,1054,2,176,0,0,0,200,200,0
1121,4484,722,108,724,1,right,0.06000836193561554,0.2673638164997101,0.13776296377182007,0.4714069664478302,0.0634579062461853,1.3240793943405151,0.0,462.0,1055,2,176,0,0,0,200,200,0
1122,4488,722,112,724,3,right+B,0.05989590659737587,0.2672352194786072,0.13684967160224915,0.4729735553264618,0.06304562091827393,1.321817398071289,0.0,462.0,1056,2,176,0,0,0,200,200,0
1123,4492,722,106,724,1,right,0.060388170182704926,0.2660774290561676,0.14019060134887695,0.4687553644180298,0.06458838284015656,1.3293431997299194,0.0,462.0,1057,2,176,0,0,0,200,200,0
1124,4496,722,89,724,1,right,0.06033124402165413,0.26767590641975403,0.13983796536922455,0.4679306745529175,0.06422419846057892,1.328977108001709,0.0,462.0,1058,2,176,0,0,0,200,200,0
1125,4500,722,79,724,4,right+A+B,0.05979214981198311,0.26638346910476685,0.13690364360809326,0.4742548167705536,0.06266596913337708,1.3204143047332764,-1.0,461.0,1059,2,175,0,0,0,200,200,0
1126,4504,722,79,724,3,right+B,0.05933287367224693,0.2643393278121948,0.13378183543682098,0.48167550563812256,0.060870472341775894,1.3106420040130615,0.0,461.0,1060,2,175,0,0,0,200,200,0
1127,4508,722,93,724,4,right+A+B,0.060023557394742966,0.26658543944358826,0.13683348894119263,0.4756031334400177,0.06095437332987785,1.3174325227737427,0.0,461.0,1061,2,175,0,0,0,200,200,0
1128,4512,722,109,724,4,right+A+B,0.05974341556429863,0.2671907842159271,0.13655447959899902,0.47418856620788574,0.06232282146811485,1.319648027420044,0.0,461.0,1062,2,175,0,0,0,200,200,0
1129,4516,722,121,724,0,NOOP,0.0603526346385479,0.26931604743003845,0.1394912600517273,0.4674112796783447,0.06342872232198715,1.327927827835083,0.0,461.0,1063,2,175,0,0,0,200,200,0
1130,4520,722,122,724,1,right,0.06143452972173691,0.26859042048454285,0.14814703166484833,0.4533442556858063,0.06848373264074326,1.3496214151382446,-1.0,460.0,1064,2,174,0,0,0,200,200,0
1131,4524,722,113,724,3,right+B,0.0596899688243866,0.26740390062332153,0.13800302147865295,0.47065412998199463,0.06424903869628906,1.3253209590911865,0.0,460.0,1065,2,174,0,0,0,200,200,0
1132,4528,722,94,724,4,right+A+B,0.06058204546570778,0.2655560374259949,0.13639575242996216,0.4724963307380676,0.06496985256671906,1.3255518674850464,0.0,460.0,1066,2,174,0,0,0,200,200,0
1133,4532,722,79,724,1,right,0.058918848633766174,0.26548245549201965,0.13160711526870728,0.48197299242019653,0.06201857700943947,1.3100171089172363,0.0,460.0,1067,2,174,0,0,0,200,200,0
1134,4536,722,79,724,3,right+B,0.059606730937957764,0.26489195227622986,0.1317957192659378,0.4826902449131012,0.06101537495851517,1.3092851638793945,0.0,460.0,1068,2,174,0,0,0,200,200,0
1135,4540,722,79,724,1,right,0.058683790266513824,0.26295381784439087,0.12870804965496063,0.4897477924823761,0.0599064901471138,1.299777865409851,-1.0,459.0,1069,2,173,0,0,0,200,200,0
1136,4544,722,79,724,1,right,0.0595756433904171,0.26564091444015503,0.13362546265125275,0.4795477092266083,0.061610326170921326,1.313248634338379,0.0,459.0,1070,2,173,0,0,0,200,200,0
1137,4548,722,79,724,1,right,0.05966552346944809,0.2653737962245941,0.1337389498949051,0.47988682985305786,0.06133495271205902,1.312856912612915,0.0,459.0,1071,2,173,0,0,0,200,200,0
1138,4552,722,79,724,1,right,0.06035458669066429,0.26584383845329285,0.1360192447900772,0.4763091504573822,0.06147323176264763,1.317732810974121,0.0,459.0,1072,2,173,0,0,0,200,200,0
1139,4556,722,79,724,3,right+B,0.06091902032494545,0.26717281341552734,0.1371370255947113,0.47321775555610657,0.06155335158109665,1.3212180137634277,0.0,459.0,1073,2,173,0,0,0,200,200,0
1140,4560,722,79,724,3,right+B,0.0601186528801918,0.26619455218315125,0.13542093336582184,0.4773750901222229,0.06089078262448311,1.3155014514923096,-1.0,458.0,1074,2,172,0,0,0,200,200,0
1141,4564,722,79,724,1,right,0.06002875789999962,0.2660589814186096,0.13447564840316772,0.47825127840042114,0.0611853152513504,1.3146467208862305,0.0,458.0,1075,2,172,0,0,0,200,200,0
1142,4568,722,79,724,3,right+B,0.05965886265039444,0.26436325907707214,0.13178834319114685,0.4835053086280823,0.0606842003762722,1.308380365371704,0.0,458.0,1076,2,172,0,0,0,200,200,0
1143,4572,722,79,724,3,right+B,0.05960329994559288,0.26507997512817383,0.13221809267997742,0.48200950026512146,0.06108918413519859,1.3100905418395996,0.0,458.0,1077,2,172,0,0,0,200,200,0
1144,4576,722,79,724,3,right+B,0.060205645859241486,0.2662787139415741,0.13167041540145874,0.4803831875324249,0.06146201491355896,1.312117338180542,0.0,458.0,1078,2,172,0,0,0,200,200,0
1145,4580,722,79,724,0,NOOP,0.05924611538648605,0.26285478472709656,0.12843166291713715,0.48937809467315674,0.060089338570833206,1.300920844078064,-1.0,457.0,1079,2,171,0,0,0,200,200,0
1146,4584,722,79,724,3,right+B,0.05938011407852173,0.2632647156715393,0.12991555035114288,0.48655226826667786,0.060887280851602554,1.3050947189331055,0.0,457.0,1080,2,171,0,0,0,200,200,0
1147,4588,722,79,724,1,right,0.05993939936161041,0.263753205537796,0.13071002066135406,0.4847252070903778,0.0608721598982811,1.3075798749923706,0.0,457.0,1081,2,171,0,0,0,200,200,0
1148,4592,722,79,724,3,right+B,0.06059271842241287,0.2655697464942932,0.13216045498847961,0.480483740568161,0.06119335815310478,1.3125808238983154,0.0,457.0,1082,2,171,0,0,0,200,200,0
1149,4596,722,79,724,3,right+B,0.06031046807765961,0.26599639654159546,0.13428229093551636,0.47774413228034973,0.06166674941778183,1.3159362077713013,0.0,457.0,1083,2,171,0,0,0,200,200,0
1150,4600,722,79,724,3,right+B,0.060978539288043976,0.2670094668865204,0.1351170539855957,0.47551000118255615,0.061384957283735275,1.3183804750442505,-1.0,456.0,1084,2,170,0,0,0,200,200,0
1151,4604,722,79,724,3,right+B,0.061172615736722946,0.26786455512046814,0.13481511175632477,0.4745923578739166,0.06155528128147125,1.3192381858825684,0.0,456.0,1085,2,170,0,0,0,200,200,0
1152,4608,722,79,724,1,right,0.06074903532862663,0.2675076425075531,0.13353441655635834,0.47674328088760376,0.06146556884050369,1.316358208656311,0.0,456.0,1086,2,170,0,0,0,200,200,0
1153,4612,722,79,724,3,right+B,0.060659151524305344,0.27016186714172363,0.1341443657875061,0.4730244576931,0.062010157853364944,1.3195672035217285,0.0,456.0,1087,2,170,0,0,0,200,200,0
1154,4616,722,79,724,3,right+B,0.058778759092092514,0.2664642632007599,0.12914668023586273,0.4857974350452423,0.059812840074300766,1.3025119304656982,0.0,456.0,1088,2,170,0,0,0,200,200,0
1155,4620,722,79,724,1,right,0.05909079685807228,0.26666009426116943,0.1271311640739441,0.487519234418869,0.059598714113235474,1.3001494407653809,-1.0,455.0,1089,2,169,0,0,0,200,200,0
1156,4624,722,79,724,3,right+B,0.060329969972372055,0.26978302001953125,0.1294805407524109,0.479634553194046,0.06077192723751068,1.310144066810608,0.0,455.0,1090,2,169,0,0,0,200,200,0
1157,4628,722,79,724,3,right+B,0.05925706773996353,0.2674146890640259,0.12803184986114502,0.48487797379493713,0.06041837856173515,1.303871750831604,0.0,455.0,1091,2,169,0,0,0,200,200,0
1158,4632,722,93,724,2,right+A,0.05884131044149399,0.26612958312034607,0.12695206701755524,0.4881148040294647,0.05996226891875267,1.2998236417770386,0.0,455.0,1092,2,169,0,0,0,200,200,0
1159,4636,722,108,724,3,right+B,0.05973273143172264,0.27292218804359436,0.13339926302433014,0.4720619022846222,0.061884015798568726,1.317991018295288,0.0,455.0,1093,2,169,0,0,0,200,200,0
1160,4640,722,112,724,3,right+B,0.058668605983257294,0.27024102210998535,0.13246950507164001,0.4766022861003876,0.06201866269111633,1.3133728504180908,-1.0,454.0,1094,2,168,0,0,0,200,200,0
1161,4644,722,106,724,3,right+B,0.0605032742023468,0.2718469202518463,0.13910266757011414,0.4627738893032074,0.06577320396900177,1.3337658643722534,0.0,454.0,1095,2,168,0,0,0,200,200,0
1162,4648,722,89,724,1,right,0.06097838282585144,0.27477675676345825,0.14082781970500946,0.45723626017570496,0.06618071347475052,1.339097023010254,0.0,454.0,1096,2,168,0,0,0,200,200,0
1163,4652,722,79,724,3,right+B,0.06037474423646927,0.2731790542602539,0.14082543551921844,0.4621295928955078,0.06349115818738937,1.3317768573760986,0.0,454.0,1097,2,168,0,0,0,200,200,0
1164,4656,722,79,724,3,right+B,0.05930089205503464,0.2719186544418335,0.13727089762687683,0.46961742639541626,0.06189208850264549,1.321392297744751,0.0,454.0,1098,2,168,0,0,0,200,200,0
1165,4660,722,79,724,0,NOOP,0.061492983251810074,0.27668294310569763,0.1459335833787918,0.45160192251205444,0.06428857892751694,1.3432978391647339,-1.0,453.0,1099,2,167,0,0,0,200,200,0
1166,4664,722,79,724,3,right+B,0.061417870223522186,0.27554479241371155,0.14159910380840302,0.456344872713089,0.06509342789649963,1.3391660451889038,0.0,453.0,1100,2,167,0,0,0,200,200,0
1167,4668,722,79,724,3,right+B,0.060770582407712936,0.2745738625526428,0.1388380527496338,0.46295222640037537,0.06286535412073135,1.3296892642974854,0.0,453.0,1101,2,167,0,0,0,200,200,0
1168,4672,722,79,724,1,right,0.06053124740719795,0.27107396721839905,0.1371816247701645,0.46963930130004883,0.06157384067773819,1.322707176208496,0.0,453.0,1102,2,167,0,0,0,200,200,0
1169,4676,722,79,724,3,right+B,0.06036488711833954,0.27120229601860046,0.13938012719154358,0.4666033983230591,0.062449272722005844,1.3268872499465942,0.0,453.0,1103,2,167,0,0,0,200,200,0
1170,4680,722,79,724,3,right+B,0.0599859394133091,0.2714916169643402,0.13835351169109344,0.4684491455554962,0.061719752848148346,1.3235485553741455,-1.0,452.0,1104,2,166,0,0,0,200,200,0
1171,4684,722,79,724,3,right+B,0.060997817665338516,0.272701233625412,0.1437245011329651,0.4578258693218231,0.0647505447268486,1.3386728763580322,0.0,452.0,1105,2,166,0,0,0,200,200,0
1172,4688,722,79,724,3,right+B,0.06287749111652374,0.27775222063064575,0.15271975100040436,0.43885302543640137,0.06779750436544418,1.3606398105621338,0.0,452.0,1106,2,166,0,0,0,200,200,0
1173,4692,722,79,724,0,NOOP,0.061907824128866196,0.27418646216392517,0.15046560764312744,0.44755855202674866,0.06588148325681686,1.3510065078735352,0.0,452.0,1107,2,166,0,0,0,200,200,0
1174,4696,722,93,724,2,right+A,0.062303632497787476,0.27366724610328674,0.1567075103521347,0.44003334641456604,0.06728829443454742,1.3608267307281494,0.0,452.0,1108,2,166,0,0,0,200,200,0
1175,4700,722,108,724,1,right,0.0626436099410057,0.2751197814941406,0.1553618311882019,0.43895024061203003,0.06792453676462173,1.3619717359542847,-1.0,451.0,1109,2,165,0,0,0,200,200,0
1176,4704,722,112,724,1,right,0.06213349103927612,0.2754686772823334,0.15260004997253418,0.44240501523017883,0.06739266961812973,1.3572380542755127,0.0,451.0,1110,2,165,0,0,0,200,200,0
1177,4708,722,106,724,3,right+B,0.06362757831811905,0.276231586933136,0.16282308101654053,0.42550551891326904,0.07181219011545181,1.3789068460464478,0.0,451.0,1111,2,165,0,0,0,200,200,0
1178,4712,722,89,724,0,NOOP,0.06320726871490479,0.27643445134162903,0.1613348126411438,0.42800742387771606,0.0710161104798317,1.3753299713134766,0.0,451.0,1112,2,165,0,0,0,200,200,0
1179,4716,722,79,724,2,right+A,0.061653945595026016,0.2771480083465576,0.15373937785625458,0.4402375817298889,0.06722114980220795,1.3579655885696411,0.0,451.0,1113,2,165,0,0,0,200,200,0
1180,4720,722,79,724,1,right,0.060842256993055344,0.2729305624961853,0.13957634568214417,0.4634881019592285,0.06316273659467697,1.3304513692855835,-1.0,450.0,1114,2,164,0,0,0,200,200,0
1181,4724,722,93,724,2,right+A,0.060247670859098434,0.26996877789497375,0.1317504644393921,0.47785669565200806,0.06017640605568886,1.3117963075637817,0.0,450.0,1115,2,164,0,0,0,200,200,0
1182,4728,722,108,724,1,right,0.060885317623615265,0.2734517753124237,0.13936617970466614,0.46261146664619446,0.06368520110845566,1.3316000699996948,0.0,450.0,1116,2,164,0,0,0,200,200,0
1183,4732,722,112,724,2,right+A,0.06212199851870537,0.2791846990585327,0.14794513583183289,0.443948894739151,0.06679930537939072,1.3528025150299072,0.0,450.0,1117,2,164,0,0,0,200,200,0
1184,4736,722,106,724,3,right+B,0.06103615090250969,0.27399542927742004,0.14951731264591217,0.4486069083213806,0.06684429198503494,1.3499823808670044,0.0,450.0,1118,2,164,0,0,0,200,200,0
1185,4740,722,89,724,2,right+A,0.061417486518621445,0.2748018503189087,0.15042072534561157,0.44673237204551697,0.0666276291012764,1.351711392402649,-1.0,449.0,1119,2,163,0,0,0,200,200,0
1186,4744,722,79,724,2,right+A,0.06140100583434105,0.2749311327934265,0.14824558794498444,0.4505850076675415,0.06483721733093262,1.3459100723266602,0.0,449.0,1120,2,163,0,0,0,200,200,0
1187,4748,722,79,724,3,right+B,0.06034734472632408,0.2717092037200928,0.1419757455587387,0.46334385871887207,0.06262385100126266,1.3305776119232178,0.0,449.0,1121,2,163,0,0,0,200,200,0
1188,4752,722,79,724,3,right+B,0.060373369604349136,0.2753768861293793,0.14369705319404602,0.45857900381088257,0.061973705887794495,1.3332600593566895,0.0,449.0,1122,2,163,0,0,0,200,200,0
1189,4756,722,79,724,1,right,0.06055986136198044,0.2761496901512146,0.13813436031341553,0.46256351470947266,0.06259256601333618,1.3286850452423096,0.0,449.0,1123,2,163,0,0,0,200,200,0
1190,4760,722,93,724,2,right+A,0.06110299006104469,0.2748083770275116,0.13666924834251404,0.46452242136001587,0.06289692968130112,1.327917218208313,-1.0,448.0,1124,2,162,0,0,0,200,200,0
1191,4764,722,108,724,1,right,0.06073975935578346,0.27353671193122864,0.13945409655570984,0.46214058995246887,0.0641288012266159,1.3323328495025635,0.0,448.0,1125,2,162,0,0,0,200,200,0
1192,4768,722,112,724,2,right+A,0.05983084812760353,0.27329397201538086,0.13829448819160461,0.4658702611923218,0.06271041184663773,1.3261277675628662,0.0,448.0,1126,2,162,0,0,0,200,200,0
1193,4772,722,106,724,3,right+B,0.06021372228860855,0.2717219293117523,0.13783422112464905,0.46549633145332336,0.06473375111818314,1.3295344114303589,0.0,448.0,1127,2,162,0,0,0,200,200,0
1194,4776,722,89,724,3,right+B,0.05785564333200455,0.2690453827381134,0.131577730178833,0.4800741970539093,0.06144711747765541,1.3086576461791992,0.0,448.0,1128,2,162,0,0,0,200,200,0
1195,4780,722,79,724,3,right+B,0.05808108672499657,0.26697301864624023,0.12954741716384888,0.48397260904312134,0.06142588332295418,1.3052231073379517,-1.0,447.0,1129,2,161,0,0,0,200,200,0
1196,4784,722,79,724,1,right,0.05885005742311478,0.266576886177063,0.1288396567106247,0.48467615246772766,0.06105721369385719,1.3049150705337524,0.0,447.0,1130,2,161,0,0,0,200,200,0
1197,4788,722,79,724,1,right,0.05992380529642105,0.2689659893512726,0.13313408195972443,0.47748297452926636,0.060493163764476776,1.3129808902740479,0.0,447.0,1131,2,161,0,0,0,200,200,0
1198,4792,722,93,724,2,right+A,0.06047499179840088,0.26941466331481934,0.13302557170391083,0.4759460389614105,0.06113867461681366,1.3155686855316162,0.0,447.0,1132,2,161,0,0,0,200,200,0
1199,4796,722,109,724,2,right+A,0.06103586032986641,0.2690178453922272,0.13743489980697632,0.4699140191078186,0.06259744614362717,1.3249835968017578,0.0,447.0,1133,2,161,0,0,0,200,200,0
1200,4800,722,122,724,2,right+A,0.06067575141787529,0.26894611120224,0.1358533650636673,0.47207769751548767,0.06244709715247154,1.3219460248947144,-1.0,446.0,1134,2,160,0,0,0,200,200,0
1201,4804,722,130,724,3,right+B,0.061906129121780396,0.26943880319595337,0.14454418420791626,0.4556366205215454,0.06847429275512695,1.346907615661621,0.0,446.0,1135,2,160,0,0,0,200,200,0
1202,4808,722,129,724,3,right+B,0.06022811308503151,0.26988497376441956,0.13923658430576324,0.46574047207832336,0.06490987539291382,1.330615758895874,0.0,446.0,1136,2,160,0,0,0,200,200,0
1203,4812,722,117,724,3,right+B,0.059645235538482666,0.2673494815826416,0.13829493522644043,0.46844375133514404,0.06626655161380768,1.32953679561615,0.0,446.0,1137,2,160,0,0,0,200,200,0
1204,4816,722,97,724,3,right+B,0.05982654541730881,0.265571653842926,0.13666178286075592,0.4712074398994446,0.06673265248537064,1.3278069496154785,0.0,446.0,1138,2,160,0,0,0,200,200,0
1205,4820,722,79,724,3,right+B,0.05931096524000168,0.2656101584434509,0.13496623933315277,0.47484466433525085,0.06526794284582138,1.3217600584030151,-1.0,445.0,1139,2,159,0,0,0,200,200,0
1206,4824,722,93,724,2,right+A,0.05889059230685234,0.26210108399391174,0.1305769383907318,0.48603707551956177,0.062394317239522934,1.30733060836792,0.0,445.0,1140,2,159,0,0,0,200,200,0
1207,4828,722,108,724,3,right+B,0.059335436671972275,0.26494118571281433,0.13151586055755615,0.48230791091918945,0.06189965084195137,1.3102054595947266,0.0,445.0,1141,2,159,0,0,0,200,200,0
1208,4832,722,112,724,1,right,0.059607721865177155,0.2658748924732208,0.13221031427383423,0.47932136058807373,0.06298568844795227,1.314444661140442,0.0,445.0,1142,2,159,0,0,0,200,200,0
1209,4836,722,106,724,0,NOOP,0.06043354049324989,0.2654903531074524,0.1387471854686737,0.4705312252044678,0.06479775905609131,1.3277645111083984,0.0,445.0,1143,2,159,0,0,0,200,200,0
1210,4840,722,89,724,1,right,0.0605924129486084,0.2668861150741577,0.13935092091560364,0.46859511733055115,0.06457547843456268,1.329176425933838,-1.0,444.0,1144,2,158,0,0,0,200,200,0
1211,4844,722,79,724,4,right+A+B,0.06019169092178345,0.267015278339386,0.13663537800312042,0.4734930694103241,0.06266460567712784,1.3212671279907227,0.0,444.0,1145,2,158,0,0,0,200,200,0
1212,4848,722,79,724,3,right+B,0.05903128907084465,0.2643405497074127,0.1308688223361969,0.48561495542526245,0.06014447659254074,1.3047246932983398,0.0,444.0,1146,2,158,0,0,0,200,200,0
1213,4852,722,79,724,3,right+B,0.05962711200118065,0.2667510211467743,0.13373632729053497,0.47934529185295105,0.06054022163152695,1.3119456768035889,0.0,444.0,1147,2,158,0,0,0,200,200,0
1214,4856,722,79,724,1,right,0.058804951608181,0.2647421061992645,0.13100235164165497,0.4843171238899231,0.061133451759815216,1.306721806526184,0.0,444.0,1148,2,158,0,0,0,200,200,0
1215,4860,722,79,724,3,right+B,0.058754049241542816,0.2639923691749573,0.1309586763381958,0.4855557084083557,0.06073920801281929,1.3052847385406494,-1.0,443.0,1149,2,157,0,0,0,200,200,0
1216,4864,722,79,724,3,right+B,0.0588773749768734,0.26416075229644775,0.1304658204317093,0.48605626821517944,0.06043967604637146,1.3043771982192993,0.0,443.0,1150,2,157,0,0,0,200,200,0
1217,4868,722,79,724,1,right,0.05888078361749649,0.26451191306114197,0.13107706606388092,0.4846339821815491,0.060896262526512146,1.3063488006591797,0.0,443.0,1151,2,157,0,0,0,200,200,0
1218,4872,722,79,724,3,right+B,0.05895666778087616,0.26469552516937256,0.13164402544498444,0.48337826132774353,0.061325497925281525,1.3082470893859863,0.0,443.0,1152,2,157,0,0,0,200,200,0
1219,4876,722,93,724,2,right+A,0.058653105050325394,0.26336678862571716,0.13050617277622223,0.4869256019592285,0.060548294335603714,1.303696632385254,0.0,443.0,1153,2,157,0,0,0,200,200,0
1220,4880,722,108,724,3,right+B,0.0598430298268795,0.2672123908996582,0.1366291344165802,0.4728090167045593,0.0635063499212265,1.3223477602005005,-1.0,442.0,1154,2,156,0,0,0,200,200,0
1221,4884,722,112,724,3,right+B,0.060101840645074844,0.26796963810920715,0.13885849714279175,0.4690587520599365,0.06401127576828003,1.3270596265792847,0.0,442.0,1155,2,156,0,0,0,200,200,0
1222,4888,722,106,724,1,right,0.06105237081646919,0.26746976375579834,0.14392663538455963,0.4620213210582733,0.06552992761135101,1.3377563953399658,0.0,442.0,1156,2,156,0,0,0,200,200,0
1223,4892,722,89,724,3,right+B,0.0607743076980114,0.26859912276268005,0.14300577342510223,0.4629565477371216,0.06466425210237503,1.335033655166626,0.0,442.0,1157,2,156,0,0,0,200,200,0
1224,4896,722,79,724,3,right+B,0.0594438798725605,0.2663209140300751,0.1370226889848709,0.475163996219635,0.062048569321632385,1.3185501098632812,0.0,442.0,1158,2,156,0,0,0,200,200,0
1225,4900,722,93,724,2,right+A,0.05879030004143715,0.26450100541114807,0.1320507824420929,0.4840627610683441,0.0605950728058815,1.3067952394485474,-1.0,441.0,1159,2,155,0,0,0,200,200,0
1226,4904,722,108,724,1,right,0.05966608598828316,0.2675738036632538,0.1376311182975769,0.47227606177330017,0.0628529042005539,1.3221126794815063,0.0,441.0,1160,2,155,0,0,0,200,200,0
1227,4908,722,112,724,0,NOOP,0.05906016379594803,0.26663827896118164,0.13373519480228424,0.477820485830307,0.0627458244562149,1.3152151107788086,0.0,441.0,1161,2,155,0,0,0,200,200,0
1228,4912,722,106,724,2,right+A,0.06002049893140793,0.2660306692123413,0.13914912939071655,0.4701593816280365,0.06464030593633652,1.3274017572402954,0.0,441.0,1162,2,155,0,0,0,200,200,0
1229,4916,722,89,724,3,right+B,0.05948450416326523,0.2663015127182007,0.13668212294578552,0.473919540643692,0.06361233443021774,1.321361780166626,0.0,441.0,1163,2,155,0,0,0,200,200,0
1230,4920,722,79,724,3,right+B,0.05883972346782684,0.26513907313346863,0.13298267126083374,0.4810798764228821,0.0619586817920208,1.3113008737564087,-1.0,440.0,1164,2,154,0,0,0,200,200,0
1231,4924,722,79,724,1,right,0.058103498071432114,0.2624410092830658,0.12838518619537354,0.4909583032131195,0.06011200323700905,1.2982224225997925,0.0,440.0,1165,2,154,0,0,0,200,200,0
1232,4928,722,79,724,1,right,0.05929556116461754,0.2654629945755005,0.1328185349702835,0.4817112982273102,0.06071164458990097,1.3096694946289062,0.0,440.0,1166,2,154,0,0,0,200,200,0
1233,4932,722,79,724,3,right+B,0.059140220284461975,0.26486077904701233,0.13219811022281647,0.48226720094680786,0.061533644795417786,1.309880256652832,0.0,440.0,1167,2,154,0,0,0,200,200,0
1234,4936,722,79,724,1,right,0.059782661497592926,0.2656722962856293,0.13539664447307587,0.4775771498680115,0.061571311205625534,1.3158657550811768,0.0,440.0,1168,2,154,0,0,0,200,200,0
1235,4940,722,93,724,2,right+A,0.05986970663070679,0.26577627658843994,0.1351395547389984,0.4780418276786804,0.06117266044020653,1.314965009689331,-1.0,439.0,1169,2,153,0,0,0,200,200,0
1236,4944,722,108,724,1,right,0.06007027253508568,0.26778319478034973,0.13864731788635254,0.47068941593170166,0.06280981004238129,1.3242260217666626,0.0,439.0,1170,2,153,0,0,0,200,200,0
1237,4948,722,112,724,3,right+B,0.060226920992136,0.2695630192756653,0.13856513798236847,0.4681066572666168,0.06353826820850372,1.3269016742706299,0.0,439.0,1171,2,153,0,0,0,200,200,0
1238,4952,722,106,724,3,right+B,0.06076866015791893,0.2671094536781311,0.14167015254497528,0.465400367975235,0.06505133956670761,1.3333861827850342,0.0,439.0,1172,2,153,0,0,0,200,200,0
1239,4956,722,89,724,1,right,0.060275524854660034,0.2673623561859131,0.13805893063545227,0.470432847738266,0.06387029588222504,1.3258171081542969,0.0,439.0,1173,2,153,0,0,0,200,200,0
1240,4960,722,79,724,2,right+A,0.05932290852069855,0.26527273654937744,0.13300123810768127,0.4804397225379944,0.06196346879005432,1.3124268054962158,-1.0,438.0,1174,2,152,0,0,0,200,200,0
1241,4964,722,79,724,3,right+B,0.058607276529073715,0.2620829939842224,0.12760750949382782,0.4915066063404083,0.06019555404782295,1.2982007265090942,0.0,438.0,1175,2,152,0,0,0,200,200,0
1242,4968,722,79,724,3,right+B,0.058925025165081024,0.26346635818481445,0.129459947347641,0.4882226884365082,0.05992604047060013,1.3016490936279297,0.0,438.0,1176,2,152,0,0,0,200,200,0
1243,4972,722,79,724,3,right+B,0.058847468346357346,0.2636653482913971,0.12818753719329834,0.4887341856956482,0.06056547537446022,1.3012498617172241,0.0,438.0,1177,2,152,0,0,0,200,200,0
1244,4976,722,79,724,3,right+B,0.059550415724515915,0.2639242112636566,0.1299636960029602,0.48582178354263306,0.06073988601565361,1.305613398551941,0.0,438.0,1178,2,152,0,0,0,200,200,0
1245,4980,722,79,724,3,right+B,0.05942636728286743,0.262912392616272,0.1297784000635147,0.48746025562286377,0.06042258441448212,1.3038257360458374,-1.0,437.0,1179,2,151,0,0,0,200,200,0
1246,4984,722,79,724,3,right+B,0.06036807969212532,0.26520663499832153,0.1340526044368744,0.47851526737213135,0.06185748428106308,1.3156895637512207,0.0,437.0,1180,2,151,0,0,0,200,200,0
1247,4988,722,93,724,2,right+A,0.06081860139966011,0.2668393552303314,0.1357749104499817,0.4738807678222656,0.06268635392189026,1.321427583694458,0.0,437.0,1181,2,151,0,0,0,200,200,0
1248,4992,722,108,724,1,right,0.06109258159995079,0.2689470648765564,0.13964031636714935,0.46672266721725464,0.06359731405973434,1.329750418663025,0.0,437.0,1182,2,151,0,0,0,200,200,0
1249,4996,722,112,724,3,right+B,0.06037468463182449,0.2683779299259186,0.13531647622585297,0.47325000166893005,0.06268095225095749,1.3208085298538208,0.0,437.0,1183,2,151,0,0,0,200,200,0
1250,5000,722,106,724,3,right+B,0.06131263077259064,0.2677361071109772,0.1385238617658615,0.46742868423461914,0.06499870121479034,1.3309528827667236,-1.0,436.0,1184,2,150,0,0,0,200,200,0
1251,5004,722,89,724,1,right,0.06064513325691223,0.26795703172683716,0.13533787429332733,0.4719565212726593,0.06410352140665054,1.3240106105804443,0.0,436.0,1185,2,150,0,0,0,200,200,0
1252,5008,722,79,724,3,right+B,0.05998369678854942,0.2677812874317169,0.1316271275281906,0.4788398742675781,0.061768028885126114,1.313108205795288,0.0,436.0,1186,2,150,0,0,0,200,200,0
1253,5012,722,93,724,2,right+A,0.05844363570213318,0.2651135325431824,0.1253824084997177,0.4917391836643219,0.05932120233774185,1.2948778867721558,0.0,436.0,1187,2,150,0,0,0,200,200,0
1254,5016,722,109,724,4,right+A+B,0.05899454653263092,0.26770517230033875,0.1291205883026123,0.48338815569877625,0.06079152971506119,1.3057109117507935,0.0,436.0,1188,2,150,0,0,0,200,200,0
1255,5020,722,121,724,3,right+B,0.0592852421104908,0.26960426568984985,0.12779496610164642,0.4819624125957489,0.06135300174355507,1.3068397045135498,-1.0,435.0,1189,2,149,0,0,0,200,200,0
1256,5024,722,122,724,3,right+B,0.06209041178226471,0.27217164635658264,0.1443290263414383,0.45207294821739197,0.06933590769767761,1.3500633239746094,0.0,435.0,1190,2,149,0,0,0,200,200,0
1257,5028,722,113,724,1,right,0.05978826433420181,0.2702048122882843,0.1366923451423645,0.46849578619003296,0.06481869518756866,1.3266055583953857,0.0,435.0,1191,2,149,0,0,0,200,200,0
1258,5032,722,94,724,3,right+B,0.060119178146123886,0.26918289065361023,0.13287056982517242,0.4746459722518921,0.0631813108921051,1.318660020828247,0.0,435.0,1192,2,149,0,0,0,200,200,0
1259,5036,722,79,724,0,NOOP,0.05942705273628235,0.2716730237007141,0.13318832218647003,0.47339746356010437,0.062314070761203766,1.317274570465088,0.0,435.0,1193,2,149,0,0,0,200,200,0
1260,5040,722,79,724,3,right+B,0.05980394035577774,0.2713980972766876,0.13518057763576508,0.4707713723182678,0.06284600496292114,1.3214836120605469,-1.0,434.0,1194,2,148,0,0,0,200,200,0
1261,5044,722,79,724,3,right+B,0.059241846203804016,0.2727802097797394,0.1315889060497284,0.47507035732269287,0.06131869554519653,1.3134353160858154,0.0,434.0,1195,2,148,0,0,0,200,200,0
1262,5048,722,79,724,3,right+B,0.0589718371629715,0.2718029022216797,0.1336493045091629,0.47441747784614563,0.06115841865539551,1.3146289587020874,0.0,434.0,1196,2,148,0,0,0,200,200,0
1263,5052,722,79,724,1,right,0.059191878885030746,0.271891713142395,0.13607774674892426,0.4707198441028595,0.062118787318468094,1.3201370239257812,0.0,434.0,1197,2,148,0,0,0,200,200,0
1264,5056,722,79,724,3,right+B,0.06096905097365379,0.27532482147216797,0.14089427888393402,0.4586661756038666,0.06414572149515152,1.3354679346084595,0.0,434.0,1198,2,148,0,0,0,200,200,0
1265,5060,722,79,724,3,right+B,0.0612812414765358,0.2752385437488556,0.13907091319561005,0.4605571925640106,0.06385216116905212,1.333306908607483,-1.0,433.0,1199,2,147,0,0,0,200,200,0
1266,5064,722,93,724,2,right+A,0.060343265533447266,0.27346155047416687,0.13629727065563202,0.46692654490470886,0.062971331179142,1.3253477811813354,0.0,433.0,1200,2,147,0,0,0,200,200,0
1267,5068,722,108,724,3,right+B,0.06100358068943024,0.27572235465049744,0.14275027811527252,0.4558613896369934,0.06466232985258102,1.3389241695404053,0.0,433.0,1201,2,147,0,0,0,200,200,0
1268,5072,722,112,724,3,right+B,0.060547832399606705,0.2741110622882843,0.1436338722705841,0.4572271406650543,0.06448017805814743,1.3378562927246094,0.0,433.0,1202,2,147,0,0,0,200,200,0
1269,5076,722,106,724,3,right+B,0.06054805964231491,0.2713508903980255,0.14741599559783936,0.4539206027984619,0.0667644590139389,1.3451831340789795,0.0,433.0,1203,2,147,0,0,0,200,200,0
1270,5080,722,89,724,3,right+B,0.06122644990682602,0.2748371958732605,0.14701518416404724,0.4500553607940674,0.06686586886644363,1.3480439186096191,-1.0,432.0,1204,2,146,0,0,0,200,200,0
1271,5084,722,79,724,3,right+B,0.06325496733188629,0.2776818871498108,0.16021223366260529,0.4290599524974823,0.06979092210531235,1.3726516962051392,0.0,432.0,1205,2,146,0,0,0,200,200,0
1272,5088,722,79,724,3,right+B,0.06175912544131279,0.2734348475933075,0.1508590281009674,0.4471515715122223,0.06679549813270569,1.3525160551071167,0.0,432.0,1206,2,146,0,0,0,200,200,0
1273,5092,722,79,724,0,NOOP,0.0624990314245224,0.27637654542922974,0.15694910287857056,0.4376673996448517,0.06650792062282562,1.3612545728683472,0.0,432.0,1207,2,146,0,0,0,200,200,0
1274,5096,722,79,724,0,NOOP,0.06183207035064697,0.27370691299438477,0.15135271847248077,0.44546470046043396,0.06764357537031174,1.354933500289917,0.0,432.0,1208,2,146,0,0,0,200,200,0
1275,5100,722,93,724,2,right+A,0.06166435405611992,0.27338507771492004,0.14506399631500244,0.45415204763412476,0.06573458015918732,1.343814492225647,-1.0,431.0,1209,2,145,0,0,0,200,200,0
1276,5104,722,108,724,3,right+B,0.062035031616687775,0.27449947595596313,0.1498805731534958,0.4456699788570404,0.06791491061449051,1.3546333312988281,0.0,431.0,1210,2,145,0,0,0,200,200,0
1277,5108,722,112,724,4,right+A+B,0.06260281801223755,0.2760220766067505,0.1560785472393036,0.4347604513168335,0.07053611427545547,1.3678587675094604,0.0,431.0,1211,2,145,0,0,0,200,200,0
1278,5112,722,106,724,2,right+A,0.06176465377211571,0.27318164706230164,0.15671853721141815,0.4374408423900604,0.07089433819055557,1.366220235824585,0.0,431.0,1212,2,145,0,0,0,200,200,0
1279,5116,722,89,724,3,right+B,0.06043270602822304,0.27246421575546265,0.14355428516864777,0.45777660608291626,0.06577226519584656,1.3392014503479004,0.0,431.0,1213,2,145,0,0,0,200,200,0
1280,5120,722,79,724,1,right,0.060962751507759094,0.27248653769493103,0.13918550312519073,0.4630732536315918,0.06429192423820496,1.332231044769287,-1.0,430.0,1214,2,144,0,0,0,200,200,0
1281,5124,722,79,724,3,right+B,0.06019214540719986,0.2702793478965759,0.13647763431072235,0.47091561555862427,0.062135227024555206,1.321841835975647,0.0,430.0,1215,2,144,0,0,0,200,200,0
1282,5128,722,93,724,2,right+A,0.061706289649009705,0.27598240971565247,0.14436905086040497,0.454220712184906,0.06372157484292984,1.3404873609542847,0.0,430.0,1216,2,144,0,0,0,200,200,0
1283,5132,722,108,724,3,right+B,0.06120160222053528,0.27764660120010376,0.14755870401859283,0.44791802763938904,0.06567505747079849,1.3476864099502563,0.0,430.0,1217,2,144,0,0,0,200,200,0
1284,5136,722,112,724,1,right,0.060666196048259735,0.2751798629760742,0.1482701450586319,0.4507412314414978,0.06514261662960052,1.3451825380325317,0.0,430.0,1218,2,144,0,0,0,200,200,0
1285,5140,722,106,724,2,right+A,0.061653636395931244,0.27429622411727905,0.15175208449363708,0.44481295347213745,0.06748517602682114,1.3549988269805908,-1.0,429.0,1219,2,143,0,0,0,200,200,0
1286,5144,722,89,724,0,NOOP,0.060918502509593964,0.27450311183929443,0.14899370074272156,0.4492691159248352,0.06631556898355484,1.3484119176864624,0.0,429.0,1220,2,143,0,0,0,200,200,0
1287,5148,722,79,724,4,right+A+B,0.05967096611857414,0.27353164553642273,0.14091527462005615,0.46234214305877686,0.06353997439146042,1.3307292461395264,0.0,429.0,1221,2,143,0,0,0,200,200,0
1288,5152,722,79,724,1,right,0.059787824749946594,0.2734340727329254,0.13781897723674774,0.46605077385902405,0.06290833652019501,1.3259323835372925,0.0,429.0,1222,2,143,0,0,0,200,200,0
1289,5156,722,79,724,1,right,0.06015735864639282,0.27396902441978455,0.13319937884807587,0.4709339439868927,0.06174025312066078,1.318892478942871,0.0,429.0,1223,2,143,0,0,0,200,200,0
1290,5160,722,79,724,3,right+B,0.059769291430711746,0.27084991335868835,0.13132332265377045,0.4755193293094635,0.06253809481859207,1.315596580505371,-1.0,428.0,1224,2,142,0,0,0,200,200,0
1291,5164,722,79,724,3,right+B,0.05924782529473305,0.26897865533828735,0.1346007138490677,0.4753412902355194,0.061831507831811905,1.3161922693252563,0.0,428.0,1225,2,142,0,0,0,200,200,0
1292,5168,722,93,724,2,right+A,0.05948252975940704,0.27069616317749023,0.13260076940059662,0.475894957780838,0.06132550910115242,1.314079999923706,0.0,428.0,1226,2,142,0,0,0,200,200,0
1293,5172,722,108,724,1,right,0.05924246087670326,0.2716771960258484,0.13335038721561432,0.47342514991760254,0.0623047910630703,1.3170802593231201,0.0,428.0,1227,2,142,0,0,0,200,200,0
1294,5176,722,112,724,3,right+B,0.059627145528793335,0.27217188477516174,0.13620314002037048,0.4690340459346771,0.0629638060927391,1.323049545288086,0.0,428.0,1228,2,142,0,0,0,200,200,0
1295,5180,722,106,724,3,right+B,0.06030844524502754,0.26912662386894226,0.1402052640914917,0.4647215008735657,0.0656382218003273,1.3329614400863647,-1.0,427.0,1229,2,141,0,0,0,200,200,0
1296,5184,722,89,724,3,right+B,0.060083333402872086,0.27124571800231934,0.13934527337551117,0.4656795561313629,0.06364615261554718,1.3286869525909424,0.0,427.0,1230,2,141,0,0,0,200,200,0
1297,5188,722,79,724,3,right+B,0.06016751378774643,0.2706914246082306,0.13393133878707886,0.4731494188308716,0.06206032633781433,1.3186849355697632,0.0,427.0,1231,2,141,0,0,0,200,200,0
1298,5192,722,79,724,3,right+B,0.05921675264835358,0.2652451992034912,0.1289811134338379,0.48590508103370667,0.060651831328868866,1.304232120513916,0.0,427.0,1232,2,141,0,0,0,200,200,0
1299,5196,722,79,724,3,right+B,0.05935125797986984,0.26500579714775085,0.12824282050132751,0.4875987470149994,0.05980135500431061,1.301609992980957,0.0,427.0,1233,2,141,0,0,0,200,200,0
1300,5200,722,79,724,3,right+B,0.05936185643076897,0.2649780213832855,0.12794028222560883,0.4862029254436493,0.061516884714365005,1.3047847747802734,-1.0,426.0,1234,2,140,0,0,0,200,200,0
1301,5204,722,79,724,3,right+B,0.05960158631205559,0.26572221517562866,0.1293461173772812,0.48400649428367615,0.06132356449961662,1.3072032928466797,0.0,426.0,1235,2,140,0,0,0,200,200,0
1302,5208,722,79,724,1,right,0.05993235111236572,0.26619797945022583,0.1304263323545456,0.48166874051094055,0.06177462637424469,1.31052565574646,0.0,426.0,1236,2,140,0,0,0,200,200,0
1303,5212,722,79,724,3,right+B,0.05852492153644562,0.26412174105644226,0.12902913987636566,0.4868157207965851,0.06150846928358078,1.3039288520812988,0.0,426.0,1237,2,140,0,0,0,200,200,0
1304,5216,722,79,724,3,right+B,0.05940716713666916,0.2654719948768616,0.12990212440490723,0.48299506306648254,0.06222359836101532,1.309230089187622,0.0,426.0,1238,2,140,0,0,0,200,200,0
1305,5220,722,79,724,1,right,0.05914638936519623,0.26342111825942993,0.12976422905921936,0.486225426197052,0.0614427775144577,1.3056505918502808,-1.0,425.0,1239,2,139,0,0,0,200,200,0
1306,5224,722,79,724,0,NOOP,0.05964595824480057,0.2644914388656616,0.13163624703884125,0.4834136664867401,0.06081262603402138,1.3084992170333862,0.0,425.0,1240,2,139,0,0,0,200,200,0
1307,5228,722,79,724,3,right+B,0.060075823217630386,0.26586753129959106,0.1335241049528122,0.4793216288089752,0.061210859566926956,1.3134727478027344,0.0,425.0,1241,2,139,0,0,0,200,200,0
1308,5232,722,79,724,1,right,0.05947649106383324,0.2642616033554077,0.13154935836791992,0.48455536365509033,0.06015721336007118,1.3065290451049805,0.0,425.0,1242,2,139,0,0,0,200,200,0
1309,5236,722,79,724,1,right,0.059540800750255585,0.2644554674625397,0.1307297945022583,0.4851028621196747,0.06017107889056206,1.305738925933838,0.0,425.0,1243,2,139,0,0,0,200,200,0
1310,5240,722,79,724,3,right+B,0.059275101870298386,0.2645256519317627,0.13049186766147614,0.4851543605327606,0.06055305525660515,1.3057074546813965,-1.0,424.0,1244,2,138,0,0,0,200,200,0
1311,5244,722,79,724,3,right+B,0.059333913028240204,0.26525771617889404,0.13030080497264862,0.4846777617931366,0.060429755598306656,1.3057658672332764,0.0,424.0,1245,2,138,0,0,0,200,200,0
1312,5248,722,79,724,1,right,0.05923022702336311,0.26493072509765625,0.12971043586730957,0.4858699142932892,0.06025863438844681,1.3042161464691162,0.0,424.0,1246,2,138,0,0,0,200,200,0
1313,5252,722,79,724,3,right+B,0.05911698937416077,0.26476117968559265,0.13060042262077332,0.48468807339668274,0.06083337590098381,1.3062423467636108,0.0,424.0,1247,2,138,0,0,0,200,200,0
1314,5256,722,93,724,2,right+A,0.05901731550693512,0.26464515924453735,0.1307137906551361,0.48447853326797485,0.06114519387483597,1.3067573308944702,0.0,424.0,1248,2,138,0,0,0,200,200,0
1315,5260,722,109,724,2,right+A,0.059358566999435425,0.2661280632019043,0.1345292329788208,0.47720953822135925,0.06277459859848022,1.316606879234314,-1.0,423.0,1249,2,137,0,0,0,200,200,0
1316,5264,722,121,724,3,right+B,0.059675972908735275,0.2674954831600189,0.13575191795825958,0.47397908568382263,0.06309754401445389,1.3202483654022217,0.0,423.0,1250,2,137,0,0,0,200,200,0
1317,5268,722,122,724,3,right+B,0.06130963936448097,0.2679988443851471,0.1468188464641571,0.4552607834339142,0.06861193478107452,1.3478081226348877,0.0,423.0,1251,2,137,0,0,0,200,200,0
1318,5272,722,113,724,3,right+B,0.06017579883337021,0.2679995894432068,0.14057573676109314,0.4664658308029175,0.06478303670883179,1.3308334350585938,0.0,423.0,1252,2,137,0,0,0,200,200,0
1319,5276,722,94,724,1,right,0.061192601919174194,0.266649454832077,0.14030291140079498,0.4663635492324829,0.06549156457185745,1.3332228660583496,0.0,423.0,1253,2,137,0,0,0,200,200,0
1320,5280,722,79,724,0,NOOP,0.059136733412742615,0.2662864029407501,0.13433605432510376,0.47828155755996704,0.061959315091371536,1.3143317699432373,-1.0,422.0,1254,2,136,0,0,0,200,200,0
1321,5284,722,79,724,3,right+B,0.05995303392410278,0.26661282777786255,0.13433794677257538,0.47766557335853577,0.06143055483698845,1.3151423931121826,0.0,422.0,1255,2,136,0,0,0,200,200,0
1322,5288,722,79,724,3,right+B,0.058922335505485535,0.26406317949295044,0.13079744577407837,0.4856751263141632,0.06054186448454857,1.3050609827041626,0.0,422.0,1256,2,136,0,0,0,200,200,0
1323,5292,722,79,724,1,right,0.05911240726709366,0.264938622713089,0.13174982368946075,0.483384370803833,0.06081480160355568,1.3078019618988037,0.0,422.0,1257,2,136,0,0,0,200,200,0
1324,5296,722,79,724,3,right+B,0.05947525054216385,0.26591765880584717,0.13222427666187286,0.4812692105770111,0.06111358851194382,1.310379981994629,0.0,422.0,1258,2,136,0,0,0,200,200,0
1325,5300,722,79,724,1,right,0.05903073400259018,0.26450878381729126,0.1306004673242569,0.48528656363487244,0.0605735257267952,1.3053679466247559,-1.0,421.0,1259,2,135,0,0,0,200,200,0
1326,5304,722,79,724,1,right,0.05885788053274155,0.26379525661468506,0.13024789094924927,0.48677492141723633,0.060324057936668396,1.3035844564437866,0.0,421.0,1260,2,135,0,0,0,200,200,0
1327,5308,722,79,724,3,right+B,0.05894229933619499,0.2643490135669708,0.13071897625923157,0.4853969216346741,0.06059284880757332,1.3052802085876465,0.0,421.0,1261,2,135,0,0,0,200,200,0
1328,5312,722,79,724,1,right,0.059475306421518326,0.2658666670322418,0.13252390921115875,0.48077768087387085,0.06135646626353264,1.311237096786499,0.0,421.0,1262,2,135,0,0,0,200,200,0
1329,5316,722,93,724,4,right+A+B,0.05933564901351929,0.2650681436061859,0.13232487440109253,0.4821769595146179,0.06109432131052017,1.3096721172332764,0.0,421.0,1263,2,135,0,0,0,200,200,0
1330,5320,722,108,724,1,right,0.0603368803858757,0.2680717408657074,0.13906532526016235,0.4690741002559662,0.06345198303461075,1.3267345428466797,-1.0,420.0,1264,2,134,0,0,0,200,200,0
1331,5324,722,112,724,1,right,0.06062772870063782,0.2694210410118103,0.14086060225963593,0.46510934829711914,0.0639813095331192,1.3312928676605225,0.0,420.0,1265,2,134,0,0,0,200,200,0
1332,5328,722,106,724,1,right,0.06059757247567177,0.2672877907752991,0.142176553606987,0.4654415249824524,0.06449650228023529,1.3326436281204224,0.0,420.0,1266,2,134,0,0,0,200,200,0
1333,5332,722,89,724,1,right,0.06025121733546257,0.268572062253952,0.1402299404144287,0.46696028113365173,0.06398648768663406,1.3293116092681885,0.0,420.0,1267,2,134,0,0,0,200,200,0
1334,5336,722,79,724,3,right+B,0.05935997888445854,0.2666243314743042,0.1351730078458786,0.4767036736011505,0.06213899701833725,1.3164199590682983,0.0,420.0,1268,2,134,0,0,0,200,200,0
1335,5340,722,93,724,4,right+A+B,0.05864712595939636,0.26368021965026855,0.12979093194007874,0.487546443939209,0.06033531203866005,1.302488088607788,-1.0,419.0,1269,2,133,0,0,0,200,200,0
1336,5344,722,109,724,4,right+A+B,0.06005487218499184,0.26769590377807617,0.13666364550590515,0.47251030802726746,0.06307525932788849,1.3222367763519287,0.0,419.0,1270,2,133,0,0,0,200,200,0
1337,5348,722,121,724,3,right+B,0.05933786556124687,0.26643967628479004,0.13314108550548553,0.47845205664634705,0.0626293271780014,1.314684271812439,0.0,419.0,1271,2,133,0,0,0,200,200,0
1338,5352,722,122,724,3,right+B,0.06141326576471329,0.26786184310913086,0.14524690806865692,0.4575358033180237,0.06794217973947525,1.344879150390625,0.0,419.0,1272,2,133,0,0,0,200,200,0
1339,5356,722,113,724,3,right+B,0.05969484522938728,0.26635488867759705,0.13518686592578888,0.4750387668609619,0.06372460722923279,1.3201850652694702,0.0,419.0,1273,2,133,0,0,0,200,200,0
1340,5360,722,94,724,3,right+B,0.061036981642246246,0.2649659514427185,0.13521155714988708,0.4736539125442505,0.0651315376162529,1.3249865770339966,-1.0,418.0,1274,2,132,0,0,0,200,200,0
1341,5364,722,79,724,3,right+B,0.05966712906956673,0.26622283458709717,0.13197456300258636,0.479576051235199,0.06255951523780823,1.3136030435562134,0.0,418.0,1275,2,132,0,0,0,200,200,0
1342,5368,722,79,724,0,NOOP,0.060307759791612625,0.2653582990169525,0.13243938982486725,0.4809704124927521,0.06092410162091255,1.3116687536239624,0.0,418.0,1276,2,132,0,0,0,200,200,0
1343,5372,722,79,724,0,NOOP,0.05938984081149101,0.2631221413612366,0.12947484850883484,0.48812955617904663,0.05988370254635811,1.302348256111145,0.0,418.0,1277,2,132,0,0,0,200,200,0
1344,5376,722,79,724,0,NOOP,0.05934970825910568,0.2639674246311188,0.13152076303958893,0.4847239851951599,0.06043822690844536,1.3066327571868896,0.0,418.0,1278,2,132,0,0,0,200,200,0
1345,5380,722,79,724,1,right,0.059779807925224304,0.26565423607826233,0.13244324922561646,0.4805096685886383,0.0616130493581295,1.3121705055236816,-1.0,417.0,1279,2,131,0,0,0,200,200,0
1346,5384,722,79,724,3,right+B,0.060013074427843094,0.2654046416282654,0.13138777017593384,0.48204678297042847,0.06114773824810982,1.3101838827133179,0.0,417.0,1280,2,131,0,0,0,200,200,0
1347,5388,722,79,724,3,right+B,0.060604870319366455,0.2698269188404083,0.1287718415260315,0.4809906780719757,0.05980570614337921,1.3078029155731201,0.0,417.0,1281,2,131,0,0,0,200,200,0
1348,5392,722,93,724,2,right+A,0.06046494096517563,0.2639895975589752,0.12884420156478882,0.4851780831813812,0.061523206532001495,1.3077081441879272,0.0,417.0,1282,2,131,0,0,0,200,200,0
1349,5396,722,108,724,1,right,0.06089076027274132,0.2685087323188782,0.13257594406604767,0.47459718585014343,0.0634274035692215,1.3199867010116577,0.0,417.0,1283,2,131,0,0,0,200,200,0
1350,5400,722,112,724,3,right+B,0.06096798554062843,0.2683412432670593,0.13031500577926636,0.47723251581192017,0.06314325332641602,1.316567063331604,-1.0,416.0,1284,2,130,0,0,0,200,200,0
1351,5404,722,106,724,0,NOOP,0.05994488671422005,0.26714110374450684,0.1335279494524002,0.47525569796562195,0.06413040310144424,1.3198758363723755,0.0,416.0,1285,2,130,0,0,0,200,200,0
1352,5408,722,89,724,1,right,0.06060228496789932,0.2702212929725647,0.13326607644557953,0.47294262051582336,0.06296767294406891,1.3203121423721313,0.0,416.0,1286,2,130,0,0,0,200,200,0
1353,5412,722,79,724,2,right+A,0.06027334928512573,0.268094927072525,0.1289120316505432,0.4815581440925598,0.06116153299808502,1.309104084968567,0.0,416.0,1287,2,130,0,0,0,200,200,0
1354,5416,722,79,724,4,right+A+B,0.05943944677710533,0.2655884325504303,0.12524300813674927,0.48966535925865173,0.06006377935409546,1.298654556274414,0.0,416.0,1288,2,130,0,0,0,200,200,0
1355,5420,722,79,724,3,right+B,0.05977407470345497,0.2672416865825653,0.1295386701822281,0.48259758949279785,0.060848064720630646,1.307739019393921,-1.0,415.0,1289,2,129,0,0,0,200,200,0
1356,5424,722,79,724,3,right+B,0.05890493467450142,0.2688044607639313,0.1284361481666565,0.4835472106933594,0.060307230800390244,1.3042582273483276,0.0,415.0,1290,2,129,0,0,0,200,200,0
1357,5428,722,79,724,0,NOOP,0.059328097850084305,0.26942047476768494,0.12941353023052216,0.48098310828208923,0.06085481122136116,1.3079313039779663,0.0,415.0,1291,2,129,0,0,0,200,200,0
1358,5432,722,79,724,1,right,0.05907121300697327,0.26859912276268005,0.12780901789665222,0.4832586646080017,0.06126197427511215,1.3056342601776123,0.0,415.0,1292,2,129,0,0,0,200,200,0
1359,5436,722,93,724,4,right+A+B,0.059001002460718155,0.2691585421562195,0.12613311409950256,0.48416867852211,0.061538614332675934,1.3041446208953857,0.0,415.0,1293,2,129,0,0,0,200,200,0
1360,5440,722,109,724,2,right+A,0.06014038622379303,0.2727043032646179,0.13101644814014435,0.4733255207538605,0.06281338632106781,1.317559838294983,-1.0,414.0,1294,2,128,0,0,0,200,200,0
1361,5444,722,122,724,4,right+A+B,0.05984990671277046,0.2711893916130066,0.1346467286348343,0.4703029692173004,0.06401104480028152,1.3231313228607178,0.0,414.0,1295,2,128,0,0,0,200,200,0
1362,5448,722,132,724,2,right+A,0.0603385865688324,0.27189210057258606,0.1459675431251526,0.4514910578727722,0.07031071186065674,1.3501007556915283,0.0,414.0,1296,2,128,0,0,0,200,200,0
1363,5452,723,139,724,4,right+A+B,0.06069779023528099,0.27505573630332947,0.1492922306060791,0.44578492641448975,0.06916937232017517,1.353957176208496,0.0,414.0,1297,2,128,0,0,0,200,200,0
1364,5456,725,143,725,3,right+B,0.06160127744078636,0.27259930968284607,0.1433349847793579,0.453537255525589,0.06892719864845276,1.3473989963531494,1.0,415.0,0,2,128,0,0,0,200,200,0
1365,5460,729,157,729,4,right+A+B,0.059356555342674255,0.2676711082458496,0.13428984582424164,0.47283801436424255,0.06584441661834717,1.3233288526535034,3.0,418.0,0,2,127,0,0,0,200,200,0
1366,5464,733,172,733,1,right,0.05975109338760376,0.2696012854576111,0.13645268976688385,0.4706418812274933,0.06355304270982742,1.3233801126480103,4.0,422.0,0,2,127,0,0,0,200,200,0
1367,5468,739,176,739,0,NOOP,0.06507157534360886,0.27720293402671814,0.14423200488090515,0.4428023099899292,0.07069113850593567,1.3607393503189087,6.0,428.0,0,2,127,0,0,0,200,200,0
1368,5472,744,170,744,3,right+B,0.05949711054563522,0.28031978011131287,0.14447137713432312,0.444251149892807,0.07146059721708298,1.352919578552246,5.0,433.0,0,2,127,0,0,0,200,200,0
1369,5476,751,153,751,3,right+B,0.05941227078437805,0.27759912610054016,0.13843078911304474,0.45721012353897095,0.06734773516654968,1.336746335029602,7.0,440.0,0,2,127,0,0,0,200,200,0
1370,5480,758,143,758,3,right+B,0.06165958568453789,0.2757335901260376,0.14837311208248138,0.44361069798469543,0.07062304764986038,1.357873797416687,6.0,446.0,0,2,126,0,0,0,200,200,0
1371,5484,767,143,767,3,right+B,0.06365721672773361,0.2804519832134247,0.19222287833690643,0.38237887620925903,0.08128900080919266,1.420487642288208,9.0,455.0,0,2,126,0,0,0,200,200,0
1372,5488,778,137,778,3,right+B,0.06187743321061134,0.2734908163547516,0.1921110600233078,0.39123380184173584,0.08128687739372253,1.4148441553115845,11.0,466.0,0,2,126,0,0,0,200,200,0
1373,5492,789,120,789,3,right+B,0.06102294847369194,0.2802112400531769,0.2027716040611267,0.36239200830459595,0.09360223263502121,1.4402507543563843,11.0,477.0,0,2,126,0,0,0,200,200,0
1374,5496,801,100,801,4,right+A+B,0.057180020958185196,0.2779179811477661,0.27029314637184143,0.2911113500595093,0.10349742323160172,1.467087984085083,12.0,489.0,0,2,126,0,0,0,200,200,0
1375,5500,813,80,813,1,right,0.06356030702590942,0.263468474149704,0.24966005980968475,0.32320746779441833,0.10010376572608948,1.4684630632400513,11.0,500.0,0,2,125,0,0,0,200,200,0
1376,5504,825,79,825,3,right+B,0.06533174216747284,0.26516664028167725,0.26212093234062195,0.3106222152709961,0.0967584177851677,1.4703466892242432,12.0,512.0,0,2,125,0,0,0,200,200,0
1377,5508,837,79,837,3,right+B,0.06224294751882553,0.24904249608516693,0.20532608032226562,0.40405699610710144,0.07933144271373749,1.4112874269485474,12.0,524.0,0,2,125,0,0,0,200,200,0
1378,5512,849,97,849,2,right+A,0.052290089428424835,0.24335670471191406,0.15822261571884155,0.4851436913013458,0.06098685413599014,1.3114423751831055,12.0,536.0,0,2,125,0,0,0,200,200,0
1379,5516,861,115,861,3,right+B,0.05741804465651512,0.23939569294452667,0.21018661558628082,0.41452109813690186,0.07847859710454941,1.3989185094833374,12.0,548.0,0,2,125,0,0,0,200,200,0
1380,5520,873,121,873,1,right,0.06352944672107697,0.21997851133346558,0.3420141339302063,0.2532331645488739,0.12124480307102203,1.4787697792053223,11.0,559.0,0,2,124,0,0,0,200,200,0
1381,5524,885,114,885,2,right+A,0.051940083503723145,0.15053965151309967,0.486501544713974,0.10077417641878128,0.21024461090564728,1.3483413457870483,12.0,571.0,0,2,124,0,0,0,200,200,0
1382,5528,897,94,897,2,right+A,0.06206201761960983,0.1868182122707367,0.42442891001701355,0.13991573452949524,0.18677514791488647,1.43821382522583,12.0,583.0,0,2,124,0,0,0,200,200,0
1383,5532,898,79,899,2,right+A,0.061212729662656784,0.24464468657970428,0.2814456522464752,0.30273815989494324,0.10995879769325256,1.4767485857009888,2.0,585.0,0,2,124,0,0,0,200,200,0
1384,5536,898,79,899,1,right,0.06835173070430756,0.29334548115730286,0.2035963088274002,0.3619517982006073,0.07275466620922089,1.4256978034973145,0.0,585.0,1,2,124,0,0,0,200,200,0
1385,5540,898,93,899,2,right+A,0.055565543472766876,0.256119042634964,0.12745708227157593,0.5177400708198547,0.04311823472380638,1.2483911514282227,-1.0,584.0,2,2,123,0,0,0,200,200,0
1386,5544,898,108,899,3,right+B,0.05610986799001694,0.24525700509548187,0.13646477460861206,0.5138972401618958,0.04827111214399338,1.2665367126464844,0.0,584.0,3,2,123,0,0,0,200,200,0
1387,5548,898,112,899,3,right+B,0.059141453355550766,0.25114285945892334,0.1377960443496704,0.5034896731376648,0.04842998832464218,1.2794822454452515,0.0,584.0,4,2,123,0,0,0,200,200,0
1388,5552,898,106,899,3,right+B,0.059756770730018616,0.2509722411632538,0.13983695209026337,0.5003986358642578,0.04903537407517433,1.2847118377685547,0.0,584.0,5,2,123,0,0,0,200,200,0
1389,5556,898,89,899,3,right+B,0.0590800978243351,0.25122615694999695,0.1406831592321396,0.5001447796821594,0.04886583983898163,1.2841269969940186,0.0,584.0,6,2,123,0,0,0,200,200,0
1390,5560,898,79,899,3,right+B,0.05882051959633827,0.250878244638443,0.1391635537147522,0.5027809143066406,0.048356737941503525,1.280202865600586,-1.0,583.0,7,2,122,0,0,0,200,200,0
1391,5564,898,79,899,3,right+B,0.0588073655962944,0.24861156940460205,0.13676266372203827,0.5089107155799866,0.04690774902701378,1.2720319032669067,0.0,583.0,8,2,122,0,0,0,200,200,0
1392,5568,898,79,899,3,right+B,0.05848165601491928,0.24945583939552307,0.13252496719360352,0.5150358080863953,0.04450168088078499,1.2604608535766602,0.0,583.0,9,2,122,0,0,0,200,200,0
1393,5572,898,79,899,3,right+B,0.05845826864242554,0.2491482049226761,0.1316724717617035,0.5154502987861633,0.04527079313993454,1.2609033584594727,0.0,583.0,10,2,122,0,0,0,200,200,0
1394,5576,898,93,899,2,right+A,0.05780024826526642,0.2491174042224884,0.13054049015045166,0.5169976949691772,0.045544154942035675,1.2585570812225342,0.0,583.0,11,2,122,0,0,0,200,200,0
1395,5580,898,108,899,3,right+B,0.0589856393635273,0.2516307532787323,0.1369747668504715,0.5035436153411865,0.048865243792533875,1.279437780380249,-1.0,582.0,12,2,121,0,0,0,200,200,0
1396,5584,898,112,899,3,right+B,0.06095484644174576,0.2544063627719879,0.1413266360759735,0.49311593174934387,0.0501963272690773,1.2941135168075562,0.0,582.0,13,2,121,0,0,0,200,200,0
1397,5588,898,106,899,3,right+B,0.061608344316482544,0.2550446689128876,0.1392601728439331,0.495593398809433,0.04849347844719887,1.2893742322921753,0.0,582.0,14,2,121,0,0,0,200,200,0
1398,5592,898,89,899,0,NOOP,0.06117939576506615,0.25466296076774597,0.13764695823192596,0.49861884117126465,0.04789181426167488,1.2847557067871094,0.0,582.0,15,2,121,0,0,0,200,200,0
1399,5596,898,79,899,3,right+B,0.06155179440975189,0.2547287344932556,0.13818536698818207,0.49713143706321716,0.04840262606739998,1.287463903427124,0.0,582.0,16,2,121,0,0,0,200,200,0
1400,5600,898,79,899,1,right,0.06179369240999222,0.2518559396266937,0.14025744795799255,0.4973447322845459,0.04874824732542038,1.2894726991653442,-1.0,581.0,17,2,120,0,0,0,200,200,0
1401,5604,898,93,899,4,right+A+B,0.06452151387929916,0.25862863659858704,0.14605800807476044,0.48072925209999084,0.050062570720911026,1.309598684310913,0.0,581.0,18,2,120,0,0,0,200,200,0
1402,5608,898,109,899,2,right+A,0.06376111507415771,0.26248833537101746,0.14531351625919342,0.4790942072868347,0.049342792481184006,1.3079062700271606,0.0,581.0,19,2,120,0,0,0,200,200,0
1403,5612,898,121,899,3,right+B,0.0657229796051979,0.2669219374656677,0.1513751596212387,0.46399304270744324,0.05198698490858078,1.3272705078125,0.0,581.0,20,2,120,0,0,0,200,200,0
1404,5616,898,122,899,2,right+A,0.06479095667600632,0.2650977075099945,0.15440475940704346,0.4622763395309448,0.0534302294254303,1.330926775932312,0.0,581.0,21,2,120,0,0,0,200,200,0
1405,5620,898,113,899,3,right+B,0.06273023784160614,0.2606465220451355,0.14726293087005615,0.477499395608902,0.051860880106687546,1.312674880027771,-1.0,580.0,22,2,119,0,0,0,200,200,0
1406,5624,898,94,899,2,right+A,0.06528493762016296,0.26561594009399414,0.1477237194776535,0.46996545791625977,0.05140993744134903,1.3202486038208008,0.0,580.0,23,2,119,0,0,0,200,200,0
1407,5628,898,79,899,3,right+B,0.06474345922470093,0.2671666443347931,0.1441665142774582,0.47318801283836365,0.050735313445329666,1.314389705657959,0.0,580.0,24,2,119,0,0,0,200,200,0
1408,5632,898,79,899,1,right,0.06602707505226135,0.26582416892051697,0.14535777270793915,0.47327274084091187,0.04951830580830574,1.314838171005249,0.0,580.0,25,2,119,0,0,0,200,200,0
1409,5636,898,93,899,2,right+A,0.06444738805294037,0.26385441422462463,0.14213815331459045,0.47987380623817444,0.04968623071908951,1.307060718536377,0.0,580.0,26,2,119,0,0,0,200,200,0
1410,5640,898,108,899,3,right+B,0.06510139256715775,0.264650821685791,0.14990541338920593,0.4675759971141815,0.05276641994714737,1.3248203992843628,-1.0,579.0,27,2,118,0,0,0,200,200,0
1411,5644,898,112,899,1,right,0.06708206981420517,0.2724674344062805,0.15288430452346802,0.4544646143913269,0.05310162156820297,1.3369340896606445,0.0,579.0,28,2,118,0,0,0,200,200,0
1412,5648,898,106,899,0,NOOP,0.06608960032463074,0.2697223126888275,0.14726470410823822,0.4661787450313568,0.05074461176991463,1.3221198320388794,0.0,579.0,29,2,118,0,0,0,200,200,0
1413,5652,898,89,899,1,right,0.06634094566106796,0.2695748209953308,0.15183553099632263,0.45958206057548523,0.05266666039824486,1.3319063186645508,0.0,579.0,30,2,118,0,0,0,200,200,0
1414,5656,898,79,899,2,right+A,0.06544347107410431,0.26891812682151794,0.1543065309524536,0.4576093554496765,0.0537225604057312,1.3348015546798706,-15.0,564.0,31,2,118,0,1,0,200,200,0
