decision,raw_frames,x,y,max_x,action,action_name,prob_0,prob_1,prob_2,prob_3,prob_4,action_entropy_nats,native_reward,native_reward_sum,no_progress_decisions,life,game_time,flag_get,terminated,truncated,game_score,score_gain,coins
1,4,40,79,40,3,right+B,0.03565302491188049,0.21899856626987457,0.10238822549581528,0.6052387356758118,0.0377214178442955,1.1123393774032593,0.0,0.0,1,2,400,0,0,0,0,0,0
2,8,43,79,43,1,right,0.035570673644542694,0.21903777122497559,0.10225701332092285,0.605468213558197,0.037666384130716324,1.111759901046753,3.0,3.0,0,2,400,0,0,0,0,0,0
3,12,47,79,47,3,right+B,0.03556426987051964,0.21905864775180817,0.10242541134357452,0.6051942110061646,0.03775744140148163,1.1123149394989014,4.0,7.0,0,2,400,0,0,0,0,0,0
4,16,53,79,53,1,right,0.035867154598236084,0.21983861923217773,0.10368877649307251,0.6025620698928833,0.038043323904275894,1.1169860363006592,6.0,13.0,0,2,400,0,0,0,0,0,0
5,20,60,79,60,1,right,0.03536425530910492,0.21860559284687042,0.10199443995952606,0.6065622568130493,0.03747342526912689,1.109729528427124,6.0,19.0,0,2,399,0,0,0,0,0,0
6,24,70,79,70,3,right+B,0.03445399925112724,0.21648673713207245,0.09886109083890915,0.6134242415428162,0.03677402436733246,1.0973305702209473,10.0,29.0,0,2,399,0,0,0,0,0,0
7,28,81,79,81,3,right+B,0.035122063010931015,0.21752101182937622,0.1022319570183754,0.6069769859313965,0.03814791515469551,1.1102256774902344,11.0,40.0,0,2,399,0,0,0,0,0,0
8,32,93,79,93,3,right+B,0.035197023302316666,0.21985465288162231,0.10252939909696579,0.6043002605438232,0.03811861202120781,1.1132638454437256,12.0,52.0,0,2,399,0,0,0,0,0,0
9,36,105,79,105,3,right+B,0.04153737798333168,0.24750320613384247,0.13790751993656158,0.5220199823379517,0.05103199928998947,1.2421265840530396,12.0,64.0,0,2,399,0,0,0,0,0,0
10,40,117,79,117,1,right,0.049706533551216125,0.2719360888004303,0.2636302709579468,0.31259530782699585,0.10213173180818558,1.451298713684082,11.0,75.0,0,2,398,0,0,0,0,0,0
11,44,129,97,129,4,right+A+B,0.04710914194583893,0.259635865688324,0.346090167760849,0.19978086650371552,0.1473839282989502,1.4652177095413208,12.0,87.0,0,2,398,0,0,0,0,0,0
12,48,141,117,141,2,right+A,0.046011317521333694,0.30608928203582764,0.3003777861595154,0.2018505185842514,0.14567111432552338,1.4689321517944336,12.0,99.0,0,2,398,0,0,0,0,0,0
13,52,153,132,153,1,right,0.03878314420580864,0.35224679112434387,0.17133969068527222,0.3604812026023865,0.07714924961328506,1.3613024950027466,12.0,111.0,0,2,398,0,0,0,0,0,0
14,56,165,134,165,1,right,0.03382571041584015,0.3295157253742218,0.1010594293475151,0.4791443347930908,0.05645489692687988,1.2267918586730957,12.0,123.0,0,2,398,0,0,0,0,0,0
15,60,177,123,177,3,right+B,0.026273252442479134,0.2646084725856781,0.04390302672982216,0.6282923817634583,0.03692289814352989,0.998447060585022,11.0,134.0,0,2,397,0,0,0,0,0,0
16,64,189,104,189,1,right,0.022888068109750748,0.2553740441799164,0.03341207653284073,0.6531710028648376,0.035154812037944794,0.9445002675056458,12.0,146.0,0,2,397,0,0,0,0,0,0
17,68,201,84,201,3,right+B,0.03365520015358925,0.2582787573337555,0.06252533942461014,0.5691242218017578,0.07641645520925522,1.1544122695922852,12.0,158.0,0,2,397,0,0,0,0,0,0
18,72,213,97,213,2,right+A,0.04121185839176178,0.2108033299446106,0.263200044631958,0.19572904706001282,0.2890557050704956,1.4889370203018188,12.0,170.0,0,2,397,0,0,0,0,0,0
19,76,225,117,225,4,right+A+B,0.016956325620412827,0.06663032621145248,0.49261629581451416,0.035210367292165756,0.3885866403579712,1.083527684211731,12.0,182.0,0,2,397,0,0,0,0,0,0
20,80,237,133,237,2,right+A,0.00603691628202796,0.01759307086467743,0.6802878379821777,0.0057566212490201,0.2903256118297577,0.7527520060539246,11.0,193.0,0,2,396,0,0,0,0,0,0
21,84,249,147,249,2,right+A,0.00903111882507801,0.026464145630598068,0.635434091091156,0.008023884147405624,0.32104673981666565,0.830243706703186,12.0,205.0,0,2,396,0,0,0,0,0,0
22,88,261,156,261,2,right+A,0.026173517107963562,0.12310915440320969,0.4636290967464447,0.07470719516277313,0.3123810589313507,1.2668720483779907,12.0,217.0,0,2,396,0,0,0,0,0,0
23,92,273,160,273,1,right,0.041638001799583435,0.25517117977142334,0.28464275598526,0.2348596751689911,0.18368838727474213,1.490053415298462,12.0,229.0,0,2,396,0,0,0,0,0,0
24,96,285,152,285,3,right+B,0.03896014019846916,0.3117009103298187,0.16556845605373383,0.39790403842926025,0.0858665183186531,1.3650259971618652,12.0,241.0,0,2,396,0,0,0,0,0,0
25,100,297,133,297,3,right+B,0.04374871775507927,0.29396024346351624,0.22647026181221008,0.3262573778629303,0.10956335067749023,1.4408446550369263,11.0,252.0,0,2,395,0,0,0,0,0,0
26,104,309,113,309,4,right+A+B,0.03327127918601036,0.09838555753231049,0.5651355981826782,0.04030507430434227,0.2629024386405945,1.1445448398590088,12.0,264.0,0,2,395,0,0,0,0,0,0
27,108,321,93,321,1,right,0.05664418265223503,0.225656658411026,0.3284907937049866,0.2326892614364624,0.1565190553665161,1.4938085079193115,12.0,276.0,0,2,395,0,0,0,0,0,0
28,112,333,90,333,3,right+B,0.04197558015584946,0.23442190885543823,0.16272865235805511,0.5008353590965271,0.060038454830646515,1.283803105354309,12.0,288.0,0,2,395,0,0,0,0,0,0
29,116,345,95,345,0,NOOP,0.026135439053177834,0.1760646104812622,0.09671806544065475,0.6770507097244263,0.0240311361849308,0.9806398749351501,13.0,301.0,0,2,395,0,0,0,100,100,0
30,120,357,87,357,3,right+B,0.026978222653269768,0.19297032058238983,0.10373885929584503,0.6551580429077148,0.021154558286070824,1.0086252689361572,11.0,312.0,0,2,394,0,0,0,100,100,0
31,124,366,79,366,1,right,0.027318445965647697,0.18584179878234863,0.13053621351718903,0.6304576396942139,0.025845881551504135,1.0622007846832275,9.0,321.0,0,2,394,0,0,0,100,100,0
32,128,374,79,374,3,right+B,0.037249889224767685,0.237447127699852,0.20991598069667816,0.4757840633392334,0.039602961391210556,1.272929072380066,8.0,329.0,0,2,394,0,0,0,100,100,0
33,132,383,79,383,3,right+B,0.041702017188072205,0.24871015548706055,0.36768969893455505,0.2828579545021057,0.05904014781117439,1.3706995248794556,9.0,338.0,0,2,394,0,0,0,100,100,0
34,136,393,79,393,0,NOOP,0.01313981506973505,0.07020765542984009,0.8155158162117004,0.015001308172941208,0.08613535016775131,0.6839168071746826,10.0,348.0,0,2,394,0,0,0,100,100,0
35,140,402,97,402,2,right+A,0.00964447483420372,0.05615994706749916,0.7952542901039124,0.008621608838438988,0.1303197294473648,0.6952102184295654,8.0,356.0,0,2,393,0,0,0,100,100,0
36,144,414,117,414,2,right+A,0.02055189199745655,0.10960443317890167,0.6607308983802795,0.025517014786601067,0.183595672249794,1.000779628753662,12.0,368.0,0,2,393,0,0,0,100,100,0
37,148,426,133,426,2,right+A,0.048003725707530975,0.2666448950767517,0.35106945037841797,0.18077437579631805,0.15350757539272308,1.4626022577285767,12.0,380.0,0,2,393,0,0,0,100,100,0
38,152,438,145,438,1,right,0.04599415138363838,0.3197373151779175,0.17594270408153534,0.38340771198272705,0.07491812855005264,1.3736227750778198,12.0,392.0,0,2,393,0,0,0,100,100,0
39,156,450,144,450,2,right+A,0.036823879927396774,0.3298666775226593,0.11932997405529022,0.4667479395866394,0.04723149165511131,1.2409305572509766,12.0,404.0,0,2,393,0,0,0,100,100,0
40,160,462,129,462,3,right+B,0.0307602621614933,0.3409600853919983,0.09447142481803894,0.5065013766288757,0.02730679139494896,1.1397216320037842,11.0,415.0,0,2,392,0,0,0,100,100,0
41,164,474,111,474,1,right,0.019784284755587578,0.3314027786254883,0.050922635942697525,0.5856650471687317,0.012225293554365635,0.9624170064926147,12.0,427.0,0,2,392,0,0,0,100,100,0
42,168,482,111,482,3,right+B,0.019995298236608505,0.3264865279197693,0.04032149165868759,0.6015768051147461,0.01161994505673647,0.930641233921051,8.0,435.0,0,2,392,0,0,0,100,100,0
43,172,491,99,491,3,right+B,0.016645608469843864,0.33641254901885986,0.028865396976470947,0.6092182993888855,0.008858065120875835,0.8807810544967651,9.0,444.0,0,2,392,0,0,0,100,100,0
44,176,502,79,502,3,right+B,0.01625753566622734,0.32100921869277954,0.02728620357811451,0.6264263987541199,0.009020642377436161,0.8654600381851196,11.0,455.0,0,2,392,0,0,0,100,100,0
45,180,514,79,514,3,right+B,0.025907792150974274,0.3741467297077179,0.0667363852262497,0.5043883323669434,0.02882079966366291,1.0905542373657227,11.0,466.0,0,2,391,0,0,0,100,100,0
46,184,526,79,526,1,right,0.03346823528409004,0.3568802773952484,0.2117769718170166,0.27702322602272034,0.12085127085447311,1.4211194515228271,12.0,478.0,0,2,391,0,0,0,100,100,0
47,188,538,79,538,1,right,0.028806595131754875,0.1854839026927948,0.35755544900894165,0.1021859273314476,0.3259681165218353,1.380893349647522,12.0,490.0,0,2,391,0,0,0,100,100,0
48,192,548,79,548,1,right,0.027004914358258247,0.15424148738384247,0.34310558438301086,0.1361103653907776,0.3395375609397888,1.3910760879516602,10.0,500.0,0,2,391,0,0,0,100,100,0
49,196,555,93,555,2,right+A,0.039731815457344055,0.2078157216310501,0.259609580039978,0.21654349565505981,0.276299387216568,1.4914617538452148,7.0,507.0,0,2,391,0,0,0,100,100,0
50,200,562,109,562,4,right+A+B,0.034311212599277496,0.2620093822479248,0.07797190546989441,0.5495115518569946,0.07619600743055344,1.1907429695129395,6.0,513.0,0,2,390,0,0,0,100,100,0
51,204,569,121,569,3,right+B,0.04407511278986931,0.28341594338417053,0.08982213586568832,0.4920860230922699,0.09060082584619522,1.2779009342193604,7.0,520.0,0,2,390,0,0,0,100,100,0
52,208,576,125,576,4,right+A+B,0.042867157608270645,0.28050997853279114,0.06707748025655746,0.5383251905441284,0.07122018933296204,1.1943658590316772,7.0,527.0,0,2,390,0,0,0,100,100,0
53,212,583,119,583,1,right,0.03792420029640198,0.23407408595085144,0.05345982313156128,0.6274168491363525,0.047125060111284256,1.057003378868103,7.0,534.0,0,2,390,0,0,0,100,100,0
54,216,590,105,590,3,right+B,0.03993931785225868,0.22457873821258545,0.059629619121551514,0.6320773363113403,0.043775055557489395,1.0590869188308716,7.0,541.0,0,2,390,0,0,0,100,100,0
55,220,594,85,594,3,right+B,0.028120921924710274,0.18495751917362213,0.04352438822388649,0.7179663777351379,0.02543078176677227,0.8802527189254761,3.0,544.0,0,2,389,0,0,0,100,100,0
56,224,594,79,594,3,right+B,0.03332360461354256,0.20928598940372467,0.06697476655244827,0.6587757468223572,0.03163991495966911,1.0059643983840942,0.0,544.0,1,2,389,0,0,0,100,100,0
57,228,594,79,594,3,right+B,0.027558213099837303,0.20479857921600342,0.06713155657052994,0.6767514944076538,0.023760180920362473,0.9581535458564758,0.0,544.0,2,2,389,0,0,0,100,100,0
58,232,594,79,594,3,right+B,0.02891230769455433,0.21269595623016357,0.0856272429227829,0.6489937901496887,0.023770790547132492,1.0115983486175537,0.0,544.0,3,2,389,0,0,0,100,100,0
59,236,594,79,594,3,right+B,0.030952850356698036,0.2219661921262741,0.0900198370218277,0.6317728757858276,0.025288205593824387,1.0415446758270264,0.0,544.0,4,2,389,0,0,0,100,100,0
60,240,594,79,594,1,right,0.030006319284439087,0.2150339037179947,0.08267101645469666,0.6487998962402344,0.02348894067108631,1.010603666305542,-1.0,543.0,5,2,388,0,0,0,100,100,0
61,244,594,79,594,3,right+B,0.029718521982431412,0.21314047276973724,0.08194870501756668,0.6517223715782166,0.023469896987080574,1.0060572624206543,0.0,543.0,6,2,388,0,0,0,100,100,0
62,248,594,79,594,3,right+B,0.028241975232958794,0.2065616250038147,0.07517291605472565,0.6678252816200256,0.022198213264346123,0.9752077460289001,0.0,543.0,7,2,388,0,0,0,100,100,0
63,252,594,79,594,1,right,0.027090149000287056,0.20314495265483856,0.07189192622900009,0.6766838431358337,0.02118905633687973,0.9567468166351318,0.0,543.0,8,2,388,0,0,0,100,100,0
64,256,594,79,594,3,right+B,0.028151629492640495,0.20785406231880188,0.07400493323802948,0.6680987477302551,0.021890584379434586,0.9728248715400696,0.0,543.0,9,2,388,0,0,0,100,100,0
65,260,594,79,594,3,right+B,0.028016485273838043,0.20786221325397491,0.07614916563034058,0.6656321883201599,0.02233998477458954,0.978620171546936,-1.0,542.0,10,2,387,0,0,0,100,100,0
66,264,594,93,594,2,right+A,0.0289923083037138,0.213291734457016,0.08253227174282074,0.650802731513977,0.024380898103117943,1.0081928968429565,0.0,542.0,11,2,387,0,0,0,100,100,0
67,268,594,108,594,3,right+B,0.02956279367208481,0.21799525618553162,0.08537046611309052,0.6413963437080383,0.02567511610686779,1.0251190662384033,0.0,542.0,12,2,387,0,0,0,100,100,0
68,272,594,112,594,3,right+B,0.030268162488937378,0.2207169383764267,0.09245631098747253,0.6286369562149048,0.02792167291045189,1.0512112379074097,0.0,542.0,13,2,387,0,0,0,100,100,0
69,276,594,106,594,3,right+B,0.03022770583629608,0.21998152136802673,0.09440712630748749,0.627623438835144,0.027760237455368042,1.053532361984253,0.0,542.0,14,2,387,0,0,0,100,100,0
70,280,594,89,594,3,right+B,0.029351620003581047,0.21591371297836304,0.09206448495388031,0.635841965675354,0.026828300207853317,1.0391172170639038,-1.0,541.0,15,2,386,0,0,0,100,100,0
71,284,594,79,594,2,right+A,0.029879750683903694,0.2166289985179901,0.09532823413610458,0.6311456561088562,0.027017347514629364,1.048338532447815,0.0,541.0,16,2,386,0,0,0,100,100,0
72,288,594,79,594,3,right+B,0.02932463213801384,0.21301747858524323,0.08786913007497787,0.644930362701416,0.024858400225639343,1.0213075876235962,0.0,541.0,17,2,386,0,0,0,100,100,0
73,292,594,79,594,3,right+B,0.02957378327846527,0.21500195562839508,0.08628539741039276,0.6444216370582581,0.024717150256037712,1.0206338167190552,0.0,541.0,18,2,386,0,0,0,100,100,0
74,296,594,79,594,3,right+B,0.029853597283363342,0.21631604433059692,0.0883718729019165,0.6397115588188171,0.025746960192918777,1.0304234027862549,0.0,541.0,19,2,386,0,0,0,100,100,0
75,300,594,79,594,3,right+B,0.029534930363297462,0.21403105556964874,0.08553151041269302,0.6455821394920349,0.025320330634713173,1.0198856592178345,-1.0,540.0,20,2,385,0,0,0,100,100,0
76,304,594,79,594,3,right+B,0.03010449931025505,0.21646928787231445,0.08730397373437881,0.6402307152748108,0.025891507044434547,1.029700756072998,0.0,540.0,21,2,385,0,0,0,100,100,0
77,308,594,79,594,1,right,0.030121544376015663,0.21605892479419708,0.08736059069633484,0.6403664350509644,0.026092492043972015,1.0300642251968384,0.0,540.0,22,2,385,0,0,0,100,100,0
78,312,594,93,594,4,right+A+B,0.030263474211096764,0.21743661165237427,0.0883917361497879,0.6376128792762756,0.026295306161046028,1.0346803665161133,0.0,540.0,23,2,385,0,0,0,100,100,0
79,316,594,108,594,3,right+B,0.0304094385355711,0.22030051052570343,0.08833279460668564,0.6343436241149902,0.026613665744662285,1.039075493812561,0.0,540.0,24,2,385,0,0,0,100,100,0
80,320,594,112,594,1,right,0.030014384537935257,0.2182694673538208,0.09066984802484512,0.6335490345954895,0.027497295290231705,1.0430792570114136,-1.0,539.0,25,2,384,0,0,0,100,100,0
81,324,594,106,594,2,right+A,0.030235305428504944,0.2185138761997223,0.09439834952354431,0.6292281150817871,0.027624381706118584,1.0515691041946411,0.0,539.0,26,2,384,0,0,0,100,100,0
82,328,594,89,594,3,right+B,0.029794985428452492,0.21726365387439728,0.08817050606012344,0.6392785310745239,0.02549230307340622,1.0300507545471191,0.0,539.0,27,2,384,0,0,0,100,100,0
83,332,594,79,594,3,right+B,0.02947625145316124,0.21319878101348877,0.08476784080266953,0.6486989855766296,0.023858191445469856,1.0124512910842896,0.0,539.0,28,2,384,0,0,0,100,100,0
84,336,594,79,594,1,right,0.029081061482429504,0.20576496422290802,0.07717595249414444,0.6660188436508179,0.02195913717150688,0.9804442524909973,0.0,539.0,29,2,384,0,0,0,100,100,0
85,340,594,79,594,1,right,0.029380369931459427,0.20855948328971863,0.076809361577034,0.663054347038269,0.022196441888809204,0.9846546053886414,-1.0,538.0,30,2,383,0,0,0,100,100,0
86,344,594,79,594,3,right+B,0.03012695163488388,0.21123209595680237,0.07731707394123077,0.6584791541099548,0.022844819352030754,0.9933158159255981,0.0,538.0,31,2,383,0,0,0,100,100,0
87,348,594,79,594,3,right+B,0.030097872018814087,0.21266411244869232,0.07832545787096024,0.6557661890983582,0.023146476596593857,0.9980093240737915,0.0,538.0,32,2,383,0,0,0,100,100,0
88,352,594,79,594,3,right+B,0.030194390565156937,0.2124720960855484,0.07901319116353989,0.6548855900764465,0.023434685543179512,1.0005099773406982,0.0,538.0,33,2,383,0,0,0,100,100,0
89,356,594,79,594,1,right,0.03161441534757614,0.21831372380256653,0.08210606127977371,0.6433588266372681,0.02460695244371891,1.0215966701507568,0.0,538.0,34,2,383,0,0,0,100,100,0
90,360,594,79,594,3,right+B,0.03248819336295128,0.2239800989627838,0.08519887924194336,0.6323896050453186,0.025943120941519737,1.0408092737197876,-1.0,537.0,35,2,382,0,0,0,100,100,0
91,364,594,79,594,1,right,0.03436580300331116,0.23555485904216766,0.09301532059907913,0.6088049411773682,0.0282590389251709,1.0802204608917236,0.0,537.0,36,2,382,0,0,0,100,100,0
92,368,594,93,594,2,right+A,0.03190688416361809,0.2252618968486786,0.08756595849990845,0.6295689940452576,0.025696314871311188,1.0443217754364014,0.0,537.0,37,2,382,0,0,0,100,100,0
93,372,594,108,594,3,right+B,0.032860126346349716,0.23111429810523987,0.09288598597049713,0.6160338521003723,0.027105728164315224,1.0677498579025269,0.0,537.0,38,2,382,0,0,0,100,100,0
94,376,594,112,594,3,right+B,0.031125051900744438,0.22764839231967926,0.09333839267492294,0.6213704347610474,0.026517750695347786,1.0581823587417603,0.0,537.0,39,2,382,0,0,0,100,100,0
95,380,594,106,594,3,right+B,0.031223317608237267,0.22888584434986115,0.10356093943119049,0.6083397269248962,0.02799025923013687,1.083020567893982,-1.0,536.0,40,2,381,0,0,0,100,100,0
96,384,594,89,594,1,right,0.03101908601820469,0.2304237186908722,0.09780881553888321,0.613494336605072,0.02725408598780632,1.0712661743164062,0.0,536.0,41,2,381,0,0,0,100,100,0
97,388,594,79,594,1,right,0.031094491481781006,0.23009495437145233,0.09984920173883438,0.611728310585022,0.02723303623497486,1.0748262405395508,0.0,536.0,42,2,381,0,0,0,100,100,0
98,392,594,79,594,3,right+B,0.03175338730216026,0.2291678488254547,0.09846989065408707,0.6136160492897034,0.026992863044142723,1.0726128816604614,0.0,536.0,43,2,381,0,0,0,100,100,0
99,396,594,79,594,1,right,0.029591234400868416,0.21863463521003723,0.09116785228252411,0.6354454159736633,0.025160882622003555,1.0357064008712769,0.0,536.0,44,2,381,0,0,0,100,100,0
100,400,594,79,594,3,right+B,0.02961030974984169,0.2196890264749527,0.09215143322944641,0.6323758363723755,0.026173466816544533,1.0420341491699219,-1.0,535.0,45,2,380,0,0,0,100,100,0
101,404,594,79,594,3,right+B,0.03251102566719055,0.23288364708423615,0.10679399222135544,0.5970547199249268,0.030756628140807152,1.1046454906463623,0.0,535.0,46,2,380,0,0,0,100,100,0
102,408,594,79,594,1,right,0.03257540240883827,0.23258189857006073,0.10763556510210037,0.5966629981994629,0.03054410219192505,1.1053626537322998,0.0,535.0,47,2,380,0,0,0,100,100,0
103,412,594,79,594,3,right+B,0.030943166464567184,0.22399283945560455,0.09497471898794174,0.6230116486549377,0.027077630162239075,1.058782696723938,0.0,535.0,48,2,380,0,0,0,100,100,0
104,416,594,79,594,3,right+B,0.030614042654633522,0.22279606759548187,0.09664374589920044,0.622153103351593,0.027793021872639656,1.0619235038757324,0.0,535.0,49,2,380,0,0,0,100,100,0
105,420,594,79,594,3,right+B,0.03141798451542854,0.2284248322248459,0.10342654585838318,0.6073591709136963,0.029371432960033417,1.0871269702911377,-1.0,534.0,50,2,379,0,0,0,100,100,0
106,424,594,79,594,3,right+B,0.032676294445991516,0.23502562940120697,0.11370077729225159,0.587416410446167,0.031180888414382935,1.1199787855148315,0.0,534.0,51,2,379,0,0,0,100,100,0
107,428,594,79,594,3,right+B,0.030617566779255867,0.22486387193202972,0.10215754061937332,0.6145334839820862,0.027827633544802666,1.0742220878601074,0.0,534.0,52,2,379,0,0,0,100,100,0
108,432,594,79,594,3,right+B,0.03177322447299957,0.23014265298843384,0.10546183586120605,0.604203999042511,0.02841828763484955,1.0905226469039917,0.0,534.0,53,2,379,0,0,0,100,100,0
109,436,594,79,594,3,right+B,0.032664377242326736,0.23550032079219818,0.1084814965724945,0.5937017202377319,0.029652072116732597,1.107125997543335,0.0,534.0,54,2,379,0,0,0,100,100,0
110,440,594,79,594,3,right+B,0.03100249543786049,0.2277592569589615,0.09792686253786087,0.6157796382904053,0.027531826868653297,1.0696678161621094,-1.0,533.0,55,2,378,0,0,0,100,100,0
111,444,594,93,594,4,right+A+B,0.030213117599487305,0.22331804037094116,0.09010002017021179,0.6304365992546082,0.025932252407073975,1.0429340600967407,0.0,533.0,56,2,378,0,0,0,100,100,0
112,448,594,108,594,3,right+B,0.029206406325101852,0.21508793532848358,0.0829157754778862,0.6484532952308655,0.0243365541100502,1.011495590209961,0.0,533.0,57,2,378,0,0,0,100,100,0
113,452,594,112,594,3,right+B,0.030661318451166153,0.2225087583065033,0.09276542067527771,0.6269174218177795,0.027147019281983376,1.0524358749389648,0.0,533.0,58,2,378,0,0,0,100,100,0
114,456,594,106,594,3,right+B,0.030906833708286285,0.22686512768268585,0.09230215847492218,0.6233941316604614,0.0265317652374506,1.0548111200332642,0.0,533.0,59,2,378,0,0,0,100,100,0
115,460,594,89,594,3,right+B,0.02968493103981018,0.21877197921276093,0.08093464374542236,0.6460103988647461,0.02459803968667984,1.0137630701065063,-1.0,532.0,60,2,377,0,0,0,100,100,0
116,464,594,79,594,3,right+B,0.031756192445755005,0.22319364547729492,0.08568732440471649,0.6337476968765259,0.025615161284804344,1.0377370119094849,0.0,532.0,61,2,377,0,0,0,100,100,0
117,468,594,79,594,0,NOOP,0.03143203631043434,0.21983230113983154,0.08639338612556458,0.6374403834342957,0.024901937693357468,1.032332420349121,0.0,532.0,62,2,377,0,0,0,100,100,0
118,472,594,93,594,4,right+A+B,0.03353749215602875,0.23227818310260773,0.10125550627708435,0.6052627563476562,0.02766607701778412,1.0879844427108765,0.0,532.0,63,2,377,0,0,0,100,100,0
119,476,594,108,594,3,right+B,0.03477150946855545,0.23952630162239075,0.10877367854118347,0.5873408913612366,0.0295876432210207,1.1171278953552246,0.0,532.0,64,2,377,0,0,0,100,100,0
120,480,594,112,594,0,NOOP,0.03434578701853752,0.2373102754354477,0.11106739193201065,0.5866249799728394,0.030651606619358063,1.1209275722503662,-1.0,531.0,65,2,376,0,0,0,100,100,0
121,484,594,106,594,3,right+B,0.03319371119141579,0.23225493729114532,0.11363032460212708,0.5902837514877319,0.030637305229902267,1.1171917915344238,0.0,531.0,66,2,376,0,0,0,100,100,0
122,488,594,89,594,3,right+B,0.03337791562080383,0.2327907532453537,0.10706015676259995,0.5971392393112183,0.029631929472088814,1.1041710376739502,0.0,531.0,67,2,376,0,0,0,100,100,0
123,492,594,79,594,3,right+B,0.03245304897427559,0.22725412249565125,0.09860492497682571,0.6143478155136108,0.027340082451701164,1.074113130569458,0.0,531.0,68,2,376,0,0,0,100,100,0
124,496,594,79,594,3,right+B,0.03183942288160324,0.2205095887184143,0.08596043288707733,0.6371780037879944,0.024512482807040215,1.0321435928344727,0.0,531.0,69,2,376,0,0,0,100,100,0
125,500,594,79,594,3,right+B,0.030971424654126167,0.21449410915374756,0.08227004110813141,0.6485093235969543,0.02375505119562149,1.013012409210205,-1.0,530.0,70,2,375,0,0,0,100,100,0
126,504,594,79,594,3,right+B,0.030239207670092583,0.21166828274726868,0.07845812290906906,0.6562663316726685,0.02336813509464264,0.9983425736427307,0.0,530.0,71,2,375,0,0,0,100,100,0
127,508,594,79,594,3,right+B,0.02828330732882023,0.20546215772628784,0.07264095544815063,0.671802818775177,0.021810779348015785,0.9671378135681152,0.0,530.0,72,2,375,0,0,0,100,100,0
128,512,594,79,594,3,right+B,0.028328441083431244,0.20777830481529236,0.073811374604702,0.6682737469673157,0.02180813066661358,0.9725874662399292,0.0,530.0,73,2,375,0,0,0,100,100,0
129,516,594,79,594,3,right+B,0.028504349291324615,0.20816071331501007,0.07383961230516434,0.6678277254104614,0.021667657420039177,0.973170280456543,0.0,530.0,74,2,375,0,0,0,100,100,0
130,520,594,79,594,3,right+B,0.028797579929232597,0.2119179666042328,0.08058030158281326,0.6557614207267761,0.022942660376429558,0.9972094297409058,-1.0,529.0,75,2,374,0,0,0,100,100,0
131,524,594,79,594,3,right+B,0.029209962114691734,0.2161634862422943,0.08462493121623993,0.6458007097244263,0.024200953543186188,1.015737771987915,0.0,529.0,76,2,374,0,0,0,100,100,0
132,528,594,79,594,3,right+B,0.029794927686452866,0.2194734662771225,0.0881199985742569,0.6377051472663879,0.024906491860747337,1.0304280519485474,0.0,529.0,77,2,374,0,0,0,100,100,0
133,532,594,79,594,1,right,0.03013738989830017,0.2208402305841446,0.08757804334163666,0.6362140774726868,0.02523026429116726,1.0329004526138306,0.0,529.0,78,2,374,0,0,0,100,100,0
134,536,594,79,594,3,right+B,0.029459437355399132,0.2156756967306137,0.08643720299005508,0.6434005498886108,0.02502709999680519,1.0223331451416016,0.0,529.0,79,2,374,0,0,0,100,100,0
135,540,594,79,594,1,right,0.030138656497001648,0.2168138176202774,0.08897840231657028,0.6378185153007507,0.02625058963894844,1.0346436500549316,-1.0,528.0,80,2,373,0,0,0,100,100,0
136,544,594,79,594,3,right+B,0.02989237941801548,0.21624170243740082,0.08729071170091629,0.6410025954246521,0.025572629645466805,1.0277528762817383,0.0,528.0,81,2,373,0,0,0,100,100,0
137,548,594,93,594,2,right+A,0.0298381969332695,0.21527737379074097,0.0843411311507225,0.6455404758453369,0.025002842769026756,1.018747329711914,0.0,528.0,82,2,373,0,0,0,100,100,0
138,552,594,108,594,1,right,0.030498411506414413,0.2185574769973755,0.08828070014715195,0.636323869228363,0.026339568197727203,1.0365188121795654,0.0,528.0,83,2,373,0,0,0,100,100,0
139,556,594,112,594,3,right+B,0.0305409487336874,0.2184319645166397,0.09137339890003204,0.6320592761039734,0.02759443409740925,1.0465216636657715,0.0,528.0,84,2,373,0,0,0,100,100,0
140,560,594,106,594,0,NOOP,0.030947765335440636,0.22014757990837097,0.09262243658304214,0.6287850737571716,0.027497131377458572,1.0516613721847534,-1.0,527.0,85,2,372,0,0,0,100,100,0
141,564,594,89,594,3,right+B,0.030116144567728043,0.21717984974384308,0.09101494401693344,0.634761393070221,0.026927711442112923,1.0411019325256348,0.0,527.0,86,2,372,0,0,0,100,100,0
142,568,594,79,594,3,right+B,0.03085913509130478,0.22064337134361267,0.09503433853387833,0.6264266967773438,0.027036486193537712,1.0550525188446045,0.0,527.0,87,2,372,0,0,0,100,100,0
143,572,594,79,594,3,right+B,0.030751869082450867,0.2202218770980835,0.09058218449354172,0.6329724192619324,0.025471605360507965,1.0407888889312744,0.0,527.0,88,2,372,0,0,0,100,100,0
144,576,594,79,594,3,right+B,0.029513271525502205,0.21498079597949982,0.0867142602801323,0.644267737865448,0.024523930624127388,1.0206547975540161,0.0,527.0,89,2,372,0,0,0,100,100,0
145,580,594,79,594,3,right+B,0.029796743765473366,0.21669656038284302,0.08793257176876068,0.6403418779373169,0.025232193991541862,1.0281312465667725,-1.0,526.0,90,2,371,0,0,0,100,100,0
146,584,594,79,594,3,right+B,0.030330348759889603,0.21720190346240997,0.08456878364086151,0.6432244777679443,0.024674484506249428,1.0217504501342773,0.0,526.0,91,2,371,0,0,0,100,100,0
147,588,594,79,594,3,right+B,0.029466411098837852,0.21147851645946503,0.07967569679021835,0.6562567353248596,0.023122640326619148,0.9974961280822754,0.0,526.0,92,2,371,0,0,0,100,100,0
148,592,594,79,594,3,right+B,0.029645217582583427,0.20906038582324982,0.07506866753101349,0.6639785170555115,0.022247176617383957,0.9824569225311279,0.0,526.0,93,2,371,0,0,0,100,100,0
149,596,594,79,594,1,right,0.03008878044784069,0.21019086241722107,0.07599946856498718,0.6611164808273315,0.0226044412702322,0.9883636236190796,0.0,526.0,94,2,371,0,0,0,100,100,0
150,600,594,79,594,0,NOOP,0.030434835702180862,0.21073757112026215,0.07703248411417007,0.6587513089179993,0.023043770343065262,0.9937589168548584,-1.0,525.0,95,2,370,0,0,0,100,100,0
151,604,594,79,594,3,right+B,0.031226279214024544,0.21491046249866486,0.07946819067001343,0.6505619287490845,0.02383311837911606,1.0086684226989746,0.0,525.0,96,2,370,0,0,0,100,100,0
152,608,594,93,594,4,right+A+B,0.03070518746972084,0.21397364139556885,0.07950703799724579,0.6524905562400818,0.02332361415028572,1.0044307708740234,0.0,525.0,97,2,370,0,0,0,100,100,0
153,612,594,108,594,1,right,0.03223054111003876,0.2207699716091156,0.08501353114843369,0.6367887258529663,0.025197191163897514,1.0339082479476929,0.0,525.0,98,2,370,0,0,0,100,100,0
154,616,594,112,594,1,right,0.03293314948678017,0.22708292305469513,0.0899137333035469,0.6232680082321167,0.02680221013724804,1.0573127269744873,0.0,525.0,99,2,370,0,0,0,100,100,0
155,620,594,106,594,3,right+B,0.03517499566078186,0.23958685994148254,0.10038530826568604,0.5955086946487427,0.0293442253023386,1.103057622909546,-1.0,524.0,100,2,369,0,0,0,100,100,0
156,624,594,89,594,3,right+B,0.03256627544760704,0.23007000982761383,0.09242961555719376,0.6181157231330872,0.026818333193659782,1.064093828201294,0.0,524.0,101,2,369,0,0,0,100,100,0
157,628,594,79,594,2,right+A,0.03267066925764084,0.2309776246547699,0.09599023312330246,0.6132615804672241,0.027099817991256714,1.0728567838668823,0.0,524.0,102,2,369,0,0,0,100,100,0
158,632,594,79,594,0,NOOP,0.031686291098594666,0.2265779972076416,0.0913623794913292,0.6246238946914673,0.025749357417225838,1.05256986618042,0.0,524.0,103,2,369,0,0,0,100,100,0
159,636,594,79,594,3,right+B,0.03078959695994854,0.2243851125240326,0.0923025980591774,0.6265413761138916,0.025981377810239792,1.0501878261566162,0.0,524.0,104,2,369,0,0,0,100,100,0
160,640,594,79,594,3,right+B,0.03264961764216423,0.2347472608089447,0.10007193684577942,0.6043748259544373,0.028156287968158722,1.0871400833129883,-1.0,523.0,105,2,368,0,0,0,100,100,0
161,644,594,79,594,3,right+B,0.031648892909288406,0.23008514940738678,0.09394698590040207,0.6171589493751526,0.02715994603931904,1.0653352737426758,0.0,523.0,106,2,368,0,0,0,100,100,0
162,648,594,79,594,3,right+B,0.03162660822272301,0.2296629399061203,0.09801226854324341,0.6129546165466309,0.027743568643927574,1.0742202997207642,0.0,523.0,107,2,368,0,0,0,100,100,0
163,652,594,79,594,3,right+B,0.031868886202573776,0.22941835224628448,0.09680638462305069,0.6143615245819092,0.02754487469792366,1.071861743927002,0.0,523.0,108,2,368,0,0,0,100,100,0
164,656,594,93,594,2,right+A,0.029382139444351196,0.22010980546474457,0.0931340679526329,0.6310979127883911,0.026276137679815292,1.0439921617507935,0.0,523.0,109,2,368,0,0,0,100,100,0
165,660,594,108,594,3,right+B,0.03104604035615921,0.22693412005901337,0.10155870765447617,0.6112173795700073,0.02924370765686035,1.0808377265930176,-1.0,522.0,110,2,367,0,0,0,100,100,0
166,664,594,112,594,3,right+B,0.03303096815943718,0.23607483506202698,0.11590097099542618,0.5823180079460144,0.03267518803477287,1.1298818588256836,0.0,522.0,111,2,367,0,0,0,100,100,0
167,668,594,106,594,1,right,0.03204585611820221,0.23207737505435944,0.11295083165168762,0.5922616720199585,0.030664298683404922,1.1126571893692017,0.0,522.0,112,2,367,0,0,0,100,100,0
168,672,594,89,594,3,right+B,0.029571756720542908,0.22030386328697205,0.09889516234397888,0.6236833930015564,0.027545880526304245,1.0595884323120117,0.0,522.0,113,2,367,0,0,0,100,100,0
169,676,594,79,594,3,right+B,0.030883776023983955,0.22729086875915527,0.10418833792209625,0.6088595390319824,0.028777483850717545,1.0839674472808838,0.0,522.0,114,2,367,0,0,0,100,100,0
170,680,594,79,594,3,right+B,0.03208943083882332,0.2318357229232788,0.10688413679599762,0.5995595455169678,0.029631102457642555,1.0992176532745361,-1.0,521.0,115,2,366,0,0,0,100,100,0
171,684,594,79,594,1,right,0.03145797550678253,0.22834645211696625,0.10622166097164154,0.6045584678649902,0.029415380209684372,1.0922062397003174,0.0,521.0,116,2,366,0,0,0,100,100,0
172,688,594,79,594,3,right+B,0.03157820925116539,0.22716757655143738,0.10178173333406448,0.610931932926178,0.028540508821606636,1.080904245376587,0.0,521.0,117,2,366,0,0,0,100,100,0
173,692,594,79,594,3,right+B,0.03308340907096863,0.23481835424900055,0.10646794736385345,0.5956339836120605,0.029996221885085106,1.1052918434143066,0.0,521.0,118,2,366,0,0,0,100,100,0
174,696,594,93,594,2,right+A,0.03170090168714523,0.2288326919078827,0.09882527589797974,0.6121019124984741,0.02853929065167904,1.0775620937347412,0.0,521.0,119,2,366,0,0,0,100,100,0
175,700,594,108,594,3,right+B,0.0313139408826828,0.22808700799942017,0.09735355526208878,0.6147822737693787,0.028463201597332954,1.0727449655532837,-1.0,520.0,120,2,365,0,0,0,100,100,0
176,704,594,112,594,3,right+B,0.02958851121366024,0.2189425677061081,0.09088242053985596,0.6339461207389832,0.026640359312295914,1.0402047634124756,0.0,520.0,121,2,365,0,0,0,100,100,0
177,708,594,106,594,3,right+B,0.030107391998171806,0.21910935640335083,0.09196832031011581,0.6324262619018555,0.026388684287667274,1.0432696342468262,0.0,520.0,122,2,365,0,0,0,100,100,0
178,712,594,89,594,1,right,0.02961139939725399,0.22289930284023285,0.09206846356391907,0.6296756267547607,0.0257452130317688,1.0438750982284546,0.0,520.0,123,2,365,0,0,0,100,100,0
179,716,594,79,594,3,right+B,0.030202189460396767,0.2232811450958252,0.08834777772426605,0.63297438621521,0.02519448846578598,1.0370664596557617,0.0,520.0,124,2,365,0,0,0,100,100,0
180,720,594,79,594,0,NOOP,0.029928188771009445,0.215892493724823,0.08060288429260254,0.6501862406730652,0.023390162736177444,1.0066934823989868,-1.0,519.0,125,2,364,0,0,0,100,100,0
181,724,594,79,594,3,right+B,0.02990706078708172,0.21477654576301575,0.08094583451747894,0.651062548160553,0.023308048024773598,1.0058367252349854,0.0,519.0,126,2,364,0,0,0,100,100,0
182,728,594,79,594,1,right,0.03292969986796379,0.23030896484851837,0.09628038853406906,0.6134223937988281,0.027058623731136322,1.0733708143234253,0.0,519.0,127,2,364,0,0,0,100,100,0
183,732,594,79,594,3,right+B,0.0335317961871624,0.23411698639392853,0.10115987807512283,0.6031741499900818,0.028017211705446243,1.0906283855438232,0.0,519.0,128,2,364,0,0,0,100,100,0
184,736,594,79,594,1,right,0.034193385392427444,0.23632465302944183,0.10286816209554672,0.5976501703262329,0.028963685035705566,1.1005122661590576,0.0,519.0,129,2,364,0,0,0,100,100,0
185,740,594,79,594,3,right+B,0.03307252749800682,0.23027479648590088,0.10175476968288422,0.6063907146453857,0.028507201001048088,1.088181734085083,-1.0,518.0,130,2,363,0,0,0,100,100,0
186,744,594,79,594,3,right+B,0.0340617299079895,0.23278222978115082,0.10887350142002106,0.5936011672019958,0.03068135492503643,1.1123524904251099,0.0,518.0,131,2,363,0,0,0,100,100,0
187,748,594,79,594,3,right+B,0.03240226209163666,0.2258036732673645,0.09850198775529861,0.615768313407898,0.02752375230193138,1.0728977918624878,0.0,518.0,132,2,363,0,0,0,100,100,0
188,752,594,79,594,3,right+B,0.031866103410720825,0.2239498496055603,0.08842077106237411,0.6302995085716248,0.02546372264623642,1.043784260749817,0.0,518.0,133,2,363,0,0,0,100,100,0
189,756,594,79,594,1,right,0.031239628791809082,0.21788626909255981,0.08421012759208679,0.6423415541648865,0.02432246506214142,1.0233765840530396,0.0,518.0,134,2,363,0,0,0,100,100,0
190,760,594,93,594,2,right+A,0.03031792864203453,0.21444274485111237,0.08228162676095963,0.6492584943771362,0.023699281737208366,1.0107998847961426,-1.0,517.0,135,2,362,0,0,0,100,100,0
191,764,594,108,594,3,right+B,0.028756525367498398,0.20928357541561127,0.07758934050798416,0.6616846323013306,0.022685976698994637,0.9868731498718262,0.0,517.0,136,2,362,0,0,0,100,100,0
192,768,594,112,594,3,right+B,0.027475208044052124,0.20536242425441742,0.07560642063617706,0.6694931387901306,0.022062769159674644,0.9718432426452637,0.0,517.0,137,2,362,0,0,0,100,100,0
193,772,594,106,594,1,right,0.0279366597533226,0.20896609127521515,0.076804518699646,0.6640930771827698,0.02219962701201439,0.9805884957313538,0.0,517.0,138,2,362,0,0,0,100,100,0
194,776,594,89,594,3,right+B,0.027673019096255302,0.2089601308107376,0.07918661087751389,0.6612018942832947,0.02297837659716606,0.9874736070632935,0.0,517.0,139,2,362,0,0,0,100,100,0
195,780,594,79,594,1,right,0.029469190165400505,0.21663813292980194,0.08730271458625793,0.6411629915237427,0.025426916778087616,1.0264370441436768,-1.0,516.0,140,2,361,0,0,0,100,100,0
196,784,594,79,594,3,right+B,0.029605867341160774,0.21614579856395721,0.08584757149219513,0.6435979008674622,0.024802884086966515,1.0213829278945923,0.0,516.0,141,2,361,0,0,0,100,100,0
197,788,594,79,594,3,right+B,0.03053305298089981,0.2199515551328659,0.08869078010320663,0.6349722146987915,0.02585245482623577,1.0373612642288208,0.0,516.0,142,2,361,0,0,0,100,100,0
198,792,594,79,594,3,right+B,0.030165676027536392,0.21742330491542816,0.08703841269016266,0.6395418047904968,0.02583078108727932,1.0301954746246338,0.0,516.0,143,2,361,0,0,0,100,100,0
199,796,594,79,594,3,right+B,0.030215797945857048,0.21668697893619537,0.08820498734712601,0.6386058926582336,0.026286380365490913,1.033328890800476,0.0,516.0,144,2,361,0,0,0,100,100,0
200,800,594,79,594,3,right+B,0.030241480097174644,0.21696069836616516,0.08984952419996262,0.6363986134529114,0.026549717411398888,1.037778377532959,-1.0,515.0,145,2,360,0,0,0,100,100,0
201,804,594,79,594,3,right+B,0.02982822060585022,0.21563763916492462,0.08509504050016403,0.6442957520484924,0.025143316015601158,1.0210981369018555,0.0,515.0,146,2,360,0,0,0,100,100,0
202,808,594,79,594,1,right,0.0301881842315197,0.2176322042942047,0.08723803609609604,0.6397557258605957,0.02518589049577713,1.0288095474243164,0.0,515.0,147,2,360,0,0,0,100,100,0
203,812,594,79,594,3,right+B,0.029989713802933693,0.21692721545696259,0.08956819027662277,0.6377562284469604,0.02575860358774662,1.0338963270187378,0.0,515.0,148,2,360,0,0,0,100,100,0
204,816,594,79,594,3,right+B,0.029314028099179268,0.21354542672634125,0.08762674033641815,0.6444079279899597,0.02510586567223072,1.0221798419952393,0.0,515.0,149,2,360,0,0,0,100,100,0
205,820,594,79,594,3,right+B,0.0299100112169981,0.2165619432926178,0.08711723983287811,0.6410738229751587,0.025336982682347298,1.0270482301712036,-1.0,514.0,150,2,359,0,0,0,100,100,0
206,824,594,79,594,3,right+B,0.030001351609826088,0.21629798412322998,0.08854836225509644,0.6393001675605774,0.025852160528302193,1.0315430164337158,0.0,514.0,151,2,359,0,0,0,100,100,0
207,828,594,79,594,3,right+B,0.03034796379506588,0.219465434551239,0.09012783318758011,0.6334254145622253,0.026633357629179955,1.0415865182876587,0.0,514.0,152,2,359,0,0,0,100,100,0
208,832,594,93,594,2,right+A,0.030060047283768654,0.21885216236114502,0.08706948161125183,0.6382874846458435,0.025730842724442482,1.0311492681503296,0.0,514.0,153,2,359,0,0,0,100,100,0
209,836,594,108,594,3,right+B,0.029568171128630638,0.21529944241046906,0.08571860939264297,0.6436191201210022,0.025794625282287598,1.0232913494110107,0.0,514.0,154,2,359,0,0,0,100,100,0
210,840,594,112,594,1,right,0.030402202159166336,0.21856775879859924,0.09174296259880066,0.6318453550338745,0.02744169346988201,1.0464802980422974,-1.0,513.0,155,2,358,0,0,0,100,100,0
211,844,594,106,594,3,right+B,0.030591489747166634,0.21772901713848114,0.08831567317247391,0.6372416019439697,0.02612224407494068,1.035290002822876,0.0,513.0,156,2,358,0,0,0,100,100,0
212,848,594,89,594,1,right,0.02880496345460415,0.21044142544269562,0.07960216701030731,0.6575896739959717,0.02356172539293766,0.9955676794052124,0.0,513.0,157,2,358,0,0,0,100,100,0
213,852,594,79,594,3,right+B,0.029605263844132423,0.20891617238521576,0.07963959127664566,0.6584383249282837,0.02340059168636799,0.9958580136299133,0.0,513.0,158,2,358,0,0,0,100,100,0
214,856,594,79,594,3,right+B,0.02979712188243866,0.20887920260429382,0.07885216176509857,0.6598029732704163,0.022668562829494476,0.9922869205474854,0.0,513.0,159,2,358,0,0,0,100,100,0
215,860,594,79,594,0,NOOP,0.03038816899061203,0.21177147328853607,0.07910865545272827,0.6559820771217346,0.022749677300453186,0.9982253313064575,-1.0,512.0,160,2,357,0,0,0,100,100,0
216,864,594,79,594,3,right+B,0.03058614581823349,0.214689239859581,0.08078071475028992,0.6506652235984802,0.02327866666018963,1.0073816776275635,0.0,512.0,161,2,357,0,0,0,100,100,0
217,868,594,79,594,3,right+B,0.030269937589764595,0.21324525773525238,0.07862353324890137,0.6549262404441833,0.022935083135962486,0.9991172552108765,0.0,512.0,162,2,357,0,0,0,100,100,0
218,872,594,93,594,2,right+A,0.03169133514165878,0.21994830667972565,0.08323110640048981,0.6406137943267822,0.024515425786376,1.0255924463272095,0.0,512.0,163,2,357,0,0,0,100,100,0
219,876,594,108,594,3,right+B,0.03297049179673195,0.22793228924274445,0.08807362616062164,0.6242678761482239,0.02675575204193592,1.0545496940612793,0.0,512.0,164,2,357,0,0,0,100,100,0
220,880,594,112,594,1,right,0.0337805412709713,0.23430290818214417,0.09552139788866043,0.6075411438941956,0.028854019939899445,1.0838348865509033,-1.0,511.0,165,2,356,0,0,0,100,100,0
221,884,594,106,594,3,right+B,0.03236832469701767,0.22718532383441925,0.09158284217119217,0.6218326091766357,0.027030857279896736,1.0596833229064941,0.0,511.0,166,2,356,0,0,0,100,100,0
222,888,594,89,594,1,right,0.0326790027320385,0.23003864288330078,0.09155843406915665,0.6184439659118652,0.027279922738671303,1.0641789436340332,0.0,511.0,167,2,356,0,0,0,100,100,0
223,892,594,79,594,3,right+B,0.031831786036491394,0.22813484072685242,0.09272981435060501,0.6206371188163757,0.026666488498449326,1.0600908994674683,0.0,511.0,168,2,356,0,0,0,100,100,0
224,896,594,79,594,1,right,0.03207463026046753,0.2283063381910324,0.10058043152093887,0.6115841269493103,0.027454476803541183,1.0779861211776733,0.0,511.0,169,2,356,0,0,0,100,100,0
225,900,594,79,594,3,right+B,0.032678067684173584,0.23367181420326233,0.0996546745300293,0.6063290238380432,0.027666481211781502,1.0839428901672363,-1.0,510.0,170,2,355,0,0,0,100,100,0
226,904,594,79,594,3,right+B,0.03139004483819008,0.2287890911102295,0.09703730046749115,0.6161198019981384,0.026663819327950478,1.0674948692321777,0.0,510.0,171,2,355,0,0,0,100,100,0
227,908,594,79,594,3,right+B,0.03190998360514641,0.23085947334766388,0.10000226646661758,0.6100044250488281,0.02722381427884102,1.078237533569336,0.0,510.0,172,2,355,0,0,0,100,100,0
228,912,594,79,594,1,right,0.02934448979794979,0.21974807977676392,0.09239328652620316,0.6332648992538452,0.025249283760786057,1.0387866497039795,0.0,510.0,173,2,355,0,0,0,100,100,0
229,916,594,79,594,3,right+B,0.02853146754205227,0.2162376195192337,0.08852151781320572,0.6421489119529724,0.024560529738664627,1.022708535194397,0.0,510.0,174,2,355,0,0,0,100,100,0
230,920,594,79,594,1,right,0.03190788999199867,0.23171710968017578,0.10460592806339264,0.6022802591323853,0.02948888950049877,1.094185709953308,-1.0,509.0,175,2,354,0,0,0,100,100,0
231,924,594,79,594,3,right+B,0.03239775821566582,0.23282688856124878,0.10822666436433792,0.5961704850196838,0.030378084629774094,1.1055927276611328,0.0,509.0,176,2,354,0,0,0,100,100,0
232,928,594,79,594,3,right+B,0.03077148273587227,0.22402764856815338,0.09462982416152954,0.6237159371376038,0.026855099946260452,1.05695378780365,0.0,509.0,177,2,354,0,0,0,100,100,0
233,932,594,79,594,1,right,0.030594145879149437,0.22259296476840973,0.09235361218452454,0.6276699900627136,0.02678924985229969,1.0504064559936523,0.0,509.0,178,2,354,0,0,0,100,100,0
234,936,594,79,594,1,right,0.031986068934202194,0.2305876761674881,0.10451551526784897,0.6032320261001587,0.029678726568818092,1.093746542930603,0.0,509.0,179,2,354,0,0,0,100,100,0
235,940,594,79,594,1,right,0.03296187147498131,0.23542910814285278,0.11371708661317825,0.5858432650566101,0.032048746943473816,1.1237326860427856,-1.0,508.0,180,2,353,0,0,0,100,100,0
236,944,594,79,594,3,right+B,0.03225184604525566,0.2308521419763565,0.10833360254764557,0.5985639691352844,0.02999846264719963,1.102347493171692,0.0,508.0,181,2,353,0,0,0,100,100,0
237,948,594,79,594,3,right+B,0.03236247971653938,0.23266305029392242,0.10741967707872391,0.5980629324913025,0.029491808265447617,1.1013015508651733,0.0,508.0,182,2,353,0,0,0,100,100,0
238,952,594,79,594,3,right+B,0.03238961845636368,0.23383933305740356,0.10587073862552643,0.5989129543304443,0.02898741327226162,1.0982948541641235,0.0,508.0,183,2,353,0,0,0,100,100,0
239,956,594,79,594,3,right+B,0.0312386192381382,0.22848433256149292,0.10025501996278763,0.6120321154594421,0.027989916503429413,1.0767543315887451,0.0,508.0,184,2,353,0,0,0,100,100,0
240,960,594,79,594,3,right+B,0.029695698991417885,0.22133834660053253,0.09095244109630585,0.6326856017112732,0.02532789669930935,1.0390088558197021,-1.0,507.0,185,2,352,0,0,0,100,100,0
241,964,594,79,594,3,right+B,0.028964046388864517,0.21492068469524384,0.08350849896669388,0.6488865613937378,0.023720217868685722,1.0097442865371704,0.0,507.0,186,2,352,0,0,0,100,100,0
242,968,594,79,594,3,right+B,0.030207185074687004,0.22074240446090698,0.08776301145553589,0.636398434638977,0.024889038875699043,1.0322726964950562,0.0,507.0,187,2,352,0,0,0,100,100,0
243,972,594,79,594,1,right,0.030034391209483147,0.22318962216377258,0.08759862184524536,0.634199321269989,0.024978000670671463,1.034281611442566,0.0,507.0,188,2,352,0,0,0,100,100,0
244,976,594,79,594,3,right+B,0.02989782951772213,0.21898582577705383,0.08083166927099228,0.6461325883865356,0.0241521205753088,1.0129741430282593,0.0,507.0,189,2,352,0,0,0,100,100,0
245,980,594,79,594,3,right+B,0.030242543667554855,0.21514326333999634,0.07881085574626923,0.6520140767097473,0.023789161816239357,1.0043915510177612,-1.0,506.0,190,2,351,0,0,0,100,100,0
246,984,594,79,594,1,right,0.031457290053367615,0.22138115763664246,0.08590825647115707,0.6357114315032959,0.025541897863149643,1.0351455211639404,0.0,506.0,191,2,351,0,0,0,100,100,0
247,988,594,79,594,3,right+B,0.033685680478811264,0.23341935873031616,0.09925498813390732,0.60560142993927,0.028038620948791504,1.0870530605316162,0.0,506.0,192,2,351,0,0,0,100,100,0
248,992,594,79,594,3,right+B,0.034712206572294235,0.23768800497055054,0.10196848213672638,0.5968801379203796,0.028751147910952568,1.1010222434997559,0.0,506.0,193,2,351,0,0,0,100,100,0
249,996,594,79,594,3,right+B,0.03359762579202652,0.23259569704532623,0.10196827352046967,0.6035148501396179,0.028323570266366005,1.091752529144287,0.0,506.0,194,2,351,0,0,0,100,100,0
250,1000,594,79,594,1,right,0.03387151286005974,0.23428425192832947,0.1117824837565422,0.5899322032928467,0.030129536986351013,1.1164536476135254,-1.0,505.0,195,2,350,0,0,0,100,100,0
251,1004,594,79,594,3,right+B,0.033537477254867554,0.23198933899402618,0.10781030356884003,0.5977268218994141,0.028936047106981277,1.1030625104904175,0.0,505.0,196,2,350,0,0,0,100,100,0
252,1008,594,79,594,1,right,0.03155101090669632,0.22468140721321106,0.09191861003637314,0.6264984607696533,0.025350525975227356,1.0500248670578003,0.0,505.0,197,2,350,0,0,0,100,100,0
253,1012,594,79,594,1,right,0.03195032477378845,0.2238370180130005,0.08762029558420181,0.6317579746246338,0.02483445033431053,1.0403141975402832,0.0,505.0,198,2,350,0,0,0,100,100,0
254,1016,594,79,594,3,right+B,0.03044256381690502,0.21391208469867706,0.08088899403810501,0.651271641254425,0.023484719917178154,1.0069901943206787,0.0,505.0,199,2,350,0,0,0,100,100,0
255,1020,594,79,594,3,right+B,0.02951367013156414,0.21068556606769562,0.07772750407457352,0.6592860221862793,0.022787243127822876,0.9914798736572266,-1.0,504.0,200,2,349,0,0,0,100,100,0
256,1024,594,79,594,3,right+B,0.027679400518536568,0.20245477557182312,0.07124895602464676,0.6772726774215698,0.021344110369682312,0.9568966031074524,0.0,504.0,201,2,349,0,0,0,100,100,0
257,1028,594,79,594,3,right+B,0.02779410034418106,0.20592795312404633,0.07205813378095627,0.672718346118927,0.021501440554857254,0.9637733697891235,0.0,504.0,202,2,349,0,0,0,100,100,0
258,1032,594,79,594,3,right+B,0.027846788987517357,0.20666521787643433,0.07483649998903275,0.6685970425605774,0.0220545195043087,0.9728508591651917,0.0,504.0,203,2,349,0,0,0,100,100,0
259,1036,594,79,594,1,right,0.02932007797062397,0.21506696939468384,0.08190753310918808,0.6495273113250732,0.024178115651011467,1.0092229843139648,0.0,504.0,204,2,349,0,0,0,100,100,0
260,1040,594,79,594,1,right,0.029068129137158394,0.21501879394054413,0.08441299200057983,0.6466577053070068,0.024842454120516777,1.0157092809677124,-1.0,503.0,205,2,348,0,0,0,100,100,0
261,1044,594,79,594,1,right,0.02991417422890663,0.2194756269454956,0.0889868438243866,0.6355819702148438,0.0260413009673357,1.0361576080322266,0.0,503.0,206,2,348,0,0,0,100,100,0
262,1048,594,79,594,1,right,0.02980959415435791,0.21966879069805145,0.09120626002550125,0.633152186870575,0.0261631291359663,1.040763258934021,0.0,503.0,207,2,348,0,0,0,100,100,0
263,1052,594,79,594,3,right+B,0.029378172010183334,0.21611206233501434,0.08962741494178772,0.6391445994377136,0.025737706571817398,1.0311875343322754,0.0,503.0,208,2,348,0,0,0,100,100,0
264,1056,594,79,594,3,right+B,0.029314856976270676,0.21405668556690216,0.09089230000972748,0.6398162245750427,0.02591993473470211,1.0318140983581543,0.0,503.0,209,2,348,0,0,0,100,100,0
265,1060,594,79,594,3,right+B,0.02894301898777485,0.21374714374542236,0.08920096606016159,0.6423463821411133,0.025762492790818214,1.0264997482299805,-1.0,502.0,210,2,347,0,0,0,100,100,0
266,1064,594,79,594,3,right+B,0.029285868629813194,0.21526633203029633,0.08613216131925583,0.6442731618881226,0.02504248544573784,1.0207858085632324,0.0,502.0,211,2,347,0,0,0,100,100,0
267,1068,594,93,594,2,right+A,0.029457956552505493,0.2148141860961914,0.08660726249217987,0.6436830163002014,0.025437606498599052,1.0230556726455688,0.0,502.0,212,2,347,0,0,0,100,100,0
268,1072,594,108,594,3,right+B,0.029856001958251,0.2158331722021103,0.08962751924991608,0.6380949020385742,0.02658836916089058,1.035070538520813,0.0,502.0,213,2,347,0,0,0,100,100,0
269,1076,594,112,594,3,right+B,0.030397918075323105,0.21779437363147736,0.09229158610105515,0.631452739238739,0.028063368052244186,1.048644781112671,0.0,502.0,214,2,347,0,0,0,100,100,0
270,1080,594,106,594,1,right,0.03058503195643425,0.2186770737171173,0.09409654140472412,0.628558874130249,0.02808246947824955,1.0536562204360962,-1.0,501.0,215,2,346,0,0,0,100,100,0
271,1084,594,89,594,3,right+B,0.029979122802615166,0.21823237836360931,0.09184369444847107,0.6324736475944519,0.027471160516142845,1.0451239347457886,0.0,501.0,216,2,346,0,0,0,100,100,0
272,1088,594,79,594,3,right+B,0.03069422021508217,0.2208920568227768,0.09363306313753128,0.6272293329238892,0.02755129337310791,1.0537745952606201,0.0,501.0,217,2,346,0,0,0,100,100,0
273,1092,594,79,594,1,right,0.0295451320707798,0.21310743689537048,0.08630236983299255,0.645892858505249,0.025152141228318214,1.0199048519134521,0.0,501.0,218,2,346,0,0,0,100,100,0
274,1096,594,79,594,1,right,0.029702693223953247,0.21581338346004486,0.08937437832355499,0.6399568319320679,0.025152742862701416,1.029477596282959,0.0,501.0,219,2,346,0,0,0,100,100,0
275,1100,594,79,594,3,right+B,0.030422335490584373,0.21708498895168304,0.08751346170902252,0.639951765537262,0.025027407333254814,1.028968095779419,-1.0,500.0,220,2,345,0,0,0,100,100,0
276,1104,594,79,594,1,right,0.028540728613734245,0.20855501294136047,0.07916509360074997,0.6611762046813965,0.022562935948371887,0.9883017539978027,0.0,500.0,221,2,345,0,0,0,100,100,0
277,1108,594,79,594,3,right+B,0.02864145301282406,0.20734469592571259,0.07721684873104095,0.664390504360199,0.02240648865699768,0.9825221300125122,0.0,500.0,222,2,345,0,0,0,100,100,0
278,1112,594,79,594,3,right+B,0.028803277760744095,0.20723989605903625,0.07474935799837112,0.6672083139419556,0.021999215707182884,0.976167619228363,0.0,500.0,223,2,345,0,0,0,100,100,0
279,1116,594,79,594,1,right,0.030058937147259712,0.21029266715049744,0.07745856791734695,0.6591783165931702,0.02301151119172573,0.9928981065750122,0.0,500.0,224,2,345,0,0,0,100,100,0
280,1120,594,79,594,3,right+B,0.03026319108903408,0.21256564557552338,0.07765983045101166,0.6561142206192017,0.023397155106067657,0.9978268146514893,-1.0,499.0,225,2,344,0,0,0,100,100,0
281,1124,594,79,594,3,right+B,0.029473070055246353,0.2090415209531784,0.076736219227314,0.6620354652404785,0.02271360717713833,0.9870924353599548,0.0,499.0,226,2,344,0,0,0,100,100,0
282,1128,594,79,594,3,right+B,0.03143022581934929,0.21811024844646454,0.08163245767354965,0.6443939805030823,0.024433081969618797,1.0192759037017822,0.0,499.0,227,2,344,0,0,0,100,100,0
283,1132,594,79,594,3,right+B,0.03259808197617531,0.2254084199666977,0.08738075196743011,0.628252387046814,0.026360411196947098,1.0482747554779053,0.0,499.0,228,2,344,0,0,0,100,100,0
284,1136,594,93,594,2,right+A,0.03365957364439964,0.2321498543024063,0.09378241002559662,0.612214982509613,0.028193099424242973,1.0761510133743286,0.0,499.0,229,2,344,0,0,0,100,100,0
285,1140,594,108,594,3,right+B,0.03327926620841026,0.23183684051036835,0.09249284118413925,0.6147664785385132,0.027624497190117836,1.0705524682998657,-1.0,498.0,230,2,343,0,0,0,100,100,0
286,1144,594,112,594,1,right,0.033248770982027054,0.23331497609615326,0.09601406753063202,0.6094213724136353,0.02800082601606846,1.0796453952789307,0.0,498.0,231,2,343,0,0,0,100,100,0
287,1148,594,106,594,3,right+B,0.03220300376415253,0.23110617697238922,0.0975121483206749,0.6116856336593628,0.02749296836555004,1.0756397247314453,0.0,498.0,232,2,343,0,0,0,100,100,0
288,1152,594,89,594,3,right+B,0.0307795200496912,0.22671286761760712,0.09913444519042969,0.6161763072013855,0.02719685807824135,1.0691273212432861,0.0,498.0,233,2,343,0,0,0,100,100,0
289,1156,594,79,594,4,right+A+B,0.032756976783275604,0.2370029240846634,0.1094856783747673,0.5912156701087952,0.02953871712088585,1.1101360321044922,0.0,498.0,234,2,343,0,0,0,100,100,0
290,1160,594,79,594,3,right+B,0.030711980536580086,0.22509607672691345,0.0959235429763794,0.6217701435089111,0.02649831213057041,1.0591695308685303,-1.0,497.0,235,2,342,0,0,0,100,100,0
291,1164,594,79,594,0,NOOP,0.030224060639739037,0.22277356684207916,0.09472685307264328,0.6262551546096802,0.026020290330052376,1.0515530109405518,0.0,497.0,236,2,342,0,0,0,100,100,0
292,1168,594,79,594,3,right+B,0.031158186495304108,0.2267540544271469,0.09383886307477951,0.6215391159057617,0.026709791272878647,1.058933973312378,0.0,497.0,237,2,342,0,0,0,100,100,0
293,1172,594,79,594,1,right,0.028864650055766106,0.21697087585926056,0.08850544691085815,0.6404361724853516,0.025222809985280037,1.0266594886779785,0.0,497.0,238,2,342,0,0,0,100,100,0
294,1176,594,79,594,3,right+B,0.030765347182750702,0.22485871613025665,0.09802686423063278,0.6182317733764648,0.028117239475250244,1.0680465698242188,0.0,497.0,239,2,342,0,0,0,100,100,0
295,1180,594,93,594,2,right+A,0.03322693333029747,0.23623332381248474,0.1104288250207901,0.5885996222496033,0.03151122108101845,1.1182143688201904,-1.0,496.0,240,2,341,0,0,0,100,100,0
296,1184,594,109,594,2,right+A,0.0319431833922863,0.23024500906467438,0.10435355454683304,0.6036958694458008,0.029762355610728264,1.093258261680603,0.0,496.0,241,2,341,0,0,0,100,100,0
297,1188,594,122,594,4,right+A+B,0.031055692583322525,0.22553259134292603,0.10246411710977554,0.6111742258071899,0.029773345217108727,1.0826996564865112,0.0,496.0,242,2,341,0,0,0,100,100,0
298,1192,595,130,595,3,right+B,0.0323118232190609,0.2337179034948349,0.11415286362171173,0.5881631970405579,0.03165420517325401,1.1198492050170898,1.0,497.0,0,2,341,0,0,0,100,100,0
299,1196,598,129,598,3,right+B,0.03203070908784866,0.23518876731395721,0.11638357490301132,0.5847119688987732,0.0316849984228611,1.1241003274917603,3.0,500.0,0,2,341,0,0,0,100,100,0
300,1200,601,127,601,3,right+B,0.03163284435868263,0.23139286041259766,0.11739122122526169,0.5880396366119385,0.031543344259262085,1.1206541061401367,2.0,502.0,0,2,340,0,0,0,100,100,0
301,1204,607,127,607,3,right+B,0.030924443155527115,0.22685830295085907,0.11179161816835403,0.6001878976821899,0.030237723141908646,1.1011719703674316,6.0,508.0,0,2,340,0,0,0,100,100,0
302,1208,614,127,614,3,right+B,0.030200986191630363,0.22212596237659454,0.15368928015232086,0.5567415356636047,0.037242256104946136,1.1763200759887695,7.0,515.0,0,2,340,0,0,0,100,100,0
303,1212,623,145,623,2,right+A,0.028787557035684586,0.1954791396856308,0.2317514270544052,0.49736931920051575,0.04661256819963455,1.2503377199172974,9.0,524.0,0,2,340,0,0,0,100,100,0
304,1216,634,165,634,2,right+A,0.018646180629730225,0.08323854207992554,0.7132118344306946,0.0805777758359909,0.10432564467191696,0.9609734416007996,11.0,535.0,0,2,340,0,0,0,100,100,0
305,1220,646,181,646,2,right+A,0.01915287971496582,0.06390713900327682,0.7447861433029175,0.04936399683356285,0.1227899044752121,0.8770162463188171,11.0,546.0,0,2,339,0,0,0,100,100,0
306,1224,658,195,658,2,right+A,0.03175933286547661,0.10202323645353317,0.5988181829452515,0.08037453144788742,0.18702469766139984,1.1656804084777832,12.0,558.0,0,2,339,0,0,0,100,100,0
307,1228,670,202,670,3,right+B,0.054696276783943176,0.22286175191402435,0.26833996176719666,0.29978570342063904,0.1543162763118744,1.4960341453552246,12.0,570.0,0,2,339,0,0,0,100,100,0
308,1232,682,198,682,1,right,0.0372486412525177,0.19856008887290955,0.11984439939260483,0.581159234046936,0.0631876215338707,1.187730073928833,12.0,582.0,0,2,339,0,0,0,100,100,0
309,1236,694,181,694,1,right,0.04507442191243172,0.19030718505382538,0.32160794734954834,0.282657265663147,0.16035322844982147,1.4709361791610718,12.0,594.0,0,2,339,0,0,0,100,100,0
310,1240,706,161,706,3,right+B,0.04453487694263458,0.15015630424022675,0.4373599588871002,0.16823816299438477,0.19971071183681488,1.406548261642456,11.0,605.0,0,2,338,0,0,0,100,100,0
311,1244,718,141,718,4,right+A+B,0.05040057376027107,0.16542544960975647,0.4269036054611206,0.16829431056976318,0.18897607922554016,1.4263699054718018,12.0,617.0,0,2,338,0,0,0,100,100,0
312,1248,722,121,723,2,right+A,0.061440497636795044,0.2215603142976761,0.3223390281200409,0.2580045461654663,0.13665564358234406,1.4917645454406738,5.0,622.0,0,2,338,0,0,0,100,100,0
313,1252,722,101,723,2,right+A,0.06461276113986969,0.26374468207359314,0.17529328167438507,0.4126916825771332,0.08365756273269653,1.4065568447113037,0.0,622.0,1,2,338,0,0,0,100,100,0
314,1256,722,81,723,3,right+B,0.06155698746442795,0.26702311635017395,0.13659290969371796,0.4680349826812744,0.06679200381040573,1.332201600074768,0.0,622.0,2,2,338,0,0,0,100,100,0
315,1260,722,93,723,2,right+A,0.06098366528749466,0.2643730342388153,0.12089154124259949,0.4915545880794525,0.06219722703099251,1.2995706796646118,-1.0,621.0,3,2,337,0,0,0,100,100,0
316,1264,722,108,723,1,right,0.0659450888633728,0.2782960534095764,0.1240013912320137,0.46295616030693054,0.06880132108926773,1.334790587425232,0.0,621.0,4,2,337,0,0,0,100,100,0
317,1268,722,112,723,3,right+B,0.06813213229179382,0.28419172763824463,0.1327168047428131,0.4433187246322632,0.07164057344198227,1.358069658279419,0.0,621.0,5,2,337,0,0,0,100,100,0
318,1272,722,106,723,1,right,0.069192074239254,0.28609123826026917,0.1361679583787918,0.43536701798439026,0.07318174093961716,1.3677235841751099,0.0,621.0,6,2,337,0,0,0,100,100,0
319,1276,722,89,723,1,right,0.06951410323381424,0.287374883890152,0.13600224256515503,0.43424898386001587,0.07285986840724945,1.3680825233459473,0.0,621.0,7,2,337,0,0,0,100,100,0
320,1280,722,79,723,3,right+B,0.07132157683372498,0.29312586784362793,0.14609426259994507,0.4144524037837982,0.07500588893890381,1.3883795738220215,-1.0,620.0,8,2,336,0,0,0,100,100,0
321,1284,722,79,723,3,right+B,0.06940494477748871,0.29208046197891235,0.1401083767414093,0.42731043696403503,0.0710957795381546,1.3712660074234009,0.0,620.0,9,2,336,0,0,0,100,100,0
322,1288,722,79,723,3,right+B,0.06942398101091385,0.28920984268188477,0.1391669511795044,0.43250876665115356,0.06969049572944641,1.3665754795074463,0.0,620.0,10,2,336,0,0,0,100,100,0
323,1292,722,93,723,4,right+A+B,0.07043414562940598,0.2928740680217743,0.1459079384803772,0.42028000950813293,0.07050390541553497,1.3786563873291016,0.0,620.0,11,2,336,0,0,0,100,100,0
324,1296,722,108,723,3,right+B,0.06937626004219055,0.2873741388320923,0.14231328666210175,0.4317164421081543,0.06921989470720291,1.3684144020080566,0.0,620.0,12,2,336,0,0,0,100,100,0
325,1300,722,112,723,2,right+A,0.06658775359392166,0.28562843799591064,0.14290399849414825,0.4351789951324463,0.06970076262950897,1.364062786102295,-1.0,619.0,13,2,335,0,0,0,100,100,0
326,1304,722,106,723,1,right,0.066717229783535,0.28413742780685425,0.14441107213497162,0.4342877268791199,0.07044658809900284,1.3667056560516357,0.0,619.0,14,2,335,0,0,0,100,100,0
327,1308,722,89,723,3,right+B,0.06281367689371109,0.2758590579032898,0.13564807176589966,0.4586091935634613,0.06707001477479935,1.3388307094573975,0.0,619.0,15,2,335,0,0,0,100,100,0
328,1312,722,101,723,3,right+B,0.06229129061102867,0.27496713399887085,0.12618985772132874,0.47164997458457947,0.06490170955657959,1.3210885524749756,0.0,619.0,16,2,335,0,0,0,100,100,0
329,1316,722,103,723,3,right+B,0.06129178777337074,0.2725774049758911,0.12799210846424103,0.47112780809402466,0.06701081991195679,1.324269413948059,1.0,620.0,17,2,335,0,0,0,200,200,0
330,1320,722,94,723,1,right,0.06634920090436935,0.2786028981208801,0.1529797613620758,0.42575913667678833,0.07630891352891922,1.38313889503479,-1.0,619.0,18,2,334,0,0,0,200,200,0
331,1324,722,79,723,4,right+A+B,0.06278522312641144,0.2710537314414978,0.1480949968099594,0.4442153573036194,0.07385072112083435,1.3633726835250854,0.0,619.0,19,2,334,0,0,0,200,200,0
332,1328,722,79,723,3,right+B,0.06228038668632507,0.27240273356437683,0.13939514756202698,0.45756804943084717,0.06835369765758514,1.3429571390151978,0.0,619.0,20,2,334,0,0,0,200,200,0
333,1332,722,93,723,4,right+A+B,0.06384538859128952,0.2734052836894989,0.14083637297153473,0.4538078010082245,0.06810519844293594,1.3477941751480103,0.0,619.0,21,2,334,0,0,0,200,200,0
334,1336,722,109,723,4,right+A+B,0.0656411349773407,0.2777264714241028,0.14080096781253815,0.446138471364975,0.0696929395198822,1.3563328981399536,0.0,619.0,22,2,334,0,0,0,200,200,0
335,1340,722,121,723,3,right+B,0.06351165473461151,0.27579349279403687,0.13601765036582947,0.45806747674942017,0.06660979986190796,1.339744210243225,-1.0,618.0,23,2,333,0,0,0,200,200,0
336,1344,722,122,723,3,right+B,0.0649222582578659,0.2784252166748047,0.14798904955387115,0.43635115027427673,0.07231230288743973,1.368097186088562,0.0,618.0,24,2,333,0,0,0,200,200,0
337,1348,722,113,723,1,right,0.06406968832015991,0.27920830249786377,0.14652052521705627,0.4380263388156891,0.07217518240213394,1.3649730682373047,0.0,618.0,25,2,333,0,0,0,200,200,0
338,1352,722,94,723,3,right+B,0.06122743338346481,0.2731955051422119,0.1297343373298645,0.470996618270874,0.06484601646661758,1.322476863861084,0.0,618.0,26,2,333,0,0,0,200,200,0
339,1356,722,79,723,1,right,0.06007273495197296,0.2692470848560333,0.12488735467195511,0.4811537265777588,0.06463911384344101,1.311070203781128,0.0,618.0,27,2,333,0,0,0,200,200,0
340,1360,722,79,723,1,right,0.059160422533750534,0.2684842348098755,0.118349589407444,0.49359264969825745,0.060413140803575516,1.290945291519165,-1.0,617.0,28,2,332,0,0,0,200,200,0
341,1364,722,93,723,2,right+A,0.061249930411577225,0.27303868532180786,0.12512430548667908,0.47798866033554077,0.06259845197200775,1.3118630647659302,0.0,617.0,29,2,332,0,0,0,200,200,0
342,1368,722,108,723,3,right+B,0.06113368645310402,0.2741231918334961,0.12878011167049408,0.4714476764202118,0.0645153746008873,1.3208990097045898,0.0,617.0,30,2,332,0,0,0,200,200,0
343,1372,722,112,723,1,right,0.06111660227179527,0.2720095217227936,0.1294848918914795,0.47304195165634155,0.06434697657823563,1.3202842473983765,0.0,617.0,31,2,332,0,0,0,200,200,0
344,1376,722,106,723,3,right+B,0.060110826045274734,0.26935625076293945,0.12774842977523804,0.4789183735847473,0.06386610865592957,1.3134777545928955,0.0,617.0,32,2,332,0,0,0,200,200,0
345,1380,722,89,723,3,right+B,0.059278570115566254,0.26845669746398926,0.12480829656124115,0.4854665696620941,0.06198980659246445,1.3034534454345703,-1.0,616.0,33,2,331,0,0,0,200,200,0
346,1384,722,79,723,3,right+B,0.0609709657728672,0.27272218465805054,0.128055602312088,0.47483015060424805,0.06342111527919769,1.3166627883911133,0.0,616.0,34,2,331,0,0,0,200,200,0
347,1388,722,79,723,3,right+B,0.06021256372332573,0.2717573344707489,0.12502168118953705,0.48203045129776,0.06097792834043503,1.3055323362350464,0.0,616.0,35,2,331,0,0,0,200,200,0
348,1392,722,79,723,1,right,0.06015931814908981,0.2736778259277344,0.12345793843269348,0.4820996820926666,0.060605164617300034,1.3036231994628906,0.0,616.0,36,2,331,0,0,0,200,200,0
349,1396,722,79,723,3,right+B,0.05925653502345085,0.27002477645874023,0.12191770225763321,0.488171249628067,0.06062974035739899,1.2975497245788574,0.0,616.0,37,2,331,0,0,0,200,200,0
350,1400,722,79,723,1,right,0.05971341207623482,0.2708001732826233,0.12565405666828156,0.48261624574661255,0.061216093599796295,1.305284857749939,-1.0,615.0,38,2,330,0,0,0,200,200,0
351,1404,722,79,723,1,right,0.05959761142730713,0.2705904245376587,0.12121245265007019,0.48868080973625183,0.05991869047284126,1.2961342334747314,0.0,615.0,39,2,330,0,0,0,200,200,0
352,1408,722,79,723,3,right+B,0.05832136049866676,0.2687438130378723,0.1169114038348198,0.4973384737968445,0.05868498980998993,1.2835856676101685,0.0,615.0,40,2,330,0,0,0,200,200,0
353,1412,722,79,723,3,right+B,0.05909242480993271,0.26992467045783997,0.11984625458717346,0.4907990097999573,0.06033759191632271,1.293635606765747,0.0,615.0,41,2,330,0,0,0,200,200,0
354,1416,722,93,723,2,right+A,0.05915002524852753,0.2676118314266205,0.11824533343315125,0.4945715367794037,0.060421235859394073,1.2902579307556152,0.0,615.0,42,2,330,0,0,0,200,200,0
355,1420,722,108,723,3,right+B,0.06021929904818535,0.27097654342651367,0.12356013804674149,0.48343127965927124,0.061812758445739746,1.3048348426818848,-1.0,614.0,43,2,329,0,0,0,200,200,0
356,1424,722,112,723,1,right,0.05971626192331314,0.2689742147922516,0.11858532577753067,0.49191975593566895,0.06080446019768715,1.2935740947723389,0.0,614.0,44,2,329,0,0,0,200,200,0
357,1428,722,106,723,3,right+B,0.059789422899484634,0.2676965296268463,0.12078706920146942,0.49045470356941223,0.0612722672522068,1.2970399856567383,0.0,614.0,45,2,329,0,0,0,200,200,0
358,1432,722,89,723,1,right,0.05954209342598915,0.26858893036842346,0.12007813155651093,0.49059250950813293,0.061198264360427856,1.2959082126617432,0.0,614.0,46,2,329,0,0,0,200,200,0
359,1436,722,79,723,1,right,0.06005902215838432,0.2689658999443054,0.12160084396600723,0.4877356290817261,0.06163862347602844,1.3002634048461914,0.0,614.0,47,2,329,0,0,0,200,200,0
360,1440,722,79,723,3,right+B,0.05887288600206375,0.26600003242492676,0.11663933098316193,0.4996243417263031,0.058863312005996704,1.2830432653427124,-1.0,613.0,48,2,328,0,0,0,200,200,0
361,1444,722,93,723,2,right+A,0.060144051909446716,0.27007362246513367,0.11966422200202942,0.4896767735481262,0.060441356152296066,1.295900821685791,0.0,613.0,49,2,328,0,0,0,200,200,0
362,1448,722,108,723,3,right+B,0.06004611775279045,0.27028632164001465,0.12298448383808136,0.4850946068763733,0.06158851087093353,1.3028223514556885,0.0,613.0,50,2,328,0,0,0,200,200,0
363,1452,722,112,723,3,right+B,0.06004172936081886,0.2684995234012604,0.12109332531690598,0.4885927140712738,0.061772771179676056,1.2995198965072632,0.0,613.0,51,2,328,0,0,0,200,200,0
364,1456,722,106,723,1,right,0.05999436601996422,0.26725441217422485,0.12333133071660995,0.4865122139453888,0.06290765106678009,1.3041056394577026,0.0,613.0,52,2,328,0,0,0,200,200,0
365,1460,722,89,723,0,NOOP,0.059174489229917526,0.2651020884513855,0.11975058913230896,0.49400708079338074,0.06196565181016922,1.2941278219223022,-1.0,612.0,53,2,327,0,0,0,200,200,0
366,1464,722,79,723,1,right,0.05937899276614189,0.26464253664016724,0.1180388480424881,0.49661147594451904,0.061328209936618805,1.2905035018920898,0.0,612.0,54,2,327,0,0,0,200,200,0
367,1468,722,79,723,3,right+B,0.05832107737660408,0.2619670033454895,0.11365960538387299,0.5072024464607239,0.05884983763098717,1.2748286724090576,0.0,612.0,55,2,327,0,0,0,200,200,0
368,1472,722,79,723,1,right,0.05988837778568268,0.26610344648361206,0.11835779249668121,0.49477890133857727,0.060871437191963196,1.2919962406158447,0.0,612.0,56,2,327,0,0,0,200,200,0
369,1476,722,79,723,3,right+B,0.06006938964128494,0.2664588987827301,0.12080194801092148,0.4909372925758362,0.061732541769742966,1.297852635383606,0.0,612.0,57,2,327,0,0,0,200,200,0
370,1480,722,79,723,3,right+B,0.06036442890763283,0.2684890627861023,0.12257517874240875,0.48719850182533264,0.06137283518910408,1.3014168739318848,-1.0,611.0,58,2,326,0,0,0,200,200,0
371,1484,722,79,723,1,right,0.0607263557612896,0.26902586221694946,0.12356706708669662,0.4851733148097992,0.06150743365287781,1.3041300773620605,0.0,611.0,59,2,326,0,0,0,200,200,0
372,1488,722,79,723,3,right+B,0.06047951802611351,0.2686384618282318,0.12410081923007965,0.48500242829322815,0.06177879869937897,1.3046765327453613,0.0,611.0,60,2,326,0,0,0,200,200,0
373,1492,722,79,723,1,right,0.06073101609945297,0.2698685824871063,0.12498285621404648,0.4821658730506897,0.062251605093479156,1.30808687210083,0.0,611.0,61,2,326,0,0,0,200,200,0
374,1496,722,79,723,1,right,0.05962315574288368,0.2673565447330475,0.12153297662734985,0.49053558707237244,0.06095177307724953,1.2968592643737793,0.0,611.0,62,2,326,0,0,0,200,200,0
375,1500,722,79,723,1,right,0.05941183492541313,0.2666337788105011,0.12012194842100143,0.4932277202606201,0.06060472130775452,1.2932648658752441,-1.0,610.0,63,2,325,0,0,0,200,200,0
376,1504,722,93,723,2,right+A,0.05964457616209984,0.2674920856952667,0.12103026360273361,0.49042993783950806,0.06140318140387535,1.2972238063812256,0.0,610.0,64,2,325,0,0,0,200,200,0
377,1508,722,109,723,4,right+A+B,0.059923168271780014,0.2684754729270935,0.1235186830163002,0.4859105348587036,0.062172047793865204,1.3034327030181885,0.0,610.0,65,2,325,0,0,0,200,200,0
378,1512,722,121,723,1,right,0.059212133288383484,0.2660400867462158,0.12073719501495361,0.4926386773586273,0.061371851712465286,1.2949466705322266,0.0,610.0,66,2,325,0,0,0,200,200,0
379,1516,722,122,723,1,right,0.059935007244348526,0.268116295337677,0.12563666701316833,0.4821184277534485,0.06419356167316437,1.3102362155914307,0.0,610.0,67,2,325,0,0,0,200,200,0
380,1520,722,113,723,4,right+A+B,0.060095835477113724,0.26791587471961975,0.12478581070899963,0.4825848340988159,0.06461776793003082,1.3101603984832764,-1.0,609.0,68,2,324,0,0,0,200,200,0
381,1524,722,94,723,3,right+B,0.05938779562711716,0.2657507359981537,0.12031185626983643,0.49262651801109314,0.06192311644554138,1.295686960220337,0.0,609.0,69,2,324,0,0,0,200,200,0
382,1528,722,79,723,3,right+B,0.05919097363948822,0.26517894864082336,0.1213035136461258,0.4920154809951782,0.0623110793530941,1.2971136569976807,0.0,609.0,70,2,324,0,0,0,200,200,0
383,1532,722,79,723,3,right+B,0.0593201108276844,0.2665001451969147,0.12091736495494843,0.4925340712070465,0.06072826310992241,1.2943675518035889,0.0,609.0,71,2,324,0,0,0,200,200,0
384,1536,722,79,723,3,right+B,0.05902425944805145,0.26583045721054077,0.11997450143098831,0.4954740107059479,0.059696756303310394,1.2898238897323608,0.0,609.0,72,2,324,0,0,0,200,200,0
385,1540,722,79,723,1,right,0.05990752577781677,0.26815924048423767,0.12336181104183197,0.48678261041641235,0.061788830906152725,1.3022074699401855,-1.0,608.0,73,2,323,0,0,0,200,200,0
386,1544,722,79,723,1,right,0.059713780879974365,0.2680646479129791,0.12256553024053574,0.4882914125919342,0.06136462837457657,1.2997698783874512,0.0,608.0,74,2,323,0,0,0,200,200,0
387,1548,722,79,723,1,right,0.059285786002874374,0.26652562618255615,0.11942362040281296,0.4942406415939331,0.06052433326840401,1.2917734384536743,0.0,608.0,75,2,323,0,0,0,200,200,0
388,1552,722,79,723,3,right+B,0.0594036765396595,0.26716968417167664,0.11960674077272415,0.492943674325943,0.06087622046470642,1.2934163808822632,0.0,608.0,76,2,323,0,0,0,200,200,0
389,1556,722,79,723,1,right,0.05978449434041977,0.2670007348060608,0.12108047306537628,0.4907276928424835,0.06140660494565964,1.2972973585128784,0.0,608.0,77,2,323,0,0,0,200,200,0
390,1560,722,93,723,4,right+A+B,0.059318769723176956,0.2665812075138092,0.12011565268039703,0.493081271648407,0.06090317294001579,1.2936514616012573,-1.0,607.0,78,2,322,0,0,0,200,200,0
391,1564,722,108,723,3,right+B,0.05996530130505562,0.268125057220459,0.12282756716012955,0.4870913326740265,0.06199076399207115,1.301990032196045,0.0,607.0,79,2,322,0,0,0,200,200,0
392,1568,722,112,723,3,right+B,0.05975351855158806,0.26766666769981384,0.12308386713266373,0.48721426725387573,0.062281593680381775,1.3022236824035645,0.0,607.0,80,2,322,0,0,0,200,200,0
393,1572,722,106,723,2,right+A,0.06002487242221832,0.2672383189201355,0.12643246352672577,0.48280468583106995,0.0634995624423027,1.3095711469650269,0.0,607.0,81,2,322,0,0,0,200,200,0
394,1576,722,89,723,3,right+B,0.05995988845825195,0.26690375804901123,0.12410037964582443,0.48627784848213196,0.06275807321071625,1.3045700788497925,0.0,607.0,82,2,322,0,0,0,200,200,0
395,1580,722,79,723,3,right+B,0.060325175523757935,0.26713845133781433,0.12369494885206223,0.48644426465034485,0.06239711865782738,1.3041799068450928,-1.0,606.0,83,2,321,0,0,0,200,200,0
396,1584,722,79,723,3,right+B,0.059047501534223557,0.2639363408088684,0.11724953353404999,0.5006811022758484,0.059085555374622345,1.2834675312042236,0.0,606.0,84,2,321,0,0,0,200,200,0
397,1588,722,79,723,3,right+B,0.06039322167634964,0.26796889305114746,0.12022816389799118,0.4907642602920532,0.06064552441239357,1.2963809967041016,0.0,606.0,85,2,321,0,0,0,200,200,0
398,1592,722,93,723,2,right+A,0.060554228723049164,0.2679947316646576,0.1218867301940918,0.48810875415802,0.06145543232560158,1.3007359504699707,0.0,606.0,86,2,321,0,0,0,200,200,0
399,1596,722,109,723,2,right+A,0.06084990128874779,0.2693868577480316,0.12313932925462723,0.48470279574394226,0.061921074986457825,1.3048663139343262,0.0,606.0,87,2,321,0,0,0,200,200,0
400,1600,722,122,723,4,right+A+B,0.060280174016952515,0.2665916085243225,0.11999654769897461,0.4918648302555084,0.061266858130693436,1.2962760925292969,-1.0,605.0,88,2,320,0,0,0,200,200,0
401,1604,722,130,723,1,right,0.06073668971657753,0.26788169145584106,0.12551213800907135,0.4814286231994629,0.06444082409143448,1.3120945692062378,0.0,605.0,89,2,320,0,0,0,200,200,0
402,1608,722,129,723,3,right+B,0.059839215129613876,0.26798078417778015,0.1248249039053917,0.48383933305740356,0.06351576745510101,1.3074893951416016,0.0,605.0,90,2,320,0,0,0,200,200,0
403,1612,722,117,723,3,right+B,0.060121774673461914,0.2693217396736145,0.12618914246559143,0.48074352741241455,0.06362386047840118,1.3109185695648193,0.0,605.0,91,2,320,0,0,0,200,200,0
404,1616,722,97,723,3,right+B,0.061517953872680664,0.270976185798645,0.12831266224384308,0.47363531589508057,0.0655578076839447,1.3214101791381836,0.0,605.0,92,2,320,0,0,0,200,200,0
405,1620,722,79,723,4,right+A+B,0.05986408144235611,0.26925012469291687,0.12517768144607544,0.4823371469974518,0.0633709654211998,1.308469295501709,-1.0,604.0,93,2,319,0,0,0,200,200,0
406,1624,722,79,723,3,right+B,0.060531944036483765,0.2708766758441925,0.12386000901460648,0.48231935501098633,0.062411993741989136,1.3070645332336426,0.0,604.0,94,2,319,0,0,0,200,200,0
407,1628,722,79,723,3,right+B,0.060739971697330475,0.26892340183258057,0.1214003711938858,0.48755884170532227,0.061377380043268204,1.3008408546447754,0.0,604.0,95,2,319,0,0,0,200,200,0
408,1632,722,93,723,4,right+A+B,0.06037616357207298,0.2696623206138611,0.12230843305587769,0.48611587285995483,0.06153712421655655,1.3021082878112793,0.0,604.0,96,2,319,0,0,0,200,200,0
409,1636,722,108,723,0,NOOP,0.060616303235292435,0.2727077603340149,0.12276677042245865,0.48247796297073364,0.06143122538924217,1.3047852516174316,0.0,604.0,97,2,319,0,0,0,200,200,0
410,1640,722,112,723,3,right+B,0.060149554163217545,0.27148327231407166,0.11989028751850128,0.4876669645309448,0.0608099028468132,1.2978315353393555,-1.0,603.0,98,2,318,0,0,0,200,200,0
411,1644,722,106,723,3,right+B,0.05978895351290703,0.27060502767562866,0.12222086638212204,0.4853583872318268,0.0620267353951931,1.302323341369629,0.0,603.0,99,2,318,0,0,0,200,200,0
412,1648,722,89,723,1,right,0.05898398533463478,0.2680610418319702,0.1199069544672966,0.49163541197776794,0.06141262501478195,1.2946138381958008,0.0,603.0,100,2,318,0,0,0,200,200,0
413,1652,722,79,723,3,right+B,0.05947882682085037,0.26881518959999084,0.12049322575330734,0.49042513966560364,0.060787543654441833,1.295638084411621,0.0,603.0,101,2,318,0,0,0,200,200,0
414,1656,722,79,723,3,right+B,0.0579838901758194,0.2656092047691345,0.11407139152288437,0.5046853423118591,0.057650163769721985,1.2744920253753662,0.0,603.0,102,2,318,0,0,0,200,200,0
415,1660,722,79,723,1,right,0.05943884328007698,0.2695543169975281,0.11841091513633728,0.49277427792549133,0.05982167646288872,1.2910263538360596,-1.0,602.0,103,2,317,0,0,0,200,200,0
416,1664,722,79,723,3,right+B,0.06031070277094841,0.2723863422870636,0.12070170044898987,0.4848651885986328,0.06173604354262352,1.301744818687439,0.0,602.0,104,2,317,0,0,0,200,200,0
417,1668,722,79,723,3,right+B,0.05940776690840721,0.2714295983314514,0.12108857929706573,0.4872749149799347,0.06079915538430214,1.297895908355713,0.0,602.0,105,2,317,0,0,0,200,200,0
418,1672,722,93,723,2,right+A,0.0598764605820179,0.27050989866256714,0.12351135909557343,0.48501691222190857,0.06108536943793297,1.3022798299789429,0.0,602.0,106,2,317,0,0,0,200,200,0
419,1676,722,108,723,3,right+B,0.061151180416345596,0.2752108871936798,0.13159407675266266,0.46829062700271606,0.06375324726104736,1.3236124515533447,0.0,602.0,107,2,317,0,0,0,200,200,0
420,1680,722,112,723,2,right+A,0.06216423586010933,0.2779148519039154,0.13690415024757385,0.457512766122818,0.06550400704145432,1.3370676040649414,-1.0,601.0,108,2,316,0,0,0,200,200,0
421,1684,722,106,723,3,right+B,0.061737060546875,0.27647486329078674,0.13567349314689636,0.46075019240379333,0.06536433100700378,1.3337182998657227,0.0,601.0,109,2,316,0,0,0,200,200,0
422,1688,722,89,723,4,right+A+B,0.060015805065631866,0.2718903124332428,0.12731875479221344,0.47825995087623596,0.06251509487628937,1.3114216327667236,0.0,601.0,110,2,316,0,0,0,200,200,0
423,1692,722,79,723,1,right,0.06177780032157898,0.27280956506729126,0.13019143044948578,0.47148260474205017,0.0637386292219162,1.3217699527740479,0.0,601.0,111,2,316,0,0,0,200,200,0
424,1696,722,93,723,4,right+A+B,0.05940122529864311,0.26711606979370117,0.12003520876169205,0.4926334023475647,0.06081407889723778,1.2938542366027832,0.0,601.0,112,2,316,0,0,0,200,200,0
425,1700,722,108,723,3,right+B,0.061340417712926865,0.2723112106323242,0.1272522211074829,0.4759266674518585,0.06316950917243958,1.3156282901763916,-1.0,600.0,113,2,315,0,0,0,200,200,0
426,1704,722,112,723,1,right,0.0620904266834259,0.27345964312553406,0.1291477382183075,0.4707048833370209,0.06459729373455048,1.3231239318847656,0.0,600.0,114,2,315,0,0,0,200,200,0
427,1708,722,106,723,3,right+B,0.06038147211074829,0.27027514576911926,0.12793834507465363,0.47703489661216736,0.06437011063098907,1.315826654434204,0.0,600.0,115,2,315,0,0,0,200,200,0
428,1712,722,89,723,3,right+B,0.06056530401110649,0.2720032334327698,0.12838850915431976,0.4744914174079895,0.06455154716968536,1.318130612373352,0.0,600.0,116,2,315,0,0,0,200,200,0
429,1716,722,79,723,4,right+A+B,0.06376014649868011,0.2763155698776245,0.14261123538017273,0.44770991802215576,0.06960320472717285,1.3539352416992188,0.0,600.0,117,2,315,0,0,0,200,200,0
430,1720,722,79,723,2,right+A,0.06343992054462433,0.27565279603004456,0.1439504474401474,0.4488404095172882,0.06811648607254028,1.3517310619354248,-1.0,599.0,118,2,314,0,0,0,200,200,0
431,1724,722,79,723,3,right+B,0.06319469958543777,0.27520951628685,0.14141888916492462,0.4530724287033081,0.06710445135831833,1.3461973667144775,0.0,599.0,119,2,314,0,0,0,200,200,0
432,1728,722,93,723,2,right+A,0.062009721994400024,0.2734070420265198,0.1338060200214386,0.46679335832595825,0.06398388743400574,1.3276358842849731,0.0,599.0,120,2,314,0,0,0,200,200,0
433,1732,722,109,723,2,right+A,0.06369669735431671,0.2774949371814728,0.1384301632642746,0.453848659992218,0.06652957201004028,1.3437013626098633,0.0,599.0,121,2,314,0,0,0,200,200,0
434,1736,722,122,723,4,right+A+B,0.061725176870822906,0.2726030945777893,0.13120241463184357,0.46944743394851685,0.065021812915802,1.3253976106643677,0.0,599.0,122,2,314,0,0,0,200,200,0
435,1740,722,130,723,1,right,0.06342723220586777,0.276797354221344,0.1425129622220993,0.4470430910587311,0.07021929323673248,1.3545488119125366,-1.0,598.0,123,2,313,0,0,0,200,200,0
436,1744,722,129,723,3,right+B,0.06419916450977325,0.2796960473060608,0.14907483756542206,0.43448546528816223,0.07254448533058167,1.3688666820526123,0.0,598.0,124,2,313,0,0,0,200,200,0
437,1748,722,117,723,2,right+A,0.062312230467796326,0.27579396963119507,0.1411302536725998,0.4523913562297821,0.06837218254804611,1.346815824508667,0.0,598.0,125,2,313,0,0,0,200,200,0
438,1752,722,97,723,4,right+A+B,0.06212287396192551,0.2722780108451843,0.1346772313117981,0.4630621671676636,0.0678597241640091,1.3359158039093018,0.0,598.0,126,2,313,0,0,0,200,200,0
439,1756,722,79,723,3,right+B,0.06006336957216263,0.27142617106437683,0.12798656523227692,0.4764026701450348,0.06412123143672943,1.315384030342102,0.0,598.0,127,2,313,0,0,0,200,200,0
440,1760,722,79,723,1,right,0.06243902072310448,0.2766205370426178,0.13432689011096954,0.46052926778793335,0.06608425080776215,1.3349485397338867,-1.0,597.0,128,2,312,0,0,0,200,200,0
441,1764,722,79,723,3,right+B,0.06101389601826668,0.272390753030777,0.12827570736408234,0.474919855594635,0.06339986622333527,1.316812515258789,0.0,597.0,129,2,312,0,0,0,200,200,0
442,1768,722,79,723,0,NOOP,0.062058258801698685,0.2731785476207733,0.13092508912086487,0.46980106830596924,0.06403706222772598,1.3240766525268555,0.0,597.0,130,2,312,0,0,0,200,200,0
443,1772,722,93,723,2,right+A,0.06066523492336273,0.2708028256893158,0.12713170051574707,0.4792657792568207,0.06213455647230148,1.3111255168914795,0.0,597.0,131,2,312,0,0,0,200,200,0
444,1776,722,109,723,4,right+A+B,0.060286447405815125,0.2715097963809967,0.12668871879577637,0.4806969463825226,0.0608181394636631,1.3074498176574707,0.0,597.0,132,2,312,0,0,0,200,200,0
445,1780,722,122,723,2,right+A,0.06046457588672638,0.27441659569740295,0.12714314460754395,0.4752785265445709,0.0626971423625946,1.3138949871063232,-1.0,596.0,133,2,311,0,0,0,200,200,0
446,1784,722,130,723,3,right+B,0.06239394471049309,0.27864477038383484,0.13472652435302734,0.45740851759910583,0.06682620197534561,1.3378002643585205,0.0,596.0,134,2,311,0,0,0,200,200,0
447,1788,722,129,723,3,right+B,0.060468703508377075,0.27557268738746643,0.12887465953826904,0.4710142910480499,0.06406964361667633,1.319553256034851,0.0,596.0,135,2,311,0,0,0,200,200,0
448,1792,722,117,723,2,right+A,0.05991407111287117,0.2716715931892395,0.1283286064863205,0.4761711359024048,0.06391464173793793,1.3152470588684082,0.0,596.0,136,2,311,0,0,0,200,200,0
449,1796,722,97,723,1,right,0.06052001938223839,0.27125227451324463,0.12913073599338531,0.4746565520763397,0.06444042921066284,1.3183649778366089,0.0,596.0,137,2,311,0,0,0,200,200,0
450,1800,722,79,723,3,right+B,0.059884827584028244,0.2729214131832123,0.12823928892612457,0.47592249512672424,0.06303203105926514,1.3139890432357788,-1.0,595.0,138,2,310,0,0,0,200,200,0
451,1804,722,79,723,3,right+B,0.05723409727215767,0.2675860822200775,0.11759892851114273,0.4989500641822815,0.058630798012018204,1.281404733657837,0.0,595.0,139,2,310,0,0,0,200,200,0
452,1808,722,79,723,3,right+B,0.05864069610834122,0.2671697735786438,0.11764203011989594,0.49744299054145813,0.05910445377230644,1.2852460145950317,0.0,595.0,140,2,310,0,0,0,200,200,0
453,1812,722,79,723,3,right+B,0.06047646701335907,0.26978474855422974,0.12224771082401276,0.48552101850509644,0.061970025300979614,1.3031986951828003,0.0,595.0,141,2,310,0,0,0,200,200,0
454,1816,722,93,723,4,right+A+B,0.06053634360432625,0.27078911662101746,0.12400191277265549,0.4831540882587433,0.06151851639151573,1.3053817749023438,0.0,595.0,142,2,310,0,0,0,200,200,0
455,1820,722,108,723,3,right+B,0.06177883967757225,0.2727297842502594,0.12611423432826996,0.47722327709198,0.062153853476047516,1.3131909370422363,-1.0,594.0,143,2,309,0,0,0,200,200,0
456,1824,722,112,723,3,right+B,0.06018157675862312,0.2686649560928345,0.12027047574520111,0.4908580482006073,0.06002495065331459,1.2951164245605469,0.0,594.0,144,2,309,0,0,0,200,200,0
457,1828,722,106,723,0,NOOP,0.06038427725434303,0.27002134919166565,0.12374855577945709,0.4837581515312195,0.06208772957324982,1.3054453134536743,0.0,594.0,145,2,309,0,0,0,200,200,0
458,1832,722,89,723,3,right+B,0.05983282998204231,0.2692178189754486,0.12189288437366486,0.4865972101688385,0.062459226697683334,1.3020349740982056,0.0,594.0,146,2,309,0,0,0,200,200,0
459,1836,722,79,723,3,right+B,0.05995368957519531,0.2682124674320221,0.12023944407701492,0.4896799921989441,0.06191439554095268,1.2982604503631592,0.0,594.0,147,2,309,0,0,0,200,200,0
460,1840,722,79,723,1,right,0.05918727442622185,0.26593664288520813,0.11588665097951889,0.49915552139282227,0.05983385816216469,1.2846448421478271,-1.0,593.0,148,2,308,0,0,0,200,200,0
461,1844,722,79,723,3,right+B,0.05955470725893974,0.2674958109855652,0.11699100583791733,0.4959544837474823,0.06000405550003052,1.2883625030517578,0.0,593.0,149,2,308,0,0,0,200,200,0
462,1848,722,79,723,3,right+B,0.05991515517234802,0.26750317215919495,0.11928801983594894,0.49198973178863525,0.06130398437380791,1.2951411008834839,0.0,593.0,150,2,308,0,0,0,200,200,0
463,1852,722,79,723,3,right+B,0.06023304536938667,0.2677553594112396,0.12060970813035965,0.4895373284816742,0.06186461076140404,1.2989872694015503,0.0,593.0,151,2,308,0,0,0,200,200,0
464,1856,722,79,723,3,right+B,0.060602836310863495,0.2681700885295868,0.12102774530649185,0.48840203881263733,0.06179726496338844,1.300455093383789,0.0,593.0,152,2,308,0,0,0,200,200,0
465,1860,722,79,723,3,right+B,0.06050409376621246,0.2676827311515808,0.12111127376556396,0.4887813925743103,0.06192059814929962,1.3003276586532593,-1.0,592.0,153,2,307,0,0,0,200,200,0
466,1864,722,79,723,1,right,0.0612490177154541,0.26913318037986755,0.1253158301115036,0.48132845759391785,0.06297343969345093,1.3106520175933838,0.0,592.0,154,2,307,0,0,0,200,200,0
467,1868,722,79,723,3,right+B,0.06099062040448189,0.2685697376728058,0.12433243542909622,0.48359745740890503,0.06250974535942078,1.3075131177902222,0.0,592.0,155,2,307,0,0,0,200,200,0
468,1872,722,93,723,2,right+A,0.05993109568953514,0.26660895347595215,0.12133925408124924,0.4912964701652527,0.06082429736852646,1.296515703201294,0.0,592.0,156,2,307,0,0,0,200,200,0
469,1876,722,108,723,1,right,0.06098197028040886,0.2713557481765747,0.1256350576877594,0.4794510006904602,0.06257616728544235,1.3109999895095825,0.0,592.0,157,2,307,0,0,0,200,200,0
470,1880,722,112,723,1,right,0.06068219617009163,0.2695857584476471,0.1248173788189888,0.48228830099105835,0.06262634694576263,1.308363914489746,-1.0,591.0,158,2,306,0,0,0,200,200,0
471,1884,722,106,723,1,right,0.05995059758424759,0.2673092484474182,0.12542758882045746,0.48426517844200134,0.06304743140935898,1.3071866035461426,0.0,591.0,159,2,306,0,0,0,200,200,0
472,1888,722,89,723,2,right+A,0.05970612168312073,0.26675477623939514,0.12310825288295746,0.4876162111759186,0.06281460076570511,1.3027039766311646,0.0,591.0,160,2,306,0,0,0,200,200,0
473,1892,722,79,723,3,right+B,0.059683311730623245,0.2658638656139374,0.12173602730035782,0.49053531885147095,0.06218153238296509,1.2989113330841064,0.0,591.0,161,2,306,0,0,0,200,200,0
474,1896,722,93,723,4,right+A+B,0.058222655206918716,0.26272258162498474,0.11583901196718216,0.5041204690933228,0.0590953566133976,1.2788715362548828,0.0,591.0,162,2,306,0,0,0,200,200,0
475,1900,722,108,723,1,right,0.05993899330496788,0.26809293031692505,0.12279259413480759,0.48740679025650024,0.06176866218447685,1.301409125328064,-1.0,590.0,163,2,305,0,0,0,200,200,0
476,1904,722,112,723,3,right+B,0.060076404362916946,0.2678918242454529,0.12420478463172913,0.48532018065452576,0.06250682473182678,1.305031418800354,0.0,590.0,164,2,305,0,0,0,200,200,0
477,1908,722,106,723,1,right,0.05993586406111717,0.2671380341053009,0.1268991231918335,0.482634574174881,0.06339240074157715,1.3097330331802368,0.0,590.0,165,2,305,0,0,0,200,200,0
478,1912,722,89,723,1,right,0.059785183519124985,0.2667630910873413,0.1255895048379898,0.48486328125,0.0629989355802536,1.3066351413726807,0.0,590.0,166,2,305,0,0,0,200,200,0
479,1916,722,79,723,3,right+B,0.060164619237184525,0.26706308126449585,0.1252335011959076,0.4849044382572174,0.06263434886932373,1.3063807487487793,0.0,590.0,167,2,305,0,0,0,200,200,0
480,1920,722,79,723,3,right+B,0.058384157717227936,0.26350924372673035,0.11797448247671127,0.5012060403823853,0.0589260533452034,1.2824808359146118,-1.0,589.0,168,2,304,0,0,0,200,200,0
481,1924,722,79,723,3,right+B,0.059673625975847244,0.26750853657722473,0.12105335295200348,0.4912548065185547,0.06050960719585419,1.2954633235931396,0.0,589.0,169,2,304,0,0,0,200,200,0
482,1928,722,79,723,3,right+B,0.05996716767549515,0.26796308159828186,0.12278628349304199,0.48763203620910645,0.061651457101106644,1.3011395931243896,0.0,589.0,170,2,304,0,0,0,200,200,0
483,1932,722,79,723,1,right,0.059716466814279556,0.2677108645439148,0.12169190496206284,0.48950761556625366,0.06137309968471527,1.2983684539794922,0.0,589.0,171,2,304,0,0,0,200,200,0
484,1936,722,93,723,2,right+A,0.0598866268992424,0.26751649379730225,0.12071739137172699,0.49060478806495667,0.061274681240320206,1.297042965888977,0.0,589.0,172,2,304,0,0,0,200,200,0
485,1940,722,108,723,1,right,0.06027212738990784,0.26919540762901306,0.12395691126585007,0.48403722047805786,0.06253831088542938,1.305936336517334,-1.0,588.0,173,2,303,0,0,0,200,200,0
486,1944,722,112,723,3,right+B,0.05996956303715706,0.2675856351852417,0.12325497716665268,0.4868159592151642,0.062373917549848557,1.3030531406402588,0.0,588.0,174,2,303,0,0,0,200,200,0
487,1948,722,106,723,3,right+B,0.059510085731744766,0.26653775572776794,0.12464156001806259,0.4864843487739563,0.0628262609243393,1.3042845726013184,0.0,588.0,175,2,303,0,0,0,200,200,0
488,1952,722,89,723,4,right+A+B,0.059538647532463074,0.266490638256073,0.12352502346038818,0.48759734630584717,0.06284837424755096,1.3028348684310913,0.0,588.0,176,2,303,0,0,0,200,200,0
489,1956,722,79,723,3,right+B,0.05980122089385986,0.2660742700099945,0.12317712604999542,0.4884253740310669,0.06252198666334152,1.3019859790802002,0.0,588.0,177,2,303,0,0,0,200,200,0
490,1960,722,79,723,3,right+B,0.0589030496776104,0.2640126049518585,0.11900636553764343,0.49837619066238403,0.0597018264234066,1.2870532274246216,-1.0,587.0,178,2,302,0,0,0,200,200,0
491,1964,722,93,723,4,right+A+B,0.06017804145812988,0.26756367087364197,0.12263835966587067,0.4886572062969208,0.060962822288274765,1.299708604812622,0.0,587.0,179,2,302,0,0,0,200,200,0
492,1968,722,108,723,0,NOOP,0.060617558658123016,0.26928767561912537,0.12643378973007202,0.48125314712524414,0.062407828867435455,1.3097833395004272,0.0,587.0,180,2,302,0,0,0,200,200,0
493,1972,722,112,723,2,right+A,0.06036081910133362,0.2688402235507965,0.12449479103088379,0.4841025769710541,0.062201566994190216,1.3059537410736084,0.0,587.0,181,2,302,0,0,0,200,200,0
494,1976,722,106,723,0,NOOP,0.06013759598135948,0.26790866255760193,0.12579092383384705,0.4831238090991974,0.06303901970386505,1.3084044456481934,0.0,587.0,182,2,302,0,0,0,200,200,0
495,1980,722,89,723,0,NOOP,0.05955630540847778,0.26631641387939453,0.12149674445390701,0.49030113220214844,0.062329456210136414,1.2988922595977783,-1.0,586.0,183,2,301,0,0,0,200,200,0
496,1984,722,79,723,1,right,0.06027570739388466,0.2663653790950775,0.12050159275531769,0.49034634232521057,0.06251098960638046,1.2994158267974854,0.0,586.0,184,2,301,0,0,0,200,200,0
497,1988,722,79,723,1,right,0.05916818231344223,0.26346054673194885,0.11582408845424652,0.5017804503440857,0.059766750782728195,1.2827930450439453,0.0,586.0,185,2,301,0,0,0,200,200,0
498,1992,722,79,723,1,right,0.06027014181017876,0.26643815636634827,0.11911594122648239,0.49345287680625916,0.06072286516427994,1.2937771081924438,0.0,586.0,186,2,301,0,0,0,200,200,0
499,1996,722,79,723,1,right,0.06059941649436951,0.26700010895729065,0.12052296847105026,0.49050644040107727,0.06137101724743843,1.2981517314910889,0.0,586.0,187,2,301,0,0,0,200,200,0
500,2000,722,79,723,3,right+B,0.06089639291167259,0.2677614092826843,0.12176348268985748,0.4876824915409088,0.06189621239900589,1.3020498752593994,-1.0,585.0,188,2,300,0,0,0,200,200,0
501,2004,722,79,723,1,right,0.060866355895996094,0.26736968755722046,0.122534841299057,0.48707249760627747,0.06215663254261017,1.3033567667007446,0.0,585.0,189,2,300,0,0,0,200,200,0
502,2008,722,79,723,3,right+B,0.06131879612803459,0.2695481479167938,0.1257317066192627,0.48036977648735046,0.06303159147500992,1.3117132186889648,0.0,585.0,190,2,300,0,0,0,200,200,0
503,2012,722,79,723,3,right+B,0.06199580058455467,0.2724370062351227,0.12733197212219238,0.4752601087093353,0.06297515332698822,1.3167495727539062,0.0,585.0,191,2,300,0,0,0,200,200,0
504,2016,722,79,723,0,NOOP,0.0604998916387558,0.2692977786064148,0.12281379848718643,0.4862608313560486,0.06112777441740036,1.3020004034042358,0.0,585.0,192,2,300,0,0,0,200,200,0
505,2020,722,93,723,4,right+A+B,0.06077206879854202,0.2707376480102539,0.12264445424079895,0.4841405153274536,0.0617053396999836,1.3043711185455322,-1.0,584.0,193,2,299,0,0,0,200,200,0
506,2024,722,109,723,2,right+A,0.06157222017645836,0.27295151352882385,0.12395792454481125,0.478561669588089,0.06295675784349442,1.311633825302124,0.0,584.0,194,2,299,0,0,0,200,200,0
507,2028,722,121,723,3,right+B,0.0599418506026268,0.2683655619621277,0.12077256292104721,0.48851478099823,0.062405169010162354,1.3000867366790771,0.0,584.0,195,2,299,0,0,0,200,200,0
508,2032,722,122,723,3,right+B,0.05985593795776367,0.27052855491638184,0.12237167358398438,0.48359599709510803,0.06364777684211731,1.30593740940094,0.0,584.0,196,2,299,0,0,0,200,200,0
509,2036,722,113,723,4,right+A+B,0.05944546312093735,0.2696351706981659,0.11924425512552261,0.48879483342170715,0.0628802552819252,1.298631191253662,0.0,584.0,197,2,299,0,0,0,200,200,0
510,2040,722,94,723,1,right,0.058810070157051086,0.2681470215320587,0.11516112834215164,0.4968559145927429,0.06102588027715683,1.2866718769073486,-1.0,583.0,198,2,298,0,0,0,200,200,0
511,2044,722,79,723,0,NOOP,0.05772069841623306,0.2662755250930786,0.11418423801660538,0.5008752942085266,0.06094430759549141,1.2815566062927246,0.0,583.0,199,2,298,0,0,0,200,200,0
512,2048,722,93,723,2,right+A,0.058475594967603683,0.26805680990219116,0.11778407543897629,0.4953404366970062,0.06034306064248085,1.2882686853408813,0.0,583.0,200,2,298,0,0,0,200,200,0
513,2052,722,108,723,3,right+B,0.05837495997548103,0.2680550813674927,0.11865234375,0.4952317476272583,0.05968581140041351,1.2879091501235962,0.0,583.0,201,2,298,0,0,0,200,200,0
514,2056,722,112,723,3,right+B,0.05878801643848419,0.26869359612464905,0.12005940824747086,0.49190542101860046,0.06055348366498947,1.2930026054382324,0.0,583.0,202,2,298,0,0,0,200,200,0
515,2060,722,106,723,3,right+B,0.06025651842355728,0.27148500084877014,0.1281527876853943,0.47609245777130127,0.06401326507329941,1.3158183097839355,-1.0,582.0,203,2,297,0,0,0,200,200,0
516,2064,722,89,723,3,right+B,0.058885861188173294,0.26963281631469727,0.12287627160549164,0.4864133596420288,0.0621916800737381,1.3010954856872559,0.0,582.0,204,2,297,0,0,0,200,200,0
517,2068,722,79,723,0,NOOP,0.05792894959449768,0.26895877718925476,0.12130469083786011,0.4907037913799286,0.06110376492142677,1.2942302227020264,0.0,582.0,205,2,297,0,0,0,200,200,0
518,2072,722,79,723,3,right+B,0.05670814588665962,0.26427674293518066,0.11615370213985443,0.504281222820282,0.058580223470926285,1.275946855545044,0.0,582.0,206,2,297,0,0,0,200,200,0
519,2076,722,79,723,0,NOOP,0.059572961181402206,0.2729327380657196,0.12627965211868286,0.47856900095939636,0.06264574080705643,1.3099737167358398,0.0,582.0,207,2,297,0,0,0,200,200,0
520,2080,722,93,723,4,right+A+B,0.06154120713472366,0.2768687307834625,0.13202263414859772,0.4639173746109009,0.06565006077289581,1.3295587301254272,-1.0,581.0,208,2,296,0,0,0,200,200,0
521,2084,722,108,723,3,right+B,0.06016471982002258,0.27327999472618103,0.12631796300411224,0.47751086950302124,0.06272648274898529,1.311612606048584,0.0,581.0,209,2,296,0,0,0,200,200,0
522,2088,722,112,723,3,right+B,0.060746826231479645,0.27189910411834717,0.12710832059383392,0.4770893156528473,0.06315640360116959,1.313961148262024,0.0,581.0,210,2,296,0,0,0,200,200,0
523,2092,722,106,723,3,right+B,0.061116352677345276,0.2713746726512909,0.13047239184379578,0.47197723388671875,0.06505929678678513,1.3226234912872314,0.0,581.0,211,2,296,0,0,0,200,200,0
524,2096,722,89,723,1,right,0.06024345010519028,0.2688913345336914,0.12816743552684784,0.47707855701446533,0.06561924517154694,1.3175426721572876,0.0,581.0,212,2,296,0,0,0,200,200,0
525,2100,722,79,723,1,right,0.060792770236730576,0.2711509168148041,0.12702031433582306,0.4766156077384949,0.06442037969827652,1.3160606622695923,-1.0,580.0,213,2,295,0,0,0,200,200,0
526,2104,722,79,723,3,right+B,0.060474295169115067,0.2697462737560272,0.12498028576374054,0.4820886552333832,0.06271044909954071,1.308417558670044,0.0,580.0,214,2,295,0,0,0,200,200,0
527,2108,722,79,723,0,NOOP,0.06068992242217064,0.27104905247688293,0.12615615129470825,0.4792183041572571,0.0628865659236908,1.3115506172180176,0.0,580.0,215,2,295,0,0,0,200,200,0
528,2112,722,79,723,3,right+B,0.06146755442023277,0.27464058995246887,0.13495807349681854,0.4633471369743347,0.0655866414308548,1.3317829370498657,0.0,580.0,216,2,295,0,0,0,200,200,0
529,2116,722,79,723,3,right+B,0.06471770256757736,0.2785341739654541,0.14972101151943207,0.43524160981178284,0.07178550213575363,1.368668556213379,0.0,580.0,217,2,295,0,0,0,200,200,0
530,2120,722,79,723,3,right+B,0.06321471184492111,0.276121586561203,0.14280492067337036,0.44867071509361267,0.06918805837631226,1.3522228002548218,-1.0,579.0,218,2,294,0,0,0,200,200,0
531,2124,722,79,723,3,right+B,0.061328209936618805,0.2720218598842621,0.13201376795768738,0.469611793756485,0.0650242492556572,1.3253108263015747,0.0,579.0,219,2,294,0,0,0,200,200,0
532,2128,722,79,723,3,right+B,0.062140244990587234,0.2732994854450226,0.13464012742042542,0.4641401767730713,0.06577987968921661,1.332417607307434,0.0,579.0,220,2,294,0,0,0,200,200,0
533,2132,722,79,723,3,right+B,0.06174639239907265,0.27164435386657715,0.1268623173236847,0.47500911355018616,0.06473775207996368,1.3187174797058105,0.0,579.0,221,2,294,0,0,0,200,200,0
534,2136,722,93,723,4,right+A+B,0.06011561304330826,0.2697959244251251,0.12565772235393524,0.4807334244251251,0.06369730085134506,1.3106167316436768,0.0,579.0,222,2,294,0,0,0,200,200,0
535,2140,722,108,723,3,right+B,0.06347796320915222,0.27753812074661255,0.13990527391433716,0.4494301676750183,0.06964844465255737,1.3509314060211182,-1.0,578.0,223,2,293,0,0,0,200,200,0
536,2144,722,112,723,3,right+B,0.06375451385974884,0.27738428115844727,0.14471882581710815,0.4427446126937866,0.07139777392148972,1.3601233959197998,0.0,578.0,224,2,293,0,0,0,200,200,0
537,2148,722,106,723,2,right+A,0.06160431355237961,0.27386215329170227,0.13933239877223969,0.4569883644580841,0.06821275502443314,1.342015266418457,0.0,578.0,225,2,293,0,0,0,200,200,0
538,2152,722,89,723,3,right+B,0.06066856160759926,0.26988598704338074,0.13162647187709808,0.4716570973396301,0.06616188585758209,1.3245328664779663,0.0,578.0,226,2,293,0,0,0,200,200,0
539,2156,722,79,723,3,right+B,0.060338616371154785,0.26964884996414185,0.1274491399526596,0.47915682196617126,0.06340653449296951,1.312794804573059,0.0,578.0,227,2,293,0,0,0,200,200,0
540,2160,722,79,723,3,right+B,0.06063786894083023,0.2722281515598297,0.12533070147037506,0.4801804721355438,0.06162276491522789,1.3084275722503662,-1.0,577.0,228,2,292,0,0,0,200,200,0
541,2164,722,79,723,3,right+B,0.06077884882688522,0.2742074429988861,0.12883995473384857,0.4728870689868927,0.0632866844534874,1.3178385496139526,0.0,577.0,229,2,292,0,0,0,200,200,0
542,2168,722,79,723,3,right+B,0.060829047113657,0.2715895473957062,0.12863115966320038,0.47518253326416016,0.06376780569553375,1.3171908855438232,0.0,577.0,230,2,292,0,0,0,200,200,0
543,2172,722,79,723,3,right+B,0.059335917234420776,0.26887255907058716,0.12285948544740677,0.48702335357666016,0.06190868467092514,1.3009883165359497,0.0,577.0,231,2,292,0,0,0,200,200,0
544,2176,722,93,723,2,right+A,0.05853353440761566,0.2674029469490051,0.1189180463552475,0.49540725350379944,0.05973825976252556,1.288337230682373,0.0,577.0,232,2,292,0,0,0,200,200,0
545,2180,722,109,723,2,right+A,0.06005465239286423,0.27355653047561646,0.12415899336338043,0.47913864254951477,0.06309117376804352,1.3093856573104858,-1.0,576.0,233,2,291,0,0,0,200,200,0
546,2184,722,121,723,1,right,0.06099538505077362,0.2750127911567688,0.12886881828308105,0.4702620506286621,0.06486088037490845,1.3218969106674194,0.0,576.0,234,2,291,0,0,0,200,200,0
547,2188,722,122,723,3,right+B,0.06060909107327461,0.2752034366130829,0.12797360122203827,0.4707571566104889,0.06545673310756683,1.3212244510650635,0.0,576.0,235,2,291,0,0,0,200,200,0
548,2192,722,113,723,2,right+A,0.060144104063510895,0.2714231312274933,0.12693347036838531,0.47580501437187195,0.06569422036409378,1.317296028137207,0.0,576.0,236,2,291,0,0,0,200,200,0
549,2196,722,94,723,2,right+A,0.05881693586707115,0.26764893531799316,0.1219620555639267,0.48978790640830994,0.06178416684269905,1.2976597547531128,0.0,576.0,237,2,291,0,0,0,200,200,0
550,2200,722,79,723,4,right+A+B,0.05949363857507706,0.26993778347969055,0.12409539520740509,0.4840446412563324,0.06242843344807625,1.304707646369934,-1.0,575.0,238,2,290,0,0,0,200,200,0
551,2204,722,79,723,4,right+A+B,0.05727558210492134,0.2664175033569336,0.11586272716522217,0.5027623176574707,0.057681918144226074,1.2761878967285156,0.0,575.0,239,2,290,0,0,0,200,200,0
552,2208,722,79,723,3,right+B,0.058049172163009644,0.2671021521091461,0.11806181073188782,0.49803370237350464,0.058753129094839096,1.2837910652160645,0.0,575.0,240,2,290,0,0,0,200,200,0
553,2212,722,79,723,3,right+B,0.05970558151602745,0.26970842480659485,0.12237971276044846,0.48634636402130127,0.061859942972660065,1.3014978170394897,0.0,575.0,241,2,290,0,0,0,200,200,0
554,2216,722,79,723,3,right+B,0.05948854982852936,0.26998403668403625,0.12212764471769333,0.48698824644088745,0.06141148507595062,1.2999296188354492,0.0,575.0,242,2,290,0,0,0,200,200,0
555,2220,722,79,723,3,right+B,0.05957332253456116,0.2683250606060028,0.11781174689531326,0.49386632442474365,0.06042352691292763,1.2909754514694214,-1.0,574.0,243,2,289,0,0,0,200,200,0
556,2224,722,79,723,3,right+B,0.05956443026661873,0.2672746479511261,0.11614253371953964,0.4969888925552368,0.06002951040863991,1.287070631980896,0.0,574.0,244,2,289,0,0,0,200,200,0
557,2228,722,79,723,3,right+B,0.05963486433029175,0.2681320607662201,0.1169462651014328,0.49454599618911743,0.06074083596467972,1.2904093265533447,0.0,574.0,245,2,289,0,0,0,200,200,0
558,2232,722,79,723,1,right,0.05925044044852257,0.26829931139945984,0.11775759607553482,0.4936256408691406,0.061067041009664536,1.2915468215942383,0.0,574.0,246,2,289,0,0,0,200,200,0
559,2236,722,93,723,4,right+A+B,0.05988037586212158,0.2689512372016907,0.11869604140520096,0.49120640754699707,0.06126585602760315,1.2950258255004883,0.0,574.0,247,2,289,0,0,0,200,200,0
560,2240,722,108,723,3,right+B,0.060715239495038986,0.27198120951652527,0.12344997376203537,0.4805314242839813,0.06332208216190338,1.3093724250793457,-1.0,573.0,248,2,288,0,0,0,200,200,0
561,2244,722,112,723,2,right+A,0.05996740981936455,0.2691640555858612,0.12230081111192703,0.48624154925346375,0.06232619285583496,1.3025755882263184,0.0,573.0,249,2,288,0,0,0,200,200,0
562,2248,722,106,723,3,right+B,0.060137540102005005,0.2679367959499359,0.12623873353004456,0.4820500612258911,0.06363695114850998,1.3102364540100098,0.0,573.0,250,2,288,0,0,0,200,200,0
563,2252,722,89,723,4,right+A+B,0.06027749925851822,0.2674141526222229,0.12591281533241272,0.48236948251724243,0.06402603536844254,1.3105692863464355,0.0,573.0,251,2,288,0,0,0,200,200,0
564,2256,722,79,723,3,right+B,0.05973396450281143,0.26611241698265076,0.12285222858190536,0.4889317452907562,0.06236959993839264,1.3011060953140259,0.0,573.0,252,2,288,0,0,0,200,200,0
565,2260,722,79,723,0,NOOP,0.05852041766047478,0.26342248916625977,0.11576232314109802,0.5029339790344238,0.05936082825064659,1.2804231643676758,-1.0,572.0,253,2,287,0,0,0,200,200,0
566,2264,722,79,723,3,right+B,0.05954742431640625,0.2662126123905182,0.11896508187055588,0.49430856108665466,0.06096635386347771,1.2924084663391113,0.0,572.0,254,2,287,0,0,0,200,200,0
567,2268,722,79,723,1,right,0.05956019461154938,0.2662754952907562,0.11977756768465042,0.4924589693546295,0.061927780508995056,1.2956300973892212,0.0,572.0,255,2,287,0,0,0,200,200,0
568,2272,722,93,723,2,right+A,0.059396401047706604,0.2661368250846863,0.11856785416603088,0.4945056438446045,0.06139325350522995,1.2923672199249268,0.0,572.0,256,2,287,0,0,0,200,200,0
569,2276,722,109,723,2,right+A,0.06016235426068306,0.2690681219100952,0.12197902053594589,0.48626962304115295,0.06252092868089676,1.3028817176818848,0.0,572.0,257,2,287,0,0,0,200,200,0
570,2280,722,121,723,0,NOOP,0.05996466800570488,0.2677460312843323,0.12236031889915466,0.4872397482395172,0.0626891553401947,1.3025531768798828,-1.0,571.0,258,2,286,0,0,0,200,200,0
571,2284,722,122,723,3,right+B,0.060314569622278214,0.2684728503227234,0.12619787454605103,0.4798671305179596,0.06514760106801987,1.3139002323150635,0.0,571.0,259,2,286,0,0,0,200,200,0
572,2288,722,113,723,2,right+A,0.06038036197423935,0.26809263229370117,0.12584887444972992,0.48002099990844727,0.0656571015715599,1.3143641948699951,0.0,571.0,260,2,286,0,0,0,200,200,0
573,2292,722,94,723,0,NOOP,0.05960765853524208,0.26587316393852234,0.12158841639757156,0.49014928936958313,0.0627814531326294,1.299787998199463,0.0,571.0,261,2,286,0,0,0,200,200,0
574,2296,722,79,723,3,right+B,0.05903245508670807,0.26476526260375977,0.12192067503929138,0.49146518111228943,0.06281647086143494,1.2984261512756348,0.0,571.0,262,2,286,0,0,0,200,200,0
575,2300,722,93,723,2,right+A,0.05912819504737854,0.26608744263648987,0.12147525697946548,0.4920629858970642,0.06124613806605339,1.2955710887908936,-1.0,570.0,263,2,285,0,0,0,200,200,0
576,2304,722,108,723,3,right+B,0.059370387345552444,0.2670673131942749,0.12418750673532486,0.48782220482826233,0.061552662402391434,1.3010680675506592,0.0,570.0,264,2,285,0,0,0,200,200,0
577,2308,722,112,723,3,right+B,0.05954081937670708,0.26747453212738037,0.12536786496639252,0.4845101833343506,0.06310650706291199,1.306467056274414,0.0,570.0,265,2,285,0,0,0,200,200,0
578,2312,722,106,723,1,right,0.05942593514919281,0.26703140139579773,0.12685969471931458,0.48290809988975525,0.06377481669187546,1.3093265295028687,0.0,570.0,266,2,285,0,0,0,200,200,0
579,2316,722,89,723,3,right+B,0.05870254710316658,0.2652614712715149,0.12196315824985504,0.49150222539901733,0.06257059425115585,1.2975854873657227,0.0,570.0,267,2,285,0,0,0,200,200,0
580,2320,722,79,723,2,right+A,0.05896986648440361,0.2652443051338196,0.1207575649023056,0.49270087480545044,0.062327370047569275,1.2959526777267456,-1.0,569.0,268,2,284,0,0,0,200,200,0
581,2324,722,79,723,3,right+B,0.05766396224498749,0.2620413601398468,0.11463355273008347,0.506511926651001,0.059149257838726044,1.2755491733551025,0.0,569.0,269,2,284,0,0,0,200,200,0
582,2328,722,79,723,3,right+B,0.05885538086295128,0.26525911688804626,0.11794298142194748,0.49744004011154175,0.0605025440454483,1.2879054546356201,0.0,569.0,270,2,284,0,0,0,200,200,0
583,2332,722,79,723,3,right+B,0.05933025851845741,0.26629891991615295,0.12050428241491318,0.49218326807022095,0.061683349311351776,1.2956759929656982,0.0,569.0,271,2,284,0,0,0,200,200,0
584,2336,722,79,723,3,right+B,0.05964910238981247,0.2674546539783478,0.12201846390962601,0.4887388348579407,0.062138982117176056,1.3001110553741455,0.0,569.0,272,2,284,0,0,0,200,200,0
585,2340,722,79,723,3,right+B,0.05973043665289879,0.2669077217578888,0.12167715281248093,0.48981139063835144,0.061873290687799454,1.298927903175354,-1.0,568.0,273,2,283,0,0,0,200,200,0
586,2344,722,79,723,3,right+B,0.06014375388622284,0.2680503726005554,0.1247389167547226,0.4843760132789612,0.06269101053476334,1.306369423866272,0.0,568.0,274,2,283,0,0,0,200,200,0
587,2348,722,79,723,3,right+B,0.06034030765295029,0.26871752738952637,0.12611213326454163,0.481932669878006,0.06289736181497574,1.3094439506530762,0.0,568.0,275,2,283,0,0,0,200,200,0
588,2352,722,79,723,3,right+B,0.05938079208135605,0.2667393088340759,0.12295945733785629,0.4895875155925751,0.06133299693465233,1.2987477779388428,0.0,568.0,276,2,283,0,0,0,200,200,0
589,2356,722,79,723,3,right+B,0.0596490353345871,0.2676551342010498,0.12263032793998718,0.488528847694397,0.06153663247823715,1.2998337745666504,0.0,568.0,277,2,283,0,0,0,200,200,0
590,2360,722,79,723,3,right+B,0.05967801436781883,0.2678159475326538,0.12286784499883652,0.4875020682811737,0.062136195600032806,1.3015577793121338,-1.0,567.0,278,2,282,0,0,0,200,200,0
591,2364,722,93,723,4,right+A+B,0.05960472300648689,0.26756128668785095,0.12176259607076645,0.48913079500198364,0.06194061040878296,1.2993168830871582,0.0,567.0,279,2,282,0,0,0,200,200,0
592,2368,722,108,723,3,right+B,0.0603015273809433,0.26900315284729004,0.1235576719045639,0.48424628376960754,0.062891386449337,1.3060615062713623,0.0,567.0,280,2,282,0,0,0,200,200,0
593,2372,722,112,723,3,right+B,0.059344325214624405,0.26677340269088745,0.12150709331035614,0.49000269174575806,0.062372513115406036,1.2988266944885254,0.0,567.0,281,2,282,0,0,0,200,200,0
594,2376,722,106,723,2,right+A,0.05969317629933357,0.26666975021362305,0.12465480715036392,0.48523685336112976,0.06374544650316238,1.306639552116394,0.0,567.0,282,2,282,0,0,0,200,200,0
595,2380,722,89,723,1,right,0.05921242758631706,0.26529213786125183,0.1201712042093277,0.49266836047172546,0.06265585869550705,1.2963489294052124,-1.0,566.0,283,2,281,0,0,0,200,200,0
596,2384,722,79,723,3,right+B,0.06004856154322624,0.2662639319896698,0.12123699486255646,0.4893461763858795,0.06310436129570007,1.3011256456375122,0.0,566.0,284,2,281,0,0,0,200,200,0
597,2388,722,93,723,2,right+A,0.05911525711417198,0.2636227011680603,0.1167508065700531,0.5003935098648071,0.060117725282907486,1.2848832607269287,0.0,566.0,285,2,281,0,0,0,200,200,0
598,2392,722,108,723,3,right+B,0.061236634850502014,0.26922741532325745,0.12544870376586914,0.4814421236515045,0.06264516711235046,1.3101915121078491,0.0,566.0,286,2,281,0,0,0,200,200,0
599,2396,722,112,723,1,right,0.060903407633304596,0.26776090264320374,0.12519460916519165,0.48346009850502014,0.06268101930618286,1.3083739280700684,0.0,566.0,287,2,281,0,0,0,200,200,0
600,2400,722,106,723,1,right,0.06043444946408272,0.26640236377716064,0.12761348485946655,0.4819525182247162,0.0635971873998642,1.311702013015747,-1.0,565.0,288,2,280,0,0,0,200,200,0
601,2404,722,89,723,3,right+B,0.05981418862938881,0.26678013801574707,0.1252499371767044,0.4847216308116913,0.06343413144350052,1.3071335554122925,0.0,565.0,289,2,280,0,0,0,200,200,0
602,2408,722,79,723,3,right+B,0.06014985591173172,0.2678937613964081,0.12355463951826096,0.48556020855903625,0.0628414899110794,1.3049832582473755,0.0,565.0,290,2,280,0,0,0,200,200,0
603,2412,722,93,723,2,right+A,0.05900011584162712,0.2653418183326721,0.11630479991436005,0.49950268864631653,0.05985061079263687,1.2845158576965332,0.0,565.0,291,2,280,0,0,0,200,200,0
604,2416,722,108,723,1,right,0.0599827840924263,0.26923760771751404,0.1210082545876503,0.487867534160614,0.061903782188892365,1.2999886274337769,0.0,565.0,292,2,280,0,0,0,200,200,0
605,2420,722,112,723,3,right+B,0.05995921790599823,0.2694721519947052,0.11929620802402496,0.48936718702316284,0.06190524622797966,1.2976802587509155,-1.0,564.0,293,2,279,0,0,0,200,200,0
606,2424,722,106,723,3,right+B,0.06043718382716179,0.26958832144737244,0.12324202805757523,0.4834592044353485,0.06327326595783234,1.3070335388183594,0.0,564.0,294,2,279,0,0,0,200,200,0
607,2428,722,89,723,3,right+B,0.05898347496986389,0.2669474184513092,0.12031851708889008,0.49133846163749695,0.06241213157773018,1.2965859174728394,0.0,564.0,295,2,279,0,0,0,200,200,0
608,2432,722,79,723,2,right+A,0.05974696949124336,0.2690761089324951,0.11984614282846451,0.48983633518218994,0.061494454741477966,1.2969216108322144,0.0,564.0,296,2,279,0,0,0,200,200,0
609,2436,722,79,723,3,right+B,0.0591319315135479,0.2671017050743103,0.11514469236135483,0.49965137243270874,0.05897025018930435,1.2823337316513062,0.0,564.0,297,2,279,0,0,0,200,200,0
610,2440,722,93,723,2,right+A,0.06022652983665466,0.2707699239253998,0.11964154243469238,0.489082396030426,0.06027959659695625,1.2961163520812988,-1.0,563.0,298,2,278,0,0,0,200,200,0
611,2444,722,108,723,1,right,0.06021866202354431,0.2715700566768646,0.12440668046474457,0.4819278120994568,0.061876799911260605,1.306457757949829,0.0,563.0,299,2,278,0,0,0,200,200,0
612,2448,722,112,723,4,right+A+B,0.05981339141726494,0.27126580476760864,0.12454923987388611,0.4836909770965576,0.06068064644932747,1.3031617403030396,0.0,563.0,300,2,278,0,0,0,200,200,0
613,2452,722,106,723,3,right+B,0.05872589349746704,0.26989397406578064,0.1229126900434494,0.4882194995880127,0.06024790182709694,1.2969293594360352,0.0,563.0,301,2,278,0,0,0,200,200,0
614,2456,722,89,723,3,right+B,0.05934930220246315,0.2701740860939026,0.12337931245565414,0.4851350486278534,0.061962198466062546,1.3026081323623657,0.0,563.0,302,2,278,0,0,0,200,200,0
615,2460,722,79,723,3,right+B,0.059940118342638016,0.2704522907733917,0.12099891155958176,0.4859892427921295,0.06261935830116272,1.3020751476287842,-1.0,562.0,303,2,277,0,0,0,200,200,0
616,2464,722,79,723,3,right+B,0.05748995766043663,0.2654496729373932,0.11482558399438858,0.503494918346405,0.0587398000061512,1.2767902612686157,0.0,562.0,304,2,277,0,0,0,200,200,0
617,2468,722,79,723,3,right+B,0.058787520974874496,0.26824310421943665,0.11957506090402603,0.49292463064193726,0.06046971306204796,1.2918682098388672,0.0,562.0,305,2,277,0,0,0,200,200,0
618,2472,722,79,723,1,right,0.059568263590335846,0.2701371908187866,0.12432935833930969,0.48347726464271545,0.0624878890812397,1.3054198026657104,0.0,562.0,306,2,277,0,0,0,200,200,0
619,2476,722,79,723,0,NOOP,0.06110761687159538,0.27617719769477844,0.13212035596370697,0.46601569652557373,0.06457911431789398,1.326338529586792,0.0,562.0,307,2,277,0,0,0,200,200,0
620,2480,722,79,723,3,right+B,0.06152963638305664,0.2760223150253296,0.12945139408111572,0.46888720989227295,0.06410951167345047,1.3227834701538086,-1.0,561.0,308,2,276,0,0,0,200,200,0
621,2484,722,79,723,1,right,0.05998018756508827,0.2716001570224762,0.12415064871311188,0.48318150639533997,0.06108752265572548,1.3040047883987427,0.0,561.0,309,2,276,0,0,0,200,200,0
622,2488,722,79,723,3,right+B,0.06252898275852203,0.2740621268749237,0.1312311589717865,0.4688042998313904,0.06337342411279678,1.324568748474121,0.0,561.0,310,2,276,0,0,0,200,200,0
623,2492,722,93,723,2,right+A,0.062297701835632324,0.27324914932250977,0.13039882481098175,0.4697718620300293,0.06428246945142746,1.3244141340255737,0.0,561.0,311,2,276,0,0,0,200,200,0
624,2496,722,108,723,1,right,0.062375087291002274,0.27426040172576904,0.13518407940864563,0.4629266560077667,0.06525372713804245,1.3330371379852295,0.0,561.0,312,2,276,0,0,0,200,200,0
625,2500,722,112,723,2,right+A,0.06296740472316742,0.275627464056015,0.13259653747081757,0.4633084833621979,0.06550014019012451,1.3322060108184814,-1.0,560.0,313,2,275,0,0,0,200,200,0
626,2504,722,106,723,3,right+B,0.06121857836842537,0.2719549238681793,0.13313494622707367,0.46752268075942993,0.06616879254579544,1.3287172317504883,0.0,560.0,314,2,275,0,0,0,200,200,0
627,2508,722,89,723,2,right+A,0.05950020253658295,0.26936855912208557,0.12582166492938995,0.4818553924560547,0.06345417350530624,1.3088135719299316,0.0,560.0,315,2,275,0,0,0,200,200,0
628,2512,722,79,723,3,right+B,0.06312304735183716,0.2751452624797821,0.14057287573814392,0.4514344036579132,0.06972448527812958,1.3499867916107178,0.0,560.0,316,2,275,0,0,0,200,200,0
629,2516,722,79,723,3,right+B,0.06278344243764877,0.27386730909347534,0.14068475365638733,0.4543064534664154,0.06835802644491196,1.3462374210357666,0.0,560.0,317,2,275,0,0,0,200,200,0
630,2520,722,79,723,3,right+B,0.062297672033309937,0.27373796701431274,0.13761015236377716,0.459570974111557,0.06678319722414017,1.3385393619537354,-1.0,559.0,318,2,274,0,0,0,200,200,0
631,2524,722,79,723,3,right+B,0.061437591910362244,0.2723604142665863,0.13094490766525269,0.47139543294906616,0.06386171281337738,1.3220449686050415,0.0,559.0,319,2,274,0,0,0,200,200,0
632,2528,722,79,723,1,right,0.06264138221740723,0.274018257856369,0.13349243998527527,0.4643612504005432,0.06548666954040527,1.3318042755126953,0.0,559.0,320,2,274,0,0,0,200,200,0
633,2532,722,79,723,3,right+B,0.061650022864341736,0.27240973711013794,0.1277223378419876,0.4741770923137665,0.06404077261686325,1.3186863660812378,0.0,559.0,321,2,274,0,0,0,200,200,0
634,2536,722,93,723,2,right+A,0.06367893517017365,0.27678847312927246,0.14113858342170715,0.4501531720161438,0.06824073940515518,1.3497562408447266,0.0,559.0,322,2,274,0,0,0,200,200,0
635,2540,722,108,723,3,right+B,0.06615817546844482,0.2814650237560272,0.15381091833114624,0.42552369832992554,0.07304217666387558,1.3791444301605225,-1.0,558.0,323,2,273,0,0,0,200,200,0
636,2544,722,112,723,3,right+B,0.06317968666553497,0.2759779691696167,0.14390929043293,0.4484466016292572,0.06848642975091934,1.3520289659500122,0.0,558.0,324,2,273,0,0,0,200,200,0
637,2548,722,106,723,4,right+A+B,0.060627538710832596,0.27035027742385864,0.13249047100543976,0.4713118374347687,0.06521987169981003,1.323950171470642,0.0,558.0,325,2,273,0,0,0,200,200,0
638,2552,722,89,723,1,right,0.06045262888073921,0.2696397006511688,0.12737111747264862,0.47830408811569214,0.06423245370388031,1.3145866394042969,0.0,558.0,326,2,273,0,0,0,200,200,0
639,2556,722,79,723,2,right+A,0.06218783184885979,0.27382779121398926,0.13156892359256744,0.46720895171165466,0.06520657241344452,1.3278237581253052,0.0,558.0,327,2,273,0,0,0,200,200,0
640,2560,722,79,723,3,right+B,0.05975334346294403,0.27021801471710205,0.12453293800354004,0.4838728904724121,0.06162292882800102,1.3043546676635742,-1.0,557.0,328,2,272,0,0,0,200,200,0
641,2564,722,79,723,1,right,0.060776203870773315,0.2717740535736084,0.12662862241268158,0.4783456027507782,0.062475550919771194,1.3119336366653442,0.0,557.0,329,2,272,0,0,0,200,200,0
642,2568,722,79,723,1,right,0.06029200553894043,0.26956915855407715,0.12514206767082214,0.48266273736953735,0.06233406066894531,1.3073853254318237,0.0,557.0,330,2,272,0,0,0,200,200,0
643,2572,722,79,723,1,right,0.05908779054880142,0.26811161637306213,0.12125896662473679,0.49153828620910645,0.060003381222486496,1.2938170433044434,0.0,557.0,331,2,272,0,0,0,200,200,0
644,2576,722,79,723,3,right+B,0.060026075690984726,0.2718583941459656,0.12265349179506302,0.4838780164718628,0.06158407777547836,1.3032299280166626,0.0,557.0,332,2,272,0,0,0,200,200,0
645,2580,722,79,723,3,right+B,0.06161283329129219,0.2767912447452545,0.12948612868785858,0.46750786900520325,0.06460181623697281,1.3243792057037354,-1.0,556.0,333,2,271,0,0,0,200,200,0
646,2584,722,79,723,1,right,0.06077843904495239,0.2742038667201996,0.125873401761055,0.47687283158302307,0.062271494418382645,1.3118774890899658,0.0,556.0,334,2,271,0,0,0,200,200,0
647,2588,722,93,723,4,right+A+B,0.06081097200512886,0.27340924739837646,0.12822072207927704,0.4747168719768524,0.06284224987030029,1.3157627582550049,0.0,556.0,335,2,271,0,0,0,200,200,0
648,2592,722,108,723,3,right+B,0.060572315007448196,0.2723919153213501,0.12979955971240997,0.47480297088623047,0.062433283776044846,1.3159371614456177,0.0,556.0,336,2,271,0,0,0,200,200,0
649,2596,722,112,723,3,right+B,0.06033843010663986,0.27347370982170105,0.12747004628181458,0.4767225980758667,0.061995282769203186,1.3121178150177002,0.0,556.0,337,2,271,0,0,0,200,200,0
650,2600,722,106,723,4,right+A+B,0.059118833392858505,0.27074405550956726,0.12562084197998047,0.4832097887992859,0.061306435614824295,1.3041483163833618,-1.0,555.0,338,2,270,0,0,0,200,200,0
651,2604,722,89,723,2,right+A,0.05829969048500061,0.266919881105423,0.12044905871152878,0.49364811182022095,0.06068319454789162,1.291702151298523,0.0,555.0,339,2,270,0,0,0,200,200,0
652,2608,722,79,723,1,right,0.05960413068532944,0.26826199889183044,0.1216130182147026,0.488607257604599,0.06191353499889374,1.2994731664657593,0.0,555.0,340,2,270,0,0,0,200,200,0
653,2612,722,93,723,2,right+A,0.05838878080248833,0.265103280544281,0.11596918851137161,0.5015829801559448,0.05895579233765602,1.2806564569473267,0.0,555.0,341,2,270,0,0,0,200,200,0
654,2616,722,108,723,3,right+B,0.06016494333744049,0.2698217034339905,0.11947603523731232,0.4897233247756958,0.06081394478678703,1.2963076829910278,0.0,555.0,342,2,270,0,0,0,200,200,0
655,2620,722,112,723,0,NOOP,0.05986164137721062,0.2675386965274811,0.11849750578403473,0.4938644766807556,0.06023763120174408,1.2916934490203857,-1.0,554.0,343,2,269,0,0,0,200,200,0
656,2624,722,106,723,0,NOOP,0.060434382408857346,0.2691871225833893,0.12283876538276672,0.48511210083961487,0.062427595257759094,1.3045129776000977,0.0,554.0,344,2,269,0,0,0,200,200,0
657,2628,722,89,723,2,right+A,0.059844594448804855,0.2683013379573822,0.12272454798221588,0.48579245805740356,0.06333713978528976,1.304459810256958,0.0,554.0,345,2,269,0,0,0,200,200,0
658,2632,722,79,723,3,right+B,0.060654014348983765,0.26913076639175415,0.12368263304233551,0.4833534061908722,0.06317921727895737,1.307626485824585,0.0,554.0,346,2,269,0,0,0,200,200,0
659,2636,722,79,723,1,right,0.05972237139940262,0.26704853773117065,0.11926925927400589,0.4934626817703247,0.060497164726257324,1.2927428483963013,0.0,554.0,347,2,269,0,0,0,200,200,0
660,2640,722,79,723,3,right+B,0.059691816568374634,0.26815104484558105,0.12008871138095856,0.4917770028114319,0.06029139831662178,1.2940787076950073,-1.0,553.0,348,2,268,0,0,0,200,200,0
661,2644,722,79,723,0,NOOP,0.060471419245004654,0.2696480453014374,0.12250585854053497,0.48520830273628235,0.06216638535261154,1.3038675785064697,0.0,553.0,349,2,268,0,0,0,200,200,0
662,2648,722,79,723,1,right,0.06048300862312317,0.26871761679649353,0.12184680998325348,0.4864683151245117,0.0624842643737793,1.3030853271484375,0.0,553.0,350,2,268,0,0,0,200,200,0
663,2652,722,79,723,3,right+B,0.0602070651948452,0.2672514319419861,0.11992999911308289,0.4911406636238098,0.0614708848297596,1.2968559265136719,0.0,553.0,351,2,268,0,0,0,200,200,0
664,2656,722,79,723,1,right,0.05997994542121887,0.2662458121776581,0.11787261813879013,0.4947888255119324,0.06111280247569084,1.2920880317687988,0.0,553.0,352,2,268,0,0,0,200,200,0
665,2660,722,93,723,4,right+A+B,0.060076333582401276,0.26663416624069214,0.1195904091000557,0.4916447401046753,0.06205430254340172,1.2969353199005127,-1.0,552.0,353,2,267,0,0,0,200,200,0
666,2664,722,108,723,3,right+B,0.06065196543931961,0.268999308347702,0.1240377351641655,0.482575386762619,0.06373561918735504,1.3091578483581543,0.0,552.0,354,2,267,0,0,0,200,200,0
667,2668,722,112,723,3,right+B,0.05944088101387024,0.26566678285598755,0.11982598900794983,0.4932415783405304,0.06182475760579109,1.2948570251464844,0.0,552.0,355,2,267,0,0,0,200,200,0
668,2672,722,106,723,3,right+B,0.059830717742443085,0.2672196328639984,0.12527824938297272,0.4842391312122345,0.06343220919370651,1.307464361190796,0.0,552.0,356,2,267,0,0,0,200,200,0
669,2676,722,89,723,1,right,0.060052886605262756,0.2671929895877838,0.12411649525165558,0.48510947823524475,0.06352807581424713,1.306530475616455,0.0,552.0,357,2,267,0,0,0,200,200,0
670,2680,722,79,723,3,right+B,0.06045791879296303,0.2669050991535187,0.12524622678756714,0.4839009642601013,0.06348975747823715,1.3086588382720947,-1.0,551.0,358,2,266,0,0,0,200,200,0
671,2684,722,93,723,4,right+A+B,0.058965589851140976,0.2642953395843506,0.11969608068466187,0.49686527252197266,0.06017780303955078,1.2893576622009277,0.0,551.0,359,2,266,0,0,0,200,200,0
672,2688,722,108,723,1,right,0.06040274351835251,0.2688913941383362,0.12661860883235931,0.4816448986530304,0.06244231015443802,1.309424638748169,0.0,551.0,360,2,266,0,0,0,200,200,0
673,2692,722,112,723,1,right,0.06025904044508934,0.26877516508102417,0.12657958269119263,0.48144108057022095,0.06294519454240799,1.3100316524505615,0.0,551.0,361,2,266,0,0,0,200,200,0
674,2696,722,106,723,1,right,0.059742897748947144,0.26739218831062317,0.1272447556257248,0.48217108845710754,0.06344907730817795,1.310056447982788,0.0,551.0,362,2,266,0,0,0,200,200,0
675,2700,722,89,723,0,NOOP,0.059139009565114975,0.26587173342704773,0.12318740785121918,0.4890325963497162,0.06276922672986984,1.300990104675293,-1.0,550.0,363,2,265,0,0,0,200,200,0
676,2704,722,79,723,3,right+B,0.0594060979783535,0.26579564809799194,0.1219039112329483,0.4903413653373718,0.06255292892456055,1.2992846965789795,0.0,550.0,364,2,265,0,0,0,200,200,0
677,2708,722,79,723,3,right+B,0.05790170654654503,0.26234936714172363,0.11540885269641876,0.5050129890441895,0.05932709202170372,1.2777965068817139,0.0,550.0,365,2,265,0,0,0,200,200,0
678,2712,722,79,723,1,right,0.058928314596414566,0.2653244733810425,0.11822763085365295,0.49698323011398315,0.06053628772497177,1.2885823249816895,0.0,550.0,366,2,265,0,0,0,200,200,0
679,2716,722,79,723,3,right+B,0.05946386232972145,0.26648980379104614,0.12089168280363083,0.4913862645626068,0.06176839396357536,1.296796202659607,0.0,550.0,367,2,265,0,0,0,200,200,0
680,2720,722,79,723,0,NOOP,0.05980093404650688,0.2676531672477722,0.122432179749012,0.48791372776031494,0.06220000609755516,1.30124831199646,-1.0,549.0,368,2,264,0,0,0,200,200,0
681,2724,722,79,723,3,right+B,0.0601142942905426,0.2676132619380951,0.12299918383359909,0.4869605302810669,0.06231280416250229,1.3028953075408936,0.0,549.0,369,2,264,0,0,0,200,200,0
682,2728,722,93,723,2,right+A,0.06027117371559143,0.2681470513343811,0.12404397875070572,0.48526936769485474,0.06226838007569313,1.3048810958862305,0.0,549.0,370,2,264,0,0,0,200,200,0
683,2732,722,108,723,1,right,0.06146920472383499,0.2704372704029083,0.12865404784679413,0.4756910502910614,0.06374835222959518,1.3178470134735107,0.0,549.0,371,2,264,0,0,0,200,200,0
684,2736,722,112,723,3,right+B,0.0599621906876564,0.2675686478614807,0.12545464932918549,0.48452261090278625,0.062491897493600845,1.3062663078308105,0.0,549.0,372,2,264,0,0,0,200,200,0
685,2740,722,106,723,1,right,0.06004027649760246,0.2684096693992615,0.12833110988140106,0.47949105501174927,0.06372781842947006,1.3132745027542114,-1.0,548.0,373,2,263,0,0,0,200,200,0
686,2744,722,89,723,4,right+A+B,0.059362247586250305,0.2666177749633789,0.12434740364551544,0.4866093397140503,0.06306327134370804,1.3041056394577026,0.0,548.0,374,2,263,0,0,0,200,200,0
687,2748,722,79,723,1,right,0.05917767807841301,0.265563040971756,0.12164309620857239,0.491245836019516,0.062370289117097855,1.2979191541671753,0.0,548.0,375,2,263,0,0,0,200,200,0
688,2752,722,79,723,1,right,0.058159127831459045,0.263069212436676,0.11618112772703171,0.5029675960540771,0.05962299555540085,1.280590295791626,0.0,548.0,376,2,263,0,0,0,200,200,0
689,2756,722,79,723,3,right+B,0.05920104309916496,0.2656230330467224,0.11888357251882553,0.49558383226394653,0.06070847436785698,1.2906508445739746,0.0,548.0,377,2,263,0,0,0,200,200,0
690,2760,722,79,723,3,right+B,0.059796690940856934,0.2668878734111786,0.12154530733823776,0.48973944783210754,0.06203065440058708,1.2991969585418701,-1.0,547.0,378,2,262,0,0,0,200,200,0
691,2764,722,93,723,2,right+A,0.0598333403468132,0.26739415526390076,0.12114083021879196,0.4897242486476898,0.06190747767686844,1.2987617254257202,0.0,547.0,379,2,262,0,0,0,200,200,0
692,2768,722,109,723,2,right+A,0.06093205139040947,0.2697715759277344,0.1252913922071457,0.4805029034614563,0.06350206583738327,1.3114073276519775,0.0,547.0,380,2,262,0,0,0,200,200,0
693,2772,722,121,723,1,right,0.060198988765478134,0.26792120933532715,0.12481313198804855,0.48374223709106445,0.06332443654537201,1.30780029296875,0.0,547.0,381,2,262,0,0,0,200,200,0
694,2776,722,122,723,3,right+B,0.06163375452160835,0.2703748047351837,0.13096307218074799,0.47066015005111694,0.0663682147860527,1.3263328075408936,0.0,547.0,382,2,262,0,0,0,200,200,0
695,2780,722,113,723,3,right+B,0.061352163553237915,0.2692738473415375,0.1274072676897049,0.4763120114803314,0.06565474718809128,1.3191144466400146,-1.0,546.0,383,2,261,0,0,0,200,200,0
696,2784,722,94,723,1,right,0.060203153640031815,0.2669031620025635,0.12229107320308685,0.4880186915397644,0.06258391588926315,1.3022342920303345,0.0,546.0,384,2,261,0,0,0,200,200,0
697,2788,722,79,723,3,right+B,0.05995497852563858,0.2666136622428894,0.12134762108325958,0.48926597833633423,0.06281778216362,1.3007086515426636,0.0,546.0,385,2,261,0,0,0,200,200,0
698,2792,722,79,723,1,right,0.059664271771907806,0.2659507691860199,0.11860501766204834,0.4950205981731415,0.06075936183333397,1.2915462255477905,0.0,546.0,386,2,261,0,0,0,200,200,0
699,2796,722,93,723,2,right+A,0.05970992147922516,0.26517289876937866,0.11802364885807037,0.4966627359390259,0.06043079495429993,1.2896331548690796,0.0,546.0,387,2,261,0,0,0,200,200,0
700,2800,722,108,723,3,right+B,0.06112103909254074,0.2683056890964508,0.1251586377620697,0.4813423454761505,0.06407228857278824,1.3119194507598877,-1.0,545.0,388,2,260,0,0,0,200,200,0
701,2804,722,112,723,3,right+B,0.06034587696194649,0.26735183596611023,0.12428200244903564,0.4847385585308075,0.06328169256448746,1.3069604635238647,0.0,545.0,389,2,260,0,0,0,200,200,0
702,2808,722,106,723,1,right,0.06053820997476578,0.2685390114784241,0.12587091326713562,0.48162439465522766,0.06342744082212448,1.3105038404464722,0.0,545.0,390,2,260,0,0,0,200,200,0
703,2812,722,89,723,3,right+B,0.0598960742354393,0.26799193024635315,0.1208597794175148,0.48870694637298584,0.06254521012306213,1.3001763820648193,0.0,545.0,391,2,260,0,0,0,200,200,0
704,2816,722,79,723,3,right+B,0.06013043597340584,0.2683159112930298,0.12096266448497772,0.48770448565483093,0.06288647651672363,1.3017055988311768,0.0,545.0,392,2,260,0,0,0,200,200,0
705,2820,722,79,723,3,right+B,0.05969173461198807,0.2667114734649658,0.11641222983598709,0.49679088592529297,0.06039366126060486,1.2881509065628052,-1.0,544.0,393,2,259,0,0,0,200,200,0
706,2824,722,79,723,3,right+B,0.06066754460334778,0.26969051361083984,0.12083453685045242,0.4874434769153595,0.06136393919587135,1.300329327583313,0.0,544.0,394,2,259,0,0,0,200,200,0
707,2828,722,79,723,3,right+B,0.06019008159637451,0.27007797360420227,0.12260866165161133,0.48555582761764526,0.061567459255456924,1.302441120147705,0.0,544.0,395,2,259,0,0,0,200,200,0
708,2832,722,79,723,1,right,0.05974826216697693,0.27078643441200256,0.11995413899421692,0.4893653094768524,0.06014587730169296,1.2952818870544434,0.0,544.0,396,2,259,0,0,0,200,200,0
709,2836,722,93,723,2,right+A,0.06009172275662422,0.27136537432670593,0.11942215263843536,0.4885801076889038,0.060540590435266495,1.2964216470718384,0.0,544.0,397,2,259,0,0,0,200,200,0
710,2840,722,108,723,3,right+B,0.05988764390349388,0.27287977933883667,0.12203030288219452,0.48353317379951477,0.061669059097766876,1.3028459548950195,-1.0,543.0,398,2,258,0,0,0,200,200,0
711,2844,722,112,723,2,right+A,0.05939425528049469,0.270546019077301,0.12202931195497513,0.4865679144859314,0.06146244332194328,1.3000315427780151,0.0,543.0,399,2,258,0,0,0,200,200,0
712,2848,722,106,723,3,right+B,0.058695290237665176,0.2696511745452881,0.12219802290201187,0.48824870586395264,0.06120679900050163,1.2977315187454224,0.0,543.0,400,2,258,0,0,0,200,200,0
713,2852,722,89,723,2,right+A,0.057285405695438385,0.26636090874671936,0.11610937863588333,0.5003507733345032,0.05989353731274605,1.281275987625122,0.0,543.0,401,2,258,0,0,0,200,200,0
714,2856,722,79,723,3,right+B,0.05968259274959564,0.26966145634651184,0.12142842262983322,0.4866095185279846,0.06261802464723587,1.3016642332077026,0.0,543.0,402,2,258,0,0,0,200,200,0
715,2860,722,79,723,3,right+B,0.058019403368234634,0.26574650406837463,0.1140393614768982,0.5027382969856262,0.0594564750790596,1.278496503829956,-1.0,542.0,403,2,257,0,0,0,200,200,0
716,2864,722,93,723,2,right+A,0.05786414444446564,0.26808345317840576,0.11708434671163559,0.4975617825984955,0.05940627306699753,1.2839839458465576,0.0,542.0,404,2,257,0,0,0,200,200,0
717,2868,722,108,723,0,NOOP,0.05957728996872902,0.27138155698776245,0.12615951895713806,0.48007941246032715,0.0628022849559784,1.3092628717422485,0.0,542.0,405,2,257,0,0,0,200,200,0
718,2872,722,112,723,3,right+B,0.061390187591314316,0.2753201723098755,0.13420940935611725,0.4636467695236206,0.06543349474668503,1.3307560682296753,0.0,542.0,406,2,257,0,0,0,200,200,0
719,2876,722,106,723,3,right+B,0.06214883551001549,0.27732813358306885,0.14099785685539246,0.4520072042942047,0.06751803308725357,1.3454729318618774,0.0,542.0,407,2,257,0,0,0,200,200,0
720,2880,722,89,723,3,right+B,0.05924418196082115,0.27013474702835083,0.12755203247070312,0.48077455163002014,0.062294479459524155,1.3086705207824707,-1.0,541.0,408,2,256,0,0,0,200,200,0
721,2884,722,79,723,2,right+A,0.0596667155623436,0.2702442705631256,0.12619398534297943,0.48244550824165344,0.06144954264163971,1.306072473526001,0.0,541.0,409,2,256,0,0,0,200,200,0
722,2888,722,79,723,1,right,0.05954708531498909,0.268550306558609,0.12178681790828705,0.4897686839103699,0.06034708395600319,1.2965099811553955,0.0,541.0,410,2,256,0,0,0,200,200,0
723,2892,722,79,723,1,right,0.060413893312215805,0.26941564679145813,0.12356679141521454,0.48430153727531433,0.06230222061276436,1.3053447008132935,0.0,541.0,411,2,256,0,0,0,200,200,0
724,2896,722,79,723,3,right+B,0.06171129643917084,0.27365759015083313,0.12795497477054596,0.47235360741615295,0.06432252377271652,1.3203649520874023,0.0,541.0,412,2,256,0,0,0,200,200,0
725,2900,722,79,723,3,right+B,0.06235914304852486,0.2744506299495697,0.12907829880714417,0.46862831711769104,0.0654836893081665,1.3258640766143799,-1.0,540.0,413,2,255,0,0,0,200,200,0
726,2904,722,79,723,1,right,0.06097687408328056,0.2707388401031494,0.12592661380767822,0.4785652756690979,0.06379233300685883,1.3134918212890625,0.0,540.0,414,2,255,0,0,0,200,200,0
727,2908,722,93,723,2,right+A,0.061027005314826965,0.2738598585128784,0.1315893530845642,0.4681780934333801,0.06534571200609207,1.3257877826690674,0.0,540.0,415,2,255,0,0,0,200,200,0
728,2912,722,108,723,3,right+B,0.06562257558107376,0.2800852060317993,0.1557820737361908,0.42346253991127014,0.07504761964082718,1.3830668926239014,0.0,540.0,416,2,255,0,0,0,200,200,0
729,2916,722,112,723,3,right+B,0.06356527656316757,0.27611005306243896,0.14786168932914734,0.4414827227592468,0.07098017632961273,1.3618731498718262,0.0,540.0,417,2,255,0,0,0,200,200,0
730,2920,722,106,723,3,right+B,0.062121037393808365,0.2725067436695099,0.1435219943523407,0.4532630443572998,0.06858715415000916,1.3479609489440918,-1.0,539.0,418,2,254,0,0,0,200,200,0
731,2924,722,89,723,3,right+B,0.06328515708446503,0.2743324935436249,0.14328768849372864,0.4508261978626251,0.06826851516962051,1.3503079414367676,0.0,539.0,419,2,254,0,0,0,200,200,0
732,2928,722,79,723,3,right+B,0.06207944452762604,0.2718786895275116,0.13293904066085815,0.46720802783966064,0.06589476764202118,1.3296376466751099,0.0,539.0,420,2,254,0,0,0,200,200,0
733,2932,722,79,723,3,right+B,0.05940454453229904,0.26863065361976624,0.12332998216152191,0.4874536991119385,0.06118110194802284,1.300130844116211,0.0,539.0,421,2,254,0,0,0,200,200,0
734,2936,722,79,723,3,right+B,0.06300018727779388,0.2760595381259918,0.1364278793334961,0.4575483798980713,0.06696401536464691,1.34004545211792,0.0,539.0,422,2,254,0,0,0,200,200,0
735,2940,722,93,723,2,right+A,0.06346197426319122,0.2767443060874939,0.14043088257312775,0.44985267519950867,0.06951010227203369,1.3508704900741577,-1.0,538.0,423,2,253,0,0,0,200,200,0
736,2944,722,109,723,2,right+A,0.06295527517795563,0.2774907052516937,0.14007438719272614,0.45077934861183167,0.06870027631521225,1.348304271697998,0.0,538.0,424,2,253,0,0,0,200,200,0
737,2948,722,121,723,3,right+B,0.05993224307894707,0.2681801915168762,0.12451140582561493,0.4835970997810364,0.0637790784239769,1.307910442352295,0.0,538.0,425,2,253,0,0,0,200,200,0
738,2952,722,122,723,2,right+A,0.061049025505781174,0.2709580957889557,0.13025100529193878,0.4713950455188751,0.06634676456451416,1.3245081901550293,0.0,538.0,426,2,253,0,0,0,200,200,0
739,2956,722,113,723,0,NOOP,0.06248884275555611,0.2754329442977905,0.1323612630367279,0.4622199535369873,0.06749697029590607,1.3347285985946655,0.0,538.0,427,2,253,0,0,0,200,200,0
740,2960,722,94,723,0,NOOP,0.06060383468866348,0.27217450737953186,0.12766069173812866,0.47505614161491394,0.06450480222702026,1.3172582387924194,-1.0,537.0,428,2,252,0,0,0,200,200,0
741,2964,722,79,723,2,right+A,0.06028204411268234,0.2695915997028351,0.12811672687530518,0.47684523463249207,0.06516432762145996,1.3170523643493652,0.0,537.0,429,2,252,0,0,0,200,200,0
742,2968,722,79,723,3,right+B,0.05961810052394867,0.26909029483795166,0.12444860488176346,0.4850277900695801,0.061815254390239716,1.3036924600601196,0.0,537.0,430,2,252,0,0,0,200,200,0
743,2972,722,79,723,1,right,0.05879621207714081,0.2673431932926178,0.12182626128196716,0.4927535653114319,0.059280745685100555,1.2919986248016357,0.0,537.0,431,2,252,0,0,0,200,200,0
744,2976,722,79,723,3,right+B,0.05960044637322426,0.2714487314224243,0.12365646660327911,0.48373398184776306,0.06156037375330925,1.3034272193908691,0.0,537.0,432,2,252,0,0,0,200,200,0
745,2980,722,79,723,1,right,0.06159793213009834,0.2778817415237427,0.13143044710159302,0.46434321999549866,0.06474670022726059,1.3276759386062622,-1.0,536.0,433,2,251,0,0,0,200,200,0
746,2984,722,79,723,3,right+B,0.05958620831370354,0.27241888642311096,0.12144788354635239,0.48545315861701965,0.061093833297491074,1.299957036972046,0.0,536.0,434,2,251,0,0,0,200,200,0
747,2988,722,79,723,1,right,0.05986213684082031,0.2720073163509369,0.12363766133785248,0.4821544587612152,0.06233846768736839,1.3058677911758423,0.0,536.0,435,2,251,0,0,0,200,200,0
748,2992,722,79,723,1,right,0.05979132652282715,0.27012643218040466,0.12428047508001328,0.48409318923950195,0.06170852109789848,1.3042141199111938,0.0,536.0,436,2,251,0,0,0,200,200,0
749,2996,722,79,723,3,right+B,0.05978378280997276,0.2713971734046936,0.12278924137353897,0.48502811789512634,0.06100175529718399,1.3014392852783203,0.0,536.0,437,2,251,0,0,0,200,200,0
750,3000,722,79,723,3,right+B,0.0584702305495739,0.26862093806266785,0.11849751323461533,0.49529796838760376,0.05911341309547424,1.2870242595672607,-1.0,535.0,438,2,250,0,0,0,200,200,0
751,3004,722,79,723,1,right,0.05879112333059311,0.26815932989120483,0.11865083873271942,0.49407878518104553,0.06031985953450203,1.290196418762207,0.0,535.0,439,2,250,0,0,0,200,200,0
752,3008,722,93,723,4,right+A+B,0.06037919595837593,0.2708815336227417,0.12344591319561005,0.4830923080444336,0.062200941145420074,1.3057535886764526,0.0,535.0,440,2,250,0,0,0,200,200,0
753,3012,722,108,723,1,right,0.060454919934272766,0.27141422033309937,0.12465916574001312,0.48125237226486206,0.06221937760710716,1.3079025745391846,0.0,535.0,441,2,250,0,0,0,200,200,0
754,3016,722,112,723,4,right+A+B,0.060077004134655,0.269186794757843,0.12075509876012802,0.48891472816467285,0.0610663928091526,1.2980669736862183,0.0,535.0,442,2,250,0,0,0,200,200,0
755,3020,722,106,723,1,right,0.06010213494300842,0.2681155502796173,0.1245504692196846,0.4856283962726593,0.06160347908735275,1.303830623626709,-1.0,534.0,443,2,249,0,0,0,200,200,0
756,3024,722,89,723,4,right+A+B,0.05958961322903633,0.2683204412460327,0.1206795945763588,0.4900471866130829,0.06136317551136017,1.2970343828201294,0.0,534.0,444,2,249,0,0,0,200,200,0
757,3028,722,79,723,0,NOOP,0.05967368185520172,0.26866528391838074,0.12184761464595795,0.4872760772705078,0.06253735721111298,1.3014707565307617,0.0,534.0,445,2,249,0,0,0,200,200,0
758,3032,722,79,723,1,right,0.05896325781941414,0.266752153635025,0.11748111993074417,0.49630337953567505,0.06050010770559311,1.2883983850479126,0.0,534.0,446,2,249,0,0,0,200,200,0
759,3036,722,79,723,3,right+B,0.05967186018824577,0.2681272029876709,0.11868149042129517,0.49220508337020874,0.0613144151866436,1.294168472290039,0.0,534.0,447,2,249,0,0,0,200,200,0
760,3040,722,79,723,0,NOOP,0.059586383402347565,0.2679344713687897,0.11841528862714767,0.49288684129714966,0.06117691472172737,1.2932049036026,-1.0,533.0,448,2,248,0,0,0,200,200,0
761,3044,722,79,723,3,right+B,0.05983470380306244,0.2676584720611572,0.11913090944290161,0.4913513660430908,0.06202457845211029,1.2963393926620483,0.0,533.0,449,2,248,0,0,0,200,200,0
762,3048,722,79,723,3,right+B,0.05984021723270416,0.26717299222946167,0.1194804310798645,0.49133536219596863,0.06217102333903313,1.2968533039093018,0.0,533.0,450,2,248,0,0,0,200,200,0
763,3052,722,79,723,1,right,0.05989931896328926,0.26664313673973083,0.11916273087263107,0.4926002025604248,0.061694685369729996,1.2952167987823486,0.0,533.0,451,2,248,0,0,0,200,200,0
764,3056,722,79,723,3,right+B,0.06001812964677811,0.2665767967700958,0.11991443485021591,0.4914206266403198,0.06206993758678436,1.2972675561904907,0.0,533.0,452,2,248,0,0,0,200,200,0
765,3060,722,79,723,1,right,0.06007887423038483,0.26717373728752136,0.12138372659683228,0.488844633102417,0.06251906603574753,1.3007442951202393,-1.0,532.0,453,2,247,0,0,0,200,200,0
766,3064,722,93,723,2,right+A,0.060658328235149384,0.2677902579307556,0.12355130165815353,0.4848457872867584,0.06315426528453827,1.3066151142120361,0.0,532.0,454,2,247,0,0,0,200,200,0
767,3068,722,108,723,3,right+B,0.06070992723107338,0.2694888710975647,0.12599922716617584,0.4803983271121979,0.0634036436676979,1.3115352392196655,0.0,532.0,455,2,247,0,0,0,200,200,0
768,3072,722,112,723,0,NOOP,0.059994619339704514,0.2680184841156006,0.12459103018045425,0.48502326011657715,0.062372662127017975,1.3051862716674805,0.0,532.0,456,2,247,0,0,0,200,200,0
769,3076,722,106,723,2,right+A,0.06024596467614174,0.2687630355358124,0.12724779546260834,0.4799691438674927,0.06377409398555756,1.3125669956207275,0.0,532.0,457,2,247,0,0,0,200,200,0
770,3080,722,89,723,4,right+A+B,0.059537339955568314,0.26652446389198303,0.12403672188520432,0.4864288866519928,0.06347263604402542,1.304828405380249,-1.0,531.0,458,2,246,0,0,0,200,200,0
771,3084,722,79,723,2,right+A,0.0590328611433506,0.26515692472457886,0.12122920900583267,0.4920784533023834,0.06250255554914474,1.2970560789108276,0.0,531.0,459,2,246,0,0,0,200,200,0
772,3088,722,79,723,3,right+B,0.058177266269922256,0.2629455626010895,0.1163904219865799,0.502590000629425,0.0598968081176281,1.2814388275146484,0.0,531.0,460,2,246,0,0,0,200,200,0
773,3092,722,93,723,2,right+A,0.05906566232442856,0.2653995752334595,0.11881905794143677,0.49587616324424744,0.060839537531137466,1.2904064655303955,0.0,531.0,461,2,246,0,0,0,200,200,0
774,3096,722,108,723,3,right+B,0.059761349111795425,0.2677551507949829,0.12368808686733246,0.4858355224132538,0.06295992434024811,1.3045125007629395,0.0,531.0,462,2,246,0,0,0,200,200,0
775,3100,722,112,723,1,right,0.05936947092413902,0.2664579451084137,0.12223897129297256,0.4895302653312683,0.06240333244204521,1.2997691631317139,-1.0,530.0,463,2,245,0,0,0,200,200,0
776,3104,722,106,723,1,right,0.05961281806230545,0.2669009268283844,0.1265026479959488,0.4830089211463928,0.06397473812103271,1.3095669746398926,0.0,530.0,464,2,245,0,0,0,200,200,0
777,3108,722,89,723,4,right+A+B,0.05914187803864479,0.2655777931213379,0.1240064725279808,0.487773060798645,0.06350073218345642,1.3034391403198242,0.0,530.0,465,2,245,0,0,0,200,200,0
778,3112,722,79,723,3,right+B,0.05952310934662819,0.2658340334892273,0.12419144809246063,0.4873094856739044,0.06314187496900558,1.3039183616638184,0.0,530.0,466,2,245,0,0,0,200,200,0
779,3116,722,79,723,1,right,0.05857883766293526,0.2639179229736328,0.11921844631433487,0.4981096088886261,0.06017520651221275,1.2876057624816895,0.0,530.0,467,2,245,0,0,0,200,200,0
780,3120,722,93,723,4,right+A+B,0.059112872928380966,0.2659740447998047,0.1208283007144928,0.4934599995613098,0.06062482297420502,1.2932623624801636,-1.0,529.0,468,2,244,0,0,0,200,200,0
781,3124,722,109,723,4,right+A+B,0.060245249420404434,0.2695857584476471,0.12645646929740906,0.48038414120674133,0.06332839280366898,1.3110870122909546,0.0,529.0,469,2,244,0,0,0,200,200,0
782,3128,722,122,723,2,right+A,0.05970006808638573,0.2676878571510315,0.12410066276788712,0.4858050048351288,0.0627063512802124,1.3043889999389648,0.0,529.0,470,2,244,0,0,0,200,200,0
783,3132,722,130,723,3,right+B,0.06023385748267174,0.2689954340457916,0.12741099298000336,0.47806960344314575,0.06529009342193604,1.3159313201904297,0.0,529.0,471,2,244,0,0,0,200,200,0
784,3136,722,129,723,3,right+B,0.05920721963047981,0.2680007517337799,0.12602616846561432,0.4825405776500702,0.06422529369592667,1.309233546257019,0.0,529.0,472,2,244,0,0,0,200,200,0
785,3140,722,117,723,3,right+B,0.059249915182590485,0.2669649124145508,0.126821368932724,0.4824558198451996,0.06450796127319336,1.3103466033935547,-1.0,528.0,473,2,243,0,0,0,200,200,0
786,3144,722,97,723,2,right+A,0.06038191542029381,0.26804763078689575,0.1283666342496872,0.4770045578479767,0.0661991685628891,1.3187534809112549,0.0,528.0,474,2,243,0,0,0,200,200,0
787,3148,722,79,723,3,right+B,0.058832742273807526,0.2672288417816162,0.12510572373867035,0.4846525192260742,0.06418022513389587,1.3066571950912476,0.0,528.0,475,2,243,0,0,0,200,200,0
788,3152,722,79,723,3,right+B,0.05872024595737457,0.2667568624019623,0.12381695210933685,0.48739510774612427,0.06331083923578262,1.3026149272918701,0.0,528.0,476,2,243,0,0,0,200,200,0
789,3156,722,79,723,1,right,0.0591573528945446,0.2649959623813629,0.12046638131141663,0.493938684463501,0.06144159659743309,1.293947458267212,0.0,528.0,477,2,243,0,0,0,200,200,0
790,3160,722,79,723,3,right+B,0.06068050116300583,0.2677755355834961,0.12566199898719788,0.4821780025959015,0.0637039989233017,1.3106310367584229,-1.0,527.0,478,2,242,0,0,0,200,200,0
791,3164,722,79,723,1,right,0.06049452722072601,0.26876261830329895,0.12489790469408035,0.4829808175563812,0.06286411732435226,1.3080878257751465,0.0,527.0,479,2,242,0,0,0,200,200,0
792,3168,722,79,723,1,right,0.05994528532028198,0.267498254776001,0.12285848706960678,0.48794373869895935,0.061754174530506134,1.3011267185211182,0.0,527.0,480,2,242,0,0,0,200,200,0
793,3172,722,79,723,3,right+B,0.059895336627960205,0.26853692531585693,0.12280605733394623,0.4864889085292816,0.06227277219295502,1.3026397228240967,0.0,527.0,481,2,242,0,0,0,200,200,0
794,3176,722,79,723,3,right+B,0.060301102697849274,0.2686116397380829,0.12243077158927917,0.48586517572402954,0.06279131770133972,1.3040788173675537,0.0,527.0,482,2,242,0,0,0,200,200,0
795,3180,722,93,723,2,right+A,0.05976945534348488,0.2673797011375427,0.12064643204212189,0.48999932408332825,0.062205053865909576,1.298541784286499,-1.0,526.0,483,2,241,0,0,0,200,200,0
796,3184,722,108,723,3,right+B,0.06080379709601402,0.26942673325538635,0.1235581710934639,0.4828166365623474,0.06339472532272339,1.3083784580230713,0.0,526.0,484,2,241,0,0,0,200,200,0
797,3188,722,112,723,3,right+B,0.059943221509456635,0.2670374810695648,0.12054946273565292,0.4903743863105774,0.06209542602300644,1.2983371019363403,0.0,526.0,485,2,241,0,0,0,200,200,0
798,3192,722,106,723,3,right+B,0.06008250638842583,0.26596158742904663,0.12346367537975311,0.48711198568344116,0.06338023394346237,1.3046587705612183,0.0,526.0,486,2,241,0,0,0,200,200,0
799,3196,722,89,723,1,right,0.05965516343712807,0.26489776372909546,0.12135493010282516,0.49094653129577637,0.06314564496278763,1.2997105121612549,0.0,526.0,487,2,241,0,0,0,200,200,0
800,3200,722,79,723,1,right,0.06010424718260765,0.2660379111766815,0.12281817942857742,0.4874269962310791,0.0636126771569252,1.3043360710144043,-1.0,525.0,488,2,240,0,0,0,200,200,0
801,3204,722,79,723,3,right+B,0.059017736464738846,0.26431623101234436,0.11882271617650986,0.49719202518463135,0.06065122410655022,1.2892333269119263,0.0,525.0,489,2,240,0,0,0,200,200,0
802,3208,722,93,723,2,right+A,0.06067822128534317,0.2685452997684479,0.12223991006612778,0.4870385527610779,0.06149802356958389,1.3019009828567505,0.0,525.0,490,2,240,0,0,0,200,200,0
803,3212,722,109,723,4,right+A+B,0.06141014024615288,0.2715871036052704,0.1264932006597519,0.47710102796554565,0.06340859830379486,1.3148431777954102,0.0,525.0,491,2,240,0,0,0,200,200,0
804,3216,722,121,723,3,right+B,0.06059783697128296,0.27075591683387756,0.12279104441404343,0.48353004455566406,0.06232508644461632,1.3054943084716797,0.0,525.0,492,2,240,0,0,0,200,200,0
805,3220,722,122,723,3,right+B,0.06142608821392059,0.2735489010810852,0.12685717642307281,0.4732447564601898,0.06492301821708679,1.3194797039031982,-1.0,524.0,493,2,239,0,0,0,200,200,0
806,3224,722,113,723,1,right,0.06017879396677017,0.2702327370643616,0.12427955120801926,0.48050519824028015,0.06480367481708527,1.3113696575164795,0.0,524.0,494,2,239,0,0,0,200,200,0
807,3228,722,94,723,4,right+A+B,0.05897059664130211,0.26790085434913635,0.11695542931556702,0.4951729476451874,0.06100023165345192,1.2894151210784912,0.0,524.0,495,2,239,0,0,0,200,200,0
808,3232,722,79,723,3,right+B,0.05879092589020729,0.2683415114879608,0.11409817636013031,0.4982362687587738,0.06053311005234718,1.2841548919677734,0.0,524.0,496,2,239,0,0,0,200,200,0
809,3236,722,79,723,3,right+B,0.058666959404945374,0.26817086338996887,0.11363290995359421,0.5003765225410461,0.05915278196334839,1.2801673412322998,0.0,524.0,497,2,239,0,0,0,200,200,0
810,3240,722,79,723,3,right+B,0.05821157991886139,0.26657041907310486,0.11432889848947525,0.5020487904548645,0.05884038284420967,1.2785453796386719,-1.0,523.0,498,2,238,0,0,0,200,200,0
811,3244,722,79,723,1,right,0.059171319007873535,0.27021121978759766,0.11953375488519669,0.49066561460494995,0.060418058186769485,1.2937012910842896,0.0,523.0,499,2,238,0,0,0,200,200,0
812,3248,722,79,723,1,right,0.05893341451883316,0.27044108510017395,0.119806669652462,0.4908559322357178,0.0599629282951355,1.2927647829055786,0.0,523.0,500,2,238,0,0,0,200,200,0
813,3252,722,79,723,1,right,0.059164710342884064,0.26913848519325256,0.11925586313009262,0.49193790555000305,0.06050301715731621,1.2928286790847778,0.0,523.0,501,2,238,0,0,0,200,200,0
814,3256,722,79,723,3,right+B,0.06055231764912605,0.2727152109146118,0.12262290716171265,0.48187902569770813,0.06223050504922867,1.3061015605926514,0.0,523.0,502,2,238,0,0,0,200,200,0
815,3260,722,79,723,3,right+B,0.06000727787613869,0.2712920010089874,0.12326671183109283,0.48341864347457886,0.062015436589717865,1.304591178894043,-1.0,522.0,503,2,237,0,0,0,200,200,0
816,3264,722,79,723,3,right+B,0.059243641793727875,0.2704649865627289,0.12371078878641129,0.4854699373245239,0.061110660433769226,1.30125093460083,0.0,522.0,504,2,237,0,0,0,200,200,0
817,3268,722,79,723,3,right+B,0.0601775087416172,0.27245819568634033,0.12725697457790375,0.47738420963287354,0.06272311508655548,1.3124175071716309,0.0,522.0,505,2,237,0,0,0,200,200,0
818,3272,722,79,723,3,right+B,0.06135556101799011,0.276846319437027,0.13433454930782318,0.46206942200660706,0.06539415568113327,1.331552505493164,0.0,522.0,506,2,237,0,0,0,200,200,0
819,3276,722,93,723,2,right+A,0.0612306073307991,0.27579206228256226,0.13023294508457184,0.4681888520717621,0.0645555630326271,1.3239425420761108,0.0,522.0,507,2,237,0,0,0,200,200,0
820,3280,722,108,723,3,right+B,0.05979928746819496,0.2721734046936035,0.12465362250804901,0.48197537660598755,0.06139834597706795,1.3052794933319092,-1.0,521.0,508,2,236,0,0,0,200,200,0
821,3284,722,112,723,3,right+B,0.06007811799645424,0.2699962258338928,0.12508289515972137,0.48294132947921753,0.06190134584903717,1.3062212467193604,0.0,521.0,509,2,236,0,0,0,200,200,0
822,3288,722,106,723,2,right+A,0.060027457773685455,0.2696290612220764,0.12623028457164764,0.4804070293903351,0.06370625644922256,1.3111217021942139,0.0,521.0,510,2,236,0,0,0,200,200,0
823,3292,722,89,723,1,right,0.06072508543729782,0.2701203227043152,0.12788520753383636,0.4767107665538788,0.06455861032009125,1.3167554140090942,0.0,521.0,511,2,236,0,0,0,200,200,0
824,3296,722,79,723,3,right+B,0.06246921792626381,0.27422356605529785,0.13072609901428223,0.46648600697517395,0.06609507650136948,1.32927405834198,0.0,521.0,512,2,236,0,0,0,200,200,0
825,3300,722,79,723,3,right+B,0.06051347032189369,0.27014094591140747,0.12357253581285477,0.48333320021629333,0.062439821660518646,1.3062652349472046,-1.0,520.0,513,2,235,0,0,0,200,200,0
826,3304,722,79,723,3,right+B,0.060389067977666855,0.27067506313323975,0.1256982684135437,0.4814402461051941,0.06179739907383919,1.3078763484954834,0.0,520.0,514,2,235,0,0,0,200,200,0
827,3308,722,79,723,0,NOOP,0.06356674432754517,0.2769576907157898,0.13999007642269135,0.4516477882862091,0.06783761084079742,1.3475180864334106,0.0,520.0,515,2,235,0,0,0,200,200,0
828,3312,722,79,723,0,NOOP,0.06427622586488724,0.27739083766937256,0.1497902274131775,0.4375615417957306,0.0709812194108963,1.365926742553711,0.0,520.0,516,2,235,0,0,0,200,200,0
829,3316,722,93,723,2,right+A,0.06369654089212418,0.2758352756500244,0.14438576996326447,0.44701749086380005,0.06906485557556152,1.3545933961868286,0.0,520.0,517,2,235,0,0,0,200,200,0
830,3320,722,108,723,1,right,0.06262778490781784,0.274270623922348,0.1384332776069641,0.4580552279949188,0.0666131004691124,1.3401330709457397,-1.0,519.0,518,2,234,0,0,0,200,200,0
831,3324,722,112,723,1,right,0.06217571720480919,0.2725178003311157,0.13306939601898193,0.4663216471672058,0.06591551005840302,1.3303806781768799,0.0,519.0,519,2,234,0,0,0,200,200,0
832,3328,722,106,723,2,right+A,0.061020899564027786,0.27132654190063477,0.1311754435300827,0.4706090986728668,0.06586804986000061,1.324899435043335,0.0,519.0,520,2,234,0,0,0,200,200,0
833,3332,722,89,723,1,right,0.0626060739159584,0.2747519016265869,0.14087677001953125,0.45248302817344666,0.06928221881389618,1.348298192024231,0.0,519.0,521,2,234,0,0,0,200,200,0
834,3336,722,79,723,4,right+A+B,0.06409910321235657,0.2771459221839905,0.1431046426296234,0.44441482424736023,0.07123555988073349,1.358565330505371,0.0,519.0,522,2,234,0,0,0,200,200,0
835,3340,722,79,723,3,right+B,0.06061621010303497,0.27093181014060974,0.1288767009973526,0.4756138026714325,0.06396150588989258,1.3170933723449707,-1.0,518.0,523,2,233,0,0,0,200,200,0
836,3344,722,79,723,3,right+B,0.06082702428102493,0.2710823118686676,0.12534555792808533,0.4793623387813568,0.06338278949260712,1.3117738962173462,0.0,518.0,524,2,233,0,0,0,200,200,0
837,3348,722,79,723,3,right+B,0.0607064813375473,0.2695750594139099,0.12408929318189621,0.48268747329711914,0.0629417896270752,1.3080649375915527,0.0,518.0,525,2,233,0,0,0,200,200,0
838,3352,722,93,723,2,right+A,0.06332682073116302,0.2757203280925751,0.13492713868618011,0.46003562211990356,0.06599005311727524,1.3368110656738281,0.0,518.0,526,2,233,0,0,0,200,200,0
839,3356,722,108,723,1,right,0.06227181479334831,0.27635160088539124,0.13474716246128082,0.4613831341266632,0.06524622440338135,1.333361029624939,0.0,518.0,527,2,233,0,0,0,200,200,0
840,3360,722,112,723,2,right+A,0.061287928372621536,0.2735566794872284,0.133668914437294,0.46697109937667847,0.06451544165611267,1.3271373510360718,-1.0,517.0,528,2,232,0,0,0,200,200,0
841,3364,722,106,723,2,right+A,0.06062248349189758,0.27131152153015137,0.1323963701725006,0.4710525870323181,0.06461704522371292,1.3231579065322876,0.0,517.0,529,2,232,0,0,0,200,200,0
842,3368,722,89,723,2,right+A,0.059208374470472336,0.26862430572509766,0.12566730380058289,0.48453542590141296,0.0619644820690155,1.304516077041626,0.0,517.0,530,2,232,0,0,0,200,200,0
843,3372,722,79,723,2,right+A,0.059428777545690536,0.27045273780822754,0.12354971468448639,0.48442643880844116,0.062142323702573776,1.3035409450531006,0.0,517.0,531,2,232,0,0,0,200,200,0
844,3376,722,79,723,2,right+A,0.0593142993748188,0.2711445093154907,0.1212044209241867,0.4871905744075775,0.06114621087908745,1.298414707183838,0.0,517.0,532,2,232,0,0,0,200,200,0
845,3380,722,79,723,3,right+B,0.058796871453523636,0.27078792452812195,0.11727205663919449,0.4934266209602356,0.05971652641892433,1.2885549068450928,-1.0,516.0,533,2,231,0,0,0,200,200,0
846,3384,722,79,723,1,right,0.05890036001801491,0.2694832682609558,0.11984386295080185,0.49073290824890137,0.06103959307074547,1.2944283485412598,0.0,516.0,534,2,231,0,0,0,200,200,0
847,3388,722,93,723,2,right+A,0.05988027900457382,0.27103230357170105,0.12491406500339508,0.4822874665260315,0.061885930597782135,1.3061487674713135,0.0,516.0,535,2,231,0,0,0,200,200,0
848,3392,722,108,723,0,NOOP,0.06069487705826759,0.2733211815357208,0.1257340908050537,0.47811800241470337,0.0621318481862545,1.3107434511184692,0.0,516.0,536,2,231,0,0,0,200,200,0
849,3396,722,112,723,1,right,0.059217669069767,0.27121350169181824,0.1227916032075882,0.48601987957954407,0.06075729429721832,1.2996395826339722,0.0,516.0,537,2,231,0,0,0,200,200,0
850,3400,722,106,723,0,NOOP,0.05981419235467911,0.2697453796863556,0.127851203083992,0.48015350103378296,0.06243567913770676,1.3103212118148804,-1.0,515.0,538,2,230,0,0,0,200,200,0
851,3404,722,89,723,2,right+A,0.05940374359488487,0.26846277713775635,0.12451029568910599,0.48544371128082275,0.0621795579791069,1.3037055730819702,0.0,515.0,539,2,230,0,0,0,200,200,0
852,3408,722,79,723,1,right,0.060014043003320694,0.2693197727203369,0.12477276474237442,0.4842158257961273,0.06167766451835632,1.3048124313354492,0.0,515.0,540,2,230,0,0,0,200,200,0
853,3412,722,93,723,2,right+A,0.05890074744820595,0.26567304134368896,0.11503414809703827,0.5018277168273926,0.05856442451477051,1.2799057960510254,0.0,515.0,541,2,230,0,0,0,200,200,0
854,3416,722,108,723,3,right+B,0.060326576232910156,0.27011218667030334,0.12005268037319183,0.48918917775154114,0.060319382697343826,1.2965974807739258,0.0,515.0,542,2,230,0,0,0,200,200,0
855,3420,722,112,723,3,right+B,0.06002537161111832,0.26945966482162476,0.11966288834810257,0.4898684322834015,0.06098365783691406,1.29641592502594,-1.0,514.0,543,2,229,0,0,0,200,200,0
856,3424,722,106,723,3,right+B,0.05996489152312279,0.2691267430782318,0.1234947144985199,0.48448988795280457,0.06292374432086945,1.3054118156433105,0.0,514.0,544,2,229,0,0,0,200,200,0
857,3428,722,89,723,3,right+B,0.05951856076717377,0.26771262288093567,0.12029504776000977,0.49003779888153076,0.06243596225976944,1.2981979846954346,0.0,514.0,545,2,229,0,0,0,200,200,0
858,3432,722,79,723,3,right+B,0.059894341975450516,0.2679066061973572,0.11981706321239471,0.49017152190208435,0.062210481613874435,1.297968864440918,0.0,514.0,546,2,229,0,0,0,200,200,0
859,3436,722,79,723,3,right+B,0.05795714259147644,0.26318734884262085,0.11426141858100891,0.5057185292243958,0.058875590562820435,1.2757954597473145,0.0,514.0,547,2,229,0,0,0,200,200,0
860,3440,722,93,723,4,right+A+B,0.05997038260102272,0.2676639258861542,0.11832872778177261,0.4930422604084015,0.06099472567439079,1.2933461666107178,-1.0,513.0,548,2,228,0,0,0,200,200,0
861,3444,722,108,723,3,right+B,0.06094559282064438,0.26920899748802185,0.12372725456953049,0.4827141761779785,0.06340397149324417,1.3087941408157349,0.0,513.0,549,2,228,0,0,0,200,200,0
862,3448,722,112,723,3,right+B,0.060726746916770935,0.26797664165496826,0.12449046224355698,0.48394283652305603,0.06286324560642242,1.3075535297393799,0.0,513.0,550,2,228,0,0,0,200,200,0
863,3452,722,106,723,3,right+B,0.06045631691813469,0.2673424184322357,0.12656079232692719,0.4824458956718445,0.063194639980793,1.3100831508636475,0.0,513.0,551,2,228,0,0,0,200,200,0
864,3456,722,89,723,3,right+B,0.05966605618596077,0.26598405838012695,0.12297277897596359,0.48912960290908813,0.062247470021247864,1.300800085067749,0.0,513.0,552,2,228,0,0,0,200,200,0
865,3460,722,79,723,3,right+B,0.06000896915793419,0.2669430673122406,0.12262342125177383,0.48760828375816345,0.06281626969575882,1.3027878999710083,-1.0,512.0,553,2,227,0,0,0,200,200,0
866,3464,722,79,723,1,right,0.05831105634570122,0.2628193199634552,0.11524849385023117,0.50435870885849,0.05926240608096123,1.2786132097244263,0.0,512.0,554,2,227,0,0,0,200,200,0
867,3468,722,93,723,2,right+A,0.05915191024541855,0.26628369092941284,0.1170884445309639,0.4977196753025055,0.05975629761815071,1.286370038986206,0.0,512.0,555,2,227,0,0,0,200,200,0
868,3472,722,108,723,3,right+B,0.06043926998972893,0.2693201005458832,0.123152956366539,0.484397292137146,0.06269041448831558,1.3055704832077026,0.0,512.0,556,2,227,0,0,0,200,200,0
869,3476,722,112,723,3,right+B,0.06008611619472504,0.2673643231391907,0.12194491177797318,0.48822107911109924,0.06238351762294769,1.301375389099121,0.0,512.0,557,2,227,0,0,0,200,200,0
870,3480,722,106,723,1,right,0.059534523636102676,0.26631730794906616,0.1244354173541069,0.4865604639053345,0.06315220892429352,1.3045885562896729,-1.0,511.0,558,2,226,0,0,0,200,200,0
871,3484,722,89,723,3,right+B,0.059048403054475784,0.2652837634086609,0.12185721099376678,0.49125605821609497,0.06255456060171127,1.298152208328247,0.0,511.0,559,2,226,0,0,0,200,200,0
872,3488,722,79,723,3,right+B,0.05970888212323189,0.26601654291152954,0.12264538556337357,0.48891744017601013,0.06271174550056458,1.30141282081604,0.0,511.0,560,2,226,0,0,0,200,200,0
873,3492,722,93,723,2,right+A,0.05857108160853386,0.2632679045200348,0.11741358786821365,0.501071035861969,0.05967633053660393,1.2835158109664917,0.0,511.0,561,2,226,0,0,0,200,200,0
874,3496,722,108,723,3,right+B,0.06048998981714249,0.2688729763031006,0.12604957818984985,0.48209765553474426,0.06248987838625908,1.3089306354522705,0.0,511.0,562,2,226,0,0,0,200,200,0
875,3500,722,112,723,3,right+B,0.06042006239295006,0.268462210893631,0.12704424560070038,0.4812524914741516,0.06282107532024384,1.3105504512786865,-1.0,510.0,563,2,225,0,0,0,200,200,0
876,3504,722,106,723,1,right,0.05974826589226723,0.26708731055259705,0.12773382663726807,0.4826059341430664,0.06282466650009155,1.3092687129974365,0.0,510.0,564,2,225,0,0,0,200,200,0
877,3508,722,89,723,3,right+B,0.059332702308893204,0.2668476700782776,0.1244659423828125,0.48675623536109924,0.06259743124246597,1.303389549255371,0.0,510.0,565,2,225,0,0,0,200,200,0
878,3512,722,79,723,4,right+A+B,0.05915352329611778,0.2657838761806488,0.12190824002027512,0.49114200472831726,0.06201234087347984,1.2976337671279907,0.0,510.0,566,2,225,0,0,0,200,200,0
879,3516,722,79,723,3,right+B,0.0578262023627758,0.26258689165115356,0.11519169062376022,0.5054818391799927,0.058913420885801315,1.2765800952911377,0.0,510.0,567,2,225,0,0,0,200,200,0
880,3520,722,79,723,3,right+B,0.05903550982475281,0.2657816708087921,0.11808496713638306,0.4968079924583435,0.060289885848760605,1.288373351097107,-1.0,509.0,568,2,224,0,0,0,200,200,0
881,3524,722,79,723,1,right,0.05939073860645294,0.2663411498069763,0.12027475237846375,0.4926091134548187,0.06138429418206215,1.2948849201202393,0.0,509.0,569,2,224,0,0,0,200,200,0
882,3528,722,93,723,4,right+A+B,0.059402357786893845,0.26683658361434937,0.12054280191659927,0.49182289838790894,0.06139533594250679,1.2956135272979736,0.0,509.0,570,2,224,0,0,0,200,200,0
883,3532,722,108,723,1,right,0.06015154719352722,0.2685231864452362,0.12364710867404938,0.48510199785232544,0.06257617473602295,1.304943323135376,0.0,509.0,571,2,224,0,0,0,200,200,0
884,3536,722,112,723,1,right,0.05986478552222252,0.26797235012054443,0.12404406815767288,0.485240638256073,0.06287818402051926,1.3051776885986328,0.0,509.0,572,2,224,0,0,0,200,200,0
885,3540,722,106,723,1,right,0.060069452971220016,0.26744985580444336,0.1276743859052658,0.4807495176792145,0.06405679136514664,1.312570571899414,-1.0,508.0,573,2,223,0,0,0,200,200,0
886,3544,722,89,723,3,right+B,0.05977220460772514,0.26671555638313293,0.12567225098609924,0.4846646785736084,0.06317536532878876,1.307051181793213,0.0,508.0,574,2,223,0,0,0,200,200,0
887,3548,722,79,723,3,right+B,0.05992858111858368,0.266696959733963,0.12483090907335281,0.4858867824077606,0.06265684217214584,1.3051685094833374,0.0,508.0,575,2,223,0,0,0,200,200,0
888,3552,722,79,723,3,right+B,0.05822035297751427,0.2631893754005432,0.11777282506227493,0.501878023147583,0.05893942713737488,1.2816588878631592,0.0,508.0,576,2,223,0,0,0,200,200,0
889,3556,722,79,723,1,right,0.05951685458421707,0.26712116599082947,0.12091414630413055,0.4919421374797821,0.0605057030916214,1.2946932315826416,0.0,508.0,577,2,223,0,0,0,200,200,0
890,3560,722,79,723,3,right+B,0.06004305183887482,0.267875611782074,0.12241601943969727,0.48792946338653564,0.061735935509204865,1.3009095191955566,-1.0,507.0,578,2,222,0,0,0,200,200,0
891,3564,722,79,723,3,right+B,0.05981748551130295,0.2677032947540283,0.12067879736423492,0.490401953458786,0.06139843538403511,1.2972136735916138,0.0,507.0,579,2,222,0,0,0,200,200,0
892,3568,722,79,723,3,right+B,0.059901002794504166,0.26712465286254883,0.1196434274315834,0.4921268820762634,0.061203934252262115,1.2951748371124268,0.0,507.0,580,2,222,0,0,0,200,200,0
893,3572,722,79,723,1,right,0.059713996946811676,0.26676052808761597,0.11997727304697037,0.4919334650039673,0.061614781618118286,1.2958848476409912,0.0,507.0,581,2,222,0,0,0,200,200,0
894,3576,722,79,723,3,right+B,0.060152385383844376,0.2675744593143463,0.12032730877399445,0.48999691009521484,0.06194888800382614,1.2984870672225952,0.0,507.0,582,2,222,0,0,0,200,200,0
895,3580,722,79,723,0,NOOP,0.05945945531129837,0.26594123244285583,0.11870882660150528,0.49474212527275085,0.061148423701524734,1.292069435119629,-1.0,506.0,583,2,221,0,0,0,200,200,0
896,3584,722,79,723,3,right+B,0.060572799295186996,0.26787039637565613,0.12102523446083069,0.48855236172676086,0.061979204416275024,1.3005850315093994,0.0,506.0,584,2,221,0,0,0,200,200,0
897,3588,722,79,723,3,right+B,0.060483358800411224,0.26721787452697754,0.11960156261920929,0.4917142689228058,0.06098302826285362,1.2959352731704712,0.0,506.0,585,2,221,0,0,0,200,200,0
898,3592,722,79,723,3,right+B,0.061357926577329636,0.2676166296005249,0.1224551722407341,0.48667529225349426,0.061895035207271576,1.3038758039474487,0.0,506.0,586,2,221,0,0,0,200,200,0
899,3596,722,79,723,3,right+B,0.06142694130539894,0.26826947927474976,0.12484163790941238,0.48254624009132385,0.06291568279266357,1.3097569942474365,0.0,506.0,587,2,221,0,0,0,200,200,0
900,3600,722,79,723,3,right+B,0.06047496199607849,0.26837289333343506,0.12482566386461258,0.48432019352912903,0.06200622394680977,1.3059638738632202,-1.0,505.0,588,2,220,0,0,0,200,200,0
901,3604,722,79,723,3,right+B,0.06084785237908363,0.2697720229625702,0.12407529354095459,0.4835211932659149,0.06178364157676697,1.3060826063156128,0.0,505.0,589,2,220,0,0,0,200,200,0
902,3608,722,79,723,1,right,0.060821130871772766,0.2697896361351013,0.12241285294294357,0.48514240980148315,0.06183404102921486,1.3038660287857056,0.0,505.0,590,2,220,0,0,0,200,200,0
903,3612,722,93,723,2,right+A,0.060619793832302094,0.27012649178504944,0.12098284810781479,0.48639723658561707,0.061873625963926315,1.30174720287323,0.0,505.0,591,2,220,0,0,0,200,200,0
904,3616,722,108,723,3,right+B,0.061106570065021515,0.2717965841293335,0.12148839980363846,0.4830015003681183,0.06260696798563004,1.3059343099594116,0.0,505.0,592,2,220,0,0,0,200,200,0
905,3620,722,112,723,3,right+B,0.05992494150996208,0.26882827281951904,0.11899486929178238,0.49090227484703064,0.061349619179964066,1.295643925666809,-1.0,504.0,593,2,219,0,0,0,200,200,0
906,3624,722,106,723,3,right+B,0.05933424457907677,0.26817452907562256,0.12233233451843262,0.48801642656326294,0.062142495065927505,1.3003227710723877,0.0,504.0,594,2,219,0,0,0,200,200,0
907,3628,722,89,723,1,right,0.05890659987926483,0.26825252175331116,0.11778563261032104,0.49385127425193787,0.0612039789557457,1.2911142110824585,0.0,504.0,595,2,219,0,0,0,200,200,0
908,3632,722,79,723,2,right+A,0.060166481882333755,0.269913911819458,0.11909077316522598,0.48909640312194824,0.06173230707645416,1.2977299690246582,0.0,504.0,596,2,219,0,0,0,200,200,0
909,3636,722,79,723,1,right,0.05905823037028313,0.2673780918121338,0.11678729206323624,0.4972355365753174,0.05954081937670708,1.2859591245651245,0.0,504.0,597,2,219,0,0,0,200,200,0
910,3640,722,79,723,3,right+B,0.06013951450586319,0.2706953287124634,0.1214209571480751,0.4876115024089813,0.06013265997171402,1.2980719804763794,-1.0,503.0,598,2,218,0,0,0,200,200,0
911,3644,722,79,723,1,right,0.060645539313554764,0.2732105851173401,0.1245521679520607,0.48048633337020874,0.0611053928732872,1.3068866729736328,0.0,503.0,599,2,218,0,0,0,200,200,0
912,3648,722,79,723,1,right,0.058819711208343506,0.2698386311531067,0.12051517516374588,0.4912148714065552,0.059611670672893524,1.2924211025238037,0.0,503.0,600,2,218,0,0,0,200,200,0
913,3652,722,93,723,2,right+A,0.060239337384700775,0.27224835753440857,0.12234876304864883,0.48375681042671204,0.061406806111335754,1.3031150102615356,0.0,503.0,601,2,218,0,0,0,200,200,0
914,3656,722,108,723,3,right+B,0.0607752725481987,0.27418816089630127,0.1251337230205536,0.4767206907272339,0.06318209320306778,1.312721848487854,0.0,503.0,602,2,218,0,0,0,200,200,0
915,3660,722,112,723,3,right+B,0.05892718583345413,0.2698762118816376,0.12171968072652817,0.4879310429096222,0.061545852571725845,1.2983952760696411,-1.0,502.0,603,2,217,0,0,0,200,200,0
916,3664,722,106,723,3,right+B,0.059301119297742844,0.27030444145202637,0.12607242166996002,0.4814572036266327,0.06286481022834778,1.3080781698226929,0.0,502.0,604,2,217,0,0,0,200,200,0
917,3668,722,89,723,2,right+A,0.060676004737615585,0.2735746502876282,0.13123857975006104,0.4691261649131775,0.06538458913564682,1.3245484828948975,0.0,502.0,605,2,217,0,0,0,200,200,0
918,3672,722,79,723,3,right+B,0.06162462383508682,0.27566954493522644,0.1347758024930954,0.46165451407432556,0.06627541780471802,1.3337512016296387,0.0,502.0,606,2,217,0,0,0,200,200,0
919,3676,722,79,723,1,right,0.058901481330394745,0.2684383690357208,0.12036005407571793,0.4923011064529419,0.059998974204063416,1.2923483848571777,0.0,502.0,607,2,217,0,0,0,200,200,0
920,3680,722,79,723,3,right+B,0.05991221219301224,0.27036598324775696,0.12273258715867996,0.48713257908821106,0.0598565898835659,1.2986398935317993,-1.0,501.0,608,2,216,0,0,0,200,200,0
921,3684,722,93,723,2,right+A,0.06067022681236267,0.27091464400291443,0.12497919797897339,0.4815155863761902,0.06192035228013992,1.3078818321228027,0.0,501.0,609,2,216,0,0,0,200,200,0
922,3688,722,108,723,3,right+B,0.06209830567240715,0.2737492024898529,0.1316448152065277,0.46779853105545044,0.06470911204814911,1.3267154693603516,0.0,501.0,610,2,216,0,0,0,200,200,0
923,3692,722,112,723,3,right+B,0.0629013329744339,0.27512454986572266,0.13398608565330505,0.46257418394088745,0.06541386991739273,1.3333741426467896,0.0,501.0,611,2,216,0,0,0,200,200,0
924,3696,722,106,723,3,right+B,0.06248212978243828,0.2741257846355438,0.13782855868339539,0.4586450159549713,0.06691854447126389,1.3396316766738892,0.0,501.0,612,2,216,0,0,0,200,200,0
925,3700,722,89,723,3,right+B,0.062019720673561096,0.27348095178604126,0.1339438408613205,0.4638701379299164,0.06668537110090256,1.3331708908081055,-1.0,500.0,613,2,215,0,0,0,200,200,0
926,3704,722,79,723,3,right+B,0.06175417825579643,0.2742514908313751,0.13568101823329926,0.4621294140815735,0.06618396937847137,1.3342108726501465,0.0,500.0,614,2,215,0,0,0,200,200,0
927,3708,722,79,723,3,right+B,0.06270327419042587,0.2743074893951416,0.14064158499240875,0.4540956914424896,0.06825185567140579,1.3460493087768555,0.0,500.0,615,2,215,0,0,0,200,200,0
928,3712,722,79,723,1,right,0.06295914202928543,0.2747572064399719,0.14039964973926544,0.4536459147930145,0.06823800504207611,1.3464713096618652,0.0,500.0,616,2,215,0,0,0,200,200,0
929,3716,722,79,723,3,right+B,0.06185491010546684,0.272470623254776,0.13276197016239166,0.46779006719589233,0.06512244045734406,1.327763557434082,0.0,500.0,617,2,215,0,0,0,200,200,0
930,3720,722,79,723,0,NOOP,0.06276185065507889,0.27347755432128906,0.13673336803913116,0.46094900369644165,0.06607814133167267,1.3369042873382568,-1.0,499.0,618,2,214,0,0,0,200,200,0
931,3724,722,79,723,3,right+B,0.0631127879023552,0.2734236419200897,0.13164718449115753,0.46558675169944763,0.06622957438230515,1.331568956375122,0.0,499.0,619,2,214,0,0,0,200,200,0
932,3728,722,79,723,3,right+B,0.06127307191491127,0.2723107933998108,0.12720170617103577,0.475844144821167,0.06337029486894608,1.3158284425735474,0.0,499.0,620,2,214,0,0,0,200,200,0
933,3732,722,79,723,1,right,0.06431074440479279,0.2774350047111511,0.14087176322937012,0.4486474096775055,0.06873505562543869,1.3519210815429688,0.0,499.0,621,2,214,0,0,0,200,200,0
934,3736,722,79,723,1,right,0.0648464486002922,0.2788757085800171,0.14350852370262146,0.4429362416267395,0.06983305513858795,1.3586926460266113,0.0,499.0,622,2,214,0,0,0,200,200,0
935,3740,722,79,723,1,right,0.06324180960655212,0.27672675251960754,0.13930310308933258,0.4535406529903412,0.06718766689300537,1.3447215557098389,-1.0,498.0,623,2,213,0,0,0,200,200,0
936,3744,722,79,723,3,right+B,0.061206940561532974,0.2714154124259949,0.12822051346302032,0.4756404459476471,0.06351668387651443,1.3168267011642456,0.0,498.0,624,2,213,0,0,0,200,200,0
937,3748,722,79,723,1,right,0.061237871646881104,0.272528737783432,0.1268010437488556,0.47648191452026367,0.0629504919052124,1.3145004510879517,0.0,498.0,625,2,213,0,0,0,200,200,0
938,3752,722,79,723,3,right+B,0.06335743516683578,0.2770739495754242,0.13402417302131653,0.459695041179657,0.06584934890270233,1.336177110671997,0.0,498.0,626,2,213,0,0,0,200,200,0
939,3756,722,79,723,1,right,0.06081266328692436,0.27295276522636414,0.12715236842632294,0.47608229517936707,0.06299992650747299,1.3144276142120361,0.0,498.0,627,2,213,0,0,0,200,200,0
940,3760,722,93,723,4,right+A+B,0.061530403792858124,0.27303916215896606,0.12993213534355164,0.4713395833969116,0.06415870040655136,1.321897268295288,-1.0,497.0,628,2,212,0,0,0,200,200,0
941,3764,722,108,723,3,right+B,0.061026424169540405,0.27265605330467224,0.12832066416740417,0.474283367395401,0.0637134462594986,1.3176743984222412,0.0,497.0,629,2,212,0,0,0,200,200,0
942,3768,722,112,723,0,NOOP,0.0601092092692852,0.27003589272499084,0.12577620148658752,0.4820502698421478,0.06202838569879532,1.3075037002563477,0.0,497.0,630,2,212,0,0,0,200,200,0
943,3772,722,106,723,1,right,0.060210440307855606,0.27161896228790283,0.12711939215660095,0.4775734841823578,0.06347771733999252,1.3133587837219238,0.0,497.0,631,2,212,0,0,0,200,200,0
944,3776,722,89,723,2,right+A,0.06100774556398392,0.27455681562423706,0.12946611642837524,0.46971750259399414,0.06525184214115143,1.3232219219207764,0.0,497.0,632,2,212,0,0,0,200,200,0
945,3780,722,79,723,3,right+B,0.05942848324775696,0.27156946063041687,0.12203709781169891,0.4851008355617523,0.06186409667134285,1.3015406131744385,-1.0,496.0,633,2,211,0,0,0,200,200,0
946,3784,722,79,723,0,NOOP,0.05865037441253662,0.2670212984085083,0.1194654256105423,0.49498647451400757,0.05987643077969551,1.2894227504730225,0.0,496.0,634,2,211,0,0,0,200,200,0
947,3788,722,79,723,3,right+B,0.06066124141216278,0.2719115912914276,0.1283876746892929,0.47726204991340637,0.061777494847774506,1.3126736879348755,0.0,496.0,635,2,211,0,0,0,200,200,0
948,3792,722,93,723,2,right+A,0.060361385345458984,0.271706223487854,0.12414532899856567,0.4835270345211029,0.060260042548179626,1.303135633468628,0.0,496.0,636,2,211,0,0,0,200,200,0
949,3796,722,108,723,3,right+B,0.06041376292705536,0.2736358940601349,0.1250835806131363,0.4798421859741211,0.06102455407381058,1.3071954250335693,0.0,496.0,637,2,211,0,0,0,200,200,0
950,3800,722,112,723,2,right+A,0.05982786789536476,0.27010607719421387,0.12333188951015472,0.4853450655937195,0.06138907000422478,1.302324652671814,-1.0,495.0,638,2,210,0,0,0,200,200,0
951,3804,722,106,723,3,right+B,0.05956849083304405,0.26882901787757874,0.12442892789840698,0.4850996434688568,0.06207389011979103,1.3039398193359375,0.0,495.0,639,2,210,0,0,0,200,200,0
952,3808,722,89,723,3,right+B,0.05997538939118385,0.2699042856693268,0.12410180270671844,0.48363152146339417,0.062387049198150635,1.3056195974349976,0.0,495.0,640,2,210,0,0,0,200,200,0
953,3812,722,79,723,3,right+B,0.059865668416023254,0.2672041952610016,0.11788979917764664,0.4940107464790344,0.061029545962810516,1.2922885417938232,0.0,495.0,641,2,210,0,0,0,200,200,0
954,3816,722,79,723,1,right,0.058952685445547104,0.2641445994377136,0.11439411342144012,0.503881573677063,0.05862699821591377,1.2782262563705444,0.0,495.0,642,2,210,0,0,0,200,200,0
955,3820,722,79,723,0,NOOP,0.060238927602767944,0.26847243309020996,0.11729701608419418,0.49380114674568176,0.060190461575984955,1.2912403345108032,-1.0,494.0,643,2,209,0,0,0,200,200,0
956,3824,722,79,723,1,right,0.060594432055950165,0.27002057433128357,0.12128350138664246,0.4862229526042938,0.06187848001718521,1.3020603656768799,0.0,494.0,644,2,209,0,0,0,200,200,0
957,3828,722,79,723,3,right+B,0.06121677905321121,0.27062949538230896,0.12230654060840607,0.483643114566803,0.062203992158174515,1.3057899475097656,0.0,494.0,645,2,209,0,0,0,200,200,0
958,3832,722,79,723,3,right+B,0.06152751296758652,0.2710164785385132,0.12338864058256149,0.4816620945930481,0.062405336648225784,1.3085473775863647,0.0,494.0,646,2,209,0,0,0,200,200,0
959,3836,722,79,723,1,right,0.06077070161700249,0.26984769105911255,0.12488199025392532,0.4822515845298767,0.06224812939763069,1.308013677597046,0.0,494.0,647,2,209,0,0,0,200,200,0
960,3840,722,79,723,1,right,0.060623425990343094,0.2697080373764038,0.12392062693834305,0.48369476199150085,0.06205319985747337,1.3059232234954834,-1.0,493.0,648,2,208,0,0,0,200,200,0
961,3844,722,79,723,3,right+B,0.060817644000053406,0.26921436190605164,0.12244182080030441,0.4853283762931824,0.0621977262198925,1.304308295249939,0.0,493.0,649,2,208,0,0,0,200,200,0
962,3848,722,79,723,3,right+B,0.0604982003569603,0.26855435967445374,0.12270423769950867,0.48571377992630005,0.06252946704626083,1.3042962551116943,0.0,493.0,650,2,208,0,0,0,200,200,0
963,3852,722,93,723,4,right+A+B,0.06033686175942421,0.2678048610687256,0.1214190348982811,0.4883507490158081,0.06208842620253563,1.300826907157898,0.0,493.0,651,2,208,0,0,0,200,200,0
964,3856,722,108,723,3,right+B,0.06081163138151169,0.2690450847148895,0.12316124886274338,0.4841423034667969,0.06283978372812271,1.3064993619918823,0.0,493.0,652,2,208,0,0,0,200,200,0
965,3860,722,112,723,0,NOOP,0.060028139501810074,0.2666279077529907,0.12174993753433228,0.48879900574684143,0.06279503554105759,1.3013842105865479,-1.0,492.0,653,2,207,0,0,0,200,200,0
966,3864,722,106,723,4,right+A+B,0.05962631478905678,0.26581963896751404,0.12354562431573868,0.4877864420413971,0.0632220134139061,1.303405523300171,0.0,492.0,654,2,207,0,0,0,200,200,0
967,3868,722,89,723,3,right+B,0.059361714869737625,0.2663498818874359,0.12093481421470642,0.491157591342926,0.062196020036935806,1.297440528869629,0.0,492.0,655,2,207,0,0,0,200,200,0
968,3872,722,79,723,1,right,0.060228921473026276,0.2671997845172882,0.1225508600473404,0.4870379865169525,0.06298242509365082,1.3036425113677979,0.0,492.0,656,2,207,0,0,0,200,200,0
969,3876,722,79,723,0,NOOP,0.05929117277264595,0.2643764019012451,0.11841920018196106,0.49741873145103455,0.06049444153904915,1.288944959640503,0.0,492.0,657,2,207,0,0,0,200,200,0
970,3880,722,79,723,1,right,0.06045251712203026,0.26776987314224243,0.12375544011592865,0.48603346943855286,0.061988770961761475,1.3040659427642822,-1.0,491.0,658,2,206,0,0,0,200,200,0
971,3884,722,79,723,3,right+B,0.060714881867170334,0.26837608218193054,0.12545426189899445,0.483240008354187,0.06221476569771767,1.3077421188354492,0.0,491.0,659,2,206,0,0,0,200,200,0
972,3888,722,79,723,3,right+B,0.06044958904385567,0.2678705155849457,0.12382093071937561,0.48630836606025696,0.06155060976743698,1.3033051490783691,0.0,491.0,660,2,206,0,0,0,200,200,0
973,3892,722,79,723,3,right+B,0.06058282405138016,0.2689375877380371,0.12498018890619278,0.4831373691558838,0.062362104654312134,1.3074593544006348,0.0,491.0,661,2,206,0,0,0,200,200,0
974,3896,722,79,723,3,right+B,0.05998484045267105,0.2681684195995331,0.12357836216688156,0.48640450835227966,0.06186387315392494,1.3028267621994019,0.0,491.0,662,2,206,0,0,0,200,200,0
975,3900,722,79,723,3,right+B,0.05985453724861145,0.267255574464798,0.12155582010746002,0.4898945689201355,0.06143936514854431,1.2983314990997314,-1.0,490.0,663,2,205,0,0,0,200,200,0
976,3904,722,79,723,3,right+B,0.06004594638943672,0.26803073287010193,0.1226285919547081,0.4870375394821167,0.06225711479783058,1.3023765087127686,0.0,490.0,664,2,205,0,0,0,200,200,0
977,3908,722,93,723,2,right+A,0.059951379895210266,0.2676575481891632,0.1227196753025055,0.4873587489128113,0.06231264770030975,1.3021951913833618,0.0,490.0,665,2,205,0,0,0,200,200,0
978,3912,722,108,723,3,right+B,0.06010686606168747,0.26846984028816223,0.12411900609731674,0.48461800813674927,0.0626862570643425,1.3056880235671997,0.0,490.0,666,2,205,0,0,0,200,200,0
979,3916,722,112,723,2,right+A,0.059536200016736984,0.26647719740867615,0.12255056947469711,0.4891780912876129,0.06225791200995445,1.300264596939087,0.0,490.0,667,2,205,0,0,0,200,200,0
980,3920,722,106,723,3,right+B,0.05988456681370735,0.26718640327453613,0.1271214634180069,0.48187851905822754,0.06392903625965118,1.3110380172729492,-1.0,489.0,668,2,204,0,0,0,200,200,0
981,3924,722,89,723,3,right+B,0.05968024954199791,0.26647964119911194,0.12480758130550385,0.4856390953063965,0.0633934810757637,1.3059906959533691,0.0,489.0,669,2,204,0,0,0,200,200,0
982,3928,722,79,723,0,NOOP,0.06024697795510292,0.26690077781677246,0.1254979819059372,0.48417818546295166,0.06317605823278427,1.3079193830490112,0.0,489.0,670,2,204,0,0,0,200,200,0
983,3932,722,79,723,3,right+B,0.059389375150203705,0.2654899060726166,0.12165484577417374,0.4927316904067993,0.06073412299156189,1.2949373722076416,0.0,489.0,671,2,204,0,0,0,200,200,0
984,3936,722,79,723,1,right,0.0597706064581871,0.2667768597602844,0.12214460968971252,0.49057385325431824,0.060734037309885025,1.2972148656845093,0.0,489.0,672,2,204,0,0,0,200,200,0
985,3940,722,79,723,3,right+B,0.06022876128554344,0.2683986723423004,0.12280794233083725,0.48700860142707825,0.06155601888895035,1.3017797470092773,-1.0,488.0,673,2,203,0,0,0,200,200,0
986,3944,722,79,723,3,right+B,0.06016625463962555,0.26806238293647766,0.12325713783502579,0.48638832569122314,0.06212591379880905,1.3032420873641968,0.0,488.0,674,2,203,0,0,0,200,200,0
987,3948,722,79,723,3,right+B,0.059657227247953415,0.26752224564552307,0.12189682573080063,0.48924708366394043,0.061676666140556335,1.2990446090698242,0.0,488.0,675,2,203,0,0,0,200,200,0
988,3952,722,79,723,1,right,0.059920817613601685,0.26738789677619934,0.12128835916519165,0.48972219228744507,0.06168074160814285,1.2986786365509033,0.0,488.0,676,2,203,0,0,0,200,200,0
989,3956,722,93,723,4,right+A+B,0.06000100076198578,0.2675759792327881,0.12214726954698563,0.48807492852211,0.0622008740901947,1.3012292385101318,0.0,488.0,677,2,203,0,0,0,200,200,0
990,3960,722,108,723,3,right+B,0.06091305613517761,0.2698446810245514,0.1254137009382248,0.48047924041748047,0.06334938853979111,1.3112657070159912,-1.0,487.0,678,2,202,0,0,0,200,200,0
991,3964,722,112,723,3,right+B,0.06028246507048607,0.26747968792915344,0.122185617685318,0.48755499720573425,0.062497299164533615,1.302423357963562,0.0,487.0,679,2,202,0,0,0,200,200,0
992,3968,722,106,723,3,right+B,0.060220327228307724,0.26722559332847595,0.12657691538333893,0.48206549882888794,0.06391161680221558,1.3109982013702393,0.0,487.0,680,2,202,0,0,0,200,200,0
993,3972,722,89,723,3,right+B,0.06017478182911873,0.2668071985244751,0.12381043285131454,0.4857099950313568,0.0634976476430893,1.306074857711792,0.0,487.0,681,2,202,0,0,0,200,200,0
994,3976,722,79,723,3,right+B,0.06054225564002991,0.266965389251709,0.12371212989091873,0.4856127202510834,0.0631675124168396,1.306128978729248,0.0,487.0,682,2,202,0,0,0,200,200,0
995,3980,722,79,723,3,right+B,0.059462010860443115,0.26470205187797546,0.11912375688552856,0.4964843690395355,0.06022780388593674,1.2899596691131592,-1.0,486.0,683,2,201,0,0,0,200,200,0
996,3984,722,79,723,3,right+B,0.06046583876013756,0.2672077715396881,0.12066206336021423,0.4911618232727051,0.06050243601202965,1.2963815927505493,0.0,486.0,684,2,201,0,0,0,200,200,0
997,3988,722,93,723,2,right+A,0.061044782400131226,0.2685312032699585,0.12300173193216324,0.4854740500450134,0.06194823980331421,1.3046330213546753,0.0,486.0,685,2,201,0,0,0,200,200,0
998,3992,722,108,723,3,right+B,0.06152353808283806,0.27008792757987976,0.1260395497083664,0.4790163040161133,0.06333262473344803,1.3134663105010986,0.0,486.0,686,2,201,0,0,0,200,200,0
999,3996,722,112,723,1,right,0.060670506209135056,0.2677672207355499,0.12373308092355728,0.48487919569015503,0.06295007467269897,1.306458592414856,0.0,486.0,687,2,201,0,0,0,200,200,0
1000,4000,722,106,723,3,right+B,0.06070447713136673,0.26895570755004883,0.12799333035945892,0.4782390892505646,0.06410742551088333,1.3152847290039062,-1.0,485.0,688,2,200,0,0,0,200,200,0
1001,4004,722,89,723,1,right,0.06001123785972595,0.2671763300895691,0.12287116795778275,0.487292617559433,0.06264866888523102,1.3029308319091797,0.0,485.0,689,2,200,0,0,0,200,200,0
1002,4008,722,79,723,1,right,0.06035163253545761,0.2673701047897339,0.12134731560945511,0.488566517829895,0.062364362180233,1.3010647296905518,0.0,485.0,690,2,200,0,0,0,200,200,0
1003,4012,722,79,723,3,right+B,0.059782594442367554,0.26601946353912354,0.11627444624900818,0.4976716637611389,0.06025182083249092,1.2874122858047485,0.0,485.0,691,2,200,0,0,0,200,200,0
1004,4016,722,93,723,4,right+A+B,0.06072083115577698,0.26934048533439636,0.11969195306301117,0.4886583387851715,0.0615883469581604,1.2990971803665161,0.0,485.0,692,2,200,0,0,0,200,200,0
1005,4020,722,108,723,3,right+B,0.060859184712171555,0.2715769410133362,0.1238793432712555,0.4807746410369873,0.06290992349386215,1.3091857433319092,-1.0,484.0,693,2,199,0,0,0,200,200,0
1006,4024,722,112,723,1,right,0.06030203774571419,0.27055487036705017,0.1222928985953331,0.4855007529258728,0.061349399387836456,1.3020683526992798,0.0,484.0,694,2,199,0,0,0,200,200,0
1007,4028,722,106,723,1,right,0.06025085598230362,0.271872878074646,0.1238289624452591,0.4822484850883484,0.06179877743124962,1.3057539463043213,0.0,484.0,695,2,199,0,0,0,200,200,0
1008,4032,722,89,723,0,NOOP,0.05965273827314377,0.2701174020767212,0.12109644711017609,0.4878838062286377,0.06124962493777275,1.298586368560791,0.0,484.0,696,2,199,0,0,0,200,200,0
1009,4036,722,79,723,3,right+B,0.05939894914627075,0.26924481987953186,0.12099327892065048,0.4893336296081543,0.061029307544231415,1.2969316244125366,0.0,484.0,697,2,199,0,0,0,200,200,0
1010,4040,722,93,723,4,right+A+B,0.05836043506860733,0.2674146592617035,0.11631934344768524,0.4996914863586426,0.058213990181684494,1.280975103378296,-1.0,483.0,698,2,198,0,0,0,200,200,0
1011,4044,722,108,723,3,right+B,0.05970558524131775,0.27252018451690674,0.1217012107372284,0.4855296313762665,0.060543473809957504,1.2994736433029175,0.0,483.0,699,2,198,0,0,0,200,200,0
1012,4048,722,112,723,3,right+B,0.05891482159495354,0.2699469327926636,0.12000808864831924,0.49017345905303955,0.06095675006508827,1.2947947978973389,0.0,483.0,700,2,198,0,0,0,200,200,0
1013,4052,722,106,723,1,right,0.0591801293194294,0.27074718475341797,0.12159908562898636,0.48621416091918945,0.06225941702723503,1.3007466793060303,0.0,483.0,701,2,198,0,0,0,200,200,0
1014,4056,722,89,723,3,right+B,0.05847933888435364,0.2687230706214905,0.11989299207925797,0.4908180236816406,0.062086671590805054,1.2953205108642578,0.0,483.0,702,2,198,0,0,0,200,200,0
1015,4060,722,79,723,3,right+B,0.05818473920226097,0.26726141571998596,0.11908566206693649,0.4944353997707367,0.061032816767692566,1.2904666662216187,-1.0,482.0,703,2,197,0,0,0,200,200,0
1016,4064,722,79,723,3,right+B,0.058530617505311966,0.26814091205596924,0.12096691131591797,0.4916205406188965,0.06074099615216255,1.2937893867492676,0.0,482.0,704,2,197,0,0,0,200,200,0
1017,4068,722,79,723,3,right+B,0.061396267265081406,0.27579283714294434,0.13090603053569794,0.467660516500473,0.06424443423748016,1.3245216608047485,0.0,482.0,705,2,197,0,0,0,200,200,0
1018,4072,722,79,723,3,right+B,0.06182226538658142,0.27587175369262695,0.13302671909332275,0.46456173062324524,0.06471747159957886,1.3290364742279053,0.0,482.0,706,2,197,0,0,0,200,200,0
1019,4076,722,79,723,1,right,0.06041036918759346,0.27334854006767273,0.12715063989162445,0.47766780853271484,0.06142261251807213,1.3106034994125366,0.0,482.0,707,2,197,0,0,0,200,200,0
1020,4080,722,79,723,1,right,0.060983918607234955,0.27211010456085205,0.12805216014385223,0.477314293384552,0.061539534479379654,1.312522292137146,-1.0,481.0,708,2,196,0,0,0,200,200,0
1021,4084,722,79,723,1,right,0.06021713465452194,0.27161845564842224,0.1247183308005333,0.4811161160469055,0.06233002245426178,1.307831883430481,0.0,481.0,709,2,196,0,0,0,200,200,0
1022,4088,722,79,723,3,right+B,0.06131577864289284,0.2729485034942627,0.12790696322917938,0.4745175242424011,0.06331115961074829,1.3170784711837769,0.0,481.0,710,2,196,0,0,0,200,200,0
1023,4092,722,79,723,3,right+B,0.06215910241007805,0.27452489733695984,0.12976320087909698,0.4689132273197174,0.06463964283466339,1.3247147798538208,0.0,481.0,711,2,196,0,0,0,200,200,0
1024,4096,722,79,723,1,right,0.060836050659418106,0.27199587225914,0.12427394837141037,0.4800848066806793,0.06280935555696487,1.309706211090088,0.0,481.0,712,2,196,0,0,0,200,200,0
1025,4100,722,79,723,3,right+B,0.060655150562524796,0.27243125438690186,0.12649062275886536,0.47705262899398804,0.06337042152881622,1.3136845827102661,-1.0,480.0,713,2,195,0,0,0,200,200,0
1026,4104,722,79,723,0,NOOP,0.06322235614061356,0.2772345244884491,0.13773536682128906,0.45413148403167725,0.06767620146274567,1.3440048694610596,0.0,480.0,714,2,195,0,0,0,200,200,0
1027,4108,722,79,723,1,right,0.06384251266717911,0.27690473198890686,0.14496736228466034,0.4442436397075653,0.07004183530807495,1.3578574657440186,0.0,480.0,715,2,195,0,0,0,200,200,0
1028,4112,722,93,723,2,right+A,0.06308771669864655,0.2746163606643677,0.14074945449829102,0.45271915197372437,0.0688273087143898,1.348177433013916,0.0,480.0,716,2,195,0,0,0,200,200,0
1029,4116,722,108,723,3,right+B,0.0631570816040039,0.27478277683258057,0.1385074257850647,0.4563930332660675,0.06715970486402512,1.3425832986831665,0.0,480.0,717,2,195,0,0,0,200,200,0
1030,4120,722,112,723,4,right+A+B,0.06328883022069931,0.2746700942516327,0.13906191289424896,0.45561063289642334,0.06736863404512405,1.343846082687378,-1.0,479.0,718,2,194,0,0,0,200,200,0
1031,4124,722,106,723,3,right+B,0.06211310252547264,0.27266377210617065,0.1374487429857254,0.46094951033592224,0.06682496517896652,1.33749520778656,0.0,479.0,719,2,194,0,0,0,200,200,0
1032,4128,722,89,723,1,right,0.0626056045293808,0.27517253160476685,0.14198730885982513,0.4517298936843872,0.06850457191467285,1.3483335971832275,0.0,479.0,720,2,194,0,0,0,200,200,0
1033,4132,722,79,723,3,right+B,0.06447213888168335,0.2793508470058441,0.14750558137893677,0.4375167191028595,0.07115460187196732,1.365036964416504,0.0,479.0,721,2,194,0,0,0,200,200,0
1034,4136,722,79,723,3,right+B,0.060509324073791504,0.27190667390823364,0.12726573646068573,0.47800329327583313,0.06231490522623062,1.3119752407073975,0.0,479.0,722,2,194,0,0,0,200,200,0
1035,4140,722,79,723,1,right,0.061027560383081436,0.2721482217311859,0.12660524249076843,0.4768633544445038,0.06335567682981491,1.3144150972366333,-1.0,478.0,723,2,193,0,0,0,200,200,0
1036,4144,722,79,723,3,right+B,0.06048152968287468,0.2705265283584595,0.12288838624954224,0.48380032181739807,0.06230327486991882,1.3052082061767578,0.0,478.0,724,2,193,0,0,0,200,200,0
1037,4148,722,79,723,1,right,0.06265849620103836,0.27557700872421265,0.130669504404068,0.46597713232040405,0.06511787325143814,1.3283809423446655,0.0,478.0,725,2,193,0,0,0,200,200,0
1038,4152,722,79,723,1,right,0.06118275597691536,0.27328285574913025,0.1274203509092331,0.47438275814056396,0.06373131275177002,1.3171972036361694,0.0,478.0,726,2,193,0,0,0,200,200,0
1039,4156,722,79,723,3,right+B,0.06102825701236725,0.27277085185050964,0.12739643454551697,0.47551798820495605,0.06328646838665009,1.3156700134277344,0.0,478.0,727,2,193,0,0,0,200,200,0
1040,4160,722,79,723,3,right+B,0.06065383180975914,0.2708534598350525,0.12551413476467133,0.48020830750465393,0.06277024745941162,1.3102682828903198,-1.0,477.0,728,2,192,0,0,0,200,200,0
1041,4164,722,79,723,1,right,0.0598100982606411,0.27016350626945496,0.12398657947778702,0.4850882589817047,0.06095166131854057,1.3023103475570679,0.0,477.0,729,2,192,0,0,0,200,200,0
1042,4168,722,79,723,3,right+B,0.0610940046608448,0.2740752696990967,0.1274324208498001,0.47488489747047424,0.06251334398984909,1.3150098323822021,0.0,477.0,730,2,192,0,0,0,200,200,0
1043,4172,722,93,723,2,right+A,0.06128092482686043,0.2764165997505188,0.1294412612915039,0.46966612339019775,0.06319505721330643,1.3206465244293213,0.0,477.0,731,2,192,0,0,0,200,200,0
1044,4176,722,109,723,2,right+A,0.06094609946012497,0.2773464024066925,0.12851223349571228,0.4702734351158142,0.06292188167572021,1.318705677986145,0.0,477.0,732,2,192,0,0,0,200,200,0
1045,4180,722,121,723,3,right+B,0.0586615726351738,0.26948994398117065,0.12102420628070831,0.49020078778266907,0.06062345579266548,1.2947146892547607,-1.0,476.0,733,2,191,0,0,0,200,200,0
1046,4184,722,122,723,1,right,0.06038318946957588,0.2726729214191437,0.13053521513938904,0.47179949283599854,0.06460914760828018,1.321022868156433,0.0,476.0,734,2,191,0,0,0,200,200,0
1047,4188,722,113,723,3,right+B,0.06002947688102722,0.2722095251083374,0.12567941844463348,0.4786892533302307,0.06339236348867416,1.311228632926941,0.0,476.0,735,2,191,0,0,0,200,200,0
1048,4192,722,94,723,0,NOOP,0.05825261026620865,0.2677984833717346,0.11633479595184326,0.49826255440711975,0.059351541101932526,1.2834382057189941,0.0,476.0,736,2,191,0,0,0,200,200,0
1049,4196,722,79,723,2,right+A,0.05809438228607178,0.2667115032672882,0.11738543957471848,0.49721667170524597,0.06059204787015915,1.2865703105926514,0.0,476.0,737,2,191,0,0,0,200,200,0
1050,4200,722,79,723,1,right,0.058548204600811005,0.26658642292022705,0.1163276731967926,0.4985387921333313,0.059998948127031326,1.2846800088882446,-1.0,475.0,738,2,190,0,0,0,200,200,0
1051,4204,722,79,723,1,right,0.059251997619867325,0.2680453956127167,0.11896886676549911,0.493929386138916,0.05980442836880684,1.2904729843139648,0.0,475.0,739,2,190,0,0,0,200,200,0
1052,4208,722,93,723,2,right+A,0.06043749302625656,0.26929524540901184,0.11997220665216446,0.4890362620353699,0.061258889734745026,1.2981892824172974,0.0,475.0,740,2,190,0,0,0,200,200,0
1053,4212,722,109,723,4,right+A+B,0.06116194650530815,0.271140456199646,0.12177371233701706,0.48464521765708923,0.06127871572971344,1.3033335208892822,0.0,475.0,741,2,190,0,0,0,200,200,0
1054,4216,722,122,723,2,right+A,0.060719024389982224,0.27025315165519714,0.12235955893993378,0.4852276146411896,0.061440739780664444,1.3030407428741455,0.0,475.0,742,2,190,0,0,0,200,200,0
1055,4220,722,132,723,4,right+A+B,0.06161784753203392,0.2729685604572296,0.12927110493183136,0.47136661410331726,0.06477587670087814,1.322411298751831,-1.0,474.0,743,2,189,0,0,0,200,200,0
1056,4224,723,137,723,1,right,0.06011701375246048,0.27081164717674255,0.127109095454216,0.47875821590423584,0.06320399791002274,1.3121404647827148,0.0,474.0,744,2,189,0,0,0,200,200,0
1057,4228,722,133,723,3,right+B,0.0603984072804451,0.2701548635959625,0.1256548911333084,0.48016372323036194,0.06362812966108322,1.3112671375274658,0.0,474.0,745,2,189,0,0,0,200,200,0
1058,4232,722,117,723,0,NOOP,0.05890073999762535,0.2672800123691559,0.12289794534444809,0.48957306146621704,0.06134827062487602,1.298007607460022,0.0,474.0,746,2,189,0,0,0,200,200,0
1059,4236,722,96,723,0,NOOP,0.05992869287729263,0.2696966528892517,0.1213635578751564,0.4873729646205902,0.06163814663887024,1.300093412399292,0.0,474.0,747,2,189,0,0,0,200,200,0
1060,4240,722,79,723,4,right+A+B,0.05919628217816353,0.26605141162872314,0.11656634509563446,0.4973670244216919,0.06081896275281906,1.2878057956695557,-1.0,473.0,748,2,188,0,0,0,200,200,0
1061,4244,722,79,723,3,right+B,0.05952899158000946,0.26690858602523804,0.12006254494190216,0.4917987287044525,0.06170114874839783,1.2958844900131226,0.0,473.0,749,2,188,0,0,0,200,200,0
1062,4248,722,79,723,1,right,0.059112463146448135,0.26354721188545227,0.11606304347515106,0.5015515685081482,0.05972570180892944,1.2829923629760742,0.0,473.0,750,2,188,0,0,0,200,200,0
1063,4252,722,79,723,3,right+B,0.060208190232515335,0.2664034366607666,0.11982337385416031,0.49153828620910645,0.0620267279446125,1.2973430156707764,0.0,473.0,751,2,188,0,0,0,200,200,0
1064,4256,722,79,723,1,right,0.060253605246543884,0.2678353190422058,0.12122084200382233,0.4885745346546173,0.062115591019392014,1.3004508018493652,0.0,473.0,752,2,188,0,0,0,200,200,0
1065,4260,722,93,723,2,right+A,0.06003914773464203,0.26674166321754456,0.12049788236618042,0.49107810854911804,0.061643149703741074,1.297349452972412,-1.0,472.0,753,2,187,0,0,0,200,200,0
1066,4264,722,108,723,3,right+B,0.06113896146416664,0.27105388045310974,0.1264251470565796,0.47839105129241943,0.06299090385437012,1.313049077987671,0.0,472.0,754,2,187,0,0,0,200,200,0
1067,4268,722,112,723,0,NOOP,0.06111689656972885,0.2705494463443756,0.12738892436027527,0.47774451971054077,0.06320027261972427,1.3144193887710571,0.0,472.0,755,2,187,0,0,0,200,200,0
1068,4272,722,106,723,1,right,0.06049303710460663,0.26830577850341797,0.12884066998958588,0.47886961698532104,0.06349088251590729,1.3143450021743774,0.0,472.0,756,2,187,0,0,0,200,200,0
1069,4276,722,89,723,3,right+B,0.06000770628452301,0.2680688798427582,0.1254228949546814,0.4835744798183441,0.06292605400085449,1.3075019121170044,0.0,472.0,757,2,187,0,0,0,200,200,0
1070,4280,722,79,723,0,NOOP,0.05971287935972214,0.266634464263916,0.12312483787536621,0.48830071091651917,0.062227118760347366,1.301461100578308,-1.0,471.0,758,2,186,0,0,0,200,200,0
1071,4284,722,93,723,4,right+A+B,0.05825851485133171,0.26327383518218994,0.11639470607042313,0.5029312968254089,0.0591416172683239,1.2802214622497559,0.0,471.0,759,2,186,0,0,0,200,200,0
1072,4288,722,108,723,3,right+B,0.060225922614336014,0.26885414123535156,0.12368205934762955,0.4851279854774475,0.06210983917117119,1.3043851852416992,0.0,471.0,760,2,186,0,0,0,200,200,0
1073,4292,722,112,723,3,right+B,0.05982321500778198,0.26727229356765747,0.12299653887748718,0.48789188265800476,0.06201598420739174,1.301465630531311,0.0,471.0,761,2,186,0,0,0,200,200,0
1074,4296,722,106,723,3,right+B,0.05958912894129753,0.2666883170604706,0.1250440776348114,0.4859452247619629,0.06273315101861954,1.3048975467681885,0.0,471.0,762,2,186,0,0,0,200,200,0
1075,4300,722,89,723,3,right+B,0.05913560837507248,0.265702486038208,0.12205114960670471,0.49099797010421753,0.062112800776958466,1.297952651977539,-1.0,470.0,763,2,185,0,0,0,200,200,0
1076,4304,722,79,723,4,right+A+B,0.0597226656973362,0.26628974080085754,0.12248536199331284,0.48918014764785767,0.062322065234184265,1.300585150718689,0.0,470.0,764,2,185,0,0,0,200,200,0
1077,4308,722,79,723,1,right,0.05840761959552765,0.2632373571395874,0.11694668233394623,0.5020657181739807,0.05934269726276398,1.2817550897598267,0.0,470.0,765,2,185,0,0,0,200,200,0
1078,4312,722,79,723,1,right,0.05975687876343727,0.2667338252067566,0.12133783102035522,0.4915062487125397,0.06066519767045975,1.2958906888961792,0.0,470.0,766,2,185,0,0,0,200,200,0
1079,4316,722,79,723,3,right+B,0.06048962473869324,0.26848363876342773,0.12506850063800812,0.4839552938938141,0.06200292706489563,1.3063817024230957,0.0,470.0,767,2,185,0,0,0,200,200,0
1080,4320,722,79,723,0,NOOP,0.05984169989824295,0.267883837223053,0.12362264096736908,0.4875155985355377,0.06113623082637787,1.3009120225906372,-1.0,469.0,768,2,184,0,0,0,200,200,0
1081,4324,722,93,723,4,right+A+B,0.06024765223264694,0.26896730065345764,0.12347067147493362,0.48576006293296814,0.061554327607154846,1.3030633926391602,0.0,469.0,769,2,184,0,0,0,200,200,0
1082,4328,722,108,723,3,right+B,0.060391154140233994,0.26977598667144775,0.12551648914813995,0.4817548394203186,0.06256155669689178,1.3086810111999512,0.0,469.0,770,2,184,0,0,0,200,200,0
1083,4332,722,112,723,1,right,0.06000712141394615,0.2675709128379822,0.12287797778844833,0.487336665391922,0.06220737472176552,1.3022618293762207,0.0,469.0,771,2,184,0,0,0,200,200,0
1084,4336,722,106,723,3,right+B,0.05960450693964958,0.26696234941482544,0.12491544336080551,0.48559248447418213,0.06292525678873062,1.3053123950958252,0.0,469.0,772,2,184,0,0,0,200,200,0
1085,4340,722,89,723,2,right+A,0.059197187423706055,0.26591503620147705,0.12197936326265335,0.4906671643257141,0.062241148203611374,1.298378586769104,-1.0,468.0,773,2,183,0,0,0,200,200,0
1086,4344,722,79,723,3,right+B,0.05937707796692848,0.2655963897705078,0.12106920778751373,0.49203798174858093,0.061919309198856354,1.296626091003418,0.0,468.0,774,2,183,0,0,0,200,200,0
1087,4348,722,79,723,3,right+B,0.05801389738917351,0.26257291436195374,0.11506569385528564,0.5054515600204468,0.05889591947197914,1.2767537832260132,0.0,468.0,775,2,183,0,0,0,200,200,0
1088,4352,722,79,723,1,right,0.05957052856683731,0.2665383219718933,0.11965954303741455,0.4936084449291229,0.06062319502234459,1.2929264307022095,0.0,468.0,776,2,183,0,0,0,200,200,0
1089,4356,722,93,723,2,right+A,0.06027676537632942,0.26765045523643494,0.12300834059715271,0.487140029668808,0.061924342066049576,1.3024698495864868,0.0,468.0,777,2,183,0,0,0,200,200,0
1090,4360,722,108,723,1,right,0.06136550381779671,0.2706247568130493,0.1273988038301468,0.47745949029922485,0.06315147876739502,1.3148871660232544,-1.0,467.0,778,2,182,0,0,0,200,200,0
1091,4364,722,112,723,3,right+B,0.06114235520362854,0.26922473311424255,0.12622268497943878,0.4807026982307434,0.06270743906497955,1.3111603260040283,0.0,467.0,779,2,182,0,0,0,200,200,0
1092,4368,722,106,723,3,right+B,0.060139916837215424,0.2671892046928406,0.12725377082824707,0.4826890230178833,0.06272806972265244,1.3093098402023315,0.0,467.0,780,2,182,0,0,0,200,200,0
1093,4372,722,89,723,3,right+B,0.0601811408996582,0.2679234445095062,0.12351755052804947,0.48576387763023376,0.06261391192674637,1.3045495748519897,0.0,467.0,781,2,182,0,0,0,200,200,0
1094,4376,722,79,723,3,right+B,0.059893280267715454,0.26660698652267456,0.12112515419721603,0.4903568923473358,0.062017664313316345,1.29861581325531,0.0,467.0,782,2,182,0,0,0,200,200,0
1095,4380,722,79,723,1,right,0.058744437992572784,0.26347073912620544,0.11531683802604675,0.5032116174697876,0.05925632640719414,1.2800570726394653,-1.0,466.0,783,2,181,0,0,0,200,200,0
1096,4384,722,93,723,2,right+A,0.06008411571383476,0.266243577003479,0.11719220876693726,0.4963110685348511,0.06016912683844566,1.2893450260162354,0.0,466.0,784,2,181,0,0,0,200,200,0
1097,4388,722,108,723,3,right+B,0.06094460189342499,0.26833176612854004,0.12240493297576904,0.4859725832939148,0.062346216291189194,1.3043043613433838,0.0,466.0,785,2,181,0,0,0,200,200,0
1098,4392,722,112,723,1,right,0.06081197038292885,0.2677425742149353,0.12234082072973251,0.4865799844264984,0.06252466142177582,1.3039554357528687,0.0,466.0,786,2,181,0,0,0,200,200,0
1099,4396,722,106,723,0,NOOP,0.06042741611599922,0.2679428160190582,0.12516364455223083,0.483173668384552,0.06329255551099777,1.3086979389190674,0.0,466.0,787,2,181,0,0,0,200,200,0
1100,4400,722,89,723,3,right+B,0.0608154758810997,0.26936668157577515,0.1255803108215332,0.480715811252594,0.06352172046899796,1.3113603591918945,-1.0,465.0,788,2,180,0,0,0,200,200,0
1101,4404,722,79,723,0,NOOP,0.06048361957073212,0.2671947479248047,0.1224454864859581,0.48771315813064575,0.06216292455792427,1.302343726158142,0.0,465.0,789,2,180,0,0,0,200,200,0
1102,4408,722,79,723,1,right,0.06005063280463219,0.26694798469543457,0.11943948268890381,0.4933425486087799,0.06021932512521744,1.2930312156677246,0.0,465.0,790,2,180,0,0,0,200,200,0
1103,4412,722,79,723,3,right+B,0.06141982972621918,0.2707030177116394,0.12262644618749619,0.4836568832397461,0.06159380450844765,1.3054370880126953,0.0,465.0,791,2,180,0,0,0,200,200,0
1104,4416,722,79,723,3,right+B,0.06035942584276199,0.26941531896591187,0.12112069129943848,0.4884043335914612,0.06070020794868469,1.2985422611236572,0.0,465.0,792,2,180,0,0,0,200,200,0
1105,4420,722,79,723,1,right,0.06051061302423477,0.27180343866348267,0.12150174379348755,0.4849071204662323,0.06127704679965973,1.3019866943359375,-1.0,464.0,793,2,179,0,0,0,200,200,0
1106,4424,722,79,723,3,right+B,0.05988355353474617,0.27076321840286255,0.11981361359357834,0.48908427357673645,0.06045538932085037,1.296002984046936,0.0,464.0,794,2,179,0,0,0,200,200,0
1107,4428,722,93,723,4,right+A+B,0.06006859987974167,0.27086523175239563,0.11804452538490295,0.4905441403388977,0.06047745794057846,1.2939937114715576,0.0,464.0,795,2,179,0,0,0,200,200,0
1108,4432,722,108,723,3,right+B,0.06051529571413994,0.2733985185623169,0.12274212390184402,0.48139432072639465,0.06194978207349777,1.3060007095336914,0.0,464.0,796,2,179,0,0,0,200,200,0
1109,4436,722,112,723,1,right,0.06020310893654823,0.27100053429603577,0.12297455221414566,0.48464393615722656,0.061177853494882584,1.302704095840454,0.0,464.0,797,2,179,0,0,0,200,200,0
1110,4440,722,106,723,2,right+A,0.059419646859169006,0.2701457738876343,0.12253668904304504,0.4871425926685333,0.060755349695682526,1.2990832328796387,-1.0,463.0,798,2,178,0,0,0,200,200,0
1111,4444,722,89,723,3,right+B,0.05882040783762932,0.2688837945461273,0.12006524950265884,0.4915662705898285,0.06066427379846573,1.293426513671875,0.0,463.0,799,2,178,0,0,0,200,200,0
1112,4448,722,79,723,3,right+B,0.06001945585012436,0.27075132727622986,0.12212260812520981,0.48477306962013245,0.062333568930625916,1.3033854961395264,0.0,463.0,800,2,178,0,0,0,200,200,0
1113,4452,722,79,723,3,right+B,0.05889549106359482,0.2679932713508606,0.11746794730424881,0.4963003695011139,0.05934292450547218,1.2865558862686157,0.0,463.0,801,2,178,0,0,0,200,200,0
1114,4456,722,79,723,3,right+B,0.05942750349640846,0.27023616433143616,0.12183493375778198,0.48833784461021423,0.06016358360648155,1.2969460487365723,0.0,463.0,802,2,178,0,0,0,200,200,0
1115,4460,722,79,723,3,right+B,0.05988597497344017,0.2715195417404175,0.12498423457145691,0.4826008677482605,0.061009377241134644,1.3047295808792114,-1.0,462.0,803,2,177,0,0,0,200,200,0
1116,4464,722,79,723,3,right+B,0.06141659617424011,0.27666836977005005,0.13280005753040314,0.46573561429977417,0.06337936967611313,1.3256946802139282,0.0,462.0,804,2,177,0,0,0,200,200,0
1117,4468,722,79,723,3,right+B,0.06269848346710205,0.2790571451187134,0.13643965125083923,0.4567074179649353,0.06509732455015182,1.337345004081726,0.0,462.0,805,2,177,0,0,0,200,200,0
1118,4472,722,93,723,2,right+A,0.06093699857592583,0.2747349143028259,0.1280795782804489,0.47389400005340576,0.06235453858971596,1.3155760765075684,0.0,462.0,806,2,177,0,0,0,200,200,0
1119,4476,722,108,723,3,right+B,0.06173524633049965,0.27593129873275757,0.1306799203157425,0.46921804547309875,0.06243545189499855,1.3213744163513184,0.0,462.0,807,2,177,0,0,0,200,200,0
1120,4480,722,112,723,3,right+B,0.06144462898373604,0.27224206924438477,0.1276591569185257,0.4757031202316284,0.0629509836435318,1.3158974647521973,-1.0,461.0,808,2,176,0,0,0,200,200,0
1121,4484,722,106,723,3,right+B,0.0603477880358696,0.26936525106430054,0.12871694564819336,0.47737938165664673,0.06419061869382858,1.3159009218215942,0.0,461.0,809,2,176,0,0,0,200,200,0
1122,4488,722,89,723,1,right,0.06120665371417999,0.2717696726322174,0.12766574323177338,0.4753187596797943,0.0640392079949379,1.3173458576202393,0.0,461.0,810,2,176,0,0,0,200,200,0
1123,4492,722,79,723,1,right,0.06149323284626007,0.2718994915485382,0.12883970141410828,0.47317662835121155,0.06459090858697891,1.3206417560577393,0.0,461.0,811,2,176,0,0,0,200,200,0
1124,4496,722,93,723,2,right+A,0.060770682990550995,0.27010706067085266,0.12401577830314636,0.48294252157211304,0.062163930386304855,1.306817650794983,0.0,461.0,812,2,176,0,0,0,200,200,0
1125,4500,722,108,723,3,right+B,0.06328266113996506,0.27794209122657776,0.13967914879322052,0.45214712619781494,0.0669490173459053,1.345384955406189,-1.0,460.0,813,2,175,0,0,0,200,200,0
1126,4504,722,112,723,3,right+B,0.06556102633476257,0.27979913353919983,0.1555713415145874,0.42644914984703064,0.07261933386325836,1.3783708810806274,0.0,460.0,814,2,175,0,0,0,200,200,0
1127,4508,722,106,723,1,right,0.06398852914571762,0.27598661184310913,0.15458445250988007,0.4336462914943695,0.07179417461156845,1.3712503910064697,0.0,460.0,815,2,175,0,0,0,200,200,0
1128,4512,722,89,723,4,right+A+B,0.061805810779333115,0.27247002720832825,0.13819801807403564,0.4616623520851135,0.06586384028196335,1.335817813873291,0.0,460.0,816,2,175,0,0,0,200,200,0
1129,4516,722,79,723,3,right+B,0.062398578971624374,0.27299824357032776,0.1383012980222702,0.460303395986557,0.06599844247102737,1.3376694917678833,0.0,460.0,817,2,175,0,0,0,200,200,0
1130,4520,722,93,723,2,right+A,0.06175435334444046,0.2707967758178711,0.1286761313676834,0.4750547409057617,0.06371801346540451,1.318600058555603,-1.0,459.0,818,2,174,0,0,0,200,200,0
1131,4524,722,108,723,3,right+B,0.06137866526842117,0.27265334129333496,0.12931489944458008,0.4732755124568939,0.06337760388851166,1.319014072418213,0.0,459.0,819,2,174,0,0,0,200,200,0
1132,4528,722,112,723,3,right+B,0.0634155124425888,0.2769026756286621,0.13979218900203705,0.45147424936294556,0.06841536611318588,1.3480552434921265,0.0,459.0,820,2,174,0,0,0,200,200,0
1133,4532,722,106,723,3,right+B,0.06380832940340042,0.27783605456352234,0.14641961455345154,0.44146570563316345,0.07047022134065628,1.3606300354003906,0.0,459.0,821,2,174,0,0,0,200,200,0
1134,4536,722,89,723,3,right+B,0.061693284660577774,0.2738688290119171,0.13357222080230713,0.46495625376701355,0.06590935587882996,1.3307445049285889,0.0,459.0,822,2,174,0,0,0,200,200,0
1135,4540,722,79,723,3,right+B,0.06124311313033104,0.2711070775985718,0.12864625453948975,0.47423526644706726,0.06476829946041107,1.3197906017303467,-1.0,458.0,823,2,173,0,0,0,200,200,0
1136,4544,722,79,723,1,right,0.05961301550269127,0.26743757724761963,0.11952352523803711,0.4937002956867218,0.05972554534673691,1.2914868593215942,0.0,458.0,824,2,173,0,0,0,200,200,0
1137,4548,722,79,723,1,right,0.06280353665351868,0.27553656697273254,0.12984918057918549,0.4680933356285095,0.06371735781431198,1.3248287439346313,0.0,458.0,825,2,173,0,0,0,200,200,0
1138,4552,722,79,723,3,right+B,0.06215069070458412,0.2753084897994995,0.131993368268013,0.4665500521659851,0.06399746239185333,1.3266804218292236,0.0,458.0,826,2,173,0,0,0,200,200,0
1139,4556,722,93,723,4,right+A+B,0.06239276006817818,0.2746502757072449,0.13407611846923828,0.46484842896461487,0.0640324056148529,1.3294997215270996,0.0,458.0,827,2,173,0,0,0,200,200,0
1140,4560,722,108,723,3,right+B,0.06154151260852814,0.272788405418396,0.13057197630405426,0.4721646308898926,0.06293348968029022,1.3201501369476318,-1.0,457.0,828,2,172,0,0,0,200,200,0
1141,4564,722,112,723,1,right,0.06034814193844795,0.2722375988960266,0.12833283841609955,0.47741949558258057,0.06166192889213562,1.3119020462036133,0.0,457.0,829,2,172,0,0,0,200,200,0
1142,4568,722,106,723,2,right+A,0.06136712431907654,0.27448901534080505,0.1319541186094284,0.4678095877170563,0.06438017636537552,1.3253703117370605,0.0,457.0,830,2,172,0,0,0,200,200,0
1143,4572,722,89,723,1,right,0.06043780595064163,0.27339550852775574,0.12805825471878052,0.4745742082595825,0.06353414803743362,1.3161695003509521,0.0,457.0,831,2,172,0,0,0,200,200,0
1144,4576,722,79,723,3,right+B,0.060140326619148254,0.2735483646392822,0.12376171350479126,0.4800364375114441,0.06251306086778641,1.307846188545227,0.0,457.0,832,2,172,0,0,0,200,200,0
1145,4580,722,79,723,1,right,0.057513099163770676,0.26444530487060547,0.11450711637735367,0.5051096677780151,0.05842478573322296,1.2750442028045654,-1.0,456.0,833,2,171,0,0,0,200,200,0
1146,4584,722,79,723,3,right+B,0.05954417586326599,0.269130676984787,0.1224883645772934,0.4884377717971802,0.06039908528327942,1.297933578491211,0.0,456.0,834,2,171,0,0,0,200,200,0
1147,4588,722,79,723,1,right,0.060336291790008545,0.2714967727661133,0.12334541231393814,0.48405876755714417,0.06076272949576378,1.3029170036315918,0.0,456.0,835,2,171,0,0,0,200,200,0
1148,4592,722,79,723,3,right+B,0.05928803235292435,0.2699607312679291,0.11983025819063187,0.4917234778404236,0.05919743701815605,1.2916467189788818,0.0,456.0,836,2,171,0,0,0,200,200,0
1149,4596,722,79,723,3,right+B,0.060147177428007126,0.270616739988327,0.12246312201023102,0.48630356788635254,0.06046948954463005,1.3001885414123535,0.0,456.0,837,2,171,0,0,0,200,200,0
1150,4600,722,79,723,1,right,0.061042316257953644,0.2708331346511841,0.1253645420074463,0.48087209463119507,0.061887890100479126,1.3090566396713257,-1.0,455.0,838,2,170,0,0,0,200,200,0
1151,4604,722,79,723,3,right+B,0.061657316982746124,0.27298620343208313,0.12881161272525787,0.47432953119277954,0.06221534684300423,1.3167632818222046,0.0,455.0,839,2,170,0,0,0,200,200,0
1152,4608,722,93,723,4,right+A+B,0.060804713517427444,0.2698725163936615,0.12217054516077042,0.48693594336509705,0.06021630018949509,1.30018949508667,0.0,455.0,840,2,170,0,0,0,200,200,0
1153,4612,722,108,723,1,right,0.061606716364622116,0.2720925807952881,0.12437178939580917,0.48060211539268494,0.06132674962282181,1.3084473609924316,0.0,455.0,841,2,170,0,0,0,200,200,0
1154,4616,722,112,723,3,right+B,0.06063174083828926,0.2713182866573334,0.12212283909320831,0.4847122132778168,0.06121496111154556,1.3026868104934692,0.0,455.0,842,2,170,0,0,0,200,200,0
1155,4620,722,106,723,1,right,0.06061248481273651,0.27029427886009216,0.1250690072774887,0.4814281463623047,0.06259617209434509,1.3089079856872559,-1.0,454.0,843,2,169,0,0,0,200,200,0
1156,4624,722,89,723,1,right,0.060540586709976196,0.2701098620891571,0.12289542704820633,0.4839017987251282,0.06255233287811279,1.3056080341339111,0.0,454.0,844,2,169,0,0,0,200,200,0
1157,4628,722,79,723,3,right+B,0.060447633266448975,0.26895207166671753,0.12122169137001038,0.4870743751525879,0.06230426952242851,1.3019134998321533,0.0,454.0,845,2,169,0,0,0,200,200,0
1158,4632,722,79,723,1,right,0.05872369930148125,0.2644844651222229,0.11617518216371536,0.5013332962989807,0.05928335711359978,1.2819823026657104,0.0,454.0,846,2,169,0,0,0,200,200,0
1159,4636,722,79,723,1,right,0.06018455699086189,0.2677570581436157,0.1189441978931427,0.4922235608100891,0.06089058145880699,1.294512152671814,0.0,454.0,847,2,169,0,0,0,200,200,0
1160,4640,722,79,723,3,right+B,0.06105075776576996,0.26892703771591187,0.12260247021913528,0.48489153385162354,0.06252819299697876,1.3055217266082764,-1.0,453.0,848,2,168,0,0,0,200,200,0
1161,4644,722,79,723,3,right+B,0.06072482466697693,0.2682248651981354,0.12271418422460556,0.4861573278903961,0.06217874959111214,1.303865909576416,0.0,453.0,849,2,168,0,0,0,200,200,0
1162,4648,722,79,723,1,right,0.06097560003399849,0.2680853605270386,0.122295081615448,0.4869941174983978,0.06164981797337532,1.3026354312896729,0.0,453.0,850,2,168,0,0,0,200,200,0
1163,4652,722,79,723,3,right+B,0.06132835894823074,0.269491970539093,0.125176340341568,0.481406033039093,0.06259731948375702,1.3100699186325073,0.0,453.0,851,2,168,0,0,0,200,200,0
1164,4656,722,79,723,3,right+B,0.06104525178670883,0.2691170275211334,0.12499132007360458,0.48234686255455017,0.062499482184648514,1.3088183403015137,0.0,453.0,852,2,168,0,0,0,200,200,0
1165,4660,722,79,723,1,right,0.06029583141207695,0.2682613730430603,0.12198295444250107,0.4879397749900818,0.0615200474858284,1.3006234169006348,-1.0,452.0,853,2,167,0,0,0,200,200,0
1166,4664,722,93,723,2,right+A,0.06027618423104286,0.2686239182949066,0.1212267056107521,0.488871693611145,0.061001475900411606,1.2986712455749512,0.0,452.0,854,2,167,0,0,0,200,200,0
1167,4668,722,108,723,3,right+B,0.06080448254942894,0.270785927772522,0.12454616278409958,0.48134559392929077,0.06251788139343262,1.3087234497070312,0.0,452.0,855,2,167,0,0,0,200,200,0
1168,4672,722,112,723,1,right,0.06068483740091324,0.26893043518066406,0.12425307184457779,0.4833241105079651,0.06280748546123505,1.3075919151306152,0.0,452.0,856,2,167,0,0,0,200,200,0
1169,4676,722,106,723,3,right+B,0.0601934976875782,0.26756030321121216,0.12595956027507782,0.4830186367034912,0.06326808035373688,1.3090081214904785,0.0,452.0,857,2,167,0,0,0,200,200,0
1170,4680,722,89,723,3,right+B,0.05954771488904953,0.2662939429283142,0.12311854958534241,0.48849767446517944,0.06254217773675919,1.3015470504760742,-1.0,451.0,858,2,166,0,0,0,200,200,0
1171,4684,722,79,723,3,right+B,0.05966440588235855,0.2659834027290344,0.12211707979440689,0.4900655150413513,0.06216965615749359,1.2994505167007446,0.0,451.0,859,2,166,0,0,0,200,200,0
1172,4688,722,93,723,4,right+A+B,0.05898120626807213,0.2641983926296234,0.11821012198925018,0.49872273206710815,0.05988746136426926,1.2865883111953735,0.0,451.0,860,2,166,0,0,0,200,200,0
1173,4692,722,108,723,0,NOOP,0.06082344800233841,0.26941266655921936,0.12597879767417908,0.48116961121559143,0.06261547654867172,1.3100967407226562,0.0,451.0,861,2,166,0,0,0,200,200,0
1174,4696,722,112,723,4,right+A+B,0.06074631214141846,0.268796443939209,0.12739108502864838,0.48020297288894653,0.06286317110061646,1.3119674921035767,0.0,451.0,862,2,166,0,0,0,200,200,0
1175,4700,722,106,723,0,NOOP,0.06083475798368454,0.26889365911483765,0.13060174882411957,0.4759249687194824,0.06374488770961761,1.3181943893432617,-1.0,450.0,863,2,165,0,0,0,200,200,0
1176,4704,722,89,723,2,right+A,0.05983079969882965,0.2671266794204712,0.12605157494544983,0.4846000373363495,0.062390875071287155,1.3063268661499023,0.0,450.0,864,2,165,0,0,0,200,200,0
1177,4708,722,79,723,1,right,0.05998280644416809,0.26753512024879456,0.12438657879829407,0.48582205176353455,0.06227346509695053,1.3043923377990723,0.0,450.0,865,2,165,0,0,0,200,200,0
1178,4712,722,79,723,3,right+B,0.05849217623472214,0.2639782726764679,0.11745814234018326,0.5008108615875244,0.05926057696342468,1.282981276512146,0.0,450.0,866,2,165,0,0,0,200,200,0
1179,4716,722,93,723,2,right+A,0.05944656580686569,0.26655814051628113,0.11931246519088745,0.4944380819797516,0.06024469435214996,1.2913882732391357,0.0,450.0,867,2,165,0,0,0,200,200,0
1180,4720,722,108,723,1,right,0.060503359884023666,0.26932257413864136,0.12467002868652344,0.4828222095966339,0.06268183141946793,1.307753562927246,-1.0,449.0,868,2,164,0,0,0,200,200,0
1181,4724,722,112,723,2,right+A,0.060023896396160126,0.26760950684547424,0.12289134413003922,0.48744314908981323,0.06203216686844826,1.3019773960113525,0.0,449.0,869,2,164,0,0,0,200,200,0
1182,4728,722,106,723,3,right+B,0.05993589013814926,0.2673562467098236,0.125811368227005,0.483796626329422,0.06309990584850311,1.307808518409729,0.0,449.0,870,2,164,0,0,0,200,200,0
1183,4732,722,89,723,3,right+B,0.059506069868803024,0.266402006149292,0.12285611778497696,0.48879387974739075,0.0624418631196022,1.3009568452835083,0.0,449.0,871,2,164,0,0,0,200,200,0
1184,4736,722,79,723,2,right+A,0.06008647382259369,0.26695576310157776,0.1232806071639061,0.4870201349258423,0.06265702098608017,1.3035364151000977,0.0,449.0,872,2,164,0,0,0,200,200,0
1185,4740,722,79,723,3,right+B,0.058905377984046936,0.2640974223613739,0.11813335865736008,0.49912434816360474,0.059739552438259125,1.285938024520874,-1.0,448.0,873,2,163,0,0,0,200,200,0
1186,4744,722,79,723,3,right+B,0.060300882905721664,0.2675926387310028,0.12280049175024033,0.4882587790489197,0.06104726344347,1.3003826141357422,0.0,448.0,874,2,163,0,0,0,200,200,0
1187,4748,722,79,723,1,right,0.06082824245095253,0.26900970935821533,0.1259969174861908,0.48191434144973755,0.062250763177871704,1.3091517686843872,0.0,448.0,875,2,163,0,0,0,200,200,0
1188,4752,722,79,723,3,right+B,0.06031190603971481,0.26855653524398804,0.12470090389251709,0.48500075936317444,0.06142996624112129,1.3043756484985352,0.0,448.0,876,2,163,0,0,0,200,200,0
1189,4756,722,79,723,3,right+B,0.060705073177814484,0.26936739683151245,0.12385258823633194,0.4845118224620819,0.06156308948993683,1.3047916889190674,0.0,448.0,877,2,163,0,0,0,200,200,0
1190,4760,722,93,723,2,right+A,0.060799334198236465,0.26954129338264465,0.12376750260591507,0.48371630907058716,0.06217559427022934,1.306233525276184,-1.0,447.0,878,2,162,0,0,0,200,200,0
1191,4764,722,109,723,2,right+A,0.06108018755912781,0.2704674005508423,0.12548373639583588,0.48014888167381287,0.06281977146863937,1.3109878301620483,0.0,447.0,879,2,162,0,0,0,200,200,0
1192,4768,722,121,723,3,right+B,0.060737982392311096,0.2683649957180023,0.12241922318935394,0.4862423837184906,0.06223537027835846,1.303686499595642,0.0,447.0,880,2,162,0,0,0,200,200,0
1193,4772,722,122,723,3,right+B,0.06100929155945778,0.2694210708141327,0.12557537853717804,0.4794004261493683,0.06459379196166992,1.313944697380066,0.0,447.0,881,2,162,0,0,0,200,200,0
1194,4776,722,113,723,3,right+B,0.06072228029370308,0.26822182536125183,0.12346389144659042,0.48313599824905396,0.06445600837469101,1.309521198272705,0.0,447.0,882,2,162,0,0,0,200,200,0
1195,4780,722,94,723,3,right+B,0.05998602136969566,0.2661304175853729,0.11816421896219254,0.4941254258155823,0.061593975871801376,1.293451189994812,-1.0,446.0,883,2,161,0,0,0,200,200,0
1196,4784,722,79,723,1,right,0.05987710505723953,0.26520490646362305,0.11840787529945374,0.4942759871482849,0.062234170734882355,1.2943251132965088,0.0,446.0,884,2,161,0,0,0,200,200,0
1197,4788,722,79,723,3,right+B,0.06029020994901657,0.26639142632484436,0.12031348049640656,0.491383820772171,0.06162102147936821,1.2973573207855225,0.0,446.0,885,2,161,0,0,0,200,200,0
1198,4792,722,79,723,0,NOOP,0.06104282662272453,0.26791879534721375,0.12343384325504303,0.4857519567012787,0.06185253709554672,1.3046611547470093,0.0,446.0,886,2,161,0,0,0,200,200,0
1199,4796,722,79,723,3,right+B,0.06207002326846123,0.27172619104385376,0.12784627079963684,0.47519490122795105,0.06316258013248444,1.3175592422485352,0.0,446.0,887,2,161,0,0,0,200,200,0
1200,4800,722,93,723,2,right+A,0.06182679906487465,0.2712576985359192,0.12632626295089722,0.47869908809661865,0.0618901289999485,1.3122029304504395,-1.0,445.0,888,2,160,0,0,0,200,200,0
1201,4804,722,108,723,0,NOOP,0.06185545399785042,0.27188530564308167,0.12629535794258118,0.4774475395679474,0.06251637637615204,1.3138526678085327,0.0,445.0,889,2,160,0,0,0,200,200,0
1202,4808,722,112,723,3,right+B,0.06159387528896332,0.27144649624824524,0.12360209971666336,0.48106005787849426,0.06229740008711815,1.3090003728866577,0.0,445.0,890,2,160,0,0,0,200,200,0
1203,4812,722,106,723,3,right+B,0.06080713868141174,0.26986756920814514,0.12492502480745316,0.4813888967037201,0.0630112960934639,1.309715986251831,0.0,445.0,891,2,160,0,0,0,200,200,0
1204,4816,722,89,723,4,right+A+B,0.05959722399711609,0.2687123119831085,0.12113699316978455,0.4884847402572632,0.06206860765814781,1.2993853092193604,0.0,445.0,892,2,160,0,0,0,200,200,0
1205,4820,722,79,723,3,right+B,0.059454187750816345,0.2679024934768677,0.11809372156858444,0.4939216375350952,0.06062797084450722,1.2912980318069458,-1.0,444.0,893,2,159,0,0,0,200,200,0
1206,4824,722,79,723,1,right,0.05859104171395302,0.26650646328926086,0.11352867633104324,0.502810001373291,0.05856386572122574,1.2775403261184692,0.0,444.0,894,2,159,0,0,0,200,200,0
1207,4828,722,79,723,1,right,0.05951818823814392,0.26945143938064575,0.11611016094684601,0.49511438608169556,0.05980586260557175,1.287790060043335,0.0,444.0,895,2,159,0,0,0,200,200,0
1208,4832,722,93,723,4,right+A+B,0.05960735306143761,0.26948198676109314,0.11993322521448135,0.49019867181777954,0.06077883020043373,1.295503854751587,0.0,444.0,896,2,159,0,0,0,200,200,0
1209,4836,722,109,723,4,right+A+B,0.06068789213895798,0.2731935679912567,0.12529918551445007,0.47924157977104187,0.061577778309583664,1.3089417219161987,0.0,444.0,897,2,159,0,0,0,200,200,0
1210,4840,722,122,723,2,right+A,0.05996892228722572,0.27135661244392395,0.12280257046222687,0.4856097996234894,0.06026211008429527,1.3002829551696777,-1.0,443.0,898,2,158,0,0,0,200,200,0
1211,4844,722,130,723,3,right+B,0.06108919158577919,0.2743275761604309,0.12992264330387115,0.4706384539604187,0.06402216106653214,1.3214125633239746,0.0,443.0,899,2,158,0,0,0,200,200,0
1212,4848,722,129,723,3,right+B,0.05963579937815666,0.2733812630176544,0.12586282193660736,0.47852998971939087,0.0625900849699974,1.3096868991851807,0.0,443.0,900,2,158,0,0,0,200,200,0
1213,4852,722,117,723,3,right+B,0.05917933210730553,0.27257680892944336,0.12667661905288696,0.4790176451206207,0.06254955381155014,1.3092844486236572,0.0,443.0,901,2,158,0,0,0,200,200,0
1214,4856,722,97,723,3,right+B,0.0601019561290741,0.2717801034450531,0.128330796957016,0.47537899017333984,0.06440815329551697,1.3166882991790771,0.0,443.0,902,2,158,0,0,0,200,200,0
1215,4860,722,79,723,1,right,0.059119097888469696,0.2720465660095215,0.1282707303762436,0.4768276810646057,0.06373585760593414,1.3133682012557983,-1.0,442.0,903,2,157,0,0,0,200,200,0
1216,4864,722,93,723,4,right+A+B,0.06072498485445976,0.2769039571285248,0.13329069316387177,0.4636131525039673,0.06546719372272491,1.329152226448059,0.0,442.0,904,2,157,0,0,0,200,200,0
1217,4868,722,108,723,3,right+B,0.061121683567762375,0.27485185861587524,0.12964648008346558,0.47049790620803833,0.06388211995363235,1.3211263418197632,0.0,442.0,905,2,157,0,0,0,200,200,0
1218,4872,722,112,723,3,right+B,0.06024639308452606,0.2716945707798004,0.12626060843467712,0.4789106845855713,0.06288774311542511,1.3111411333084106,0.0,442.0,906,2,157,0,0,0,200,200,0
1219,4876,722,106,723,3,right+B,0.06151892617344856,0.27313363552093506,0.1329895555973053,0.4677879810333252,0.0645698681473732,1.3266348838806152,0.0,442.0,907,2,157,0,0,0,200,200,0
1220,4880,722,89,723,1,right,0.06043171137571335,0.27024805545806885,0.1272823065519333,0.477524071931839,0.06451393663883209,1.3153376579284668,-1.0,441.0,908,2,156,0,0,0,200,200,0
1221,4884,722,79,723,3,right+B,0.06084374338388443,0.2699475884437561,0.12811727821826935,0.4772557020187378,0.06383564323186874,1.3157566785812378,0.0,441.0,909,2,156,0,0,0,200,200,0
1222,4888,722,79,723,1,right,0.06135552003979683,0.2709641754627228,0.12629249691963196,0.4790962338447571,0.062291573733091354,1.3118445873260498,0.0,441.0,910,2,156,0,0,0,200,200,0
1223,4892,722,79,723,1,right,0.06120430678129196,0.2719484567642212,0.12640054523944855,0.47825995087623596,0.06218675523996353,1.3120222091674805,0.0,441.0,911,2,156,0,0,0,200,200,0
1224,4896,722,79,723,3,right+B,0.061024390161037445,0.2731561064720154,0.12841582298278809,0.4749663174152374,0.06243738532066345,1.3154962062835693,0.0,441.0,912,2,156,0,0,0,200,200,0
1225,4900,722,93,723,2,right+A,0.06432732939720154,0.2791459858417511,0.14460855722427368,0.4429854452610016,0.06893274188041687,1.357384443283081,-1.0,440.0,913,2,155,0,0,0,200,200,0
1226,4904,722,109,723,2,right+A,0.06551298499107361,0.28095635771751404,0.15333795547485352,0.4281196892261505,0.07207301259040833,1.3755254745483398,0.0,440.0,914,2,155,0,0,0,200,200,0
1227,4908,722,121,723,3,right+B,0.0626186728477478,0.2751959264278412,0.1433524191379547,0.44986218214035034,0.06897075474262238,1.350818395614624,0.0,440.0,915,2,155,0,0,0,200,200,0
1228,4912,722,122,723,0,NOOP,0.06262348592281342,0.2747730314731598,0.13904254138469696,0.45530152320861816,0.06825954467058182,1.3442554473876953,0.0,440.0,916,2,155,0,0,0,200,200,0
1229,4916,722,113,723,3,right+B,0.06267297267913818,0.27349767088890076,0.1353258490562439,0.46028369665145874,0.06821982562541962,1.3391449451446533,0.0,440.0,917,2,155,0,0,0,200,200,0
1230,4920,722,94,723,3,right+B,0.06063812971115112,0.2695481479167938,0.12464852631092072,0.48119086027145386,0.06397441774606705,1.3107585906982422,-1.0,439.0,918,2,154,0,0,0,200,200,0
1231,4924,722,79,723,1,right,0.06163930520415306,0.2726413309574127,0.13162250816822052,0.46699225902557373,0.06710464507341385,1.3298569917678833,0.0,439.0,919,2,154,0,0,0,200,200,0
1232,4928,722,79,723,3,right+B,0.06365180015563965,0.27778732776641846,0.1413627415895462,0.44772788882255554,0.06947033107280731,1.352749228477478,0.0,439.0,920,2,154,0,0,0,200,200,0
1233,4932,722,79,723,3,right+B,0.06184001266956329,0.2746206223964691,0.13231319189071655,0.46698257327079773,0.06424355506896973,1.3265812397003174,0.0,439.0,921,2,154,0,0,0,200,200,0
1234,4936,722,79,723,3,right+B,0.06176425889134407,0.27225643396377563,0.13105159997940063,0.47029241919517517,0.06463528424501419,1.3243298530578613,0.0,439.0,922,2,154,0,0,0,200,200,0
1235,4940,722,79,723,1,right,0.061513010412454605,0.27303576469421387,0.1288396418094635,0.4735085368156433,0.06310302019119263,1.318328857421875,-1.0,438.0,923,2,153,0,0,0,200,200,0
1236,4944,722,79,723,3,right+B,0.06317697465419769,0.2767697274684906,0.13283157348632812,0.4631441831588745,0.06407749652862549,1.3307098150253296,0.0,438.0,924,2,153,0,0,0,200,200,0
1237,4948,722,79,723,3,right+B,0.06167183816432953,0.2757914364337921,0.1313266009092331,0.46705809235572815,0.06415204703807831,1.3254306316375732,0.0,438.0,925,2,153,0,0,0,200,200,0
1238,4952,722,93,723,2,right+A,0.06182914227247238,0.27405020594596863,0.13026677072048187,0.47039464116096497,0.06345929205417633,1.322086215019226,0.0,438.0,926,2,153,0,0,0,200,200,0
1239,4956,722,108,723,3,right+B,0.0607590526342392,0.27190083265304565,0.1273268163204193,0.47727420926094055,0.06273902207612991,1.3134305477142334,0.0,438.0,927,2,153,0,0,0,200,200,0
1240,4960,722,112,723,3,right+B,0.059576258063316345,0.26947256922721863,0.12326737493276596,0.4870675802230835,0.06061624735593796,1.2997311353683472,-1.0,437.0,928,2,152,0,0,0,200,200,0
1241,4964,722,106,723,3,right+B,0.05980534106492996,0.2716180384159088,0.12664173543453217,0.4789581298828125,0.06297669559717178,1.310869574546814,0.0,437.0,929,2,152,0,0,0,200,200,0
1242,4968,722,89,723,3,right+B,0.06050264090299606,0.2741818428039551,0.12737247347831726,0.4739774167537689,0.06396565586328506,1.3167012929916382,0.0,437.0,930,2,152,0,0,0,200,200,0
1243,4972,722,79,723,3,right+B,0.05992751196026802,0.27237212657928467,0.1229051724076271,0.48230114579200745,0.06249408423900604,1.3055317401885986,0.0,437.0,931,2,152,0,0,0,200,200,0
1244,4976,722,79,723,3,right+B,0.05833898484706879,0.2668856084346771,0.11736588925123215,0.4977089762687683,0.059700559824705124,1.2852916717529297,0.0,437.0,932,2,152,0,0,0,200,200,0
1245,4980,722,79,723,3,right+B,0.05914444103837013,0.26875054836273193,0.1208471804857254,0.49109306931495667,0.060164786875247955,1.2940855026245117,-1.0,436.0,933,2,151,0,0,0,200,200,0
1246,4984,722,79,723,0,NOOP,0.0608355775475502,0.2730671465396881,0.12720328569412231,0.4770296812057495,0.06186426803469658,1.3122975826263428,0.0,436.0,934,2,151,0,0,0,200,200,0
1247,4988,722,79,723,1,right,0.059299249202013016,0.2706757187843323,0.12127053737640381,0.4896989166736603,0.059055499732494354,1.2938179969787598,0.0,436.0,935,2,151,0,0,0,200,200,0
1248,4992,722,93,723,2,right+A,0.059243202209472656,0.2687550485134125,0.12058901786804199,0.49241769313812256,0.0589950755238533,1.2914659976959229,0.0,436.0,936,2,151,0,0,0,200,200,0
1249,4996,722,108,723,3,right+B,0.06110408529639244,0.2726086974143982,0.125634104013443,0.47860878705978394,0.062044259160757065,1.3108749389648438,0.0,436.0,937,2,151,0,0,0,200,200,0
1250,5000,722,112,723,3,right+B,0.060408104211091995,0.2707017958164215,0.12411067634820938,0.4832436442375183,0.0615357868373394,1.3052480220794678,-1.0,435.0,938,2,150,0,0,0,200,200,0
1251,5004,722,106,723,2,right+A,0.060126397758722305,0.2690756320953369,0.12319426238536835,0.4860881567001343,0.06151551380753517,1.302415132522583,0.0,435.0,939,2,150,0,0,0,200,200,0
1252,5008,722,89,723,3,right+B,0.05996447056531906,0.26713690161705017,0.11870121210813522,0.4935527443885803,0.060644689947366714,1.2928093671798706,0.0,435.0,940,2,150,0,0,0,200,200,0
1253,5012,722,79,723,4,right+A+B,0.06004762277007103,0.2674282193183899,0.11846408247947693,0.49302127957344055,0.061038799583911896,1.293649673461914,0.0,435.0,941,2,150,0,0,0,200,200,0
1254,5016,722,79,723,1,right,0.0591910146176815,0.2656588554382324,0.11601251363754272,0.4994502067565918,0.05968746915459633,1.284350872039795,0.0,435.0,942,2,150,0,0,0,200,200,0
1255,5020,722,79,723,3,right+B,0.06028781458735466,0.26860931515693665,0.11860521882772446,0.4921184182167053,0.060379303991794586,1.293694019317627,-1.0,434.0,943,2,149,0,0,0,200,200,0
1256,5024,722,79,723,3,right+B,0.06106846034526825,0.270930677652359,0.1218479722738266,0.48419344425201416,0.061959411948919296,1.304524302482605,0.0,434.0,944,2,149,0,0,0,200,200,0
1257,5028,722,79,723,3,right+B,0.06040686368942261,0.26995182037353516,0.12147624045610428,0.486704558134079,0.061460476368665695,1.3010331392288208,0.0,434.0,945,2,149,0,0,0,200,200,0
1258,5032,722,79,723,3,right+B,0.060720425099134445,0.2689352333545685,0.12224583327770233,0.486361026763916,0.061737462878227234,1.3027234077453613,0.0,434.0,946,2,149,0,0,0,200,200,0
1259,5036,722,79,723,3,right+B,0.061350807547569275,0.26998382806777954,0.12553183734416962,0.47990331053733826,0.06323026865720749,1.3121651411056519,0.0,434.0,947,2,149,0,0,0,200,200,0
1260,5040,722,79,723,3,right+B,0.0609004870057106,0.26945269107818604,0.12488528341054916,0.4823751449584961,0.06238648667931557,1.3083405494689941,-1.0,433.0,948,2,148,0,0,0,200,200,0
1261,5044,722,79,723,3,right+B,0.06029127165675163,0.2682001292705536,0.12116208672523499,0.48897531628608704,0.06137126684188843,1.2991271018981934,0.0,433.0,949,2,148,0,0,0,200,200,0
1262,5048,722,79,723,0,NOOP,0.06012529879808426,0.26769500970840454,0.12075897306203842,0.48986127972602844,0.06155934929847717,1.2983016967773438,0.0,433.0,950,2,148,0,0,0,200,200,0
1263,5052,722,79,723,1,right,0.060201164335012436,0.26802900433540344,0.12115853279829025,0.4881671071052551,0.062444161623716354,1.3010472059249878,0.0,433.0,951,2,148,0,0,0,200,200,0
1264,5056,722,79,723,0,NOOP,0.059834565967321396,0.26750922203063965,0.11968439072370529,0.4914226233959198,0.06154907867312431,1.2960454225540161,0.0,433.0,952,2,148,0,0,0,200,200,0
1265,5060,722,79,723,3,right+B,0.0597907230257988,0.26735708117485046,0.11839471757411957,0.49356573820114136,0.06089169159531593,1.2926580905914307,-1.0,432.0,953,2,147,0,0,0,200,200,0
1266,5064,722,93,723,2,right+A,0.05997295305132866,0.2677297592163086,0.11933199316263199,0.49186891317367554,0.061096347868442535,1.2950302362442017,0.0,432.0,954,2,147,0,0,0,200,200,0
1267,5068,722,108,723,3,right+B,0.06057598441839218,0.2687474191188812,0.12234708666801453,0.485805869102478,0.06252355128526688,1.3040683269500732,0.0,432.0,955,2,147,0,0,0,200,200,0
1268,5072,722,112,723,3,right+B,0.06008008122444153,0.26757577061653137,0.12313314527273178,0.4864858090877533,0.06272520869970322,1.3038318157196045,0.0,432.0,956,2,147,0,0,0,200,200,0
1269,5076,722,106,723,1,right,0.0601477175951004,0.267473965883255,0.1274922639131546,0.48106658458709717,0.0638195052742958,1.3120269775390625,0.0,432.0,957,2,147,0,0,0,200,200,0
1270,5080,722,89,723,4,right+A+B,0.059963542968034744,0.26706746220588684,0.12638461589813232,0.48323312401771545,0.06335125118494034,1.3089767694473267,-1.0,431.0,958,2,146,0,0,0,200,200,0
1271,5084,722,79,723,1,right,0.06022544205188751,0.26723378896713257,0.12579728662967682,0.48380333185195923,0.06294023990631104,1.3079954385757446,0.0,431.0,959,2,146,0,0,0,200,200,0
1272,5088,722,79,723,3,right+B,0.058596666902303696,0.2638682425022125,0.11882496625185013,0.499428927898407,0.059281282126903534,1.285151481628418,0.0,431.0,960,2,146,0,0,0,200,200,0
1273,5092,722,93,723,4,right+A+B,0.05986382067203522,0.26783767342567444,0.12176622450351715,0.48974865674972534,0.06078363582491875,1.2976313829421997,0.0,431.0,961,2,146,0,0,0,200,200,0
1274,5096,722,108,723,0,NOOP,0.060358382761478424,0.2693772614002228,0.1257271021604538,0.4818180203437805,0.06271913647651672,1.3089860677719116,0.0,431.0,962,2,146,0,0,0,200,200,0
1275,5100,722,112,723,3,right+B,0.05979157239198685,0.26755470037460327,0.12310558557510376,0.48751500248908997,0.06203308701515198,1.3017545938491821,-1.0,430.0,963,2,145,0,0,0,200,200,0
1276,5104,722,106,723,1,right,0.05971681699156761,0.26726675033569336,0.12558330595493317,0.48427167534828186,0.0631614476442337,1.3071151971817017,0.0,430.0,964,2,145,0,0,0,200,200,0
1277,5108,722,89,723,1,right,0.05900261178612709,0.2655264735221863,0.12181354314088821,0.49127620458602905,0.062381163239479065,1.2977862358093262,0.0,430.0,965,2,145,0,0,0,200,200,0
1278,5112,722,79,723,1,right,0.0591224767267704,0.26525428891181946,0.12061794102191925,0.4929761290550232,0.062029171735048294,1.295469045639038,0.0,430.0,966,2,145,0,0,0,200,200,0
1279,5116,722,93,723,4,right+A+B,0.05800078064203262,0.2626400291919708,0.11509466171264648,0.5051349401473999,0.059129633009433746,1.2773139476776123,0.0,430.0,967,2,145,0,0,0,200,200,0
1280,5120,722,108,723,1,right,0.06018725782632828,0.2688707709312439,0.12378135323524475,0.48470214009284973,0.062458500266075134,1.3051657676696777,-1.0,429.0,968,2,144,0,0,0,200,200,0
1281,5124,722,112,723,0,NOOP,0.06008074805140495,0.2678617835044861,0.1246657595038414,0.4845874011516571,0.06280438601970673,1.3062587976455688,0.0,429.0,969,2,144,0,0,0,200,200,0
1282,5128,722,106,723,1,right,0.060405433177948,0.26814061403274536,0.12902864813804626,0.4785269498825073,0.06389835476875305,1.315136432647705,0.0,429.0,970,2,144,0,0,0,200,200,0
1283,5132,722,89,723,3,right+B,0.06016066297888756,0.2678226828575134,0.12692032754421234,0.4817541539669037,0.06334208697080612,1.3105309009552002,0.0,429.0,971,2,144,0,0,0,200,200,0
1284,5136,722,79,723,3,right+B,0.059738676995038986,0.2665954828262329,0.12417657673358917,0.4873211681842804,0.06216808408498764,1.3028136491775513,0.0,429.0,972,2,144,0,0,0,200,200,0
1285,5140,722,79,723,1,right,0.05864321440458298,0.26479077339172363,0.11826160550117493,0.4987514317035675,0.05955296754837036,1.2856056690216064,-1.0,428.0,973,2,143,0,0,0,200,200,0
1286,5144,722,79,723,1,right,0.0594668947160244,0.26693201065063477,0.12020838260650635,0.4927962124347687,0.06059641391038895,1.2936692237854004,0.0,428.0,974,2,143,0,0,0,200,200,0
1287,5148,722,93,723,2,right+A,0.05975533649325371,0.26742395758628845,0.12143468111753464,0.4897195100784302,0.06166655197739601,1.2985272407531738,0.0,428.0,975,2,143,0,0,0,200,200,0
1288,5152,722,109,723,2,right+A,0.06047704070806503,0.26967644691467285,0.12426384538412094,0.4827502965927124,0.06283240020275116,1.307661533355713,0.0,428.0,976,2,143,0,0,0,200,200,0
1289,5156,722,122,723,2,right+A,0.059946395456790924,0.26708027720451355,0.12186399847269058,0.48900094628334045,0.06210842728614807,1.3002320528030396,0.0,428.0,977,2,143,0,0,0,200,200,0
1290,5160,722,130,723,1,right,0.06083909422159195,0.26934078335762024,0.12676218152046204,0.4780862331390381,0.06497174501419067,1.31588613986969,-1.0,427.0,978,2,142,0,0,0,200,200,0
1291,5164,722,129,723,1,right,0.059748053550720215,0.26808813214302063,0.12464860081672668,0.48405158519744873,0.06346356868743896,1.3070169687271118,0.0,427.0,979,2,142,0,0,0,200,200,0
1292,5168,722,117,723,4,right+A+B,0.06040891632437706,0.268229216337204,0.12634804844856262,0.4807300269603729,0.06428392976522446,1.3124234676361084,0.0,427.0,980,2,142,0,0,0,200,200,0
1293,5172,722,97,723,1,right,0.06149652972817421,0.269352525472641,0.1284571886062622,0.47470784187316895,0.06598599255084991,1.3214881420135498,0.0,427.0,981,2,142,0,0,0,200,200,0
1294,5176,722,79,723,1,right,0.060452304780483246,0.26937955617904663,0.1279653161764145,0.47787243127822876,0.06433046609163284,1.3154182434082031,0.0,427.0,982,2,142,0,0,0,200,200,0
1295,5180,722,79,723,1,right,0.06005498394370079,0.26822617650032043,0.12482728809118271,0.48418793082237244,0.06270358711481094,1.3064337968826294,-1.0,426.0,983,2,141,0,0,0,200,200,0
1296,5184,722,79,723,3,right+B,0.060080789029598236,0.2656283974647522,0.11996105313301086,0.49378830194473267,0.06054152920842171,1.2936965227127075,0.0,426.0,984,2,141,0,0,0,200,200,0
1297,5188,722,79,723,3,right+B,0.0613851435482502,0.2688226103782654,0.12517070770263672,0.4810636043548584,0.0635579526424408,1.3117425441741943,0.0,426.0,985,2,141,0,0,0,200,200,0
1298,5192,722,79,723,3,right+B,0.0607752688229084,0.26907557249069214,0.12386418133974075,0.48358574509620667,0.06269928067922592,1.307114601135254,0.0,426.0,986,2,141,0,0,0,200,200,0
1299,5196,722,79,723,0,NOOP,0.06112651154398918,0.2702527642250061,0.12308952957391739,0.48343250155448914,0.06209876760840416,1.30624258518219,0.0,426.0,987,2,141,0,0,0,200,200,0
1300,5200,722,79,723,1,right,0.06098132207989693,0.27039921283721924,0.12268276512622833,0.4835064113140106,0.062430307269096375,1.3061493635177612,-1.0,425.0,988,2,140,0,0,0,200,200,0
1301,5204,722,79,723,0,NOOP,0.06053319573402405,0.26952484250068665,0.12027087062597275,0.48812422156333923,0.06154691055417061,1.2995421886444092,0.0,425.0,989,2,140,0,0,0,200,200,0
1302,5208,722,79,723,1,right,0.06169358640909195,0.27079451084136963,0.12090873718261719,0.48427340388298035,0.06232979893684387,1.3051972389221191,0.0,425.0,990,2,140,0,0,0,200,200,0
1303,5212,722,79,723,0,NOOP,0.06017913296818733,0.26834750175476074,0.11906933784484863,0.49128466844558716,0.06111941486597061,1.2955142259597778,0.0,425.0,991,2,140,0,0,0,200,200,0
1304,5216,722,79,723,3,right+B,0.06046391278505325,0.2701537013053894,0.11938364803791046,0.4888228178024292,0.06117602810263634,1.2977544069290161,0.0,425.0,992,2,140,0,0,0,200,200,0
1305,5220,722,79,723,3,right+B,0.05988084524869919,0.2696053683757782,0.11789008975028992,0.4926113784313202,0.0600123330950737,1.2916483879089355,-1.0,424.0,993,2,139,0,0,0,200,200,0
1306,5224,722,79,723,3,right+B,0.06065324321389198,0.2714889645576477,0.11976104974746704,0.4872760772705078,0.06082070246338844,1.2987278699874878,0.0,424.0,994,2,139,0,0,0,200,200,0
1307,5228,722,79,723,3,right+B,0.06028250232338905,0.27170467376708984,0.12153444439172745,0.48552125692367554,0.06095707044005394,1.3008363246917725,0.0,424.0,995,2,139,0,0,0,200,200,0
1308,5232,722,79,723,3,right+B,0.05975993722677231,0.27085378766059875,0.12348204851150513,0.48568272590637207,0.06022151932120323,1.3004000186920166,0.0,424.0,996,2,139,0,0,0,200,200,0
1309,5236,722,79,723,1,right,0.05960986018180847,0.27084219455718994,0.12062958627939224,0.48954105377197266,0.05937729403376579,1.2943551540374756,0.0,424.0,997,2,139,0,0,0,200,200,0
1310,5240,722,79,723,0,NOOP,0.059415459632873535,0.2712416350841522,0.1199852004647255,0.4895697832107544,0.059787966310977936,1.2941423654556274,-1.0,423.0,998,2,138,0,0,0,200,200,0
1311,5244,722,79,723,1,right,0.060801684856414795,0.2731912136077881,0.12327641993761063,0.4806019961833954,0.06212865188717842,1.3075711727142334,0.0,423.0,999,2,138,0,0,0,200,200,0
1312,5248,722,79,723,1,right,0.05990409478545189,0.27092140913009644,0.11893867701292038,0.48977094888687134,0.06046479940414429,1.2949248552322388,0.0,423.0,1000,2,138,0,0,0,200,200,0
1313,5252,722,79,723,0,NOOP,0.05854526907205582,0.2692943215370178,0.11789520829916,0.4947173297405243,0.05954786390066147,1.287654161453247,0.0,423.0,1001,2,138,0,0,0,200,200,0
1314,5256,722,79,723,1,right,0.05870113894343376,0.2688050866127014,0.11977296322584152,0.4924900233745575,0.0602308064699173,1.2918040752410889,0.0,423.0,1002,2,138,0,0,0,200,200,0
1315,5260,722,79,723,3,right+B,0.06047804281115532,0.27507632970809937,0.1270652711391449,0.47476255893707275,0.06261782348155975,1.3140206336975098,-1.0,422.0,1003,2,137,0,0,0,200,200,0
1316,5264,722,79,723,1,right,0.062266621738672256,0.27791592478752136,0.131777822971344,0.46351000666618347,0.06452954560518265,1.3290494680404663,0.0,422.0,1004,2,137,0,0,0,200,200,0
1317,5268,722,79,723,3,right+B,0.060675833374261856,0.2730664610862732,0.1261425018310547,0.47849005460739136,0.06162510812282562,1.310070276260376,0.0,422.0,1005,2,137,0,0,0,200,200,0
1318,5272,722,79,723,3,right+B,0.061648178845644,0.27434656023979187,0.13009119033813477,0.4717804193496704,0.06213364750146866,1.318981647491455,0.0,422.0,1006,2,137,0,0,0,200,200,0
1319,5276,722,93,723,4,right+A+B,0.06296569108963013,0.2751428186893463,0.13197992742061615,0.46635690331459045,0.06355459988117218,1.3273323774337769,0.0,422.0,1007,2,137,0,0,0,200,200,0
1320,5280,722,108,723,3,right+B,0.06184220686554909,0.27336910367012024,0.13205945491790771,0.46827420592308044,0.06445494294166565,1.3260153532028198,-1.0,421.0,1008,2,136,0,0,0,200,200,0
1321,5284,722,112,723,0,NOOP,0.06236627325415611,0.2756164073944092,0.1311718076467514,0.46641063690185547,0.06443479657173157,1.3271043300628662,0.0,421.0,1009,2,136,0,0,0,200,200,0
1322,5288,722,106,723,3,right+B,0.062286172062158585,0.27396631240844727,0.13448560237884521,0.4631640613079071,0.06609786301851273,1.3334914445877075,0.0,421.0,1010,2,136,0,0,0,200,200,0
1323,5292,722,89,723,3,right+B,0.06079919636249542,0.2708578109741211,0.12807954847812653,0.47585904598236084,0.06440438330173492,1.3172719478607178,0.0,421.0,1011,2,136,0,0,0,200,200,0
1324,5296,722,79,723,3,right+B,0.061610396951436996,0.2742084860801697,0.13317792117595673,0.4653318524360657,0.06567138433456421,1.329798936843872,0.0,421.0,1012,2,136,0,0,0,200,200,0
1325,5300,722,93,723,4,right+A+B,0.06332482397556305,0.274966299533844,0.1416204273700714,0.4516884684562683,0.06840001791715622,1.3490263223648071,-1.0,420.0,1013,2,135,0,0,0,200,200,0
1326,5304,722,109,723,2,right+A,0.06388085335493088,0.2780179977416992,0.14639848470687866,0.44221416115760803,0.069488525390625,1.3590221405029297,0.0,420.0,1014,2,135,0,0,0,200,200,0
1327,5308,722,121,723,1,right,0.062011707574129105,0.2731569707393646,0.135831817984581,0.463255375623703,0.06574415415525436,1.3334826231002808,0.0,420.0,1015,2,135,0,0,0,200,200,0
1328,5312,722,122,723,3,right+B,0.06401294469833374,0.276316374540329,0.1446164846420288,0.44528257846832275,0.0697716474533081,1.3570146560668945,0.0,420.0,1016,2,135,0,0,0,200,200,0
1329,5316,722,113,723,3,right+B,0.06312652677297592,0.27389582991600037,0.13477589190006256,0.45967644453048706,0.06852535903453827,1.3401626348495483,0.0,420.0,1017,2,135,0,0,0,200,200,0
1330,5320,722,94,723,3,right+B,0.06119644641876221,0.2704009413719177,0.12919823825359344,0.4748053252696991,0.06439907103776932,1.3192816972732544,-1.0,419.0,1018,2,134,0,0,0,200,200,0
1331,5324,722,79,723,1,right,0.06320788711309433,0.27530717849731445,0.1376466453075409,0.45517033338546753,0.0686679482460022,1.344792127609253,0.0,419.0,1019,2,134,0,0,0,200,200,0
1332,5328,722,79,723,3,right+B,0.06306369602680206,0.27718597650527954,0.1406802535057068,0.45123574137687683,0.06783430278301239,1.3474414348602295,0.0,419.0,1020,2,134,0,0,0,200,200,0
1333,5332,722,79,723,1,right,0.06161937862634659,0.2752828001976013,0.13117587566375732,0.46857795119285583,0.0633440762758255,1.3232531547546387,0.0,419.0,1021,2,134,0,0,0,200,200,0
1334,5336,722,79,723,3,right+B,0.06108972057700157,0.2716097831726074,0.1276719719171524,0.4759569466114044,0.06367165595293045,1.316286563873291,0.0,419.0,1022,2,134,0,0,0,200,200,0
1335,5340,722,79,723,3,right+B,0.06069330498576164,0.27173349261283875,0.12482503056526184,0.4808610677719116,0.06188700720667839,1.3081222772598267,-1.0,418.0,1023,2,133,0,0,0,200,200,0
1336,5344,722,93,723,2,right+A,0.06278033554553986,0.27660003304481506,0.12838849425315857,0.4685809910297394,0.0636502057313919,1.3233282566070557,0.0,418.0,1024,2,133,0,0,0,200,200,0
1337,5348,722,108,723,1,right,0.061936091631650925,0.27666139602661133,0.13176146149635315,0.46473848819732666,0.06490258127450943,1.3284530639648438,0.0,418.0,1025,2,133,0,0,0,200,200,0
1338,5352,722,112,723,1,right,0.0615900382399559,0.2725423276424408,0.1300601065158844,0.47155171632766724,0.06425580382347107,1.3221054077148438,0.0,418.0,1026,2,133,0,0,0,200,200,0
1339,5356,722,106,723,3,right+B,0.06007189676165581,0.2693842649459839,0.12734073400497437,0.4800882637500763,0.06311486661434174,1.3113542795181274,0.0,418.0,1027,2,133,0,0,0,200,200,0
1340,5360,722,89,723,4,right+A+B,0.05916151776909828,0.26819899678230286,0.1235891655087471,0.4879969358444214,0.06105339154601097,1.2994515895843506,-1.0,417.0,1028,2,132,0,0,0,200,200,0
1341,5364,722,79,723,3,right+B,0.060322217643260956,0.27173155546188354,0.12486870586872101,0.48052722215652466,0.06255029886960983,1.3087670803070068,0.0,417.0,1029,2,132,0,0,0,200,200,0
1342,5368,722,79,723,1,right,0.06050728261470795,0.27278199791908264,0.12589913606643677,0.47934454679489136,0.06146705523133278,1.308912754058838,0.0,417.0,1030,2,132,0,0,0,200,200,0
1343,5372,722,79,723,0,NOOP,0.0606628879904747,0.27449801564216614,0.1246560662984848,0.4787997603416443,0.06138331815600395,1.3083561658859253,0.0,417.0,1031,2,132,0,0,0,200,200,0
1344,5376,722,93,723,2,right+A,0.05989411473274231,0.2715330123901367,0.12411119788885117,0.4832564890384674,0.061205100268125534,1.3039759397506714,0.0,417.0,1032,2,132,0,0,0,200,200,0
1345,5380,722,108,723,1,right,0.060205187648534775,0.2725096642971039,0.1262921541929245,0.4794486463069916,0.06154434382915497,1.3088164329528809,-1.0,416.0,1033,2,131,0,0,0,200,200,0
1346,5384,722,112,723,1,right,0.060589998960494995,0.2729111611843109,0.12569929659366608,0.47905343770980835,0.061746127903461456,1.3094617128372192,0.0,416.0,1034,2,131,0,0,0,200,200,0
1347,5388,722,106,723,1,right,0.05791346728801727,0.2673446536064148,0.1193460151553154,0.49627959728240967,0.05911630764603615,1.2862639427185059,0.0,416.0,1035,2,131,0,0,0,200,200,0
1348,5392,722,89,723,3,right+B,0.05887412279844284,0.26860180497169495,0.12042834609746933,0.4912745952606201,0.06082107126712799,1.2942092418670654,0.0,416.0,1036,2,131,0,0,0,200,200,0
1349,5396,722,79,723,3,right+B,0.0598977655172348,0.26784226298332214,0.12102870643138885,0.4896680414676666,0.06156320869922638,1.2982983589172363,0.0,416.0,1037,2,131,0,0,0,200,200,0
1350,5400,722,79,723,3,right+B,0.058896277099847794,0.2655068039894104,0.11680595576763153,0.49985650181770325,0.05893442779779434,1.283176302909851,-1.0,415.0,1038,2,130,0,0,0,200,200,0
1351,5404,722,79,723,0,NOOP,0.060089562088251114,0.26795804500579834,0.1176498681306839,0.4946945011615753,0.05960806831717491,1.2898892164230347,0.0,415.0,1039,2,130,0,0,0,200,200,0
1352,5408,722,79,723,1,right,0.06097198650240898,0.268722265958786,0.11965930461883545,0.49032261967658997,0.06032382696866989,1.2965704202651978,0.0,415.0,1040,2,130,0,0,0,200,200,0
1353,5412,722,79,723,3,right+B,0.06099008023738861,0.2697204053401947,0.11974233388900757,0.4889596402645111,0.06058754771947861,1.297873616218567,0.0,415.0,1041,2,130,0,0,0,200,200,0
1354,5416,722,79,723,1,right,0.061383143067359924,0.27073952555656433,0.12196104973554611,0.4845386743545532,0.06137758493423462,1.3040207624435425,0.0,415.0,1042,2,130,0,0,0,200,200,0
1355,5420,722,79,723,0,NOOP,0.06187063828110695,0.27222514152526855,0.12528890371322632,0.4785558879375458,0.06205938756465912,1.311800241470337,-1.0,414.0,1043,2,129,0,0,0,200,200,0
1356,5424,722,79,723,3,right+B,0.06115945056080818,0.27153804898262024,0.12389642745256424,0.4819508492946625,0.061455268412828445,1.3068299293518066,0.0,414.0,1044,2,129,0,0,0,200,200,0
1357,5428,722,79,723,1,right,0.06061943992972374,0.2700423300266266,0.12142623215913773,0.48743152618408203,0.06048039346933365,1.2994234561920166,0.0,414.0,1045,2,129,0,0,0,200,200,0
1358,5432,722,93,723,4,right+A+B,0.06045104190707207,0.2685922086238861,0.12000192701816559,0.4899972677230835,0.06095753610134125,1.2972112894058228,0.0,414.0,1046,2,129,0,0,0,200,200,0
1359,5436,722,108,723,1,right,0.06108967214822769,0.26986369490623474,0.12362805753946304,0.48274296522140503,0.06267566233873367,1.3078558444976807,0.0,414.0,1047,2,129,0,0,0,200,200,0
1360,5440,722,112,723,3,right+B,0.06062251701951027,0.2684718668460846,0.12215686589479446,0.4867246150970459,0.06202419102191925,1.3027129173278809,-1.0,413.0,1048,2,128,0,0,0,200,200,0
1361,5444,722,106,723,1,right,0.0599808543920517,0.26630741357803345,0.12207721173763275,0.489536315202713,0.06209827587008476,1.3001105785369873,0.0,413.0,1049,2,128,0,0,0,200,200,0
1362,5448,722,89,723,3,right+B,0.059638407081365585,0.2659134268760681,0.12061735987663269,0.4917122423648834,0.062118515372276306,1.2971513271331787,0.0,413.0,1050,2,128,0,0,0,200,200,0
1363,5452,722,79,723,3,right+B,0.05993540212512016,0.26579374074935913,0.12007506936788559,0.4920068681240082,0.06218893826007843,1.2970857620239258,0.0,413.0,1051,2,128,0,0,0,200,200,0
1364,5456,722,79,723,3,right+B,0.05863039568066597,0.26291337609291077,0.1147192120552063,0.5046184062957764,0.05911867320537567,1.278272271156311,0.0,413.0,1052,2,128,0,0,0,200,200,0
1365,5460,722,79,723,3,right+B,0.05988658592104912,0.2670522928237915,0.1182926669716835,0.49467870593070984,0.06008979305624962,1.29084312915802,-1.0,412.0,1053,2,127,0,0,0,200,200,0
1366,5464,722,79,723,1,right,0.060981325805187225,0.2694033086299896,0.12389588356018066,0.48389098048210144,0.061828505247831345,1.3059918880462646,0.0,412.0,1054,2,127,0,0,0,200,200,0
1367,5468,722,79,723,1,right,0.0608537457883358,0.2693604528903961,0.12488972395658493,0.48305848240852356,0.06183767318725586,1.3070704936981201,0.0,412.0,1055,2,127,0,0,0,200,200,0
1368,5472,722,93,723,2,right+A,0.06025855615735054,0.26801374554634094,0.12293760478496552,0.48792773485183716,0.06086226552724838,1.3003513813018799,0.0,412.0,1056,2,127,0,0,0,200,200,0
1369,5476,722,109,723,2,right+A,0.06095509976148605,0.271140456199646,0.12730689346790314,0.4778980314731598,0.06269955635070801,1.3132987022399902,0.0,412.0,1057,2,127,0,0,0,200,200,0
1370,5480,722,121,723,3,right+B,0.0603267177939415,0.26867911219596863,0.12538011372089386,0.48331040143966675,0.06230372563004494,1.3071961402893066,-1.0,411.0,1058,2,126,0,0,0,200,200,0
1371,5484,722,122,723,3,right+B,0.06065180525183678,0.26961854100227356,0.1275775134563446,0.4778112471103668,0.06434087455272675,1.315476417541504,0.0,411.0,1059,2,126,0,0,0,200,200,0
1372,5488,722,113,723,3,right+B,0.060534946620464325,0.2685816287994385,0.1254492551088333,0.480907678604126,0.06452653557062149,1.3121733665466309,0.0,411.0,1060,2,126,0,0,0,200,200,0
1373,5492,722,94,723,3,right+B,0.05962241813540459,0.2660907804965973,0.11981098353862762,0.49288564920425415,0.061590176075696945,1.2949941158294678,0.0,411.0,1061,2,126,0,0,0,200,200,0
1374,5496,722,79,723,0,NOOP,0.05886399373412132,0.2645632326602936,0.11848857998847961,0.4965418577194214,0.0615423247218132,1.2904503345489502,0.0,411.0,1062,2,126,0,0,0,200,200,0
1375,5500,722,79,723,3,right+B,0.05896709859371185,0.2655991017818451,0.11745502799749374,0.49796146154403687,0.06001731753349304,1.2866299152374268,-1.0,410.0,1063,2,125,0,0,0,200,200,0
1376,5504,722,79,723,3,right+B,0.05931406468153,0.26574015617370605,0.11816664040088654,0.4970707595348358,0.05970839038491249,1.287827968597412,0.0,410.0,1064,2,125,0,0,0,200,200,0
1377,5508,722,93,723,2,right+A,0.06001567095518112,0.26657652854919434,0.1206851601600647,0.4917086064815521,0.06101405993103981,1.29615318775177,0.0,410.0,1065,2,125,0,0,0,200,200,0
1378,5512,722,108,723,1,right,0.06097746640443802,0.26970425248146057,0.12653487920761108,0.4801519513130188,0.06263144314289093,1.3113596439361572,0.0,410.0,1066,2,125,0,0,0,200,200,0
1379,5516,722,112,723,0,NOOP,0.06077933683991432,0.26908543705940247,0.12669490277767181,0.4810483753681183,0.06239195540547371,1.3103172779083252,0.0,410.0,1067,2,125,0,0,0,200,200,0
1380,5520,722,106,723,3,right+B,0.06002306938171387,0.2676861584186554,0.12775564193725586,0.48204728960990906,0.0624878816306591,1.3095369338989258,-1.0,409.0,1068,2,124,0,0,0,200,200,0
1381,5524,722,89,723,1,right,0.05977221950888634,0.26780441403388977,0.12492409348487854,0.4851572811603546,0.0623420812189579,1.3049836158752441,0.0,409.0,1069,2,124,0,0,0,200,200,0
1382,5528,722,79,723,3,right+B,0.059779901057481766,0.2669179141521454,0.12282744795084,0.48856401443481445,0.0619107149541378,1.300710678100586,0.0,409.0,1070,2,124,0,0,0,200,200,0
1383,5532,722,79,723,3,right+B,0.05843281373381615,0.26358309388160706,0.11624566465616226,0.5027948617935181,0.05894358828663826,1.2801544666290283,0.0,409.0,1071,2,124,0,0,0,200,200,0
1384,5536,722,79,723,3,right+B,0.05957946553826332,0.266773521900177,0.11885392665863037,0.4946511685848236,0.060141973197460175,1.29093337059021,0.0,409.0,1072,2,124,0,0,0,200,200,0
1385,5540,722,79,723,1,right,0.05985511094331741,0.26721033453941345,0.12084349989891052,0.490959107875824,0.06113193929195404,1.2966701984405518,-1.0,408.0,1073,2,123,0,0,0,200,200,0
1386,5544,722,79,723,3,right+B,0.05984232574701309,0.26756978034973145,0.12104135006666183,0.49045369029045105,0.06109292060136795,1.2970573902130127,0.0,408.0,1074,2,123,0,0,0,200,200,0
1387,5548,722,79,723,3,right+B,0.06006528437137604,0.2674931287765503,0.12005746364593506,0.4914659857749939,0.06091809272766113,1.2957333326339722,0.0,408.0,1075,2,123,0,0,0,200,200,0
1388,5552,722,79,723,3,right+B,0.06058555468916893,0.2688841223716736,0.12251424789428711,0.4860304892063141,0.06198557838797569,1.3032944202423096,0.0,408.0,1076,2,123,0,0,0,200,200,0
1389,5556,722,79,723,3,right+B,0.06093057617545128,0.26924410462379456,0.12422360479831696,0.4833955764770508,0.062206167727708817,1.307015061378479,0.0,408.0,1077,2,123,0,0,0,200,200,0
1390,5560,722,79,723,3,right+B,0.060906048864126205,0.26860687136650085,0.12410087883472443,0.4846658408641815,0.06172029674053192,1.3054237365722656,-1.0,407.0,1078,2,122,0,0,0,200,200,0
1391,5564,722,79,723,1,right,0.06115175783634186,0.2690195143222809,0.12339265644550323,0.484964519739151,0.061471570283174515,1.3046962022781372,0.0,407.0,1079,2,122,0,0,0,200,200,0
1392,5568,722,79,723,3,right+B,0.06078973039984703,0.26893749833106995,0.12313488125801086,0.4856562316417694,0.06148163974285126,1.3035643100738525,0.0,407.0,1080,2,122,0,0,0,200,200,0
1393,5572,722,79,723,3,right+B,0.06080068275332451,0.2697043716907501,0.12292192131280899,0.4849843680858612,0.061588674783706665,1.3039675951004028,0.0,407.0,1081,2,122,0,0,0,200,200,0
1394,5576,722,79,723,1,right,0.060467347502708435,0.26802298426628113,0.12070835381746292,0.48991867899894714,0.060882605612277985,1.2977380752563477,0.0,407.0,1082,2,122,0,0,0,200,200,0
1395,5580,722,79,723,1,right,0.06009314954280853,0.2672726809978485,0.11856011301279068,0.49334144592285156,0.06073266267776489,1.2931469678878784,-1.0,406.0,1083,2,121,0,0,0,200,200,0
1396,5584,722,79,723,1,right,0.06107978895306587,0.2684609293937683,0.12207639962434769,0.4858081042766571,0.06257472187280655,1.3046767711639404,0.0,406.0,1084,2,121,0,0,0,200,200,0
1397,5588,722,79,723,3,right+B,0.060666825622320175,0.2681518793106079,0.12265323847532272,0.4863317012786865,0.06219630315899849,1.3036537170410156,0.0,406.0,1085,2,121,0,0,0,200,200,0
1398,5592,722,93,723,4,right+A+B,0.061082493513822556,0.26927128434181213,0.12228456139564514,0.4856272041797638,0.061734385788440704,1.3037211894989014,0.0,406.0,1086,2,121,0,0,0,200,200,0
1399,5596,722,108,723,3,right+B,0.061787623912096024,0.2724422216415405,0.12497160583734512,0.4780521094799042,0.06274636089801788,1.3127264976501465,0.0,406.0,1087,2,121,0,0,0,200,200,0
1400,5600,722,112,723,3,right+B,0.061247412115335464,0.27008575201034546,0.12420772016048431,0.48202258348464966,0.06243659183382988,1.3086100816726685,-1.0,405.0,1088,2,120,0,0,0,200,200,0
1401,5604,722,106,723,0,NOOP,0.06124239042401314,0.27102014422416687,0.12520024180412292,0.4797062575817108,0.06283093988895416,1.311280369758606,0.0,405.0,1089,2,120,0,0,0,200,200,0
1402,5608,722,89,723,0,NOOP,0.06145300716161728,0.2707921266555786,0.1254323124885559,0.4792633652687073,0.06305920332670212,1.3123581409454346,0.0,405.0,1090,2,120,0,0,0,200,200,0
1403,5612,722,79,723,2,right+A,0.060470085591077805,0.26921775937080383,0.12393482774496078,0.4842999577522278,0.06207740306854248,1.3053863048553467,0.0,405.0,1091,2,120,0,0,0,200,200,0
1404,5616,722,79,723,1,right,0.058909233659505844,0.26676660776138306,0.11664660274982452,0.4995771646499634,0.05810033902525902,1.2819774150848389,0.0,405.0,1092,2,120,0,0,0,200,200,0
1405,5620,722,79,723,3,right+B,0.0601687952876091,0.2713675796985626,0.11793322116136551,0.49132442474365234,0.05920588970184326,1.2916678190231323,-1.0,404.0,1093,2,119,0,0,0,200,200,0
1406,5624,722,93,723,4,right+A+B,0.060395073145627975,0.2723531723022461,0.12039919197559357,0.48628783226013184,0.060564760118722916,1.2990533113479614,0.0,404.0,1094,2,119,0,0,0,200,200,0
1407,5628,722,108,723,3,right+B,0.0597647950053215,0.2714029848575592,0.12152780592441559,0.4860265254974365,0.061277929693460464,1.3002345561981201,0.0,404.0,1095,2,119,0,0,0,200,200,0
1408,5632,722,112,723,1,right,0.060028981417417526,0.27152466773986816,0.12266911566257477,0.48498180508613586,0.0607953742146492,1.3014326095581055,0.0,404.0,1096,2,119,0,0,0,200,200,0
1409,5636,722,106,723,3,right+B,0.05871725454926491,0.26885220408439636,0.12110260128974915,0.4913661479949951,0.059961751103401184,1.2931721210479736,0.0,404.0,1097,2,119,0,0,0,200,200,0
1410,5640,722,89,723,1,right,0.05969701334834099,0.27032867074012756,0.12252599745988846,0.4857511818408966,0.06169714033603668,1.3017102479934692,-1.0,403.0,1098,2,118,0,0,0,200,200,0
1411,5644,722,79,723,0,NOOP,0.06049603968858719,0.27118343114852905,0.12131690979003906,0.4844474196434021,0.062556192278862,1.3039731979370117,0.0,403.0,1099,2,118,0,0,0,200,200,0
1412,5648,722,79,723,3,right+B,0.05807271599769592,0.2665431499481201,0.11579697579145432,0.5008189082145691,0.05876821279525757,1.2802354097366333,0.0,403.0,1100,2,118,0,0,0,200,200,0
1413,5652,722,79,723,3,right+B,0.05960005894303322,0.2701215445995331,0.12261584401130676,0.4867067039012909,0.06095585599541664,1.2999742031097412,0.0,403.0,1101,2,118,0,0,0,200,200,0
1414,5656,722,79,723,1,right,0.0605492927134037,0.2723419666290283,0.12736426293849945,0.47725895047187805,0.06248554587364197,1.312780499458313,0.0,403.0,1102,2,118,0,0,0,200,200,0
1415,5660,722,79,723,3,right+B,0.06240200251340866,0.27909085154533386,0.13619931042194366,0.4572828710079193,0.0650249570608139,1.3363401889801025,-1.0,402.0,1103,2,117,0,0,0,200,200,0
1416,5664,722,93,723,2,right+A,0.06180905923247337,0.27738654613494873,0.1321207731962204,0.465230792760849,0.06345274299383163,1.3261533975601196,0.0,402.0,1104,2,117,0,0,0,200,200,0
1417,5668,722,108,723,1,right,0.061209745705127716,0.2753545939922333,0.1291879415512085,0.4722757935523987,0.06197188049554825,1.3171374797821045,0.0,402.0,1105,2,117,0,0,0,200,200,0
1418,5672,722,112,723,1,right,0.06181010603904724,0.27466344833374023,0.13132154941558838,0.46892085671424866,0.06328403204679489,1.323374629020691,0.0,402.0,1106,2,117,0,0,0,200,200,0
1419,5676,722,106,723,3,right+B,0.06171479821205139,0.27238601446151733,0.1314525157213211,0.4692583680152893,0.06518827378749847,1.3259057998657227,0.0,402.0,1107,2,117,0,0,0,200,200,0
1420,5680,722,89,723,1,right,0.06158893555402756,0.27191734313964844,0.13160303235054016,0.46961596608161926,0.06527470797300339,1.3257567882537842,-1.0,401.0,1108,2,116,0,0,0,200,200,0
1421,5684,722,79,723,2,right+A,0.06246744841337204,0.27367153763771057,0.12894207239151,0.4699709713459015,0.06494791805744171,1.324430227279663,0.0,401.0,1109,2,116,0,0,0,200,200,0
1422,5688,722,79,723,0,NOOP,0.06041291356086731,0.2692726254463196,0.12269702553749084,0.4857824444770813,0.061834920197725296,1.303105354309082,0.0,401.0,1110,2,116,0,0,0,200,200,0
1423,5692,722,79,723,1,right,0.06042098626494408,0.2706558108329773,0.12285283952951431,0.4850119650363922,0.06105842441320419,1.3025431632995605,0.0,401.0,1111,2,116,0,0,0,200,200,0
1424,5696,722,93,723,2,right+A,0.06431810557842255,0.27747127413749695,0.14205771684646606,0.44729799032211304,0.06885483860969543,1.3535442352294922,0.0,401.0,1112,2,116,0,0,0,200,200,0
1425,5700,722,108,723,3,right+B,0.06625273823738098,0.28135281801223755,0.15464699268341064,0.4247606694698334,0.07298678159713745,1.3800241947174072,-1.0,400.0,1113,2,115,0,0,0,200,200,0
1426,5704,722,112,723,3,right+B,0.06401247531175613,0.2773832082748413,0.14803478121757507,0.44095277786254883,0.06961666792631149,1.3610162734985352,0.0,400.0,1114,2,115,0,0,0,200,200,0
1427,5708,722,106,723,3,right+B,0.06278069317340851,0.2747516632080078,0.1419520229101181,0.45407411456108093,0.06644152849912643,1.34450101852417,0.0,400.0,1115,2,115,0,0,0,200,200,0
1428,5712,722,89,723,2,right+A,0.06251845508813858,0.27373772859573364,0.1372494101524353,0.46058011054992676,0.06591430306434631,1.3368618488311768,0.0,400.0,1116,2,115,0,0,0,200,200,0
1429,5716,722,79,723,2,right+A,0.06162159889936447,0.2727195918560028,0.1299639493227005,0.4712951183319092,0.0643998309969902,1.3224297761917114,0.0,400.0,1117,2,115,0,0,0,200,200,0
1430,5720,722,79,723,2,right+A,0.06189780309796333,0.273525595664978,0.13258156180381775,0.46761786937713623,0.06437712907791138,1.3267171382904053,-1.0,399.0,1118,2,114,0,0,0,200,200,0
1431,5724,722,79,723,3,right+B,0.06440937519073486,0.2779851257801056,0.14047276973724365,0.44867441058158875,0.06845834851264954,1.3513940572738647,0.0,399.0,1119,2,114,0,0,0,200,200,0
1432,5728,722,79,723,1,right,0.06334377825260162,0.2767825424671173,0.13895097374916077,0.4535418152809143,0.06738083064556122,1.3449023962020874,0.0,399.0,1120,2,114,0,0,0,200,200,0
1433,5732,722,79,723,3,right+B,0.06082294508814812,0.2705962359905243,0.12528881430625916,0.48063525557518005,0.06265673786401749,1.3099370002746582,0.0,399.0,1121,2,114,0,0,0,200,200,0
1434,5736,722,79,723,3,right+B,0.061276983469724655,0.2707805633544922,0.12423928081989288,0.4812872111797333,0.062415968626737595,1.3090726137161255,0.0,399.0,1122,2,114,0,0,0,200,200,0
1435,5740,722,79,723,3,right+B,0.06330429017543793,0.2766679525375366,0.13193517923355103,0.46320784091949463,0.0648847371339798,1.331380009651184,-1.0,398.0,1123,2,113,0,0,0,200,200,0
1436,5744,722,79,723,0,NOOP,0.06222614645957947,0.2758708894252777,0.13244129717350006,0.4648532569408417,0.06460851430892944,1.3289011716842651,0.0,398.0,1124,2,113,0,0,0,200,200,0
1437,5748,722,79,723,1,right,0.06216760724782944,0.2747235596179962,0.1315811723470688,0.46776893734931946,0.06375867128372192,1.3254077434539795,0.0,398.0,1125,2,113,0,0,0,200,200,0
1438,5752,722,79,723,1,right,0.06139633059501648,0.27124059200286865,0.1283363699913025,0.47697120904922485,0.06205550953745842,1.314307689666748,0.0,398.0,1126,2,113,0,0,0,200,200,0
1439,5756,722,79,723,3,right+B,0.06066392362117767,0.27044761180877686,0.12514947354793549,0.4835885763168335,0.06015034765005112,1.3041685819625854,0.0,398.0,1127,2,113,0,0,0,200,200,0
1440,5760,722,79,723,1,right,0.0607449896633625,0.2733772397041321,0.12629812955856323,0.478288471698761,0.06129113584756851,1.3099088668823242,-1.0,397.0,1128,2,112,0,0,0,200,200,0
1441,5764,722,79,723,3,right+B,0.06215045601129532,0.27864545583724976,0.1315312534570694,0.4637235105037689,0.06394929438829422,1.3277313709259033,0.0,397.0,1129,2,112,0,0,0,200,200,0
1442,5768,722,79,723,3,right+B,0.0604402981698513,0.27363696694374084,0.12274210900068283,0.4824509918689728,0.06072962284088135,1.3034648895263672,0.0,397.0,1130,2,112,0,0,0,200,200,0
1443,5772,722,79,723,3,right+B,0.060337282717227936,0.27330753207206726,0.12499220669269562,0.4789530634880066,0.06240985542535782,1.3095695972442627,0.0,397.0,1131,2,112,0,0,0,200,200,0
1444,5776,722,79,723,3,right+B,0.06024890020489693,0.27187737822532654,0.12510640919208527,0.48084133863449097,0.06192601099610329,1.3077422380447388,0.0,397.0,1132,2,112,0,0,0,200,200,0
1445,5780,722,93,723,2,right+A,0.060073643922805786,0.2716693580150604,0.12250977754592896,0.4849526286125183,0.06079449877142906,1.3013887405395508,-1.0,396.0,1133,2,111,0,0,0,200,200,0
1446,5784,722,108,723,3,right+B,0.059783682227134705,0.2723057270050049,0.12326010316610336,0.4839881658554077,0.06066225469112396,1.3019049167633057,0.0,396.0,1134,2,111,0,0,0,200,200,0
1447,5788,722,112,723,1,right,0.05948386341333389,0.2696582078933716,0.12166281789541245,0.48851969838142395,0.060675445944070816,1.2975527048110962,0.0,396.0,1135,2,111,0,0,0,200,200,0
1448,5792,722,106,723,3,right+B,0.06078937277197838,0.2709413170814514,0.12744857370853424,0.4777766764163971,0.06304408609867096,1.313730239868164,0.0,396.0,1136,2,111,0,0,0,200,200,0
1449,5796,722,89,723,3,right+B,0.060517698526382446,0.27052852511405945,0.12539692223072052,0.48151811957359314,0.06203877180814743,1.308148741722107,0.0,396.0,1137,2,111,0,0,0,200,200,0
1450,5800,722,79,723,3,right+B,0.061270054429769516,0.2695748507976532,0.12352415919303894,0.4839959442615509,0.061634987592697144,1.305783987045288,-1.0,395.0,1138,2,110,0,0,0,200,200,0
1451,5804,722,79,723,3,right+B,0.060258571058511734,0.2660408020019531,0.11883683502674103,0.4961740970611572,0.05868975818157196,1.2888091802597046,0.0,395.0,1139,2,110,0,0,0,200,200,0
1452,5808,722,93,723,2,right+A,0.06127798929810524,0.26976916193962097,0.12147090584039688,0.4873013496398926,0.06018068268895149,1.3000673055648804,0.0,395.0,1140,2,110,0,0,0,200,200,0
1453,5812,722,108,723,3,right+B,0.06204502657055855,0.27348214387893677,0.127556711435318,0.47348752617836,0.06342858076095581,1.3186368942260742,0.0,395.0,1141,2,110,0,0,0,200,200,0
1454,5816,722,112,723,3,right+B,0.061685703694820404,0.27214571833610535,0.12499450892210007,0.4786284565925598,0.06254564225673676,1.311973214149475,0.0,395.0,1142,2,110,0,0,0,200,200,0
1455,5820,722,106,723,0,NOOP,0.06127340719103813,0.27085790038108826,0.1262732893228531,0.47847214341163635,0.06312330812215805,1.3132803440093994,-1.0,394.0,1143,2,109,0,0,0,200,200,0
1456,5824,722,89,723,3,right+B,0.06021488830447197,0.2691347599029541,0.12236882001161575,0.4861721098423004,0.062109462916851044,1.3027238845825195,0.0,394.0,1144,2,109,0,0,0,200,200,0
1457,5828,722,79,723,1,right,0.060435544699430466,0.2674580514431,0.12087845057249069,0.4890706241130829,0.062157243490219116,1.3002121448516846,0.0,394.0,1145,2,109,0,0,0,200,200,0
1458,5832,722,93,723,2,right+A,0.059385865926742554,0.26403841376304626,0.1159735843539238,0.5006620287895203,0.05994011461734772,1.2842161655426025,0.0,394.0,1146,2,109,0,0,0,200,200,0
1459,5836,722,109,723,4,right+A+B,0.06109805777668953,0.26982036232948303,0.12317422032356262,0.48362603783607483,0.06228133663535118,1.3064219951629639,0.0,394.0,1147,2,109,0,0,0,200,200,0
1460,5840,722,121,723,1,right,0.06073303893208504,0.2679102420806885,0.12241101264953613,0.4868638813495636,0.06208190694451332,1.303078293800354,-1.0,393.0,1148,2,108,0,0,0,200,200,0
1461,5844,722,122,723,1,right,0.06180919334292412,0.27045324444770813,0.12831400334835052,0.4743468165397644,0.06507672369480133,1.3207595348358154,0.0,393.0,1149,2,108,0,0,0,200,200,0
1462,5848,722,113,723,3,right+B,0.06165890768170357,0.26944053173065186,0.128616601228714,0.47437819838523865,0.06590579450130463,1.3219192028045654,0.0,393.0,1150,2,108,0,0,0,200,200,0
1463,5852,722,94,723,3,right+B,0.06031455844640732,0.2671414613723755,0.12145198881626129,0.4891992509365082,0.06189270690083504,1.3000221252441406,0.0,393.0,1151,2,108,0,0,0,200,200,0
1464,5856,722,79,723,1,right,0.05955664813518524,0.26651155948638916,0.12060461193323135,0.4917237162590027,0.061603400856256485,1.2962599992752075,0.0,393.0,1152,2,108,0,0,0,200,200,0
1465,5860,722,79,723,1,right,0.05990771949291229,0.26835769414901733,0.12000897526741028,0.4907988905906677,0.06092676520347595,1.2958757877349854,-1.0,392.0,1153,2,107,0,0,0,200,200,0
1466,5864,722,79,723,1,right,0.060024719685316086,0.2677377462387085,0.12058863043785095,0.49086058139801025,0.06078832969069481,1.2962729930877686,0.0,392.0,1154,2,107,0,0,0,200,200,0
1467,5868,722,79,723,3,right+B,0.06013156846165657,0.2677423059940338,0.12240272015333176,0.48769962787628174,0.06202376261353493,1.3015908002853394,0.0,392.0,1155,2,107,0,0,0,200,200,0
1468,5872,722,79,723,1,right,0.0603332445025444,0.26875218749046326,0.12325756996870041,0.4856968820095062,0.06196007877588272,1.3036596775054932,0.0,392.0,1156,2,107,0,0,0,200,200,0
1469,5876,722,79,723,3,right+B,0.06008932739496231,0.26743999123573303,0.12143996357917786,0.489783376455307,0.06124739348888397,1.2983759641647339,0.0,392.0,1157,2,107,0,0,0,200,200,0
1470,5880,722,93,723,4,right+A+B,0.0600176639854908,0.26788344979286194,0.12138364464044571,0.4893442392349243,0.06137099117040634,1.2986717224121094,-1.0,391.0,1158,2,106,0,0,0,200,200,0
1471,5884,722,108,723,3,right+B,0.061034854501485825,0.27005040645599365,0.12594370543956757,0.4800921082496643,0.06287892907857895,1.3113914728164673,0.0,391.0,1159,2,106,0,0,0,200,200,0
1472,5888,722,112,723,3,right+B,0.06075524538755417,0.2686627209186554,0.1254941076040268,0.48235177993774414,0.0627361536026001,1.3091137409210205,0.0,391.0,1160,2,106,0,0,0,200,200,0
1473,5892,722,106,723,0,NOOP,0.060750819742679596,0.268565833568573,0.12900972366333008,0.4781264364719391,0.06354723870754242,1.3153632879257202,0.0,391.0,1161,2,106,0,0,0,200,200,0
1474,5896,722,89,723,3,right+B,0.06037959083914757,0.2675335705280304,0.1270265132188797,0.4819916784763336,0.06306871771812439,1.310402512550354,0.0,391.0,1162,2,106,0,0,0,200,200,0
1475,5900,722,79,723,1,right,0.06058062985539436,0.2678193747997284,0.12593211233615875,0.48312947154045105,0.06253847479820251,1.3084417581558228,-1.0,390.0,1163,2,105,0,0,0,200,200,0
1476,5904,722,93,723,2,right+A,0.059006839990615845,0.2645939588546753,0.11945129930973053,0.4977223873138428,0.05922553315758705,1.287266731262207,0.0,390.0,1164,2,105,0,0,0,200,200,0
1477,5908,722,109,723,2,right+A,0.06071718782186508,0.27015063166618347,0.12616558372974396,0.4806215465068817,0.06234506890177727,1.3100018501281738,0.0,390.0,1165,2,105,0,0,0,200,200,0
1478,5912,722,121,723,3,right+B,0.06017720326781273,0.26867321133613586,0.12475266307592392,0.4842044711112976,0.06219235807657242,1.3058041334152222,0.0,390.0,1166,2,105,0,0,0,200,200,0
1479,5916,722,122,723,1,right,0.06086832284927368,0.2699192762374878,0.12813539803028107,0.47638943791389465,0.06468754261732101,1.3175222873687744,0.0,390.0,1167,2,105,0,0,0,200,200,0
1480,5920,722,113,723,2,right+A,0.060538701713085175,0.2687837779521942,0.12552271783351898,0.4805317521095276,0.06462300568819046,1.312591314315796,-1.0,389.0,1168,2,104,0,0,0,200,200,0
1481,5924,722,94,723,1,right,0.059638798236846924,0.26626691222190857,0.12005369365215302,0.4922076165676117,0.061832912266254425,1.295983910560608,0.0,389.0,1169,2,104,0,0,0,200,200,0
1482,5928,722,79,723,3,right+B,0.05912312492728233,0.26512494683265686,0.11938310414552689,0.4943138659000397,0.06205499917268753,1.2936972379684448,0.0,389.0,1170,2,104,0,0,0,200,200,0
1483,5932,722,79,723,1,right,0.05919719114899635,0.2661616802215576,0.1185595691204071,0.49558547139167786,0.06049606204032898,1.2900687456130981,0.0,389.0,1171,2,104,0,0,0,200,200,0
1484,5936,722,79,723,0,NOOP,0.05974018573760986,0.26686298847198486,0.12027255445718765,0.4924536943435669,0.06067059934139252,1.294449806213379,0.0,389.0,1172,2,104,0,0,0,200,200,0
1485,5940,722,79,723,3,right+B,0.06065867096185684,0.2686523497104645,0.12445326894521713,0.48394301533699036,0.06229273974895477,1.306593418121338,-1.0,388.0,1173,2,103,0,0,0,200,200,0
1486,5944,722,79,723,3,right+B,0.061280593276023865,0.26925989985466003,0.12580205500125885,0.481501042842865,0.062156401574611664,1.3097771406173706,0.0,388.0,1174,2,103,0,0,0,200,200,0
1487,5948,722,79,723,1,right,0.061322763562202454,0.26957470178604126,0.12390226870775223,0.4834500551223755,0.06175019592046738,1.3066455125808716,0.0,388.0,1175,2,103,0,0,0,200,200,0
1488,5952,722,79,723,1,right,0.06094301491975784,0.26906272768974304,0.12450648844242096,0.4836863875389099,0.06180141866207123,1.3064870834350586,0.0,388.0,1176,2,103,0,0,0,200,200,0
1489,5956,722,79,723,1,right,0.06089930236339569,0.26965072751045227,0.12480367720127106,0.4826022684574127,0.06204402074217796,1.3076413869857788,0.0,388.0,1177,2,103,0,0,0,200,200,0
1490,5960,722,79,723,3,right+B,0.060907237231731415,0.2689763903617859,0.12276182323694229,0.48575302958488464,0.06160156801342964,1.3035666942596436,-1.0,387.0,1178,2,102,0,0,0,200,200,0
1491,5964,722,79,723,3,right+B,0.060844745486974716,0.2686781883239746,0.12164132297039032,0.48687031865119934,0.061965443193912506,1.3024630546569824,0.0,387.0,1179,2,102,0,0,0,200,200,0
1492,5968,722,79,723,0,NOOP,0.06101391464471817,0.26939311623573303,0.12293585389852524,0.48427966237068176,0.062377508729696274,1.3058686256408691,0.0,387.0,1180,2,102,0,0,0,200,200,0
1493,5972,722,79,723,3,right+B,0.06059669703245163,0.2679097354412079,0.12028995901346207,0.4898918867111206,0.061311718076467514,1.2982466220855713,0.0,387.0,1181,2,102,0,0,0,200,200,0
1494,5976,722,79,723,1,right,0.06032312288880348,0.2663750648498535,0.11832275986671448,0.49450215697288513,0.06047697737812996,1.2922028303146362,0.0,387.0,1182,2,102,0,0,0,200,200,0
1495,5980,722,79,723,3,right+B,0.06055839732289314,0.2665739059448242,0.11825276911258698,0.4936475455760956,0.06096738949418068,1.2937480211257935,-1.0,386.0,1183,2,101,0,0,0,200,200,0
1496,5984,722,79,723,1,right,0.061346929520368576,0.2680869996547699,0.12302996218204498,0.4845591187477112,0.06297695636749268,1.3071428537368774,0.0,386.0,1184,2,101,0,0,0,200,200,0
1497,5988,722,79,723,1,right,0.061276014894247055,0.2693338096141815,0.1255396157503128,0.4811173975467682,0.06273311376571655,1.3106358051300049,0.0,386.0,1185,2,101,0,0,0,200,200,0
1498,5992,722,79,723,0,NOOP,0.06215759366750717,0.27084213495254517,0.1265498250722885,0.478069543838501,0.06238085404038429,1.3139421939849854,0.0,386.0,1186,2,101,0,0,0,200,200,0
1499,5996,722,79,723,3,right+B,0.06221507489681244,0.2723865211009979,0.12611490488052368,0.4769481420516968,0.06233534216880798,1.314259648323059,0.0,386.0,1187,2,101,0,0,0,200,200,0
1500,6000,722,93,723,2,right+A,0.06182991340756416,0.2714588940143585,0.12524674832820892,0.4796600639820099,0.0618043914437294,1.3107044696807861,-1.0,385.0,1188,2,100,0,0,0,200,200,0
1501,6004,722,108,723,0,NOOP,0.06263922899961472,0.2740394175052643,0.1255999207496643,0.4747512638568878,0.06297008693218231,1.3166402578353882,0.0,385.0,1189,2,100,0,0,0,200,200,0
1502,6008,722,112,723,3,right+B,0.061407022178173065,0.27160176634788513,0.1240474134683609,0.48053228855133057,0.062411487102508545,1.309541940689087,0.0,385.0,1190,2,100,0,0,0,200,200,0
1503,6012,722,106,723,1,right,0.060102708637714386,0.2697214186191559,0.1242256909608841,0.48380178213119507,0.06214836612343788,1.3054577112197876,0.0,385.0,1191,2,100,0,0,0,200,200,0
1504,6016,722,89,723,3,right+B,0.05979852005839348,0.27012908458709717,0.11943155527114868,0.4895903766155243,0.061050496995449066,1.2961515188217163,0.0,385.0,1192,2,100,0,0,0,200,200,0
1505,6020,722,79,723,1,right,0.059911929070949554,0.2692275047302246,0.11859442293643951,0.49130216240882874,0.06096397340297699,1.2944849729537964,-1.0,384.0,1193,2,99,0,0,0,200,200,0
1506,6024,722,79,723,1,right,0.05831320956349373,0.26652073860168457,0.11428646743297577,0.502292811870575,0.05858681723475456,1.2781258821487427,0.0,384.0,1194,2,99,0,0,0,200,200,0
1507,6028,722,93,723,2,right+A,0.05889778956770897,0.269025057554245,0.1177254244685173,0.49497681856155396,0.05937487259507179,1.2876315116882324,0.0,384.0,1195,2,99,0,0,0,200,200,0
1508,6032,722,109,723,2,right+A,0.05922132357954979,0.27157989144325256,0.12165329605340958,0.48673200607299805,0.06081341207027435,1.298405408859253,0.0,384.0,1196,2,99,0,0,0,200,200,0
1509,6036,722,122,723,4,right+A+B,0.05822344124317169,0.26901015639305115,0.11812140792608261,0.4952854514122009,0.05935953930020332,1.2867186069488525,0.0,384.0,1197,2,99,0,0,0,200,200,0
1510,6040,722,130,723,3,right+B,0.06127569079399109,0.27411800622940063,0.12991322576999664,0.4696013331413269,0.06509172171354294,1.32379150390625,-1.0,383.0,1198,2,98,0,0,0,200,200,0
1511,6044,722,129,723,1,right,0.05942085012793541,0.27240484952926636,0.12562884390354156,0.4795975387096405,0.06294800341129303,1.3091037273406982,0.0,383.0,1199,2,98,0,0,0,200,200,0
1512,6048,722,117,723,3,right+B,0.057700976729393005,0.2698577046394348,0.12455866485834122,0.48651018738746643,0.06137245520949364,1.2993271350860596,0.0,383.0,1200,2,98,0,0,0,200,200,0
1513,6052,722,97,723,1,right,0.05967617407441139,0.27176058292388916,0.12976178526878357,0.4740464389324188,0.06475495547056198,1.3183517456054688,0.0,383.0,1201,2,98,0,0,0,200,200,0
1514,6056,722,79,723,3,right+B,0.05992560833692551,0.27584099769592285,0.13347011804580688,0.46525105834007263,0.06551221013069153,1.3272809982299805,0.0,383.0,1202,2,98,0,0,0,200,200,0
1515,6060,722,79,723,1,right,0.06007589027285576,0.27619999647140503,0.1321992129087448,0.46627551317214966,0.06524943560361862,1.3256664276123047,-1.0,382.0,1203,2,97,0,0,0,200,200,0
1516,6064,722,79,723,1,right,0.058708447962999344,0.26911675930023193,0.12039416283369064,0.4917469024658203,0.060033828020095825,1.292470097541809,0.0,382.0,1204,2,97,0,0,0,200,200,0
1517,6068,722,79,723,1,right,0.05958925187587738,0.2698725163936615,0.12271448969841003,0.4869197607040405,0.060904018580913544,1.299833059310913,0.0,382.0,1205,2,97,0,0,0,200,200,0
1518,6072,722,79,723,1,right,0.05997844040393829,0.2709140479564667,0.12306657433509827,0.4844353199005127,0.06160566583275795,1.3031948804855347,0.0,382.0,1206,2,97,0,0,0,200,200,0
1519,6076,722,79,723,0,NOOP,0.0604986771941185,0.2701212763786316,0.12479359656572342,0.48137298226356506,0.06321342289447784,1.3094568252563477,0.0,382.0,1207,2,97,0,0,0,200,200,0
1520,6080,722,79,723,3,right+B,0.06176649034023285,0.2745775580406189,0.12917084991931915,0.4697642922401428,0.06472086906433105,1.3233460187911987,-1.0,381.0,1208,2,96,0,0,0,200,200,0
1521,6084,722,79,723,0,NOOP,0.06293120980262756,0.27581775188446045,0.13124100863933563,0.46433204412460327,0.06567796319723129,1.3308759927749634,0.0,381.0,1209,2,96,0,0,0,200,200,0
1522,6088,722,79,723,3,right+B,0.06190905347466469,0.2723129987716675,0.1299307495355606,0.47143739461898804,0.0644097626209259,1.3227680921554565,0.0,381.0,1210,2,96,0,0,0,200,200,0
1523,6092,722,79,723,1,right,0.06153413653373718,0.2745475471019745,0.13296718895435333,0.4667517840862274,0.06419932842254639,1.3266587257385254,0.0,381.0,1211,2,96,0,0,0,200,200,0
1524,6096,722,79,723,1,right,0.06461930274963379,0.27789703011512756,0.14853039383888245,0.4379473328590393,0.07100590318441391,1.3655028343200684,0.0,381.0,1212,2,96,0,0,0,200,200,0
1525,6100,722,93,723,2,right+A,0.06333568692207336,0.27657026052474976,0.14460451900959015,0.44641977548599243,0.0690697580575943,1.3544992208480835,-1.0,380.0,1213,2,95,0,0,0,200,200,0
1526,6104,722,109,723,2,right+A,0.06202460080385208,0.27517786622047424,0.13737040758132935,0.45957908034324646,0.06584807485342026,1.3366358280181885,0.0,380.0,1214,2,95,0,0,0,200,200,0
1527,6108,722,121,723,1,right,0.06232215464115143,0.2733038365840912,0.13564707338809967,0.46324053406715393,0.06548645347356796,1.3334531784057617,0.0,380.0,1215,2,95,0,0,0,200,200,0
1528,6112,722,122,723,2,right+A,0.06224790960550308,0.2735442817211151,0.134029358625412,0.462114542722702,0.06806399673223495,1.3364256620407104,0.0,380.0,1216,2,95,0,0,0,200,200,0
1529,6116,722,113,723,2,right+A,0.06031371280550957,0.2707189619541168,0.12796516716480255,0.47544312477111816,0.0655590072274208,1.3183413743972778,0.0,380.0,1217,2,95,0,0,0,200,200,0
1530,6120,722,94,723,3,right+B,0.062385328114032745,0.27428051829338074,0.13532385230064392,0.45979034900665283,0.06821992248296738,1.3389745950698853,-1.0,379.0,1218,2,94,0,0,0,200,200,0
1531,6124,722,79,723,1,right,0.06263496726751328,0.2749328911304474,0.13773944973945618,0.45424431562423706,0.07044828683137894,1.3469244241714478,0.0,379.0,1219,2,94,0,0,0,200,200,0
1532,6128,722,79,723,3,right+B,0.061228953301906586,0.27404317259788513,0.13283491134643555,0.4658413231372833,0.0660516619682312,1.3292526006698608,0.0,379.0,1220,2,94,0,0,0,200,200,0
1533,6132,722,79,723,3,right+B,0.05947764590382576,0.2681537866592407,0.12225677073001862,0.4885823428630829,0.06152942776679993,1.299241065979004,0.0,379.0,1221,2,94,0,0,0,200,200,0
1534,6136,722,79,723,0,NOOP,0.061025697737932205,0.27107641100883484,0.1281227469444275,0.47629204392433167,0.06348317116498947,1.3160682916641235,0.0,379.0,1222,2,94,0,0,0,200,200,0
1535,6140,722,79,723,3,right+B,0.06271447986364365,0.2775106728076935,0.1318250447511673,0.46383100748062134,0.06411892920732498,1.3289878368377686,-1.0,378.0,1223,2,93,0,0,0,200,200,0
1536,6144,722,79,723,3,right+B,0.06089792028069496,0.2738647162914276,0.12889835238456726,0.473960816860199,0.0623781681060791,1.3161365985870361,0.0,378.0,1224,2,93,0,0,0,200,200,0
1537,6148,722,79,723,3,right+B,0.06095708906650543,0.2723735272884369,0.12850217521190643,0.4748622179031372,0.06330505758523941,1.3167915344238281,0.0,378.0,1225,2,93,0,0,0,200,200,0
1538,6152,722,79,723,3,right+B,0.060040008276700974,0.27045953273773193,0.1246097981929779,0.48299551010131836,0.0618952140212059,1.305757999420166,0.0,378.0,1226,2,93,0,0,0,200,200,0
1539,6156,722,79,723,3,right+B,0.05874750018119812,0.2680128812789917,0.12081719189882278,0.49282142519950867,0.05960100516676903,1.2915668487548828,0.0,378.0,1227,2,93,0,0,0,200,200,0
1540,6160,722,79,723,1,right,0.05955792963504791,0.27136245369911194,0.12055718898773193,0.487710565328598,0.06081191450357437,1.2974578142166138,-1.0,377.0,1228,2,92,0,0,0,200,200,0
1541,6164,722,93,723,4,right+A+B,0.06098679453134537,0.27612367272377014,0.1276303380727768,0.4713298976421356,0.06392930448055267,1.319010615348816,0.0,377.0,1229,2,92,0,0,0,200,200,0
1542,6168,722,108,723,3,right+B,0.05944381654262543,0.27348631620407104,0.12221185863018036,0.4833630919456482,0.06149481609463692,1.302154302597046,0.0,377.0,1230,2,92,0,0,0,200,200,0
1543,6172,722,112,723,2,right+A,0.05930431932210922,0.27083510160446167,0.12311616539955139,0.48455357551574707,0.062190886586904526,1.303008794784546,0.0,377.0,1231,2,92,0,0,0,200,200,0
1544,6176,722,106,723,1,right,0.05841788277029991,0.26813894510269165,0.12496662884950638,0.4866722524166107,0.061804287135601044,1.3012802600860596,0.0,377.0,1232,2,92,0,0,0,200,200,0
1545,6180,722,89,723,1,right,0.05893930047750473,0.2705109715461731,0.12317607551813126,0.48606404662132263,0.06130959838628769,1.3003164529800415,-1.0,376.0,1233,2,91,0,0,0,200,200,0
1546,6184,722,79,723,3,right+B,0.058270521461963654,0.26826998591423035,0.12089099735021591,0.4927096962928772,0.05985880643129349,1.2913546562194824,0.0,376.0,1234,2,91,0,0,0,200,200,0
1547,6188,722,93,723,4,right+A+B,0.057885706424713135,0.2649497985839844,0.11620087921619415,0.5028238296508789,0.058139871805906296,1.2780593633651733,0.0,376.0,1235,2,91,0,0,0,200,200,0
1548,6192,722,108,723,0,NOOP,0.06025484576821327,0.2715391516685486,0.1248711347579956,0.4819953143596649,0.0613396055996418,1.3060381412506104,0.0,376.0,1236,2,91,0,0,0,200,200,0
1549,6196,722,112,723,3,right+B,0.05990416184067726,0.27070295810699463,0.12394165992736816,0.48409387469291687,0.06135736405849457,1.3036000728607178,0.0,376.0,1237,2,91,0,0,0,200,200,0
1550,6200,722,106,723,1,right,0.05978022515773773,0.2692524194717407,0.12193853408098221,0.48777732253074646,0.06125153601169586,1.299515962600708,-1.0,375.0,1238,2,90,0,0,0,200,200,0
1551,6204,722,89,723,2,right+A,0.059118155390024185,0.2660766839981079,0.11863111704587936,0.49581196904182434,0.0603620670735836,1.289668321609497,0.0,375.0,1239,2,90,0,0,0,200,200,0
1552,6208,722,79,723,1,right,0.05995147302746773,0.267837792634964,0.11850909143686295,0.49251407384872437,0.06118757277727127,1.294071912765503,0.0,375.0,1240,2,90,0,0,0,200,200,0
1553,6212,722,93,723,2,right+A,0.05841507017612457,0.2642672061920166,0.11454016715288162,0.5035461187362671,0.059231456369161606,1.2786628007888794,0.0,375.0,1241,2,90,0,0,0,200,200,0
1554,6216,722,108,723,3,right+B,0.060532405972480774,0.27093949913978577,0.121746726334095,0.48482924699783325,0.06195211410522461,1.3032619953155518,0.0,375.0,1242,2,90,0,0,0,200,200,0
1555,6220,722,112,723,0,NOOP,0.06025280803442001,0.2699049413204193,0.12196145206689835,0.48571836948394775,0.062162429094314575,1.302803635597229,-1.0,374.0,1243,2,89,0,0,0,200,200,0
1556,6224,722,106,723,3,right+B,0.059818100184202194,0.2684269845485687,0.12427059561014175,0.48499470949172974,0.06248970329761505,1.3048632144927979,0.0,374.0,1244,2,89,0,0,0,200,200,0
1557,6228,722,89,723,1,right,0.05975732579827309,0.2676554322242737,0.12238267809152603,0.48780345916748047,0.06240115687251091,1.3015036582946777,0.0,374.0,1245,2,89,0,0,0,200,200,0
1558,6232,722,79,723,4,right+A+B,0.060214605182409286,0.26659590005874634,0.12308977544307709,0.48724156618118286,0.06285807490348816,1.3037372827529907,0.0,374.0,1246,2,89,0,0,0,200,200,0
1559,6236,722,79,723,1,right,0.058923278003931046,0.2643575966358185,0.11716123670339584,0.5002919435501099,0.05926595628261566,1.2837281227111816,0.0,374.0,1247,2,89,0,0,0,200,200,0
1560,6240,722,79,723,3,right+B,0.05959668755531311,0.266179621219635,0.11830058693885803,0.49616992473602295,0.05975313484668732,1.2889893054962158,-1.0,373.0,1248,2,88,0,0,0,200,200,0
1561,6244,722,93,723,2,right+A,0.06009764224290848,0.26779904961586,0.12090940773487091,0.48957955837249756,0.06161435693502426,1.298631191253662,0.0,373.0,1249,2,88,0,0,0,200,200,0
1562,6248,722,109,723,2,right+A,0.06039953604340553,0.269778847694397,0.12334132194519043,0.48362940549850464,0.06285090744495392,1.3063416481018066,0.0,373.0,1250,2,88,0,0,0,200,200,0
1563,6252,722,121,723,3,right+B,0.05920794606208801,0.2660369277000427,0.11904634535312653,0.49458086490631104,0.06112793833017349,1.2920340299606323,0.0,373.0,1251,2,88,0,0,0,200,200,0
1564,6256,722,122,723,3,right+B,0.05997143313288689,0.2691049873828888,0.12374832481145859,0.4834774136543274,0.06369785964488983,1.3073335886001587,0.0,373.0,1252,2,88,0,0,0,200,200,0
1565,6260,722,113,723,3,right+B,0.059958137571811676,0.26826125383377075,0.12210660427808762,0.48568665981292725,0.06398734450340271,1.305143117904663,-1.0,372.0,1253,2,87,0,0,0,200,200,0
1566,6264,722,94,723,1,right,0.05918807536363602,0.26561665534973145,0.11800651252269745,0.4955359995365143,0.06165271997451782,1.2913391590118408,0.0,372.0,1254,2,87,0,0,0,200,200,0
1567,6268,722,79,723,3,right+B,0.05839020386338234,0.264110267162323,0.1176043227314949,0.4981561601161957,0.0617389902472496,1.2882897853851318,0.0,372.0,1255,2,87,0,0,0,200,200,0
1568,6272,722,93,723,2,right+A,0.05851784721016884,0.26488715410232544,0.11784281581640244,0.49830570816993713,0.06044642627239227,1.2866867780685425,0.0,372.0,1256,2,87,0,0,0,200,200,0
1569,6276,722,108,723,1,right,0.059692736715078354,0.2674555480480194,0.1240672767162323,0.487056702375412,0.061727654188871384,1.302176594734192,0.0,372.0,1257,2,87,0,0,0,200,200,0
1570,6280,722,112,723,3,right+B,0.060020823031663895,0.2673467993736267,0.12680645287036896,0.48269912600517273,0.06312687695026398,1.3093703985214233,-1.0,371.0,1258,2,86,0,0,0,200,200,0
1571,6284,722,106,723,1,right,0.05995229631662369,0.2676798403263092,0.12866361439228058,0.4803583323955536,0.06334598362445831,1.3123327493667603,0.0,371.0,1259,2,86,0,0,0,200,200,0
1572,6288,722,89,723,1,right,0.05942497402429581,0.26674866676330566,0.1251092106103897,0.4862465560436249,0.06247052550315857,1.3041391372680664,0.0,371.0,1260,2,86,0,0,0,200,200,0
1573,6292,722,79,723,3,right+B,0.05953044444322586,0.2664942443370819,0.12305508553981781,0.4887799024581909,0.062140293419361115,1.3007174730300903,0.0,371.0,1261,2,86,0,0,0,200,200,0
1574,6296,722,79,723,1,right,0.057974524796009064,0.2632881700992584,0.11579810827970505,0.5041109323501587,0.058828242123126984,1.278070330619812,0.0,371.0,1262,2,86,0,0,0,200,200,0
1575,6300,722,79,723,3,right+B,0.05897412449121475,0.2658247947692871,0.11824136972427368,0.496940016746521,0.06001963093876839,1.2879233360290527,-1.0,370.0,1263,2,85,0,0,0,200,200,0
1576,6304,722,79,723,1,right,0.059348613023757935,0.2667776048183441,0.12018025666475296,0.4926370680332184,0.0610564686357975,1.294246792793274,0.0,370.0,1264,2,85,0,0,0,200,200,0
1577,6308,722,79,723,1,right,0.059060122817754745,0.2664760649204254,0.11975167691707611,0.49386435747146606,0.060847729444503784,1.2924072742462158,0.0,370.0,1265,2,85,0,0,0,200,200,0
1578,6312,722,93,723,2,right+A,0.05904705822467804,0.2660713195800781,0.11872091144323349,0.4956006407737732,0.060560066252946854,1.2900586128234863,0.0,370.0,1266,2,85,0,0,0,200,200,0
1579,6316,722,108,723,3,right+B,0.05998707935214043,0.26915642619132996,0.1237596794962883,0.4846809506416321,0.06241583079099655,1.3047988414764404,0.0,370.0,1267,2,85,0,0,0,200,200,0
1580,6320,722,112,723,2,right+A,0.059813644737005234,0.26765093207359314,0.12383309006690979,0.4862687587738037,0.062433529645204544,1.3036803007125854,-1.0,369.0,1268,2,84,0,0,0,200,200,0
1581,6324,722,106,723,3,right+B,0.05983024463057518,0.2674265205860138,0.12723131477832794,0.48239368200302124,0.06311827898025513,1.3095693588256836,0.0,369.0,1269,2,84,0,0,0,200,200,0
1582,6328,722,89,723,3,right+B,0.0596407949924469,0.2668071687221527,0.125721275806427,0.4850110709667206,0.06281967461109161,1.3061710596084595,0.0,369.0,1270,2,84,0,0,0,200,200,0
1583,6332,722,79,723,1,right,0.05956032872200012,0.2664175033569336,0.12356696277856827,0.4885868430137634,0.06186836585402489,1.300877332687378,0.0,369.0,1271,2,84,0,0,0,200,200,0
1584,6336,722,79,723,1,right,0.05825582146644592,0.26390573382377625,0.1175849661231041,0.5013154149055481,0.05893799662590027,1.2819207906723022,0.0,369.0,1272,2,84,0,0,0,200,200,0
1585,6340,722,93,723,4,right+A+B,0.05924846976995468,0.26682448387145996,0.11972709000110626,0.4939073920249939,0.060292527079582214,1.291822075843811,-1.0,368.0,1273,2,83,0,0,0,200,200,0
1586,6344,722,108,723,3,right+B,0.06029115617275238,0.2695910632610321,0.12405221164226532,0.4836086630821228,0.06245696544647217,1.3061708211898804,0.0,368.0,1274,2,83,0,0,0,200,200,0
1587,6348,722,112,723,3,right+B,0.059910934418439865,0.26794111728668213,0.12148991972208023,0.4887014329433441,0.06195659935474396,1.2998429536819458,0.0,368.0,1275,2,83,0,0,0,200,200,0
1588,6352,722,106,723,3,right+B,0.05965905636548996,0.2671816647052765,0.12358050048351288,0.486935019493103,0.06264375895261765,1.3031606674194336,0.0,368.0,1276,2,83,0,0,0,200,200,0
1589,6356,722,89,723,1,right,0.05914798006415367,0.2654930353164673,0.12102210521697998,0.4922581613063812,0.062078751623630524,1.2963415384292603,0.0,368.0,1277,2,83,0,0,0,200,200,0
1590,6360,722,79,723,3,right+B,0.059538207948207855,0.2654625177383423,0.1194632425904274,0.49379318952560425,0.06174280866980553,1.2942521572113037,-1.0,367.0,1278,2,82,0,0,0,200,200,0
1591,6364,722,79,723,1,right,0.058489374816417694,0.2628583014011383,0.11464186757802963,0.5048452019691467,0.05916520208120346,1.2779176235198975,0.0,367.0,1279,2,82,0,0,0,200,200,0
1592,6368,722,79,723,1,right,0.059661149978637695,0.2662236988544464,0.11794862151145935,0.49593982100486755,0.06022664159536362,1.2896486520767212,0.0,367.0,1280,2,82,0,0,0,200,200,0
1593,6372,722,79,723,1,right,0.06025543063879013,0.2673623263835907,0.120438352227211,0.49118444323539734,0.060759417712688446,1.2962578535079956,0.0,367.0,1281,2,82,0,0,0,200,200,0
1594,6376,722,79,723,1,right,0.060250911861658096,0.2672073245048523,0.12139395624399185,0.49003538489341736,0.0611124150454998,1.2982289791107178,0.0,367.0,1282,2,82,0,0,0,200,200,0
1595,6380,722,93,723,2,right+A,0.060279104858636856,0.26699507236480713,0.1210039034485817,0.49057769775390625,0.06114425137639046,1.297680377960205,-1.0,366.0,1283,2,81,0,0,0,200,200,0
1596,6384,722,108,723,1,right,0.060867104679346085,0.27020329236984253,0.12629957497119904,0.47949665784835815,0.06313341110944748,1.3121252059936523,0.0,366.0,1284,2,81,0,0,0,200,200,0
1597,6388,722,112,723,1,right,0.06091341748833656,0.27005696296691895,0.12649740278720856,0.47925710678100586,0.06327509135007858,1.3126875162124634,0.0,366.0,1285,2,81,0,0,0,200,200,0
1598,6392,722,106,723,3,right+B,0.06061219424009323,0.2694193422794342,0.1256117820739746,0.48153188824653625,0.06282477080821991,1.3095974922180176,0.0,366.0,1286,2,81,0,0,0,200,200,0
1599,6396,722,89,723,3,right+B,0.05989598482847214,0.267961710691452,0.12137284129858017,0.4886547327041626,0.06211469694972038,1.2999874353408813,0.0,366.0,1287,2,81,0,0,0,200,200,0
1600,6400,722,79,723,3,right+B,0.06054161116480827,0.26919206976890564,0.12029216438531876,0.4877251982688904,0.06224893778562546,1.300841212272644,-1.0,365.0,1288,2,80,0,0,0,200,200,0
1601,6404,722,79,723,3,right+B,0.05932844802737236,0.2657112777233124,0.1155768558382988,0.4997624158859253,0.05962100625038147,1.2838988304138184,0.0,365.0,1289,2,80,0,0,0,200,200,0
1602,6408,722,79,723,1,right,0.05943070352077484,0.26759347319602966,0.11747261136770248,0.4954342246055603,0.0600690096616745,1.2889913320541382,0.0,365.0,1290,2,80,0,0,0,200,200,0
1603,6412,722,79,723,1,right,0.059717897325754166,0.26965877413749695,0.11906846612691879,0.49106350541114807,0.060491424053907394,1.2940202951431274,0.0,365.0,1291,2,80,0,0,0,200,200,0
1604,6416,722,79,723,3,right+B,0.059847403317689896,0.27117156982421875,0.11757256090641022,0.49137526750564575,0.06003325432538986,1.2921054363250732,0.0,365.0,1292,2,80,0,0,0,200,200,0
1605,6420,722,79,723,3,right+B,0.05998661741614342,0.2708263397216797,0.11877235770225525,0.49048352241516113,0.059931181371212006,1.2936872243881226,-1.0,364.0,1293,2,79,0,0,0,200,200,0
1606,6424,722,79,723,1,right,0.05952545627951622,0.2702086567878723,0.12071724236011505,0.4892187714576721,0.06032982096076012,1.2959260940551758,0.0,364.0,1294,2,79,0,0,0,200,200,0
1607,6428,722,79,723,3,right+B,0.05991346389055252,0.27274319529533386,0.12365948408842087,0.4834250509738922,0.06025882437825203,1.302133560180664,0.0,364.0,1295,2,79,0,0,0,200,200,0
1608,6432,722,79,723,3,right+B,0.0588659830391407,0.270372211933136,0.12070167809724808,0.49113526940345764,0.05892489105463028,1.291648030281067,0.0,364.0,1296,2,79,0,0,0,200,200,0
1609,6436,722,79,723,3,right+B,0.05923668295145035,0.2699691951274872,0.1203761100769043,0.4902650713920593,0.060152944177389145,1.2943254709243774,0.0,364.0,1297,2,79,0,0,0,200,200,0
1610,6440,722,93,723,2,right+A,0.06048183888196945,0.27308815717697144,0.12224989384412766,0.4820701777935028,0.062110014259815216,1.3054097890853882,-1.0,363.0,1298,2,78,0,0,0,200,200,0
1611,6444,722,108,723,3,right+B,0.05973312258720398,0.2720191776752472,0.1227431371808052,0.4834088981151581,0.06209564954042435,1.303885817527771,0.0,363.0,1299,2,78,0,0,0,200,200,0
1612,6448,722,112,723,3,right+B,0.05909650772809982,0.2696857750415802,0.12174036353826523,0.4881601333618164,0.06131717190146446,1.2981951236724854,0.0,363.0,1300,2,78,0,0,0,200,200,0
1613,6452,722,106,723,2,right+A,0.05934687331318855,0.2703098654747009,0.12831133604049683,0.4786454439163208,0.06338651478290558,1.3122090101242065,0.0,363.0,1301,2,78,0,0,0,200,200,0
1614,6456,722,89,723,3,right+B,0.060550909489393234,0.27453064918518066,0.13290917873382568,0.46661248803138733,0.06539678573608398,1.3269410133361816,0.0,363.0,1302,2,78,0,0,0,200,200,0
1615,6460,722,79,723,3,right+B,0.06061698496341705,0.2738608121871948,0.12852691113948822,0.472944438457489,0.06405079364776611,1.3184417486190796,-1.0,362.0,1303,2,77,0,0,0,200,200,0
1616,6464,722,79,723,3,right+B,0.05818074941635132,0.2669620215892792,0.11828160285949707,0.49841803312301636,0.058157503604888916,1.2830262184143066,0.0,362.0,1304,2,77,0,0,0,200,200,0
1617,6468,722,79,723,3,right+B,0.06048112362623215,0.2709047794342041,0.12506365776062012,0.48340922594070435,0.06014122813940048,1.3039193153381348,0.0,362.0,1305,2,77,0,0,0,200,200,0
1618,6472,722,93,723,4,right+A+B,0.06109028309583664,0.27218666672706604,0.12716352939605713,0.47732365131378174,0.06223592162132263,1.3130342960357666,0.0,362.0,1306,2,77,0,0,0,200,200,0
1619,6476,722,108,723,3,right+B,0.062142424285411835,0.2746354639530182,0.1329493224620819,0.4663147032260895,0.06395813822746277,1.3274332284927368,0.0,362.0,1307,2,77,0,0,0,200,200,0
1620,6480,722,112,723,0,NOOP,0.06313709169626236,0.2765311300754547,0.13479992747306824,0.45987820625305176,0.06565362960100174,1.3360379934310913,-1.0,361.0,1308,2,76,0,0,0,200,200,0
1621,6484,722,106,723,2,right+A,0.06161438673734665,0.27387258410453796,0.13351653516292572,0.46513038873672485,0.06586606800556183,1.3304331302642822,0.0,361.0,1309,2,76,0,0,0,200,200,0
1622,6488,722,89,723,4,right+A+B,0.06006219983100891,0.27069175243377686,0.12819764018058777,0.47749683260917664,0.06355158984661102,1.3140982389450073,0.0,361.0,1310,2,76,0,0,0,200,200,0
1623,6492,722,79,723,0,NOOP,0.06279987096786499,0.27555206418037415,0.13655531406402588,0.4578038454055786,0.06728892028331757,1.3401689529418945,0.0,361.0,1311,2,76,0,0,0,200,200,0
1624,6496,722,79,723,3,right+B,0.06251197308301926,0.27365416288375854,0.13947030901908875,0.4570103585720062,0.0673532485961914,1.3422441482543945,0.0,361.0,1312,2,76,0,0,0,200,200,0
1625,6500,722,79,723,1,right,0.06297335028648376,0.2744207978248596,0.14050441980361938,0.45462432503700256,0.06747706234455109,1.3450069427490234,-1.0,360.0,1313,2,75,0,0,0,200,200,0
1626,6504,722,93,723,2,right+A,0.06202824413776398,0.27318763732910156,0.13450486958026886,0.4654492735862732,0.06483001261949539,1.3301010131835938,0.0,360.0,1314,2,75,0,0,0,200,200,0
1627,6508,722,108,723,3,right+B,0.06342420727014542,0.2767561972141266,0.13673783838748932,0.4567733705043793,0.0663084164261818,1.3403470516204834,0.0,360.0,1315,2,75,0,0,0,200,200,0
1628,6512,722,112,723,3,right+B,0.06168424338102341,0.2727881669998169,0.13073596358299255,0.4699174761772156,0.06487419456243515,1.3245275020599365,0.0,360.0,1316,2,75,0,0,0,200,200,0
1629,6516,722,106,723,2,right+A,0.06356065720319748,0.27646318078041077,0.14748792350292206,0.44293510913848877,0.06955311447381973,1.3589953184127808,0.0,360.0,1317,2,75,0,0,0,200,200,0
1630,6520,722,89,723,3,right+B,0.06479652971029282,0.27892541885375977,0.1509336233139038,0.43309077620506287,0.07225356996059418,1.3711189031600952,-1.0,359.0,1318,2,74,0,0,0,200,200,0
1631,6524,722,79,723,3,right+B,0.062429141253232956,0.27485981583595276,0.1394469439983368,0.456307977437973,0.06695607304573059,1.3419053554534912,0.0,359.0,1319,2,74,0,0,0,200,200,0
1632,6528,722,79,723,3,right+B,0.059908218681812286,0.26922982931137085,0.12429387867450714,0.48520126938819885,0.061366721987724304,1.3032457828521729,0.0,359.0,1320,2,74,0,0,0,200,200,0
1633,6532,722,79,723,1,right,0.060460641980171204,0.2698325216770172,0.12240967154502869,0.4862557351589203,0.06104142218828201,1.3014979362487793,0.0,359.0,1321,2,74,0,0,0,200,200,0
1634,6536,722,79,723,1,right,0.06309781968593597,0.27610012888908386,0.13260161876678467,0.46320462226867676,0.06499576568603516,1.3317289352416992,0.0,359.0,1322,2,74,0,0,0,200,200,0
1635,6540,722,79,723,1,right,0.0609712079167366,0.27391067147254944,0.12814904749393463,0.4739059805870056,0.06306308507919312,1.3167195320129395,-1.0,358.0,1323,2,73,0,0,0,200,200,0
1636,6544,722,79,723,1,right,0.06133618578314781,0.2735288739204407,0.12822584807872772,0.4740791618824005,0.06282993406057358,1.3168871402740479,0.0,358.0,1324,2,73,0,0,0,200,200,0
1637,6548,722,79,723,3,right+B,0.06019294261932373,0.2706931233406067,0.1245507001876831,0.48273995518684387,0.06182330474257469,1.3059841394424438,0.0,358.0,1325,2,73,0,0,0,200,200,0
1638,6552,722,93,723,2,right+A,0.059972286224365234,0.2704095244407654,0.12441672384738922,0.48433804512023926,0.06086340546607971,1.3031957149505615,0.0,358.0,1326,2,73,0,0,0,200,200,0
1639,6556,722,108,723,3,right+B,0.06102693825960159,0.27487459778785706,0.12787464261054993,0.47365477681159973,0.06256910413503647,1.3160028457641602,0.0,358.0,1327,2,73,0,0,0,200,200,0
1640,6560,722,112,723,3,right+B,0.0610794797539711,0.2753279507160187,0.1291813999414444,0.47090524435043335,0.06350594758987427,1.319942831993103,-1.0,357.0,1328,2,72,0,0,0,200,200,0
1641,6564,722,106,723,3,right+B,0.05966278538107872,0.2729613184928894,0.12639276683330536,0.4791891276836395,0.061794016510248184,1.3085895776748657,0.0,357.0,1329,2,72,0,0,0,200,200,0
1642,6568,722,89,723,2,right+A,0.059002585709095,0.27010199427604675,0.12464117258787155,0.48467138409614563,0.06158289313316345,1.3027757406234741,0.0,357.0,1330,2,72,0,0,0,200,200,0
1643,6572,722,79,723,1,right,0.059638071805238724,0.2701684534549713,0.12693606317043304,0.48167404532432556,0.06158343330025673,1.3072367906570435,0.0,357.0,1331,2,72,0,0,0,200,200,0
1644,6576,722,79,723,3,right+B,0.05833274498581886,0.2676529288291931,0.11845526844263077,0.49738529324531555,0.05817371979355812,1.2840665578842163,0.0,357.0,1332,2,72,0,0,0,200,200,0
1645,6580,722,93,723,2,right+A,0.05860026925802231,0.2699894905090332,0.11857008188962936,0.49432680010795593,0.05851329490542412,1.2869600057601929,-1.0,356.0,1333,2,71,0,0,0,200,200,0
1646,6584,722,108,723,1,right,0.05970961973071098,0.27120280265808105,0.12333710491657257,0.4846774935722351,0.061072904616594315,1.3020696640014648,0.0,356.0,1334,2,71,0,0,0,200,200,0
1647,6588,722,112,723,1,right,0.05969611927866936,0.26932305097579956,0.12162157148122787,0.48807230591773987,0.06128689646720886,1.2990145683288574,0.0,356.0,1335,2,71,0,0,0,200,200,0
1648,6592,722,106,723,1,right,0.06027253344655037,0.27054116129875183,0.12604671716690063,0.4809191823005676,0.06222042813897133,1.3088912963867188,0.0,356.0,1336,2,71,0,0,0,200,200,0
1649,6596,722,89,723,3,right+B,0.05953405052423477,0.2673824429512024,0.11826568841934204,0.49423477053642273,0.06058312579989433,1.2913001775741577,0.0,356.0,1337,2,71,0,0,0,200,200,0
1650,6600,722,79,723,0,NOOP,0.06015995517373085,0.26717686653137207,0.11891628801822662,0.4933948814868927,0.06035200133919716,1.2929377555847168,-1.0,355.0,1338,2,70,0,0,0,200,200,0
1651,6604,722,79,723,1,right,0.05952354148030281,0.26579782366752625,0.11654924601316452,0.4989832639694214,0.05914613977074623,1.2847765684127808,0.0,355.0,1339,2,70,0,0,0,200,200,0
1652,6608,722,79,723,3,right+B,0.06049751490354538,0.26919394731521606,0.1216348335146904,0.48752814531326294,0.06114552915096283,1.300341010093689,0.0,355.0,1340,2,70,0,0,0,200,200,0
1653,6612,722,79,723,1,right,0.06133045256137848,0.27113479375839233,0.12436460703611374,0.4812762141227722,0.06189396604895592,1.3084874153137207,0.0,355.0,1341,2,70,0,0,0,200,200,0
1654,6616,722,79,723,0,NOOP,0.06188462674617767,0.27239492535591125,0.12622499465942383,0.4771081507205963,0.062387336045503616,1.313842535018921,0.0,355.0,1342,2,70,0,0,0,200,200,0
1655,6620,722,79,723,3,right+B,0.060679368674755096,0.27035075426101685,0.12498490512371063,0.48287540674209595,0.0611095167696476,1.3059132099151611,-1.0,354.0,1343,2,69,0,0,0,200,200,0
1656,6624,722,79,723,3,right+B,0.06102230027318001,0.26965710520744324,0.1228593960404396,0.4853254556655884,0.06113571301102638,1.3033771514892578,0.0,354.0,1344,2,69,0,0,0,200,200,0
1657,6628,722,79,723,3,right+B,0.06059551611542702,0.26824113726615906,0.12010148167610168,0.4897214472293854,0.061340440064668655,1.29823899269104,0.0,354.0,1345,2,69,0,0,0,200,200,0
1658,6632,722,79,723,3,right+B,0.06038594990968704,0.2679874897003174,0.12073884904384613,0.48914802074432373,0.06173964589834213,1.29936945438385,0.0,354.0,1346,2,69,0,0,0,200,200,0
1659,6636,722,79,723,0,NOOP,0.05993347987532616,0.2673129141330719,0.11942657828330994,0.4921742379665375,0.06115274503827095,1.2949445247650146,0.0,354.0,1347,2,69,0,0,0,200,200,0
1660,6640,722,93,723,2,right+A,0.060227181762456894,0.2673490643501282,0.11924611032009125,0.4918593466281891,0.06131822615861893,1.2956733703613281,-1.0,353.0,1348,2,68,0,0,0,200,200,0
1661,6644,722,108,723,1,right,0.06045347452163696,0.26884913444519043,0.12251991033554077,0.4853810667991638,0.06279648095369339,1.3046702146530151,0.0,353.0,1349,2,68,0,0,0,200,200,0
1662,6648,722,112,723,1,right,0.059685807675123215,0.2662656009197235,0.1194329708814621,0.4928046762943268,0.061810992658138275,1.295159101486206,0.0,353.0,1350,2,68,0,0,0,200,200,0
1663,6652,722,106,723,3,right+B,0.059640128165483475,0.26745644211769104,0.12337475270032883,0.4871175289154053,0.06241115555167198,1.3025257587432861,0.0,353.0,1351,2,68,0,0,0,200,200,0
1664,6656,722,89,723,1,right,0.05971105396747589,0.26729291677474976,0.12252931296825409,0.48788267374038696,0.06258402019739151,1.301767110824585,0.0,353.0,1352,2,68,0,0,0,200,200,0
1665,6660,722,79,723,2,right+A,0.06031252071261406,0.2674487233161926,0.12366978079080582,0.48592516779899597,0.06264383345842361,1.3048105239868164,-1.0,352.0,1353,2,67,0,0,0,200,200,0
1666,6664,722,79,723,2,right+A,0.058974653482437134,0.2644418478012085,0.11899586021900177,0.49790531396865845,0.059682346880435944,1.287421703338623,0.0,352.0,1354,2,67,0,0,0,200,200,0
1667,6668,722,79,723,0,NOOP,0.059577226638793945,0.2668016254901886,0.12105988711118698,0.49239593744277954,0.06016528233885765,1.2941151857376099,0.0,352.0,1355,2,67,0,0,0,200,200,0
1668,6672,722,79,723,3,right+B,0.06002302095293999,0.2681693434715271,0.12403514981269836,0.4861500859260559,0.06162247434258461,1.3030340671539307,0.0,352.0,1356,2,67,0,0,0,200,200,0
1669,6676,722,79,723,3,right+B,0.059880539774894714,0.26837241649627686,0.12271379679441452,0.4876345694065094,0.061398569494485855,1.3005791902542114,0.0,352.0,1357,2,67,0,0,0,200,200,0
1670,6680,722,93,723,2,right+A,0.05975157767534256,0.26740381121635437,0.12073155492544174,0.49116793274879456,0.06094514951109886,1.2960233688354492,-1.0,351.0,1358,2,66,0,0,0,200,200,0
1671,6684,722,108,723,1,right,0.060288961976766586,0.26906561851501465,0.12428539246320724,0.483857125043869,0.0625029131770134,1.306269645690918,0.0,351.0,1359,2,66,0,0,0,200,200,0
1672,6688,722,112,723,3,right+B,0.05989300087094307,0.267522931098938,0.12265624850988388,0.48790958523750305,0.062018174678087234,1.301297903060913,0.0,351.0,1360,2,66,0,0,0,200,200,0
1673,6692,722,106,723,1,right,0.05971876531839371,0.2669290006160736,0.12538230419158936,0.4851022958755493,0.06286758929491043,1.306046724319458,0.0,351.0,1361,2,66,0,0,0,200,200,0
1674,6696,722,89,723,3,right+B,0.059079352766275406,0.26572003960609436,0.12196481972932816,0.49117231369018555,0.06206350028514862,1.2976223230361938,0.0,351.0,1362,2,66,0,0,0,200,200,0
1675,6700,722,79,723,3,right+B,0.05965803563594818,0.2662731111049652,0.12236595153808594,0.48947563767433167,0.062227293848991394,1.3000781536102295,-1.0,350.0,1363,2,65,0,0,0,200,200,0
1676,6704,722,79,723,1,right,0.05846200883388519,0.26339685916900635,0.11713527143001556,0.5016934871673584,0.05931234359741211,1.2821844816207886,0.0,350.0,1364,2,65,0,0,0,200,200,0
1677,6708,722,79,723,1,right,0.05974993854761124,0.26682180166244507,0.12143005430698395,0.4914132058620453,0.06058497726917267,1.2958910465240479,0.0,350.0,1365,2,65,0,0,0,200,200,0
1678,6712,722,93,723,4,right+A+B,0.060295283794403076,0.2682904303073883,0.12480271607637405,0.48475176095962524,0.06185980141162872,1.305208683013916,0.0,350.0,1366,2,65,0,0,0,200,200,0
1679,6716,722,108,723,1,right,0.060384880751371384,0.2697383165359497,0.12663798034191132,0.4810747802257538,0.06216403469443321,1.3093361854553223,0.0,350.0,1367,2,65,0,0,0,200,200,0
1680,6720,722,112,723,1,right,0.06000056490302086,0.2684266269207001,0.1248009130358696,0.48481059074401855,0.06196117773652077,1.304880142211914,-1.0,349.0,1368,2,64,0,0,0,200,200,0
1681,6724,722,106,723,3,right+B,0.05960115045309067,0.26741504669189453,0.126652330160141,0.4833810329437256,0.06295043975114822,1.3079684972763062,0.0,349.0,1369,2,64,0,0,0,200,200,0
1682,6728,722,89,723,1,right,0.059210628271102905,0.26657766103744507,0.12269027531147003,0.4892551302909851,0.0622662678360939,1.2998496294021606,0.0,349.0,1370,2,64,0,0,0,200,200,0
1683,6732,722,79,723,4,right+A+B,0.05948767438530922,0.2662811577320099,0.1214808002114296,0.49067893624305725,0.06207134574651718,1.298170566558838,0.0,349.0,1371,2,64,0,0,0,200,200,0
1684,6736,722,79,723,2,right+A,0.05816839635372162,0.26304420828819275,0.11546579003334045,0.5042701959609985,0.05905140936374664,1.278320074081421,0.0,349.0,1372,2,64,0,0,0,200,200,0
1685,6740,722,79,723,2,right+A,0.05922903120517731,0.2660020887851715,0.11830486357212067,0.4962954521179199,0.06016862392425537,1.288982629776001,-1.0,348.0,1373,2,63,0,0,0,200,200,0
1686,6744,722,79,723,3,right+B,0.05999382957816124,0.26750391721725464,0.12093158066272736,0.4900512993335724,0.06151942163705826,1.2980690002441406,0.0,348.0,1374,2,63,0,0,0,200,200,0
1687,6748,722,79,723,3,right+B,0.06031738966703415,0.26864638924598694,0.12163612246513367,0.48757943511009216,0.06182066351175308,1.3010387420654297,0.0,348.0,1375,2,63,0,0,0,200,200,0
1688,6752,722,93,723,4,right+A+B,0.06039752811193466,0.2677772045135498,0.12159153074026108,0.48870354890823364,0.06153024733066559,1.3000231981277466,0.0,348.0,1376,2,63,0,0,0,200,200,0
1689,6756,722,108,723,3,right+B,0.061347074806690216,0.27041634917259216,0.1273319274187088,0.4777278006076813,0.06317687034606934,1.3146939277648926,0.0,348.0,1377,2,63,0,0,0,200,200,0
1690,6760,722,112,723,3,right+B,0.061432160437107086,0.2696276605129242,0.12676239013671875,0.47911953926086426,0.0630582794547081,1.3134219646453857,-1.0,347.0,1378,2,62,0,0,0,200,200,0
1691,6764,722,106,723,1,right,0.06016916036605835,0.26728981733322144,0.12675054371356964,0.48317089676856995,0.06261957436800003,1.3085365295410156,0.0,347.0,1379,2,62,0,0,0,200,200,0
1692,6768,722,89,723,1,right,0.06010081619024277,0.2678048014640808,0.12361200898885727,0.4861745238304138,0.06230786070227623,1.3038123846054077,0.0,347.0,1380,2,62,0,0,0,200,200,0
1693,6772,722,79,723,3,right+B,0.059799280017614365,0.2660778760910034,0.11962582170963287,0.49333539605140686,0.06116167828440666,1.2942044734954834,0.0,347.0,1381,2,62,0,0,0,200,200,0
1694,6776,722,79,723,3,right+B,0.05854296311736107,0.262596994638443,0.11404833197593689,0.5059812664985657,0.0588303841650486,1.2762608528137207,0.0,347.0,1382,2,62,0,0,0,200,200,0
1695,6780,722,79,723,3,right+B,0.05985754728317261,0.2660726308822632,0.11771655082702637,0.49539366364479065,0.060959599912166595,1.2911771535873413,-1.0,346.0,1383,2,61,0,0,0,200,200,0
1696,6784,722,79,723,1,right,0.06013146787881851,0.26763924956321716,0.12124866992235184,0.48891597986221313,0.062064655125141144,1.3000108003616333,0.0,346.0,1384,2,61,0,0,0,200,200,0
1697,6788,722,93,723,2,right+A,0.06067455932497978,0.26919248700141907,0.1227797120809555,0.4853997230529785,0.06195347383618355,1.3039608001708984,0.0,346.0,1385,2,61,0,0,0,200,200,0
1698,6792,722,108,723,3,right+B,0.061494141817092896,0.2707765996456146,0.12408305704593658,0.48113390803337097,0.0625123456120491,1.3095028400421143,0.0,346.0,1386,2,61,0,0,0,200,200,0
1699,6796,722,112,723,3,right+B,0.0609375461935997,0.27069777250289917,0.12294184416532516,0.483066201210022,0.06235664710402489,1.30643630027771,0.0,346.0,1387,2,61,0,0,0,200,200,0
1700,6800,722,106,723,3,right+B,0.0613771490752697,0.27100858092308044,0.1256367266178131,0.4784221053123474,0.06355546414852142,1.313603401184082,-1.0,345.0,1388,2,60,0,0,0,200,200,0
1701,6804,722,89,723,0,NOOP,0.060650333762168884,0.2699054479598999,0.12386216223239899,0.48324793577194214,0.06233415752649307,1.3065907955169678,0.0,345.0,1389,2,60,0,0,0,200,200,0
1702,6808,722,79,723,3,right+B,0.060411546379327774,0.2693355977535248,0.12390641868114471,0.4844679534435272,0.0618785135447979,1.3048861026763916,0.0,345.0,1390,2,60,0,0,0,200,200,0
1703,6812,722,79,723,3,right+B,0.058566946536302567,0.26602903008461,0.11559467017650604,0.5017215609550476,0.0580877922475338,1.2792141437530518,0.0,345.0,1391,2,60,0,0,0,200,200,0
1704,6816,722,79,723,3,right+B,0.05995669588446617,0.270785391330719,0.11784805357456207,0.49185287952423096,0.05955701321363449,1.2914960384368896,0.0,345.0,1392,2,60,0,0,0,200,200,0
1705,6820,722,79,723,3,right+B,0.05982669070363045,0.27142831683158875,0.12057691812515259,0.4874761700630188,0.06069192290306091,1.2978386878967285,-1.0,344.0,1393,2,59,0,0,0,200,200,0
1706,6824,722,79,723,1,right,0.059335846453905106,0.2709377408027649,0.11988132447004318,0.48987382650375366,0.05997133255004883,1.2940338850021362,0.0,344.0,1394,2,59,0,0,0,200,200,0
1707,6828,722,79,723,1,right,0.059383317828178406,0.2713181674480438,0.11887659132480621,0.49061116576194763,0.05981083959341049,1.2926028966903687,0.0,344.0,1395,2,59,0,0,0,200,200,0
1708,6832,722,93,723,4,right+A+B,0.05799822881817818,0.26867321133613586,0.11640330404043198,0.49762511253356934,0.059300221502780914,1.2834234237670898,0.0,344.0,1396,2,59,0,0,0,200,200,0
1709,6836,722,108,723,3,right+B,0.059847790747880936,0.2726154327392578,0.12231320142745972,0.4833478331565857,0.061875686049461365,1.303425669670105,0.0,344.0,1397,2,59,0,0,0,200,200,0
1710,6840,722,112,723,3,right+B,0.05951816588640213,0.2704028785228729,0.12026576697826385,0.488160640001297,0.061652544885873795,1.298146367073059,-1.0,343.0,1398,2,58,0,0,0,200,200,0
1711,6844,722,106,723,3,right+B,0.05813281983137131,0.2686069905757904,0.12238036841154099,0.48937398195266724,0.06150578334927559,1.2967865467071533,0.0,343.0,1399,2,58,0,0,0,200,200,0
1712,6848,722,89,723,2,right+A,0.05848877876996994,0.2691423296928406,0.123203806579113,0.48726963996887207,0.0618954673409462,1.2998055219650269,0.0,343.0,1400,2,58,0,0,0,200,200,0
1713,6852,722,79,723,3,right+B,0.060731519013643265,0.273938924074173,0.13170526921749115,0.46925073862075806,0.06437356024980545,1.3234517574310303,0.0,343.0,1401,2,58,0,0,0,200,200,0
1714,6856,722,79,723,3,right+B,0.06086372211575508,0.27486804127693176,0.1316561996936798,0.46941202878952026,0.06320001929998398,1.321816086769104,0.0,343.0,1402,2,58,0,0,0,200,200,0
1715,6860,722,79,723,1,right,0.05941400304436684,0.2715021073818207,0.12314242869615555,0.48605430126190186,0.059887129813432693,1.2988872528076172,-1.0,342.0,1403,2,57,0,0,0,200,200,0
1716,6864,722,79,723,3,right+B,0.059835489839315414,0.27188292145729065,0.12473522871732712,0.48362091183662415,0.05992546305060387,1.302243709564209,0.0,342.0,1404,2,57,0,0,0,200,200,0
1717,6868,722,93,723,4,right+A+B,0.059838924556970596,0.2710265815258026,0.12313047051429749,0.4852491617202759,0.06075482442975044,1.3012946844100952,0.0,342.0,1405,2,57,0,0,0,200,200,0
1718,6872,722,108,723,3,right+B,0.06078462302684784,0.2721392512321472,0.1263255476951599,0.4775509834289551,0.06319958716630936,1.313223123550415,0.0,342.0,1406,2,57,0,0,0,200,200,0
1719,6876,722,112,723,1,right,0.061328329145908356,0.2736341953277588,0.1289299875497818,0.4716535806655884,0.0644538626074791,1.321102499961853,0.0,342.0,1407,2,57,0,0,0,200,200,0
1720,6880,722,106,723,3,right+B,0.06192824989557266,0.2735462486743927,0.13421520590782166,0.46338456869125366,0.06692582368850708,1.3338236808776855,-1.0,341.0,1408,2,56,0,0,0,200,200,0
1721,6884,722,89,723,4,right+A+B,0.060998737812042236,0.27145805954933167,0.12984724342823029,0.4718841016292572,0.06581192463636398,1.323110818862915,0.0,341.0,1409,2,56,0,0,0,200,200,0
1722,6888,722,79,723,3,right+B,0.061175424605607986,0.2730768918991089,0.13312222063541412,0.4670324921607971,0.06559301912784576,1.3280905485153198,0.0,341.0,1410,2,56,0,0,0,200,200,0
1723,6892,722,93,723,2,right+A,0.06284872442483902,0.2746836543083191,0.1411665827035904,0.4531053602695465,0.06819561868906021,1.3470332622528076,0.0,341.0,1411,2,56,0,0,0,200,200,0
1724,6896,722,108,723,1,right,0.06366873532533646,0.2767166197299957,0.1467091590166092,0.4431225657463074,0.06978285312652588,1.3588907718658447,0.0,341.0,1412,2,56,0,0,0,200,200,0
1725,6900,722,112,723,1,right,0.06232420727610588,0.2737327516078949,0.13893677294254303,0.458808571100235,0.06619776040315628,1.339050531387329,-1.0,340.0,1413,2,55,0,0,0,200,200,0
1726,6904,722,106,723,1,right,0.06328502297401428,0.27419814467430115,0.14597074687480927,0.44865134358406067,0.06789471209049225,1.3525794744491577,0.0,340.0,1414,2,55,0,0,0,200,200,0
1727,6908,722,89,723,0,NOOP,0.062466878443956375,0.27267593145370483,0.1366402953863144,0.46108734607696533,0.06712953001260757,1.337816596031189,0.0,340.0,1415,2,55,0,0,0,200,200,0
1728,6912,722,79,723,1,right,0.060143325477838516,0.27063363790512085,0.12770546972751617,0.4786566495895386,0.06286085397005081,1.3121870756149292,0.0,340.0,1416,2,55,0,0,0,200,200,0
1729,6916,722,79,723,3,right+B,0.06133250147104263,0.27305757999420166,0.13278108835220337,0.46822699904441833,0.06460178643465042,1.3260160684585571,0.0,340.0,1417,2,55,0,0,0,200,200,0
1730,6920,722,79,723,3,right+B,0.0630541518330574,0.2770399749279022,0.13591931760311127,0.45707646012306213,0.06691009551286697,1.3399261236190796,-1.0,339.0,1418,2,54,0,0,0,200,200,0
1731,6924,722,79,723,3,right+B,0.062041718512773514,0.2749125361442566,0.133411705493927,0.46371325850486755,0.06592078506946564,1.3318182229995728,0.0,339.0,1419,2,54,0,0,0,200,200,0
1732,6928,722,79,723,1,right,0.06025990471243858,0.2702051103115082,0.12458638101816177,0.4817568361759186,0.06319180876016617,1.3086856603622437,0.0,339.0,1420,2,54,0,0,0,200,200,0
1733,6932,722,79,723,1,right,0.06038021296262741,0.2700374126434326,0.12208760529756546,0.48586922883987427,0.061625536531209946,1.302215337753296,0.0,339.0,1421,2,54,0,0,0,200,200,0
1734,6936,722,79,723,3,right+B,0.062414076179265976,0.2755981981754303,0.12961843609809875,0.4677983522415161,0.06457089632749557,1.3254780769348145,0.0,339.0,1422,2,54,0,0,0,200,200,0
1735,6940,722,79,723,1,right,0.061123158782720566,0.2743837535381317,0.1283581405878067,0.47257527709007263,0.06355975568294525,1.31856107711792,-1.0,338.0,1423,2,53,0,0,0,200,200,0
1736,6944,722,79,723,3,right+B,0.06125849857926369,0.2727864384651184,0.13034477829933167,0.4717395305633545,0.06387074291706085,1.3211610317230225,0.0,338.0,1424,2,53,0,0,0,200,200,0
1737,6948,722,79,723,3,right+B,0.06052442640066147,0.27056655287742615,0.12616278231143951,0.48090893030166626,0.061837293207645416,1.308798909187317,0.0,338.0,1425,2,53,0,0,0,200,200,0
1738,6952,722,79,723,3,right+B,0.06031280755996704,0.2711690664291382,0.12676267325878143,0.48067063093185425,0.06108485907316208,1.3079590797424316,0.0,338.0,1426,2,53,0,0,0,200,200,0
1739,6956,722,79,723,3,right+B,0.0604126863181591,0.2734261453151703,0.12657935917377472,0.4781327545642853,0.06144898757338524,1.3099478483200073,0.0,338.0,1427,2,53,0,0,0,200,200,0
1740,6960,722,79,723,3,right+B,0.06134345009922981,0.2764340043067932,0.12945570051670074,0.4696122705936432,0.06315452605485916,1.3207204341888428,-1.0,337.0,1428,2,52,0,0,0,200,200,0
1741,6964,722,79,723,3,right+B,0.05914869159460068,0.27335047721862793,0.12094657123088837,0.4861878752708435,0.060366276651620865,1.2973657846450806,0.0,337.0,1429,2,52,0,0,0,200,200,0
1742,6968,722,93,723,4,right+A+B,0.059048689901828766,0.2706238031387329,0.1208626851439476,0.4884384572505951,0.061026398092508316,1.2968230247497559,0.0,337.0,1430,2,52,0,0,0,200,200,0
1743,6972,722,108,723,3,right+B,0.0598905086517334,0.2726939916610718,0.12686264514923096,0.478456974029541,0.062095899134874344,1.3101552724838257,0.0,337.0,1431,2,52,0,0,0,200,200,0
1744,6976,722,112,723,1,right,0.05902771279215813,0.27010971307754517,0.11981920152902603,0.49097996950149536,0.06006333976984024,1.2929954528808594,0.0,337.0,1432,2,52,0,0,0,200,200,0
1745,6980,722,106,723,3,right+B,0.05780668929219246,0.26849111914634705,0.12008614093065262,0.49370327591896057,0.05991281196475029,1.2894761562347412,-1.0,336.0,1433,2,51,0,0,0,200,200,0
1746,6984,722,89,723,1,right,0.05838090553879738,0.2674156129360199,0.11965735256671906,0.4936223328113556,0.0609237402677536,1.2915642261505127,0.0,336.0,1434,2,51,0,0,0,200,200,0
1747,6988,722,79,723,3,right+B,0.059485506266355515,0.26783841848373413,0.12108724564313889,0.4899499714374542,0.06163885071873665,1.2976670265197754,0.0,336.0,1435,2,51,0,0,0,200,200,0
1748,6992,722,79,723,3,right+B,0.059039369225502014,0.2664244472980499,0.11866798251867294,0.4965723752975464,0.059295859187841415,1.2875144481658936,0.0,336.0,1436,2,51,0,0,0,200,200,0
1749,6996,722,79,723,3,right+B,0.06030096486210823,0.2683749198913574,0.11858002096414566,0.4932391047477722,0.05950504168868065,1.2917017936706543,0.0,336.0,1437,2,51,0,0,0,200,200,0
1750,7000,722,79,723,1,right,0.06106763705611229,0.2700842022895813,0.12270756810903549,0.48572468757629395,0.060415927320718765,1.3020174503326416,-1.0,335.0,1438,2,50,0,0,0,200,200,0
1751,7004,722,79,723,3,right+B,0.060491617769002914,0.2702626883983612,0.12151506543159485,0.4875575602054596,0.06017303094267845,1.2987680435180664,0.0,335.0,1439,2,50,0,0,0,200,200,0
1752,7008,722,79,723,3,right+B,0.06065529212355614,0.27064183354377747,0.12251079827547073,0.48507753014564514,0.06111449375748634,1.302668571472168,0.0,335.0,1440,2,50,0,0,0,200,200,0
1753,7012,722,93,723,2,right+A,0.06096947193145752,0.27159178256988525,0.12328147888183594,0.48202845454216003,0.06212887540459633,1.3070149421691895,0.0,335.0,1441,2,50,0,0,0,200,200,0
1754,7016,722,109,723,2,right+A,0.061245840042829514,0.27258723974227905,0.12509377300739288,0.4783649742603302,0.06270825862884521,1.3117834329605103,0.0,335.0,1442,2,50,0,0,0,200,200,0
1755,7020,722,121,723,3,right+B,0.05993536114692688,0.26850706338882446,0.12198654562234879,0.48815569281578064,0.06141534820199013,1.299803614616394,-1.0,334.0,1443,2,49,0,0,0,200,200,0
1756,7024,722,122,723,4,right+A+B,0.06066444143652916,0.2700246572494507,0.12510976195335388,0.47988495230674744,0.06431624293327332,1.312398076057434,0.0,334.0,1444,2,49,0,0,0,200,200,0
1757,7028,722,113,723,4,right+A+B,0.06035056710243225,0.2679406702518463,0.12262560427188873,0.484375923871994,0.0647072121500969,1.30794095993042,0.0,334.0,1445,2,49,0,0,0,200,200,0
1758,7032,722,94,723,3,right+B,0.059318624436855316,0.265296995639801,0.11753545701503754,0.49606722593307495,0.061781689524650574,1.2910085916519165,0.0,334.0,1446,2,49,0,0,0,200,200,0
1759,7036,722,79,723,3,right+B,0.05888832360506058,0.2641501724720001,0.11697959154844284,0.4979618191719055,0.062020059674978256,1.2890636920928955,0.0,334.0,1447,2,49,0,0,0,200,200,0
1760,7040,722,79,723,1,right,0.05902551859617233,0.26503050327301025,0.1167583093047142,0.498533695936203,0.06065201759338379,1.2867271900177002,-1.0,333.0,1448,2,48,0,0,0,200,200,0
1761,7044,722,79,723,3,right+B,0.05969677120447159,0.2663601338863373,0.11998413503170013,0.4927372932434082,0.06122172996401787,1.2947942018508911,0.0,333.0,1449,2,48,0,0,0,200,200,0
1762,7048,722,79,723,1,right,0.060131121426820755,0.2675720751285553,0.12279144674539566,0.4871956706047058,0.062309738248586655,1.3026132583618164,0.0,333.0,1450,2,48,0,0,0,200,200,0
1763,7052,722,79,723,1,right,0.05968696251511574,0.2685296833515167,0.12216700613498688,0.4886700510978699,0.06094634160399437,1.2985714673995972,0.0,333.0,1451,2,48,0,0,0,200,200,0
1764,7056,722,79,723,3,right+B,0.05996502563357353,0.269040048122406,0.1212276890873909,0.48856014013290405,0.0612071231007576,1.2986969947814941,0.0,333.0,1452,2,48,0,0,0,200,200,0
1765,7060,722,79,723,3,right+B,0.05974406749010086,0.2685595154762268,0.1205807477235794,0.48965689539909363,0.061458803713321686,1.2975635528564453,-1.0,332.0,1453,2,47,0,0,0,200,200,0
1766,7064,722,93,723,2,right+A,0.05979587882757187,0.26774176955223083,0.12133711576461792,0.4892728328704834,0.06185241788625717,1.2990531921386719,0.0,332.0,1454,2,47,0,0,0,200,200,0
1767,7068,722,108,723,3,right+B,0.05992924049496651,0.26903459429740906,0.12338784337043762,0.48510777950286865,0.0625404641032219,1.3043533563613892,0.0,332.0,1455,2,47,0,0,0,200,200,0
1768,7072,722,112,723,3,right+B,0.05918581038713455,0.2661258280277252,0.12138675898313522,0.4914974868297577,0.06180411949753761,1.296752691268921,0.0,332.0,1456,2,47,0,0,0,200,200,0
1769,7076,722,106,723,3,right+B,0.05909577012062073,0.26581093668937683,0.12458944320678711,0.48753222823143005,0.06297170370817184,1.3031996488571167,0.0,332.0,1457,2,47,0,0,0,200,200,0
1770,7080,722,89,723,1,right,0.058762285858392715,0.2650940716266632,0.12142864614725113,0.4924168586730957,0.06229809671640396,1.2962998151779175,-1.0,331.0,1458,2,46,0,0,0,200,200,0
1771,7084,722,79,723,3,right+B,0.059332042932510376,0.26580238342285156,0.12191768735647202,0.4904940724372864,0.06245386600494385,1.2989476919174194,0.0,331.0,1459,2,46,0,0,0,200,200,0
1772,7088,722,79,723,3,right+B,0.05829283222556114,0.26308906078338623,0.11710848659276962,0.5019314289093018,0.05957810953259468,1.2821497917175293,0.0,331.0,1460,2,46,0,0,0,200,200,0
1773,7092,722,79,723,3,right+B,0.05976158007979393,0.2667686641216278,0.12177269160747528,0.49082237482070923,0.060874633491039276,1.296966791152954,0.0,331.0,1461,2,46,0,0,0,200,200,0
1774,7096,722,93,723,4,right+A+B,0.06017056480050087,0.26815342903137207,0.12481305748224258,0.4848956763744354,0.06196729093790054,1.305102825164795,0.0,331.0,1462,2,46,0,0,0,200,200,0
1775,7100,722,108,723,3,right+B,0.060106243938207626,0.26928821206092834,0.12636616826057434,0.48205432295799255,0.06218508258461952,1.3081756830215454,-1.0,330.0,1463,2,45,0,0,0,200,200,0
1776,7104,722,112,723,2,right+A,0.05973003804683685,0.2680705785751343,0.12442110478878021,0.4857940375804901,0.061984263360500336,1.3036341667175293,0.0,330.0,1464,2,45,0,0,0,200,200,0
1777,7108,722,106,723,3,right+B,0.05913141369819641,0.2666787803173065,0.1258161962032318,0.4855647087097168,0.06280891597270966,1.3051302433013916,0.0,330.0,1465,2,45,0,0,0,200,200,0
1778,7112,722,89,723,1,right,0.058585312217473984,0.2654356360435486,0.1214187815785408,0.49250152707099915,0.0620587021112442,1.2956252098083496,0.0,330.0,1466,2,45,0,0,0,200,200,0
1779,7116,722,79,723,2,right+A,0.05898505076766014,0.2655365467071533,0.12047499418258667,0.4930766820907593,0.061926793307065964,1.2949386835098267,0.0,330.0,1467,2,45,0,0,0,200,200,0
1780,7120,722,79,723,3,right+B,0.057595402002334595,0.2621486783027649,0.1142808124423027,0.507197380065918,0.058777738362550735,1.2741466760635376,-1.0,329.0,1468,2,44,0,0,0,200,200,0
1781,7124,722,79,723,0,NOOP,0.05877693369984627,0.2653563618659973,0.11743884533643723,0.4983549118041992,0.060072969645261765,1.2861651182174683,0.0,329.0,1469,2,44,0,0,0,200,200,0
1782,7128,722,79,723,1,right,0.05931627005338669,0.26658502221107483,0.12025603652000427,0.4924907088279724,0.061352044343948364,1.2947837114334106,0.0,329.0,1470,2,44,0,0,0,200,200,0
1783,7132,722,79,723,1,right,0.059729430824518204,0.2679579257965088,0.12138991057872772,0.4893491864204407,0.06157354265451431,1.2985398769378662,0.0,329.0,1471,2,44,0,0,0,200,200,0
1784,7136,722,79,723,3,right+B,0.0597793385386467,0.2671170234680176,0.12118393182754517,0.49054408073425293,0.06137567013502121,1.2974377870559692,0.0,329.0,1472,2,44,0,0,0,200,200,0
1785,7140,722,79,723,3,right+B,0.06025337800383568,0.26807069778442383,0.1239975243806839,0.4855688512325287,0.06210946664214134,1.3044087886810303,-1.0,328.0,1473,2,43,0,0,0,200,200,0
1786,7144,722,79,723,1,right,0.06059035658836365,0.2693169116973877,0.12473247200250626,0.48311591148376465,0.06224433705210686,1.3071205615997314,0.0,328.0,1474,2,43,0,0,0,200,200,0
1787,7148,722,93,723,2,right+A,0.0601118728518486,0.26805728673934937,0.12187469005584717,0.48876550793647766,0.061190735548734665,1.2992825508117676,0.0,328.0,1475,2,43,0,0,0,200,200,0
1788,7152,722,108,723,0,NOOP,0.06058090180158615,0.2705043852329254,0.12565812468528748,0.4805070757865906,0.06274953484535217,1.3100683689117432,0.0,328.0,1476,2,43,0,0,0,200,200,0
1789,7156,722,112,723,3,right+B,0.06043972447514534,0.26872915029525757,0.12384148687124252,0.4843478202819824,0.06264188140630722,1.3060656785964966,0.0,328.0,1477,2,43,0,0,0,200,200,0
1790,7160,722,106,723,3,right+B,0.05972396954894066,0.2669697105884552,0.12344039976596832,0.48711174726486206,0.06275412440299988,1.3032034635543823,-1.0,327.0,1478,2,42,0,0,0,200,200,0
1791,7164,722,89,723,1,right,0.05923705920577049,0.265901654958725,0.12062687426805496,0.4919714331626892,0.06226298213005066,1.296608328819275,0.0,327.0,1479,2,42,0,0,0,200,200,0
1792,7168,722,79,723,2,right+A,0.05935695394873619,0.26510247588157654,0.11789670586585999,0.49643877148628235,0.06120506301522255,1.2902837991714478,0.0,327.0,1480,2,42,0,0,0,200,200,0
1793,7172,722,79,723,3,right+B,0.05802161991596222,0.2614518702030182,0.11227273941040039,0.5098027586936951,0.058450985699892044,1.2708895206451416,0.0,327.0,1481,2,42,0,0,0,200,200,0
1794,7176,722,79,723,1,right,0.059240978211164474,0.265003502368927,0.11591072380542755,0.4996994733810425,0.06014534458518028,1.284865140914917,0.0,327.0,1482,2,42,0,0,0,200,200,0
1795,7180,722,79,723,0,NOOP,0.05996474251151085,0.2674439549446106,0.12024833261966705,0.49018192291259766,0.06216103583574295,1.2983417510986328,-1.0,326.0,1483,2,41,0,0,0,200,200,0
1796,7184,722,79,723,3,right+B,0.060593221336603165,0.26971155405044556,0.12333426624536514,0.48379865288734436,0.06256236135959625,1.3061058521270752,0.0,326.0,1484,2,41,0,0,0,200,200,0
1797,7188,722,93,723,2,right+A,0.06099790334701538,0.26893627643585205,0.12315333634614944,0.4853246212005615,0.061587847769260406,1.3042404651641846,0.0,326.0,1485,2,41,0,0,0,200,200,0
1798,7192,722,108,723,3,right+B,0.0618823878467083,0.27164313197135925,0.12662038207054138,0.47696611285209656,0.06288804113864899,1.3149573802947998,0.0,326.0,1486,2,41,0,0,0,200,200,0
1799,7196,722,112,723,1,right,0.06108925864100456,0.27054741978645325,0.12355057895183563,0.48285916447639465,0.0619535930454731,1.3066680431365967,0.0,326.0,1487,2,41,0,0,0,200,200,0
1800,7200,722,106,723,0,NOOP,0.060819193720817566,0.2708795666694641,0.12637947499752045,0.4788318872451782,0.06308987736701965,1.3124310970306396,-1.0,325.0,1488,2,40,0,0,0,200,200,0
1801,7204,722,89,723,0,NOOP,0.05932190269231796,0.26872125267982483,0.12140525877475739,0.4887118637561798,0.06183982640504837,1.2987122535705566,0.0,325.0,1489,2,40,0,0,0,200,200,0
1802,7208,722,79,723,3,right+B,0.05913722142577171,0.26754072308540344,0.11885834485292435,0.49355781078338623,0.060905929654836655,1.2920784950256348,0.0,325.0,1490,2,40,0,0,0,200,200,0
1803,7212,722,79,723,1,right,0.05827730521559715,0.26630890369415283,0.11282061785459518,0.5041186809539795,0.05847446620464325,1.2754899263381958,0.0,325.0,1491,2,40,0,0,0,200,200,0
1804,7216,722,79,723,1,right,0.05904989689588547,0.2684197425842285,0.11460145562887192,0.49861690402030945,0.05931200087070465,1.2829104661941528,0.0,325.0,1492,2,40,0,0,0,200,200,0
1805,7220,722,79,723,1,right,0.058805257081985474,0.26813510060310364,0.11747835576534271,0.49564844369888306,0.059932809323072433,1.2877154350280762,-1.0,324.0,1493,2,39,0,0,0,200,200,0
1806,7224,722,79,723,3,right+B,0.05913760885596275,0.2705499529838562,0.1189643144607544,0.49160072207450867,0.059747420251369476,1.2916171550750732,0.0,324.0,1494,2,39,0,0,0,200,200,0
1807,7228,722,79,723,3,right+B,0.059533316642045975,0.2712528705596924,0.11944394558668137,0.48992422223091125,0.05984557420015335,1.293756127357483,0.0,324.0,1495,2,39,0,0,0,200,200,0
1808,7232,722,79,723,3,right+B,0.05904688686132431,0.2702149748802185,0.11988992989063263,0.4902699589729309,0.060578200966119766,1.294277548789978,0.0,324.0,1496,2,39,0,0,0,200,200,0
1809,7236,722,79,723,3,right+B,0.06032323092222214,0.273345023393631,0.12299951165914536,0.48158130049705505,0.0617508701980114,1.305514931678772,0.0,324.0,1497,2,39,0,0,0,200,200,0
1810,7240,722,79,723,3,right+B,0.05969547480344772,0.2715945243835449,0.12239435315132141,0.48518624901771545,0.061129435896873474,1.3010902404785156,-1.0,323.0,1498,2,38,0,0,0,200,200,0
1811,7244,722,79,723,3,right+B,0.05883743613958359,0.26944443583488464,0.12098574638366699,0.490934282541275,0.05979805439710617,1.2932753562927246,0.0,323.0,1499,2,38,0,0,0,200,200,0
1812,7248,722,79,723,3,right+B,0.059870291501283646,0.27353525161743164,0.12682949006557465,0.4775165617465973,0.06224842742085457,1.3108512163162231,0.0,323.0,1500,2,38,0,0,0,200,200,0
1813,7252,722,79,723,3,right+B,0.06154642626643181,0.27772077918052673,0.13343481719493866,0.46256178617477417,0.0647362768650055,1.3299797773361206,0.0,323.0,1501,2,38,0,0,0,200,200,0
1814,7256,722,79,723,0,NOOP,0.06085377559065819,0.27505600452423096,0.12848278880119324,0.4723406136035919,0.0632668286561966,1.3179481029510498,0.0,323.0,1502,2,38,0,0,0,200,200,0
1815,7260,722,93,723,2,right+A,0.059592705219984055,0.27238351106643677,0.12245766073465347,0.48480281233787537,0.060763370245695114,1.3006591796875,-1.0,322.0,1503,2,37,0,0,0,200,200,0
1816,7264,722,108,723,1,right,0.061185482889413834,0.27338165044784546,0.12783914804458618,0.4750112295150757,0.06258250772953033,1.3154902458190918,0.0,322.0,1504,2,37,0,0,0,200,200,0
1817,7268,722,112,723,3,right+B,0.05967378988862038,0.2690243124961853,0.12131329625844955,0.4879501163959503,0.06203852966427803,1.29991614818573,0.0,322.0,1505,2,37,0,0,0,200,200,0
1818,7272,722,106,723,1,right,0.060120392590761185,0.2697888910770416,0.12662184238433838,0.48010754585266113,0.06336138397455215,1.3112322092056274,0.0,322.0,1506,2,37,0,0,0,200,200,0
1819,7276,722,89,723,1,right,0.06197420135140419,0.27375856041908264,0.13218769431114197,0.4660406708717346,0.06603886932134628,1.3297704458236694,0.0,322.0,1507,2,37,0,0,0,200,200,0
1820,7280,722,79,723,1,right,0.0605195015668869,0.2707900106906891,0.12573805451393127,0.4794541299343109,0.06349839270114899,1.3117313385009766,-1.0,321.0,1508,2,36,0,0,0,200,200,0
1821,7284,722,93,723,4,right+A+B,0.05969764292240143,0.2693008780479431,0.12366662174463272,0.48652270436286926,0.06081220507621765,1.300840139389038,0.0,321.0,1509,2,36,0,0,0,200,200,0
1822,7288,722,108,723,1,right,0.06430690735578537,0.27949801087379456,0.14352452754974365,0.4445260167121887,0.0681445449590683,1.3548164367675781,0.0,321.0,1510,2,36,0,0,0,200,200,0
1823,7292,722,112,723,2,right+A,0.06421537697315216,0.27757298946380615,0.1521010845899582,0.4354304075241089,0.07068011164665222,1.3677986860275269,0.0,321.0,1511,2,36,0,0,0,200,200,0
1824,7296,722,106,723,3,right+B,0.06331485509872437,0.27523234486579895,0.1488901823759079,0.4421520531177521,0.07041054964065552,1.3610515594482422,0.0,321.0,1512,2,36,0,0,0,200,200,0
1825,7300,722,89,723,2,right+A,0.061519745737314224,0.27209535241127014,0.13713820278644562,0.4630175828933716,0.06622913479804993,1.3344700336456299,-1.0,320.0,1513,2,35,0,0,0,200,200,0
1826,7304,722,79,723,4,right+A+B,0.061913151293992996,0.2722562253475189,0.13241924345493317,0.4682021737098694,0.06520914286375046,1.3275038003921509,0.0,320.0,1514,2,35,0,0,0,200,200,0
1827,7308,722,79,723,2,right+A,0.059539686888456345,0.26732173562049866,0.12124419212341309,0.4910011887550354,0.06089311093091965,1.2961363792419434,0.0,320.0,1515,2,35,0,0,0,200,200,0
1828,7312,722,79,723,3,right+B,0.06166839972138405,0.27382901310920715,0.13087202608585358,0.469174861907959,0.06445562839508057,1.3244025707244873,0.0,320.0,1516,2,35,0,0,0,200,200,0
1829,7316,722,79,723,1,right,0.06407403945922852,0.2785290479660034,0.1430128961801529,0.4449898600578308,0.06939414143562317,1.3556668758392334,0.0,320.0,1517,2,35,0,0,0,200,200,0
1830,7320,722,79,723,0,NOOP,0.06157762184739113,0.2748689353466034,0.13098689913749695,0.4683482050895691,0.06421837210655212,1.3244508504867554,-1.0,319.0,1518,2,34,0,0,0,200,200,0
1831,7324,722,79,723,1,right,0.061705332249403,0.27352291345596313,0.12927517294883728,0.47098010778427124,0.06451638787984848,1.3223810195922852,0.0,319.0,1519,2,34,0,0,0,200,200,0
1832,7328,722,93,723,4,right+A+B,0.06046859547495842,0.2704911231994629,0.12250073999166489,0.48482269048690796,0.06171691417694092,1.3034231662750244,0.0,319.0,1520,2,34,0,0,0,200,200,0
1833,7332,722,108,723,0,NOOP,0.06446947902441025,0.2785424292087555,0.13703840970993042,0.4533345699310303,0.06661508977413177,1.3442317247390747,0.0,319.0,1521,2,34,0,0,0,200,200,0
1834,7336,722,112,723,0,NOOP,0.06179584190249443,0.2748989462852478,0.13268080353736877,0.4659866690635681,0.06463778764009476,1.3278824090957642,0.0,319.0,1522,2,34,0,0,0,200,200,0
1835,7340,722,106,723,3,right+B,0.0610344298183918,0.2725915312767029,0.13328434526920319,0.4692399799823761,0.06384965777397156,1.3242957592010498,-1.0,318.0,1523,2,33,0,0,0,200,200,0
1836,7344,722,89,723,2,right+A,0.059820663183927536,0.2697770595550537,0.12655484676361084,0.48130327463150024,0.06254410743713379,1.3088507652282715,0.0,318.0,1524,2,33,0,0,0,200,200,0
1837,7348,722,79,723,2,right+A,0.05916266515851021,0.26908078789711,0.12328897416591644,0.4878990948200226,0.060568492859601974,1.298557996749878,0.0,318.0,1525,2,33,0,0,0,200,200,0
1838,7352,722,79,723,1,right,0.059119485318660736,0.2695942223072052,0.12032094597816467,0.49111342430114746,0.05985194444656372,1.2931432723999023,0.0,318.0,1526,2,33,0,0,0,200,200,0
1839,7356,722,79,723,3,right+B,0.06022903695702553,0.273563027381897,0.12325339764356613,0.481766015291214,0.06118854880332947,1.3046314716339111,0.0,318.0,1527,2,33,0,0,0,200,200,0
1840,7360,722,79,723,1,right,0.06017141044139862,0.27423349022865295,0.12254958599805832,0.4814704656600952,0.06157507374882698,1.304724931716919,-1.0,317.0,1528,2,32,0,0,0,200,200,0
1841,7364,722,79,723,0,NOOP,0.058089349418878555,0.2679193615913391,0.11736903339624405,0.49713316559791565,0.059489089995622635,1.2849537134170532,0.0,317.0,1529,2,32,0,0,0,200,200,0
1842,7368,722,79,723,1,right,0.059455521404743195,0.2699352204799652,0.12250521779060364,0.48723313212394714,0.060870926827192307,1.2992314100265503,0.0,317.0,1530,2,32,0,0,0,200,200,0
1843,7372,722,79,723,3,right+B,0.05942855030298233,0.2711857259273529,0.12097906321287155,0.4883417785167694,0.06006494164466858,1.2961106300354004,0.0,317.0,1531,2,32,0,0,0,200,200,0
1844,7376,722,79,723,3,right+B,0.058631401509046555,0.2687084376811981,0.11662273108959198,0.49761366844177246,0.05842384696006775,1.2832504510879517,0.0,317.0,1532,2,32,0,0,0,200,200,0
1845,7380,722,79,723,3,right+B,0.05926522612571716,0.2698202431201935,0.12120486795902252,0.4895689785480499,0.060140617191791534,1.2954316139221191,-1.0,316.0,1533,2,31,0,0,0,200,200,0
1846,7384,722,79,723,3,right+B,0.06004223972558975,0.27028727531433105,0.12278963625431061,0.4858086109161377,0.0610722079873085,1.3014789819717407,0.0,316.0,1534,2,31,0,0,0,200,200,0
1847,7388,722,79,723,3,right+B,0.060434307903051376,0.2706908583641052,0.1237010806798935,0.4847775995731354,0.060396164655685425,1.3023771047592163,0.0,316.0,1535,2,31,0,0,0,200,200,0
1848,7392,722,93,723,2,right+A,0.06078813225030899,0.2709205150604248,0.12179479002952576,0.4856955409049988,0.06080099940299988,1.301468849182129,0.0,316.0,1536,2,31,0,0,0,200,200,0
1849,7396,722,108,723,3,right+B,0.0612042210996151,0.2713683545589447,0.12241992354393005,0.48413917422294617,0.06086821109056473,1.303593635559082,0.0,316.0,1537,2,31,0,0,0,200,200,0
1850,7400,722,112,723,3,right+B,0.06038658693432808,0.26945409178733826,0.12035972625017166,0.489113986492157,0.06068567931652069,1.29752779006958,-1.0,315.0,1538,2,30,0,0,0,200,200,0
1851,7404,722,106,723,1,right,0.060135018080472946,0.2693873643875122,0.1238817349076271,0.48437613248825073,0.0622197762131691,1.3050076961517334,0.0,315.0,1539,2,30,0,0,0,200,200,0
1852,7408,722,89,723,1,right,0.05989668145775795,0.2683877646923065,0.12111467868089676,0.4888128340244293,0.06178804486989975,1.299209713935852,0.0,315.0,1540,2,30,0,0,0,200,200,0
1853,7412,722,79,723,2,right+A,0.06047011539340019,0.26893576979637146,0.12101422995328903,0.48765021562576294,0.061929602175951004,1.3008900880813599,0.0,315.0,1541,2,30,0,0,0,200,200,0
1854,7416,722,79,723,3,right+B,0.05858587473630905,0.26423415541648865,0.11552182585000992,0.5028766393661499,0.058781497180461884,1.2794933319091797,0.0,315.0,1542,2,30,0,0,0,200,200,0
1855,7420,722,79,723,1,right,0.06036585569381714,0.268093079328537,0.11942456662654877,0.49140599370002747,0.06071057915687561,1.2954013347625732,-1.0,314.0,1543,2,29,0,0,0,200,200,0
1856,7424,722,79,723,3,right+B,0.06078273802995682,0.2682739794254303,0.12203726172447205,0.4870508909225464,0.06185517460107803,1.3024146556854248,0.0,314.0,1544,2,29,0,0,0,200,200,0
1857,7428,722,79,723,1,right,0.060600731521844864,0.26816266775131226,0.12290799617767334,0.48679617047309875,0.06153242662549019,1.302504301071167,0.0,314.0,1545,2,29,0,0,0,200,200,0
1858,7432,722,79,723,0,NOOP,0.060620035976171494,0.2680431008338928,0.12159661203622818,0.48867693543434143,0.06106332689523697,1.2996854782104492,0.0,314.0,1546,2,29,0,0,0,200,200,0
1859,7436,722,93,723,2,right+A,0.060246966779232025,0.26821601390838623,0.12183249741792679,0.4887062609195709,0.060998279601335526,1.2992019653320312,0.0,314.0,1547,2,29,0,0,0,200,200,0
1860,7440,722,108,723,3,right+B,0.06112133339047432,0.27034318447113037,0.12511053681373596,0.480726033449173,0.06269895285367966,1.310253620147705,-1.0,313.0,1548,2,28,0,0,0,200,200,0
1861,7444,722,112,723,3,right+B,0.059750042855739594,0.266912579536438,0.12028118968009949,0.4916301667690277,0.06142599880695343,1.2960894107818604,0.0,313.0,1549,2,28,0,0,0,200,200,0
1862,7448,722,106,723,2,right+A,0.059148114174604416,0.2667056918144226,0.12140539288520813,0.49127089977264404,0.06146985664963722,1.2963601350784302,0.0,313.0,1550,2,28,0,0,0,200,200,0
1863,7452,722,89,723,1,right,0.05924740061163902,0.26696354150772095,0.12050820887088776,0.4915997385978699,0.061681121587753296,1.2959089279174805,0.0,313.0,1551,2,28,0,0,0,200,200,0
1864,7456,722,79,723,1,right,0.059334348887205124,0.26578667759895325,0.11940555274486542,0.4939686357975006,0.06150473654270172,1.2934439182281494,0.0,313.0,1552,2,28,0,0,0,200,200,0
1865,7460,722,79,723,3,right+B,0.0580250546336174,0.2628270983695984,0.11401951313018799,0.5064904093742371,0.058637913316488266,1.2748348712921143,-1.0,312.0,1553,2,27,0,0,0,200,200,0
1866,7464,722,79,723,3,right+B,0.05900256708264351,0.26559314131736755,0.11727823317050934,0.49840283393859863,0.05972318351268768,1.2858227491378784,0.0,312.0,1554,2,27,0,0,0,200,200,0
1867,7468,722,79,723,3,right+B,0.059783004224300385,0.2674183249473572,0.1212783083319664,0.4901953339576721,0.06132504343986511,1.2976549863815308,0.0,312.0,1555,2,27,0,0,0,200,200,0
1868,7472,722,79,723,3,right+B,0.05968223139643669,0.26731544733047485,0.12193119525909424,0.4897843599319458,0.06128687039017677,1.2982114553451538,0.0,312.0,1556,2,27,0,0,0,200,200,0
1869,7476,722,79,723,3,right+B,0.06014237925410271,0.2676336467266083,0.12295418232679367,0.4880128502845764,0.06125694513320923,1.3007233142852783,0.0,312.0,1557,2,27,0,0,0,200,200,0
1870,7480,722,93,723,4,right+A+B,0.060415878891944885,0.2688273787498474,0.12512272596359253,0.48365718126296997,0.061976850032806396,1.306450366973877,-1.0,311.0,1558,2,26,0,0,0,200,200,0
1871,7484,722,108,723,1,right,0.060453206300735474,0.26975083351135254,0.12704980373382568,0.4805871248245239,0.06215907633304596,1.3100240230560303,0.0,311.0,1559,2,26,0,0,0,200,200,0
1872,7488,722,112,723,3,right+B,0.06011730059981346,0.2684783935546875,0.12473370134830475,0.4848390817642212,0.061831604689359665,1.3047966957092285,0.0,311.0,1560,2,26,0,0,0,200,200,0
1873,7492,722,106,723,2,right+A,0.05968010053038597,0.2673378884792328,0.12643025815486908,0.48398545384407043,0.0625663474202156,1.3070058822631836,0.0,311.0,1561,2,26,0,0,0,200,200,0
1874,7496,722,89,723,3,right+B,0.05902938172221184,0.2660430073738098,0.12192732095718384,0.4913313388824463,0.061668939888477325,1.296844720840454,0.0,311.0,1562,2,26,0,0,0,200,200,0
1875,7500,722,79,723,0,NOOP,0.059331052005290985,0.2659275531768799,0.12080571055412292,0.4924146234989166,0.06152097508311272,1.295535922050476,-1.0,310.0,1563,2,25,0,0,0,200,200,0
1876,7504,722,79,723,1,right,0.058091506361961365,0.26309025287628174,0.11569492518901825,0.5041800141334534,0.05894317850470543,1.2782893180847168,0.0,310.0,1564,2,25,0,0,0,200,200,0
1877,7508,722,79,723,3,right+B,0.05880044773221016,0.2652059495449066,0.11796871572732925,0.49818143248558044,0.059843502938747406,1.2863991260528564,0.0,310.0,1565,2,25,0,0,0,200,200,0
1878,7512,722,79,723,1,right,0.059117067605257034,0.26599761843681335,0.11810516566038132,0.49651864171028137,0.060261521488428116,1.2886512279510498,0.0,310.0,1566,2,25,0,0,0,200,200,0
1879,7516,722,79,723,3,right+B,0.05979524552822113,0.26780030131340027,0.12120447307825089,0.48965346813201904,0.06154647096991539,1.298268437385559,0.0,310.0,1567,2,25,0,0,0,200,200,0
1880,7520,722,79,723,3,right+B,0.05982484668493271,0.26780638098716736,0.12249992787837982,0.4883800446987152,0.061488766223192215,1.300014853477478,-1.0,309.0,1568,2,24,0,0,0,200,200,0
1881,7524,722,79,723,3,right+B,0.06013179197907448,0.2677975296974182,0.12264937907457352,0.48828816413879395,0.06113313511013985,1.3001219034194946,0.0,309.0,1569,2,24,0,0,0,200,200,0
1882,7528,722,79,723,3,right+B,0.06031452491879463,0.26896366477012634,0.12374015897512436,0.4855640232563019,0.06141769513487816,1.3032872676849365,0.0,309.0,1570,2,24,0,0,0,200,200,0
1883,7532,722,79,723,1,right,0.06025167554616928,0.2683939039707184,0.12414667010307312,0.4859001934528351,0.06130754575133324,1.3031461238861084,0.0,309.0,1571,2,24,0,0,0,200,200,0
1884,7536,722,79,723,3,right+B,0.05989951640367508,0.268844872713089,0.12294270843267441,0.4872411787509918,0.06107178330421448,1.3005383014678955,0.0,309.0,1572,2,24,0,0,0,200,200,0
1885,7540,722,79,723,1,right,0.059832293540239334,0.2678285837173462,0.12093023210763931,0.4907127618789673,0.06069617718458176,1.2962099313735962,-1.0,308.0,1573,2,23,0,0,0,200,200,0
1886,7544,722,79,723,1,right,0.059993091970682144,0.2682705819606781,0.12071924656629562,0.48978084325790405,0.06123623996973038,1.2976447343826294,0.0,308.0,1574,2,23,0,0,0,200,200,0
1887,7548,722,79,723,3,right+B,0.060386765748262405,0.26886096596717834,0.12135337293148041,0.48771214485168457,0.06168674677610397,1.3006421327590942,0.0,308.0,1575,2,23,0,0,0,200,200,0
1888,7552,722,79,723,0,NOOP,0.059647951275110245,0.2665256857872009,0.1189546138048172,0.49426811933517456,0.060603655874729156,1.2920397520065308,0.0,308.0,1576,2,23,0,0,0,200,200,0
1889,7556,722,79,723,3,right+B,0.060189832001924515,0.26726043224334717,0.11923733353614807,0.49230659008026123,0.061005763709545135,1.2948769330978394,0.0,308.0,1577,2,23,0,0,0,200,200,0
1890,7560,722,93,723,2,right+A,0.059822797775268555,0.26699548959732056,0.11818324774503708,0.494453489780426,0.06054498627781868,1.2914743423461914,-1.0,307.0,1578,2,22,0,0,0,200,200,0
1891,7564,722,108,723,3,right+B,0.06125674024224281,0.26971039175987244,0.1232636496424675,0.48337027430534363,0.06239895150065422,1.3070489168167114,0.0,307.0,1579,2,22,0,0,0,200,200,0
1892,7568,722,112,723,2,right+A,0.06011439487338066,0.26661795377731323,0.1199667677283287,0.4922678768634796,0.06103307381272316,1.2954144477844238,0.0,307.0,1580,2,22,0,0,0,200,200,0
1893,7572,722,106,723,1,right,0.06043146923184395,0.2669052183628082,0.12522976100444794,0.4848718047142029,0.0625617504119873,1.3066892623901367,0.0,307.0,1581,2,22,0,0,0,200,200,0
1894,7576,722,89,723,1,right,0.06038728356361389,0.2674155533313751,0.12451094388961792,0.4847116470336914,0.06297452002763748,1.3067699670791626,0.0,307.0,1582,2,22,0,0,0,200,200,0
1895,7580,722,79,723,3,right+B,0.05986124649643898,0.2670902609825134,0.12227286398410797,0.48901236057281494,0.0617632120847702,1.2999134063720703,-1.0,306.0,1583,2,21,0,0,0,200,200,0
1896,7584,722,79,723,3,right+B,0.059522416442632675,0.26685264706611633,0.11925635486841202,0.49457359313964844,0.05979497358202934,1.2907023429870605,0.0,306.0,1584,2,21,0,0,0,200,200,0
1897,7588,722,79,723,3,right+B,0.060277294367551804,0.26783624291419983,0.11971373856067657,0.4919915795326233,0.060181211680173874,1.2943588495254517,0.0,306.0,1585,2,21,0,0,0,200,200,0
1898,7592,722,79,723,3,right+B,0.06068617105484009,0.26947668194770813,0.12042944133281708,0.48833751678466797,0.061070285737514496,1.2990659475326538,0.0,306.0,1586,2,21,0,0,0,200,200,0
1899,7596,722,79,723,1,right,0.061277780681848526,0.27065107226371765,0.12142684310674667,0.4846378266811371,0.062006521970033646,1.304309606552124,0.0,306.0,1587,2,21,0,0,0,200,200,0
1900,7600,722,79,723,3,right+B,0.060436900705099106,0.2687376141548157,0.11996860802173615,0.489854633808136,0.061002153903245926,1.297315001487732,-1.0,305.0,1588,2,20,0,0,0,200,200,0
1901,7604,722,79,723,3,right+B,0.06003862991929054,0.2698725163936615,0.1189563199877739,0.49055758118629456,0.06057499349117279,1.2948390245437622,0.0,305.0,1589,2,20,0,0,0,200,200,0
1902,7608,722,79,723,1,right,0.05973866209387779,0.2696513831615448,0.11831030249595642,0.49209749698638916,0.06020209193229675,1.2923753261566162,0.0,305.0,1590,2,20,0,0,0,200,200,0
1903,7612,722,79,723,3,right+B,0.05991364270448685,0.270691841840744,0.11795422434806824,0.4910449981689453,0.060395389795303345,1.293264627456665,0.0,305.0,1591,2,20,0,0,0,200,200,0
1904,7616,722,79,723,3,right+B,0.05966971442103386,0.27029120922088623,0.11918964982032776,0.49048811197280884,0.06036142259836197,1.2941961288452148,0.0,305.0,1592,2,20,0,0,0,200,200,0
1905,7620,722,79,723,1,right,0.06003978103399277,0.2712467312812805,0.1228547915816307,0.48530715703964233,0.060551464557647705,1.3010417222976685,-1.0,304.0,1593,2,19,0,0,0,200,200,0
1906,7624,722,79,723,3,right+B,0.06003715842962265,0.27258360385894775,0.1230267733335495,0.4843531548976898,0.05999929830431938,1.3008943796157837,0.0,304.0,1594,2,19,0,0,0,200,200,0
1907,7628,722,79,723,3,right+B,0.05917374789714813,0.27039358019828796,0.12064108997583389,0.49043452739715576,0.05935698375105858,1.2931419610977173,0.0,304.0,1595,2,19,0,0,0,200,200,0
1908,7632,722,79,723,3,right+B,0.06005151569843292,0.2734442949295044,0.12249696254730225,0.4826750159263611,0.061332233250141144,1.3034565448760986,0.0,304.0,1596,2,19,0,0,0,200,200,0
1909,7636,722,79,723,3,right+B,0.060311947017908096,0.2733939588069916,0.12271210551261902,0.48204851150512695,0.06153349578380585,1.3046795129776,0.0,304.0,1597,2,19,0,0,0,200,200,0
1910,7640,722,79,723,1,right,0.05908834934234619,0.27113577723503113,0.1216207817196846,0.48743265867233276,0.06072239950299263,1.297630786895752,-1.0,303.0,1598,2,18,0,0,0,200,200,0
1911,7644,722,79,723,3,right+B,0.05903758481144905,0.270009845495224,0.12008484452962875,0.4907163679599762,0.06015138328075409,1.2935158014297485,0.0,303.0,1599,2,18,0,0,0,200,200,0
1912,7648,722,79,723,3,right+B,0.06072739511728287,0.27554383873939514,0.1275457888841629,0.47318363189697266,0.06299936771392822,1.3161901235580444,0.0,303.0,1600,2,18,0,0,0,200,200,0
1913,7652,722,79,723,1,right,0.06240038946270943,0.2781086564064026,0.13414904475212097,0.4599948525428772,0.06534699350595474,1.3339707851409912,0.0,303.0,1601,2,18,0,0,0,200,200,0
1914,7656,722,93,723,4,right+A+B,0.060198813676834106,0.27321919798851013,0.12443217635154724,0.4806842803955078,0.061465561389923096,1.3065446615219116,0.0,303.0,1602,2,18,0,0,0,200,200,0
1915,7660,722,109,723,2,right+A,0.06164369732141495,0.27565479278564453,0.1287943422794342,0.47168561816215515,0.06222154572606087,1.3181796073913574,-1.0,302.0,1603,2,17,0,0,0,200,200,0
1916,7664,722,121,723,3,right+B,0.06116297468543053,0.27254369854927063,0.12796688079833984,0.475357323884964,0.06296902149915695,1.3159290552139282,0.0,302.0,1604,2,17,0,0,0,200,200,0
1917,7668,722,122,723,3,right+B,0.06202932819724083,0.273053914308548,0.13437534868717194,0.46381038427352905,0.0667310282588005,1.3335880041122437,0.0,302.0,1605,2,17,0,0,0,200,200,0
1918,7672,722,113,723,0,NOOP,0.06255441904067993,0.27441152930259705,0.13345223665237427,0.46303853392601013,0.06654331088066101,1.3338464498519897,0.0,302.0,1606,2,17,0,0,0,200,200,0
1919,7676,722,94,723,2,right+A,0.061450980603694916,0.2720516622066498,0.12966051697731018,0.4726422131061554,0.06419461220502853,1.3209142684936523,0.0,302.0,1607,2,17,0,0,0,200,200,0
1920,7680,722,79,723,3,right+B,0.060982994735240936,0.27181476354599,0.1271631419658661,0.4754287898540497,0.0646103248000145,1.3173928260803223,-1.0,301.0,1608,2,16,0,0,0,200,200,0
1921,7684,722,79,723,3,right+B,0.061391428112983704,0.27495336532592773,0.13269495964050293,0.4662952125072479,0.06466495245695114,1.3271640539169312,0.0,301.0,1609,2,16,0,0,0,200,200,0
1922,7688,722,79,723,1,right,0.06376715749502182,0.27745434641838074,0.14451245963573456,0.44530758261680603,0.06895845383405685,1.3554491996765137,0.0,301.0,1610,2,16,0,0,0,200,200,0
1923,7692,722,79,723,1,right,0.06323494762182236,0.27563971281051636,0.14436303079128265,0.4475345015525818,0.06922776252031326,1.353875994682312,0.0,301.0,1611,2,16,0,0,0,200,200,0
1924,7696,722,79,723,0,NOOP,0.061762019991874695,0.27312812209129333,0.13257050514221191,0.4681512117385864,0.06438809633255005,1.326236367225647,0.0,301.0,1612,2,16,0,0,0,200,200,0
1925,7700,722,79,723,3,right+B,0.06281797587871552,0.27408891916275024,0.13625946640968323,0.4614013135433197,0.0654323399066925,1.3355001211166382,-1.0,300.0,1613,2,15,0,0,0,200,200,0
1926,7704,722,79,723,3,right+B,0.06282348185777664,0.2735724449157715,0.13217446208000183,0.4655970335006714,0.06583249568939209,1.330958604812622,0.0,300.0,1614,2,15,0,0,0,200,200,0
1927,7708,722,79,723,1,right,0.06154710799455643,0.27194368839263916,0.12810516357421875,0.47476932406425476,0.06363469362258911,1.3179044723510742,0.0,300.0,1615,2,15,0,0,0,200,200,0
1928,7712,722,79,723,3,right+B,0.06329353898763657,0.2768263518810272,0.13759653270244598,0.45460930466651917,0.06767429411411285,1.3437739610671997,0.0,300.0,1616,2,15,0,0,0,200,200,0
1929,7716,722,93,723,4,right+A+B,0.06438521295785904,0.2797129154205322,0.14450539648532867,0.4423741400241852,0.06902232766151428,1.357808232307434,0.0,300.0,1617,2,15,0,0,0,200,200,0
1930,7720,722,108,723,3,right+B,0.06321057677268982,0.2779463529586792,0.13798275589942932,0.45502156019210815,0.06583881378173828,1.341103196144104,-1.0,299.0,1618,2,14,0,0,0,200,200,0
1931,7724,722,112,723,1,right,0.06163782253861427,0.27352264523506165,0.13308748602867126,0.4668327867984772,0.06491927057504654,1.3278981447219849,0.0,299.0,1619,2,14,0,0,0,200,200,0
1932,7728,722,106,723,2,right+A,0.06111462414264679,0.2725455164909363,0.13018010556697845,0.4724043011665344,0.06375548243522644,1.3202921152114868,0.0,299.0,1620,2,14,0,0,0,200,200,0
1933,7732,722,89,723,0,NOOP,0.06230900064110756,0.27556225657463074,0.13255555927753448,0.4642626643180847,0.06531045585870743,1.3304309844970703,0.0,299.0,1621,2,14,0,0,0,200,200,0
1934,7736,722,79,723,3,right+B,0.06088855490088463,0.2730077803134918,0.12817735970020294,0.4741467535495758,0.06377950310707092,1.3175313472747803,0.0,299.0,1622,2,14,0,0,0,200,200,0
1935,7740,722,79,723,1,right,0.060085467994213104,0.26949092745780945,0.1241099089384079,0.48512232303619385,0.06119145080447197,1.3031566143035889,-1.0,298.0,1623,2,13,0,0,0,200,200,0
1936,7744,722,79,723,3,right+B,0.05991861969232559,0.2687253952026367,0.12086658924818039,0.4899878203868866,0.06050155311822891,1.296436071395874,0.0,298.0,1624,2,13,0,0,0,200,200,0
1937,7748,722,79,723,0,NOOP,0.059693753719329834,0.2697961926460266,0.12214123457670212,0.48821625113487244,0.0601525604724884,1.2976473569869995,0.0,298.0,1625,2,13,0,0,0,200,200,0
1938,7752,722,79,723,1,right,0.06106732785701752,0.2741948962211609,0.12534299492835999,0.47714152932167053,0.06225324049592018,1.3117220401763916,0.0,298.0,1626,2,13,0,0,0,200,200,0
1939,7756,722,79,723,1,right,0.06138864532113075,0.2746880054473877,0.12679046392440796,0.47476235032081604,0.06237063184380531,1.3148138523101807,0.0,298.0,1627,2,13,0,0,0,200,200,0
1940,7760,722,79,723,0,NOOP,0.06071915477514267,0.2745310962200165,0.12353917956352234,0.47958219051361084,0.061628419905900955,1.3074849843978882,-1.0,297.0,1628,2,12,0,0,0,200,200,0
1941,7764,722,79,723,1,right,0.059483546763658524,0.26978105306625366,0.12198425829410553,0.4879995584487915,0.06075157970190048,1.2982298135757446,0.0,297.0,1629,2,12,0,0,0,200,200,0
1942,7768,722,79,723,3,right+B,0.06034087389707565,0.27212685346603394,0.12739114463329315,0.47895437479019165,0.06118682399392128,1.3096073865890503,0.0,297.0,1630,2,12,0,0,0,200,200,0
1943,7772,722,93,723,2,right+A,0.06005643308162689,0.271578311920166,0.12327910959720612,0.48543408513069153,0.059652067720890045,1.2999727725982666,0.0,297.0,1631,2,12,0,0,0,200,200,0
1944,7776,722,108,723,3,right+B,0.05914078652858734,0.27160388231277466,0.12099063396453857,0.48896753787994385,0.059297170490026474,1.2941513061523438,0.0,297.0,1632,2,12,0,0,0,200,200,0
1945,7780,722,112,723,1,right,0.05923682823777199,0.27052655816078186,0.12144580483436584,0.48843106627464294,0.060359708964824677,1.2965853214263916,-1.0,296.0,1633,2,11,0,0,0,200,200,0
1946,7784,722,106,723,3,right+B,0.05960782989859581,0.2686959505081177,0.12378393113613129,0.48597049713134766,0.06194179505109787,1.302791953086853,0.0,296.0,1634,2,11,0,0,0,200,200,0
1947,7788,722,89,723,3,right+B,0.06003296375274658,0.2699761390686035,0.12395727634429932,0.4840145409107208,0.062018997967243195,1.3048299551010132,0.0,296.0,1635,2,11,0,0,0,200,200,0
1948,7792,722,79,723,1,right,0.06030672416090965,0.2677454650402069,0.11971729248762131,0.49115189909935,0.06107861548662186,1.2962487936019897,0.0,296.0,1636,2,11,0,0,0,200,200,0
1949,7796,722,93,723,2,right+A,0.05949082598090172,0.2644830048084259,0.11542139947414398,0.501954972743988,0.05864978954195976,1.2811603546142578,0.0,296.0,1637,2,11,0,0,0,200,200,0
1950,7800,722,108,723,1,right,0.061006810516119,0.2711537480354309,0.12150521576404572,0.48532626032829285,0.061007946729660034,1.3020877838134766,-1.0,295.0,1638,2,10,0,0,0,200,200,0
1951,7804,722,112,723,2,right+A,0.06084992736577988,0.2706909477710724,0.12286380678415298,0.483903706073761,0.061691656708717346,1.3047782182693481,0.0,295.0,1639,2,10,0,0,0,200,200,0
1952,7808,722,106,723,3,right+B,0.0612582266330719,0.27101707458496094,0.12692084908485413,0.4778183698654175,0.06298546493053436,1.3139209747314453,0.0,295.0,1640,2,10,0,0,0,200,200,0
1953,7812,722,89,723,1,right,0.06116821616888046,0.27091842889785767,0.12593474984169006,0.47913190722465515,0.06284669041633606,1.3120858669281006,0.0,295.0,1641,2,10,0,0,0,200,200,0
1954,7816,722,79,723,1,right,0.060831718146800995,0.26939669251441956,0.12549328804016113,0.48220643401145935,0.0620717816054821,1.3083407878875732,0.0,295.0,1642,2,10,0,0,0,200,200,0
1955,7820,722,79,723,1,right,0.059700582176446915,0.26592129468917847,0.11949370801448822,0.4953843057155609,0.05950013920664787,1.2902164459228516,-1.0,294.0,1643,2,9,0,0,0,200,200,0
1956,7824,722,93,723,2,right+A,0.06069408357143402,0.26884642243385315,0.1214432418346405,0.48827123641967773,0.06074509769678116,1.2994449138641357,0.0,294.0,1644,2,9,0,0,0,200,200,0
1957,7828,722,108,723,1,right,0.06097537279129028,0.2697578966617584,0.12476059794425964,0.4820292294025421,0.062477000057697296,1.308688998222351,0.0,294.0,1645,2,9,0,0,0,200,200,0
1958,7832,722,112,723,3,right+B,0.06019200012087822,0.26746249198913574,0.12079814076423645,0.49003955721855164,0.06150773912668228,1.2982487678527832,0.0,294.0,1646,2,9,0,0,0,200,200,0
1959,7836,722,106,723,3,right+B,0.06010875850915909,0.2672477066516876,0.12381811439990997,0.4860560894012451,0.06276929378509521,1.3047248125076294,0.0,294.0,1647,2,9,0,0,0,200,200,0
1960,7840,722,89,723,3,right+B,0.05961435288190842,0.2659752666950226,0.12094862759113312,0.4909278452396393,0.062533900141716,1.2984609603881836,-1.0,293.0,1648,2,8,0,0,0,200,200,0
1961,7844,722,79,723,1,right,0.05935778096318245,0.26505500078201294,0.11882805824279785,0.4951047897338867,0.06165437400341034,1.2925280332565308,0.0,293.0,1649,2,8,0,0,0,200,200,0
1962,7848,722,79,723,3,right+B,0.05825642868876457,0.2632455825805664,0.11378208547830582,0.5061597228050232,0.0585562102496624,1.2750792503356934,0.0,293.0,1650,2,8,0,0,0,200,200,0
1963,7852,722,79,723,0,NOOP,0.059868089854717255,0.2676873803138733,0.11896008998155594,0.493045836687088,0.060438599437475204,1.2928794622421265,0.0,293.0,1651,2,8,0,0,0,200,200,0
1964,7856,722,79,723,1,right,0.060389596968889236,0.26837337017059326,0.12203997373580933,0.48745718598365784,0.061739809811115265,1.3014198541641235,0.0,293.0,1652,2,8,0,0,0,200,200,0
1965,7860,722,79,723,1,right,0.060620591044425964,0.26861679553985596,0.12296207249164581,0.48637184500694275,0.06142869591712952,1.3026756048202515,-1.0,292.0,1653,2,7,0,0,0,200,200,0
1966,7864,722,79,723,1,right,0.06078677251935005,0.26878711581230164,0.1237282007932663,0.48507705330848694,0.061620891094207764,1.3045693635940552,0.0,292.0,1654,2,7,0,0,0,200,200,0
1967,7868,722,79,723,3,right+B,0.06008173152804375,0.26787322759628296,0.12360171228647232,0.48721829056739807,0.0612250491976738,1.30156409740448,0.0,292.0,1655,2,7,0,0,0,200,200,0
1968,7872,722,93,723,4,right+A+B,0.060007791966199875,0.2688702642917633,0.12385380268096924,0.485838383436203,0.06142978370189667,1.302771806716919,0.0,292.0,1656,2,7,0,0,0,200,200,0
1969,7876,722,108,723,3,right+B,0.060593415051698685,0.2698519825935364,0.12616074085235596,0.4808337390422821,0.0625600516796112,1.3100056648254395,0.0,292.0,1657,2,7,0,0,0,200,200,0
1970,7880,722,112,723,3,right+B,0.05969557911157608,0.2678360641002655,0.1237562894821167,0.4865972697734833,0.06211476773023605,1.3027830123901367,-1.0,291.0,1658,2,6,0,0,0,200,200,0
1971,7884,722,106,723,3,right+B,0.05999681353569031,0.26776567101478577,0.1266878843307495,0.4821311831474304,0.0634184181690216,1.3100008964538574,0.0,291.0,1659,2,6,0,0,0,200,200,0
1972,7888,722,89,723,3,right+B,0.05934853106737137,0.2660767138004303,0.1227266788482666,0.4895413815975189,0.06230670213699341,1.2999694347381592,0.0,291.0,1660,2,6,0,0,0,200,200,0
1973,7892,722,79,723,4,right+A+B,0.05961773172020912,0.2659890353679657,0.12180174887180328,0.4906718134880066,0.06191966310143471,1.2983999252319336,0.0,291.0,1661,2,6,0,0,0,200,200,0
1974,7896,722,79,723,1,right,0.05826524645090103,0.2629697322845459,0.11592233180999756,0.5039018988609314,0.05894076079130173,1.278915286064148,0.0,291.0,1662,2,6,0,0,0,200,200,0
1975,7900,722,79,723,1,right,0.059709738940000534,0.26690271496772766,0.12006720900535583,0.49282366037368774,0.060496628284454346,1.2937555313110352,-1.0,290.0,1663,2,5,0,0,0,200,200,0
1976,7904,722,79,723,3,right+B,0.060165438801050186,0.26772090792655945,0.12314750254154205,0.48728474974632263,0.061681389808654785,1.3019689321517944,0.0,290.0,1664,2,5,0,0,0,200,200,0
1977,7908,722,93,723,2,right+A,0.0602848120033741,0.26838991045951843,0.12448994070291519,0.48512372374534607,0.061711687594652176,1.3045156002044678,0.0,290.0,1665,2,5,0,0,0,200,200,0
1978,7912,722,108,723,3,right+B,0.06111714243888855,0.27051490545272827,0.1282811015844345,0.4771454334259033,0.06294137239456177,1.315051794052124,0.0,290.0,1666,2,5,0,0,0,200,200,0
1979,7916,722,112,723,1,right,0.0599348247051239,0.2683228552341461,0.12578634917736053,0.4840036630630493,0.0619523786008358,1.305996060371399,0.0,290.0,1667,2,5,0,0,0,200,200,0
1980,7920,722,106,723,3,right+B,0.06020734831690788,0.26882311701774597,0.12855561077594757,0.47908636927604675,0.06332751363515854,1.313347339630127,-1.0,289.0,1668,2,4,0,0,0,200,200,0
1981,7924,722,89,723,3,right+B,0.05941421538591385,0.26699766516685486,0.12385986000299454,0.4874400794506073,0.062288131564855576,1.3021876811981201,0.0,289.0,1669,2,4,0,0,0,200,200,0
1982,7928,722,79,723,1,right,0.05948292836546898,0.26632824540138245,0.12179232388734818,0.49055591225624084,0.06184060126543045,1.298146367073059,0.0,289.0,1670,2,4,0,0,0,200,200,0
1983,7932,722,93,723,2,right+A,0.05853364244103432,0.2638302743434906,0.11645597964525223,0.5018797516822815,0.05930039659142494,1.2816016674041748,0.0,289.0,1671,2,4,0,0,0,200,200,0
1984,7936,722,109,723,4,right+A+B,0.060133419930934906,0.2686864137649536,0.12265019118785858,0.4868413209915161,0.06168865039944649,1.3018083572387695,0.0,289.0,1672,2,4,0,0,0,200,200,0
1985,7940,722,121,723,3,right+B,0.059955939650535583,0.2676927149295807,0.12229995429515839,0.48822250962257385,0.061828915029764175,1.3006486892700195,-1.0,288.0,1673,2,3,0,0,0,200,200,0
1986,7944,722,122,723,1,right,0.06103009358048439,0.26989665627479553,0.12644124031066895,0.4781142771244049,0.06451763957738876,1.3152635097503662,0.0,288.0,1674,2,3,0,0,0,200,200,0
1987,7948,722,113,723,2,right+A,0.06093991547822952,0.2691333591938019,0.12529955804347992,0.47978121042251587,0.0648459941148758,1.3137707710266113,0.0,288.0,1675,2,3,0,0,0,200,200,0
1988,7952,722,94,723,3,right+B,0.06043034791946411,0.2671295404434204,0.12075209617614746,0.4893922507762909,0.062295716255903244,1.3001116514205933,0.0,288.0,1676,2,3,0,0,0,200,200,0
1989,7956,722,79,723,1,right,0.06011701747775078,0.266463965177536,0.12122537195682526,0.48961493372917175,0.06257867068052292,1.3002955913543701,0.0,288.0,1677,2,3,0,0,0,200,200,0
1990,7960,722,79,723,1,right,0.060145772993564606,0.26744890213012695,0.12092466652393341,0.49061283469200134,0.0608677864074707,1.2969889640808105,-1.0,287.0,1678,2,2,0,0,0,200,200,0
1991,7964,722,93,723,2,right+A,0.0598369762301445,0.2665448784828186,0.11974404752254486,0.49417415261268616,0.05969994515180588,1.2916693687438965,0.0,287.0,1679,2,2,0,0,0,200,200,0
1992,7968,722,108,723,3,right+B,0.060937587171792984,0.26939043402671814,0.1239742785692215,0.48351967334747314,0.06217806413769722,1.306718349456787,0.0,287.0,1680,2,2,0,0,0,200,200,0
1993,7972,722,112,723,3,right+B,0.06070903316140175,0.2683459520339966,0.124180868268013,0.48411527276039124,0.06264887005090714,1.3068761825561523,0.0,287.0,1681,2,2,0,0,0,200,200,0
1994,7976,722,106,723,3,right+B,0.06007818877696991,0.2675008773803711,0.12450925260782242,0.48481103777885437,0.06310058385133743,1.3064309358596802,0.0,287.0,1682,2,2,0,0,0,200,200,0
1995,7980,722,89,723,1,right,0.06002872437238693,0.26875054836273193,0.12246435880661011,0.4861079752445221,0.06264840811491013,1.3033459186553955,-1.0,286.0,1683,2,1,0,0,0,200,200,0
1996,7984,722,79,723,3,right+B,0.06040716916322708,0.26821619272232056,0.121758833527565,0.4872204065322876,0.06239745765924454,1.30232834815979,0.0,286.0,1684,2,1,0,0,0,200,200,0
1997,7988,722,93,723,4,right+A+B,0.059218358248472214,0.2643696367740631,0.11663956940174103,0.5002479553222656,0.059524450451135635,1.2841585874557495,0.0,286.0,1685,2,1,0,0,0,200,200,0
1998,7992,722,108,723,3,right+B,0.061663683503866196,0.2717289924621582,0.12283119559288025,0.48163822293281555,0.06213798001408577,1.3079289197921753,0.0,286.0,1686,2,1,0,0,0,200,200,0
1999,7996,722,112,723,3,right+B,0.06133170425891876,0.2706592381000519,0.12392392009496689,0.48140448331832886,0.06268057972192764,1.3092283010482788,0.0,286.0,1687,2,1,0,0,0,200,200,0
2000,8000,722,106,723,2,right+A,0.06040949746966362,0.2696787118911743,0.1256750077009201,0.4816056489944458,0.06263119727373123,1.3090176582336426,-1.0,285.0,1688,2,0,0,0,0,200,200,0
2001,8004,722,89,723,3,right+B,0.059871140867471695,0.2694307863712311,0.12215252220630646,0.48751500248908997,0.06103058159351349,1.2996501922607422,0.0,285.0,1689,2,0,0,0,0,200,200,0
2002,8008,722,79,723,4,right+A+B,0.060534149408340454,0.2711755335330963,0.12239890545606613,0.4846072196960449,0.061284225434064865,1.302924633026123,0.0,285.0,1690,2,0,0,0,0,200,200,0
2003,8012,722,79,723,1,right,0.05895952135324478,0.2675397992134094,0.11691278964281082,0.4979454278945923,0.058642324060201645,1.284116268157959,0.0,285.0,1691,2,0,0,0,0,200,200,0
2004,8016,722,79,723,3,right+B,0.05928011238574982,0.2692902386188507,0.11931775510311127,0.49266374111175537,0.05944817140698433,1.291031837463379,0.0,285.0,1692,2,0,0,0,0,200,200,0
2005,8019,722,79,723,1,right,0.05987973138689995,0.2711900472640991,0.12241282314062119,0.48631832003593445,0.060199055820703506,1.299330711364746,-15.0,270.0,1693,2,0,0,1,0,200,200,0
