decision,raw_frames,x,y,max_x,action,action_name,prob_0,prob_1,prob_2,prob_3,prob_4,action_entropy_nats,native_reward,native_reward_sum,no_progress_decisions,life,game_time,flag_get,terminated,truncated,game_score,score_gain,coins,one_ups,custom_one_up_bonus,augmented_score_gain,flag_height_bonus,flag_touch_y,flag_score_tier,flag_top_tier,post_flag_frames,flag_resolution_complete,flag_resolution_status,objective_reward,objective_reward_sum
1,4,40,79,40,3,right+B,0.11526592075824738,0.36135390400886536,0.1551409214735031,0.22919858992099762,0.1390407383441925,1.5179213285446167,0.0,0.0,1,2,400,0,0,0,0,0,0,0,0.0,0.0,0,,,False,0,False,not_reached,0.0,0.0
2,8,42,93,42,4,right+A+B,0.11522582173347473,0.36126139760017395,0.15531666576862335,0.2290334552526474,0.13916271924972534,1.5180649757385254,2.0,2.0,0,2,400,0,0,0,0,0,0,0,0.0,0.0,0,,,False,0,False,not_reached,0.0,0.0
3,12,45,108,45,0,NOOP,0.11519580334424973,0.36313068866729736,0.15475675463676453,0.22725340723991394,0.13966339826583862,1.517210841178894,3.0,5.0,0,2,400,0,0,0,0,0,0,0,0.0,0.0,0,,,False,0,False,not_reached,0.0,0.0
4,16,48,112,48,1,right,0.11605159193277359,0.3631792366504669,0.157710999250412,0.21978652477264404,0.14327161014080048,1.5204596519470215,3.0,8.0,0,2,400,0,0,0,0,0,0,0,0.0,0.0,0,,,False,0,False,not_reached,0.0,0.0
5,20,52,106,52,3,right+B,0.1161591038107872,0.36295077204704285,0.15866756439208984,0.2189437747001648,0.1432787925004959,1.5209590196609497,3.0,11.0,0,2,399,0,0,0,0,0,0,0,0.0,0.0,0,,,False,0,False,not_reached,0.0,0.0
6,24,57,89,57,1,right,0.11585729569196701,0.3633250296115875,0.15635298192501068,0.22253923118114471,0.14192545413970947,1.5192062854766846,5.0,16.0,0,2,399,0,0,0,0,0,0,0,0.0,0.0,0,,,False,0,False,not_reached,0.0,0.0
7,28,64,79,64,4,right+A+B,0.11554426699876785,0.3636937737464905,0.15557998418807983,0.22364264726638794,0.1415393352508545,1.5183686017990112,7.0,23.0,0,2,399,0,0,0,0,0,0,0,0.0,0.0,0,,,False,0,False,not_reached,0.0,0.0
8,32,72,79,72,2,right+A,0.11557208001613617,0.3636643886566162,0.15524360537528992,0.22423212230205536,0.14128783345222473,1.5181629657745361,8.0,31.0,0,2,399,0,0,0,0,0,0,0,0.0,0.0,0,,,False,0,False,not_reached,0.0,0.0
9,36,81,79,81,1,right,0.11494824290275574,0.36370137333869934,0.1553402543067932,0.2254469245672226,0.14056311547756195,1.5174254179000854,9.0,40.0,0,2,399,0,0,0,0,0,0,0,0.0,0.0,0,,,False,0,False,not_reached,0.0,0.0
10,40,90,79,90,1,right,0.1153266578912735,0.36384326219558716,0.15723317861557007,0.22340786457061768,0.1401890367269516,1.5181188583374023,8.0,48.0,0,2,398,0,0,0,0,0,0,0,0.0,0.0,0,,,False,0,False,not_reached,0.0,0.0
11,44,97,79,97,0,NOOP,0.11485646665096283,0.37106603384017944,0.15964370965957642,0.21575665473937988,0.138677179813385,1.5141960382461548,7.0,55.0,0,2,398,0,0,0,0,0,0,0,0.0,0.0,0,,,False,0,False,not_reached,0.0,0.0
12,48,103,79,103,0,NOOP,0.11499793827533722,0.36807286739349365,0.18153271079063416,0.19144165515899658,0.1439548134803772,1.5218616724014282,6.0,61.0,0,2,398,0,0,0,0,0,0,0,0.0,0.0,0,,,False,0,False,not_reached,0.0,0.0
13,52,107,79,107,0,NOOP,0.1130952388048172,0.3701901137828827,0.18579639494419098,0.18170984089374542,0.14920839667320251,1.5208141803741455,4.0,65.0,0,2,398,0,0,0,0,0,0,0,0.0,0.0,0,,,False,0,False,not_reached,0.0,0.0
14,56,112,79,112,1,right,0.11282987147569656,0.3588615655899048,0.20638501644134521,0.15364928543567657,0.16827426850795746,1.5273160934448242,5.0,70.0,0,2,398,0,0,0,0,0,0,0,0.0,0.0,0,,,False,0,False,not_reached,0.0,0.0
15,60,117,79,117,3,right+B,0.10808968544006348,0.3407851755619049,0.2369946837425232,0.1223553717136383,0.19177503883838654,1.5222896337509155,4.0,74.0,0,2,397,0,0,0,0,0,0,0,0.0,0.0,0,,,False,0,False,not_reached,0.0,0.0
16,64,124,93,124,4,right+A+B,0.10517360270023346,0.31727564334869385,0.2621496915817261,0.09432552009820938,0.22107556462287903,1.508431315422058,7.0,81.0,0,2,397,0,0,0,0,0,0,0,0.0,0.0,0,,,False,0,False,not_reached,0.0,0.0
17,68,131,109,131,4,right+A+B,0.10257609188556671,0.31482934951782227,0.269506573677063,0.09416303038597107,0.2189248949289322,1.5058385133743286,7.0,88.0,0,2,397,0,0,0,0,0,0,0,0.0,0.0,0,,,False,0,False,not_reached,0.0,0.0
18,72,138,123,138,4,right+A+B,0.10657200217247009,0.3292843997478485,0.24274489283561707,0.11501291394233704,0.20638586580753326,1.5224707126617432,7.0,95.0,0,2,397,0,0,0,0,0,0,0,0.0,0.0,0,,,False,0,False,not_reached,0.0,0.0
19,76,145,132,145,1,right,0.10887688398361206,0.34177976846694946,0.2118847519159317,0.14309431612491608,0.1943642795085907,1.5337380170822144,7.0,102.0,0,2,397,0,0,0,0,0,0,0,0.0,0.0,0,,,False,0,False,not_reached,0.0,0.0
20,80,152,132,152,1,right,0.11269959807395935,0.341876357793808,0.19797387719154358,0.1406131237745285,0.206836998462677,1.5353925228118896,6.0,108.0,0,2,396,0,0,0,0,0,0,0,0.0,0.0,0,,,False,0,False,not_reached,0.0,0.0
21,84,159,124,159,1,right,0.11679381877183914,0.3450026512145996,0.16820569336414337,0.15787392854690552,0.21212387084960938,1.5381323099136353,7.0,115.0,0,2,396,0,0,0,0,0,0,0,0.0,0.0,0,,,False,0,False,not_reached,0.0,0.0
22,88,166,107,166,2,right+A,0.11792270839214325,0.34981054067611694,0.148326113820076,0.16436563432216644,0.21957501769065857,1.5322494506835938,7.0,122.0,0,2,396,0,0,0,0,0,0,0,0.0,0.0,0,,,False,0,False,not_reached,0.0,0.0
23,92,173,87,173,1,right,0.11740739643573761,0.3628334105014801,0.12085576355457306,0.19372068345546722,0.20518280565738678,1.5176717042922974,7.0,129.0,0,2,396,0,0,0,0,0,0,0,0.0,0.0,0,,,False,0,False,not_reached,0.0,0.0
24,96,180,79,180,1,right,0.11989711225032806,0.35637420415878296,0.12113218009471893,0.206238254904747,0.19635823369026184,1.5229365825653076,7.0,136.0,0,2,396,0,0,0,0,0,0,0,0.0,0.0,0,,,False,0,False,not_reached,0.0,0.0
25,100,187,79,187,0,NOOP,0.1202007606625557,0.3471629023551941,0.10565073043107986,0.23781192302703857,0.18917374312877655,1.5159581899642944,6.0,142.0,0,2,395,0,0,0,0,0,0,0,0.0,0.0,0,,,False,0,False,not_reached,0.0,0.0
26,104,193,79,193,3,right+B,0.11605105549097061,0.33804139494895935,0.10788270086050034,0.2764158546924591,0.16160905361175537,1.506774663925171,6.0,148.0,0,2,395,0,0,0,0,0,0,0,0.0,0.0,0,,,False,0,False,not_reached,0.0,0.0
27,108,201,79,201,0,NOOP,0.11450784653425217,0.3377765715122223,0.12350882589817047,0.25989970564842224,0.16430702805519104,1.5200214385986328,8.0,156.0,0,2,395,0,0,0,0,0,0,0,0.0,0.0,0,,,False,0,False,not_reached,0.0,0.0
28,112,208,93,208,4,right+A+B,0.11194562911987305,0.33592352271080017,0.13679328560829163,0.26641762256622314,0.1489199697971344,1.5196855068206787,7.0,163.0,0,2,395,0,0,0,0,0,0,0,0.0,0.0,0,,,False,0,False,not_reached,0.0,0.0
29,116,215,108,215,1,right,0.1102479100227356,0.3394578695297241,0.18004553020000458,0.21941977739334106,0.15082895755767822,1.5366661548614502,7.0,170.0,0,2,395,0,0,0,0,0,0,0,0.0,0.0,0,,,False,0,False,not_reached,0.0,0.0
30,120,222,114,222,0,NOOP,0.10557601600885391,0.32024964690208435,0.2608206570148468,0.1359395831823349,0.17741413414478302,1.5306155681610107,6.0,176.0,0,2,394,0,0,0,0,0,0,0,0.0,0.0,0,,,False,0,False,not_reached,0.0,0.0
31,124,229,112,229,4,right+A+B,0.097847118973732,0.2908194363117218,0.3089796304702759,0.09321361780166626,0.2091401368379593,1.4979336261749268,7.0,183.0,0,2,394,0,0,0,0,0,0,0,0.0,0.0,0,,,False,0,False,not_reached,0.0,0.0
32,128,236,100,236,0,NOOP,0.0829409658908844,0.23112742602825165,0.37182268500328064,0.04558470845222473,0.26852425932884216,1.406735897064209,7.0,190.0,0,2,394,0,0,0,0,0,0,0,0.0,0.0,0,,,False,0,False,not_reached,0.0,0.0
33,132,243,79,243,2,right+A,0.08773453533649445,0.24312184751033783,0.34161293506622314,0.04875586926937103,0.27877482771873474,1.4276177883148193,7.0,197.0,0,2,394,0,0,0,0,0,0,0,0.0,0.0,0,,,False,0,False,not_reached,0.0,0.0
34,136,249,79,249,0,NOOP,0.08188093453645706,0.2000086009502411,0.3049050271511078,0.03566581383347511,0.37753957509994507,1.3755992650985718,6.0,203.0,0,2,394,0,0,0,0,0,0,0,0.0,0.0,0,,,False,0,False,not_reached,0.0,0.0
35,140,256,79,256,1,right,0.11001966148614883,0.2909543514251709,0.18595562875270844,0.10098090767860413,0.3120894432067871,1.5098050832748413,6.0,209.0,0,2,393,0,0,0,0,0,0,0,0.0,0.0,0,,,False,0,False,not_reached,0.0,0.0
36,144,263,79,263,1,right,0.11578360199928284,0.32646235823631287,0.139122873544693,0.19009417295455933,0.22853700816631317,1.542428970336914,7.0,216.0,0,2,393,0,0,0,0,0,0,0,0.0,0.0,0,,,False,0,False,not_reached,0.0,0.0
37,148,270,79,270,1,right,0.12063875049352646,0.3335243761539459,0.13178512454032898,0.17522147297859192,0.23883019387722015,1.5356311798095703,7.0,223.0,0,2,393,0,0,0,0,0,0,0,0.0,0.0,0,,,False,0,False,not_reached,0.0,0.0
38,152,277,93,277,4,right+A+B,0.11956518888473511,0.3345986008644104,0.1283620297908783,0.19383789598941803,0.2236362099647522,1.5367685556411743,7.0,230.0,0,2,393,0,0,0,0,0,0,0,0.0,0.0,0,,,False,0,False,not_reached,0.0,0.0
39,156,284,108,284,1,right,0.12355754524469376,0.3019943833351135,0.14049509167671204,0.1420910358428955,0.2918619215488434,1.532370924949646,7.0,237.0,0,2,393,0,0,0,0,0,0,0,0.0,0.0,0,,,False,0,False,not_reached,0.0,0.0
40,160,291,114,291,1,right,0.12072066217660904,0.2806202471256256,0.1536952555179596,0.11686106026172638,0.32810285687446594,1.5161948204040527,6.0,243.0,0,2,392,0,0,0,0,0,0,0,0.0,0.0,0,,,False,0,False,not_reached,0.0,0.0
41,164,298,112,298,1,right,0.1268053948879242,0.275743693113327,0.15741999447345734,0.127939373254776,0.31209155917167664,1.5346328020095825,7.0,250.0,0,2,392,0,0,0,0,0,0,0,0.0,0.0,0,,,False,0,False,not_reached,0.0,0.0
42,168,305,100,305,2,right+A,0.12679162621498108,0.2647149860858917,0.16812612116336823,0.13168051838874817,0.3086867928504944,1.5432653427124023,7.0,257.0,0,2,392,0,0,0,0,0,0,0,0.0,0.0,0,,,False,0,False,not_reached,0.0,0.0
43,172,312,97,312,4,right+A+B,0.13056975603103638,0.28192609548568726,0.16689598560333252,0.14877557754516602,0.2718326151371002,1.559122920036316,7.0,264.0,0,2,392,0,0,0,0,0,0,0,0.0,0.0,0,,,False,0,False,not_reached,0.0,0.0
44,176,319,103,319,4,right+A+B,0.1323636919260025,0.2979443073272705,0.18249736726284027,0.19416381418704987,0.19303081929683685,1.5746256113052368,8.0,272.0,0,2,392,0,0,0,100,100,0,0,0.0,100.0,0,,,False,0,False,not_reached,0.1,0.1
45,180,326,101,326,3,right+B,0.12610910832881927,0.308572381734848,0.20861387252807617,0.20422188937664032,0.152482807636261,1.5620871782302856,6.0,278.0,0,2,391,0,0,0,100,100,0,0,0.0,100.0,0,,,False,0,False,not_reached,0.0,0.1
46,184,333,89,333,0,NOOP,0.12067044526338577,0.3094465434551239,0.2306603640317917,0.2249341756105423,0.11428844183683395,1.539971947669983,7.0,285.0,0,2,391,0,0,0,100,100,0,0,0.0,100.0,0,,,False,0,False,not_reached,0.0,0.1
47,188,340,79,340,1,right,0.11571486294269562,0.31142109632492065,0.22995403409004211,0.22587928175926208,0.11703069508075714,1.5379854440689087,7.0,292.0,0,2,391,0,0,0,100,100,0,0,0.0,100.0,0,,,False,0,False,not_reached,0.0,0.1
48,192,347,93,347,4,right+A+B,0.11061597615480423,0.2942703664302826,0.2731739580631256,0.19203981757164001,0.12989982962608337,1.5399937629699707,7.0,299.0,0,2,391,0,0,0,100,100,0,0,0.0,100.0,0,,,False,0,False,not_reached,0.0,0.1
49,196,354,108,354,1,right,0.11404715478420258,0.2969704866409302,0.23827406764030457,0.21921797096729279,0.1314903050661087,1.5494109392166138,7.0,306.0,0,2,391,0,0,0,100,100,0,0,0.0,100.0,0,,,False,0,False,not_reached,0.0,0.1
50,200,361,113,361,1,right,0.10614388436079025,0.28277358412742615,0.29590415954589844,0.1699100136756897,0.14526839554309845,1.536989450454712,6.0,312.0,0,2,390,0,0,0,100,100,0,0,0.0,100.0,0,,,False,0,False,not_reached,0.0,0.1
51,204,368,107,368,2,right+A,0.10513664782047272,0.28803229331970215,0.3081938624382019,0.15210416913032532,0.14653296768665314,1.5259391069412231,7.0,319.0,0,2,390,0,0,0,100,100,0,0,0.0,100.0,0,,,False,0,False,not_reached,0.0,0.1
52,208,375,91,375,3,right+B,0.0983792170882225,0.29910293221473694,0.30158811807632446,0.16480392217636108,0.13612589240074158,1.5192534923553467,7.0,326.0,0,2,390,0,0,0,100,100,0,0,0.0,100.0,0,,,False,0,False,not_reached,0.0,0.1
53,212,382,79,382,3,right+B,0.08538593351840973,0.26972395181655884,0.38899165391921997,0.10844356566667557,0.1474548578262329,1.4539906978607178,7.0,333.0,0,2,390,0,0,0,100,100,0,0,0.0,100.0,0,,,False,0,False,not_reached,0.0,0.1
54,216,390,97,390,2,right+A,0.06741365045309067,0.20743976533412933,0.5081712007522583,0.05511274188756943,0.16186270117759705,1.3065836429595947,8.0,341.0,0,2,390,0,0,0,100,100,0,0,0.0,100.0,0,,,False,0,False,not_reached,0.0,0.1
55,220,401,117,401,2,right+A,0.05335633456707001,0.15987059473991394,0.5675345063209534,0.025183433666825294,0.1940552443265915,1.181852102279663,10.0,351.0,0,2,389,0,0,0,100,100,0,0,0.0,100.0,0,,,False,0,False,not_reached,0.0,0.1
56,224,412,133,412,4,right+A+B,0.03174089267849922,0.08644373714923859,0.6303473114967346,0.0064579700119793415,0.24501006305217743,0.9892029166221619,11.0,362.0,0,2,389,0,0,0,100,100,0,0,0.0,100.0,0,,,False,0,False,not_reached,0.0,0.1
57,228,424,147,424,2,right+A,0.046433523297309875,0.12135938555002213,0.5553702712059021,0.011758710257709026,0.2650781273841858,1.1293081045150757,12.0,374.0,0,2,389,0,0,0,100,100,0,0,0.0,100.0,0,,,False,0,False,not_reached,0.0,0.1
58,232,436,156,436,2,right+A,0.09507668763399124,0.26153573393821716,0.33665263652801514,0.05733334645628929,0.24940156936645508,1.451255202293396,12.0,386.0,0,2,389,0,0,0,100,100,0,0,0.0,100.0,0,,,False,0,False,not_reached,0.0,0.1
59,236,448,160,448,1,right,0.10421335697174072,0.36613011360168457,0.1934148520231247,0.17115922272205353,0.16508245468139648,1.5207874774932861,12.0,398.0,0,2,389,0,0,0,100,100,0,0,0.0,100.0,0,,,False,0,False,not_reached,0.0,0.1
60,240,460,152,460,1,right,0.09217114746570587,0.41325947642326355,0.13179241120815277,0.26704439520835876,0.09573251754045486,1.4292126893997192,11.0,409.0,0,2,388,0,0,0,100,100,0,0,0.0,100.0,0,,,False,0,False,not_reached,0.0,0.1
61,244,472,133,472,1,right,0.07399661093950272,0.39950960874557495,0.07986664772033691,0.38779497146606445,0.05883215367794037,1.2951046228408813,12.0,421.0,0,2,388,0,0,0,100,100,0,0,0.0,100.0,0,,,False,0,False,not_reached,0.0,0.1
62,248,484,113,484,3,right+B,0.08011679351329803,0.4215297996997833,0.1013423502445221,0.3107149004936218,0.08629612624645233,1.3729904890060425,12.0,433.0,0,2,388,0,0,0,100,100,0,0,0.0,100.0,0,,,False,0,False,not_reached,0.0,0.1
63,252,496,93,496,1,right,0.07769573479890823,0.3830292522907257,0.08772005885839462,0.3585739731788635,0.0929810181260109,1.3681808710098267,12.0,445.0,0,2,388,0,0,0,100,100,0,0,0.0,100.0,0,,,False,0,False,not_reached,0.0,0.1
64,256,507,79,507,1,right,0.08003257215023041,0.35669592022895813,0.08025909960269928,0.3725743591785431,0.11043799668550491,1.3834465742111206,11.0,456.0,0,2,388,0,0,0,100,100,0,0,0.0,100.0,0,,,False,0,False,not_reached,0.0,0.1
65,260,514,93,514,4,right+A+B,0.09332609921693802,0.3503936529159546,0.15009939670562744,0.19353574514389038,0.212645024061203,1.5204962491989136,6.0,462.0,0,2,387,0,0,0,100,100,0,0,0.0,100.0,0,,,False,0,False,not_reached,0.0,0.1
66,264,521,109,521,4,right+A+B,0.08042815327644348,0.28828302025794983,0.2094895839691162,0.07733698934316635,0.34446221590042114,1.4537979364395142,7.0,469.0,0,2,387,0,0,0,100,100,0,0,0.0,100.0,0,,,False,0,False,not_reached,0.0,0.1
67,268,528,123,528,4,right+A+B,0.0655367374420166,0.21404147148132324,0.25022420287132263,0.04016338661313057,0.43003422021865845,1.347239375114441,7.0,476.0,0,2,387,0,0,0,100,100,0,0,0.0,100.0,0,,,False,0,False,not_reached,0.0,0.1
68,272,535,133,535,4,right+A+B,0.07141837477684021,0.2469434142112732,0.22963038086891174,0.059194739907979965,0.39281314611434937,1.4061050415039062,7.0,483.0,0,2,387,0,0,0,100,100,0,0,0.0,100.0,0,,,False,0,False,not_reached,0.0,0.1
69,276,542,139,542,1,right,0.07787943631410599,0.2678571045398712,0.20323136448860168,0.07639586180448532,0.3746362626552582,1.4397687911987305,7.0,490.0,0,2,387,0,0,0,100,100,0,0,0.0,100.0,0,,,False,0,False,not_reached,0.0,0.1
70,280,549,137,549,1,right,0.0873527005314827,0.3281625211238861,0.1786225587129593,0.13249638676643372,0.2733658254146576,1.5086181163787842,6.0,496.0,0,2,386,0,0,0,100,100,0,0,0.0,100.0,0,,,False,0,False,not_reached,0.0,0.1
71,284,556,126,556,4,right+A+B,0.0973459854722023,0.3463360369205475,0.14497621357440948,0.17881017923355103,0.23253153264522552,1.5209877490997314,7.0,503.0,0,2,386,0,0,0,100,100,0,0,0.0,100.0,0,,,False,0,False,not_reached,0.0,0.1
72,288,563,107,563,1,right,0.09773894399404526,0.34067776799201965,0.12689051032066345,0.19501595199108124,0.23967690765857697,1.517249345779419,7.0,510.0,0,2,386,0,0,0,100,100,0,0,0.0,100.0,0,,,False,0,False,not_reached,0.0,0.1
73,292,570,87,570,0,NOOP,0.10723961144685745,0.33051687479019165,0.1343344897031784,0.17449124157428741,0.25341784954071045,1.5275248289108276,7.0,517.0,0,2,386,0,0,0,100,100,0,0,0.0,100.0,0,,,False,0,False,not_reached,0.0,0.1
74,296,577,79,577,1,right,0.10921303927898407,0.30807995796203613,0.15285468101501465,0.14606966078281403,0.2837827205657959,1.530109167098999,7.0,524.0,0,2,386,0,0,0,100,100,0,0,0.0,100.0,0,,,False,0,False,not_reached,0.0,0.1
75,300,584,93,584,2,right+A,0.11872707307338715,0.3202096223831177,0.12691402435302734,0.19668914377689362,0.23746025562286377,1.5408806800842285,6.0,530.0,0,2,385,0,0,0,100,100,0,0,0.0,100.0,0,,,False,0,False,not_reached,0.0,0.1
76,304,591,108,591,1,right,0.1204599142074585,0.31581223011016846,0.1397475153207779,0.2151395082473755,0.20884086191654205,1.5516033172607422,7.0,537.0,0,2,385,0,0,0,100,100,0,0,0.0,100.0,0,,,False,0,False,not_reached,0.0,0.1
77,308,594,114,594,1,right,0.11773796379566193,0.31541281938552856,0.1879277527332306,0.17789871990680695,0.20102281868457794,1.5596386194229126,3.0,540.0,0,2,385,0,0,0,100,100,0,0,0.0,100.0,0,,,False,0,False,not_reached,0.0,0.1
78,312,594,112,594,4,right+A+B,0.10925156623125076,0.30957964062690735,0.25728467106819153,0.15483465790748596,0.16904941201210022,1.5434954166412354,0.0,540.0,1,2,385,0,0,0,100,100,0,0,0.0,100.0,0,,,False,0,False,not_reached,0.0,0.1
79,316,594,100,594,1,right,0.08956880867481232,0.2655387818813324,0.4020318388938904,0.09187811613082886,0.15098245441913605,1.439337134361267,0.0,540.0,2,2,385,0,0,0,100,100,0,0,0.0,100.0,0,,,False,0,False,not_reached,0.0,0.1
80,320,594,79,594,4,right+A+B,0.07512727379798889,0.24357540905475616,0.4812447428703308,0.07305516302585602,0.12699733674526215,1.3436753749847412,-1.0,539.0,3,2,384,0,0,0,100,100,0,0,0.0,100.0,0,,,False,0,False,not_reached,0.0,0.1
81,324,594,79,594,2,right+A,0.07266959547996521,0.23068778216838837,0.5039460062980652,0.06234696879982948,0.1303495466709137,1.3128292560577393,0.0,539.0,4,2,384,0,0,0,100,100,0,0,0.0,100.0,0,,,False,0,False,not_reached,0.0,0.1
82,328,594,79,594,2,right+A,0.07135908305644989,0.22860434651374817,0.5089454054832458,0.06170707195997238,0.12938407063484192,1.3059678077697754,0.0,539.0,5,2,384,0,0,0,100,100,0,0,0.0,100.0,0,,,False,0,False,not_reached,0.0,0.1
83,332,594,79,594,3,right+B,0.07225388288497925,0.23165494203567505,0.5022191405296326,0.062397658824920654,0.1314743608236313,1.3143959045410156,0.0,539.0,6,2,384,0,0,0,100,100,0,0,0.0,100.0,0,,,False,0,False,not_reached,0.0,0.1
84,336,594,93,594,2,right+A,0.07230713218450546,0.22955051064491272,0.5023661255836487,0.06257157772779465,0.1332046538591385,1.3155312538146973,0.0,539.0,7,2,384,0,0,0,100,100,0,0,0.0,100.0,0,,,False,0,False,not_reached,0.0,0.1
85,340,594,108,594,0,NOOP,0.07242923974990845,0.2297620326280594,0.5015684962272644,0.061491709202528,0.13474853336811066,1.3157145977020264,-1.0,538.0,8,2,383,0,0,0,100,100,0,0,0.0,100.0,0,,,False,0,False,not_reached,0.0,0.1
86,344,594,112,594,2,right+A,0.07315216958522797,0.22912997007369995,0.49885180592536926,0.06029335409402847,0.13857269287109375,1.3190536499023438,0.0,538.0,9,2,383,0,0,0,100,100,0,0,0.0,100.0,0,,,False,0,False,not_reached,0.0,0.1
87,348,594,106,594,2,right+A,0.07466115802526474,0.23355478048324585,0.4892376661300659,0.06472750753164291,0.13781893253326416,1.3334850072860718,0.0,538.0,10,2,383,0,0,0,100,100,0,0,0.0,100.0,0,,,False,0,False,not_reached,0.0,0.1
88,352,594,89,594,2,right+A,0.07541193813085556,0.2326522171497345,0.4868070185184479,0.06277401745319366,0.14235475659370422,1.335909366607666,0.0,538.0,11,2,383,0,0,0,100,100,0,0,0.0,100.0,0,,,False,0,False,not_reached,0.0,0.1
89,356,594,79,594,4,right+A+B,0.07476621866226196,0.2331051230430603,0.49022266268730164,0.06215345486998558,0.13975247740745544,1.330526351928711,0.0,538.0,12,2,383,0,0,0,100,100,0,0,0.0,100.0,0,,,False,0,False,not_reached,0.0,0.1
90,360,594,79,594,1,right,0.07418466359376907,0.22948352992534637,0.49649426341056824,0.060260530561208725,0.13957704603672028,1.3225114345550537,-1.0,537.0,13,2,382,0,0,0,100,100,0,0,0.0,100.0,0,,,False,0,False,not_reached,0.0,0.1
91,364,594,79,594,1,right,0.07565449923276901,0.23628202080726624,0.48503658175468445,0.06429343670606613,0.1387334018945694,1.3376046419143677,0.0,537.0,14,2,382,0,0,0,100,100,0,0,0.0,100.0,0,,,False,0,False,not_reached,0.0,0.1
92,368,594,79,594,3,right+B,0.07489407807588577,0.23387904465198517,0.48941874504089355,0.06363505870103836,0.13817298412322998,1.332391381263733,0.0,537.0,15,2,382,0,0,0,100,100,0,0,0.0,100.0,0,,,False,0,False,not_reached,0.0,0.1
93,372,594,79,594,1,right,0.07377438992261887,0.23010247945785522,0.4961736798286438,0.06046497821807861,0.13948452472686768,1.3225206136703491,0.0,537.0,16,2,382,0,0,0,100,100,0,0,0.0,100.0,0,,,False,0,False,not_reached,0.0,0.1
94,376,594,93,594,4,right+A+B,0.07311610877513885,0.22959774732589722,0.4994329810142517,0.06020914390683174,0.1376439779996872,1.317976713180542,0.0,537.0,17,2,382,0,0,0,100,100,0,0,0.0,100.0,0,,,False,0,False,not_reached,0.0,0.1
95,380,594,109,594,2,right+A,0.07302224636077881,0.22932468354701996,0.49843236804008484,0.06044315546751022,0.13877752423286438,1.3195340633392334,-1.0,536.0,18,2,381,0,0,0,100,100,0,0,0.0,100.0,0,,,False,0,False,not_reached,0.0,0.1
96,384,594,121,594,1,right,0.07361188530921936,0.23001649975776672,0.4958587884902954,0.061171695590019226,0.1393410861492157,1.3234455585479736,0.0,536.0,19,2,381,0,0,0,100,100,0,0,0.0,100.0,0,,,False,0,False,not_reached,0.0,0.1
97,388,596,127,596,1,right,0.07322665303945541,0.23225508630275726,0.4968145191669464,0.061076559126377106,0.136627197265625,1.320746898651123,2.0,538.0,0,2,381,0,0,0,100,100,0,0,0.0,100.0,0,,,False,0,False,not_reached,0.0,0.1
98,392,599,141,599,2,right+A,0.07416560500860214,0.2330455183982849,0.4934578537940979,0.060506150126457214,0.13882480561733246,1.324748158454895,3.0,541.0,0,2,381,0,0,0,100,100,0,0,0.0,100.0,0,,,False,0,False,not_reached,0.0,0.1
99,396,603,156,603,1,right,0.07343386858701706,0.23126980662345886,0.49728333950042725,0.05983395874500275,0.13817903399467468,1.3197691440582275,4.0,545.0,0,2,381,0,0,0,100,100,0,0,0.0,100.0,0,,,False,0,False,not_reached,0.0,0.1
100,400,608,160,608,1,right,0.07240387052297592,0.23206621408462524,0.5013123750686646,0.06171349436044693,0.13250407576560974,1.3149489164352417,4.0,549.0,0,2,380,0,0,0,100,100,0,0,0.0,100.0,0,,,False,0,False,not_reached,0.0,0.1
101,404,614,154,614,2,right+A,0.06976565718650818,0.22382408380508423,0.5167791843414307,0.054881662130355835,0.13474932312965393,1.2913281917572021,6.0,555.0,0,2,380,0,0,0,100,100,0,0,0.0,100.0,0,,,False,0,False,not_reached,0.0,0.1
102,408,621,137,621,4,right+A+B,0.053437016904354095,0.1707833707332611,0.6048776507377625,0.03142707422375679,0.13947483897209167,1.1459431648254395,7.0,562.0,0,2,380,0,0,0,100,100,0,0,0.0,100.0,0,,,False,0,False,not_reached,0.0,0.1
103,412,628,127,628,1,right,0.0425972044467926,0.13105551898479462,0.6508424878120422,0.020213942974805832,0.1552908569574356,1.0483711957931519,7.0,569.0,0,2,380,0,0,0,100,100,0,0,0.0,100.0,0,,,False,0,False,not_reached,0.0,0.1
104,416,635,141,635,4,right+A+B,0.03738406300544739,0.10935524851083755,0.6631196737289429,0.015767952427268028,0.17437301576137543,1.0072784423828125,7.0,576.0,0,2,380,0,0,0,100,100,0,0,0.0,100.0,0,,,False,0,False,not_reached,0.0,0.1
105,420,642,157,642,2,right+A,0.04138115793466568,0.1096661388874054,0.6117215156555176,0.015405039303004742,0.22182612121105194,1.0731658935546875,6.0,582.0,0,2,379,0,0,0,100,100,0,0,0.0,100.0,0,,,False,0,False,not_reached,0.0,0.1
106,424,649,169,649,1,right,0.060017701238393784,0.15520182251930237,0.49313899874687195,0.03277864679694176,0.25886285305023193,1.2684924602508545,7.0,589.0,0,2,379,0,0,0,100,100,0,0,0.0,100.0,0,,,False,0,False,not_reached,0.0,0.1
107,428,656,173,656,2,right+A,0.08547896146774292,0.24216628074645996,0.37540915608406067,0.0764898955821991,0.22045569121837616,1.4514271020889282,7.0,596.0,0,2,379,0,0,0,100,100,0,0,0.0,100.0,0,,,False,0,False,not_reached,0.0,0.1
108,432,663,167,663,3,right+B,0.09955146908760071,0.32206594944000244,0.21092265844345093,0.2047402709722519,0.16271965205669403,1.5429999828338623,7.0,603.0,0,2,379,0,0,0,100,100,0,0,0.0,100.0,0,,,False,0,False,not_reached,0.0,0.1
109,436,670,153,670,1,right,0.10156942903995514,0.3131316006183624,0.200899139046669,0.20626281201839447,0.17813703417778015,1.5512406826019287,7.0,610.0,0,2,379,0,0,0,100,100,0,0,0.0,100.0,0,,,False,0,False,not_reached,0.0,0.1
110,440,677,133,677,3,right+B,0.10151311755180359,0.3091978132724762,0.21210519969463348,0.2027451992034912,0.17443865537643433,1.5521957874298096,6.0,616.0,0,2,378,0,0,0,100,100,0,0,0.0,100.0,0,,,False,0,False,not_reached,0.0,0.1
111,444,684,113,684,2,right+A,0.10391417890787125,0.2884308993816376,0.25015386939048767,0.13850250840187073,0.21899856626987457,1.546912431716919,7.0,623.0,0,2,378,0,0,0,100,100,0,0,0.0,100.0,0,,,False,0,False,not_reached,0.0,0.1
112,448,691,93,691,1,right,0.10140394419431686,0.26332616806030273,0.2958425283432007,0.09937762469053268,0.24004976451396942,1.515739917755127,7.0,630.0,0,2,378,0,0,0,100,100,0,0,0.0,100.0,0,,,False,0,False,not_reached,0.0,0.1
113,452,698,79,698,0,NOOP,0.09273119270801544,0.2342955470085144,0.3635869026184082,0.07725270837545395,0.2321336269378662,1.4652135372161865,7.0,637.0,0,2,378,0,0,0,100,100,0,0,0.0,100.0,0,,,False,0,False,not_reached,0.0,0.1
114,456,704,93,704,2,right+A,0.09366079419851303,0.2568127512931824,0.33488547801971436,0.08056514710187912,0.2340758740901947,1.4800851345062256,6.0,643.0,0,2,378,0,0,0,100,100,0,0,0.0,100.0,0,,,False,0,False,not_reached,0.0,0.1
115,460,711,108,711,1,right,0.10161543637514114,0.2720407545566559,0.29203546047210693,0.10169921815395355,0.2326090931892395,1.517647624015808,6.0,649.0,0,2,377,0,0,0,100,100,0,0,0.0,100.0,0,,,False,0,False,not_reached,0.0,0.1
116,464,718,114,718,3,right+B,0.10949347913265228,0.3060826361179352,0.2239590734243393,0.17840100824832916,0.18206380307674408,1.5573076009750366,7.0,656.0,0,2,377,0,0,0,100,100,0,0,0.0,100.0,0,,,False,0,False,not_reached,0.0,0.1
117,468,722,112,723,2,right+A,0.10955574363470078,0.31291308999061584,0.19564557075500488,0.2154369354248047,0.1664486825466156,1.5541691780090332,5.0,661.0,0,2,377,0,0,0,100,100,0,0,0.0,100.0,0,,,False,0,False,not_reached,0.0,0.1
118,472,722,100,723,1,right,0.11102300137281418,0.3080185055732727,0.1399698555469513,0.3036348223686218,0.1373538374900818,1.516563892364502,0.0,661.0,1,2,377,0,0,0,100,100,0,0,0.0,100.0,0,,,False,0,False,not_reached,0.0,0.1
119,476,722,79,723,1,right,0.11184918880462646,0.3144446313381195,0.1527627557516098,0.2931807339191437,0.12776264548301697,1.5184389352798462,0.0,661.0,2,2,377,0,0,0,100,100,0,0,0.0,100.0,0,,,False,0,False,not_reached,0.0,0.1
120,480,722,93,723,4,right+A+B,0.11307846754789352,0.31357336044311523,0.18455828726291656,0.23277106881141663,0.15601880848407745,1.5511555671691895,-1.0,660.0,3,2,376,0,0,0,100,100,0,0,0.0,100.0,0,,,False,0,False,not_reached,0.0,0.1
121,484,722,108,723,1,right,0.11165674775838852,0.312613844871521,0.21778012812137604,0.1878887563943863,0.17006048560142517,1.555658221244812,0.0,660.0,4,2,376,0,0,0,100,100,0,0,0.0,100.0,0,,,False,0,False,not_reached,0.0,0.1
122,488,722,112,723,4,right+A+B,0.11215277761220932,0.3110721707344055,0.22235779464244843,0.17581939697265625,0.1785978525876999,1.556217074394226,0.0,660.0,5,2,376,0,0,0,100,100,0,0,0.0,100.0,0,,,False,0,False,not_reached,0.0,0.1
123,492,722,106,723,1,right,0.11139307916164398,0.31009986996650696,0.23188795149326324,0.16323897242546082,0.18338023126125336,1.5533872842788696,0.0,660.0,6,2,376,0,0,0,100,100,0,0,0.0,100.0,0,,,False,0,False,not_reached,0.0,0.1
124,496,722,89,723,2,right+A,0.11146175116300583,0.3129544258117676,0.22524800896644592,0.1694505214691162,0.18088531494140625,1.553959846496582,0.0,660.0,7,2,376,0,0,0,100,100,0,0,0.0,100.0,0,,,False,0,False,not_reached,0.0,0.1
125,500,722,79,723,1,right,0.11083494871854782,0.3147178590297699,0.226215660572052,0.17327189445495605,0.1749597042798996,1.5525773763656616,-1.0,659.0,8,2,375,0,0,0,100,100,0,0,0.0,100.0,0,,,False,0,False,not_reached,0.0,0.1
126,504,722,79,723,1,right,0.11110874265432358,0.3124510943889618,0.23113888502120972,0.16925738751888275,0.17604392766952515,1.5526175498962402,0.0,659.0,9,2,375,0,0,0,100,100,0,0,0.0,100.0,0,,,False,0,False,not_reached,0.0,0.1
127,508,722,79,723,1,right,0.11058485507965088,0.31266316771507263,0.22331753373146057,0.1775556355714798,0.17587877810001373,1.5543749332427979,0.0,659.0,10,2,375,0,0,0,100,100,0,0,0.0,100.0,0,,,False,0,False,not_reached,0.0,0.1
128,512,722,93,723,2,right+A,0.11126507073640823,0.3167419731616974,0.2177606225013733,0.17958487570285797,0.17464743554592133,1.5535376071929932,0.0,659.0,11,2,375,0,0,0,100,100,0,0,0.0,100.0,0,,,False,0,False,not_reached,0.0,0.1
129,516,722,108,723,0,NOOP,0.11185132712125778,0.3162480890750885,0.21513965725898743,0.18450990319252014,0.17225101590156555,1.5544356107711792,0.0,659.0,12,2,375,0,0,0,100,100,0,0,0.0,100.0,0,,,False,0,False,not_reached,0.0,0.1
130,520,722,112,723,1,right,0.1113237738609314,0.3140927851200104,0.21682880818843842,0.1855471283197403,0.17220750451087952,1.555052399635315,-1.0,658.0,13,2,374,0,0,0,100,100,0,0,0.0,100.0,0,,,False,0,False,not_reached,0.0,0.1
131,524,722,106,723,4,right+A+B,0.11046037077903748,0.31029242277145386,0.22542741894721985,0.18003733456134796,0.17378245294094086,1.5551050901412964,0.0,658.0,14,2,374,0,0,0,100,100,0,0,0.0,100.0,0,,,False,0,False,not_reached,0.0,0.1
132,528,722,89,723,1,right,0.1108868345618248,0.3134332001209259,0.21730248630046844,0.18665193021297455,0.17172561585903168,1.555060625076294,0.0,658.0,15,2,374,0,0,0,100,100,0,0,0.0,100.0,0,,,False,0,False,not_reached,0.0,0.1
133,532,722,79,723,1,right,0.11165397614240646,0.31585708260536194,0.2164681851863861,0.18392540514469147,0.1720954328775406,1.554327368736267,0.0,658.0,16,2,374,0,0,0,100,100,0,0,0.0,100.0,0,,,False,0,False,not_reached,0.0,0.1
134,536,722,79,723,0,NOOP,0.11239484697580338,0.31625494360923767,0.21533405780792236,0.1839965432882309,0.1720195859670639,1.5546560287475586,0.0,658.0,17,2,374,0,0,0,100,100,0,0,0.0,100.0,0,,,False,0,False,not_reached,0.0,0.1
135,540,722,79,723,1,right,0.11197274178266525,0.3122144937515259,0.21807636320590973,0.1843167096376419,0.1734197735786438,1.5562492609024048,-1.0,657.0,18,2,373,0,0,0,100,100,0,0,0.0,100.0,0,,,False,0,False,not_reached,0.0,0.1
136,544,722,79,723,3,right+B,0.11331173777580261,0.31602081656455994,0.2069588005542755,0.19296884536743164,0.17073972523212433,1.5560767650604248,0.0,657.0,19,2,373,0,0,0,100,100,0,0,0.0,100.0,0,,,False,0,False,not_reached,0.0,0.1
137,548,722,93,723,2,right+A,0.1131788045167923,0.31694719195365906,0.2032758891582489,0.20107541978359222,0.16552278399467468,1.5548856258392334,0.0,657.0,20,2,373,0,0,0,100,100,0,0,0.0,100.0,0,,,False,0,False,not_reached,0.0,0.1
138,552,722,108,723,1,right,0.11367437243461609,0.3159114718437195,0.20156018435955048,0.20600992441177368,0.16284406185150146,1.5550470352172852,0.0,657.0,21,2,373,0,0,0,100,100,0,0,0.0,100.0,0,,,False,0,False,not_reached,0.0,0.1
139,556,722,112,723,4,right+A+B,0.11386598646640778,0.31810370087623596,0.19849978387355804,0.2065621167421341,0.1629684418439865,1.554154396057129,0.0,657.0,22,2,373,0,0,0,100,100,0,0,0.0,100.0,0,,,False,0,False,not_reached,0.0,0.1
140,560,722,106,723,3,right+B,0.1140977218747139,0.3181197941303253,0.19874107837677002,0.20540930330753326,0.16363205015659332,1.5544471740722656,-1.0,656.0,23,2,372,0,0,0,100,100,0,0,0.0,100.0,0,,,False,0,False,not_reached,0.0,0.1
141,564,722,89,723,3,right+B,0.11339250952005386,0.3172565698623657,0.18339580297470093,0.2286079376935959,0.15734723210334778,1.5504777431488037,0.0,656.0,24,2,372,0,0,0,100,100,0,0,0.0,100.0,0,,,False,0,False,not_reached,0.0,0.1
142,568,722,79,723,2,right+A,0.11281036585569382,0.3175303339958191,0.19747573137283325,0.20977738499641418,0.16240616142749786,1.553565263748169,0.0,656.0,25,2,372,0,0,0,100,100,0,0,0.0,100.0,0,,,False,0,False,not_reached,0.0,0.1
143,572,722,79,723,1,right,0.11372951418161392,0.31510040163993835,0.22059877216815948,0.1749315708875656,0.17563971877098083,1.555016040802002,0.0,656.0,26,2,372,0,0,0,100,100,0,0,0.0,100.0,0,,,False,0,False,not_reached,0.0,0.1
144,576,722,93,723,2,right+A,0.11497782170772552,0.31714001297950745,0.21437592804431915,0.1767684370279312,0.17673785984516144,1.5556771755218506,0.0,656.0,27,2,372,0,0,0,100,100,0,0,0.0,100.0,0,,,False,0,False,not_reached,0.0,0.1
145,580,722,109,723,2,right+A,0.11597545444965363,0.3144006133079529,0.2211596518754959,0.16187262535095215,0.1865917146205902,1.5553624629974365,-1.0,655.0,28,2,371,0,0,0,100,100,0,0,0.0,100.0,0,,,False,0,False,not_reached,0.0,0.1
146,584,722,121,723,0,NOOP,0.11383839696645737,0.3119392395019531,0.23771774768829346,0.14350679516792297,0.1929977387189865,1.5483791828155518,0.0,655.0,29,2,371,0,0,0,100,100,0,0,0.0,100.0,0,,,False,0,False,not_reached,0.0,0.1
147,588,722,122,723,3,right+B,0.11132989823818207,0.30963024497032166,0.25157618522644043,0.1316690742969513,0.19579458236694336,1.5408127307891846,0.0,655.0,30,2,371,0,0,0,100,100,0,0,0.0,100.0,0,,,False,0,False,not_reached,0.0,0.1
148,592,722,113,723,1,right,0.11204852908849716,0.31318825483322144,0.24336236715316772,0.1378445327281952,0.1935563087463379,1.54378342628479,0.0,655.0,31,2,371,0,0,0,100,100,0,0,0.0,100.0,0,,,False,0,False,not_reached,0.0,0.1
149,596,722,94,723,3,right+B,0.1113002747297287,0.31186896562576294,0.24773240089416504,0.13430514931678772,0.19479313492774963,1.5417131185531616,0.0,655.0,32,2,371,0,0,0,100,100,0,0,0.0,100.0,0,,,False,0,False,not_reached,0.0,0.1
150,600,722,79,723,2,right+A,0.11393102258443832,0.31633928418159485,0.23003101348876953,0.15496182441711426,0.18473687767982483,1.550530195236206,-1.0,654.0,33,2,370,0,0,0,100,100,0,0,0.0,100.0,0,,,False,0,False,not_reached,0.0,0.1
151,604,722,79,723,2,right+A,0.11388411372900009,0.315127968788147,0.22342748939990997,0.16582219302654266,0.18173831701278687,1.5540215969085693,0.0,654.0,34,2,370,0,0,0,100,100,0,0,0.0,100.0,0,,,False,0,False,not_reached,0.0,0.1
152,608,722,79,723,1,right,0.11264485120773315,0.3140696585178375,0.22885926067829132,0.1649184376001358,0.17950788140296936,1.5527299642562866,0.0,654.0,35,2,370,0,0,0,100,100,0,0,0.0,100.0,0,,,False,0,False,not_reached,0.0,0.1
153,612,722,93,723,2,right+A,0.11219178140163422,0.31490328907966614,0.22697250545024872,0.16692747175693512,0.17900489270687103,1.552658200263977,0.0,654.0,36,2,370,0,0,0,100,100,0,0,0.0,100.0,0,,,False,0,False,not_reached,0.0,0.1
154,616,722,108,723,3,right+B,0.11268052458763123,0.31444212794303894,0.22251132130622864,0.17285268008708954,0.17751331627368927,1.554464340209961,0.0,654.0,37,2,370,0,0,0,100,100,0,0,0.0,100.0,0,,,False,0,False,not_reached,0.0,0.1
155,620,722,112,723,2,right+A,0.11191922426223755,0.3130289614200592,0.22400589287281036,0.17118793725967407,0.1798580139875412,1.554510235786438,-1.0,653.0,38,2,369,0,0,0,100,100,0,0,0.0,100.0,0,,,False,0,False,not_reached,0.0,0.1
156,624,722,106,723,4,right+A+B,0.11225339025259018,0.31196609139442444,0.22238565981388092,0.17556676268577576,0.17782807350158691,1.555754542350769,0.0,653.0,39,2,369,0,0,0,100,100,0,0,0.0,100.0,0,,,False,0,False,not_reached,0.0,0.1
157,628,722,89,723,0,NOOP,0.11194037646055222,0.31341996788978577,0.2133767157793045,0.18659161031246185,0.17467138171195984,1.556392788887024,0.0,653.0,40,2,369,0,0,0,100,100,0,0,0.0,100.0,0,,,False,0,False,not_reached,0.0,0.1
158,632,722,101,723,2,right+A,0.11265844851732254,0.317779004573822,0.20997180044651031,0.18439362943172455,0.17519709467887878,1.5549166202545166,0.0,653.0,41,2,369,0,0,0,100,100,0,0,0.0,100.0,0,,,False,0,False,not_reached,0.0,0.1
159,636,722,103,723,0,NOOP,0.1113690435886383,0.31776875257492065,0.21215097606182098,0.18550488352775574,0.17320629954338074,1.5538685321807861,1.0,654.0,42,2,369,0,0,0,200,200,0,0,0.0,200.0,0,,,False,0,False,not_reached,0.1,0.2
160,640,722,94,723,1,right,0.11093936115503311,0.3162042200565338,0.2104973942041397,0.1894271820783615,0.17293179035186768,1.5546419620513916,-1.0,653.0,43,2,368,0,0,0,200,200,0,0,0.0,200.0,0,,,False,0,False,not_reached,0.0,0.2
161,644,722,79,723,4,right+A+B,0.11090508103370667,0.31501519680023193,0.2130601555109024,0.18807068467140198,0.1729489266872406,1.5549417734146118,0.0,653.0,44,2,368,0,0,0,200,200,0,0,0.0,200.0,0,,,False,0,False,not_reached,0.0,0.2
162,648,722,79,723,2,right+A,0.11136198788881302,0.3151181638240814,0.2136809080839157,0.19033998250961304,0.1694989651441574,1.5547130107879639,0.0,653.0,45,2,368,0,0,0,200,200,0,0,0.0,200.0,0,,,False,0,False,not_reached,0.0,0.2
163,652,722,79,723,1,right,0.11110242456197739,0.31423524022102356,0.20861214399337769,0.19694086909294128,0.1691092550754547,1.5553841590881348,0.0,653.0,46,2,368,0,0,0,200,200,0,0,0.0,200.0,0,,,False,0,False,not_reached,0.0,0.2
164,656,722,79,723,1,right,0.11107181757688522,0.3149830996990204,0.2171056717634201,0.18206468224525452,0.17477473616600037,1.5545496940612793,0.0,653.0,47,2,368,0,0,0,200,200,0,0,0.0,200.0,0,,,False,0,False,not_reached,0.0,0.2
165,660,722,93,723,2,right+A,0.11042838543653488,0.3171011507511139,0.21392405033111572,0.1857907623052597,0.17275556921958923,1.5534660816192627,-1.0,652.0,48,2,367,0,0,0,200,200,0,0,0.0,200.0,0,,,False,0,False,not_reached,0.0,0.2
166,664,722,109,723,4,right+A+B,0.109498031437397,0.31572234630584717,0.2110276222229004,0.19644862413406372,0.16730332374572754,1.5533175468444824,0.0,652.0,49,2,367,0,0,0,200,200,0,0,0.0,200.0,0,,,False,0,False,not_reached,0.0,0.2
167,668,722,121,723,3,right+B,0.1097114235162735,0.314920037984848,0.21960140764713287,0.18734124302864075,0.16842587292194366,1.5529980659484863,0.0,652.0,50,2,367,0,0,0,200,200,0,0,0.0,200.0,0,,,False,0,False,not_reached,0.0,0.2
168,672,722,122,723,1,right,0.10875497758388519,0.31660333275794983,0.23061786592006683,0.16917245090007782,0.17485132813453674,1.549233078956604,0.0,652.0,51,2,367,0,0,0,200,200,0,0,0.0,200.0,0,,,False,0,False,not_reached,0.0,0.2
169,676,722,113,723,0,NOOP,0.10958831012248993,0.31552618741989136,0.22493165731430054,0.17415010929107666,0.17580370604991913,1.5518559217453003,0.0,652.0,52,2,367,0,0,0,200,200,0,0,0.0,200.0,0,,,False,0,False,not_reached,0.0,0.2
170,680,722,94,723,3,right+B,0.11040659248828888,0.31722763180732727,0.21844463050365448,0.18122141063213348,0.1726997345685959,1.5526416301727295,-1.0,651.0,53,2,366,0,0,0,200,200,0,0,0.0,200.0,0,,,False,0,False,not_reached,0.0,0.2
171,684,722,79,723,1,right,0.11058751493692398,0.3148697018623352,0.21868902444839478,0.18505600094795227,0.17079772055149078,1.55385422706604,0.0,651.0,54,2,366,0,0,0,200,200,0,0,0.0,200.0,0,,,False,0,False,not_reached,0.0,0.2
172,688,722,79,723,3,right+B,0.1104893609881401,0.3149155378341675,0.21802109479904175,0.18626679480075836,0.1703072488307953,1.5538461208343506,0.0,651.0,55,2,366,0,0,0,200,200,0,0,0.0,200.0,0,,,False,0,False,not_reached,0.0,0.2
173,692,722,93,723,4,right+A+B,0.11052919924259186,0.31485944986343384,0.22198227047920227,0.18148095905780792,0.17114810645580292,1.5532482862472534,0.0,651.0,56,2,366,0,0,0,200,200,0,0,0.0,200.0,0,,,False,0,False,not_reached,0.0,0.2
174,696,722,108,723,1,right,0.11008894443511963,0.3123365044593811,0.22985604405403137,0.1700574904680252,0.17766092717647552,1.5525768995285034,0.0,651.0,57,2,366,0,0,0,200,200,0,0,0.0,200.0,0,,,False,0,False,not_reached,0.0,0.2
175,700,722,112,723,1,right,0.11049289256334305,0.31256556510925293,0.22752565145492554,0.17322491109371185,0.17619100213050842,1.5533316135406494,-1.0,650.0,58,2,365,0,0,0,200,200,0,0,0.0,200.0,0,,,False,0,False,not_reached,0.0,0.2
176,704,722,106,723,4,right+A+B,0.10999476164579391,0.31120726466178894,0.23119716346263885,0.1715463250875473,0.17605450749397278,1.5528690814971924,0.0,650.0,59,2,365,0,0,0,200,200,0,0,0.0,200.0,0,,,False,0,False,not_reached,0.0,0.2
177,708,722,89,723,1,right,0.11018724739551544,0.3126518428325653,0.2239122986793518,0.18127450346946716,0.1719740778207779,1.5539356470108032,0.0,650.0,60,2,365,0,0,0,200,200,0,0,0.0,200.0,0,,,False,0,False,not_reached,0.0,0.2
178,712,722,79,723,2,right+A,0.10944245755672455,0.31365877389907837,0.22906768321990967,0.17603759467601776,0.17179352045059204,1.5517781972885132,0.0,650.0,61,2,365,0,0,0,200,200,0,0,0.0,200.0,0,,,False,0,False,not_reached,0.0,0.2
179,716,722,79,723,4,right+A+B,0.10894186794757843,0.31188488006591797,0.2362854927778244,0.16896800696849823,0.17391976714134216,1.5504405498504639,0.0,650.0,62,2,365,0,0,0,200,200,0,0,0.0,200.0,0,,,False,0,False,not_reached,0.0,0.2
180,720,722,79,723,1,right,0.10935475677251816,0.31309691071510315,0.23055006563663483,0.17418399453163147,0.172814279794693,1.5516774654388428,-1.0,649.0,63,2,364,0,0,0,200,200,0,0,0.0,200.0,0,,,False,0,False,not_reached,0.0,0.2
181,724,722,93,723,2,right+A,0.11011430621147156,0.3137727677822113,0.22663968801498413,0.17554941773414612,0.17392385005950928,1.5526942014694214,0.0,649.0,64,2,364,0,0,0,200,200,0,0,0.0,200.0,0,,,False,0,False,not_reached,0.0,0.2
182,728,722,108,723,1,right,0.11022262275218964,0.3127322196960449,0.22831352055072784,0.17178647220134735,0.17694516479969025,1.5528749227523804,0.0,649.0,65,2,364,0,0,0,200,200,0,0,0.0,200.0,0,,,False,0,False,not_reached,0.0,0.2
183,732,722,112,723,3,right+B,0.11047792434692383,0.3127273917198181,0.22590239346027374,0.17557062208652496,0.17532162368297577,1.5536630153656006,0.0,649.0,66,2,364,0,0,0,200,200,0,0,0.0,200.0,0,,,False,0,False,not_reached,0.0,0.2
184,736,722,106,723,0,NOOP,0.11020341515541077,0.3110105097293854,0.23016609251499176,0.1716936230659485,0.17692632973194122,1.553359031677246,0.0,649.0,67,2,364,0,0,0,200,200,0,0,0.0,200.0,0,,,False,0,False,not_reached,0.0,0.2
185,740,722,89,723,4,right+A+B,0.11050001531839371,0.3124423027038574,0.2230498194694519,0.18076777458190918,0.17324009537696838,1.5544471740722656,-1.0,648.0,68,2,363,0,0,0,200,200,0,0,0.0,200.0,0,,,False,0,False,not_reached,0.0,0.2
186,744,722,79,723,2,right+A,0.11002684384584427,0.3133341372013092,0.22772911190986633,0.17503629624843597,0.17387358844280243,1.5526254177093506,0.0,648.0,69,2,363,0,0,0,200,200,0,0,0.0,200.0,0,,,False,0,False,not_reached,0.0,0.2
187,748,722,79,723,4,right+A+B,0.10972566157579422,0.3118380606174469,0.2337830811738968,0.16838438808918,0.1762688159942627,1.5515515804290771,0.0,648.0,70,2,363,0,0,0,200,200,0,0,0.0,200.0,0,,,False,0,False,not_reached,0.0,0.2
188,752,722,79,723,4,right+A+B,0.10993300378322601,0.3128869831562042,0.23013935983181,0.17213650047779083,0.17490404844284058,1.5521745681762695,0.0,648.0,71,2,363,0,0,0,200,200,0,0,0.0,200.0,0,,,False,0,False,not_reached,0.0,0.2
189,756,722,79,723,2,right+A,0.11017642915248871,0.3127538561820984,0.22989623248577118,0.17150217294692993,0.17567121982574463,1.5524183511734009,0.0,648.0,72,2,363,0,0,0,200,200,0,0,0.0,200.0,0,,,False,0,False,not_reached,0.0,0.2
190,760,722,79,723,2,right+A,0.10970144718885422,0.31296080350875854,0.23043309152126312,0.17309822142124176,0.17380642890930176,1.5519523620605469,-1.0,647.0,73,2,362,0,0,0,200,200,0,0,0.0,200.0,0,,,False,0,False,not_reached,0.0,0.2
191,764,722,79,723,3,right+B,0.10948413610458374,0.3132598400115967,0.23126916587352753,0.17302542924880981,0.17296144366264343,1.551436424255371,0.0,647.0,74,2,362,0,0,0,200,200,0,0,0.0,200.0,0,,,False,0,False,not_reached,0.0,0.2
192,768,722,79,723,1,right,0.10959946364164352,0.31291821599006653,0.23073162138462067,0.17262788116931915,0.17412278056144714,1.5518431663513184,0.0,647.0,75,2,362,0,0,0,200,200,0,0,0.0,200.0,0,,,False,0,False,not_reached,0.0,0.2
193,772,722,93,723,4,right+A+B,0.1097187027335167,0.3133228123188019,0.22934235632419586,0.1729990392923355,0.17461712658405304,1.5520501136779785,0.0,647.0,76,2,362,0,0,0,200,200,0,0,0.0,200.0,0,,,False,0,False,not_reached,0.0,0.2
194,776,722,109,723,4,right+A+B,0.11023202538490295,0.31355947256088257,0.22591766715049744,0.17459531128406525,0.1756954938173294,1.5530608892440796,0.0,647.0,77,2,362,0,0,0,200,200,0,0,0.0,200.0,0,,,False,0,False,not_reached,0.0,0.2
195,780,722,121,723,3,right+B,0.11049126088619232,0.3137725293636322,0.2226303070783615,0.17895729839801788,0.17414864897727966,1.5538270473480225,-1.0,646.0,78,2,361,0,0,0,200,200,0,0,0.0,200.0,0,,,False,0,False,not_reached,0.0,0.2
196,784,722,122,723,3,right+B,0.10976219922304153,0.31274715065956116,0.23166531324386597,0.1670580804347992,0.17876718938350677,1.5515536069869995,0.0,646.0,79,2,361,0,0,0,200,200,0,0,0.0,200.0,0,,,False,0,False,not_reached,0.0,0.2
197,788,722,113,723,2,right+A,0.10955630242824554,0.31294047832489014,0.23026317358016968,0.16962602734565735,0.1776139885187149,1.5518546104431152,0.0,646.0,80,2,361,0,0,0,200,200,0,0,0.0,200.0,0,,,False,0,False,not_reached,0.0,0.2
198,792,722,94,723,1,right,0.1101899966597557,0.3159938454627991,0.22220379114151,0.17997512221336365,0.17163725197315216,1.5524295568466187,0.0,646.0,81,2,361,0,0,0,200,200,0,0,0.0,200.0,0,,,False,0,False,not_reached,0.0,0.2
199,796,722,79,723,2,right+A,0.11069688946008682,0.315479576587677,0.21890924870967865,0.18501438200473785,0.1698998510837555,1.5534745454788208,0.0,646.0,82,2,361,0,0,0,200,200,0,0,0.0,200.0,0,,,False,0,False,not_reached,0.0,0.2
200,800,722,79,723,1,right,0.11042296886444092,0.31598806381225586,0.2160160392522812,0.19013570249080658,0.16743719577789307,1.5532313585281372,-1.0,645.0,83,2,360,0,0,0,200,200,0,0,0.0,200.0,0,,,False,0,False,not_reached,0.0,0.2
201,804,722,79,723,3,right+B,0.11023973673582077,0.3160230815410614,0.22026139497756958,0.18557605147361755,0.1678997278213501,1.552533745765686,0.0,645.0,84,2,360,0,0,0,200,200,0,0,0.0,200.0,0,,,False,0,False,not_reached,0.0,0.2
202,808,722,79,723,1,right,0.10966123640537262,0.3144473731517792,0.2271939516067505,0.17708490788936615,0.17161251604557037,1.551903486251831,0.0,645.0,85,2,360,0,0,0,200,200,0,0,0.0,200.0,0,,,False,0,False,not_reached,0.0,0.2
203,812,722,93,723,4,right+A+B,0.1095779687166214,0.31487980484962463,0.2269032597541809,0.17775140702724457,0.17088764905929565,1.5516618490219116,0.0,645.0,86,2,360,0,0,0,200,200,0,0,0.0,200.0,0,,,False,0,False,not_reached,0.0,0.2
204,816,722,108,723,0,NOOP,0.10989822447299957,0.31582358479499817,0.22092777490615845,0.1831570565700531,0.17019329965114594,1.5525442361831665,0.0,645.0,87,2,360,0,0,0,200,200,0,0,0.0,200.0,0,,,False,0,False,not_reached,0.0,0.2
205,820,722,112,723,4,right+A+B,0.11036001890897751,0.3149421513080597,0.22028006613254547,0.1821838766336441,0.17223380506038666,1.553513765335083,-1.0,644.0,88,2,359,0,0,0,200,200,0,0,0.0,200.0,0,,,False,0,False,not_reached,0.0,0.2
206,824,722,106,723,4,right+A+B,0.1101469099521637,0.3134605586528778,0.2245669662952423,0.17705708742141724,0.17476852238178253,1.5534098148345947,0.0,644.0,89,2,359,0,0,0,200,200,0,0,0.0,200.0,0,,,False,0,False,not_reached,0.0,0.2
207,828,722,89,723,2,right+A,0.11083065718412399,0.31583309173583984,0.21378780901432037,0.1903916597366333,0.16915670037269592,1.5540132522583008,0.0,644.0,90,2,359,0,0,0,200,200,0,0,0.0,200.0,0,,,False,0,False,not_reached,0.0,0.2
208,832,722,79,723,3,right+B,0.11068393290042877,0.318129301071167,0.21618545055389404,0.1864670068025589,0.1685343235731125,1.552356481552124,0.0,644.0,91,2,359,0,0,0,200,200,0,0,0.0,200.0,0,,,False,0,False,not_reached,0.0,0.2
209,836,722,79,723,3,right+B,0.11030274629592896,0.31763994693756104,0.22160440683364868,0.1797182261943817,0.17073464393615723,1.5516338348388672,0.0,644.0,92,2,359,0,0,0,200,200,0,0,0.0,200.0,0,,,False,0,False,not_reached,0.0,0.2
210,840,722,79,723,3,right+B,0.11046702414751053,0.31586506962776184,0.2196989804506302,0.1824721097946167,0.17149682343006134,1.5531271696090698,-1.0,643.0,93,2,358,0,0,0,200,200,0,0,0.0,200.0,0,,,False,0,False,not_reached,0.0,0.2
211,844,722,79,723,1,right,0.11065850406885147,0.3143371045589447,0.2217259556055069,0.1772271990776062,0.17605125904083252,1.553818702697754,0.0,643.0,94,2,358,0,0,0,200,200,0,0,0.0,200.0,0,,,False,0,False,not_reached,0.0,0.2
212,848,722,79,723,3,right+B,0.1104375571012497,0.31531667709350586,0.2198319435119629,0.1799735575914383,0.17444030940532684,1.5535284280776978,0.0,643.0,95,2,358,0,0,0,200,200,0,0,0.0,200.0,0,,,False,0,False,not_reached,0.0,0.2
213,852,722,79,723,3,right+B,0.11037597060203552,0.3159751296043396,0.22087283432483673,0.1786586493253708,0.17411747574806213,1.5529026985168457,0.0,643.0,96,2,358,0,0,0,200,200,0,0,0.0,200.0,0,,,False,0,False,not_reached,0.0,0.2
214,856,722,79,723,1,right,0.11009486764669418,0.3158620595932007,0.22355717420578003,0.1765577793121338,0.1739281266927719,1.5522282123565674,0.0,643.0,97,2,358,0,0,0,200,200,0,0,0.0,200.0,0,,,False,0,False,not_reached,0.0,0.2
215,860,722,79,723,1,right,0.10914387553930283,0.31442010402679443,0.2272898405790329,0.17693066596984863,0.17221546173095703,1.5516636371612549,-1.0,642.0,98,2,357,0,0,0,200,200,0,0,0.0,200.0,0,,,False,0,False,not_reached,0.0,0.2
216,864,722,79,723,0,NOOP,0.10928119719028473,0.31400224566459656,0.2265177220106125,0.17925511300563812,0.17094363272190094,1.5521076917648315,0.0,642.0,99,2,357,0,0,0,200,200,0,0,0.0,200.0,0,,,False,0,False,not_reached,0.0,0.2
217,868,722,93,723,2,right+A,0.1100972443819046,0.31302565336227417,0.22516468167304993,0.18014520406723022,0.1715671718120575,1.5533934831619263,0.0,642.0,100,2,357,0,0,0,200,200,0,0,0.0,200.0,0,,,False,0,False,not_reached,0.0,0.2
218,872,722,109,723,4,right+A+B,0.11068814247846603,0.3153729736804962,0.2226870357990265,0.17776183784008026,0.1734900325536728,1.5529835224151611,0.0,642.0,101,2,357,0,0,0,200,200,0,0,0.0,200.0,0,,,False,0,False,not_reached,0.0,0.2
219,876,722,121,723,1,right,0.11089909076690674,0.31648823618888855,0.21956521272659302,0.18258173763751984,0.17046567797660828,1.552958369255066,0.0,642.0,102,2,357,0,0,0,200,200,0,0,0.0,200.0,0,,,False,0,False,not_reached,0.0,0.2
220,880,722,122,723,1,right,0.1097961962223053,0.3107481002807617,0.23142732679843903,0.17027969658374786,0.1777486652135849,1.5529279708862305,-1.0,641.0,103,2,356,0,0,0,200,200,0,0,0.0,200.0,0,,,False,0,False,not_reached,0.0,0.2
221,884,722,113,723,3,right+B,0.10888747870922089,0.3081006109714508,0.2350843846797943,0.1665494441986084,0.1813780963420868,1.5527222156524658,0.0,641.0,104,2,356,0,0,0,200,200,0,0,0.0,200.0,0,,,False,0,False,not_reached,0.0,0.2
222,888,722,94,723,4,right+A+B,0.10987569391727448,0.3127223551273346,0.228290393948555,0.17173132300376892,0.17738018929958344,1.5527193546295166,0.0,641.0,105,2,356,0,0,0,200,200,0,0,0.0,200.0,0,,,False,0,False,not_reached,0.0,0.2
223,892,722,79,723,0,NOOP,0.11072749644517899,0.3115842044353485,0.22623497247695923,0.17419005930423737,0.1772632896900177,1.5543386936187744,0.0,641.0,106,2,356,0,0,0,200,200,0,0,0.0,200.0,0,,,False,0,False,not_reached,0.0,0.2
224,896,722,93,723,4,right+A+B,0.1098620817065239,0.31292298436164856,0.22520868480205536,0.17835968732833862,0.17364653944969177,1.5534043312072754,0.0,641.0,107,2,356,0,0,0,200,200,0,0,0.0,200.0,0,,,False,0,False,not_reached,0.0,0.2
225,900,722,108,723,1,right,0.10908342152833939,0.31100112199783325,0.2289087474346161,0.17928095161914825,0.17172585427761078,1.5531413555145264,-1.0,640.0,108,2,355,0,0,0,200,200,0,0,0.0,200.0,0,,,False,0,False,not_reached,0.0,0.2
226,904,722,112,723,1,right,0.10968602448701859,0.31121423840522766,0.2242743819952011,0.18416821956634521,0.1706571727991104,1.5542912483215332,0.0,640.0,109,2,355,0,0,0,200,200,0,0,0.0,200.0,0,,,False,0,False,not_reached,0.0,0.2
227,908,722,106,723,2,right+A,0.10901863127946854,0.31077560782432556,0.22571150958538055,0.18160085380077362,0.17289341986179352,1.554023265838623,0.0,640.0,110,2,355,0,0,0,200,200,0,0,0.0,200.0,0,,,False,0,False,not_reached,0.0,0.2
228,912,722,89,723,3,right+B,0.11005537211894989,0.31537654995918274,0.21357540786266327,0.19460707902908325,0.16638563573360443,1.5534495115280151,0.0,640.0,111,2,355,0,0,0,200,200,0,0,0.0,200.0,0,,,False,0,False,not_reached,0.0,0.2
229,916,722,79,723,0,NOOP,0.10976336151361465,0.3152630627155304,0.2171100676059723,0.19101989269256592,0.16684366762638092,1.5530176162719727,0.0,640.0,112,2,355,0,0,0,200,200,0,0,0.0,200.0,0,,,False,0,False,not_reached,0.0,0.2
230,920,722,79,723,1,right,0.10954522341489792,0.31065329909324646,0.22833430767059326,0.17914746701717377,0.17231965065002441,1.553725004196167,-1.0,639.0,113,2,354,0,0,0,200,200,0,0,0.0,200.0,0,,,False,0,False,not_reached,0.0,0.2
231,924,722,79,723,3,right+B,0.1094052866101265,0.3125794231891632,0.22169984877109528,0.18419359624385834,0.17212176322937012,1.5540237426757812,0.0,639.0,114,2,354,0,0,0,200,200,0,0,0.0,200.0,0,,,False,0,False,not_reached,0.0,0.2
232,928,722,93,723,2,right+A,0.11046375334262848,0.3131882846355438,0.22719000279903412,0.1716272532939911,0.1775306910276413,1.5530064105987549,0.0,639.0,115,2,354,0,0,0,200,200,0,0,0.0,200.0,0,,,False,0,False,not_reached,0.0,0.2
233,932,722,108,723,1,right,0.11078540235757828,0.313676655292511,0.22220128774642944,0.17717671394348145,0.17615991830825806,1.5541497468948364,0.0,639.0,116,2,354,0,0,0,200,200,0,0,0.0,200.0,0,,,False,0,False,not_reached,0.0,0.2
234,936,722,112,723,3,right+B,0.11031568795442581,0.31239205598831177,0.220655620098114,0.18324248492717743,0.173394113779068,1.554863691329956,0.0,639.0,117,2,354,0,0,0,200,200,0,0,0.0,200.0,0,,,False,0,False,not_reached,0.0,0.2
235,940,722,106,723,0,NOOP,0.1102663055062294,0.3096798062324524,0.22516576945781708,0.18077293038368225,0.1741151362657547,1.5554115772247314,-1.0,638.0,118,2,353,0,0,0,200,200,0,0,0.0,200.0,0,,,False,0,False,not_reached,0.0,0.2
236,944,722,89,723,3,right+B,0.11021219193935394,0.3111376464366913,0.21827739477157593,0.18979154527187347,0.1705811619758606,1.5556128025054932,0.0,638.0,119,2,353,0,0,0,200,200,0,0,0.0,200.0,0,,,False,0,False,not_reached,0.0,0.2
237,948,722,79,723,1,right,0.10944701731204987,0.3124055564403534,0.22823701798915863,0.17939192056655884,0.17051850259304047,1.5526514053344727,0.0,638.0,120,2,353,0,0,0,200,200,0,0,0.0,200.0,0,,,False,0,False,not_reached,0.0,0.2
238,952,722,79,723,1,right,0.1093403548002243,0.31318360567092896,0.23008780181407928,0.17788036167621613,0.16950787603855133,1.551652193069458,0.0,638.0,121,2,353,0,0,0,200,200,0,0,0.0,200.0,0,,,False,0,False,not_reached,0.0,0.2
239,956,722,93,723,2,right+A,0.10929310321807861,0.31315451860427856,0.22955991327762604,0.1779911369085312,0.1700013428926468,1.5518038272857666,0.0,638.0,122,2,353,0,0,0,200,200,0,0,0.0,200.0,0,,,False,0,False,not_reached,0.0,0.2
240,960,722,109,723,2,right+A,0.1103258952498436,0.31533440947532654,0.2139696627855301,0.19109965860843658,0.1692703515291214,1.5539820194244385,-1.0,637.0,123,2,352,0,0,0,200,200,0,0,0.0,200.0,0,,,False,0,False,not_reached,0.0,0.2
241,964,722,121,723,1,right,0.11030858010053635,0.31529152393341064,0.20937025547027588,0.19566842913627625,0.16936121881008148,1.554420828819275,0.0,637.0,124,2,352,0,0,0,200,200,0,0,0.0,200.0,0,,,False,0,False,not_reached,0.0,0.2
242,968,722,122,723,2,right+A,0.10920077562332153,0.31245502829551697,0.22563436627388,0.1769706755876541,0.175739124417305,1.5532828569412231,0.0,637.0,125,2,352,0,0,0,200,200,0,0,0.0,200.0,0,,,False,0,False,not_reached,0.0,0.2
243,972,722,113,723,1,right,0.10941822826862335,0.3128429353237152,0.22317875921726227,0.18041370809078217,0.1741463840007782,1.5536986589431763,0.0,637.0,126,2,352,0,0,0,200,200,0,0,0.0,200.0,0,,,False,0,False,not_reached,0.0,0.2
244,976,722,94,723,2,right+A,0.11031284183263779,0.31365063786506653,0.219224750995636,0.183528870344162,0.17328289151191711,1.5544430017471313,0.0,637.0,127,2,352,0,0,0,200,200,0,0,0.0,200.0,0,,,False,0,False,not_reached,0.0,0.2
245,980,722,79,723,4,right+A+B,0.1105654388666153,0.3117808699607849,0.22452720999717712,0.17757636308670044,0.17555008828639984,1.5545796155929565,-1.0,636.0,128,2,351,0,0,0,200,200,0,0,0.0,200.0,0,,,False,0,False,not_reached,0.0,0.2
246,984,722,79,723,1,right,0.11010608077049255,0.31123170256614685,0.2274974286556244,0.1746816635131836,0.176483154296875,1.5539379119873047,0.0,636.0,129,2,351,0,0,0,200,200,0,0,0.0,200.0,0,,,False,0,False,not_reached,0.0,0.2
247,988,722,93,723,2,right+A,0.10971157997846603,0.3106078803539276,0.23464730381965637,0.1701037734746933,0.17492948472499847,1.5520634651184082,0.0,636.0,130,2,351,0,0,0,200,200,0,0,0.0,200.0,0,,,False,0,False,not_reached,0.0,0.2
248,992,722,108,723,1,right,0.10937482863664627,0.3100452721118927,0.2390170395374298,0.16228407621383667,0.17927874624729156,1.5504496097564697,0.0,636.0,131,2,351,0,0,0,200,200,0,0,0.0,200.0,0,,,False,0,False,not_reached,0.0,0.2
249,996,722,112,723,3,right+B,0.11017870903015137,0.3134424090385437,0.22967733442783356,0.17075473070144653,0.17594680190086365,1.552060604095459,0.0,636.0,132,2,351,0,0,0,200,200,0,0,0.0,200.0,0,,,False,0,False,not_reached,0.0,0.2
250,1000,722,106,723,2,right+A,0.11002951860427856,0.3124125301837921,0.22863252460956573,0.17686085402965546,0.17206460237503052,1.552891731262207,-1.0,635.0,133,2,350,0,0,0,200,200,0,0,0.0,200.0,0,,,False,0,False,not_reached,0.0,0.2
251,1004,722,89,723,2,right+A,0.10959972441196442,0.311441570520401,0.22438670694828033,0.18485355377197266,0.1697184294462204,1.5540297031402588,0.0,635.0,134,2,350,0,0,0,200,200,0,0,0.0,200.0,0,,,False,0,False,not_reached,0.0,0.2
252,1008,722,79,723,2,right+A,0.10897635668516159,0.31449419260025024,0.22734153270721436,0.18030527234077454,0.16888271272182465,1.55137300491333,0.0,635.0,135,2,350,0,0,0,200,200,0,0,0.0,200.0,0,,,False,0,False,not_reached,0.0,0.2
253,1012,722,79,723,2,right+A,0.10943424701690674,0.31478816270828247,0.22746790945529938,0.17623333632946014,0.17207631468772888,1.551542043685913,0.0,635.0,136,2,350,0,0,0,200,200,0,0,0.0,200.0,0,,,False,0,False,not_reached,0.0,0.2
254,1016,722,79,723,1,right,0.11010284721851349,0.31473755836486816,0.22219856083393097,0.17955799400806427,0.17340312898159027,1.5531666278839111,0.0,635.0,137,2,350,0,0,0,200,200,0,0,0.0,200.0,0,,,False,0,False,not_reached,0.0,0.2
255,1020,722,93,723,4,right+A+B,0.110571950674057,0.31414130330085754,0.22411246597766876,0.1737634837627411,0.17741084098815918,1.5533124208450317,-1.0,634.0,138,2,349,0,0,0,200,200,0,0,0.0,200.0,0,,,False,0,False,not_reached,0.0,0.2
256,1024,722,109,723,4,right+A+B,0.11061914265155792,0.3133975863456726,0.22442646324634552,0.17345590889453888,0.17810088396072388,1.5536770820617676,0.0,634.0,139,2,349,0,0,0,200,200,0,0,0.0,200.0,0,,,False,0,False,not_reached,0.0,0.2
257,1028,722,122,723,2,right+A,0.11088930815458298,0.315238356590271,0.2173544019460678,0.18363633751869202,0.17288163304328918,1.5541809797286987,0.0,634.0,140,2,349,0,0,0,200,200,0,0,0.0,200.0,0,,,False,0,False,not_reached,0.0,0.2
258,1032,722,130,723,1,right,0.11020160466432571,0.3159589469432831,0.2226092368364334,0.17528937757015228,0.1759408712387085,1.5524580478668213,0.0,634.0,141,2,349,0,0,0,200,200,0,0,0.0,200.0,0,,,False,0,False,not_reached,0.0,0.2
259,1036,722,129,723,3,right+B,0.11008301377296448,0.3155285716056824,0.22138981521129608,0.17748618125915527,0.1755123883485794,1.552931547164917,0.0,634.0,142,2,349,0,0,0,200,200,0,0,0.0,200.0,0,,,False,0,False,not_reached,0.0,0.2
260,1040,722,117,723,4,right+A+B,0.11053022742271423,0.3148840069770813,0.22030001878738403,0.18129581212997437,0.17298994958400726,1.5536656379699707,-1.0,633.0,143,2,348,0,0,0,200,200,0,0,0.0,200.0,0,,,False,0,False,not_reached,0.0,0.2
261,1044,722,97,723,2,right+A,0.11054573208093643,0.31627821922302246,0.21723628044128418,0.18383415043354034,0.17210566997528076,1.5534148216247559,0.0,633.0,144,2,348,0,0,0,200,200,0,0,0.0,200.0,0,,,False,0,False,not_reached,0.0,0.2
262,1048,722,79,723,3,right+B,0.11054772138595581,0.3178369700908661,0.21675410866737366,0.18378335237503052,0.17107784748077393,1.5525752305984497,0.0,633.0,145,2,348,0,0,0,200,200,0,0,0.0,200.0,0,,,False,0,False,not_reached,0.0,0.2
263,1052,722,93,723,2,right+A,0.10964102298021317,0.31503579020500183,0.22298534214496613,0.1807381510734558,0.1715996265411377,1.5525269508361816,0.0,633.0,146,2,348,0,0,0,200,200,0,0,0.0,200.0,0,,,False,0,False,not_reached,0.0,0.2
264,1056,722,108,723,1,right,0.11024682968854904,0.3149588704109192,0.21873553097248077,0.18639768660068512,0.16966110467910767,1.5535236597061157,0.0,633.0,147,2,348,0,0,0,200,200,0,0,0.0,200.0,0,,,False,0,False,not_reached,0.0,0.2
265,1060,722,112,723,2,right+A,0.1103990375995636,0.31487321853637695,0.21501854062080383,0.18903835117816925,0.17067082226276398,1.5542845726013184,-1.0,632.0,148,2,347,0,0,0,200,200,0,0,0.0,200.0,0,,,False,0,False,not_reached,0.0,0.2
266,1064,722,106,723,0,NOOP,0.11057675629854202,0.31376445293426514,0.22099381685256958,0.18188677728176117,0.1727782040834427,1.5541576147079468,0.0,632.0,149,2,347,0,0,0,200,200,0,0,0.0,200.0,0,,,False,0,False,not_reached,0.0,0.2
267,1068,722,89,723,3,right+B,0.11065425723791122,0.31580835580825806,0.21310018002986908,0.19225701689720154,0.1681801676750183,1.553881287574768,0.0,632.0,150,2,347,0,0,0,200,200,0,0,0.0,200.0,0,,,False,0,False,not_reached,0.0,0.2
268,1072,722,79,723,1,right,0.11046001315116882,0.3165508508682251,0.21875399351119995,0.1841769963502884,0.17005813121795654,1.5528167486190796,0.0,632.0,151,2,347,0,0,0,200,200,0,0,0.0,200.0,0,,,False,0,False,not_reached,0.0,0.2
269,1076,722,93,723,4,right+A+B,0.11031542718410492,0.3146306872367859,0.22660233080387115,0.17562805116176605,0.1728234589099884,1.5522841215133667,0.0,632.0,152,2,347,0,0,0,200,200,0,0,0.0,200.0,0,,,False,0,False,not_reached,0.0,0.2
270,1080,722,109,723,2,right+A,0.1105821505188942,0.31448426842689514,0.22283384203910828,0.17818531394004822,0.17391441762447357,1.553417682647705,-1.0,631.0,153,2,346,0,0,0,200,200,0,0,0.0,200.0,0,,,False,0,False,not_reached,0.0,0.2
271,1084,722,121,723,1,right,0.1109195202589035,0.3132101893424988,0.22309502959251404,0.17717576026916504,0.17559944093227386,1.5542705059051514,0.0,631.0,154,2,346,0,0,0,200,200,0,0,0.0,200.0,0,,,False,0,False,not_reached,0.0,0.2
272,1088,722,122,723,1,right,0.1098138764500618,0.3130181133747101,0.23103328049182892,0.16801053285598755,0.17812418937683105,1.5516510009765625,0.0,631.0,155,2,346,0,0,0,200,200,0,0,0.0,200.0,0,,,False,0,False,not_reached,0.0,0.2
273,1092,722,113,723,3,right+B,0.1095343604683876,0.31364306807518005,0.22849346697330475,0.17164310812950134,0.17668594419956207,1.551976203918457,0.0,631.0,156,2,346,0,0,0,200,200,0,0,0.0,200.0,0,,,False,0,False,not_reached,0.0,0.2
274,1096,722,94,723,2,right+A,0.109733447432518,0.31565648317337036,0.22242854535579681,0.18161742389202118,0.1705641746520996,1.5522849559783936,0.0,631.0,157,2,346,0,0,0,200,200,0,0,0.0,200.0,0,,,False,0,False,not_reached,0.0,0.2
275,1100,722,79,723,4,right+A+B,0.10983557999134064,0.31346410512924194,0.22473300993442535,0.18133552372455597,0.1706317812204361,1.553065538406372,-1.0,630.0,158,2,345,0,0,0,200,200,0,0,0.0,200.0,0,,,False,0,False,not_reached,0.0,0.2
276,1104,722,79,723,3,right+B,0.10966815799474716,0.3137222230434418,0.2219124734401703,0.18546853959560394,0.16922859847545624,1.553289532661438,0.0,630.0,159,2,345,0,0,0,200,200,0,0,0.0,200.0,0,,,False,0,False,not_reached,0.0,0.2
277,1108,722,93,723,2,right+A,0.10999996960163116,0.31463828682899475,0.2231808304786682,0.18198300898075104,0.17019790410995483,1.552802562713623,0.0,630.0,160,2,345,0,0,0,200,200,0,0,0.0,200.0,0,,,False,0,False,not_reached,0.0,0.2
278,1112,722,108,723,1,right,0.11007389426231384,0.3126643896102905,0.22902825474739075,0.17096534371376038,0.1772681027650833,1.552633285522461,0.0,630.0,161,2,345,0,0,0,200,200,0,0,0.0,200.0,0,,,False,0,False,not_reached,0.0,0.2
279,1116,722,112,723,1,right,0.11050353944301605,0.31265339255332947,0.2265111356973648,0.17405112087726593,0.17628082633018494,1.5535556077957153,0.0,630.0,162,2,345,0,0,0,200,200,0,0,0.0,200.0,0,,,False,0,False,not_reached,0.0,0.2
280,1120,722,106,723,2,right+A,0.1102537140250206,0.3114810287952423,0.22903545200824738,0.17256467044353485,0.17666511237621307,1.5534354448318481,-1.0,629.0,163,2,344,0,0,0,200,200,0,0,0.0,200.0,0,,,False,0,False,not_reached,0.0,0.2
281,1124,722,89,723,1,right,0.11061553657054901,0.3127996623516083,0.22167685627937317,0.182303324341774,0.17260465025901794,1.5545578002929688,0.0,629.0,164,2,344,0,0,0,200,200,0,0,0.0,200.0,0,,,False,0,False,not_reached,0.0,0.2
282,1128,722,79,723,3,right+B,0.11012735962867737,0.31361356377601624,0.22646966576576233,0.1762232482433319,0.17356622219085693,1.5528311729431152,0.0,629.0,165,2,344,0,0,0,200,200,0,0,0.0,200.0,0,,,False,0,False,not_reached,0.0,0.2
283,1132,722,79,723,1,right,0.10988452285528183,0.31184977293014526,0.23297876119613647,0.16910073161125183,0.1761862337589264,1.5518772602081299,0.0,629.0,166,2,344,0,0,0,200,200,0,0,0.0,200.0,0,,,False,0,False,not_reached,0.0,0.2
284,1136,722,93,723,4,right+A+B,0.1100589781999588,0.31282445788383484,0.22938525676727295,0.17256934940814972,0.17516198754310608,1.5524815320968628,0.0,629.0,167,2,344,0,0,0,200,200,0,0,0.0,200.0,0,,,False,0,False,not_reached,0.0,0.2
285,1140,722,109,723,2,right+A,0.11040583997964859,0.3120906949043274,0.22874167561531067,0.171371191740036,0.1773906648159027,1.5532033443450928,-1.0,628.0,168,2,343,0,0,0,200,200,0,0,0.0,200.0,0,,,False,0,False,not_reached,0.0,0.2
286,1144,722,121,723,1,right,0.11010988056659698,0.31211453676223755,0.22878357768058777,0.17381997406482697,0.17517204582691193,1.5530916452407837,0.0,628.0,169,2,343,0,0,0,200,200,0,0,0.0,200.0,0,,,False,0,False,not_reached,0.0,0.2
287,1148,722,122,723,1,right,0.1089601069688797,0.31172189116477966,0.2355722039937973,0.16582603752613068,0.17791981995105743,1.550595760345459,0.0,628.0,170,2,343,0,0,0,200,200,0,0,0.0,200.0,0,,,False,0,False,not_reached,0.0,0.2
288,1152,722,113,723,2,right+A,0.10903691500425339,0.31309664249420166,0.23076602816581726,0.17147821187973022,0.1756221354007721,1.551446795463562,0.0,628.0,171,2,343,0,0,0,200,200,0,0,0.0,200.0,0,,,False,0,False,not_reached,0.0,0.2
289,1156,722,94,723,1,right,0.10980571806430817,0.3162844479084015,0.2209135740995407,0.18273590505123138,0.17026035487651825,1.5522527694702148,0.0,628.0,172,2,343,0,0,0,200,200,0,0,0.0,200.0,0,,,False,0,False,not_reached,0.0,0.2
290,1160,722,79,723,3,right+B,0.11051441729068756,0.3139244616031647,0.22136364877223969,0.18212316930294037,0.17207425832748413,1.5539289712905884,-1.0,627.0,173,2,342,0,0,0,200,200,0,0,0.0,200.0,0,,,False,0,False,not_reached,0.0,0.2
291,1164,722,79,723,1,right,0.110332190990448,0.31420961022377014,0.21915528178215027,0.18543048202991486,0.17087243497371674,1.5540002584457397,0.0,627.0,174,2,342,0,0,0,200,200,0,0,0.0,200.0,0,,,False,0,False,not_reached,0.0,0.2
292,1168,722,79,723,1,right,0.11046329885721207,0.3139970302581787,0.2237377017736435,0.178884357213974,0.1729176640510559,1.5534048080444336,0.0,627.0,175,2,342,0,0,0,200,200,0,0,0.0,200.0,0,,,False,0,False,not_reached,0.0,0.2
293,1172,722,93,723,4,right+A+B,0.11000492423772812,0.31279394030570984,0.23004621267318726,0.17054761946201324,0.17660737037658691,1.5522470474243164,0.0,627.0,176,2,342,0,0,0,200,200,0,0,0.0,200.0,0,,,False,0,False,not_reached,0.0,0.2
294,1176,722,108,723,1,right,0.11038584262132645,0.31269824504852295,0.22834749519824982,0.17096160352230072,0.17760683596134186,1.552935004234314,0.0,627.0,177,2,342,0,0,0,200,200,0,0,0.0,200.0,0,,,False,0,False,not_reached,0.0,0.2
295,1180,722,112,723,4,right+A+B,0.11058904230594635,0.31382662057876587,0.2229946106672287,0.17791368067264557,0.1746760755777359,1.5537744760513306,-1.0,626.0,178,2,341,0,0,0,200,200,0,0,0.0,200.0,0,,,False,0,False,not_reached,0.0,0.2
296,1184,722,106,723,3,right+B,0.11019179970026016,0.3121156394481659,0.22845163941383362,0.17449714243412018,0.17474375665187836,1.5532206296920776,0.0,626.0,179,2,341,0,0,0,200,200,0,0,0.0,200.0,0,,,False,0,False,not_reached,0.0,0.2
297,1188,722,89,723,2,right+A,0.11033850908279419,0.31326621770858765,0.2226225584745407,0.18271106481552124,0.17106172442436218,1.553888201713562,0.0,626.0,180,2,341,0,0,0,200,200,0,0,0.0,200.0,0,,,False,0,False,not_reached,0.0,0.2
298,1192,722,79,723,0,NOOP,0.10968349128961563,0.3154379427433014,0.22589178383350372,0.17988073825836182,0.16910597681999207,1.551545262336731,0.0,626.0,181,2,341,0,0,0,200,200,0,0,0.0,200.0,0,,,False,0,False,not_reached,0.0,0.2
299,1196,722,79,723,0,NOOP,0.10948845744132996,0.3147050142288208,0.23021550476551056,0.17520932853221893,0.17038168013095856,1.5508465766906738,0.0,626.0,182,2,341,0,0,0,200,200,0,0,0.0,200.0,0,,,False,0,False,not_reached,0.0,0.2
300,1200,722,79,723,1,right,0.10983438789844513,0.31547436118125916,0.22425252199172974,0.1819477677345276,0.16849103569984436,1.551916241645813,-1.0,625.0,183,2,340,0,0,0,200,200,0,0,0.0,200.0,0,,,False,0,False,not_reached,0.0,0.2
301,1204,722,79,723,3,right+B,0.1104603111743927,0.3168324828147888,0.21827779710292816,0.1866140514612198,0.16781535744667053,1.5525360107421875,0.0,625.0,184,2,340,0,0,0,200,200,0,0,0.0,200.0,0,,,False,0,False,not_reached,0.0,0.2
302,1208,722,79,723,1,right,0.11063534021377563,0.3162730634212494,0.21987241506576538,0.18289899826049805,0.17032015323638916,1.5528775453567505,0.0,625.0,185,2,340,0,0,0,200,200,0,0,0.0,200.0,0,,,False,0,False,not_reached,0.0,0.2
303,1212,722,93,723,2,right+A,0.11058967560529709,0.31678301095962524,0.21924695372581482,0.18242307007312775,0.1709572821855545,1.5527329444885254,0.0,625.0,186,2,340,0,0,0,200,200,0,0,0.0,200.0,0,,,False,0,False,not_reached,0.0,0.2
304,1216,722,109,723,4,right+A+B,0.1108599305152893,0.3162555992603302,0.21817539632320404,0.1816912442445755,0.17301782965660095,1.5534727573394775,0.0,625.0,187,2,340,0,0,0,200,200,0,0,0.0,200.0,0,,,False,0,False,not_reached,0.0,0.2
305,1220,722,121,723,3,right+B,0.11070885509252548,0.314261794090271,0.2204599529504776,0.18077325820922852,0.17379608750343323,1.554100751876831,-1.0,624.0,188,2,339,0,0,0,200,200,0,0,0.0,200.0,0,,,False,0,False,not_reached,0.0,0.2
306,1224,722,122,723,1,right,0.10995971411466599,0.3136449158191681,0.22715814411640167,0.1706615835428238,0.17857563495635986,1.552475929260254,0.0,624.0,189,2,339,0,0,0,200,200,0,0,0.0,200.0,0,,,False,0,False,not_reached,0.0,0.2
307,1228,722,113,723,1,right,0.11011681705713272,0.3161271810531616,0.22066138684749603,0.17885522544384003,0.17423933744430542,1.5527383089065552,0.0,624.0,190,2,339,0,0,0,200,200,0,0,0.0,200.0,0,,,False,0,False,not_reached,0.0,0.2
308,1232,722,94,723,1,right,0.11059095710515976,0.3212515413761139,0.2097500115633011,0.19267143309116364,0.16573600471019745,1.5510711669921875,0.0,624.0,191,2,339,0,0,0,200,200,0,0,0.0,200.0,0,,,False,0,False,not_reached,0.0,0.2
309,1236,722,79,723,3,right+B,0.11066056042909622,0.3173404932022095,0.21343709528446198,0.1910260021686554,0.16753588616847992,1.5529943704605103,0.0,624.0,192,2,339,0,0,0,200,200,0,0,0.0,200.0,0,,,False,0,False,not_reached,0.0,0.2
310,1240,722,93,723,2,right+A,0.11020245403051376,0.31602710485458374,0.21293798089027405,0.1946106106042862,0.16622188687324524,1.5532511472702026,-1.0,623.0,193,2,338,0,0,0,200,200,0,0,0.0,200.0,0,,,False,0,False,not_reached,0.0,0.2
311,1244,722,108,723,1,right,0.10976070910692215,0.31396347284317017,0.22232350707054138,0.18172137439250946,0.17223089933395386,1.5533478260040283,0.0,623.0,194,2,338,0,0,0,200,200,0,0,0.0,200.0,0,,,False,0,False,not_reached,0.0,0.2
312,1248,722,112,723,1,right,0.11022742092609406,0.31458780169487,0.2201341986656189,0.18148349225521088,0.17356716096401215,1.5537370443344116,0.0,623.0,195,2,338,0,0,0,200,200,0,0,0.0,200.0,0,,,False,0,False,not_reached,0.0,0.2
313,1252,722,106,723,2,right+A,0.11029272526502609,0.3150969445705414,0.2203618437051773,0.18049181997776031,0.1737566590309143,1.553450584411621,0.0,623.0,196,2,338,0,0,0,200,200,0,0,0.0,200.0,0,,,False,0,False,not_reached,0.0,0.2
314,1256,722,89,723,4,right+A+B,0.11043813824653625,0.3153911232948303,0.21601922810077667,0.18721848726272583,0.17093296349048615,1.5539274215698242,0.0,623.0,197,2,338,0,0,0,200,200,0,0,0.0,200.0,0,,,False,0,False,not_reached,0.0,0.2
315,1260,722,79,723,1,right,0.10950535535812378,0.31566035747528076,0.22261759638786316,0.18160590529441833,0.17061083018779755,1.5521321296691895,-1.0,622.0,198,2,337,0,0,0,200,200,0,0,0.0,200.0,0,,,False,0,False,not_reached,0.0,0.2
316,1264,722,79,723,3,right+B,0.11008195579051971,0.3129623830318451,0.2300838828086853,0.17332705855369568,0.1735447645187378,1.5522246360778809,0.0,622.0,199,2,337,0,0,0,200,200,0,0,0.0,200.0,0,,,False,0,False,not_reached,0.0,0.2
317,1268,722,93,723,2,right+A,0.11030542105436325,0.31285804510116577,0.2259817123413086,0.17761248350143433,0.17324230074882507,1.5534603595733643,0.0,622.0,200,2,337,0,0,0,200,200,0,0,0.0,200.0,0,,,False,0,False,not_reached,0.0,0.2
318,1272,722,109,723,2,right+A,0.11092080920934677,0.3162951171398163,0.22169925272464752,0.17730461061000824,0.17378023266792297,1.5527900457382202,0.0,622.0,201,2,337,0,0,0,200,200,0,0,0.0,200.0,0,,,False,0,False,not_reached,0.0,0.2
319,1276,722,121,723,1,right,0.11100323498249054,0.31419673562049866,0.22361238300800323,0.17890575528144836,0.17228184640407562,1.5535566806793213,0.0,622.0,202,2,337,0,0,0,200,200,0,0,0.0,200.0,0,,,False,0,False,not_reached,0.0,0.2
320,1280,722,122,723,4,right+A+B,0.10921031981706619,0.30819517374038696,0.23817303776741028,0.16378572583198547,0.18063579499721527,1.5517548322677612,-1.0,621.0,203,2,336,0,0,0,200,200,0,0,0.0,200.0,0,,,False,0,False,not_reached,0.0,0.2
321,1284,722,113,723,4,right+A+B,0.10876873880624771,0.3073592483997345,0.2399064004421234,0.16104549169540405,0.18292009830474854,1.5511854887008667,0.0,621.0,204,2,336,0,0,0,200,200,0,0,0.0,200.0,0,,,False,0,False,not_reached,0.0,0.2
322,1288,722,94,723,2,right+A,0.10967178642749786,0.31189414858818054,0.23126697540283203,0.1712135672569275,0.17595353722572327,1.55229651927948,0.0,621.0,205,2,336,0,0,0,200,200,0,0,0.0,200.0,0,,,False,0,False,not_reached,0.0,0.2
323,1292,722,79,723,2,right+A,0.11000340431928635,0.3117050230503082,0.2277836799621582,0.1766882985830307,0.17381960153579712,1.5535365343093872,0.0,621.0,206,2,336,0,0,0,200,200,0,0,0.0,200.0,0,,,False,0,False,not_reached,0.0,0.2
324,1296,722,79,723,4,right+A+B,0.10893755406141281,0.31320124864578247,0.2226356416940689,0.18747684359550476,0.16774874925613403,1.5528929233551025,0.0,621.0,207,2,336,0,0,0,200,200,0,0,0.0,200.0,0,,,False,0,False,not_reached,0.0,0.2
325,1300,722,79,723,2,right+A,0.10937608033418655,0.31341394782066345,0.22350645065307617,0.1862383484840393,0.16746526956558228,1.5528337955474854,-1.0,620.0,208,2,335,0,0,0,200,200,0,0,0.0,200.0,0,,,False,0,False,not_reached,0.0,0.2
326,1304,722,79,723,1,right,0.10990346968173981,0.31173619627952576,0.22528494894504547,0.18016715347766876,0.172908216714859,1.5540411472320557,0.0,620.0,209,2,335,0,0,0,200,200,0,0,0.0,200.0,0,,,False,0,False,not_reached,0.0,0.2
327,1308,722,79,723,3,right+B,0.11021009832620621,0.31526416540145874,0.22018516063690186,0.18220873177051544,0.17213191092014313,1.5532745122909546,0.0,620.0,210,2,335,0,0,0,200,200,0,0,0.0,200.0,0,,,False,0,False,not_reached,0.0,0.2
328,1312,722,79,723,1,right,0.11097946763038635,0.3168690800666809,0.21552374958992004,0.1874762922525406,0.1691514551639557,1.553336501121521,0.0,620.0,211,2,335,0,0,0,200,200,0,0,0.0,200.0,0,,,False,0,False,not_reached,0.0,0.2
329,1316,722,93,723,2,right+A,0.11053648591041565,0.31254541873931885,0.22068575024604797,0.18447349965572357,0.17175889015197754,1.554785966873169,0.0,620.0,212,2,335,0,0,0,200,200,0,0,0.0,200.0,0,,,False,0,False,not_reached,0.0,0.2
330,1320,722,108,723,1,right,0.10985592752695084,0.310226708650589,0.22460970282554626,0.1811472773551941,0.17416033148765564,1.5550355911254883,-1.0,619.0,213,2,334,0,0,0,200,200,0,0,0.0,200.0,0,,,False,0,False,not_reached,0.0,0.2
331,1324,722,112,723,2,right+A,0.1104307547211647,0.3139928877353668,0.2193734496831894,0.18169961869716644,0.17450323700904846,1.5543495416641235,0.0,619.0,214,2,334,0,0,0,200,200,0,0,0.0,200.0,0,,,False,0,False,not_reached,0.0,0.2
332,1328,722,106,723,4,right+A+B,0.11052558571100235,0.3118373155593872,0.22664323449134827,0.1758573204278946,0.17513656616210938,1.5540090799331665,0.0,619.0,215,2,334,0,0,0,200,200,0,0,0.0,200.0,0,,,False,0,False,not_reached,0.0,0.2
333,1332,722,89,723,4,right+A+B,0.11034867912530899,0.3142916262149811,0.21426348388195038,0.1925550103187561,0.16854126751422882,1.5543861389160156,0.0,619.0,216,2,334,0,0,0,200,200,0,0,0.0,200.0,0,,,False,0,False,not_reached,0.0,0.2
334,1336,722,79,723,1,right,0.10940590500831604,0.310558021068573,0.2310279756784439,0.17833825945854187,0.17066989839076996,1.552965760231018,0.0,619.0,217,2,334,0,0,0,200,200,0,0,0.0,200.0,0,,,False,0,False,not_reached,0.0,0.2
335,1340,722,79,723,1,right,0.10922612249851227,0.30967846512794495,0.23566949367523193,0.1708199828863144,0.17460598051548004,1.5520838499069214,-1.0,618.0,218,2,333,0,0,0,200,200,0,0,0.0,200.0,0,,,False,0,False,not_reached,0.0,0.2
336,1344,722,79,723,0,NOOP,0.10982400923967361,0.31337660551071167,0.2222922146320343,0.18415312469005585,0.17035400867462158,1.5535790920257568,0.0,618.0,219,2,333,0,0,0,200,200,0,0,0.0,200.0,0,,,False,0,False,not_reached,0.0,0.2
337,1348,722,79,723,0,NOOP,0.10973946750164032,0.3130749762058258,0.22164824604988098,0.18695083260536194,0.16858650743961334,1.5536479949951172,0.0,618.0,220,2,333,0,0,0,200,200,0,0,0.0,200.0,0,,,False,0,False,not_reached,0.0,0.2
338,1352,722,79,723,3,right+B,0.11033955216407776,0.3157176971435547,0.2178623527288437,0.18681825697422028,0.16926217079162598,1.5532727241516113,0.0,618.0,221,2,333,0,0,0,200,200,0,0,0.0,200.0,0,,,False,0,False,not_reached,0.0,0.2
339,1356,722,79,723,0,NOOP,0.11094364523887634,0.31571322679519653,0.2171235978603363,0.18794938921928406,0.1682700663805008,1.55359947681427,0.0,618.0,222,2,333,0,0,0,200,200,0,0,0.0,200.0,0,,,False,0,False,not_reached,0.0,0.2
340,1360,722,79,723,1,right,0.11063694953918457,0.3157978355884552,0.21010735630989075,0.19616267085075378,0.16729521751403809,1.5540037155151367,-1.0,617.0,223,2,332,0,0,0,200,200,0,0,0.0,200.0,0,,,False,0,False,not_reached,0.0,0.2
341,1364,722,93,723,2,right+A,0.11048722267150879,0.31532254815101624,0.21520861983299255,0.1885397881269455,0.17044173181056976,1.554053544998169,0.0,617.0,224,2,332,0,0,0,200,200,0,0,0.0,200.0,0,,,False,0,False,not_reached,0.0,0.2
342,1368,722,109,723,2,right+A,0.11018047481775284,0.3126077950000763,0.22181150317192078,0.18176668882369995,0.17363357543945312,1.554469108581543,0.0,617.0,225,2,332,0,0,0,200,200,0,0,0.0,200.0,0,,,False,0,False,not_reached,0.0,0.2
343,1372,722,121,723,1,right,0.11081632971763611,0.3113001585006714,0.22299586236476898,0.17930342257022858,0.17558418214321136,1.5553144216537476,0.0,617.0,226,2,332,0,0,0,200,200,0,0,0.0,200.0,0,,,False,0,False,not_reached,0.0,0.2
344,1376,722,122,723,1,right,0.11014212667942047,0.3118034303188324,0.22812271118164062,0.17163647711277008,0.17829529941082,1.5534031391143799,0.0,617.0,227,2,332,0,0,0,200,200,0,0,0.0,200.0,0,,,False,0,False,not_reached,0.0,0.2
345,1380,722,113,723,4,right+A+B,0.10915502905845642,0.3106766641139984,0.23455509543418884,0.16556598246097565,0.1800471842288971,1.5515276193618774,-1.0,616.0,228,2,331,0,0,0,200,200,0,0,0.0,200.0,0,,,False,0,False,not_reached,0.0,0.2
346,1384,722,94,723,2,right+A,0.10933558642864227,0.3126389980316162,0.23260445892810822,0.1707419455051422,0.17467905580997467,1.551322102546692,0.0,616.0,229,2,331,0,0,0,200,200,0,0,0.0,200.0,0,,,False,0,False,not_reached,0.0,0.2
347,1388,722,79,723,3,right+B,0.10968507826328278,0.312715083360672,0.22933539748191833,0.17916782200336456,0.16909660398960114,1.5522513389587402,0.0,616.0,230,2,331,0,0,0,200,200,0,0,0.0,200.0,0,,,False,0,False,not_reached,0.0,0.2
348,1392,722,93,723,2,right+A,0.10916253179311752,0.3118000328540802,0.23054590821266174,0.17670030891895294,0.17179125547409058,1.5523176193237305,0.0,616.0,231,2,331,0,0,0,200,200,0,0,0.0,200.0,0,,,False,0,False,not_reached,0.0,0.2
349,1396,722,108,723,3,right+B,0.11030995845794678,0.31571704149246216,0.22019605338573456,0.18487226963043213,0.16890466213226318,1.5528404712677002,0.0,616.0,232,2,331,0,0,0,200,200,0,0,0.0,200.0,0,,,False,0,False,not_reached,0.0,0.2
350,1400,722,112,723,3,right+B,0.1106555238366127,0.31364697217941284,0.2242523729801178,0.1778506636619568,0.17359444499015808,1.553597092628479,-1.0,615.0,233,2,330,0,0,0,200,200,0,0,0.0,200.0,0,,,False,0,False,not_reached,0.0,0.2
351,1404,722,106,723,4,right+A+B,0.1099814623594284,0.31035834550857544,0.22953709959983826,0.17530323565006256,0.17481987178325653,1.5538437366485596,0.0,615.0,234,2,330,0,0,0,200,200,0,0,0.0,200.0,0,,,False,0,False,not_reached,0.0,0.2
352,1408,722,89,723,1,right,0.11016577482223511,0.3146434426307678,0.21868422627449036,0.18692629039287567,0.16958029568195343,1.5536459684371948,0.0,615.0,235,2,330,0,0,0,200,200,0,0,0.0,200.0,0,,,False,0,False,not_reached,0.0,0.2
353,1412,722,79,723,2,right+A,0.11014136672019958,0.3153351843357086,0.2225126177072525,0.181741863489151,0.1702689826488495,1.5526312589645386,0.0,615.0,236,2,330,0,0,0,200,200,0,0,0.0,200.0,0,,,False,0,False,not_reached,0.0,0.2
354,1416,722,79,723,3,right+B,0.11017594486474991,0.31395843625068665,0.2271604984998703,0.1730033904314041,0.17570163309574127,1.552470088005066,0.0,615.0,237,2,330,0,0,0,200,200,0,0,0.0,200.0,0,,,False,0,False,not_reached,0.0,0.2
355,1420,722,93,723,2,right+A,0.11053435504436493,0.3148593306541443,0.22358864545822144,0.17578162252902985,0.17523609101772308,1.5530222654342651,-1.0,614.0,238,2,329,0,0,0,200,200,0,0,0.0,200.0,0,,,False,0,False,not_reached,0.0,0.2
356,1424,722,108,723,1,right,0.11084601283073425,0.3139549195766449,0.22207699716091156,0.1769651472568512,0.1761569231748581,1.5540473461151123,0.0,614.0,239,2,329,0,0,0,200,200,0,0,0.0,200.0,0,,,False,0,False,not_reached,0.0,0.2
357,1428,722,112,723,1,right,0.11050152778625488,0.31592103838920593,0.2178046703338623,0.18264900147914886,0.17312374711036682,1.5535504817962646,0.0,614.0,240,2,329,0,0,0,200,200,0,0,0.0,200.0,0,,,False,0,False,not_reached,0.0,0.2
358,1432,722,106,723,2,right+A,0.11001130193471909,0.3141762614250183,0.22324471175670624,0.17996405065059662,0.17260366678237915,1.5531809329986572,0.0,614.0,241,2,329,0,0,0,200,200,0,0,0.0,200.0,0,,,False,0,False,not_reached,0.0,0.2
359,1436,722,89,723,1,right,0.11008384823799133,0.314250648021698,0.2178637981414795,0.18773916363716125,0.17006254196166992,1.553978681564331,0.0,614.0,242,2,329,0,0,0,200,200,0,0,0.0,200.0,0,,,False,0,False,not_reached,0.0,0.2
360,1440,722,79,723,4,right+A+B,0.10976288467645645,0.3154292106628418,0.221446692943573,0.18392837047576904,0.1694328486919403,1.5525327920913696,-1.0,613.0,243,2,328,0,0,0,200,200,0,0,0.0,200.0,0,,,False,0,False,not_reached,0.0,0.2
361,1444,722,79,723,1,right,0.10974841564893723,0.3162609934806824,0.22106170654296875,0.18213877081871033,0.17079012095928192,1.5522440671920776,0.0,613.0,244,2,328,0,0,0,200,200,0,0,0.0,200.0,0,,,False,0,False,not_reached,0.0,0.2
362,1448,722,79,723,0,NOOP,0.11037931591272354,0.3165886700153351,0.21737316250801086,0.1834716498851776,0.1721872091293335,1.5531435012817383,0.0,613.0,245,2,328,0,0,0,200,200,0,0,0.0,200.0,0,,,False,0,False,not_reached,0.0,0.2
363,1452,722,93,723,2,right+A,0.11054856330156326,0.315412700176239,0.21959653496742249,0.18137457966804504,0.1730676144361496,1.553521990776062,0.0,613.0,246,2,328,0,0,0,200,200,0,0,0.0,200.0,0,,,False,0,False,not_reached,0.0,0.2
364,1456,722,109,723,2,right+A,0.11068259179592133,0.31523987650871277,0.22023122012615204,0.17925778031349182,0.17458854615688324,1.5536139011383057,0.0,613.0,247,2,328,0,0,0,200,200,0,0,0.0,200.0,0,,,False,0,False,not_reached,0.0,0.2
365,1460,722,121,723,3,right+B,0.11063385754823685,0.3146471083164215,0.21882282197475433,0.18277496099472046,0.17312128841876984,1.5541305541992188,-1.0,612.0,248,2,327,0,0,0,200,200,0,0,0.0,200.0,0,,,False,0,False,not_reached,0.0,0.2
366,1464,722,122,723,3,right+B,0.10975024849176407,0.3135339319705963,0.22697073221206665,0.17221958935260773,0.17752544581890106,1.5525422096252441,0.0,612.0,249,2,327,0,0,0,200,200,0,0,0.0,200.0,0,,,False,0,False,not_reached,0.0,0.2
367,1468,722,113,723,0,NOOP,0.10980868339538574,0.31583210825920105,0.2212369740009308,0.17875856161117554,0.17436370253562927,1.552638053894043,0.0,612.0,250,2,327,0,0,0,200,200,0,0,0.0,200.0,0,,,False,0,False,not_reached,0.0,0.2
368,1472,722,94,723,1,right,0.1101687029004097,0.3179585337638855,0.215416818857193,0.1877242475748062,0.1687317192554474,1.5523056983947754,0.0,612.0,251,2,327,0,0,0,200,200,0,0,0.0,200.0,0,,,False,0,False,not_reached,0.0,0.2
369,1476,722,79,723,4,right+A+B,0.11050848662853241,0.3153737783432007,0.21790489554405212,0.18678775429725647,0.1694251149892807,1.553551435470581,0.0,612.0,252,2,327,0,0,0,200,200,0,0,0.0,200.0,0,,,False,0,False,not_reached,0.0,0.2
370,1480,722,79,723,1,right,0.10993030667304993,0.3155844509601593,0.21722953021526337,0.1902393102645874,0.16701635718345642,1.5529547929763794,-1.0,611.0,253,2,326,0,0,0,200,200,0,0,0.0,200.0,0,,,False,0,False,not_reached,0.0,0.2
371,1484,722,93,723,4,right+A+B,0.10965277999639511,0.31471186876296997,0.22431983053684235,0.18215221166610718,0.1691633015871048,1.552278995513916,0.0,611.0,254,2,326,0,0,0,200,200,0,0,0.0,200.0,0,,,False,0,False,not_reached,0.0,0.2
372,1488,722,108,723,0,NOOP,0.10965465009212494,0.31330353021621704,0.22890499234199524,0.1738899201154709,0.17424695193767548,1.55215585231781,0.0,611.0,255,2,326,0,0,0,200,200,0,0,0.0,200.0,0,,,False,0,False,not_reached,0.0,0.2
373,1492,722,112,723,3,right+B,0.11014118045568466,0.31354832649230957,0.22492408752441406,0.17740105092525482,0.1739853471517563,1.5532594919204712,0.0,611.0,256,2,326,0,0,0,200,200,0,0,0.0,200.0,0,,,False,0,False,not_reached,0.0,0.2
374,1496,722,106,723,1,right,0.11009926348924637,0.31220921874046326,0.22728992998600006,0.17545506358146667,0.174946591258049,1.5534307956695557,0.0,611.0,257,2,326,0,0,0,200,200,0,0,0.0,200.0,0,,,False,0,False,not_reached,0.0,0.2
375,1500,722,89,723,1,right,0.1104649007320404,0.31342411041259766,0.22079482674598694,0.1837310642004013,0.17158512771129608,1.5542511940002441,-1.0,610.0,258,2,325,0,0,0,200,200,0,0,0.0,200.0,0,,,False,0,False,not_reached,0.0,0.2
376,1504,722,79,723,2,right+A,0.11000537872314453,0.3138815462589264,0.22611774504184723,0.17660561203956604,0.1733897179365158,1.552703857421875,0.0,610.0,259,2,325,0,0,0,200,200,0,0,0.0,200.0,0,,,False,0,False,not_reached,0.0,0.2
377,1508,722,79,723,4,right+A+B,0.10966654866933823,0.3120003640651703,0.2329721599817276,0.16933207213878632,0.17602887749671936,1.551698923110962,0.0,610.0,260,2,325,0,0,0,200,200,0,0,0.0,200.0,0,,,False,0,False,not_reached,0.0,0.2
378,1512,722,79,723,4,right+A+B,0.10993039608001709,0.3129735589027405,0.2286706417798996,0.17307338118553162,0.1753520369529724,1.5525332689285278,0.0,610.0,261,2,325,0,0,0,200,200,0,0,0.0,200.0,0,,,False,0,False,not_reached,0.0,0.2
379,1516,722,79,723,0,NOOP,0.11038577556610107,0.3130739629268646,0.22695453464984894,0.17333926260471344,0.17624638974666595,1.5531368255615234,0.0,610.0,262,2,325,0,0,0,200,200,0,0,0.0,200.0,0,,,False,0,False,not_reached,0.0,0.2
380,1520,722,93,723,2,right+A,0.11011140793561935,0.3131256401538849,0.22847671806812286,0.17293274402618408,0.1753534972667694,1.5525790452957153,-1.0,609.0,263,2,324,0,0,0,200,200,0,0,0.0,200.0,0,,,False,0,False,not_reached,0.0,0.2
381,1524,722,109,723,2,right+A,0.11007452756166458,0.3126296401023865,0.22838342189788818,0.17371681332588196,0.17519554495811462,1.5528826713562012,0.0,609.0,264,2,324,0,0,0,200,200,0,0,0.0,200.0,0,,,False,0,False,not_reached,0.0,0.2
382,1528,722,121,723,3,right+B,0.11005400121212006,0.3124988377094269,0.22645340859889984,0.1775294840335846,0.17346429824829102,1.5534348487854004,0.0,609.0,265,2,324,0,0,0,200,200,0,0,0.0,200.0,0,,,False,0,False,not_reached,0.0,0.2
383,1532,722,122,723,1,right,0.10879378765821457,0.31151172518730164,0.23549482226371765,0.16648924350738525,0.1777104288339615,1.5506987571716309,0.0,609.0,266,2,324,0,0,0,200,200,0,0,0.0,200.0,0,,,False,0,False,not_reached,0.0,0.2
384,1536,722,113,723,4,right+A+B,0.10891514271497726,0.31286516785621643,0.23082596063613892,0.1714925467967987,0.1759011596441269,1.5515062808990479,0.0,609.0,267,2,324,0,0,0,200,200,0,0,0.0,200.0,0,,,False,0,False,not_reached,0.0,0.2
385,1540,722,94,723,4,right+A+B,0.10971064120531082,0.3160583972930908,0.22060762345790863,0.183064267039299,0.17055906355381012,1.552406668663025,-1.0,608.0,268,2,323,0,0,0,200,200,0,0,0.0,200.0,0,,,False,0,False,not_reached,0.0,0.2
386,1544,722,79,723,2,right+A,0.11037501692771912,0.3137824833393097,0.22114433348178864,0.18238261342048645,0.1723155379295349,1.553992748260498,0.0,608.0,269,2,323,0,0,0,200,200,0,0,0.0,200.0,0,,,False,0,False,not_reached,0.0,0.2
387,1548,722,79,723,3,right+B,0.110238216817379,0.3141649067401886,0.21894748508930206,0.1858808398246765,0.17076849937438965,1.5540002584457397,0.0,608.0,270,2,323,0,0,0,200,200,0,0,0.0,200.0,0,,,False,0,False,not_reached,0.0,0.2
388,1552,722,93,723,4,right+A+B,0.11036112159490585,0.31397444009780884,0.2239322066307068,0.17900392413139343,0.17272831499576569,1.5533181428909302,0.0,608.0,271,2,323,0,0,0,200,200,0,0,0.0,200.0,0,,,False,0,False,not_reached,0.0,0.2
389,1556,722,109,723,4,right+A+B,0.11007395386695862,0.3120037019252777,0.2306140512228012,0.16951540112495422,0.17779283225536346,1.552536129951477,0.0,608.0,272,2,323,0,0,0,200,200,0,0,0.0,200.0,0,,,False,0,False,not_reached,0.0,0.2
390,1560,722,121,723,1,right,0.1104138121008873,0.3121475279331207,0.2281571477651596,0.17244452238082886,0.1768369972705841,1.5533555746078491,-1.0,607.0,273,2,322,0,0,0,200,200,0,0,0.0,200.0,0,,,False,0,False,not_reached,0.0,0.2
391,1564,722,122,723,4,right+A+B,0.10957133769989014,0.31181371212005615,0.23280328512191772,0.16590309143066406,0.1799086183309555,1.5515974760055542,0.0,607.0,274,2,322,0,0,0,200,200,0,0,0.0,200.0,0,,,False,0,False,not_reached,0.0,0.2
392,1568,722,113,723,3,right+B,0.10940182209014893,0.3129222095012665,0.22952888906002045,0.17036432027816772,0.1777828186750412,1.5520122051239014,0.0,607.0,275,2,322,0,0,0,200,200,0,0,0.0,200.0,0,,,False,0,False,not_reached,0.0,0.2
393,1572,722,94,723,2,right+A,0.10980492830276489,0.3155801594257355,0.2220536470413208,0.18060609698295593,0.1719551831483841,1.5525176525115967,0.0,607.0,276,2,322,0,0,0,200,200,0,0,0.0,200.0,0,,,False,0,False,not_reached,0.0,0.2
394,1576,722,79,723,1,right,0.10993592441082001,0.3141323924064636,0.22178171575069427,0.18348348140716553,0.17066654562950134,1.5533525943756104,0.0,607.0,277,2,322,0,0,0,200,200,0,0,0.0,200.0,0,,,False,0,False,not_reached,0.0,0.2
395,1580,722,93,723,2,right+A,0.10953638702630997,0.3148370087146759,0.219588503241539,0.187664195895195,0.1683739423751831,1.5529437065124512,-1.0,606.0,278,2,321,0,0,0,200,200,0,0,0.0,200.0,0,,,False,0,False,not_reached,0.0,0.2
396,1584,722,108,723,0,NOOP,0.10961263626813889,0.3134174346923828,0.2251943051815033,0.18005403876304626,0.17172160744667053,1.5529381036758423,0.0,606.0,279,2,321,0,0,0,200,200,0,0,0.0,200.0,0,,,False,0,False,not_reached,0.0,0.2
397,1588,722,112,723,0,NOOP,0.10992501676082611,0.313530832529068,0.2259730100631714,0.17694097757339478,0.17363011837005615,1.55290687084198,0.0,606.0,280,2,321,0,0,0,200,200,0,0,0.0,200.0,0,,,False,0,False,not_reached,0.0,0.2
398,1592,722,106,723,1,right,0.11023259162902832,0.31427329778671265,0.22514446079730988,0.17780907452106476,0.17254061996936798,1.552802562713623,0.0,606.0,281,2,321,0,0,0,200,200,0,0,0.0,200.0,0,,,False,0,False,not_reached,0.0,0.2
399,1596,722,89,723,2,right+A,0.11060705035924911,0.3151603043079376,0.21678347885608673,0.18851613998413086,0.16893300414085388,1.5538278818130493,0.0,606.0,282,2,321,0,0,0,200,200,0,0,0.0,200.0,0,,,False,0,False,not_reached,0.0,0.2
400,1600,722,79,723,2,right+A,0.1103346049785614,0.3160538971424103,0.2208315134048462,0.18299850821495056,0.1697814166545868,1.5526280403137207,-1.0,605.0,283,2,320,0,0,0,200,200,0,0,0.0,200.0,0,,,False,0,False,not_reached,0.0,0.2
401,1604,722,79,723,2,right+A,0.10980722308158875,0.31333789229393005,0.2285856157541275,0.1749308556318283,0.1733384132385254,1.5522897243499756,0.0,605.0,284,2,320,0,0,0,200,200,0,0,0.0,200.0,0,,,False,0,False,not_reached,0.0,0.2
402,1608,722,79,723,2,right+A,0.1102333664894104,0.31497281789779663,0.22373846173286438,0.17881380021572113,0.17224159836769104,1.5527188777923584,0.0,605.0,285,2,320,0,0,0,200,200,0,0,0.0,200.0,0,,,False,0,False,not_reached,0.0,0.2
403,1612,722,79,723,0,NOOP,0.11081486195325851,0.3168971538543701,0.21794603765010834,0.18288739025592804,0.1714545488357544,1.5530486106872559,0.0,605.0,286,2,320,0,0,0,200,200,0,0,0.0,200.0,0,,,False,0,False,not_reached,0.0,0.2
404,1616,722,79,723,1,right,0.11049700528383255,0.3157854378223419,0.2213449478149414,0.1801539808511734,0.17221865057945251,1.5529026985168457,0.0,605.0,287,2,320,0,0,0,200,200,0,0,0.0,200.0,0,,,False,0,False,not_reached,0.0,0.2
405,1620,722,79,723,3,right+B,0.11012808233499527,0.3149506449699402,0.22347722947597504,0.1791500598192215,0.17229393124580383,1.5527405738830566,-1.0,604.0,288,2,319,0,0,0,200,200,0,0,0.0,200.0,0,,,False,0,False,not_reached,0.0,0.2
406,1624,722,79,723,1,right,0.11039046943187714,0.31589221954345703,0.22092215716838837,0.18293556571006775,0.1698596328496933,1.5527334213256836,0.0,604.0,289,2,319,0,0,0,200,200,0,0,0.0,200.0,0,,,False,0,False,not_reached,0.0,0.2
407,1628,722,79,723,1,right,0.11013824492692947,0.3172733783721924,0.2203744500875473,0.18410949409008026,0.16810443997383118,1.5518078804016113,0.0,604.0,290,2,319,0,0,0,200,200,0,0,0.0,200.0,0,,,False,0,False,not_reached,0.0,0.2
408,1632,722,93,723,2,right+A,0.11026415973901749,0.31903141736984253,0.21755017340183258,0.18659773468971252,0.1665564775466919,1.5512356758117676,0.0,604.0,291,2,319,0,0,0,200,200,0,0,0.0,200.0,0,,,False,0,False,not_reached,0.0,0.2
409,1636,722,108,723,1,right,0.11074768006801605,0.31734520196914673,0.21580485999584198,0.1881299614906311,0.16797232627868652,1.5527986288070679,0.0,604.0,292,2,319,0,0,0,200,200,0,0,0.0,200.0,0,,,False,0,False,not_reached,0.0,0.2
410,1640,722,112,723,1,right,0.11083981394767761,0.3145405352115631,0.21978545188903809,0.18131761252880096,0.17351658642292023,1.5541313886642456,-1.0,603.0,293,2,318,0,0,0,200,200,0,0,0.0,200.0,0,,,False,0,False,not_reached,0.0,0.2
411,1644,722,106,723,1,right,0.11062338203191757,0.31412363052368164,0.2228393256664276,0.17826814949512482,0.17414551973342896,1.5536463260650635,0.0,603.0,294,2,318,0,0,0,200,200,0,0,0.0,200.0,0,,,False,0,False,not_reached,0.0,0.2
412,1648,722,89,723,3,right+B,0.11109886318445206,0.31623420119285583,0.2127918004989624,0.18863064050674438,0.17124448716640472,1.5542937517166138,0.0,603.0,295,2,318,0,0,0,200,200,0,0,0.0,200.0,0,,,False,0,False,not_reached,0.0,0.2
413,1652,722,79,723,2,right+A,0.11048131436109543,0.3169586658477783,0.22025863826274872,0.18038277328014374,0.17191852629184723,1.5524413585662842,0.0,603.0,296,2,318,0,0,0,200,200,0,0,0.0,200.0,0,,,False,0,False,not_reached,0.0,0.2
414,1656,722,79,723,4,right+A+B,0.10985669493675232,0.3143695294857025,0.22790992259979248,0.17468532919883728,0.1731785088777542,1.5518877506256104,0.0,603.0,297,2,318,0,0,0,200,200,0,0,0.0,200.0,0,,,False,0,False,not_reached,0.0,0.2
415,1660,722,79,723,1,right,0.10992234945297241,0.31390002369880676,0.22657717764377594,0.17683908343315125,0.17276138067245483,1.5525270700454712,-1.0,602.0,298,2,317,0,0,0,200,200,0,0,0.0,200.0,0,,,False,0,False,not_reached,0.0,0.2
416,1664,722,93,723,4,right+A+B,0.11059751361608505,0.31206682324409485,0.22729617357254028,0.17609550058841705,0.17394401133060455,1.5537351369857788,0.0,602.0,299,2,317,0,0,0,200,200,0,0,0.0,200.0,0,,,False,0,False,not_reached,0.0,0.2
417,1668,722,109,723,2,right+A,0.11056641489267349,0.31524479389190674,0.2234930545091629,0.17845742404460907,0.1722383201122284,1.5527797937393188,0.0,602.0,300,2,317,0,0,0,200,200,0,0,0.0,200.0,0,,,False,0,False,not_reached,0.0,0.2
418,1672,722,121,723,1,right,0.1106186956167221,0.3160659968852997,0.22208383679389954,0.1818075031042099,0.1694239377975464,1.5524948835372925,0.0,602.0,301,2,317,0,0,0,200,200,0,0,0.0,200.0,0,,,False,0,False,not_reached,0.0,0.2
419,1676,722,122,723,0,NOOP,0.10929644107818604,0.31135159730911255,0.23501010239124298,0.16937169432640076,0.17497014999389648,1.5513120889663696,0.0,602.0,302,2,317,0,0,0,200,200,0,0,0.0,200.0,0,,,False,0,False,not_reached,0.0,0.2
420,1680,722,113,723,2,right+A,0.1087251529097557,0.30927371978759766,0.2366950958967209,0.16740593314170837,0.17790013551712036,1.5516295433044434,-1.0,601.0,303,2,316,0,0,0,200,200,0,0,0.0,200.0,0,,,False,0,False,not_reached,0.0,0.2
421,1684,722,94,723,3,right+B,0.11007755249738693,0.313979834318161,0.22723519802093506,0.17409701645374298,0.174610435962677,1.5524028539657593,0.0,601.0,304,2,316,0,0,0,200,200,0,0,0.0,200.0,0,,,False,0,False,not_reached,0.0,0.2
422,1688,722,79,723,2,right+A,0.11078544706106186,0.31161874532699585,0.22637732326984406,0.1747775822877884,0.17644087970256805,1.554318904876709,0.0,601.0,305,2,316,0,0,0,200,200,0,0,0.0,200.0,0,,,False,0,False,not_reached,0.0,0.2
423,1692,722,79,723,1,right,0.11030212044715881,0.31329795718193054,0.2213926464319229,0.18407760560512543,0.17092972993850708,1.554078459739685,0.0,601.0,306,2,316,0,0,0,200,200,0,0,0.0,200.0,0,,,False,0,False,not_reached,0.0,0.2
424,1696,722,93,723,4,right+A+B,0.10962963104248047,0.3124611973762512,0.22587494552135468,0.1834377497434616,0.16859649121761322,1.5531134605407715,0.0,601.0,307,2,316,0,0,0,200,200,0,0,0.0,200.0,0,,,False,0,False,not_reached,0.0,0.2
425,1700,722,109,723,2,right+A,0.11013723909854889,0.3111947476863861,0.2291591763496399,0.1758597046136856,0.17364908754825592,1.5535306930541992,-1.0,600.0,308,2,315,0,0,0,200,200,0,0,0.0,200.0,0,,,False,0,False,not_reached,0.0,0.2
426,1704,722,122,723,4,right+A+B,0.11036595702171326,0.3123217225074768,0.2245514988899231,0.1785658299922943,0.1741950362920761,1.5541508197784424,0.0,600.0,309,2,315,0,0,0,200,200,0,0,0.0,200.0,0,,,False,0,False,not_reached,0.0,0.2
427,1708,722,130,723,1,right,0.11030832678079605,0.31549176573753357,0.22302502393722534,0.17669276893138885,0.17448216676712036,1.5526764392852783,0.0,600.0,310,2,315,0,0,0,200,200,0,0,0.0,200.0,0,,,False,0,False,not_reached,0.0,0.2
428,1712,722,129,723,1,right,0.11016817390918732,0.3142538070678711,0.2204110026359558,0.18293586373329163,0.17223118245601654,1.5537669658660889,0.0,600.0,311,2,315,0,0,0,200,200,0,0,0.0,200.0,0,,,False,0,False,not_reached,0.0,0.2
429,1716,722,117,723,2,right+A,0.10962424427270889,0.31041082739830017,0.2219507396221161,0.18792082369327545,0.17009340226650238,1.5550436973571777,0.0,600.0,312,2,315,0,0,0,200,200,0,0,0.0,200.0,0,,,False,0,False,not_reached,0.0,0.2
430,1720,722,97,723,2,right+A,0.10955163091421127,0.31180986762046814,0.22631093859672546,0.18100112676620483,0.1713263839483261,1.5535202026367188,-1.0,599.0,313,2,314,0,0,0,200,200,0,0,0.0,200.0,0,,,False,0,False,not_reached,0.0,0.2
431,1724,722,79,723,1,right,0.11008565127849579,0.3146967887878418,0.2265513837337494,0.17692317068576813,0.1717430055141449,1.5521260499954224,0.0,599.0,314,2,314,0,0,0,200,200,0,0,0.0,200.0,0,,,False,0,False,not_reached,0.0,0.2
432,1728,722,79,723,1,right,0.10971855372190475,0.3126313388347626,0.22828759253025055,0.17721472680568695,0.17214782536029816,1.5527092218399048,0.0,599.0,315,2,314,0,0,0,200,200,0,0,0.0,200.0,0,,,False,0,False,not_reached,0.0,0.2
433,1732,722,79,723,0,NOOP,0.11056627333164215,0.3150785267353058,0.21522679924964905,0.19435817003250122,0.1647702008485794,1.5534621477127075,0.0,599.0,316,2,314,0,0,0,200,200,0,0,0.0,200.0,0,,,False,0,False,not_reached,0.0,0.2
434,1736,722,93,723,2,right+A,0.11059600114822388,0.31141623854637146,0.22264257073402405,0.18312829732894897,0.17221687734127045,1.555077314376831,0.0,599.0,317,2,314,0,0,0,200,200,0,0,0.0,200.0,0,,,False,0,False,not_reached,0.0,0.2
435,1740,722,109,723,2,right+A,0.11070816218852997,0.3110208809375763,0.2228945791721344,0.18083298206329346,0.17454329133033752,1.5554068088531494,-1.0,598.0,318,2,313,0,0,0,200,200,0,0,0.0,200.0,0,,,False,0,False,not_reached,0.0,0.2
436,1744,722,121,723,0,NOOP,0.11032070219516754,0.31227028369903564,0.22281330823898315,0.18223729729652405,0.17235839366912842,1.5544565916061401,0.0,598.0,319,2,313,0,0,0,200,200,0,0,0.0,200.0,0,,,False,0,False,not_reached,0.0,0.2
437,1748,722,122,723,1,right,0.10974451899528503,0.31330063939094543,0.22732876241207123,0.17689572274684906,0.17273040115833282,1.5525975227355957,0.0,598.0,320,2,313,0,0,0,200,200,0,0,0.0,200.0,0,,,False,0,False,not_reached,0.0,0.2
438,1752,722,113,723,3,right+B,0.10983911901712418,0.315516859292984,0.22269490361213684,0.18095284700393677,0.17099621891975403,1.5523864030838013,0.0,598.0,321,2,313,0,0,0,200,200,0,0,0.0,200.0,0,,,False,0,False,not_reached,0.0,0.2
439,1756,722,94,723,0,NOOP,0.11043480783700943,0.3172057569026947,0.20930413901805878,0.19757699966430664,0.16547833383083344,1.5529639720916748,0.0,598.0,322,2,313,0,0,0,200,200,0,0,0.0,200.0,0,,,False,0,False,not_reached,0.0,0.2
440,1760,722,79,723,4,right+A+B,0.11076700687408447,0.3150683045387268,0.20853778719902039,0.1994933784008026,0.1661335676908493,1.5543094873428345,-1.0,597.0,323,2,312,0,0,0,200,200,0,0,0.0,200.0,0,,,False,0,False,not_reached,0.0,0.2
441,1764,722,79,723,0,NOOP,0.10992113500833511,0.31374648213386536,0.21490773558616638,0.19368502497673035,0.1677396297454834,1.5542320013046265,0.0,597.0,324,2,312,0,0,0,200,200,0,0,0.0,200.0,0,,,False,0,False,not_reached,0.0,0.2
442,1768,722,79,723,1,right,0.1097249761223793,0.3116322159767151,0.22697535157203674,0.18229839205741882,0.16936899721622467,1.5534310340881348,0.0,597.0,325,2,312,0,0,0,200,200,0,0,0.0,200.0,0,,,False,0,False,not_reached,0.0,0.2
443,1772,722,79,723,3,right+B,0.10960482805967331,0.31082308292388916,0.23235809803009033,0.17291797697544098,0.17429600656032562,1.5526055097579956,0.0,597.0,326,2,312,0,0,0,200,200,0,0,0.0,200.0,0,,,False,0,False,not_reached,0.0,0.2
444,1776,722,79,723,1,right,0.1098678782582283,0.31227144598960876,0.23256558179855347,0.1699691265821457,0.1753259152173996,1.551774501800537,0.0,597.0,327,2,312,0,0,0,200,200,0,0,0.0,200.0,0,,,False,0,False,not_reached,0.0,0.2
445,1780,722,93,723,2,right+A,0.10955562442541122,0.3104710876941681,0.23657633364200592,0.16438931226730347,0.1790076047182083,1.5511902570724487,-1.0,596.0,328,2,311,0,0,0,200,200,0,0,0.0,200.0,0,,,False,0,False,not_reached,0.0,0.2
446,1784,722,109,723,4,right+A+B,0.10980302095413208,0.3095930814743042,0.23726218938827515,0.16459886729717255,0.17874285578727722,1.551619291305542,0.0,596.0,329,2,311,0,0,0,200,200,0,0,0.0,200.0,0,,,False,0,False,not_reached,0.0,0.2
447,1788,722,121,723,0,NOOP,0.11043865978717804,0.3124818205833435,0.22960343956947327,0.1729801595211029,0.17449596524238586,1.5528010129928589,0.0,596.0,330,2,311,0,0,0,200,200,0,0,0.0,200.0,0,,,False,0,False,not_reached,0.0,0.2
448,1792,722,122,723,3,right+B,0.10998731851577759,0.3138357102870941,0.23221071064472198,0.16592887043952942,0.17803743481636047,1.5508289337158203,0.0,596.0,331,2,311,0,0,0,200,200,0,0,0.0,200.0,0,,,False,0,False,not_reached,0.0,0.2
449,1796,722,113,723,1,right,0.11018622666597366,0.314255952835083,0.2264784276485443,0.17491914331912994,0.17416027188301086,1.5524886846542358,0.0,596.0,332,2,311,0,0,0,200,200,0,0,0.0,200.0,0,,,False,0,False,not_reached,0.0,0.2
450,1800,722,94,723,1,right,0.11024131625890732,0.3148554265499115,0.22215542197227478,0.18222397565841675,0.17052388191223145,1.5530332326889038,-1.0,595.0,333,2,310,0,0,0,200,200,0,0,0.0,200.0,0,,,False,0,False,not_reached,0.0,0.2
451,1804,722,79,723,1,right,0.11030999571084976,0.3127627372741699,0.22397278249263763,0.1815331131219864,0.1714213341474533,1.5538934469223022,0.0,595.0,334,2,310,0,0,0,200,200,0,0,0.0,200.0,0,,,False,0,False,not_reached,0.0,0.2
452,1808,722,79,723,1,right,0.11042526364326477,0.31557226181030273,0.21512751281261444,0.1911633461713791,0.16771166026592255,1.5535870790481567,0.0,595.0,335,2,310,0,0,0,200,200,0,0,0.0,200.0,0,,,False,0,False,not_reached,0.0,0.2
453,1812,722,93,723,2,right+A,0.11045554280281067,0.31488755345344543,0.22014547884464264,0.185132697224617,0.16937877237796783,1.5534093379974365,0.0,595.0,336,2,310,0,0,0,200,200,0,0,0.0,200.0,0,,,False,0,False,not_reached,0.0,0.2
454,1816,722,108,723,1,right,0.11022797226905823,0.3133062720298767,0.22778934240341187,0.1720726042985916,0.17660380899906158,1.5526907444000244,0.0,595.0,337,2,310,0,0,0,200,200,0,0,0.0,200.0,0,,,False,0,False,not_reached,0.0,0.2
455,1820,722,112,723,1,right,0.11026573926210403,0.31300249695777893,0.2275264710187912,0.17482297122478485,0.17438241839408875,1.5529850721359253,-1.0,594.0,338,2,309,0,0,0,200,200,0,0,0.0,200.0,0,,,False,0,False,not_reached,0.0,0.2
456,1824,722,106,723,4,right+A+B,0.10998398065567017,0.31405967473983765,0.22379203140735626,0.18147945404052734,0.17068488895893097,1.5530164241790771,0.0,594.0,339,2,309,0,0,0,200,200,0,0,0.0,200.0,0,,,False,0,False,not_reached,0.0,0.2
457,1828,722,89,723,3,right+B,0.11044380068778992,0.31650906801223755,0.2130993902683258,0.19249582290649414,0.16745193302631378,1.5533173084259033,0.0,594.0,340,2,309,0,0,0,200,200,0,0,0.0,200.0,0,,,False,0,False,not_reached,0.0,0.2
458,1832,722,79,723,4,right+A+B,0.11043669283390045,0.3178243339061737,0.21762940287590027,0.18537896871566772,0.16873057186603546,1.5521881580352783,0.0,594.0,341,2,309,0,0,0,200,200,0,0,0.0,200.0,0,,,False,0,False,not_reached,0.0,0.2
459,1836,722,79,723,1,right,0.11030101031064987,0.31389322876930237,0.2274591624736786,0.17396549880504608,0.1743810772895813,1.5524966716766357,0.0,594.0,342,2,309,0,0,0,200,200,0,0,0.0,200.0,0,,,False,0,False,not_reached,0.0,0.2
460,1840,722,79,723,3,right+B,0.11073779314756393,0.3155011236667633,0.21923255920410156,0.1821826547384262,0.17234587669372559,1.5535987615585327,-1.0,593.0,343,2,308,0,0,0,200,200,0,0,0.0,200.0,0,,,False,0,False,not_reached,0.0,0.2
461,1844,722,79,723,1,right,0.11088011413812637,0.3167799115180969,0.2172016203403473,0.1823362559080124,0.17280206084251404,1.5533558130264282,0.0,593.0,344,2,308,0,0,0,200,200,0,0,0.0,200.0,0,,,False,0,False,not_reached,0.0,0.2
462,1848,722,93,723,4,right+A+B,0.11056947708129883,0.3156174421310425,0.22009707987308502,0.1814643144607544,0.17225170135498047,1.5532824993133545,0.0,593.0,345,2,308,0,0,0,200,200,0,0,0.0,200.0,0,,,False,0,False,not_reached,0.0,0.2
463,1852,722,108,723,3,right+B,0.1105383113026619,0.3145630657672882,0.22173018753528595,0.1783364713191986,0.17483197152614594,1.5536158084869385,0.0,593.0,346,2,308,0,0,0,200,200,0,0,0.0,200.0,0,,,False,0,False,not_reached,0.0,0.2
464,1856,722,112,723,1,right,0.11071855574846268,0.3144531548023224,0.22138582170009613,0.17952659726142883,0.1739158034324646,1.5538142919540405,0.0,593.0,347,2,308,0,0,0,200,200,0,0,0.0,200.0,0,,,False,0,False,not_reached,0.0,0.2
465,1860,722,106,723,4,right+A+B,0.11001969128847122,0.31237414479255676,0.22732144594192505,0.17609547078609467,0.17418918013572693,1.5532852411270142,-1.0,592.0,348,2,307,0,0,0,200,200,0,0,0.0,200.0,0,,,False,0,False,not_reached,0.0,0.2
466,1864,722,89,723,3,right+B,0.11008604615926743,0.31490588188171387,0.21803808212280273,0.188859224319458,0.16811078786849976,1.5534082651138306,0.0,592.0,349,2,307,0,0,0,200,200,0,0,0.0,200.0,0,,,False,0,False,not_reached,0.0,0.2
467,1868,722,79,723,2,right+A,0.10959183424711227,0.31609243154525757,0.22253628075122833,0.18377622961997986,0.16800321638584137,1.5517574548721313,0.0,592.0,350,2,307,0,0,0,200,200,0,0,0.0,200.0,0,,,False,0,False,not_reached,0.0,0.2
468,1872,722,79,723,1,right,0.10961886495351791,0.31465503573417664,0.2286454737186432,0.17685569822788239,0.17022491991519928,1.5513482093811035,0.0,592.0,351,2,307,0,0,0,200,200,0,0,0.0,200.0,0,,,False,0,False,not_reached,0.0,0.2
469,1876,722,79,723,3,right+B,0.11020994186401367,0.3160759210586548,0.22274313867092133,0.18156874179840088,0.16940221190452576,1.552150845527649,0.0,592.0,352,2,307,0,0,0,200,200,0,0,0.0,200.0,0,,,False,0,False,not_reached,0.0,0.2
470,1880,722,79,723,1,right,0.1107756569981575,0.31530171632766724,0.2230396419763565,0.17828740179538727,0.17259551584720612,1.5529608726501465,-1.0,591.0,353,2,306,0,0,0,200,200,0,0,0.0,200.0,0,,,False,0,False,not_reached,0.0,0.2
471,1884,722,93,723,2,right+A,0.11054424196481705,0.31459030508995056,0.22437967360019684,0.17734010517597198,0.17314571142196655,1.5529658794403076,0.0,591.0,354,2,306,0,0,0,200,200,0,0,0.0,200.0,0,,,False,0,False,not_reached,0.0,0.2
472,1888,722,108,723,3,right+B,0.11059878766536713,0.31346043944358826,0.22640658915042877,0.1733938753604889,0.17614032328128815,1.5531529188156128,0.0,591.0,355,2,306,0,0,0,200,200,0,0,0.0,200.0,0,,,False,0,False,not_reached,0.0,0.2
473,1892,722,112,723,0,NOOP,0.1107238307595253,0.31249865889549255,0.22667035460472107,0.17414434254169464,0.17596273124217987,1.5537073612213135,0.0,591.0,356,2,306,0,0,0,200,200,0,0,0.0,200.0,0,,,False,0,False,not_reached,0.0,0.2
474,1896,722,106,723,4,right+A+B,0.1101667582988739,0.31090569496154785,0.2318568378686905,0.170482337474823,0.17658838629722595,1.5529088973999023,0.0,591.0,357,2,306,0,0,0,200,200,0,0,0.0,200.0,0,,,False,0,False,not_reached,0.0,0.2
475,1900,722,89,723,3,right+B,0.11053813993930817,0.31260573863983154,0.22325684130191803,0.18105696141719818,0.17254231870174408,1.5543016195297241,-1.0,590.0,358,2,305,0,0,0,200,200,0,0,0.0,200.0,0,,,False,0,False,not_reached,0.0,0.2
476,1904,722,79,723,1,right,0.10995838046073914,0.31350865960121155,0.2284223437309265,0.1751403510570526,0.17297020554542542,1.5523000955581665,0.0,590.0,359,2,305,0,0,0,200,200,0,0,0.0,200.0,0,,,False,0,False,not_reached,0.0,0.2
477,1908,722,79,723,1,right,0.10950614511966705,0.31174755096435547,0.23538024723529816,0.16814683377742767,0.17521914839744568,1.5510281324386597,0.0,590.0,360,2,305,0,0,0,200,200,0,0,0.0,200.0,0,,,False,0,False,not_reached,0.0,0.2
478,1912,722,79,723,3,right+B,0.10955929756164551,0.31292229890823364,0.23141852021217346,0.1727592945098877,0.17334061861038208,1.5516271591186523,0.0,590.0,361,2,305,0,0,0,200,200,0,0,0.0,200.0,0,,,False,0,False,not_reached,0.0,0.2
479,1916,722,79,723,3,right+B,0.10977558046579361,0.31283631920814514,0.2305963933467865,0.17271779477596283,0.17407391965389252,1.5520113706588745,0.0,590.0,362,2,305,0,0,0,200,200,0,0,0.0,200.0,0,,,False,0,False,not_reached,0.0,0.2
480,1920,722,93,723,2,right+A,0.10963688045740128,0.3131948709487915,0.2293500453233719,0.17490310966968536,0.17291510105133057,1.5520836114883423,-1.0,589.0,363,2,304,0,0,0,200,200,0,0,0.0,200.0,0,,,False,0,False,not_reached,0.0,0.2
481,1924,722,109,723,2,right+A,0.11006221175193787,0.3133261799812317,0.22702854871749878,0.1755082607269287,0.1740747094154358,1.552830457687378,0.0,589.0,364,2,304,0,0,0,200,200,0,0,0.0,200.0,0,,,False,0,False,not_reached,0.0,0.2
482,1928,722,121,723,3,right+B,0.11048717796802521,0.3124023675918579,0.2273077666759491,0.17346274852752686,0.17633995413780212,1.5534820556640625,0.0,589.0,365,2,304,0,0,0,200,200,0,0,0.0,200.0,0,,,False,0,False,not_reached,0.0,0.2
483,1932,722,122,723,3,right+B,0.10964147746562958,0.31156450510025024,0.23457467555999756,0.16446983814239502,0.17974954843521118,1.5511834621429443,0.0,589.0,366,2,304,0,0,0,200,200,0,0,0.0,200.0,0,,,False,0,False,not_reached,0.0,0.2
484,1936,722,113,723,3,right+B,0.10975800454616547,0.3127247095108032,0.2298966348171234,0.16919587552547455,0.17842470109462738,1.5521466732025146,0.0,589.0,367,2,304,0,0,0,200,200,0,0,0.0,200.0,0,,,False,0,False,not_reached,0.0,0.2
485,1940,722,94,723,4,right+A+B,0.11026729643344879,0.3150557279586792,0.22292602062225342,0.1788923591375351,0.17285862565040588,1.5528908967971802,-1.0,588.0,368,2,303,0,0,0,200,200,0,0,0.0,200.0,0,,,False,0,False,not_reached,0.0,0.2
486,1944,722,79,723,3,right+B,0.1105823963880539,0.3129664361476898,0.22354742884635925,0.1797114610671997,0.1731923371553421,1.554090142250061,0.0,588.0,369,2,303,0,0,0,200,200,0,0,0.0,200.0,0,,,False,0,False,not_reached,0.0,0.2
487,1948,722,79,723,1,right,0.11042103171348572,0.313612163066864,0.22089636325836182,0.18366532027721405,0.1714051067829132,1.5540969371795654,0.0,588.0,370,2,303,0,0,0,200,200,0,0,0.0,200.0,0,,,False,0,False,not_reached,0.0,0.2
488,1952,722,93,723,2,right+A,0.11031164228916168,0.3136097192764282,0.22611413896083832,0.1778126060962677,0.17215195298194885,1.5529743432998657,0.0,588.0,371,2,303,0,0,0,200,200,0,0,0.0,200.0,0,,,False,0,False,not_reached,0.0,0.2
489,1956,722,108,723,0,NOOP,0.10992208868265152,0.3117293417453766,0.23297567665576935,0.1683795154094696,0.17699335515499115,1.5519312620162964,0.0,588.0,372,2,303,0,0,0,200,200,0,0,0.0,200.0,0,,,False,0,False,not_reached,0.0,0.2
490,1960,722,112,723,0,NOOP,0.11005855351686478,0.3118804395198822,0.230967715382576,0.17205068469047546,0.17504261434078217,1.5525864362716675,-1.0,587.0,373,2,302,0,0,0,200,200,0,0,0.0,200.0,0,,,False,0,False,not_reached,0.0,0.2
491,1964,722,106,723,1,right,0.10944488644599915,0.31085649132728577,0.23352597653865814,0.17164622247219086,0.1745263785123825,1.5521581172943115,0.0,587.0,374,2,302,0,0,0,200,200,0,0,0.0,200.0,0,,,False,0,False,not_reached,0.0,0.2
492,1968,722,89,723,3,right+B,0.1099403128027916,0.3128299117088318,0.22382494807243347,0.1832861751317978,0.17011864483356476,1.5536149740219116,0.0,587.0,375,2,302,0,0,0,200,200,0,0,0.0,200.0,0,,,False,0,False,not_reached,0.0,0.2
493,1972,722,79,723,4,right+A+B,0.10978484153747559,0.3148745000362396,0.22463373839855194,0.1802198737859726,0.17048704624176025,1.5522738695144653,0.0,587.0,376,2,302,0,0,0,200,200,0,0,0.0,200.0,0,,,False,0,False,not_reached,0.0,0.2
494,1976,722,79,723,2,right+A,0.10981591045856476,0.3135509192943573,0.23034439980983734,0.17203237116336823,0.17425642907619476,1.5516741275787354,0.0,587.0,377,2,302,0,0,0,200,200,0,0,0.0,200.0,0,,,False,0,False,not_reached,0.0,0.2
495,1980,722,79,723,1,right,0.1102466732263565,0.31486737728118896,0.224758580327034,0.17723865807056427,0.17288871109485626,1.5525699853897095,-1.0,586.0,378,2,301,0,0,0,200,200,0,0,0.0,200.0,0,,,False,0,False,not_reached,0.0,0.2
496,1984,722,79,723,1,right,0.11068146675825119,0.31399303674697876,0.225947767496109,0.17423158884048462,0.1751461774110794,1.5530071258544922,0.0,586.0,379,2,301,0,0,0,200,200,0,0,0.0,200.0,0,,,False,0,False,not_reached,0.0,0.2
497,1988,722,79,723,3,right+B,0.11046712100505829,0.31480538845062256,0.22497686743736267,0.17697742581367493,0.17277315258979797,1.5526549816131592,0.0,586.0,380,2,301,0,0,0,200,200,0,0,0.0,200.0,0,,,False,0,False,not_reached,0.0,0.2
498,1992,722,79,723,1,right,0.11069545894861221,0.316374808549881,0.22298048436641693,0.17920827865600586,0.17074096202850342,1.5522500276565552,0.0,586.0,381,2,301,0,0,0,200,200,0,0,0.0,200.0,0,,,False,0,False,not_reached,0.0,0.2
499,1996,722,93,723,2,right+A,0.11062123626470566,0.31493717432022095,0.22541403770446777,0.17624099552631378,0.17278657853603363,1.552545189857483,0.0,586.0,382,2,301,0,0,0,200,200,0,0,0.0,200.0,0,,,False,0,False,not_reached,0.0,0.2
500,2000,722,108,723,3,right+B,0.11049243062734604,0.3140172064304352,0.2266523689031601,0.17495575547218323,0.17388223111629486,1.5527231693267822,-1.0,585.0,383,2,300,0,0,0,200,200,0,0,0.0,200.0,0,,,False,0,False,not_reached,0.0,0.2
501,2004,722,112,723,3,right+B,0.11037003993988037,0.31380143761634827,0.22404319047927856,0.1794198751449585,0.1723654866218567,1.5533809661865234,0.0,585.0,384,2,300,0,0,0,200,200,0,0,0.0,200.0,0,,,False,0,False,not_reached,0.0,0.2
502,2008,722,106,723,3,right+B,0.10999980568885803,0.31402090191841125,0.22530478239059448,0.18013982474803925,0.1705346703529358,1.5527092218399048,0.0,585.0,385,2,300,0,0,0,200,200,0,0,0.0,200.0,0,,,False,0,False,not_reached,0.0,0.2
503,2012,722,89,723,0,NOOP,0.11022750288248062,0.3162921071052551,0.21596644818782806,0.19178012013435364,0.16573381423950195,1.5527442693710327,0.0,585.0,386,2,300,0,0,0,200,200,0,0,0.0,200.0,0,,,False,0,False,not_reached,0.0,0.2
504,2016,722,79,723,1,right,0.10968601703643799,0.3156529366970062,0.22297155857086182,0.182887002825737,0.16880246996879578,1.5520280599594116,0.0,585.0,387,2,300,0,0,0,200,200,0,0,0.0,200.0,0,,,False,0,False,not_reached,0.0,0.2
505,2020,722,79,723,1,right,0.10962924361228943,0.31408122181892395,0.22785159945487976,0.17526905238628387,0.17316894233226776,1.5519658327102661,-1.0,584.0,388,2,299,0,0,0,200,200,0,0,0.0,200.0,0,,,False,0,False,not_reached,0.0,0.2
506,2024,722,93,723,2,right+A,0.11036042124032974,0.31570401787757874,0.22012996673583984,0.18158113956451416,0.17222441732883453,1.5531227588653564,0.0,584.0,389,2,299,0,0,0,200,200,0,0,0.0,200.0,0,,,False,0,False,not_reached,0.0,0.2
507,2028,722,108,723,3,right+B,0.11098875850439072,0.31827622652053833,0.2142591029405594,0.1850796788930893,0.1713961958885193,1.5529729127883911,0.0,584.0,390,2,299,0,0,0,200,200,0,0,0.0,200.0,0,,,False,0,False,not_reached,0.0,0.2
508,2032,722,112,723,1,right,0.11093544214963913,0.31695976853370667,0.215763658285141,0.18394166231155396,0.17239944636821747,1.5535016059875488,0.0,584.0,391,2,299,0,0,0,200,200,0,0,0.0,200.0,0,,,False,0,False,not_reached,0.0,0.2
509,2036,722,106,723,1,right,0.11073961853981018,0.314364492893219,0.21949061751365662,0.18247300386428833,0.17293217778205872,1.5542049407958984,0.0,584.0,392,2,299,0,0,0,200,200,0,0,0.0,200.0,0,,,False,0,False,not_reached,0.0,0.2
510,2040,722,89,723,1,right,0.11043484508991241,0.31371310353279114,0.21707765758037567,0.18698221445083618,0.1717921644449234,1.554718255996704,-1.0,583.0,393,2,298,0,0,0,200,200,0,0,0.0,200.0,0,,,False,0,False,not_reached,0.0,0.2
511,2044,722,79,723,2,right+A,0.11043398082256317,0.31672632694244385,0.2176106870174408,0.18327593803405762,0.17195303738117218,1.5530405044555664,0.0,583.0,394,2,298,0,0,0,200,200,0,0,0.0,200.0,0,,,False,0,False,not_reached,0.0,0.2
512,2048,722,79,723,3,right+B,0.1102411150932312,0.3165021538734436,0.22183413803577423,0.1774403303861618,0.17398227751255035,1.5523227453231812,0.0,583.0,395,2,298,0,0,0,200,200,0,0,0.0,200.0,0,,,False,0,False,not_reached,0.0,0.2
513,2052,722,79,723,3,right+B,0.10977333784103394,0.3146114945411682,0.22610236704349518,0.1740967482328415,0.17541611194610596,1.5521845817565918,0.0,583.0,396,2,298,0,0,0,200,200,0,0,0.0,200.0,0,,,False,0,False,not_reached,0.0,0.2
514,2056,722,79,723,1,right,0.1094881072640419,0.3142448663711548,0.2252989411354065,0.17718800902366638,0.1737801432609558,1.552455186843872,0.0,583.0,397,2,298,0,0,0,200,200,0,0,0.0,200.0,0,,,False,0,False,not_reached,0.0,0.2
515,2060,722,79,723,0,NOOP,0.10948653519153595,0.31351348757743835,0.22580386698246002,0.1796395480632782,0.1715564876794815,1.5526762008666992,-1.0,582.0,398,2,297,0,0,0,200,200,0,0,0.0,200.0,0,,,False,0,False,not_reached,0.0,0.2
516,2064,722,93,723,4,right+A+B,0.1095673143863678,0.3131609559059143,0.2259422242641449,0.17954644560813904,0.17178305983543396,1.5528912544250488,0.0,582.0,399,2,297,0,0,0,200,200,0,0,0.0,200.0,0,,,False,0,False,not_reached,0.0,0.2
517,2068,722,108,723,1,right,0.11016518622636795,0.3168256878852844,0.2214585542678833,0.18017446994781494,0.171376034617424,1.5520908832550049,0.0,582.0,400,2,297,0,0,0,200,200,0,0,0.0,200.0,0,,,False,0,False,not_reached,0.0,0.2
518,2072,722,112,723,0,NOOP,0.1106494814157486,0.31447267532348633,0.2226695865392685,0.17993730306625366,0.17227090895175934,1.5534366369247437,0.0,582.0,401,2,297,0,0,0,200,200,0,0,0.0,200.0,0,,,False,0,False,not_reached,0.0,0.2
519,2076,722,106,723,4,right+A+B,0.10965874791145325,0.3075588643550873,0.23436571657657623,0.16907867789268494,0.1793379783630371,1.553769826889038,0.0,582.0,402,2,297,0,0,0,200,200,0,0,0.0,200.0,0,,,False,0,False,not_reached,0.0,0.2
520,2080,722,89,723,1,right,0.11000685393810272,0.3080645799636841,0.2310183197259903,0.17109490931034088,0.1798153519630432,1.5546455383300781,-1.0,581.0,403,2,296,0,0,0,200,200,0,0,0.0,200.0,0,,,False,0,False,not_reached,0.0,0.2
521,2084,722,79,723,2,right+A,0.11017228662967682,0.3109675943851471,0.23380783200263977,0.16500324010849,0.18004906177520752,1.5520215034484863,0.0,581.0,404,2,296,0,0,0,200,200,0,0,0.0,200.0,0,,,False,0,False,not_reached,0.0,0.2
522,2088,722,79,723,1,right,0.10979844629764557,0.31019747257232666,0.23715385794639587,0.16206540167331696,0.1807848960161209,1.5510751008987427,0.0,581.0,405,2,296,0,0,0,200,200,0,0,0.0,200.0,0,,,False,0,False,not_reached,0.0,0.2
523,2092,722,79,723,3,right+B,0.1096498966217041,0.3127167820930481,0.22625306248664856,0.17902196943759918,0.17235833406448364,1.5531307458877563,0.0,581.0,406,2,296,0,0,0,200,200,0,0,0.0,200.0,0,,,False,0,False,not_reached,0.0,0.2
524,2096,722,79,723,3,right+B,0.10993753373622894,0.3124856650829315,0.22494107484817505,0.18110278248786926,0.17153291404247284,1.553658127784729,0.0,581.0,407,2,296,0,0,0,200,200,0,0,0.0,200.0,0,,,False,0,False,not_reached,0.0,0.2
525,2100,722,79,723,0,NOOP,0.10962104797363281,0.3105941414833069,0.2294737845659256,0.17670820653438568,0.17360278964042664,1.553544044494629,-1.0,580.0,408,2,295,0,0,0,200,200,0,0,0.0,200.0,0,,,False,0,False,not_reached,0.0,0.2
526,2104,722,79,723,3,right+B,0.10976647585630417,0.3146192729473114,0.2246081531047821,0.17977750301361084,0.1712285727262497,1.5524518489837646,0.0,580.0,409,2,295,0,0,0,200,200,0,0,0.0,200.0,0,,,False,0,False,not_reached,0.0,0.2
527,2108,722,79,723,0,NOOP,0.11034642159938812,0.3158468008041382,0.22047294676303864,0.1834559589624405,0.16987787187099457,1.5528209209442139,0.0,580.0,410,2,295,0,0,0,200,200,0,0,0.0,200.0,0,,,False,0,False,not_reached,0.0,0.2
528,2112,722,93,723,2,right+A,0.10959790647029877,0.31239768862724304,0.2213202863931656,0.18666388094425201,0.1700202226638794,1.5541183948516846,0.0,580.0,411,2,295,0,0,0,200,200,0,0,0.0,200.0,0,,,False,0,False,not_reached,0.0,0.2
529,2116,722,109,723,2,right+A,0.10912960022687912,0.30966416001319885,0.22098898887634277,0.18836192786693573,0.17185527086257935,1.5554735660552979,0.0,580.0,412,2,295,0,0,0,200,200,0,0,0.0,200.0,0,,,False,0,False,not_reached,0.0,0.2
530,2120,722,122,723,2,right+A,0.11019741743803024,0.3136517107486725,0.21827197074890137,0.18418972194194794,0.17368918657302856,1.554572582244873,-1.0,579.0,413,2,294,0,0,0,200,200,0,0,0.0,200.0,0,,,False,0,False,not_reached,0.0,0.2
531,2124,722,130,723,3,right+B,0.11027281731367111,0.31380683183670044,0.22333212196826935,0.17651242017745972,0.17607583105564117,1.5535728931427002,0.0,579.0,414,2,294,0,0,0,200,200,0,0,0.0,200.0,0,,,False,0,False,not_reached,0.0,0.2
532,2128,722,129,723,2,right+A,0.10975484549999237,0.3129335343837738,0.22346538305282593,0.17891117930412292,0.174934983253479,1.5537750720977783,0.0,579.0,415,2,294,0,0,0,200,200,0,0,0.0,200.0,0,,,False,0,False,not_reached,0.0,0.2
533,2132,722,117,723,0,NOOP,0.11016044020652771,0.3110598623752594,0.22397874295711517,0.18169385194778442,0.17310704290866852,1.5548275709152222,0.0,579.0,416,2,294,0,0,0,200,200,0,0,0.0,200.0,0,,,False,0,False,not_reached,0.0,0.2
534,2136,722,97,723,1,right,0.11032505333423615,0.3098447918891907,0.22856631875038147,0.17401652038097382,0.17724727094173431,1.554540991783142,0.0,579.0,417,2,294,0,0,0,200,200,0,0,0.0,200.0,0,,,False,0,False,not_reached,0.0,0.2
535,2140,722,79,723,4,right+A+B,0.11067617684602737,0.31441256403923035,0.22012227773666382,0.18105946481227875,0.1737295687198639,1.554065227508545,-1.0,578.0,418,2,293,0,0,0,200,200,0,0,0.0,200.0,0,,,False,0,False,not_reached,0.0,0.2
536,2144,722,79,723,0,NOOP,0.10931716859340668,0.3112598955631256,0.22774134576320648,0.1795872300863266,0.17209435999393463,1.5534119606018066,0.0,578.0,419,2,293,0,0,0,200,200,0,0,0.0,200.0,0,,,False,0,False,not_reached,0.0,0.2
537,2148,722,79,723,3,right+B,0.11020578444004059,0.3135940432548523,0.21860383450984955,0.18979524075984955,0.16780108213424683,1.5540200471878052,0.0,578.0,420,2,293,0,0,0,200,200,0,0,0.0,200.0,0,,,False,0,False,not_reached,0.0,0.2
538,2152,722,79,723,1,right,0.11041441559791565,0.3152366578578949,0.2150961458683014,0.1914358288049698,0.16781693696975708,1.5537662506103516,0.0,578.0,421,2,293,0,0,0,200,200,0,0,0.0,200.0,0,,,False,0,False,not_reached,0.0,0.2
539,2156,722,79,723,0,NOOP,0.10984332114458084,0.31497645378112793,0.21332761645317078,0.19555428624153137,0.1662982702255249,1.553528070449829,0.0,578.0,422,2,293,0,0,0,200,200,0,0,0.0,200.0,0,,,False,0,False,not_reached,0.0,0.2
540,2160,722,93,723,2,right+A,0.10978463292121887,0.31445375084877014,0.21646520495414734,0.19018852710723877,0.16910788416862488,1.553804636001587,-1.0,577.0,423,2,292,0,0,0,200,200,0,0,0.0,200.0,0,,,False,0,False,not_reached,0.0,0.2
541,2164,722,108,723,0,NOOP,0.10996722429990768,0.31357285380363464,0.21837088465690613,0.18623481690883636,0.17185425758361816,1.5543506145477295,0.0,577.0,424,2,292,0,0,0,200,200,0,0,0.0,200.0,0,,,False,0,False,not_reached,0.0,0.2
542,2168,722,112,723,0,NOOP,0.11068380624055862,0.3116055428981781,0.22051797807216644,0.1834053099155426,0.17378737032413483,1.555515170097351,0.0,577.0,425,2,292,0,0,0,200,200,0,0,0.0,200.0,0,,,False,0,False,not_reached,0.0,0.2
543,2172,722,106,723,0,NOOP,0.11041257530450821,0.3103371262550354,0.22764718532562256,0.17414382100105286,0.17745929956436157,1.5545413494110107,0.0,577.0,426,2,292,0,0,0,200,200,0,0,0.0,200.0,0,,,False,0,False,not_reached,0.0,0.2
544,2176,722,89,723,3,right+B,0.11036884039640427,0.31027090549468994,0.22627247869968414,0.1753322184085846,0.17775559425354004,1.5549137592315674,0.0,577.0,427,2,292,0,0,0,200,200,0,0,0.0,200.0,0,,,False,0,False,not_reached,0.0,0.2
545,2180,722,79,723,0,NOOP,0.10921251773834229,0.30993083119392395,0.2374420166015625,0.1641557365655899,0.17925891280174255,1.5510553121566772,-1.0,576.0,428,2,291,0,0,0,200,200,0,0,0.0,200.0,0,,,False,0,False,not_reached,0.0,0.2
546,2184,722,79,723,1,right,0.10943622887134552,0.30713438987731934,0.24488388001918793,0.160034641623497,0.178510844707489,1.550060510635376,0.0,576.0,429,2,291,0,0,0,200,200,0,0,0.0,200.0,0,,,False,0,False,not_reached,0.0,0.2
547,2188,722,79,723,1,right,0.10823483020067215,0.30812421441078186,0.23742225766181946,0.1670621633529663,0.1791565865278244,1.551786184310913,0.0,576.0,430,2,291,0,0,0,200,200,0,0,0.0,200.0,0,,,False,0,False,not_reached,0.0,0.2
548,2192,722,79,723,1,right,0.1100376769900322,0.31234413385391235,0.2276785671710968,0.17415156960487366,0.17578807473182678,1.553218960762024,0.0,576.0,431,2,291,0,0,0,200,200,0,0,0.0,200.0,0,,,False,0,False,not_reached,0.0,0.2
549,2196,722,93,723,4,right+A+B,0.11038760095834732,0.3120814263820648,0.23069311678409576,0.17115901410579681,0.17567875981330872,1.552679419517517,0.0,576.0,432,2,291,0,0,0,200,200,0,0,0.0,200.0,0,,,False,0,False,not_reached,0.0,0.2
550,2200,722,108,723,1,right,0.1099979504942894,0.30939722061157227,0.23532430827617645,0.16570569574832916,0.1795748621225357,1.552448034286499,-1.0,575.0,433,2,290,0,0,0,200,200,0,0,0.0,200.0,0,,,False,0,False,not_reached,0.0,0.2
551,2204,722,112,723,1,right,0.10966872423887253,0.3099703788757324,0.23139040172100067,0.17330999672412872,0.17566058039665222,1.5534008741378784,0.0,575.0,434,2,290,0,0,0,200,200,0,0,0.0,200.0,0,,,False,0,False,not_reached,0.0,0.2
552,2208,722,106,723,0,NOOP,0.10995908826589584,0.3114612400531769,0.22791332006454468,0.17733009159564972,0.1733362376689911,1.5536110401153564,0.0,575.0,435,2,290,0,0,0,200,200,0,0,0.0,200.0,0,,,False,0,False,not_reached,0.0,0.2
553,2212,722,89,723,2,right+A,0.11086355894804001,0.311885803937912,0.2217635065317154,0.18235823512077332,0.1731288880109787,1.555184245109558,0.0,575.0,436,2,290,0,0,0,200,200,0,0,0.0,200.0,0,,,False,0,False,not_reached,0.0,0.2
554,2216,722,79,723,3,right+B,0.11067559570074081,0.3139756917953491,0.22333772480487823,0.17631641030311584,0.17569459974765778,1.553661584854126,0.0,575.0,437,2,290,0,0,0,200,200,0,0,0.0,200.0,0,,,False,0,False,not_reached,0.0,0.2
555,2220,722,79,723,3,right+B,0.11040269583463669,0.30967211723327637,0.23218084871768951,0.16707301139831543,0.18067127466201782,1.5534255504608154,-1.0,574.0,438,2,289,0,0,0,200,200,0,0,0.0,200.0,0,,,False,0,False,not_reached,0.0,0.2
556,2224,722,79,723,0,NOOP,0.11075519025325775,0.3139420449733734,0.2197064906358719,0.18056468665599823,0.1750316023826599,1.554492473602295,0.0,574.0,439,2,289,0,0,0,200,200,0,0,0.0,200.0,0,,,False,0,False,not_reached,0.0,0.2
557,2228,722,93,723,2,right+A,0.11093476414680481,0.31303632259368896,0.2222500890493393,0.17604343593120575,0.17773543298244476,1.554572343826294,0.0,574.0,440,2,289,0,0,0,200,200,0,0,0.0,200.0,0,,,False,0,False,not_reached,0.0,0.2
558,2232,722,109,723,2,right+A,0.11092031747102737,0.31197595596313477,0.22488103806972504,0.17268753051757812,0.1795351505279541,1.5544869899749756,0.0,574.0,441,2,289,0,0,0,200,200,0,0,0.0,200.0,0,,,False,0,False,not_reached,0.0,0.2
559,2236,722,121,723,3,right+B,0.11107320338487625,0.311778724193573,0.22252042591571808,0.17623798549175262,0.17838965356349945,1.5552867650985718,0.0,574.0,442,2,289,0,0,0,200,200,0,0,0.0,200.0,0,,,False,0,False,not_reached,0.0,0.2
560,2240,722,122,723,3,right+B,0.11035013198852539,0.3125685453414917,0.22765372693538666,0.1695193499326706,0.17990832030773163,1.553088903427124,-1.0,573.0,443,2,288,0,0,0,200,200,0,0,0.0,200.0,0,,,False,0,False,not_reached,0.0,0.2
561,2244,722,113,723,2,right+A,0.10993313044309616,0.3151405453681946,0.22175297141075134,0.17624017596244812,0.17693321406841278,1.5530081987380981,0.0,573.0,444,2,288,0,0,0,200,200,0,0,0.0,200.0,0,,,False,0,False,not_reached,0.0,0.2
562,2248,722,94,723,2,right+A,0.10958872735500336,0.313558965921402,0.22753530740737915,0.1731484830379486,0.1761685162782669,1.5523312091827393,0.0,573.0,445,2,288,0,0,0,200,200,0,0,0.0,200.0,0,,,False,0,False,not_reached,0.0,0.2
563,2252,722,79,723,1,right,0.10998646914958954,0.31357476115226746,0.2211277186870575,0.18375349044799805,0.17155754566192627,1.5538626909255981,0.0,573.0,446,2,288,0,0,0,200,200,0,0,0.0,200.0,0,,,False,0,False,not_reached,0.0,0.2
564,2256,722,79,723,3,right+B,0.10998499393463135,0.31377333402633667,0.2205398976802826,0.18516798317432404,0.17053377628326416,1.553784966468811,0.0,573.0,447,2,288,0,0,0,200,200,0,0,0.0,200.0,0,,,False,0,False,not_reached,0.0,0.2
565,2260,722,93,723,2,right+A,0.11048321425914764,0.312770813703537,0.2220338135957718,0.1812194436788559,0.1734926849603653,1.5544800758361816,-1.0,572.0,448,2,287,0,0,0,200,200,0,0,0.0,200.0,0,,,False,0,False,not_reached,0.0,0.2
566,2264,722,109,723,2,right+A,0.11037712544202805,0.3126610815525055,0.22414180636405945,0.1747780740261078,0.17804193496704102,1.554072618484497,0.0,572.0,449,2,287,0,0,0,200,200,0,0,0.0,200.0,0,,,False,0,False,not_reached,0.0,0.2
567,2268,722,122,723,2,right+A,0.11080387979745865,0.3130819797515869,0.22280946373939514,0.176979660987854,0.17632509768009186,1.554360032081604,0.0,572.0,450,2,287,0,0,0,200,200,0,0,0.0,200.0,0,,,False,0,False,not_reached,0.0,0.2
568,2272,722,130,723,1,right,0.11044776439666748,0.31347981095314026,0.22688798606395721,0.17071819305419922,0.17846624553203583,1.5528717041015625,0.0,572.0,451,2,287,0,0,0,200,200,0,0,0.0,200.0,0,,,False,0,False,not_reached,0.0,0.2
569,2276,722,129,723,1,right,0.1103430911898613,0.3129192590713501,0.22724902629852295,0.17166650295257568,0.17782211303710938,1.5530881881713867,0.0,572.0,452,2,287,0,0,0,200,200,0,0,0.0,200.0,0,,,False,0,False,not_reached,0.0,0.2
570,2280,722,117,723,2,right+A,0.11038470268249512,0.3126359283924103,0.22613166272640228,0.17501603066921234,0.1758316606283188,1.5536137819290161,-1.0,571.0,453,2,286,0,0,0,200,200,0,0,0.0,200.0,0,,,False,0,False,not_reached,0.0,0.2
571,2284,722,97,723,2,right+A,0.1107138991355896,0.31288912892341614,0.22521387040615082,0.17441034317016602,0.17677272856235504,1.553843379020691,0.0,571.0,454,2,286,0,0,0,200,200,0,0,0.0,200.0,0,,,False,0,False,not_reached,0.0,0.2
572,2288,722,79,723,0,NOOP,0.11029301583766937,0.31166884303092957,0.2306988388299942,0.16701780259609222,0.18032154440879822,1.5526516437530518,0.0,571.0,455,2,286,0,0,0,200,200,0,0,0.0,200.0,0,,,False,0,False,not_reached,0.0,0.2
573,2292,722,79,723,3,right+B,0.10981004685163498,0.3100780248641968,0.23349428176879883,0.16656960546970367,0.18004797399044037,1.5525388717651367,0.0,571.0,456,2,286,0,0,0,200,200,0,0,0.0,200.0,0,,,False,0,False,not_reached,0.0,0.2
574,2296,722,79,723,3,right+B,0.11039469391107559,0.31150296330451965,0.22639116644859314,0.17856165766716003,0.17314952611923218,1.5541633367538452,0.0,571.0,457,2,286,0,0,0,200,200,0,0,0.0,200.0,0,,,False,0,False,not_reached,0.0,0.2
575,2300,722,79,723,1,right,0.10960748046636581,0.3101028501987457,0.23329252004623413,0.1691051870584488,0.1778920292854309,1.552642583847046,-1.0,570.0,458,2,285,0,0,0,200,200,0,0,0.0,200.0,0,,,False,0,False,not_reached,0.0,0.2
576,2304,722,79,723,1,right,0.10990181565284729,0.3101194500923157,0.23177236318588257,0.16994673013687134,0.17825958132743835,1.5532227754592896,0.0,570.0,459,2,285,0,0,0,200,200,0,0,0.0,200.0,0,,,False,0,False,not_reached,0.0,0.2
577,2308,722,93,723,2,right+A,0.10999522358179092,0.31118661165237427,0.22964534163475037,0.17184361815452576,0.17732925713062286,1.5533013343811035,0.0,570.0,460,2,285,0,0,0,200,200,0,0,0.0,200.0,0,,,False,0,False,not_reached,0.0,0.2
578,2312,722,109,723,2,right+A,0.11024516820907593,0.310109943151474,0.2304818034172058,0.16810445487499237,0.18105864524841309,1.553608775138855,0.0,570.0,461,2,285,0,0,0,200,200,0,0,0.0,200.0,0,,,False,0,False,not_reached,0.0,0.2
579,2316,722,121,723,1,right,0.110507532954216,0.30991530418395996,0.22865107655525208,0.1713673174381256,0.17955870926380157,1.554482340812683,0.0,570.0,462,2,285,0,0,0,200,200,0,0,0.0,200.0,0,,,False,0,False,not_reached,0.0,0.2
580,2320,722,122,723,4,right+A+B,0.10984978824853897,0.31028223037719727,0.23385347425937653,0.1641102284193039,0.18190425634384155,1.55213463306427,-1.0,569.0,463,2,284,0,0,0,200,200,0,0,0.0,200.0,0,,,False,0,False,not_reached,0.0,0.2
581,2324,722,113,723,1,right,0.10975755751132965,0.3115346133708954,0.23103433847427368,0.16748109459877014,0.18019233644008636,1.5524122714996338,0.0,569.0,464,2,284,0,0,0,200,200,0,0,0.0,200.0,0,,,False,0,False,not_reached,0.0,0.2
582,2328,722,94,723,1,right,0.10978565365076065,0.3116278052330017,0.2319951355457306,0.16738009452819824,0.1792113333940506,1.5521245002746582,0.0,569.0,465,2,284,0,0,0,200,200,0,0,0.0,200.0,0,,,False,0,False,not_reached,0.0,0.2
583,2332,722,79,723,0,NOOP,0.1105041429400444,0.31122997403144836,0.22508996725082397,0.17724037170410156,0.17593544721603394,1.554731011390686,0.0,569.0,466,2,284,0,0,0,200,200,0,0,0.0,200.0,0,,,False,0,False,not_reached,0.0,0.2
584,2336,722,79,723,1,right,0.11030865460634232,0.3111759126186371,0.22622127830982208,0.17753495275974274,0.174759179353714,1.5543829202651978,0.0,569.0,467,2,284,0,0,0,200,200,0,0,0.0,200.0,0,,,False,0,False,not_reached,0.0,0.2
585,2340,722,93,723,2,right+A,0.11037831008434296,0.3102177083492279,0.22955049574375153,0.17299439013004303,0.1768590807914734,1.5540831089019775,-1.0,568.0,468,2,283,0,0,0,200,200,0,0,0.0,200.0,0,,,False,0,False,not_reached,0.0,0.2
586,2344,722,109,723,4,right+A+B,0.10985136032104492,0.30904603004455566,0.2332276850938797,0.1676279902458191,0.1802469789981842,1.5532666444778442,0.0,568.0,469,2,283,0,0,0,200,200,0,0,0.0,200.0,0,,,False,0,False,not_reached,0.0,0.2
587,2348,722,122,723,4,right+A+B,0.1098053902387619,0.30861687660217285,0.2340792417526245,0.16781872510910034,0.17967981100082397,1.5532667636871338,0.0,568.0,470,2,283,0,0,0,200,200,0,0,0.0,200.0,0,,,False,0,False,not_reached,0.0,0.2
588,2352,722,130,723,3,right+B,0.10939081013202667,0.3104674518108368,0.2348295897245407,0.16573403775691986,0.17957808077335358,1.5517001152038574,0.0,568.0,471,2,283,0,0,0,200,200,0,0,0.0,200.0,0,,,False,0,False,not_reached,0.0,0.2
589,2356,722,129,723,3,right+B,0.1097031831741333,0.31106865406036377,0.23113907873630524,0.16935428977012634,0.17873473465442657,1.5527347326278687,0.0,568.0,472,2,283,0,0,0,200,200,0,0,0.0,200.0,0,,,False,0,False,not_reached,0.0,0.2
590,2360,722,117,723,1,right,0.1100626289844513,0.31043022871017456,0.2299955040216446,0.17095857858657837,0.17855305969715118,1.5536327362060547,-1.0,567.0,473,2,282,0,0,0,200,200,0,0,0.0,200.0,0,,,False,0,False,not_reached,0.0,0.2
591,2364,722,97,723,1,right,0.11048317700624466,0.31153661012649536,0.2274131327867508,0.172209233045578,0.1783578097820282,1.553910493850708,0.0,567.0,474,2,282,0,0,0,200,200,0,0,0.0,200.0,0,,,False,0,False,not_reached,0.0,0.2
592,2368,722,79,723,3,right+B,0.11044827103614807,0.312125027179718,0.2280452400445938,0.1693326085805893,0.1800488531589508,1.553277611732483,0.0,567.0,475,2,282,0,0,0,200,200,0,0,0.0,200.0,0,,,False,0,False,not_reached,0.0,0.2
593,2372,722,93,723,4,right+A+B,0.1099078506231308,0.3102172911167145,0.23190201818943024,0.16697485744953156,0.1809980422258377,1.5529484748840332,0.0,567.0,476,2,282,0,0,0,200,200,0,0,0.0,200.0,0,,,False,0,False,not_reached,0.0,0.2
594,2376,722,108,723,1,right,0.11079529672861099,0.31116783618927,0.22431311011314392,0.17666664719581604,0.17705713212490082,1.5550915002822876,0.0,567.0,477,2,282,0,0,0,200,200,0,0,0.0,200.0,0,,,False,0,False,not_reached,0.0,0.2
595,2380,722,112,723,2,right+A,0.11071297526359558,0.3107530474662781,0.22593307495117188,0.17354123294353485,0.17905965447425842,1.5548512935638428,-1.0,566.0,478,2,281,0,0,0,200,200,0,0,0.0,200.0,0,,,False,0,False,not_reached,0.0,0.2
596,2384,722,106,723,1,right,0.1106579527258873,0.31193768978118896,0.22474385797977448,0.17702552676200867,0.17563506960868835,1.5544846057891846,0.0,566.0,479,2,281,0,0,0,200,200,0,0,0.0,200.0,0,,,False,0,False,not_reached,0.0,0.2
597,2388,722,89,723,3,right+B,0.11074705421924591,0.3140943944454193,0.2208884209394455,0.18256330490112305,0.17170687019824982,1.554023027420044,0.0,566.0,480,2,281,0,0,0,200,200,0,0,0.0,200.0,0,,,False,0,False,not_reached,0.0,0.2
598,2392,722,79,723,2,right+A,0.10983595252037048,0.3138352632522583,0.2279110699892044,0.17676283419132233,0.1716548651456833,1.5521591901779175,0.0,566.0,481,2,281,0,0,0,200,200,0,0,0.0,200.0,0,,,False,0,False,not_reached,0.0,0.2
599,2396,722,79,723,1,right,0.10953395813703537,0.3116019368171692,0.23421870172023773,0.16996759176254272,0.17467784881591797,1.5515296459197998,0.0,566.0,482,2,281,0,0,0,200,200,0,0,0.0,200.0,0,,,False,0,False,not_reached,0.0,0.2
600,2400,722,93,723,2,right+A,0.10953337699174881,0.3126174211502075,0.22845405340194702,0.17649851739406586,0.17289666831493378,1.5526047945022583,-1.0,565.0,483,2,280,0,0,0,200,200,0,0,0.0,200.0,0,,,False,0,False,not_reached,0.0,0.2
601,2404,722,108,723,3,right+B,0.11043620854616165,0.3125300705432892,0.22548528015613556,0.17507363855838776,0.17647479474544525,1.5538593530654907,0.0,565.0,484,2,280,0,0,0,200,200,0,0,0.0,200.0,0,,,False,0,False,not_reached,0.0,0.2
602,2408,722,112,723,3,right+B,0.11108341813087463,0.3138910233974457,0.22129219770431519,0.17822252213954926,0.17551077902317047,1.5543627738952637,0.0,565.0,485,2,280,0,0,0,200,200,0,0,0.0,200.0,0,,,False,0,False,not_reached,0.0,0.2
603,2412,722,106,723,1,right,0.11071857810020447,0.31305453181266785,0.22311772406101227,0.17809633910655975,0.17501285672187805,1.5542511940002441,0.0,565.0,486,2,280,0,0,0,200,200,0,0,0.0,200.0,0,,,False,0,False,not_reached,0.0,0.2
604,2416,722,89,723,2,right+A,0.1110270544886589,0.31245532631874084,0.22145476937294006,0.17815250158309937,0.17691035568714142,1.5551261901855469,0.0,565.0,487,2,280,0,0,0,200,200,0,0,0.0,200.0,0,,,False,0,False,not_reached,0.0,0.2
605,2420,722,79,723,1,right,0.11041566729545593,0.31308069825172424,0.22462499141693115,0.17572030425071716,0.1761583685874939,1.5537476539611816,-1.0,564.0,488,2,279,0,0,0,200,200,0,0,0.0,200.0,0,,,False,0,False,not_reached,0.0,0.2
606,2424,722,93,723,4,right+A+B,0.11054973304271698,0.31397563219070435,0.22609414160251617,0.1743191033601761,0.17506143450737,1.5529197454452515,0.0,564.0,489,2,279,0,0,0,200,200,0,0,0.0,200.0,0,,,False,0,False,not_reached,0.0,0.2
607,2428,722,109,723,2,right+A,0.11056093871593475,0.31363680958747864,0.22378188371658325,0.17556895315647125,0.1764514148235321,1.5536973476409912,0.0,564.0,490,2,279,0,0,0,200,200,0,0,0.0,200.0,0,,,False,0,False,not_reached,0.0,0.2
608,2432,722,122,723,2,right+A,0.11133391410112381,0.31264108419418335,0.22140631079673767,0.17911671102046967,0.1755019873380661,1.5551588535308838,0.0,564.0,491,2,279,0,0,0,200,200,0,0,0.0,200.0,0,,,False,0,False,not_reached,0.0,0.2
609,2436,722,132,723,2,right+A,0.11001162230968475,0.31200870871543884,0.23016436398029327,0.1696784943342209,0.17813687026500702,1.552627444267273,0.0,564.0,492,2,279,0,0,0,200,200,0,0,0.0,200.0,0,,,False,0,False,not_reached,0.0,0.2
610,2440,723,139,723,2,right+A,0.11012417823076248,0.3124539852142334,0.22879080474376678,0.1711299568414688,0.17750108242034912,1.5528428554534912,-1.0,563.0,493,2,278,0,0,0,200,200,0,0,0.0,200.0,0,,,False,0,False,not_reached,0.0,0.2
611,2444,725,143,725,1,right,0.1103375181555748,0.31374189257621765,0.22227942943572998,0.17853111028671265,0.1751100867986679,1.553869366645813,2.0,565.0,0,2,278,0,0,0,200,200,0,0,0.0,200.0,0,,,False,0,False,not_reached,0.0,0.2
612,2448,728,143,728,0,NOOP,0.1105986014008522,0.3114052712917328,0.2223450243473053,0.18039734661579132,0.1752537190914154,1.5552818775177002,3.0,568.0,0,2,278,0,0,0,200,200,0,0,0.0,200.0,0,,,False,0,False,not_reached,0.0,0.2
613,2452,730,157,730,4,right+A+B,0.10953556001186371,0.31161898374557495,0.22427886724472046,0.17814908921718597,0.1764174848794937,1.5542428493499756,2.0,570.0,0,2,278,0,0,0,200,200,0,0,0.0,200.0,0,,,False,0,False,not_reached,0.0,0.2
614,2456,733,172,733,3,right+B,0.10999340564012527,0.3096260130405426,0.2262292504310608,0.17775988578796387,0.17639154195785522,1.55511474609375,3.0,573.0,0,2,278,0,0,0,200,200,0,0,0.0,200.0,0,,,False,0,False,not_reached,0.0,0.2
615,2460,737,176,737,2,right+A,0.11005394160747528,0.31111669540405273,0.21495980024337769,0.19665278494358063,0.16721679270267487,1.5554606914520264,3.0,576.0,0,2,277,0,0,0,200,200,0,0,0.0,200.0,0,,,False,0,False,not_reached,0.0,0.2
616,2464,742,170,742,1,right,0.11096031963825226,0.30997368693351746,0.23552478849887848,0.16801460087299347,0.17552654445171356,1.5526704788208008,5.0,581.0,0,2,277,0,0,0,200,200,0,0,0.0,200.0,0,,,False,0,False,not_reached,0.0,0.2
617,2468,748,153,748,3,right+B,0.11270967125892639,0.31297504901885986,0.16859357059001923,0.2657727003097534,0.13994905352592468,1.5371270179748535,6.0,587.0,0,2,277,0,0,0,200,200,0,0,0.0,200.0,0,,,False,0,False,not_reached,0.0,0.2
618,2472,755,143,755,2,right+A,0.11346649378538132,0.316802442073822,0.18733303248882294,0.21980911493301392,0.16258886456489563,1.5532037019729614,7.0,594.0,0,2,277,0,0,0,200,200,0,0,0.0,200.0,0,,,False,0,False,not_reached,0.0,0.2
619,2476,763,143,763,3,right+B,0.11248093843460083,0.3183479607105255,0.17949025332927704,0.2296627014875412,0.1600181758403778,1.5495457649230957,8.0,602.0,0,2,277,0,0,0,200,200,0,0,0.0,200.0,0,,,False,0,False,not_reached,0.0,0.2
620,2480,772,141,772,1,right,0.1100989580154419,0.3117460608482361,0.20908081531524658,0.1910897046327591,0.17798440158367157,1.5569664239883423,8.0,610.0,0,2,276,0,0,0,200,200,0,0,0.0,200.0,0,,,False,0,False,not_reached,0.0,0.2
621,2484,784,130,784,1,right,0.1130521222949028,0.29793721437454224,0.21839487552642822,0.17889811098575592,0.19171760976314545,1.5640227794647217,12.0,622.0,0,2,276,0,0,0,200,200,0,0,0.0,200.0,0,,,False,0,False,not_reached,0.0,0.2
622,2488,796,110,796,2,right+A,0.11604559421539307,0.29359331727027893,0.23753122985363007,0.15000562369823456,0.20282426476478577,1.5593546628952026,12.0,634.0,0,2,276,0,0,0,200,200,0,0,0.0,200.0,0,,,False,0,False,not_reached,0.0,0.2
623,2492,808,90,808,4,right+A+B,0.11430227011442184,0.29454898834228516,0.24928119778633118,0.16014344990253448,0.18172405660152435,1.5574564933776855,12.0,646.0,0,2,276,0,0,0,200,200,0,0,0.0,200.0,0,,,False,0,False,not_reached,0.0,0.2
624,2496,820,102,820,3,right+B,0.11361601203680038,0.30604276061058044,0.23447813093662262,0.17906711995601654,0.1667959839105606,1.5562796592712402,12.0,658.0,0,2,276,0,0,0,200,200,0,0,0.0,200.0,0,,,False,0,False,not_reached,0.0,0.2
625,2500,832,103,832,3,right+B,0.11577054113149643,0.3094472289085388,0.19550299644470215,0.22644741833209991,0.15283183753490448,1.555096983909607,12.0,670.0,0,2,275,0,0,0,300,300,0,0,0.0,300.0,0,,,False,0,False,not_reached,0.1,0.30000000000000004
626,2504,844,94,844,4,right+A+B,0.11084574460983276,0.296576589345932,0.16055139899253845,0.29374590516090393,0.13828040659427643,1.5313975811004639,12.0,682.0,0,2,275,0,0,0,300,300,0,0,0.0,300.0,0,,,False,0,False,not_reached,0.0,0.30000000000000004
627,2508,856,79,856,4,right+A+B,0.11423162370920181,0.2872008681297302,0.22348375618457794,0.17645762860774994,0.1986260861158371,1.5681465864181519,12.0,694.0,0,2,275,0,0,0,300,300,0,0,0.0,300.0,0,,,False,0,False,not_reached,0.0,0.30000000000000004
628,2512,868,79,868,3,right+B,0.10136248916387558,0.24715948104858398,0.30215930938720703,0.10326700657606125,0.24605180323123932,1.5185871124267578,12.0,706.0,0,2,275,0,0,0,300,300,0,0,0.0,300.0,0,,,False,0,False,not_reached,0.0,0.30000000000000004
629,2516,880,97,880,2,right+A,0.07811233401298523,0.1835288554430008,0.40667396783828735,0.036996617913246155,0.29468822479248047,1.358246088027954,12.0,718.0,0,2,275,0,0,0,300,300,0,0,0.0,300.0,0,,,False,0,False,not_reached,0.0,0.30000000000000004
630,2520,892,115,892,0,NOOP,0.09123001247644424,0.21485088765621185,0.37776386737823486,0.046365827322006226,0.26978936791419983,1.4124394655227661,11.0,729.0,0,2,274,0,0,0,300,300,0,0,0.0,300.0,0,,,False,0,False,not_reached,0.0,0.30000000000000004
631,2524,899,121,900,2,right+A,0.11244577169418335,0.29630088806152344,0.28919467329978943,0.10246963798999786,0.19958904385566711,1.5200130939483643,8.0,737.0,0,2,274,0,0,0,300,300,0,0,0.0,300.0,0,,,False,0,False,not_reached,0.0,0.30000000000000004
632,2528,898,114,900,1,right,0.11325032263994217,0.3546334207057953,0.19217535853385925,0.18539221584796906,0.15454868972301483,1.5322972536087036,0.0,737.0,1,2,274,0,0,0,300,300,0,0,0.0,300.0,0,,,False,0,False,not_reached,0.0,0.30000000000000004
633,2532,898,94,900,3,right+B,0.11067156493663788,0.3645244240760803,0.1631971150636673,0.2350742071866989,0.1265326738357544,1.5092445611953735,0.0,737.0,2,2,274,0,0,0,300,300,0,0,0.0,300.0,0,,,False,0,False,not_reached,0.0,0.30000000000000004
634,2536,898,79,900,4,right+A+B,0.1108054667711258,0.36739274859428406,0.16462422907352448,0.22559742629528046,0.13158011436462402,1.5114238262176514,0.0,737.0,3,2,274,0,0,0,300,300,0,0,0.0,300.0,0,,,False,0,False,not_reached,0.0,0.30000000000000004
635,2540,898,79,900,2,right+A,0.10802359133958817,0.3647027313709259,0.19645531475543976,0.1947576254606247,0.1360606700181961,1.517975091934204,-1.0,736.0,4,2,273,0,0,0,300,300,0,0,0.0,300.0,0,,,False,0,False,not_reached,0.0,0.30000000000000004
636,2544,898,79,900,1,right,0.10826048254966736,0.36439743638038635,0.19359749555587769,0.19777557253837585,0.1359691023826599,1.5182538032531738,0.0,736.0,5,2,273,0,0,0,300,300,0,0,0.0,300.0,0,,,False,0,False,not_reached,0.0,0.30000000000000004
637,2548,898,79,900,1,right,0.10837338119745255,0.36408039927482605,0.19684194028377533,0.19239763915538788,0.13830667734146118,1.5193395614624023,0.0,736.0,6,2,273,0,0,0,300,300,0,0,0.0,300.0,0,,,False,0,False,not_reached,0.0,0.30000000000000004
638,2552,898,79,900,3,right+B,0.10862207412719727,0.3646283447742462,0.19544397294521332,0.19266639649868011,0.13863924145698547,1.5192683935165405,0.0,736.0,7,2,273,0,0,0,300,300,0,0,0.0,300.0,0,,,False,0,False,not_reached,0.0,0.30000000000000004
639,2556,898,79,900,1,right,0.10856211930513382,0.3648211359977722,0.19603194296360016,0.19193534553050995,0.13864950835704803,1.5191036462783813,0.0,736.0,8,2,273,0,0,0,300,300,0,0,0.0,300.0,0,,,False,0,False,not_reached,0.0,0.30000000000000004
640,2560,898,79,900,3,right+B,0.10868658125400543,0.3643706440925598,0.1971713900566101,0.1898200511932373,0.13995134830474854,1.5198416709899902,-1.0,735.0,9,2,272,0,0,0,300,300,0,0,0.0,300.0,0,,,False,0,False,not_reached,0.0,0.30000000000000004
641,2564,898,93,900,2,right+A,0.10865994542837143,0.3644886314868927,0.19597119092941284,0.1916915625333786,0.13918864727020264,1.5195480585098267,0.0,735.0,10,2,272,0,0,0,300,300,0,0,0.0,300.0,0,,,False,0,False,not_reached,0.0,0.30000000000000004
642,2568,898,108,900,0,NOOP,0.10902735590934753,0.3646271526813507,0.19631251692771912,0.189637690782547,0.14039526879787445,1.520029067993164,0.0,735.0,11,2,272,0,0,0,300,300,0,0,0.0,300.0,0,,,False,0,False,not_reached,0.0,0.30000000000000004
643,2572,898,112,900,1,right,0.1090461015701294,0.3648432791233063,0.19588977098464966,0.18969941139221191,0.14052145183086395,1.5199501514434814,0.0,735.0,12,2,272,0,0,0,300,300,0,0,0.0,300.0,0,,,False,0,False,not_reached,0.0,0.30000000000000004
644,2576,898,106,900,1,right,0.10819153487682343,0.3638593852519989,0.19783546030521393,0.18970799446105957,0.14040564000606537,1.52000892162323,0.0,735.0,13,2,272,0,0,0,300,300,0,0,0.0,300.0,0,,,False,0,False,not_reached,0.0,0.30000000000000004
645,2580,898,89,900,2,right+A,0.1086602434515953,0.36274218559265137,0.1959942728281021,0.19383646547794342,0.13876689970493317,1.5205183029174805,-1.0,734.0,14,2,271,0,0,0,300,300,0,0,0.0,300.0,0,,,False,0,False,not_reached,0.0,0.30000000000000004
646,2584,898,79,900,3,right+B,0.10790777206420898,0.3654697835445404,0.19826512038707733,0.1907293051481247,0.13762801885604858,1.5179120302200317,0.0,734.0,15,2,271,0,0,0,300,300,0,0,0.0,300.0,0,,,False,0,False,not_reached,0.0,0.30000000000000004
647,2588,898,79,900,1,right,0.10741525143384933,0.3641415536403656,0.20033948123455048,0.19211919605731964,0.13598455488681793,1.5178494453430176,0.0,734.0,16,2,271,0,0,0,300,300,0,0,0.0,300.0,0,,,False,0,False,not_reached,0.0,0.30000000000000004
648,2592,898,79,900,1,right,0.10734765976667404,0.36511221528053284,0.1973273903131485,0.19573932886123657,0.13447344303131104,1.5167269706726074,0.0,734.0,17,2,271,0,0,0,300,300,0,0,0.0,300.0,0,,,False,0,False,not_reached,0.0,0.30000000000000004
649,2596,898,79,900,0,NOOP,0.10779174417257309,0.36507949233055115,0.1939578652381897,0.19653621315956116,0.1366347223520279,1.5178041458129883,0.0,734.0,18,2,271,0,0,0,300,300,0,0,0.0,300.0,0,,,False,0,False,not_reached,0.0,0.30000000000000004
650,2600,898,93,900,2,right+A,0.10825242847204208,0.3656013011932373,0.19688312709331512,0.1907181441783905,0.13854502141475677,1.518367052078247,-1.0,733.0,19,2,270,0,0,0,300,300,0,0,0.0,300.0,0,,,False,0,False,not_reached,0.0,0.30000000000000004
651,2604,898,109,900,2,right+A,0.10880231857299805,0.36467841267585754,0.19738663733005524,0.18978284299373627,0.1393497735261917,1.519512414932251,0.0,733.0,20,2,270,0,0,0,300,300,0,0,0.0,300.0,0,,,False,0,False,not_reached,0.0,0.30000000000000004
652,2608,898,121,900,1,right,0.10882125794887543,0.3654661178588867,0.19218796491622925,0.1971619576215744,0.13636276125907898,1.518046259880066,0.0,733.0,21,2,270,0,0,0,300,300,0,0,0.0,300.0,0,,,False,0,False,not_reached,0.0,0.30000000000000004
653,2612,898,122,900,3,right+B,0.10778573900461197,0.36532115936279297,0.1976330727338791,0.18871085345745087,0.1405492126941681,1.518874168395996,0.0,733.0,22,2,270,0,0,0,300,300,0,0,0.0,300.0,0,,,False,0,False,not_reached,0.0,0.30000000000000004
654,2616,898,113,900,4,right+A+B,0.10789936035871506,0.3636118769645691,0.20284239947795868,0.18289875984191895,0.14274759590625763,1.520294427871704,0.0,733.0,23,2,270,0,0,0,300,300,0,0,0.0,300.0,0,,,False,0,False,not_reached,0.0,0.30000000000000004
655,2620,898,94,900,1,right,0.10865379869937897,0.36652904748916626,0.19904069602489471,0.18469631671905518,0.1410800963640213,1.518599271774292,-1.0,732.0,24,2,269,0,0,0,300,300,0,0,0.0,300.0,0,,,False,0,False,not_reached,0.0,0.30000000000000004
656,2624,898,79,900,3,right+B,0.1086653470993042,0.3656708896160126,0.19930149614810944,0.18450361490249634,0.14185866713523865,1.5193805694580078,0.0,732.0,25,2,269,0,0,0,300,300,0,0,0.0,300.0,0,,,False,0,False,not_reached,0.0,0.30000000000000004
657,2628,898,79,900,1,right,0.10863204300403595,0.36690354347229004,0.19500143826007843,0.19171592593193054,0.13774707913398743,1.5175224542617798,0.0,732.0,26,2,269,0,0,0,300,300,0,0,0.0,300.0,0,,,False,0,False,not_reached,0.0,0.30000000000000004
658,2632,898,93,900,4,right+A+B,0.10777078568935394,0.3674789071083069,0.19416768848896027,0.1949687898159027,0.135613813996315,1.5159190893173218,0.0,732.0,27,2,269,0,0,0,300,300,0,0,0.0,300.0,0,,,False,0,False,not_reached,0.0,0.30000000000000004
659,2636,898,109,900,2,right+A,0.10791292786598206,0.3655661940574646,0.20219703018665314,0.18351012468338013,0.1408137083053589,1.5185256004333496,0.0,732.0,28,2,269,0,0,0,300,300,0,0,0.0,300.0,0,,,False,0,False,not_reached,0.0,0.30000000000000004
660,2640,898,122,900,2,right+A,0.10866083204746246,0.36753442883491516,0.19709740579128265,0.1876705437898636,0.13903675973415375,1.5174593925476074,-1.0,731.0,29,2,268,0,0,0,300,300,0,0,0.0,300.0,0,,,False,0,False,not_reached,0.0,0.30000000000000004
661,2644,898,130,900,1,right,0.1085648164153099,0.3687226176261902,0.1974242925643921,0.18456310033798218,0.14072513580322266,1.517060399055481,0.0,731.0,30,2,268,0,0,0,300,300,0,0,0.0,300.0,0,,,False,0,False,not_reached,0.0,0.30000000000000004
662,2648,898,129,900,1,right,0.1092638373374939,0.36597108840942383,0.1997411847114563,0.1829424649477005,0.14208140969276428,1.5195075273513794,0.0,731.0,31,2,268,0,0,0,300,300,0,0,0.0,300.0,0,,,False,0,False,not_reached,0.0,0.30000000000000004
663,2652,898,117,900,1,right,0.1091318428516388,0.36597734689712524,0.19774281978607178,0.18405842781066895,0.14308950304985046,1.5198484659194946,0.0,731.0,32,2,268,0,0,0,300,300,0,0,0.0,300.0,0,,,False,0,False,not_reached,0.0,0.30000000000000004
664,2656,898,97,900,4,right+A+B,0.10970160365104675,0.3653102219104767,0.20284046232700348,0.17477579414844513,0.14737188816070557,1.5209486484527588,0.0,731.0,33,2,268,0,0,0,300,300,0,0,0.0,300.0,0,,,False,0,False,not_reached,0.0,0.30000000000000004
665,2660,898,79,900,2,right+A,0.10962574928998947,0.367148220539093,0.20721744000911713,0.16828615963459015,0.14772239327430725,1.5187921524047852,-1.0,730.0,34,2,267,0,0,0,300,300,0,0,0.0,300.0,0,,,False,0,False,not_reached,0.0,0.30000000000000004
666,2664,898,79,900,0,NOOP,0.10993355512619019,0.3649106025695801,0.20840489864349365,0.16888608038425446,0.14786486327648163,1.5204296112060547,0.0,730.0,35,2,267,0,0,0,300,300,0,0,0.0,300.0,0,,,False,0,False,not_reached,0.0,0.30000000000000004
667,2668,898,93,900,4,right+A+B,0.11004741489887238,0.36591172218322754,0.19958527386188507,0.18152464926242828,0.14293096959590912,1.5201700925827026,0.0,730.0,36,2,267,0,0,0,300,300,0,0,0.0,300.0,0,,,False,0,False,not_reached,0.0,0.30000000000000004
668,2672,898,109,900,2,right+A,0.10911790281534195,0.36388278007507324,0.20798653364181519,0.17303350567817688,0.14597925543785095,1.5206409692764282,0.0,730.0,37,2,267,0,0,0,300,300,0,0,0.0,300.0,0,,,False,0,False,not_reached,0.0,0.30000000000000004
669,2676,898,121,900,3,right+B,0.1091940701007843,0.3665725886821747,0.20542852580547333,0.17367838323116302,0.14512640237808228,1.5189728736877441,0.0,730.0,38,2,267,0,0,0,300,300,0,0,0.0,300.0,0,,,False,0,False,not_reached,0.0,0.30000000000000004
670,2680,898,122,900,3,right+B,0.10856223851442337,0.3650132119655609,0.2131435126066208,0.1631985753774643,0.15008240938186646,1.5188844203948975,-1.0,729.0,39,2,266,0,0,0,300,300,0,0,0.0,300.0,0,,,False,0,False,not_reached,0.0,0.30000000000000004
671,2684,898,113,900,1,right,0.1081765741109848,0.36463722586631775,0.21733561158180237,0.1584576964378357,0.15139292180538177,1.517903447151184,0.0,729.0,40,2,266,0,0,0,300,300,0,0,0.0,300.0,0,,,False,0,False,not_reached,0.0,0.30000000000000004
672,2688,898,94,900,2,right+A,0.10898047685623169,0.3669169545173645,0.20407900214195251,0.17509864270687103,0.14492487907409668,1.5187959671020508,0.0,729.0,41,2,266,0,0,0,300,300,0,0,0.0,300.0,0,,,False,0,False,not_reached,0.0,0.30000000000000004
673,2692,898,79,900,1,right,0.10923727601766586,0.36443307995796204,0.2011672556400299,0.18025639653205872,0.14490605890750885,1.5210930109024048,0.0,729.0,42,2,266,0,0,0,300,300,0,0,0.0,300.0,0,,,False,0,False,not_reached,0.0,0.30000000000000004
674,2696,898,93,900,2,right+A,0.10945937037467957,0.3659987151622772,0.19301049411296844,0.19032436609268188,0.1412069946527481,1.5196948051452637,0.0,729.0,43,2,266,0,0,0,300,300,0,0,0.0,300.0,0,,,False,0,False,not_reached,0.0,0.30000000000000004
675,2700,898,108,900,0,NOOP,0.10975513607263565,0.36641252040863037,0.19184671342372894,0.18967601656913757,0.14230959117412567,1.5199236869812012,-1.0,728.0,44,2,265,0,0,0,300,300,0,0,0.0,300.0,0,,,False,0,False,not_reached,0.0,0.30000000000000004
676,2704,898,112,900,2,right+A,0.10961988568305969,0.3658631443977356,0.19857734441757202,0.1810554563999176,0.1448841542005539,1.5205352306365967,0.0,728.0,45,2,265,0,0,0,300,300,0,0,0.0,300.0,0,,,False,0,False,not_reached,0.0,0.30000000000000004
677,2708,898,106,900,2,right+A,0.10939101129770279,0.3636816442012787,0.19892139732837677,0.18187081813812256,0.14613516628742218,1.5221878290176392,0.0,728.0,46,2,265,0,0,0,300,300,0,0,0.0,300.0,0,,,False,0,False,not_reached,0.0,0.30000000000000004
678,2712,898,89,900,4,right+A+B,0.10923965275287628,0.363577663898468,0.19457599520683289,0.18943263590335846,0.14317406713962555,1.5216915607452393,0.0,728.0,47,2,265,0,0,0,300,300,0,0,0.0,300.0,0,,,False,0,False,not_reached,0.0,0.30000000000000004
679,2716,898,101,900,3,right+B,0.10921241343021393,0.3639145493507385,0.19974924623966217,0.17993375658988953,0.14719004929065704,1.5220763683319092,0.0,728.0,48,2,265,0,0,0,300,300,0,0,0.0,300.0,0,,,False,0,False,not_reached,0.0,0.30000000000000004
680,2720,898,103,900,3,right+B,0.10814843326807022,0.36676231026649475,0.19021885097026825,0.1976519525051117,0.13721846044063568,1.5170936584472656,0.0,728.0,49,2,264,0,0,0,400,400,0,0,0.0,400.0,0,,,False,0,False,not_reached,0.1,0.4
681,2724,898,94,900,3,right+B,0.10756972432136536,0.368945449590683,0.18781977891921997,0.20040298998355865,0.13526210188865662,1.5145331621170044,0.0,728.0,50,2,264,0,0,0,400,400,0,0,0.0,400.0,0,,,False,0,False,not_reached,0.0,0.4
682,2728,898,79,900,2,right+A,0.10790562629699707,0.3660717308521271,0.19203346967697144,0.19448167085647583,0.1395074427127838,1.5182249546051025,0.0,728.0,51,2,264,0,0,0,400,400,0,0,0.0,400.0,0,,,False,0,False,not_reached,0.0,0.4
683,2732,898,79,900,3,right+B,0.10834966599941254,0.36458760499954224,0.19532321393489838,0.19394738972187042,0.13779208064079285,1.5188539028167725,0.0,728.0,52,2,264,0,0,0,400,400,0,0,0.0,400.0,0,,,False,0,False,not_reached,0.0,0.4
684,2736,898,93,900,2,right+A,0.10838048160076141,0.3631241023540497,0.1921968311071396,0.19711712002754211,0.13918152451515198,1.5202319622039795,0.0,728.0,53,2,264,0,0,0,400,400,0,0,0.0,400.0,0,,,False,0,False,not_reached,0.0,0.4
685,2740,898,108,900,1,right,0.10844440013170242,0.3622989356517792,0.19412671029567719,0.1926187127828598,0.14251121878623962,1.52187979221344,-1.0,727.0,54,2,263,0,0,0,400,400,0,0,0.0,400.0,0,,,False,0,False,not_reached,0.0,0.4
686,2744,898,112,900,4,right+A+B,0.10869424790143967,0.3632753789424896,0.19419364631175995,0.19214025139808655,0.14169645309448242,1.521155834197998,0.0,727.0,55,2,263,0,0,0,400,400,0,0,0.0,400.0,0,,,False,0,False,not_reached,0.0,0.4
687,2748,898,106,900,3,right+B,0.10798734426498413,0.3635896146297455,0.1961202323436737,0.19050940871238708,0.1417933851480484,1.520543098449707,0.0,727.0,56,2,263,0,0,0,400,400,0,0,0.0,400.0,0,,,False,0,False,not_reached,0.0,0.4
688,2752,898,89,900,0,NOOP,0.10871807485818863,0.363534539937973,0.19534924626350403,0.1915593445301056,0.14083880186080933,1.5207240581512451,0.0,727.0,57,2,263,0,0,0,400,400,0,0,0.0,400.0,0,,,False,0,False,not_reached,0.0,0.4
689,2756,898,79,900,2,right+A,0.10821255296468735,0.3650510013103485,0.1990910768508911,0.18657593429088593,0.14106938242912292,1.5193582773208618,0.0,727.0,58,2,263,0,0,0,400,400,0,0,0.0,400.0,0,,,False,0,False,not_reached,0.0,0.4
690,2760,898,79,900,1,right,0.10806382447481155,0.364118754863739,0.20061996579170227,0.1872193068265915,0.13997814059257507,1.5194860696792603,-1.0,726.0,59,2,262,0,0,0,400,400,0,0,0.0,400.0,0,,,False,0,False,not_reached,0.0,0.4
691,2764,898,79,900,1,right,0.10808983445167542,0.36551201343536377,0.19778046011924744,0.18934021890163422,0.13927748799324036,1.5185295343399048,0.0,726.0,60,2,262,0,0,0,400,400,0,0,0.0,400.0,0,,,False,0,False,not_reached,0.0,0.4
692,2768,898,93,900,2,right+A,0.10831660777330399,0.3652583360671997,0.19655831158161163,0.1887754499912262,0.14109128713607788,1.5194170475006104,0.0,726.0,61,2,262,0,0,0,400,400,0,0,0.0,400.0,0,,,False,0,False,not_reached,0.0,0.4
693,2772,898,108,900,3,right+B,0.10807611793279648,0.36435362696647644,0.1999695748090744,0.18561618030071259,0.1419845074415207,1.5199427604675293,0.0,726.0,62,2,262,0,0,0,400,400,0,0,0.0,400.0,0,,,False,0,False,not_reached,0.0,0.4
694,2776,898,112,900,2,right+A,0.10782791674137115,0.3652951121330261,0.19827859103679657,0.1887672394514084,0.1398310661315918,1.5186705589294434,0.0,726.0,63,2,262,0,0,0,400,400,0,0,0.0,400.0,0,,,False,0,False,not_reached,0.0,0.4
695,2780,898,106,900,1,right,0.10737711191177368,0.364367812871933,0.19939492642879486,0.18793606758117676,0.14092402160167694,1.5192919969558716,-1.0,725.0,64,2,261,0,0,0,400,400,0,0,0.0,400.0,0,,,False,0,False,not_reached,0.0,0.4
696,2784,898,89,900,1,right,0.10808517783880234,0.3633573651313782,0.19702160358428955,0.19225454330444336,0.1392812579870224,1.5199482440948486,0.0,725.0,65,2,261,0,0,0,400,400,0,0,0.0,400.0,0,,,False,0,False,not_reached,0.0,0.4
697,2788,898,79,900,4,right+A+B,0.10788978636264801,0.36552852392196655,0.1987392008304596,0.18842586874961853,0.13941660523414612,1.5184026956558228,0.0,725.0,66,2,261,0,0,0,400,400,0,0,0.0,400.0,0,,,False,0,False,not_reached,0.0,0.4
698,2792,898,79,900,1,right,0.10808511078357697,0.3643425405025482,0.2009216696023941,0.187159925699234,0.13949081301689148,1.519185185432434,0.0,725.0,67,2,261,0,0,0,400,400,0,0,0.0,400.0,0,,,False,0,False,not_reached,0.0,0.4
699,2796,898,79,900,1,right,0.10816406458616257,0.36552730202674866,0.19859062135219574,0.18897470831871033,0.1387433111667633,1.5183587074279785,0.0,725.0,68,2,261,0,0,0,400,400,0,0,0.0,400.0,0,,,False,0,False,not_reached,0.0,0.4
700,2800,898,93,900,4,right+A+B,0.10862789303064346,0.3651560842990875,0.1971634477376938,0.18784861266613007,0.14120393991470337,1.5196621417999268,-1.0,724.0,69,2,260,0,0,0,400,400,0,0,0.0,400.0,0,,,False,0,False,not_reached,0.0,0.4
701,2804,898,108,900,1,right,0.10846555978059769,0.3641698658466339,0.19975517690181732,0.18548530340194702,0.14212410151958466,1.5203297138214111,0.0,724.0,70,2,260,0,0,0,400,400,0,0,0.0,400.0,0,,,False,0,False,not_reached,0.0,0.4
702,2808,898,112,900,1,right,0.10842885822057724,0.3648141324520111,0.1978781819343567,0.18813540041446686,0.14074338972568512,1.5196117162704468,0.0,724.0,71,2,260,0,0,0,400,400,0,0,0.0,400.0,0,,,False,0,False,not_reached,0.0,0.4
703,2812,898,106,900,0,NOOP,0.10811402648687363,0.36398836970329285,0.19798892736434937,0.18797779083251953,0.14193086326122284,1.520317554473877,0.0,724.0,72,2,260,0,0,0,400,400,0,0,0.0,400.0,0,,,False,0,False,not_reached,0.0,0.4
704,2816,898,89,900,1,right,0.10843289643526077,0.3634778559207916,0.19598208367824554,0.19154328107833862,0.1405639350414276,1.5205004215240479,0.0,724.0,73,2,260,0,0,0,400,400,0,0,0.0,400.0,0,,,False,0,False,not_reached,0.0,0.4
705,2820,898,79,900,3,right+B,0.10782627016305923,0.3652037978172302,0.19972632825374603,0.18644875288009644,0.1407948136329651,1.5189250707626343,-1.0,723.0,74,2,259,0,0,0,400,400,0,0,0.0,400.0,0,,,False,0,False,not_reached,0.0,0.4
706,2824,898,93,900,2,right+A,0.1074572429060936,0.36444422602653503,0.20099397003650665,0.1880914568901062,0.1390131264925003,1.5186223983764648,0.0,723.0,75,2,259,0,0,0,400,400,0,0,0.0,400.0,0,,,False,0,False,not_reached,0.0,0.4
707,2828,898,109,900,2,right+A,0.10747820138931274,0.365034818649292,0.2000020444393158,0.18761517107486725,0.1398698389530182,1.5185620784759521,0.0,723.0,76,2,259,0,0,0,400,400,0,0,0.0,400.0,0,,,False,0,False,not_reached,0.0,0.4
708,2832,898,121,900,1,right,0.10807237774133682,0.364993691444397,0.19498664140701294,0.19207671284675598,0.13987049460411072,1.5191234350204468,0.0,723.0,77,2,259,0,0,0,400,400,0,0,0.0,400.0,0,,,False,0,False,not_reached,0.0,0.4
709,2836,898,122,900,1,right,0.10765578597784042,0.36547261476516724,0.19820204377174377,0.18690961599349976,0.1417599469423294,1.519016981124878,0.0,723.0,78,2,259,0,0,0,400,400,0,0,0.0,400.0,0,,,False,0,False,not_reached,0.0,0.4
710,2840,898,113,900,1,right,0.10796185582876205,0.36395642161369324,0.20303291082382202,0.18077819049358368,0.14427059888839722,1.5204277038574219,-1.0,722.0,79,2,258,0,0,0,400,400,0,0,0.0,400.0,0,,,False,0,False,not_reached,0.0,0.4
711,2844,898,94,900,3,right+B,0.10835867375135422,0.3659140169620514,0.19591057300567627,0.18890078365802765,0.14091597497463226,1.5189810991287231,0.0,722.0,80,2,258,0,0,0,400,400,0,0,0.0,400.0,0,,,False,0,False,not_reached,0.0,0.4
712,2848,898,79,900,1,right,0.10850963741540909,0.36424189805984497,0.19696679711341858,0.18789829313755035,0.14238341152668,1.5205450057983398,0.0,722.0,81,2,258,0,0,0,400,400,0,0,0.0,400.0,0,,,False,0,False,not_reached,0.0,0.4
713,2852,898,79,900,0,NOOP,0.10861631482839584,0.36447006464004517,0.193251371383667,0.19485613703727722,0.13880616426467896,1.5194275379180908,0.0,722.0,82,2,258,0,0,0,400,400,0,0,0.0,400.0,0,,,False,0,False,not_reached,0.0,0.4
714,2856,898,79,900,3,right+B,0.10835579037666321,0.36525872349739075,0.19399383664131165,0.1936899870634079,0.1387016922235489,1.5187458992004395,0.0,722.0,83,2,258,0,0,0,400,400,0,0,0.0,400.0,0,,,False,0,False,not_reached,0.0,0.4
715,2860,898,93,900,2,right+A,0.10832978039979935,0.36468079686164856,0.19910678267478943,0.1873026192188263,0.14058004319667816,1.5195300579071045,-1.0,721.0,84,2,257,0,0,0,400,400,0,0,0.0,400.0,0,,,False,0,False,not_reached,0.0,0.4
716,2864,898,109,900,4,right+A+B,0.10849921405315399,0.36402493715286255,0.19922864437103271,0.1867242008447647,0.14152300357818604,1.5203182697296143,0.0,721.0,85,2,257,0,0,0,400,400,0,0,0.0,400.0,0,,,False,0,False,not_reached,0.0,0.4
717,2868,898,122,900,2,right+A,0.10831382125616074,0.36469894647598267,0.19802649319171906,0.18877938389778137,0.14018133282661438,1.5194517374038696,0.0,721.0,86,2,257,0,0,0,400,400,0,0,0.0,400.0,0,,,False,0,False,not_reached,0.0,0.4
718,2872,898,130,900,1,right,0.1075274646282196,0.36506760120391846,0.20151478052139282,0.18376024067401886,0.14212988317012787,1.5190708637237549,0.0,721.0,87,2,257,0,0,0,400,400,0,0,0.0,400.0,0,,,False,0,False,not_reached,0.0,0.4
719,2876,898,129,900,1,right,0.10747239738702774,0.36407580971717834,0.20300596952438354,0.18419307470321655,0.1412527859210968,1.5193493366241455,0.0,721.0,88,2,257,0,0,0,400,400,0,0,0.0,400.0,0,,,False,0,False,not_reached,0.0,0.4
720,2880,898,117,900,3,right+B,0.10801208019256592,0.3650933504104614,0.19815874099731445,0.188103586435318,0.14063234627246857,1.5191497802734375,-1.0,720.0,89,2,256,0,0,0,400,400,0,0,0.0,400.0,0,,,False,0,False,not_reached,0.0,0.4
721,2884,898,97,900,3,right+B,0.10880336165428162,0.36501261591911316,0.1965702921152115,0.18750299513339996,0.14211079478263855,1.520136833190918,0.0,720.0,90,2,256,0,0,0,400,400,0,0,0.0,400.0,0,,,False,0,False,not_reached,0.0,0.4
722,2888,898,79,900,4,right+A+B,0.10890740156173706,0.36559557914733887,0.20060241222381592,0.1813632845878601,0.14353129267692566,1.5198581218719482,0.0,720.0,91,2,256,0,0,0,400,400,0,0,0.0,400.0,0,,,False,0,False,not_reached,0.0,0.4
723,2892,898,79,900,2,right+A,0.10853660851716995,0.36404749751091003,0.20024654269218445,0.18455074727535248,0.14261867105960846,1.5205419063568115,0.0,720.0,92,2,256,0,0,0,400,400,0,0,0.0,400.0,0,,,False,0,False,not_reached,0.0,0.4
724,2896,898,79,900,1,right,0.10881303995847702,0.3645438551902771,0.19524571299552917,0.191781684756279,0.13961569964885712,1.5197501182556152,0.0,720.0,93,2,256,0,0,0,400,400,0,0,0.0,400.0,0,,,False,0,False,not_reached,0.0,0.4
725,2900,898,93,900,4,right+A+B,0.10841866582632065,0.3643260896205902,0.1973349004983902,0.1894550770521164,0.14046525955200195,1.5198701620101929,-1.0,719.0,94,2,255,0,0,0,400,400,0,0,0.0,400.0,0,,,False,0,False,not_reached,0.0,0.4
726,2904,898,109,900,2,right+A,0.10855436325073242,0.3641408085823059,0.1984889805316925,0.18663623929023743,0.14217957854270935,1.5204977989196777,0.0,719.0,95,2,255,0,0,0,400,400,0,0,0.0,400.0,0,,,False,0,False,not_reached,0.0,0.4
727,2908,898,122,900,2,right+A,0.1084805428981781,0.3647763133049011,0.19744960963726044,0.1885976940393448,0.14069578051567078,1.5196717977523804,0.0,719.0,96,2,255,0,0,0,400,400,0,0,0.0,400.0,0,,,False,0,False,not_reached,0.0,0.4
728,2912,898,132,900,4,right+A+B,0.10777581483125687,0.3650132119655609,0.19998282194137573,0.18402262032032013,0.14320552349090576,1.5196484327316284,0.0,719.0,97,2,255,0,0,0,400,400,0,0,0.0,400.0,0,,,False,0,False,not_reached,0.0,0.4
729,2916,900,139,900,2,right+A,0.10772217065095901,0.36383652687072754,0.2015344798564911,0.18432974815368652,0.14257703721523285,1.5201293230056763,0.0,719.0,98,2,255,0,0,0,400,400,0,0,0.0,400.0,0,,,False,0,False,not_reached,0.0,0.4
730,2920,902,143,902,1,right,0.10805099457502365,0.36480218172073364,0.19610199332237244,0.1900285929441452,0.14101625978946686,1.519562005996704,1.0,720.0,0,2,254,0,0,0,400,400,0,0,0.0,400.0,0,,,False,0,False,not_reached,0.0,0.4
731,2924,905,157,905,4,right+A+B,0.10821714252233505,0.36360377073287964,0.19575995206832886,0.1923852264881134,0.14003385603427887,1.520134687423706,3.0,723.0,0,2,254,0,0,0,400,400,0,0,0.0,400.0,0,,,False,0,False,not_reached,0.0,0.4
732,2928,910,172,910,1,right,0.108096182346344,0.3634563088417053,0.2011987864971161,0.18612918257713318,0.14111949503421783,1.520227074623108,5.0,728.0,0,2,254,0,0,0,400,400,0,0,0.0,400.0,0,,,False,0,False,not_reached,0.0,0.4
733,2932,915,176,915,4,right+A+B,0.10890736430883408,0.3554868996143341,0.21775291860103607,0.1624937504529953,0.15535910427570343,1.5256365537643433,5.0,733.0,0,2,254,0,0,0,400,400,0,0,0.0,400.0,0,,,False,0,False,not_reached,0.0,0.4
734,2936,921,170,921,2,right+A,0.10542196035385132,0.33207327127456665,0.24614645540714264,0.13536281883716583,0.18099553883075714,1.5283801555633545,6.0,739.0,0,2,254,0,0,0,400,400,0,0,0.0,400.0,0,,,False,0,False,not_reached,0.0,0.4
735,2940,928,153,928,4,right+A+B,0.10526877641677856,0.35603901743888855,0.18709859251976013,0.19373926520347595,0.15785440802574158,1.5276566743850708,6.0,745.0,0,2,253,0,0,0,400,400,0,0,0.0,400.0,0,,,False,0,False,not_reached,0.0,0.4
736,2944,935,143,935,1,right,0.10596539080142975,0.342754602432251,0.21290428936481476,0.16443292796611786,0.17394272983074188,1.535273790359497,7.0,752.0,0,2,253,0,0,0,400,400,0,0,0.0,400.0,0,,,False,0,False,not_reached,0.0,0.4
737,2948,942,143,942,1,right,0.10463133454322815,0.3514311909675598,0.14438070356845856,0.2621830999851227,0.137373685836792,1.50679349899292,7.0,759.0,0,2,253,0,0,0,400,400,0,0,0.0,400.0,0,,,False,0,False,not_reached,0.0,0.4
738,2952,949,137,949,1,right,0.10415837168693542,0.3553074896335602,0.13273291289806366,0.2578163146972656,0.1499849110841751,1.5053215026855469,7.0,766.0,0,2,253,0,0,0,400,400,0,0,0.0,400.0,0,,,False,0,False,not_reached,0.0,0.4
739,2956,956,120,956,2,right+A,0.10573745518922806,0.35347166657447815,0.11297091096639633,0.28179705142974854,0.14602291584014893,1.4893732070922852,7.0,773.0,0,2,253,0,0,0,400,400,0,0,0.0,400.0,0,,,False,0,False,not_reached,0.0,0.4
740,2960,963,100,963,1,right,0.11216749995946884,0.35512903332710266,0.11758784204721451,0.26205024123191833,0.15306544303894043,1.5029863119125366,6.0,779.0,0,2,252,0,0,0,400,400,0,0,0.0,400.0,0,,,False,0,False,not_reached,0.0,0.4
741,2964,970,80,970,0,NOOP,0.11274819076061249,0.34598615765571594,0.11096394062042236,0.2837730646133423,0.14652866125106812,1.496106743812561,7.0,786.0,0,2,252,0,0,0,400,400,0,0,0.0,400.0,0,,,False,0,False,not_reached,0.0,0.4
742,2968,977,79,977,0,NOOP,0.10836468636989594,0.32817092537879944,0.11289390176534653,0.31074202060699463,0.13982848823070526,1.4910078048706055,7.0,793.0,0,2,252,0,0,0,400,400,0,0,0.0,400.0,0,,,False,0,False,not_reached,0.0,0.4
743,2972,984,79,984,3,right+B,0.10281151533126831,0.32334256172180176,0.12809951603412628,0.3184336721897125,0.12731274962425232,1.4889893531799316,7.0,800.0,0,2,252,0,0,0,400,400,0,0,0.0,400.0,0,,,False,0,False,not_reached,0.0,0.4
744,2976,991,79,991,0,NOOP,0.1015566736459732,0.3252050280570984,0.13805848360061646,0.32066917419433594,0.11451061069965363,1.4838093519210815,7.0,807.0,0,2,252,0,0,0,400,400,0,0,0.0,400.0,0,,,False,0,False,not_reached,0.0,0.4
745,2980,999,79,999,1,right,0.1048024594783783,0.33487215638160706,0.19694338738918304,0.23804424703121185,0.12533770501613617,1.5247130393981934,7.0,814.0,0,2,251,0,0,0,400,400,0,0,0.0,400.0,0,,,False,0,False,not_reached,0.0,0.4
746,2984,1008,79,1008,3,right+B,0.1009601578116417,0.31699320673942566,0.27122053503990173,0.15606966614723206,0.15475641191005707,1.5282373428344727,9.0,823.0,0,2,251,0,0,0,400,400,0,0,0.0,400.0,0,,,False,0,False,not_reached,0.0,0.4
747,2988,1019,97,1019,4,right+A+B,0.08017157018184662,0.24636398255825043,0.40073421597480774,0.06044195219874382,0.21228823065757751,1.412527322769165,11.0,834.0,0,2,251,0,0,0,400,400,0,0,0.0,400.0,0,,,False,0,False,not_reached,0.0,0.4
748,2992,1031,115,1031,1,right,0.08023425936698914,0.2381395697593689,0.3795112371444702,0.05363956093788147,0.2484753429889679,1.414719820022583,12.0,846.0,0,2,251,0,0,0,400,400,0,0,0.0,400.0,0,,,False,0,False,not_reached,0.0,0.4
749,2996,1043,121,1043,1,right,0.08780675381422043,0.25657543540000916,0.3242555260658264,0.06846499443054199,0.262897253036499,1.46262526512146,12.0,858.0,0,2,251,0,0,0,400,400,0,0,0.0,400.0,0,,,False,0,False,not_reached,0.0,0.4
750,3000,1055,114,1055,4,right+A+B,0.10264755040407181,0.3136387765407562,0.22561724483966827,0.13247354328632355,0.22562281787395477,1.5369718074798584,11.0,869.0,0,2,250,0,0,0,400,400,0,0,0.0,400.0,0,,,False,0,False,not_reached,0.0,0.4
751,3004,1067,94,1067,4,right+A+B,0.11001367121934891,0.33075225353240967,0.15321925282478333,0.20145858824253082,0.20455622673034668,1.5435620546340942,12.0,881.0,0,2,250,0,0,0,400,400,0,0,0.0,400.0,0,,,False,0,False,not_reached,0.0,0.4
752,3008,1079,79,1079,0,NOOP,0.1126990094780922,0.30679377913475037,0.18314778804779053,0.1440558135509491,0.2533036172389984,1.5463573932647705,12.0,893.0,0,2,250,0,0,0,400,400,0,0,0.0,400.0,0,,,False,0,False,not_reached,0.0,0.4
753,3012,1087,79,1087,1,right,0.11203234642744064,0.2728220820426941,0.2227509468793869,0.1003398671746254,0.29205483198165894,1.5242844820022583,8.0,901.0,0,2,250,0,0,0,400,400,0,0,0.0,400.0,0,,,False,0,False,not_reached,0.0,0.4
754,3016,1093,79,1093,0,NOOP,0.10903073102235794,0.2665371894836426,0.2560502886772156,0.0915890708565712,0.2767927348613739,1.5173654556274414,6.0,907.0,0,2,250,0,0,0,400,400,0,0,0.0,400.0,0,,,False,0,False,not_reached,0.0,0.4
755,3020,1100,79,1100,1,right,0.10759738832712173,0.26653558015823364,0.31218793988227844,0.0820128470659256,0.23166623711585999,1.4996390342712402,6.0,913.0,0,2,249,0,0,0,400,400,0,0,0.0,400.0,0,,,False,0,False,not_reached,0.0,0.4
756,3024,1107,76,1107,1,right,0.10279448330402374,0.2785475254058838,0.34302201867103577,0.08431612700223923,0.19131986796855927,1.481845736503601,7.0,920.0,0,2,249,0,0,0,400,400,0,0,0.0,400.0,0,,,False,0,False,not_reached,0.0,0.4
757,3028,1114,62,1114,2,right+A,0.09952240437269211,0.2812763750553131,0.36862215399742126,0.08225169777870178,0.16832740604877472,1.4596854448318481,7.0,927.0,0,2,249,0,0,0,400,400,0,0,0.0,400.0,0,,,False,0,False,not_reached,0.0,0.4
758,3032,1121,42,1121,0,NOOP,0.10042134672403336,0.299594521522522,0.3354158401489258,0.10573557764291763,0.15883265435695648,1.4881231784820557,7.0,934.0,0,2,249,0,0,0,400,400,0,0,0.0,400.0,0,,,False,0,False,not_reached,0.0,0.4
759,3036,1128,22,1128,4,right+A+B,0.09448589384555817,0.283779501914978,0.3596636652946472,0.09743886440992355,0.1646321713924408,1.4720375537872314,7.0,941.0,0,2,249,0,0,0,400,400,0,0,0.0,400.0,0,,,False,0,False,not_reached,0.0,0.4
760,3040,1135,2,1135,4,right+A+B,0.09745541960000992,0.28837117552757263,0.3279016315937042,0.12470333278179169,0.16156844794750214,1.5052478313446045,6.0,947.0,0,2,248,0,0,0,400,400,0,0,0.0,400.0,0,,,False,0,False,not_reached,0.0,0.4
761,3041,1136,253,1136,1,right,0.09715729206800461,0.2871567904949188,0.32958918809890747,0.12509527802467346,0.16100144386291504,1.5046985149383545,-15.0,932.0,0,2,248,0,1,0,400,400,0,0,0.0,400.0,0,,,False,0,False,not_reached,-5.0,-4.6
