decision,raw_frames,x,y,max_x,action,action_name,prob_0,prob_1,prob_2,prob_3,prob_4,action_entropy_nats,native_reward,native_reward_sum,no_progress_decisions,life,game_time,flag_get,terminated,truncated,game_score,score_gain,coins
1,4,40,79,40,3,right+B,0.03565302491188049,0.21899856626987457,0.10238822549581528,0.6052387356758118,0.0377214178442955,1.1123393774032593,0.0,0.0,1,2,400,0,0,0,0,0,0
2,8,42,93,42,2,right+A,0.035570673644542694,0.21903777122497559,0.10225701332092285,0.605468213558197,0.037666384130716324,1.111759901046753,2.0,2.0,0,2,400,0,0,0,0,0,0
3,12,45,108,45,3,right+B,0.036201611161231995,0.2211957424879074,0.10489696264266968,0.5988872647285461,0.03881840407848358,1.1235337257385254,3.0,5.0,0,2,400,0,0,0,0,0,0
4,16,50,112,50,3,right+B,0.03579195216298103,0.2207239419221878,0.10490599274635315,0.5996800065040588,0.038898177444934845,1.1221448183059692,5.0,10.0,0,2,400,0,0,0,0,0,0
5,20,55,106,55,3,right+B,0.03597169369459152,0.22140231728553772,0.10623795539140701,0.5966953635215759,0.03969264030456543,1.1277992725372314,4.0,14.0,0,2,399,0,0,0,0,0,0
6,24,61,89,61,1,right,0.036503445357084274,0.22178517282009125,0.10593225806951523,0.5966206192970276,0.03915850445628166,1.1276888847351074,6.0,20.0,0,2,399,0,0,0,0,0,0
7,28,68,79,68,1,right,0.03533630445599556,0.22107546031475067,0.10285479575395584,0.6027037501335144,0.038029689341783524,1.1152193546295166,7.0,27.0,0,2,399,0,0,0,0,0,0
8,32,75,79,75,3,right+B,0.03529960662126541,0.22101610898971558,0.1019175797700882,0.6039465665817261,0.03782009705901146,1.1128133535385132,7.0,34.0,0,2,399,0,0,0,0,0,0
9,36,85,79,85,3,right+B,0.035409361124038696,0.22053813934326172,0.10425815731287003,0.6014960408210754,0.03829832375049591,1.1180989742279053,10.0,44.0,0,2,399,0,0,0,0,0,0
10,40,96,79,96,3,right+B,0.03621048852801323,0.22586162388324738,0.10668037831783295,0.5921339392662048,0.039113596081733704,1.1320171356201172,10.0,54.0,0,2,398,0,0,0,0,0,0
11,44,108,79,108,3,right+B,0.04612055420875549,0.26362162828445435,0.1728924810886383,0.4550034701824188,0.06236175075173378,1.3281359672546387,12.0,66.0,0,2,398,0,0,0,0,0,0
12,48,120,97,120,2,right+A,0.0510067343711853,0.2793397605419159,0.26461365818977356,0.3050804138183594,0.09995940327644348,1.4522255659103394,12.0,78.0,0,2,398,0,0,0,0,0,0
13,52,132,115,132,3,right+B,0.048605792224407196,0.28973403573036194,0.3129018545150757,0.222662553191185,0.12609578669071198,1.4650238752365112,12.0,90.0,0,2,398,0,0,0,0,0,0
14,56,144,121,144,1,right,0.04747521132230759,0.36317384243011475,0.2043846696615219,0.29606905579566956,0.08889725804328918,1.4125640392303467,12.0,102.0,0,2,398,0,0,0,0,0,0
15,60,156,114,156,3,right+B,0.03883756324648857,0.35440972447395325,0.13783757388591766,0.40765291452407837,0.06126219406723976,1.3038215637207031,11.0,113.0,0,2,397,0,0,0,0,0,0
16,64,168,94,168,1,right,0.0325319766998291,0.32304948568344116,0.07815184444189072,0.5231245160102844,0.04314211755990982,1.1502435207366943,12.0,125.0,0,2,397,0,0,0,0,0,0
17,68,180,79,180,0,NOOP,0.026937948539853096,0.2821141183376312,0.04111194238066673,0.6156451106071472,0.03419089317321777,0.9996274709701538,12.0,137.0,0,2,397,0,0,0,0,0,0
18,72,188,79,188,1,right,0.027819424867630005,0.2682766914367676,0.039657626301050186,0.6235284805297852,0.04071779549121857,1.005496859550476,8.0,145.0,0,2,397,0,0,0,0,0,0
19,76,195,93,195,4,right+A+B,0.03809342905879021,0.27269864082336426,0.05822855234146118,0.5618489384651184,0.06913045048713684,1.1530039310455322,7.0,152.0,0,2,397,0,0,0,0,0,0
20,80,202,109,202,2,right+A,0.04852759465575218,0.2815951704978943,0.13946771621704102,0.3757399022579193,0.15466968715190887,1.434909462928772,6.0,158.0,0,2,396,0,0,0,0,0,0
21,84,209,121,209,3,right+B,0.03515949845314026,0.16611377894878387,0.3595258891582489,0.14185449481010437,0.29734641313552856,1.4213550090789795,7.0,165.0,0,2,396,0,0,0,0,0,0
22,88,216,125,216,1,right,0.017829084768891335,0.07118071615695953,0.5706207752227783,0.0457875020802021,0.29458189010620117,1.0812638998031616,7.0,172.0,0,2,396,0,0,0,0,0,0
23,92,223,119,223,4,right+A+B,0.005444267299026251,0.016017664223909378,0.7079310417175293,0.005074338987469673,0.2655327320098877,0.7180371880531311,7.0,179.0,0,2,396,0,0,0,0,0,0
24,96,230,105,230,4,right+A+B,0.007047826424241066,0.020213251933455467,0.6882739067077637,0.0055785817094147205,0.2788864076137543,0.755970299243927,7.0,186.0,0,2,396,0,0,0,0,0,0
25,100,237,85,237,2,right+A,0.007033764850348234,0.020816316828131676,0.6513907313346863,0.00447351299226284,0.3162856698036194,0.7829627990722656,6.0,192.0,0,2,395,0,0,0,0,0,0
26,104,244,79,244,2,right+A,0.028840936720371246,0.11507143825292587,0.4943740963935852,0.07406578958034515,0.2876477539539337,1.250537633895874,7.0,199.0,0,2,395,0,0,0,0,0,0
27,108,250,79,250,0,NOOP,0.04119233414530754,0.2127586305141449,0.3653566837310791,0.18953198194503784,0.19116033613681793,1.4600496292114258,6.0,205.0,0,2,395,0,0,0,0,0,0
28,112,257,79,257,3,right+B,0.04435355216264725,0.27523455023765564,0.2135152518749237,0.3480434715747833,0.11885316669940948,1.443428635597229,7.0,212.0,0,2,395,0,0,0,0,0,0
29,116,265,79,265,1,right,0.04275956377387047,0.28541505336761475,0.18616265058517456,0.38054490089416504,0.10511785000562668,1.4100661277770996,8.0,220.0,0,2,395,0,0,0,0,0,0
30,120,276,79,276,1,right,0.048595547676086426,0.2971305251121521,0.20868848264217377,0.34276720881462097,0.10281822830438614,1.4354454278945923,10.0,230.0,0,2,394,0,0,0,0,0,0
31,124,287,79,287,3,right+B,0.05291130393743515,0.2886022925376892,0.23954589664936066,0.2810019254684448,0.13793855905532837,1.4864258766174316,11.0,241.0,0,2,394,0,0,0,0,0,0
32,128,299,97,299,2,right+A,0.05215425416827202,0.20092885196208954,0.43722790479660034,0.10575688630342484,0.20393216609954834,1.4000508785247803,12.0,253.0,0,2,394,0,0,0,0,0,0
33,132,311,117,311,2,right+A,0.04520073160529137,0.1445004940032959,0.5092070698738098,0.06659385561943054,0.2344978153705597,1.2836732864379883,12.0,265.0,0,2,394,0,0,0,0,0,0
34,136,312,117,313,1,right,0.04484622925519943,0.23477816581726074,0.10935379564762115,0.5608749389648438,0.05014685541391373,1.1958740949630737,2.0,267.0,0,2,394,0,0,0,0,0,0
35,140,314,100,314,1,right,0.02779378741979599,0.1755586564540863,0.05536777153611183,0.7203395962715149,0.020940253511071205,0.882489800453186,0.0,267.0,0,2,393,0,0,0,0,0,0
36,144,316,80,316,3,right+B,0.02602068893611431,0.17453673481941223,0.045611344277858734,0.7374559044837952,0.016375334933400154,0.8323767781257629,2.0,269.0,0,2,393,0,0,0,0,0,0
37,148,321,79,321,3,right+B,0.02628970891237259,0.1923162192106247,0.05797157809138298,0.7067986726760864,0.016623876988887787,0.8911764025688171,5.0,274.0,0,2,393,0,0,0,0,0,0
38,152,327,79,327,3,right+B,0.03171209618449211,0.21580088138580322,0.08561599999666214,0.6417855620384216,0.02508540078997612,1.0278671979904175,6.0,280.0,0,2,393,0,0,0,0,0,0
39,156,335,97,335,2,right+A,0.03883605822920799,0.24034056067466736,0.11705822497606277,0.5723671913146973,0.03139802813529968,1.1479434967041016,8.0,288.0,0,2,393,0,0,0,0,0,0
40,160,344,115,344,3,right+B,0.03484596684575081,0.2285418063402176,0.1104469895362854,0.6016475558280945,0.024517692625522614,1.0942541360855103,8.0,296.0,0,2,392,0,0,0,0,0,0
41,164,356,109,356,3,right+B,0.03244528919458389,0.2182077318429947,0.12261039018630981,0.6034444570541382,0.023292062804102898,1.0931063890457153,12.0,308.0,0,2,392,0,0,0,0,0,0
42,168,368,90,368,3,right+B,0.03353644907474518,0.21668106317520142,0.1397571563720703,0.5833930969238281,0.026632320135831833,1.1312038898468018,12.0,320.0,0,2,392,0,0,0,0,0,0
43,172,380,79,380,3,right+B,0.03716886416077614,0.20500344038009644,0.1358475387096405,0.5888922810554504,0.03308780863881111,1.1430354118347168,12.0,332.0,0,2,392,0,0,0,0,0,0
44,176,392,79,392,3,right+B,0.04064479470252991,0.23240387439727783,0.23554743826389313,0.4461669623851776,0.04523696005344391,1.3100180625915527,12.0,344.0,0,2,392,0,0,0,0,0,0
45,180,404,97,404,2,right+A,0.03301854431629181,0.16025123000144958,0.6442998647689819,0.07433028519153595,0.08810015767812729,1.0964884757995605,11.0,355.0,0,2,391,0,0,0,0,0,0
46,184,416,117,416,2,right+A,0.009582066908478737,0.05222140997648239,0.8277843594551086,0.007126004435122013,0.10328619182109833,0.6248776912689209,12.0,367.0,0,2,391,0,0,0,0,0,0
47,188,428,133,428,4,right+A+B,0.020055485889315605,0.12088184803724289,0.654136598110199,0.025026312097907066,0.17989979684352875,1.0123443603515625,12.0,379.0,0,2,391,0,0,0,0,0,0
48,192,440,147,440,2,right+A,0.047185953706502914,0.31040066480636597,0.2901341915130615,0.22096124291419983,0.1313178986310959,1.4664335250854492,12.0,391.0,0,2,391,0,0,0,0,0,0
49,196,452,156,452,2,right+A,0.04207015782594681,0.35698848962783813,0.15254296362400055,0.3778468668460846,0.07055146247148514,1.342646837234497,12.0,403.0,0,2,391,0,0,0,0,0,0
50,200,464,160,464,3,right+B,0.03315760940313339,0.3457917273044586,0.10854482650756836,0.4750683605670929,0.03743741288781166,1.1977641582489014,11.0,414.0,0,2,390,0,0,0,0,0,0
51,204,476,152,476,2,right+A,0.022123798727989197,0.330875039100647,0.06186671182513237,0.569611132144928,0.015523333102464676,1.0076684951782227,12.0,426.0,0,2,390,0,0,0,0,0,0
52,208,488,133,488,3,right+B,0.01613778807222843,0.30680596828460693,0.03535265102982521,0.6327389478683472,0.008964634500443935,0.8791260719299316,12.0,438.0,0,2,390,0,0,0,0,0,0
53,212,500,113,500,3,right+B,0.015444253571331501,0.3251836895942688,0.02774607017636299,0.6245216727256775,0.007104390300810337,0.858322262763977,12.0,450.0,0,2,390,0,0,0,0,0,0
54,216,512,93,512,3,right+B,0.014358139596879482,0.2931514084339142,0.024398038163781166,0.6604002714157104,0.007692116778343916,0.822688102722168,12.0,462.0,0,2,390,0,0,0,0,0,0
55,220,522,79,522,1,right,0.026918433606624603,0.36995360255241394,0.0723058432340622,0.5009729862213135,0.02984914556145668,1.1062111854553223,9.0,471.0,0,2,389,0,0,0,0,0,0
56,224,529,93,529,4,right+A+B,0.034377098083496094,0.3317149877548218,0.2200443148612976,0.2758435010910034,0.13802000880241394,1.4436284303665161,7.0,478.0,0,2,389,0,0,0,0,0,0
57,228,536,109,536,2,right+A,0.024268992245197296,0.14931698143482208,0.4036056399345398,0.06977634131908417,0.35303205251693726,1.2937500476837158,7.0,485.0,0,2,389,0,0,0,0,0,0
58,232,543,123,543,4,right+A+B,0.0303275715559721,0.2288983166217804,0.22511272132396698,0.3065766394138336,0.20908476412296295,1.4688817262649536,7.0,492.0,0,2,389,0,0,0,0,0,0
59,236,550,132,550,3,right+B,0.031354643404483795,0.2092689871788025,0.2692355215549469,0.23641397058963776,0.25372692942619324,1.4781043529510498,7.0,499.0,0,2,389,0,0,0,0,0,0
60,240,557,132,557,2,right+A,0.03130192309617996,0.23286914825439453,0.17648261785507202,0.38964998722076416,0.16969634592533112,1.4221478700637817,6.0,505.0,0,2,388,0,0,0,0,0,0
61,244,564,124,564,3,right+B,0.035035595297813416,0.2560124397277832,0.11352606862783432,0.4822893440723419,0.11313654482364655,1.3114770650863647,7.0,512.0,0,2,388,0,0,0,0,0,0
62,248,571,107,571,1,right,0.035251960158348083,0.25693249702453613,0.08431021124124527,0.5268480777740479,0.09665719419717789,1.2390774488449097,7.0,519.0,0,2,388,0,0,0,0,0,0
63,252,578,87,578,4,right+A+B,0.04700566828250885,0.29123422503471375,0.08705652505159378,0.4840230941772461,0.0906805470585823,1.2844048738479614,7.0,526.0,0,2,388,0,0,0,0,0,0
64,256,586,79,586,3,right+B,0.04026281461119652,0.2561313509941101,0.05682314559817314,0.5855549573898315,0.06122776120901108,1.1255680322647095,8.0,534.0,0,2,388,0,0,0,0,0,0
65,260,594,79,594,3,right+B,0.04066525027155876,0.238381490111351,0.05509918928146362,0.6190221309661865,0.0468318909406662,1.072001576423645,7.0,541.0,0,2,387,0,0,0,0,0,0
66,264,594,79,594,3,right+B,0.03820169344544411,0.2205776423215866,0.05398714914917946,0.6520139575004578,0.035219598561525345,1.0124266147613525,0.0,541.0,1,2,387,0,0,0,0,0,0
67,268,594,79,594,3,right+B,0.025176232680678368,0.17190374433994293,0.038286060094833374,0.7441325187683105,0.020501496270298958,0.8199144601821899,0.0,541.0,2,2,387,0,0,0,0,0,0
68,272,594,79,594,3,right+B,0.027768490836024284,0.1864767074584961,0.05001832917332649,0.715013861656189,0.020722588524222374,0.8827049732208252,0.0,541.0,3,2,387,0,0,0,0,0,0
69,276,594,79,594,3,right+B,0.025387074798345566,0.17677420377731323,0.04378710687160492,0.736598014831543,0.01745353639125824,0.8324161171913147,0.0,541.0,4,2,387,0,0,0,0,0,0
70,280,594,79,594,3,right+B,0.024933625012636185,0.18059954047203064,0.04479721188545227,0.7324371933937073,0.01723242737352848,0.8383020162582397,-1.0,540.0,5,2,386,0,0,0,0,0,0
71,284,594,79,594,3,right+B,0.024596162140369415,0.17941109836101532,0.044786978513002396,0.7341541647911072,0.017051592469215393,0.8347817659378052,0.0,540.0,6,2,386,0,0,0,0,0,0
72,288,594,79,594,3,right+B,0.024870719760656357,0.17945213615894318,0.04546085000038147,0.733005940914154,0.017210282385349274,0.8382455110549927,0.0,540.0,7,2,386,0,0,0,0,0,0
73,292,594,79,594,3,right+B,0.02391050010919571,0.17508374154567719,0.04392862319946289,0.7404210567474365,0.016656065359711647,0.8223649263381958,0.0,540.0,8,2,386,0,0,0,0,0,0
74,296,594,79,594,3,right+B,0.024025755003094673,0.17653518915176392,0.04408785700798035,0.7382957339286804,0.017055420204997063,0.8268043994903564,0.0,540.0,9,2,386,0,0,0,0,0,0
75,300,594,79,594,3,right+B,0.0241995956748724,0.1777043491601944,0.04396243020892143,0.7368353605270386,0.017298301681876183,0.8296265602111816,-1.0,539.0,10,2,385,0,0,0,0,0,0
76,304,594,79,594,3,right+B,0.023906279355287552,0.17518657445907593,0.04280456155538559,0.7411555647850037,0.01694696769118309,0.8204100131988525,0.0,539.0,11,2,385,0,0,0,0,0,0
77,308,594,79,594,3,right+B,0.023419026285409927,0.1723032295703888,0.041922103613615036,0.7457160949707031,0.0166395865380764,0.8108454942703247,0.0,539.0,12,2,385,0,0,0,0,0,0
78,312,594,79,594,1,right,0.023683646693825722,0.17366497218608856,0.04301467537879944,0.7425599098205566,0.017076775431632996,0.8185305595397949,0.0,539.0,13,2,385,0,0,0,0,0,0
79,316,594,79,594,3,right+B,0.023142438381910324,0.17166350781917572,0.0420406274497509,0.7464969158172607,0.016656553372740746,0.8093534111976624,0.0,539.0,14,2,385,0,0,0,0,0,0
80,320,594,79,594,3,right+B,0.022838836535811424,0.16959203779697418,0.04052014276385307,0.7510089874267578,0.016040083020925522,0.798468291759491,-1.0,538.0,15,2,384,0,0,0,0,0,0
81,324,594,79,594,3,right+B,0.023197975009679794,0.17065605521202087,0.0415971502661705,0.7482660412788391,0.016282733529806137,0.805356502532959,0.0,538.0,16,2,384,0,0,0,0,0,0
82,328,594,79,594,3,right+B,0.023478908464312553,0.17243613302707672,0.04280305281281471,0.7446839213371277,0.016597986221313477,0.8136152029037476,0.0,538.0,17,2,384,0,0,0,0,0,0
83,332,594,79,594,3,right+B,0.023131905123591423,0.1712229698896408,0.04196622595191002,0.7474539279937744,0.0162249393761158,0.8068071007728577,0.0,538.0,18,2,384,0,0,0,0,0,0
84,336,594,79,594,3,right+B,0.022254567593336105,0.16722697019577026,0.04029632732272148,0.754655659198761,0.015566486865282059,0.7903923392295837,0.0,538.0,19,2,384,0,0,0,0,0,0
85,340,594,79,594,3,right+B,0.022727007046341896,0.16994605958461761,0.04122757539153099,0.75016188621521,0.015937507152557373,0.8002676963806152,-1.0,537.0,20,2,383,0,0,0,0,0,0
86,344,594,79,594,1,right,0.02291105128824711,0.17062152922153473,0.04179301857948303,0.748389720916748,0.01628466695547104,0.8048799633979797,0.0,537.0,21,2,383,0,0,0,0,0,0
87,348,594,79,594,1,right,0.02283467911183834,0.17026683688163757,0.041316431015729904,0.749443769454956,0.016138257458806038,0.8021492958068848,0.0,537.0,22,2,383,0,0,0,0,0,0
88,352,594,79,594,3,right+B,0.02268284745514393,0.16892662644386292,0.04087525233626366,0.7514282464981079,0.016087064519524574,0.7981469631195068,0.0,537.0,23,2,383,0,0,0,0,0,0
89,356,594,79,594,0,NOOP,0.022799355909228325,0.1686968058347702,0.04080400615930557,0.7516186237335205,0.016081206500530243,0.7979815006256104,0.0,537.0,24,2,383,0,0,0,0,0,0
90,360,594,79,594,3,right+B,0.023720642551779747,0.1732138693332672,0.04253936558961868,0.7436284422874451,0.01689765974879265,0.8159680366516113,-1.0,536.0,25,2,382,0,0,0,0,0,0
91,364,594,79,594,3,right+B,0.023729482665657997,0.1739191859960556,0.04223569110035896,0.743327260017395,0.01678834669291973,0.815740704536438,0.0,536.0,26,2,382,0,0,0,0,0,0
92,368,594,79,594,3,right+B,0.023907450959086418,0.17503921687602997,0.042827364057302475,0.741455614566803,0.01677032560110092,0.8195982575416565,0.0,536.0,27,2,382,0,0,0,0,0,0
93,372,594,79,594,3,right+B,0.023711660876870155,0.17381368577480316,0.0424986407160759,0.7432994246482849,0.016676658764481544,0.8158555030822754,0.0,536.0,28,2,382,0,0,0,0,0,0
94,376,594,79,594,3,right+B,0.024633001536130905,0.17830052971839905,0.044301487505435944,0.7355933785438538,0.017171690240502357,0.8324280977249146,0.0,536.0,29,2,382,0,0,0,0,0,0
95,380,594,79,594,3,right+B,0.025540955364704132,0.18166735768318176,0.0463477186858654,0.7287658452987671,0.017678160220384598,0.8478018045425415,-1.0,535.0,30,2,381,0,0,0,0,0,0
96,384,594,79,594,1,right,0.02534196712076664,0.18095873296260834,0.04634985700249672,0.7297205924987793,0.01762889139354229,0.8459704518318176,0.0,535.0,31,2,381,0,0,0,0,0,0
97,388,594,79,594,3,right+B,0.02573562227189541,0.18251241743564606,0.04626180976629257,0.7276884913444519,0.01780163124203682,0.8498468399047852,0.0,535.0,32,2,381,0,0,0,0,0,0
98,392,594,79,594,1,right,0.02521982230246067,0.17991018295288086,0.04571555554866791,0.7317061424255371,0.017448266968131065,0.8416657447814941,0.0,535.0,33,2,381,0,0,0,0,0,0
99,396,594,79,594,1,right,0.02572372369468212,0.18277998268604279,0.04737657308578491,0.7260525822639465,0.01806716062128544,0.8542168140411377,0.0,535.0,34,2,381,0,0,0,0,0,0
100,400,594,79,594,0,NOOP,0.026815265417099,0.18831482529640198,0.04981709644198418,0.7160062193870544,0.019046535715460777,0.8755123615264893,-1.0,534.0,35,2,380,0,0,0,0,0,0
101,404,594,79,594,1,right,0.026005426421761513,0.18520104885101318,0.04809469357132912,0.7224300503730774,0.018268782645463943,0.8611689209938049,0.0,534.0,36,2,380,0,0,0,0,0,0
102,408,594,79,594,1,right,0.027331959456205368,0.1918981522321701,0.05044948682188988,0.7109513282775879,0.019369034096598625,0.8847870230674744,0.0,534.0,37,2,380,0,0,0,0,0,0
103,412,594,79,594,3,right+B,0.027686409652233124,0.19538097083568573,0.052110616117715836,0.7049528956413269,0.019869105890393257,0.8966073393821716,0.0,534.0,38,2,380,0,0,0,0,0,0
104,416,594,79,594,3,right+B,0.026286656036973,0.19112807512283325,0.05090336874127388,0.7126188278198242,0.019063085317611694,0.8804426193237305,0.0,534.0,39,2,380,0,0,0,0,0,0
105,420,594,79,594,3,right+B,0.025825556367635727,0.19156287610530853,0.050049733370542526,0.7138396501541138,0.0187221746891737,0.8759901523590088,-1.0,533.0,40,2,379,0,0,0,0,0,0
106,424,594,79,594,0,NOOP,0.02672119252383709,0.1951896846294403,0.05149821564555168,0.7074510455131531,0.019139816984534264,0.8890004754066467,0.0,533.0,41,2,379,0,0,0,0,0,0
107,428,594,93,594,4,right+A+B,0.027418779209256172,0.1979280561208725,0.052339911460876465,0.7025708556175232,0.01974240504205227,0.8991315364837646,0.0,533.0,42,2,379,0,0,0,0,0,0
108,432,594,108,594,3,right+B,0.025621283799409866,0.19017010927200317,0.049461450427770615,0.7160926461219788,0.018654506653547287,0.871657133102417,0.0,533.0,43,2,379,0,0,0,0,0,0
109,436,594,112,594,3,right+B,0.025185590609908104,0.1887030303478241,0.04760875180363655,0.7201147079467773,0.018387939780950546,0.8622794151306152,0.0,533.0,44,2,379,0,0,0,0,0,0
110,440,594,106,594,2,right+A,0.024535231292247772,0.18283018469810486,0.04607122018933296,0.7285528182983398,0.01801052689552307,0.8464937210083008,-1.0,532.0,45,2,378,0,0,0,0,0,0
111,444,594,89,594,1,right,0.023907626047730446,0.17899245023727417,0.04528994858264923,0.7341565489768982,0.01765337772667408,0.8355007767677307,0.0,532.0,46,2,378,0,0,0,0,0,0
112,448,594,79,594,3,right+B,0.02444877102971077,0.17961272597312927,0.04537326470017433,0.733556866645813,0.01700836792588234,0.8360377550125122,0.0,532.0,47,2,378,0,0,0,0,0,0
113,452,594,79,594,3,right+B,0.02348518930375576,0.17565637826919556,0.042603470385074615,0.7419143915176392,0.016340600326657295,0.8167610168457031,0.0,532.0,48,2,378,0,0,0,0,0,0
114,456,594,79,594,3,right+B,0.024733560159802437,0.1799965649843216,0.04526006430387497,0.7327623963356018,0.017247401177883148,0.8381268978118896,0.0,532.0,49,2,378,0,0,0,0,0,0
115,460,594,79,594,3,right+B,0.027220498770475388,0.1921432465314865,0.050825394690036774,0.7101902365684509,0.019620629027485847,0.8866420984268188,-1.0,531.0,50,2,377,0,0,0,0,0,0
116,464,594,79,594,3,right+B,0.027407554909586906,0.19394530355930328,0.05029420554637909,0.7090876698493958,0.01926528289914131,0.8869157433509827,0.0,531.0,51,2,377,0,0,0,0,0,0
117,468,594,79,594,3,right+B,0.026163749396800995,0.1875637173652649,0.04737544804811478,0.7209055423736572,0.01799152046442032,0.8619182109832764,0.0,531.0,52,2,377,0,0,0,0,0,0
118,472,594,79,594,3,right+B,0.024899030104279518,0.18235760927200317,0.04484489560127258,0.7307877540588379,0.01711069978773594,0.8403127193450928,0.0,531.0,53,2,377,0,0,0,0,0,0
119,476,594,79,594,3,right+B,0.024206703528761864,0.1782674789428711,0.04325689375400543,0.7379419207572937,0.016327034682035446,0.8247837424278259,0.0,531.0,54,2,377,0,0,0,0,0,0
120,480,594,79,594,3,right+B,0.024351973086595535,0.17802204191684723,0.044552743434906006,0.736258327960968,0.016814878210425377,0.8304376602172852,-1.0,530.0,55,2,376,0,0,0,0,0,0
121,484,594,93,594,2,right+A,0.025575634092092514,0.1868293732404709,0.04717827960848808,0.7226086854934692,0.017808016389608383,0.8577538132667542,0.0,530.0,56,2,376,0,0,0,0,0,0
122,488,594,108,594,3,right+B,0.025017907842993736,0.1841166615486145,0.04586731642484665,0.7273215055465698,0.01767658442258835,0.8480963706970215,0.0,530.0,57,2,376,0,0,0,0,0,0
123,492,594,112,594,3,right+B,0.024539044126868248,0.18353043496608734,0.04432164132595062,0.730096161365509,0.01751270890235901,0.8407586812973022,0.0,530.0,58,2,376,0,0,0,0,0,0
124,496,594,106,594,3,right+B,0.02444593235850334,0.1800731122493744,0.044969961047172546,0.7330451607704163,0.01746581681072712,0.8372668027877808,0.0,530.0,59,2,376,0,0,0,0,0,0
125,500,594,89,594,0,NOOP,0.02538337931036949,0.18659164011478424,0.048341404646635056,0.7209960222244263,0.018687522038817406,0.8631826639175415,-1.0,529.0,60,2,375,0,0,0,0,0,0
126,504,594,79,594,2,right+A,0.027010759338736534,0.1942278891801834,0.05210193991661072,0.7074180841445923,0.019241388887166977,0.8906514644622803,0.0,529.0,61,2,375,0,0,0,0,0,0
127,508,594,79,594,3,right+B,0.027549060061573982,0.19695308804512024,0.05274379253387451,0.7028598785400391,0.01989421248435974,0.8999052047729492,0.0,529.0,62,2,375,0,0,0,0,0,0
128,512,594,79,594,3,right+B,0.028035731986165047,0.19754117727279663,0.05412875860929489,0.7003359198570251,0.019958404824137688,0.9060174822807312,0.0,529.0,63,2,375,0,0,0,0,0,0
129,516,594,79,594,3,right+B,0.02810295671224594,0.1970508098602295,0.054283954203128815,0.7002319693565369,0.02033042162656784,0.907329797744751,0.0,529.0,64,2,375,0,0,0,0,0,0
130,520,594,79,594,3,right+B,0.027164507657289505,0.192506805062294,0.05210437625646591,0.708983838558197,0.01924050785601139,0.8889222741127014,-1.0,528.0,65,2,374,0,0,0,0,0,0
131,524,594,79,594,3,right+B,0.02639242634177208,0.1897529661655426,0.050382740795612335,0.7151512503623962,0.018320642411708832,0.8748927116394043,0.0,528.0,66,2,374,0,0,0,0,0,0
132,528,594,79,594,3,right+B,0.02590736374258995,0.18626819550991058,0.048834268003702164,0.721059262752533,0.017930883914232254,0.8630433678627014,0.0,528.0,67,2,374,0,0,0,0,0,0
133,532,594,79,594,3,right+B,0.026362277567386627,0.18727153539657593,0.04854872077703476,0.719528079032898,0.01828944869339466,0.8664575815200806,0.0,528.0,68,2,374,0,0,0,0,0,0
134,536,594,79,594,1,right,0.02535109780728817,0.1821354776620865,0.04583873972296715,0.7290962338447571,0.017578428611159325,0.8460384011268616,0.0,528.0,69,2,374,0,0,0,0,0,0
135,540,594,79,594,3,right+B,0.024692106992006302,0.17946575582027435,0.04435059055685997,0.734438419342041,0.01705312728881836,0.8339674472808838,-1.0,527.0,70,2,373,0,0,0,0,0,0
136,544,594,79,594,3,right+B,0.02532798796892166,0.18207256495952606,0.045901939272880554,0.7291005849838257,0.017596900463104248,0.8461169004440308,0.0,527.0,71,2,373,0,0,0,0,0,0
137,548,594,79,594,3,right+B,0.02447943575680256,0.17726603150367737,0.04434638470411301,0.7369463443756104,0.016961779445409775,0.8297717571258545,0.0,527.0,72,2,373,0,0,0,0,0,0
138,552,594,79,594,1,right,0.02434118092060089,0.17674396932125092,0.04432503506541252,0.7374058365821838,0.017184026539325714,0.829332709312439,0.0,527.0,73,2,373,0,0,0,0,0,0
139,556,594,79,594,3,right+B,0.02455403469502926,0.17898213863372803,0.044256195425987244,0.7347998023033142,0.0174078568816185,0.8338825106620789,0.0,527.0,74,2,373,0,0,0,0,0,0
140,560,594,79,594,1,right,0.024918336421251297,0.18025946617126465,0.04479580745100975,0.7323979735374451,0.017628446221351624,0.839250385761261,-1.0,526.0,75,2,372,0,0,0,0,0,0
141,564,594,79,594,3,right+B,0.02413886971771717,0.17543140053749084,0.043010130524635315,0.740545928478241,0.016873640939593315,0.8218689560890198,0.0,526.0,76,2,372,0,0,0,0,0,0
142,568,594,79,594,1,right,0.02382459118962288,0.1738511323928833,0.04287545010447502,0.7428475618362427,0.016601301729679108,0.8170889616012573,0.0,526.0,77,2,372,0,0,0,0,0,0
143,572,594,79,594,3,right+B,0.02359924465417862,0.17293241620063782,0.04275261610746384,0.7441228628158569,0.016592806205153465,0.8145918846130371,0.0,526.0,78,2,372,0,0,0,0,0,0
144,576,594,79,594,1,right,0.022695116698741913,0.1690000295639038,0.04064555838704109,0.7519603371620178,0.015698889270424843,0.7961331009864807,0.0,526.0,79,2,372,0,0,0,0,0,0
145,580,594,79,594,1,right,0.022701429203152657,0.16887767612934113,0.04049812629818916,0.7521591186523438,0.015763642266392708,0.7957925200462341,-1.0,525.0,80,2,371,0,0,0,0,0,0
146,584,594,79,594,3,right+B,0.02295958623290062,0.16960352659225464,0.04126567021012306,0.7501903176307678,0.01598086766898632,0.8008483648300171,0.0,525.0,81,2,371,0,0,0,0,0,0
147,588,594,79,594,3,right+B,0.023732507601380348,0.17362481355667114,0.04301922768354416,0.7428357601165771,0.01678771898150444,0.8175604343414307,0.0,525.0,82,2,371,0,0,0,0,0,0
148,592,594,79,594,3,right+B,0.023037878796458244,0.17069090902805328,0.04126577079296112,0.7489620447158813,0.01604340970516205,0.8029743432998657,0.0,525.0,83,2,371,0,0,0,0,0,0
149,596,594,79,594,3,right+B,0.023228157311677933,0.17137572169303894,0.041653577238321304,0.7475312948226929,0.016211289912462234,0.8064125776290894,0.0,525.0,84,2,371,0,0,0,0,0,0
150,600,594,79,594,3,right+B,0.023193897679448128,0.17084376513957977,0.0415659137070179,0.7482394576072693,0.016156990081071854,0.8050475120544434,-1.0,524.0,85,2,370,0,0,0,0,0,0
151,604,594,79,594,3,right+B,0.0231830645352602,0.17096932232379913,0.041823700070381165,0.7476943731307983,0.01632961817085743,0.8066006302833557,0.0,524.0,86,2,370,0,0,0,0,0,0
152,608,594,79,594,3,right+B,0.023344578221440315,0.17173175513744354,0.04146179184317589,0.7472690939903259,0.016192762181162834,0.806715190410614,0.0,524.0,87,2,370,0,0,0,0,0,0
153,612,594,79,594,3,right+B,0.023168962448835373,0.17001593112945557,0.0412694476544857,0.7493613362312317,0.016184302046895027,0.8029821515083313,0.0,524.0,88,2,370,0,0,0,0,0,0
154,616,594,79,594,3,right+B,0.023210862651467323,0.1705293208360672,0.04148979112505913,0.7486256957054138,0.016144268214702606,0.8043729066848755,0.0,524.0,89,2,370,0,0,0,0,0,0
155,620,594,79,594,3,right+B,0.02424127236008644,0.1754622459411621,0.043542731553316116,0.7397940158843994,0.01695971004664898,0.8241011500358582,-1.0,523.0,90,2,369,0,0,0,0,0,0
156,624,594,79,594,3,right+B,0.02322477474808693,0.17158257961273193,0.04157782346010208,0.7474604249000549,0.016154354438185692,0.8062683343887329,0.0,523.0,91,2,369,0,0,0,0,0,0
157,628,594,79,594,0,NOOP,0.02354632131755352,0.17370150983333588,0.04220723360776901,0.7441871166229248,0.016357824206352234,0.8130731582641602,0.0,523.0,92,2,369,0,0,0,0,0,0
158,632,594,79,594,1,right,0.024668756872415543,0.1789872795343399,0.04447507485747337,0.7345011830329895,0.017367711290717125,0.8347434997558594,0.0,523.0,93,2,369,0,0,0,0,0,0
159,636,594,79,594,3,right+B,0.025183094665408134,0.18037892878055573,0.045120563358068466,0.7317461967468262,0.017571205273270607,0.8410042524337769,0.0,523.0,94,2,369,0,0,0,0,0,0
160,640,594,79,594,3,right+B,0.02543470449745655,0.18097606301307678,0.04615495353937149,0.7296650409698486,0.017769213765859604,0.8462902307510376,-1.0,522.0,95,2,368,0,0,0,0,0,0
161,644,594,79,594,3,right+B,0.02587847225368023,0.183404341340065,0.04696120321750641,0.7255679965019226,0.018187908455729485,0.854902982711792,0.0,522.0,96,2,368,0,0,0,0,0,0
162,648,594,79,594,3,right+B,0.025517012923955917,0.18097257614135742,0.04567854106426239,0.730065643787384,0.01776626706123352,0.8452327847480774,0.0,522.0,97,2,368,0,0,0,0,0,0
163,652,594,79,594,0,NOOP,0.02580486610531807,0.18330729007720947,0.04700809344649315,0.725827157497406,0.018052570521831512,0.8541530966758728,0.0,522.0,98,2,368,0,0,0,0,0,0
164,656,594,79,594,3,right+B,0.02674192748963833,0.1880522072315216,0.04911622032523155,0.717086672782898,0.019003061577677727,0.8728888630867004,0.0,522.0,99,2,368,0,0,0,0,0,0
165,660,594,79,594,3,right+B,0.026151807978749275,0.1855991631746292,0.04829135537147522,0.7216264605522156,0.018331283703446388,0.8629582524299622,-1.0,521.0,100,2,367,0,0,0,0,0,0
166,664,594,79,594,1,right,0.026449967175722122,0.18747863173484802,0.048946563154459,0.7186931371688843,0.018431738018989563,0.8686186075210571,0.0,521.0,101,2,367,0,0,0,0,0,0
167,668,594,79,594,3,right+B,0.027543263509869576,0.19415387511253357,0.05142012611031532,0.7073807120323181,0.019502030685544014,0.8914440870285034,0.0,521.0,102,2,367,0,0,0,0,0,0
168,672,594,79,594,3,right+B,0.026267576962709427,0.1885073333978653,0.04984124377369881,0.7167311906814575,0.018652722239494324,0.8725964426994324,0.0,521.0,103,2,367,0,0,0,0,0,0
169,676,594,79,594,3,right+B,0.025599900633096695,0.18803991377353668,0.04956144466996193,0.7184231877326965,0.018375545740127563,0.8679933547973633,0.0,521.0,104,2,367,0,0,0,0,0,0
170,680,594,79,594,3,right+B,0.026457935571670532,0.1952623873949051,0.05107647925615311,0.7080139517784119,0.019189277663826942,0.887302041053772,-1.0,520.0,105,2,366,0,0,0,0,0,0
171,684,594,79,594,3,right+B,0.026591874659061432,0.19393402338027954,0.05105172097682953,0.7091477513313293,0.019274646416306496,0.886267900466919,0.0,520.0,106,2,366,0,0,0,0,0,0
172,688,594,79,594,1,right,0.026248428970575333,0.19243223965168,0.04994327574968338,0.7122781276702881,0.01909785531461239,0.8796113729476929,0.0,520.0,107,2,366,0,0,0,0,0,0
173,692,594,79,594,3,right+B,0.025269268080592155,0.18855538964271545,0.04841278865933418,0.7193554043769836,0.018407151103019714,0.86460942029953,0.0,520.0,108,2,366,0,0,0,0,0,0
174,696,594,79,594,0,NOOP,0.024643225595355034,0.1838006228208542,0.046375881880521774,0.7271842956542969,0.01799597404897213,0.848983645439148,0.0,520.0,109,2,366,0,0,0,0,0,0
175,700,594,79,594,1,right,0.02399754710495472,0.17925068736076355,0.04432517662644386,0.7352011799812317,0.017225420102477074,0.8318736553192139,-1.0,519.0,110,2,365,0,0,0,0,0,0
176,704,594,79,594,1,right,0.024089714512228966,0.17849792540073395,0.04359091818332672,0.7370345592498779,0.01678691804409027,0.827402651309967,0.0,519.0,111,2,365,0,0,0,0,0,0
177,708,594,79,594,1,right,0.02432054653763771,0.1803847849369049,0.044318269938230515,0.7341622114181519,0.01681419648230076,0.8330053091049194,0.0,519.0,112,2,365,0,0,0,0,0,0
178,712,594,79,594,3,right+B,0.023546792566776276,0.17592918872833252,0.04326624795794487,0.7409235835075378,0.016334136947989464,0.8192300796508789,0.0,519.0,113,2,365,0,0,0,0,0,0
179,716,594,79,594,3,right+B,0.026278838515281677,0.18766669929027557,0.048846013844013214,0.7186352610588074,0.018573157489299774,0.8685529232025146,0.0,519.0,114,2,365,0,0,0,0,0,0
180,720,594,79,594,1,right,0.027386048808693886,0.19370341300964355,0.05173890292644501,0.7076339721679688,0.019537700340151787,0.8913131952285767,-1.0,518.0,115,2,364,0,0,0,0,0,0
181,724,594,79,594,3,right+B,0.02652888558804989,0.19037576019763947,0.048633694648742676,0.7159972190856934,0.0184644665569067,0.8720231056213379,0.0,518.0,116,2,364,0,0,0,0,0,0
182,728,594,79,594,3,right+B,0.025157378986477852,0.1834186166524887,0.045813947916030884,0.7280992865562439,0.01751076616346836,0.8468407988548279,0.0,518.0,117,2,364,0,0,0,0,0,0
183,732,594,79,594,3,right+B,0.024202289059758186,0.17897939682006836,0.04301832243800163,0.7371426224708557,0.01665739342570305,0.8263562321662903,0.0,518.0,118,2,364,0,0,0,0,0,0
184,736,594,79,594,3,right+B,0.02400803379714489,0.17666420340538025,0.04289896413683891,0.7398665547370911,0.016562242060899734,0.8216944932937622,0.0,518.0,119,2,364,0,0,0,0,0,0
185,740,594,79,594,3,right+B,0.02523929998278618,0.1830928921699524,0.04682289436459541,0.7267969250679016,0.01804790273308754,0.8514392971992493,-1.0,517.0,120,2,363,0,0,0,0,0,0
186,744,594,79,594,3,right+B,0.02551640383899212,0.18611064553260803,0.046594198793172836,0.7236918807029724,0.01808689534664154,0.8560143709182739,0.0,517.0,121,2,363,0,0,0,0,0,0
187,748,594,79,594,3,right+B,0.024462249130010605,0.1812545210123062,0.04387499392032623,0.7330244779586792,0.017383750528097153,0.8356002569198608,0.0,517.0,122,2,363,0,0,0,0,0,0
188,752,594,79,594,3,right+B,0.023913731798529625,0.17779268324375153,0.04340992495417595,0.7378796935081482,0.017003919929265976,0.8261051177978516,0.0,517.0,123,2,363,0,0,0,0,0,0
189,756,594,79,594,1,right,0.0247814878821373,0.1815919578075409,0.045623503625392914,0.7304396629333496,0.017563337460160255,0.8427103757858276,0.0,517.0,124,2,363,0,0,0,0,0,0
190,760,594,79,594,3,right+B,0.025775767862796783,0.18835122883319855,0.04811207205057144,0.7196075320243835,0.018153393641114235,0.8642826080322266,-1.0,516.0,125,2,362,0,0,0,0,0,0
191,764,594,79,594,3,right+B,0.026929013431072235,0.1948360651731491,0.05088207870721817,0.708416223526001,0.018936647102236748,0.8868716359138489,0.0,516.0,126,2,362,0,0,0,0,0,0
192,768,594,79,594,3,right+B,0.02690032497048378,0.19419603049755096,0.05180029943585396,0.7079532146453857,0.01915011554956436,0.8891323208808899,0.0,516.0,127,2,362,0,0,0,0,0,0
193,772,594,79,594,3,right+B,0.027425972744822502,0.1958044320344925,0.0531965047121048,0.7039195895195007,0.01965356431901455,0.898351788520813,0.0,516.0,128,2,362,0,0,0,0,0,0
194,776,594,79,594,3,right+B,0.027746405452489853,0.19562755525112152,0.05313030630350113,0.7035235166549683,0.019972220063209534,0.9001301527023315,0.0,516.0,129,2,362,0,0,0,0,0,0
195,780,594,79,594,3,right+B,0.026175327599048615,0.18909038603305817,0.05021054297685623,0.7159175872802734,0.018606195226311684,0.8738819360733032,-1.0,515.0,130,2,361,0,0,0,0,0,0
196,784,594,79,594,1,right,0.026678377762436867,0.19154193997383118,0.050860676914453506,0.7119580507278442,0.018960950896143913,0.8817933797836304,0.0,515.0,131,2,361,0,0,0,0,0,0
197,788,594,79,594,3,right+B,0.026179874315857887,0.1867414116859436,0.048835378140211105,0.7198583483695984,0.01838497444987297,0.8662619590759277,0.0,515.0,132,2,361,0,0,0,0,0,0
198,792,594,93,594,2,right+A,0.02603401057422161,0.18484072387218475,0.04746071249246597,0.7234086394309998,0.01825595460832119,0.8590032458305359,0.0,515.0,133,2,361,0,0,0,0,0,0
199,796,594,108,594,3,right+B,0.025413576513528824,0.18281765282154083,0.04612601920962334,0.7278494238853455,0.017793310806155205,0.8487849831581116,0.0,515.0,134,2,361,0,0,0,0,0,0
200,800,594,112,594,3,right+B,0.025327520444989204,0.18426726758480072,0.04594041034579277,0.7266437411308289,0.01782107912003994,0.8500829339027405,-1.0,514.0,135,2,360,0,0,0,0,0,0
201,804,594,106,594,3,right+B,0.024685170501470566,0.17884236574172974,0.04501154646277428,0.7342961430549622,0.017164839431643486,0.8353347778320312,0.0,514.0,136,2,360,0,0,0,0,0,0
202,808,594,89,594,3,right+B,0.02450493723154068,0.17885152995586395,0.04565281793475151,0.7335554361343384,0.01743522845208645,0.8375346660614014,0.0,514.0,137,2,360,0,0,0,0,0,0
203,812,594,79,594,3,right+B,0.02462470531463623,0.1781819760799408,0.04587318003177643,0.7339628338813782,0.017357276752591133,0.8373147249221802,0.0,514.0,138,2,360,0,0,0,0,0,0
204,816,594,79,594,1,right,0.02403591200709343,0.17499804496765137,0.043631412088871,0.7403883934020996,0.016946159303188324,0.822929322719574,0.0,514.0,139,2,360,0,0,0,0,0,0
205,820,594,79,594,1,right,0.024313930422067642,0.1765711009502411,0.04383138567209244,0.7383063435554504,0.016977202147245407,0.8268227577209473,-1.0,513.0,140,2,359,0,0,0,0,0,0
206,824,594,79,594,3,right+B,0.023248422890901566,0.17150835692882538,0.04214202240109444,0.7465547323226929,0.016546471044421196,0.8093658089637756,0.0,513.0,141,2,359,0,0,0,0,0,0
207,828,594,79,594,3,right+B,0.023466672748327255,0.17235559225082397,0.0425335057079792,0.74479740858078,0.016846753656864166,0.8136284351348877,0.0,513.0,142,2,359,0,0,0,0,0,0
208,832,594,79,594,3,right+B,0.022831741720438004,0.16976329684257507,0.04102616012096405,0.750225841999054,0.01615295372903347,0.8006056547164917,0.0,513.0,143,2,359,0,0,0,0,0,0
209,836,594,79,594,3,right+B,0.023484887555241585,0.17257186770439148,0.04207097366452217,0.7452442049980164,0.01662811078131199,0.8118511438369751,0.0,513.0,144,2,359,0,0,0,0,0,0
210,840,594,79,594,3,right+B,0.023174231871962547,0.170909121632576,0.041735969483852386,0.7477777600288391,0.016402937471866608,0.8065083026885986,-1.0,512.0,145,2,358,0,0,0,0,0,0
211,844,594,79,594,3,right+B,0.02309209667146206,0.17025701701641083,0.041700925678014755,0.7485349178314209,0.016414979472756386,0.8052034974098206,0.0,512.0,146,2,358,0,0,0,0,0,0
212,848,594,79,594,3,right+B,0.02295033074915409,0.16999706625938416,0.041197750717401505,0.7496894598007202,0.01616535894572735,0.8019124865531921,0.0,512.0,147,2,358,0,0,0,0,0,0
213,852,594,79,594,3,right+B,0.023235365748405457,0.171871155500412,0.04216928780078888,0.7462372183799744,0.016486944630742073,0.8097051382064819,0.0,512.0,148,2,358,0,0,0,0,0,0
214,856,594,79,594,3,right+B,0.023338163271546364,0.17226937413215637,0.04218026250600815,0.7458304762840271,0.01638171635568142,0.8102757334709167,0.0,512.0,149,2,358,0,0,0,0,0,0
215,860,594,79,594,3,right+B,0.022586559876799583,0.16828355193138123,0.04065952077507973,0.7526988983154297,0.015771444886922836,0.795002818107605,-1.0,511.0,150,2,357,0,0,0,0,0,0
216,864,594,93,594,4,right+A+B,0.022957932204008102,0.17007389664649963,0.041445955634117126,0.7494944334030151,0.016027692705392838,0.8022434711456299,0.0,511.0,151,2,357,0,0,0,0,0,0
217,868,594,108,594,1,right,0.023133354261517525,0.17168070375919342,0.042182356119155884,0.7465782761573792,0.016425274312496185,0.8088734149932861,0.0,511.0,152,2,357,0,0,0,0,0,0
218,872,594,112,594,3,right+B,0.02280658669769764,0.1711427867412567,0.04092390835285187,0.7489136457443237,0.016213130205869675,0.8024945855140686,0.0,511.0,153,2,357,0,0,0,0,0,0
219,876,594,106,594,3,right+B,0.023767104372382164,0.17375288903713226,0.04314497113227844,0.742303729057312,0.017031414434313774,0.8191452622413635,0.0,511.0,154,2,357,0,0,0,0,0,0
220,880,594,89,594,1,right,0.02362869121134281,0.17464832961559296,0.04338843747973442,0.7409346699714661,0.017399955540895462,0.8220444917678833,-1.0,510.0,155,2,356,0,0,0,0,0,0
221,884,594,79,594,3,right+B,0.0240766704082489,0.17417363822460175,0.04410441219806671,0.7406221032142639,0.017023231834173203,0.8235056400299072,0.0,510.0,156,2,356,0,0,0,0,0,0
222,888,594,79,594,3,right+B,0.02434690296649933,0.1752166450023651,0.04335895553231239,0.7400168180465698,0.017060650512576103,0.823968231678009,0.0,510.0,157,2,356,0,0,0,0,0,0
223,892,594,79,594,3,right+B,0.02502528578042984,0.17841516435146332,0.04492761194705963,0.7342398166656494,0.017392100766301155,0.8365002274513245,0.0,510.0,158,2,356,0,0,0,0,0,0
224,896,594,79,594,3,right+B,0.025388527661561966,0.18056747317314148,0.04627012088894844,0.7298561930656433,0.017917636781930923,0.8464338183403015,0.0,510.0,159,2,356,0,0,0,0,0,0
225,900,594,79,594,3,right+B,0.02575543336570263,0.1822747141122818,0.04666852951049805,0.727364182472229,0.01793709024786949,0.8512049317359924,-1.0,509.0,160,2,355,0,0,0,0,0,0
226,904,594,79,594,1,right,0.0263214074075222,0.18437793850898743,0.04722468927502632,0.7239781022071838,0.01809787191450596,0.858099102973938,0.0,509.0,161,2,355,0,0,0,0,0,0
227,908,594,79,594,3,right+B,0.025982128456234932,0.18396326899528503,0.0474361851811409,0.7246677279472351,0.017950668931007385,0.8564375638961792,0.0,509.0,162,2,355,0,0,0,0,0,0
228,912,594,79,594,1,right,0.02565942518413067,0.18272513151168823,0.04712827503681183,0.7266319990158081,0.017855117097496986,0.8524630665779114,0.0,509.0,163,2,355,0,0,0,0,0,0
229,916,594,79,594,3,right+B,0.02563304826617241,0.18312279880046844,0.047266244888305664,0.7260323166847229,0.017945609986782074,0.8536354899406433,0.0,509.0,164,2,355,0,0,0,0,0,0
230,920,594,79,594,1,right,0.026172688230872154,0.18663352727890015,0.0487593337893486,0.720084011554718,0.018350480124354362,0.8657614588737488,-1.0,508.0,165,2,354,0,0,0,0,0,0
231,924,594,79,594,1,right,0.02780848555266857,0.19503749907016754,0.05177212879061699,0.7055184841156006,0.01986335776746273,0.8956575989723206,0.0,508.0,166,2,354,0,0,0,0,0,0
232,928,594,79,594,3,right+B,0.02780938521027565,0.19568288326263428,0.0519978329539299,0.704546332359314,0.019963638857007027,0.8974353075027466,0.0,508.0,167,2,354,0,0,0,0,0,0
233,932,594,79,594,3,right+B,0.02595430053770542,0.18763214349746704,0.049609676003456116,0.718036949634552,0.018766865134239197,0.8701847791671753,0.0,508.0,168,2,354,0,0,0,0,0,0
234,936,594,93,594,2,right+A,0.026328695937991142,0.19323690235614777,0.05051027610898018,0.7108007669448853,0.019123408943414688,0.8825221061706543,0.0,508.0,169,2,354,0,0,0,0,0,0
235,940,594,108,594,3,right+B,0.02719300426542759,0.19715090095996857,0.052630260586738586,0.7030335068702698,0.019992265850305557,0.8990562558174133,-1.0,507.0,170,2,353,0,0,0,0,0,0
236,944,594,112,594,3,right+B,0.02742110937833786,0.20040945708751678,0.052159711718559265,0.6999094486236572,0.020100200548768044,0.9030685424804688,0.0,507.0,171,2,353,0,0,0,0,0,0
237,948,594,106,594,3,right+B,0.025964295491576195,0.19225692749023438,0.05079081654548645,0.7117383480072021,0.01924968510866165,0.8812363147735596,0.0,507.0,172,2,353,0,0,0,0,0,0
238,952,594,89,594,3,right+B,0.024243909865617752,0.18328915536403656,0.04715973138809204,0.7272798418998718,0.01802731491625309,0.8491914868354797,0.0,507.0,173,2,353,0,0,0,0,0,0
239,956,594,79,594,3,right+B,0.02414337918162346,0.17934390902519226,0.0455203503370285,0.7338895797729492,0.017102766782045364,0.8353825211524963,0.0,507.0,174,2,353,0,0,0,0,0,0
240,960,594,93,594,4,right+A+B,0.023081429302692413,0.17270474135875702,0.04208115488290787,0.7460488080978394,0.016083842143416405,0.8085973262786865,-1.0,506.0,175,2,352,0,0,0,0,0,0
241,964,594,108,594,3,right+B,0.02383713237941265,0.17770227789878845,0.044133249670267105,0.7377699613571167,0.016557423397898674,0.8260675072669983,0.0,506.0,176,2,352,0,0,0,0,0,0
242,968,594,112,594,3,right+B,0.023483749479055405,0.17796684801578522,0.04336024448275566,0.7384874224662781,0.016701677814126015,0.8235912322998047,0.0,506.0,177,2,352,0,0,0,0,0,0
243,972,594,106,594,3,right+B,0.025165440514683723,0.1839626431465149,0.047233451157808304,0.7256293296813965,0.018009167164564133,0.8533679246902466,0.0,506.0,178,2,352,0,0,0,0,0,0
244,976,594,89,594,3,right+B,0.027807071805000305,0.19669018685817719,0.053655341267585754,0.7008802890777588,0.020967010408639908,0.9065507650375366,0.0,506.0,179,2,352,0,0,0,0,0,0
245,980,594,79,594,3,right+B,0.027490869164466858,0.19345392286777496,0.05116245895624161,0.7083625197410583,0.019530262798070908,0.8897923827171326,-1.0,505.0,180,2,351,0,0,0,0,0,0
246,984,594,79,594,3,right+B,0.026080390438437462,0.186610609292984,0.04736800864338875,0.7217152714729309,0.018225684762001038,0.861197829246521,0.0,505.0,181,2,351,0,0,0,0,0,0
247,988,594,79,594,3,right+B,0.024816468358039856,0.18044576048851013,0.044141851365566254,0.7334578633308411,0.017138168215751648,0.8355000019073486,0.0,505.0,182,2,351,0,0,0,0,0,0
248,992,594,79,594,3,right+B,0.023977963253855705,0.17674033343791962,0.042968690395355225,0.7397398948669434,0.01657315157353878,0.8219404220581055,0.0,505.0,183,2,351,0,0,0,0,0,0
249,996,594,79,594,3,right+B,0.025061193853616714,0.1812952309846878,0.045639682561159134,0.7305640578269958,0.017439892515540123,0.8428261876106262,0.0,505.0,184,2,351,0,0,0,0,0,0
250,1000,594,79,594,3,right+B,0.025697438046336174,0.1866946965456009,0.04705429449677467,0.7227736115455627,0.01777992770075798,0.8575355410575867,-1.0,504.0,185,2,350,0,0,0,0,0,0
251,1004,594,79,594,3,right+B,0.02489214390516281,0.1837303638458252,0.04526371881365776,0.7286992073059082,0.017414579167962074,0.8444919586181641,0.0,504.0,186,2,350,0,0,0,0,0,0
252,1008,594,79,594,3,right+B,0.02374197728931904,0.17743517458438873,0.04309242218732834,0.7392062544822693,0.016524197533726692,0.8222891092300415,0.0,504.0,187,2,350,0,0,0,0,0,0
253,1012,594,79,594,3,right+B,0.02384859137237072,0.17689476907253265,0.04335581138730049,0.7392289042472839,0.016671903431415558,0.8231918811798096,0.0,504.0,188,2,350,0,0,0,0,0,0
254,1016,594,79,594,3,right+B,0.025187963619828224,0.18499615788459778,0.04704379290342331,0.7249546647071838,0.017817337065935135,0.8536300659179688,0.0,504.0,189,2,350,0,0,0,0,0,0
255,1020,594,79,594,3,right+B,0.02725638821721077,0.19713349640369415,0.05215056985616684,0.7038821578025818,0.019577400758862495,0.8965128660202026,-1.0,503.0,190,2,349,0,0,0,0,0,0
256,1024,594,79,594,1,right,0.027283670380711555,0.19649110734462738,0.05184536054730415,0.7047444581985474,0.019635431468486786,0.895194947719574,0.0,503.0,191,2,349,0,0,0,0,0,0
257,1028,594,79,594,3,right+B,0.026839038357138634,0.19279800355434418,0.051641158759593964,0.7093284726142883,0.01939326897263527,0.8875769376754761,0.0,503.0,192,2,349,0,0,0,0,0,0
258,1032,594,79,594,3,right+B,0.02799931727349758,0.1977481096982956,0.05405093729496002,0.6996808052062988,0.020520837977528572,0.9079556465148926,0.0,503.0,193,2,349,0,0,0,0,0,0
259,1036,594,79,594,3,right+B,0.027211276814341545,0.19495953619480133,0.052941154688596725,0.7051135301589966,0.019774561747908592,0.896342933177948,0.0,503.0,194,2,349,0,0,0,0,0,0
260,1040,594,79,594,3,right+B,0.026271715760231018,0.19030873477458954,0.05018589645624161,0.7145010232925415,0.018732627853751183,0.8762128353118896,-1.0,502.0,195,2,348,0,0,0,0,0,0
261,1044,594,79,594,3,right+B,0.02613804303109646,0.1874624639749527,0.04901846498250961,0.7190088033676147,0.01837220974266529,0.8675398230552673,0.0,502.0,196,2,348,0,0,0,0,0,0
262,1048,594,93,594,2,right+A,0.026455873623490334,0.18807204067707062,0.04888128489255905,0.7180271744728088,0.018563661724328995,0.8697415590286255,0.0,502.0,197,2,348,0,0,0,0,0,0
263,1052,594,108,594,3,right+B,0.025578448548913002,0.18451036512851715,0.04692188650369644,0.7251254320144653,0.01786377653479576,0.8541133403778076,0.0,502.0,198,2,348,0,0,0,0,0,0
264,1056,594,112,594,3,right+B,0.024450475350022316,0.1809796690940857,0.044605936855077744,0.7328127026557922,0.017151283100247383,0.8363567590713501,0.0,502.0,199,2,348,0,0,0,0,0,0
265,1060,594,106,594,1,right,0.024158203974366188,0.1786201149225235,0.04439753293991089,0.7358940839767456,0.01693003997206688,0.8306233286857605,-1.0,501.0,200,2,347,0,0,0,0,0,0
266,1064,594,89,594,3,right+B,0.024156050756573677,0.1781281679868698,0.0449896976351738,0.7353858351707458,0.01734026148915291,0.8331199288368225,0.0,501.0,201,2,347,0,0,0,0,0,0
267,1068,594,79,594,0,NOOP,0.02453746274113655,0.1779615730047226,0.045873284339904785,0.7341009974479675,0.01752667874097824,0.8373401165008545,0.0,501.0,202,2,347,0,0,0,0,0,0
268,1072,594,93,594,2,right+A,0.024200769141316414,0.1768229454755783,0.04399450495839119,0.7375712990760803,0.017410429194569588,0.8288851976394653,0.0,501.0,203,2,347,0,0,0,0,0,0
269,1076,594,108,594,0,NOOP,0.025119585916399956,0.18144424259662628,0.046020396053791046,0.7292633056640625,0.01815250888466835,0.8469308614730835,0.0,501.0,204,2,347,0,0,0,0,0,0
270,1080,594,112,594,3,right+B,0.02386116050183773,0.17659424245357513,0.043488629162311554,0.7385566830635071,0.017499228939414024,0.8262982368469238,-1.0,500.0,205,2,346,0,0,0,0,0,0
271,1084,594,106,594,3,right+B,0.023771004751324654,0.17483100295066833,0.044013071805238724,0.739851176738739,0.017533758655190468,0.8250671029090881,0.0,500.0,206,2,346,0,0,0,0,0,0
272,1088,594,89,594,2,right+A,0.02337736077606678,0.1733778566122055,0.04351423308253288,0.7422359585762024,0.017494598403573036,0.8200469613075256,0.0,500.0,207,2,346,0,0,0,0,0,0
273,1092,594,79,594,3,right+B,0.023486651480197906,0.1714508980512619,0.0428788848221302,0.7456105947494507,0.0165729783475399,0.8123185634613037,0.0,500.0,208,2,346,0,0,0,0,0,0
274,1096,594,79,594,3,right+B,0.022879583761096,0.16882865130901337,0.04135254770517349,0.7508302330970764,0.016109026968479156,0.800159752368927,0.0,500.0,209,2,346,0,0,0,0,0,0
275,1100,594,79,594,3,right+B,0.02297704853117466,0.16916245222091675,0.04195282235741615,0.7498819828033447,0.016025707125663757,0.8024124503135681,-1.0,499.0,210,2,345,0,0,0,0,0,0
276,1104,594,79,594,1,right,0.022413283586502075,0.1675122082233429,0.04118354991078377,0.7529129981994629,0.015977934002876282,0.7955600619316101,0.0,499.0,211,2,345,0,0,0,0,0,0
277,1108,594,79,594,3,right+B,0.022169437259435654,0.16756342351436615,0.04028589278459549,0.7543163895606995,0.015664761886000633,0.7909493446350098,0.0,499.0,212,2,345,0,0,0,0,0,0
278,1112,594,79,594,3,right+B,0.022973712533712387,0.17118296027183533,0.041572730988264084,0.7480798363685608,0.01619076356291771,0.8049315214157104,0.0,499.0,213,2,345,0,0,0,0,0,0
279,1116,594,79,594,3,right+B,0.022995052859187126,0.1713915765285492,0.042067985981702805,0.7470765709877014,0.016468824818730354,0.8078045845031738,0.0,499.0,214,2,345,0,0,0,0,0,0
280,1120,594,79,594,3,right+B,0.02286127395927906,0.17023229598999023,0.041412603110075,0.7492307424545288,0.016262991353869438,0.8029477000236511,-1.0,498.0,215,2,344,0,0,0,0,0,0
281,1124,594,93,594,2,right+A,0.02272949181497097,0.16929909586906433,0.04079822078347206,0.7511334419250488,0.016039734706282616,0.7984594106674194,0.0,498.0,216,2,344,0,0,0,0,0,0
282,1128,594,108,594,1,right,0.02302999421954155,0.171029731631279,0.04188871383666992,0.7475422620773315,0.016509415581822395,0.8070316314697266,0.0,498.0,217,2,344,0,0,0,0,0,0
283,1132,594,112,594,1,right,0.023383166640996933,0.17399944365024567,0.04243040457367897,0.743158757686615,0.017028313130140305,0.816127598285675,0.0,498.0,218,2,344,0,0,0,0,0,0
284,1136,594,106,594,3,right+B,0.024043628945946693,0.17586524784564972,0.043934233486652374,0.7386796474456787,0.017477290704846382,0.827056884765625,0.0,498.0,219,2,344,0,0,0,0,0,0
285,1140,594,89,594,3,right+B,0.023427825421094894,0.1737433522939682,0.04333784058690071,0.7421446442604065,0.01734624058008194,0.8196953535079956,-1.0,497.0,220,2,343,0,0,0,0,0,0
286,1144,594,79,594,3,right+B,0.024414459243416786,0.1762382984161377,0.04482532665133476,0.7374119162559509,0.017109930515289307,0.8299845457077026,0.0,497.0,221,2,343,0,0,0,0,0,0
287,1148,594,79,594,3,right+B,0.024548519402742386,0.1775343418121338,0.044347621500492096,0.7363818883895874,0.017187589779496193,0.8312424421310425,0.0,497.0,222,2,343,0,0,0,0,0,0
288,1152,594,79,594,1,right,0.024585910141468048,0.17635823786258698,0.044598180800676346,0.7374876737594604,0.01697002910077572,0.8295760154724121,0.0,497.0,223,2,343,0,0,0,0,0,0
289,1156,594,79,594,3,right+B,0.0247248075902462,0.17918723821640015,0.0456056073307991,0.7330187559127808,0.017463628202676773,0.8387293219566345,0.0,497.0,224,2,343,0,0,0,0,0,0
290,1160,594,79,594,3,right+B,0.025809962302446365,0.18349826335906982,0.046975407749414444,0.7256361842155457,0.018080241978168488,0.8544455766677856,-1.0,496.0,225,2,342,0,0,0,0,0,0
291,1164,594,79,594,3,right+B,0.025465505197644234,0.18140718340873718,0.045765653252601624,0.7297319173812866,0.01762969046831131,0.8453989624977112,0.0,496.0,226,2,342,0,0,0,0,0,0
292,1168,594,79,594,3,right+B,0.025911234319210052,0.1847246289253235,0.04742555692791939,0.7237334847450256,0.018205057829618454,0.8581531643867493,0.0,496.0,227,2,342,0,0,0,0,0,0
293,1172,594,79,594,3,right+B,0.02598058618605137,0.18520089983940125,0.047868333756923676,0.7224771976470947,0.018473096191883087,0.8612223267555237,0.0,496.0,228,2,342,0,0,0,0,0,0
294,1176,594,79,594,1,right,0.026334436610341072,0.1872778981924057,0.04907544329762459,0.7185578942298889,0.018754325807094574,0.8694919347763062,0.0,496.0,229,2,342,0,0,0,0,0,0
295,1180,594,79,594,3,right+B,0.026323646306991577,0.1878555864095688,0.0488557331264019,0.7182194590568542,0.01874559186398983,0.869610071182251,-1.0,495.0,230,2,341,0,0,0,0,0,0
296,1184,594,79,594,3,right+B,0.028120078146457672,0.19680406153202057,0.05257326364517212,0.7021706700325012,0.020331980660557747,0.9026727676391602,0.0,495.0,231,2,341,0,0,0,0,0,0
297,1188,594,79,594,3,right+B,0.026671774685382843,0.1897372603416443,0.050117265433073044,0.7143521904945374,0.019121471792459488,0.8780038356781006,0.0,495.0,232,2,341,0,0,0,0,0,0
298,1192,594,79,594,1,right,0.026313159614801407,0.19070184230804443,0.05068542808294296,0.7132459878921509,0.019053608179092407,0.8793585896492004,0.0,495.0,233,2,341,0,0,0,0,0,0
299,1196,594,79,594,3,right+B,0.02662212774157524,0.19624203443527222,0.05115972459316254,0.7068279981613159,0.01914810761809349,0.8891696929931641,0.0,495.0,234,2,341,0,0,0,0,0,0
300,1200,594,79,594,3,right+B,0.026248879730701447,0.19376002252101898,0.051067426800727844,0.7099917531013489,0.018931925296783447,0.8837159872055054,-1.0,494.0,235,2,340,0,0,0,0,0,0
301,1204,594,79,594,3,right+B,0.02618996426463127,0.19408981502056122,0.050303880125284195,0.7104730606079102,0.018943222239613533,0.8819748759269714,0.0,494.0,236,2,340,0,0,0,0,0,0
302,1208,594,79,594,3,right+B,0.023865440860390663,0.18222087621688843,0.04568174108862877,0.7310795187950134,0.017152469605207443,0.8390928506851196,0.0,494.0,237,2,340,0,0,0,0,0,0
303,1212,594,79,594,3,right+B,0.024196526035666466,0.18228241801261902,0.04509296268224716,0.730954110622406,0.01747387833893299,0.8398756980895996,0.0,494.0,238,2,340,0,0,0,0,0,0
304,1216,594,79,594,3,right+B,0.024441061541438103,0.18232135474681854,0.045117124915122986,0.7305362820625305,0.017584150657057762,0.8412403464317322,0.0,494.0,239,2,340,0,0,0,0,0,0
305,1220,594,79,594,3,right+B,0.023787368088960648,0.1773505061864853,0.04313240572810173,0.7389779090881348,0.016751864925026894,0.8233016133308411,-1.0,493.0,240,2,339,0,0,0,0,0,0
306,1224,594,79,594,3,right+B,0.024311615154147148,0.179879829287529,0.044735439121723175,0.7341129183769226,0.01696022041141987,0.833985447883606,0.0,493.0,241,2,339,0,0,0,0,0,0
307,1228,594,79,594,1,right,0.024145282804965973,0.1791919469833374,0.04440237209200859,0.7352811694145203,0.016979210078716278,0.8315866589546204,0.0,493.0,242,2,339,0,0,0,0,0,0
308,1232,594,79,594,0,NOOP,0.026652224361896515,0.18952447175979614,0.04967224970459938,0.714928150177002,0.019222917035222054,0.8768397569656372,0.0,493.0,243,2,339,0,0,0,0,0,0
309,1236,594,79,594,1,right,0.02813747338950634,0.19580066204071045,0.05235591530799866,0.7034645676612854,0.02024139277637005,0.9005637764930725,0.0,493.0,244,2,339,0,0,0,0,0,0
310,1240,594,93,594,2,right+A,0.0266307033598423,0.18996094167232513,0.04837053641676903,0.7167037725448608,0.018334049731492996,0.8706221580505371,-1.0,492.0,245,2,338,0,0,0,0,0,0
311,1244,594,108,594,3,right+B,0.02576396055519581,0.18590505421161652,0.047486789524555206,0.7226970195770264,0.01814713515341282,0.8592232465744019,0.0,492.0,246,2,338,0,0,0,0,0,0
312,1248,594,112,594,3,right+B,0.02444409765303135,0.1817762702703476,0.04366983100771904,0.7332114577293396,0.01689831167459488,0.8338654041290283,0.0,492.0,247,2,338,0,0,0,0,0,0
313,1252,594,106,594,3,right+B,0.024432824924588203,0.18025463819503784,0.0445302352309227,0.7337841987609863,0.016998011618852615,0.834492564201355,0.0,492.0,248,2,338,0,0,0,0,0,0
314,1256,594,89,594,1,right,0.025077713653445244,0.18435482680797577,0.04723825305700302,0.725023090839386,0.018306156620383263,0.8547189235687256,0.0,492.0,249,2,338,0,0,0,0,0,0
315,1260,594,79,594,3,right+B,0.025454804301261902,0.18576182425022125,0.047591790556907654,0.7230619788169861,0.018129602074623108,0.8582170009613037,-1.0,491.0,250,2,337,0,0,0,0,0,0
316,1264,594,79,594,1,right,0.024470578879117966,0.18062977492809296,0.044168513268232346,0.7334485650062561,0.017282584682106972,0.8352011442184448,0.0,491.0,251,2,337,0,0,0,0,0,0
317,1268,594,79,594,3,right+B,0.02374717965722084,0.175110325217247,0.04294082522392273,0.7416011691093445,0.0166005901992321,0.8188292384147644,0.0,491.0,252,2,337,0,0,0,0,0,0
318,1272,594,79,594,3,right+B,0.02479764260351658,0.18177342414855957,0.045913755893707275,0.7297730445861816,0.017742183059453964,0.8444870710372925,0.0,491.0,253,2,337,0,0,0,0,0,0
319,1276,594,79,594,3,right+B,0.026275865733623505,0.19079531729221344,0.048942554742097855,0.7153434753417969,0.018642771989107132,0.8732240200042725,0.0,491.0,254,2,337,0,0,0,0,0,0
320,1280,594,79,594,3,right+B,0.027599913999438286,0.19728122651576996,0.05144064873456955,0.7041183710098267,0.019559845328330994,0.8959002494812012,-1.0,490.0,255,2,336,0,0,0,0,0,0
321,1284,594,79,594,1,right,0.02717999741435051,0.19494730234146118,0.05241580680012703,0.7059446573257446,0.019512290135025978,0.8939229249954224,0.0,490.0,256,2,336,0,0,0,0,0,0
322,1288,594,79,594,1,right,0.02827591262757778,0.19897904992103577,0.0547235831618309,0.6977787613868713,0.020242780447006226,0.911128580570221,0.0,490.0,257,2,336,0,0,0,0,0,0
323,1292,594,79,594,3,right+B,0.028409656137228012,0.1986595243215561,0.054299600422382355,0.6985099911689758,0.020121240988373756,0.9096438884735107,0.0,490.0,258,2,336,0,0,0,0,0,0
324,1296,594,79,594,3,right+B,0.026060663163661957,0.1883113533258438,0.04982711374759674,0.7175807952880859,0.01822003535926342,0.870027482509613,0.0,490.0,259,2,336,0,0,0,0,0,0
325,1300,594,79,594,1,right,0.027058877050876617,0.19348572194576263,0.05153931677341461,0.7088613510131836,0.019054746255278587,0.8877021670341492,-1.0,489.0,260,2,335,0,0,0,0,0,0
326,1304,594,79,594,3,right+B,0.02584712579846382,0.18495799601078033,0.04780363291501999,0.7233942151069641,0.01799703948199749,0.8585196733474731,0.0,489.0,261,2,335,0,0,0,0,0,0
327,1308,594,79,594,3,right+B,0.02545798383653164,0.1823202222585678,0.046350475400686264,0.7281497120857239,0.017721619457006454,0.8485983610153198,0.0,489.0,262,2,335,0,0,0,0,0,0
328,1312,594,93,594,2,right+A,0.0255183856934309,0.1827317476272583,0.04582144692540169,0.7281535863876343,0.017774861305952072,0.8481079339981079,0.0,489.0,263,2,335,0,0,0,0,0,0
329,1316,594,108,594,3,right+B,0.025117553770542145,0.18170596659183502,0.045526232570409775,0.7301127314567566,0.01753752864897251,0.8436377048492432,0.0,489.0,264,2,335,0,0,0,0,0,0
330,1320,594,112,594,1,right,0.024795668199658394,0.18095025420188904,0.04460277408361435,0.7322943806648254,0.017356915399432182,0.8382488489151001,-1.0,488.0,265,2,334,0,0,0,0,0,0
331,1324,594,106,594,3,right+B,0.024879446253180504,0.1799236685037613,0.04575482755899429,0.7318196892738342,0.017622360959649086,0.8412944674491882,0.0,488.0,266,2,334,0,0,0,0,0,0
332,1328,594,89,594,0,NOOP,0.02439340390264988,0.18028685450553894,0.045039571821689606,0.7324776649475098,0.017802581191062927,0.838837206363678,0.0,488.0,267,2,334,0,0,0,0,0,0
333,1332,594,79,594,3,right+B,0.0253697969019413,0.1813344955444336,0.04661073908209801,0.7287630438804626,0.017921827733516693,0.848393440246582,0.0,488.0,268,2,334,0,0,0,0,0,0
334,1336,594,79,594,3,right+B,0.024351941421628,0.17640464007854462,0.043682221323251724,0.7385230660438538,0.01703815720975399,0.8265225291252136,0.0,488.0,269,2,334,0,0,0,0,0,0
335,1340,594,79,594,3,right+B,0.0239048283547163,0.17333891987800598,0.043099164962768555,0.7430987358093262,0.016558460891246796,0.8170947432518005,-1.0,487.0,270,2,333,0,0,0,0,0,0
336,1344,594,79,594,3,right+B,0.023315399885177612,0.1713198721408844,0.042639896273612976,0.74610435962677,0.016620462760329247,0.8110304474830627,0.0,487.0,271,2,333,0,0,0,0,0,0
337,1348,594,79,594,3,right+B,0.02272011712193489,0.1693415641784668,0.040673039853572845,0.7513843178749084,0.015880942344665527,0.7975133657455444,0.0,487.0,272,2,333,0,0,0,0,0,0
338,1352,594,79,594,3,right+B,0.022769369184970856,0.16924791038036346,0.040479205548763275,0.7517281174659729,0.015775363892316818,0.7965728044509888,0.0,487.0,273,2,333,0,0,0,0,0,0
339,1356,594,93,594,2,right+A,0.023206396028399467,0.17115053534507751,0.0419263020157814,0.7473719120025635,0.016344785690307617,0.807302713394165,0.0,487.0,274,2,333,0,0,0,0,0,0
340,1360,594,108,594,3,right+B,0.023683300241827965,0.173579603433609,0.04306726157665253,0.7428224086761475,0.016847504302859306,0.8176885843276978,-1.0,486.0,275,2,332,0,0,0,0,0,0
341,1364,594,112,594,2,right+A,0.02311553992331028,0.17277784645557404,0.041926439851522446,0.745557963848114,0.016622286289930344,0.8104347586631775,0.0,486.0,276,2,332,0,0,0,0,0,0
342,1368,594,106,594,1,right,0.023454047739505768,0.17306892573833466,0.04259297996759415,0.7441035509109497,0.016780564561486244,0.8145464062690735,0.0,486.0,277,2,332,0,0,0,0,0,0
343,1372,594,89,594,3,right+B,0.023394711315631866,0.17367403209209442,0.043101076036691666,0.7426584362983704,0.017171712592244148,0.8181502819061279,0.0,486.0,278,2,332,0,0,0,0,0,0
344,1376,594,79,594,1,right,0.023440835997462273,0.17097122967243195,0.04288030043244362,0.7462190985679626,0.016488488763570786,0.8111361265182495,0.0,486.0,279,2,332,0,0,0,0,0,0
345,1380,594,79,594,3,right+B,0.02297358214855194,0.16878533363342285,0.04110948368906975,0.7510888576507568,0.016042787581682205,0.7994629144668579,-1.0,485.0,280,2,331,0,0,0,0,0,0
346,1384,594,79,594,3,right+B,0.022873925045132637,0.16828158497810364,0.041064903140068054,0.7520371079444885,0.015742503106594086,0.7970744371414185,0.0,485.0,281,2,331,0,0,0,0,0,0
347,1388,594,79,594,3,right+B,0.022844715043902397,0.1685720980167389,0.04105285927653313,0.7515932321548462,0.015937108546495438,0.7981230616569519,0.0,485.0,282,2,331,0,0,0,0,0,0
348,1392,594,79,594,3,right+B,0.023356540128588676,0.17076550424098969,0.041825272142887115,0.7478042840957642,0.016248419880867004,0.8065954446792603,0.0,485.0,283,2,331,0,0,0,0,0,0
349,1396,594,79,594,3,right+B,0.023429129272699356,0.17167708277702332,0.042027782648801804,0.7465329170227051,0.016333118081092834,0.8090975284576416,0.0,485.0,284,2,331,0,0,0,0,0,0
350,1400,594,79,594,3,right+B,0.024151628836989403,0.17597633600234985,0.043561626225709915,0.7393998503684998,0.01691056229174137,0.8244012594223022,-1.0,484.0,285,2,330,0,0,0,0,0,0
351,1404,594,93,594,4,right+A+B,0.02485978603363037,0.17961478233337402,0.044551268219947815,0.733626127243042,0.017348062247037888,0.8364154100418091,0.0,484.0,286,2,330,0,0,0,0,0,0
352,1408,594,108,594,3,right+B,0.025252684950828552,0.18078337609767914,0.04568225517868996,0.7305068969726562,0.017774783074855804,0.8441228270530701,0.0,484.0,287,2,330,0,0,0,0,0,0
353,1412,594,112,594,1,right,0.02569298818707466,0.18444477021694183,0.046543922275304794,0.7250894904136658,0.018228841945528984,0.8547185659408569,0.0,484.0,288,2,330,0,0,0,0,0,0
354,1416,594,106,594,3,right+B,0.026299690827727318,0.18591473996639252,0.048081692308187485,0.7211294174194336,0.018574491143226624,0.8642008304595947,0.0,484.0,289,2,330,0,0,0,0,0,0
355,1420,594,89,594,1,right,0.026035424321889877,0.18527807295322418,0.04714977368712425,0.7230401039123535,0.018496589735150337,0.8596397638320923,-1.0,483.0,290,2,329,0,0,0,0,0,0
356,1424,594,79,594,0,NOOP,0.026199765503406525,0.18320868909358978,0.047941502183675766,0.7245213389396667,0.018128681927919388,0.8581575155258179,0.0,483.0,291,2,329,0,0,0,0,0,0
357,1428,594,79,594,3,right+B,0.025606567040085793,0.18089675903320312,0.04657676815986633,0.7289891242980957,0.017930809408426285,0.8485179543495178,0.0,483.0,292,2,329,0,0,0,0,0,0
358,1432,594,79,594,1,right,0.026333114132285118,0.18527421355247498,0.04876992106437683,0.7211770415306091,0.01844574138522148,0.8648293018341064,0.0,483.0,293,2,329,0,0,0,0,0,0
359,1436,594,79,594,3,right+B,0.026146335527300835,0.18618473410606384,0.048694588243961334,0.7205798029899597,0.018394581973552704,0.8650547862052917,0.0,483.0,294,2,329,0,0,0,0,0,0
360,1440,594,79,594,3,right+B,0.02718505449593067,0.19111408293247223,0.050617530941963196,0.7118167877197266,0.01926657371222973,0.8833539485931396,-1.0,482.0,295,2,328,0,0,0,0,0,0
361,1444,594,79,594,3,right+B,0.02706211246550083,0.19206275045871735,0.05049824342131615,0.7110974788665771,0.019279353320598602,0.8839275240898132,0.0,482.0,296,2,328,0,0,0,0,0,0
362,1448,594,79,594,1,right,0.025932809337973595,0.1880425065755844,0.049309469759464264,0.7180630564689636,0.018652096390724182,0.8694420456886292,0.0,482.0,297,2,328,0,0,0,0,0,0
363,1452,594,79,594,3,right+B,0.02616339549422264,0.19390171766281128,0.0502198152244091,0.7107666730880737,0.01894846372306347,0.8814393281936646,0.0,482.0,298,2,328,0,0,0,0,0,0
364,1456,594,79,594,3,right+B,0.026258138939738274,0.1941078156232834,0.050276562571525574,0.7103801965713501,0.0189772117882967,0.8822740912437439,0.0,482.0,299,2,328,0,0,0,0,0,0
365,1460,594,79,594,1,right,0.02686471864581108,0.19617603719234467,0.0512961819767952,0.7061842083930969,0.019478891044855118,0.8914281129837036,-1.0,481.0,300,2,327,0,0,0,0,0,0
366,1464,594,79,594,1,right,0.024594545364379883,0.18491485714912415,0.04670931398868561,0.726092517375946,0.017688779160380363,0.8501245975494385,0.0,481.0,301,2,327,0,0,0,0,0,0
367,1468,594,79,594,3,right+B,0.024267667904496193,0.18249113857746124,0.045490823686122894,0.7301958799362183,0.01755441166460514,0.8418143391609192,0.0,481.0,302,2,327,0,0,0,0,0,0
368,1472,594,79,594,3,right+B,0.02496613934636116,0.18463681638240814,0.04578977823257446,0.7267118692398071,0.017895348370075226,0.8492329120635986,0.0,481.0,303,2,327,0,0,0,0,0,0
369,1476,594,79,594,3,right+B,0.024271296337246895,0.17891527712345123,0.043700091540813446,0.736065149307251,0.017048152163624763,0.8299083709716797,0.0,481.0,304,2,327,0,0,0,0,0,0
370,1480,594,79,594,3,right+B,0.024591049179434776,0.1804388016462326,0.04507918655872345,0.732931911945343,0.016959000378847122,0.836676299571991,-1.0,480.0,305,2,326,0,0,0,0,0,0
371,1484,594,79,594,3,right+B,0.024244243279099464,0.17961986362934113,0.044564999639987946,0.7347587943077087,0.016812071204185486,0.8323535919189453,0.0,480.0,306,2,326,0,0,0,0,0,0
372,1488,594,79,594,3,right+B,0.024830572307109833,0.18090827763080597,0.045734114944934845,0.731136679649353,0.017390426248311996,0.8415844440460205,0.0,480.0,307,2,326,0,0,0,0,0,0
373,1492,594,79,594,3,right+B,0.027316167950630188,0.19278156757354736,0.05059421434998512,0.7096973061561584,0.019610797986388206,0.8871416449546814,0.0,480.0,308,2,326,0,0,0,0,0,0
374,1496,594,79,594,3,right+B,0.026603059843182564,0.190218985080719,0.048660170286893845,0.7158477902412415,0.018669921904802322,0.8728811740875244,0.0,480.0,309,2,326,0,0,0,0,0,0
375,1500,594,79,594,3,right+B,0.025690900161862373,0.18575404584407806,0.04684997349977493,0.7237100005149841,0.01799512468278408,0.8564749360084534,-1.0,479.0,310,2,325,0,0,0,0,0,0
376,1504,594,79,594,3,right+B,0.024348964914679527,0.17919111251831055,0.043093521147966385,0.7365182042121887,0.01684810407459736,0.8280914425849915,0.0,479.0,311,2,325,0,0,0,0,0,0
377,1508,594,79,594,3,right+B,0.024388346821069717,0.17904306948184967,0.043392956256866455,0.7363876104354858,0.01678801327943802,0.8286381959915161,0.0,479.0,312,2,325,0,0,0,0,0,0
378,1512,594,79,594,3,right+B,0.025428930297493935,0.1838323175907135,0.046171873807907104,0.7267305850982666,0.017836323007941246,0.8505208492279053,0.0,479.0,313,2,325,0,0,0,0,0,0
379,1516,594,79,594,3,right+B,0.025321336463093758,0.1851883828639984,0.046470776200294495,0.7251215577125549,0.017897892743349075,0.8530679941177368,0.0,479.0,314,2,325,0,0,0,0,0,0
380,1520,594,79,594,1,right,0.024710362777113914,0.1827547550201416,0.04487154632806778,0.730218231678009,0.017445141449570656,0.8415517807006836,-1.0,478.0,315,2,324,0,0,0,0,0,0
381,1524,594,79,594,3,right+B,0.02372501976788044,0.17594993114471436,0.04260553792119026,0.7411614656448364,0.016558023169636726,0.8188443779945374,0.0,478.0,316,2,324,0,0,0,0,0,0
382,1528,594,93,594,2,right+A,0.024691736325621605,0.18089593946933746,0.0455295592546463,0.7314038276672363,0.017478860914707184,0.8408600091934204,0.0,478.0,317,2,324,0,0,0,0,0,0
383,1532,594,108,594,1,right,0.026130029931664467,0.1898682415485382,0.04923945665359497,0.7162710428237915,0.018491216003894806,0.871755838394165,0.0,478.0,318,2,324,0,0,0,0,0,0
384,1536,594,112,594,3,right+B,0.027142370119690895,0.19770900905132294,0.05143626034259796,0.7042503952980042,0.019461940973997116,0.8945956826210022,0.0,478.0,319,2,324,0,0,0,0,0,0
385,1540,594,106,594,3,right+B,0.026997266337275505,0.1959199160337448,0.05234908312559128,0.7051421999931335,0.01959153823554516,0.8946864008903503,-1.0,477.0,320,2,323,0,0,0,0,0,0
386,1544,594,89,594,3,right+B,0.02742820605635643,0.19765986502170563,0.054650627076625824,0.6997575163841248,0.02050376869738102,0.9074721336364746,0.0,477.0,321,2,323,0,0,0,0,0,0
387,1548,594,79,594,3,right+B,0.028199419379234314,0.1968366950750351,0.05529755353927612,0.699295163154602,0.02037118189036846,0.910094141960144,0.0,477.0,322,2,323,0,0,0,0,0,0
388,1552,594,79,594,3,right+B,0.026501739397644997,0.18986959755420685,0.05080270394682884,0.7139196395874023,0.018906304612755775,0.8786559104919434,0.0,477.0,323,2,323,0,0,0,0,0,0
389,1556,594,79,594,1,right,0.02707301452755928,0.1925588697195053,0.051898740231990814,0.7093732357025146,0.0190961305052042,0.8876329064369202,0.0,477.0,324,2,323,0,0,0,0,0,0
390,1560,594,93,594,4,right+A+B,0.02617993764579296,0.18640083074569702,0.048782624304294586,0.7201247215270996,0.01851189322769642,0.8661255240440369,-1.0,476.0,325,2,322,0,0,0,0,0,0
391,1564,594,108,594,3,right+B,0.026304209604859352,0.18735967576503754,0.04874683916568756,0.7190106511116028,0.018578682094812393,0.867977499961853,0.0,476.0,326,2,322,0,0,0,0,0,0
392,1568,594,112,594,3,right+B,0.025744816288352013,0.18600881099700928,0.04663844034075737,0.7234564423561096,0.0181514210999012,0.8569984436035156,0.0,476.0,327,2,322,0,0,0,0,0,0
393,1572,594,106,594,0,NOOP,0.024518458172678947,0.17939384281635284,0.04437393322587013,0.7346105575561523,0.017103271558880806,0.8335306644439697,0.0,476.0,328,2,322,0,0,0,0,0,0
394,1576,594,89,594,3,right+B,0.024098211899399757,0.17843925952911377,0.044162116944789886,0.736291766166687,0.01700865663588047,0.8297967910766602,0.0,476.0,329,2,322,0,0,0,0,0,0
395,1580,594,79,594,3,right+B,0.02483520284295082,0.1778111457824707,0.04610449820756912,0.7340878844261169,0.01716127060353756,0.8374088406562805,-1.0,475.0,330,2,321,0,0,0,0,0,0
396,1584,594,79,594,3,right+B,0.024032682180404663,0.17480388283729553,0.044109001755714417,0.7401226758956909,0.016931727528572083,0.8239331841468811,0.0,475.0,331,2,321,0,0,0,0,0,0
397,1588,594,93,594,2,right+A,0.024407578632235527,0.17714963853359222,0.044356975704431534,0.7370684146881104,0.017017368227243423,0.8296003937721252,0.0,475.0,332,2,321,0,0,0,0,0,0
398,1592,594,108,594,3,right+B,0.024149784818291664,0.17714619636535645,0.043911442160606384,0.7375592589378357,0.01723330095410347,0.8282735347747803,0.0,475.0,333,2,321,0,0,0,0,0,0
399,1596,594,112,594,3,right+B,0.024041596800088882,0.1774614006280899,0.043525852262973785,0.7377398610115051,0.017231319099664688,0.8272556066513062,0.0,475.0,334,2,321,0,0,0,0,0,0
400,1600,594,106,594,3,right+B,0.024097150191664696,0.176186203956604,0.04420381784439087,0.7380620837211609,0.017450707033276558,0.8283606767654419,-1.0,474.0,335,2,320,0,0,0,0,0,0
401,1604,594,89,594,4,right+A+B,0.02317579835653305,0.1719135046005249,0.04257125034928322,0.7452841997146606,0.017055241391062737,0.8128699660301208,0.0,474.0,336,2,320,0,0,0,0,0,0
402,1608,594,79,594,3,right+B,0.023319384083151817,0.17039614915847778,0.04224664345383644,0.7476980686187744,0.016339775174856186,0.8074833154678345,0.0,474.0,337,2,320,0,0,0,0,0,0
403,1612,594,79,594,3,right+B,0.02266674116253853,0.1671275794506073,0.040472790598869324,0.7538109421730042,0.01592196710407734,0.7935830354690552,0.0,474.0,338,2,320,0,0,0,0,0,0
404,1616,594,79,594,3,right+B,0.02327614650130272,0.1698846071958542,0.04187920689582825,0.7487189769744873,0.016241077333688736,0.8051402568817139,0.0,474.0,339,2,320,0,0,0,0,0,0
405,1620,594,79,594,3,right+B,0.022742662578821182,0.16836309432983398,0.0412822961807251,0.7514076232910156,0.016204331070184708,0.7991476058959961,-1.0,473.0,340,2,319,0,0,0,0,0,0
406,1624,594,79,594,3,right+B,0.022836999967694283,0.1695219725370407,0.04105500131845474,0.7506693601608276,0.015916692093014717,0.7994405627250671,0.0,473.0,341,2,319,0,0,0,0,0,0
407,1628,594,79,594,3,right+B,0.023346006870269775,0.17229904234409332,0.04194137081503868,0.7462401986122131,0.016173316165804863,0.8088622093200684,0.0,473.0,342,2,319,0,0,0,0,0,0
408,1632,594,79,594,3,right+B,0.023020857945084572,0.17076240479946136,0.04189293086528778,0.7481651306152344,0.016158709302544594,0.8052761554718018,0.0,473.0,343,2,319,0,0,0,0,0,0
409,1636,594,79,594,3,right+B,0.023139582946896553,0.17128561437129974,0.04156266525387764,0.7478785514831543,0.016133587807416916,0.805411696434021,0.0,473.0,344,2,319,0,0,0,0,0,0
410,1640,594,79,594,3,right+B,0.02263575792312622,0.1686481535434723,0.04051940143108368,0.7524389028549194,0.015757745131850243,0.795258641242981,-1.0,472.0,345,2,318,0,0,0,0,0,0
411,1644,594,79,594,3,right+B,0.022973230108618736,0.169831320643425,0.04095768928527832,0.7501850724220276,0.016052620485424995,0.8006160259246826,0.0,472.0,346,2,318,0,0,0,0,0,0
412,1648,594,93,594,2,right+A,0.02361966110765934,0.17284101247787476,0.04241075739264488,0.7443758249282837,0.01675272360444069,0.8141584396362305,0.0,472.0,347,2,318,0,0,0,0,0,0
413,1652,594,108,594,3,right+B,0.024371087551116943,0.17648859322071075,0.04402786120772362,0.7376571297645569,0.01745535247027874,0.8292509913444519,0.0,472.0,348,2,318,0,0,0,0,0,0
414,1656,594,112,594,3,right+B,0.024257197976112366,0.17793168127536774,0.04350293427705765,0.7368993759155273,0.01740884594619274,0.8292632102966309,0.0,472.0,349,2,318,0,0,0,0,0,0
415,1660,594,106,594,3,right+B,0.02475626952946186,0.17940019071102142,0.04445292055606842,0.7337996363639832,0.017590945586562157,0.8363949060440063,-1.0,471.0,350,2,317,0,0,0,0,0,0
416,1664,594,89,594,1,right,0.024852322414517403,0.18061259388923645,0.04512952268123627,0.731418788433075,0.0179867185652256,0.8417842388153076,0.0,471.0,351,2,317,0,0,0,0,0,0
417,1668,594,79,594,3,right+B,0.02566738985478878,0.18032796680927277,0.046681180596351624,0.7294954061508179,0.017828039824962616,0.8478337526321411,0.0,471.0,352,2,317,0,0,0,0,0,0
418,1672,594,79,594,3,right+B,0.02631179802119732,0.18388128280639648,0.04781670868396759,0.7237261533737183,0.01826404221355915,0.8596116900444031,0.0,471.0,353,2,317,0,0,0,0,0,0
419,1676,594,79,594,1,right,0.026230689138174057,0.1831640601158142,0.047482941299676895,0.7252880334854126,0.017834316939115524,0.8558629155158997,0.0,471.0,354,2,317,0,0,0,0,0,0
420,1680,594,79,594,3,right+B,0.02567458339035511,0.18129657208919525,0.04624374210834503,0.7291606664657593,0.01762441359460354,0.847247302532196,-1.0,470.0,355,2,316,0,0,0,0,0,0
421,1684,594,79,594,3,right+B,0.02565726824104786,0.18246115744113922,0.046471111476421356,0.7277911305427551,0.017619295045733452,0.8494125604629517,0.0,470.0,356,2,316,0,0,0,0,0,0
422,1688,594,79,594,3,right+B,0.026059811934828758,0.1840866506099701,0.04805571958422661,0.7235639691352844,0.018233811482787132,0.8595941066741943,0.0,470.0,357,2,316,0,0,0,0,0,0
423,1692,594,79,594,3,right+B,0.027894312515854836,0.19382832944393158,0.052214913070201874,0.7062668204307556,0.019795576110482216,0.8952887058258057,0.0,470.0,358,2,316,0,0,0,0,0,0
424,1696,594,79,594,3,right+B,0.02654094249010086,0.18754297494888306,0.04895807430148125,0.7183011174201965,0.018656888976693153,0.8698594570159912,0.0,470.0,359,2,316,0,0,0,0,0,0
425,1700,594,79,594,1,right,0.027709636837244034,0.19302216172218323,0.05109841749072075,0.7084885835647583,0.01968126930296421,0.8903148770332336,-1.0,469.0,360,2,315,0,0,0,0,0,0
426,1704,594,79,594,3,right+B,0.027013273909687996,0.19170202314853668,0.05071672797203064,0.7113022804260254,0.01926572434604168,0.8838236331939697,0.0,469.0,361,2,315,0,0,0,0,0,0
427,1708,594,79,594,3,right+B,0.027201088145375252,0.1960168480873108,0.05244642496109009,0.7044345736503601,0.019901106134057045,0.8968344926834106,0.0,469.0,362,2,315,0,0,0,0,0,0
428,1712,594,79,594,3,right+B,0.026294656097888947,0.19454635679721832,0.05025685206055641,0.7100099325180054,0.01889217458665371,0.8826024532318115,0.0,469.0,363,2,315,0,0,0,0,0,0
429,1716,594,79,594,3,right+B,0.026484467089176178,0.19359734654426575,0.05066351220011711,0.7102654576301575,0.018989210948348045,0.883423388004303,0.0,469.0,364,2,315,0,0,0,0,0,0
430,1720,594,79,594,3,right+B,0.026624567806720734,0.1936645805835724,0.05057316645979881,0.7100974917411804,0.019040178507566452,0.8839170932769775,-1.0,468.0,365,2,314,0,0,0,0,0,0
431,1724,594,79,594,3,right+B,0.02459508739411831,0.18500086665153503,0.046702031046152115,0.7261496186256409,0.017552470788359642,0.8497171401977539,0.0,468.0,366,2,314,0,0,0,0,0,0
432,1728,594,79,594,1,right,0.024622224271297455,0.18326812982559204,0.04518354311585426,0.7294951677322388,0.017430895939469337,0.8427792191505432,0.0,468.0,367,2,314,0,0,0,0,0,0
433,1732,594,93,594,2,right+A,0.025205794721841812,0.18549048900604248,0.04604988545179367,0.7254176735877991,0.01783617027103901,0.8517053723335266,0.0,468.0,368,2,314,0,0,0,0,0,0
434,1736,594,108,594,3,right+B,0.02522698976099491,0.1845737248659134,0.04694449156522751,0.7253208160400391,0.017934013158082962,0.8533440828323364,0.0,468.0,369,2,314,0,0,0,0,0,0
435,1740,594,112,594,3,right+B,0.02516026236116886,0.1853581666946411,0.0462503544986248,0.7255556583404541,0.017675556242465973,0.8513281345367432,-1.0,467.0,370,2,313,0,0,0,0,0,0
436,1744,594,106,594,1,right,0.023813432082533836,0.17793604731559753,0.04388533905148506,0.7376065850257874,0.016758637502789497,0.8263826370239258,0.0,467.0,371,2,313,0,0,0,0,0,0
437,1748,594,89,594,3,right+B,0.025817478075623512,0.18604128062725067,0.04868186637759209,0.7203206419944763,0.019138753414154053,0.866448163986206,0.0,467.0,372,2,313,0,0,0,0,0,0
438,1752,594,79,594,1,right,0.02751850336790085,0.19280599057674408,0.05168241634964943,0.7083284258842468,0.019664697349071503,0.8908862471580505,0.0,467.0,373,2,313,0,0,0,0,0,0
439,1756,594,79,594,3,right+B,0.02691652812063694,0.19091123342514038,0.048999685794115067,0.714461624622345,0.018711023032665253,0.8758876919746399,0.0,467.0,374,2,313,0,0,0,0,0,0
440,1760,594,93,594,2,right+A,0.025696787983179092,0.1839912384748459,0.0459701307117939,0.7267050743103027,0.017636839300394058,0.8503385782241821,-1.0,466.0,375,2,312,0,0,0,0,0,0
441,1764,594,108,594,3,right+B,0.024652544409036636,0.18100012838840485,0.04429559037089348,0.7330066561698914,0.01704508811235428,0.8358027935028076,0.0,466.0,376,2,312,0,0,0,0,0,0
442,1768,594,112,594,3,right+B,0.02546142041683197,0.18529236316680908,0.04568171128630638,0.7259833812713623,0.017581142485141754,0.8503289222717285,0.0,466.0,377,2,312,0,0,0,0,0,0
443,1772,594,106,594,3,right+B,0.025044595822691917,0.18332251906394958,0.04673866927623749,0.7271985411643982,0.017695723101496696,0.8495646715164185,0.0,466.0,378,2,312,0,0,0,0,0,0
444,1776,594,89,594,3,right+B,0.025289906188845634,0.18704378604888916,0.047742102295160294,0.7214955687522888,0.018428629264235497,0.8609094619750977,0.0,466.0,379,2,312,0,0,0,0,0,0
445,1780,594,79,594,3,right+B,0.024428226053714752,0.18026551604270935,0.04506509006023407,0.7332267761230469,0.017014358192682266,0.8360488414764404,-1.0,465.0,380,2,311,0,0,0,0,0,0
446,1784,594,79,594,3,right+B,0.023856859654188156,0.17586247622966766,0.04312630370259285,0.7404043078422546,0.01675010845065117,0.8213850855827332,0.0,465.0,381,2,311,0,0,0,0,0,0
447,1788,594,79,594,3,right+B,0.024990813806653023,0.18185514211654663,0.04596778750419617,0.7297620177268982,0.017424223944544792,0.8442178964614868,0.0,465.0,382,2,311,0,0,0,0,0,0
448,1792,594,79,594,3,right+B,0.026129070669412613,0.189048632979393,0.04889572784304619,0.717356264591217,0.018570194020867348,0.8700289726257324,0.0,465.0,383,2,311,0,0,0,0,0,0
449,1796,594,79,594,3,right+B,0.02725895866751671,0.19497697055339813,0.050554145127534866,0.707943856716156,0.019266091287136078,0.8884559869766235,0.0,465.0,384,2,311,0,0,0,0,0,0
450,1800,594,79,594,3,right+B,0.02732759155333042,0.19526894390583038,0.05232121795415878,0.7055996060371399,0.019482573494315147,0.8944640159606934,-1.0,464.0,385,2,310,0,0,0,0,0,0
451,1804,594,79,594,0,NOOP,0.02869712933897972,0.20076236128807068,0.055500369518995285,0.6942704319953918,0.020769711583852768,0.9185270071029663,0.0,464.0,386,2,310,0,0,0,0,0,0
452,1808,594,79,594,3,right+B,0.029071783646941185,0.20131589472293854,0.05523930490016937,0.6936435699462891,0.0207295473664999,0.9196028709411621,0.0,464.0,387,2,310,0,0,0,0,0,0
453,1812,594,79,594,3,right+B,0.02713918127119541,0.19252419471740723,0.051556047052145004,0.7096377015113831,0.01914290338754654,0.8870752453804016,0.0,464.0,388,2,310,0,0,0,0,0,0
454,1816,594,79,594,1,right,0.027704644948244095,0.19427429139614105,0.05215652287006378,0.7066287994384766,0.01923571713268757,0.8930898904800415,0.0,464.0,389,2,310,0,0,0,0,0,0
455,1820,594,79,594,1,right,0.026307906955480576,0.18702782690525055,0.04891708493232727,0.7196654081344604,0.018081754446029663,0.8661773204803467,-1.0,463.0,390,2,309,0,0,0,0,0,0
456,1824,594,79,594,1,right,0.02570224180817604,0.18318843841552734,0.04701152816414833,0.7263967990875244,0.017701031640172005,0.8523540496826172,0.0,463.0,391,2,309,0,0,0,0,0,0
457,1828,594,79,594,1,right,0.024953024461865425,0.18033000826835632,0.0448736809194088,0.7326749563217163,0.017168357968330383,0.8379632234573364,0.0,463.0,392,2,309,0,0,0,0,0,0
458,1832,594,79,594,3,right+B,0.024538923054933548,0.17962822318077087,0.04457724466919899,0.7341720461845398,0.017083551734685898,0.8344262838363647,0.0,463.0,393,2,309,0,0,0,0,0,0
459,1836,594,79,594,3,right+B,0.024977825582027435,0.1800653487443924,0.0452490895986557,0.732345461845398,0.017362220212817192,0.8394494652748108,0.0,463.0,394,2,309,0,0,0,0,0,0
460,1840,594,79,594,3,right+B,0.024517938494682312,0.17786012589931488,0.04485418274998665,0.7355199456214905,0.017247727140784264,0.8332473039627075,-1.0,462.0,395,2,308,0,0,0,0,0,0
461,1844,594,79,594,3,right+B,0.02436227723956108,0.17788200080394745,0.044481851160526276,0.735935389995575,0.017338501289486885,0.8320456743240356,0.0,462.0,396,2,308,0,0,0,0,0,0
462,1848,594,79,594,3,right+B,0.024964218959212303,0.1815658062696457,0.045296359807252884,0.7302992343902588,0.017874322831630707,0.843539834022522,0.0,462.0,397,2,308,0,0,0,0,0,0
463,1852,594,79,594,3,right+B,0.023550961166620255,0.17335738241672516,0.04214605689048767,0.744277834892273,0.016667785122990608,0.813592791557312,0.0,462.0,398,2,308,0,0,0,0,0,0
464,1856,594,79,594,1,right,0.0237025935202837,0.17336387932300568,0.042500708252191544,0.7436335682868958,0.016799235716462135,0.815640926361084,0.0,462.0,399,2,308,0,0,0,0,0,0
465,1860,594,79,594,3,right+B,0.023971688002347946,0.1747852861881256,0.04343990981578827,0.7406836152076721,0.01711942069232464,0.8225129842758179,-1.0,461.0,400,2,307,0,0,0,0,0,0
466,1864,594,79,594,3,right+B,0.023509584367275238,0.17316998541355133,0.04261054843664169,0.7441006898880005,0.016609210520982742,0.8142852783203125,0.0,461.0,401,2,307,0,0,0,0,0,0
467,1868,594,93,594,4,right+A+B,0.022760964930057526,0.16909372806549072,0.040497638285160065,0.7519171237945557,0.01573052629828453,0.7961937785148621,0.0,461.0,402,2,307,0,0,0,0,0,0
468,1872,594,108,594,3,right+B,0.023100709542632103,0.1706063151359558,0.04206817224621773,0.748009204864502,0.016215616837143898,0.8060463070869446,0.0,461.0,403,2,307,0,0,0,0,0,0
469,1876,594,112,594,2,right+A,0.023337649181485176,0.17398154735565186,0.04280950874090195,0.7430450916290283,0.016826234757900238,0.8162634968757629,0.0,461.0,404,2,307,0,0,0,0,0,0
470,1880,594,106,594,3,right+B,0.02301150932908058,0.17106139659881592,0.042238280177116394,0.7472122311592102,0.016476580873131752,0.807894766330719,-1.0,460.0,405,2,306,0,0,0,0,0,0
471,1884,594,89,594,3,right+B,0.022998321801424026,0.17195864021778107,0.04239031299948692,0.7458637356758118,0.016788970679044724,0.8107931613922119,0.0,460.0,406,2,306,0,0,0,0,0,0
472,1888,594,79,594,3,right+B,0.023617597296833992,0.17225633561611176,0.04337843134999275,0.7440773248672485,0.01667030341923237,0.8157451152801514,0.0,460.0,407,2,306,0,0,0,0,0,0
473,1892,594,79,594,3,right+B,0.02327210269868374,0.1700695902109146,0.0417935885488987,0.7484643459320068,0.01640038937330246,0.8057631254196167,0.0,460.0,408,2,306,0,0,0,0,0,0
474,1896,594,93,594,4,right+A+B,0.02298535592854023,0.16920572519302368,0.04138638824224472,0.7504158616065979,0.016006706282496452,0.8007954359054565,0.0,460.0,409,2,306,0,0,0,0,0,0
475,1900,594,108,594,3,right+B,0.02280592918395996,0.16932319104671478,0.04156210273504257,0.7499608993530273,0.01634792983531952,0.802162230014801,-1.0,459.0,410,2,305,0,0,0,0,0,0
476,1904,594,112,594,3,right+B,0.023644793778657913,0.17468920350074768,0.04265778884291649,0.742022693157196,0.016985557973384857,0.8185190558433533,0.0,459.0,411,2,305,0,0,0,0,0,0
477,1908,594,106,594,3,right+B,0.02382313460111618,0.17405255138874054,0.04349096491932869,0.7415069341659546,0.01712644472718239,0.8211140632629395,0.0,459.0,412,2,305,0,0,0,0,0,0
478,1912,594,89,594,3,right+B,0.023846188560128212,0.17482008039951324,0.0438835434615612,0.7400172352790833,0.017432913184165955,0.824566125869751,0.0,459.0,413,2,305,0,0,0,0,0,0
479,1916,594,79,594,3,right+B,0.02440129779279232,0.17580534517765045,0.04462776333093643,0.738197922706604,0.016967620700597763,0.8282293081283569,0.0,459.0,414,2,305,0,0,0,0,0,0
480,1920,594,79,594,3,right+B,0.02429274469614029,0.1756228506565094,0.0436057485640049,0.7395362854003906,0.01694239303469658,0.8246209025382996,-1.0,458.0,415,2,304,0,0,0,0,0,0
481,1924,594,79,594,3,right+B,0.024647856131196022,0.1768554151058197,0.04432986304163933,0.737150251865387,0.017016543075442314,0.829919159412384,0.0,458.0,416,2,304,0,0,0,0,0,0
482,1928,594,79,594,3,right+B,0.02555132657289505,0.18198099732398987,0.04665417596697807,0.727834939956665,0.017978616058826447,0.8502297401428223,0.0,458.0,417,2,304,0,0,0,0,0,0
483,1932,594,79,594,1,right,0.025753509253263474,0.18260741233825684,0.046702586114406586,0.7270373106002808,0.017899243161082268,0.8516119718551636,0.0,458.0,418,2,304,0,0,0,0,0,0
484,1936,594,79,594,3,right+B,0.026031017303466797,0.18341366946697235,0.04637952148914337,0.7262263894081116,0.017949474975466728,0.8529472351074219,0.0,458.0,419,2,304,0,0,0,0,0,0
485,1940,594,79,594,3,right+B,0.02595311962068081,0.18363386392593384,0.04696768894791603,0.725360095500946,0.018085267394781113,0.8551064729690552,-1.0,457.0,420,2,303,0,0,0,0,0,0
486,1944,594,79,594,3,right+B,0.025812344625592232,0.1834230273962021,0.04758443310856819,0.7249777317047119,0.018202461302280426,0.8564636707305908,0.0,457.0,421,2,303,0,0,0,0,0,0
487,1948,594,79,594,3,right+B,0.026994889602065086,0.18871621787548065,0.04990048706531525,0.715236485004425,0.019151972606778145,0.8772413730621338,0.0,457.0,422,2,303,0,0,0,0,0,0
488,1952,594,79,594,1,right,0.02633344568312168,0.1863805502653122,0.04849160462617874,0.7203023433685303,0.018492089584469795,0.8657494187355042,0.0,457.0,423,2,303,0,0,0,0,0,0
489,1956,594,79,594,3,right+B,0.027664855122566223,0.19286096096038818,0.05131622031331062,0.708482027053833,0.01967589370906353,0.8905128240585327,0.0,457.0,424,2,303,0,0,0,0,0,0
490,1960,594,93,594,2,right+A,0.02770083397626877,0.1949106752872467,0.05185776948928833,0.7059085965156555,0.01962219923734665,0.8945071697235107,-1.0,456.0,425,2,302,0,0,0,0,0,0
491,1964,594,108,594,3,right+B,0.02680801786482334,0.19355469942092896,0.05173083022236824,0.708575427532196,0.019330944865942,0.8884695768356323,0.0,456.0,426,2,302,0,0,0,0,0,0
492,1968,594,112,594,3,right+B,0.025825396180152893,0.19477319717407227,0.0504908412694931,0.7100755572319031,0.018835002556443214,0.8817567229270935,0.0,456.0,427,2,302,0,0,0,0,0,0
493,1972,594,106,594,3,right+B,0.026089273393154144,0.19415165483951569,0.05101905018091202,0.7097546458244324,0.018985366448760033,0.8837636709213257,0.0,456.0,428,2,302,0,0,0,0,0,0
494,1976,594,89,594,1,right,0.02684686705470085,0.19714537262916565,0.05276629701256752,0.7031211853027344,0.02012018859386444,0.8987287282943726,0.0,456.0,429,2,302,0,0,0,0,0,0
495,1980,594,79,594,3,right+B,0.024545779451727867,0.1835155487060547,0.047549452632665634,0.7266538739204407,0.017735304310917854,0.8505103588104248,-1.0,455.0,430,2,301,0,0,0,0,0,0
496,1984,594,79,594,3,right+B,0.024897418916225433,0.18421968817710876,0.046562857925891876,0.726287841796875,0.01803215593099594,0.8510661125183105,0.0,455.0,431,2,301,0,0,0,0,0,0
497,1988,594,79,594,0,NOOP,0.025682613253593445,0.18662503361701965,0.04729173332452774,0.722014844417572,0.0183857511729002,0.8602738380432129,0.0,455.0,432,2,301,0,0,0,0,0,0
498,1992,594,79,594,1,right,0.024585135281085968,0.18003332614898682,0.04506524279713631,0.7327712178230286,0.017545131966471672,0.8382458090782166,0.0,455.0,433,2,301,0,0,0,0,0,0
499,1996,594,79,594,3,right+B,0.025125838816165924,0.1827077567577362,0.04599887132644653,0.7286984324455261,0.01746906340122223,0.8461083769798279,0.0,455.0,434,2,301,0,0,0,0,0,0
500,2000,594,79,594,3,right+B,0.024122821167111397,0.1789119392633438,0.04375559464097023,0.7365701198577881,0.016639525070786476,0.8280097246170044,-1.0,454.0,435,2,300,0,0,0,0,0,0
501,2004,594,79,594,1,right,0.02480730600655079,0.18048593401908875,0.04566925764083862,0.7315428853034973,0.01749456487596035,0.8411244750022888,0.0,454.0,436,2,300,0,0,0,0,0,0
502,2008,594,79,594,1,right,0.027305414900183678,0.19206246733665466,0.05052701011300087,0.7107387781143188,0.01936633139848709,0.8851110935211182,0.0,454.0,437,2,300,0,0,0,0,0,0
503,2012,594,79,594,3,right+B,0.026864295825362206,0.1920543611049652,0.04951360449194908,0.7129773497581482,0.018590332940220833,0.8781546950340271,0.0,454.0,438,2,300,0,0,0,0,0,0
504,2016,594,79,594,3,right+B,0.025744948536157608,0.18580180406570435,0.04714161530137062,0.7235055565834045,0.017806043848395348,0.8568181991577148,0.0,454.0,439,2,300,0,0,0,0,0,0
505,2020,594,79,594,3,right+B,0.024242663756012917,0.1796760857105255,0.04345884919166565,0.7360285520553589,0.016593845561146736,0.8284865617752075,-1.0,453.0,440,2,299,0,0,0,0,0,0
506,2024,594,79,594,3,right+B,0.023967409506440163,0.17738395929336548,0.04286987707018852,0.7393532991409302,0.016425376757979393,0.8219809532165527,0.0,453.0,441,2,299,0,0,0,0,0,0
507,2028,594,79,594,3,right+B,0.024620896205306053,0.18040141463279724,0.04482971131801605,0.7328691482543945,0.017278771847486496,0.8372300863265991,0.0,453.0,442,2,299,0,0,0,0,0,0
508,2032,594,79,594,3,right+B,0.025528378784656525,0.18701058626174927,0.047933053225278854,0.7211172580718994,0.018410662189126015,0.8621145486831665,0.0,453.0,443,2,299,0,0,0,0,0,0
509,2036,594,79,594,3,right+B,0.02478857897222042,0.18282091617584229,0.045465972274541855,0.7292574048042297,0.01766708679497242,0.8443890810012817,0.0,453.0,444,2,299,0,0,0,0,0,0
510,2040,594,79,594,3,right+B,0.02385607548058033,0.1774904429912567,0.04310581460595131,0.7385011911392212,0.017046364024281502,0.8247741460800171,-1.0,452.0,445,2,298,0,0,0,0,0,0
511,2044,594,79,594,1,right,0.024331489577889442,0.17943508923053741,0.04478640854358673,0.733882486820221,0.017564475536346436,0.8358355760574341,0.0,452.0,446,2,298,0,0,0,0,0,0
512,2048,594,79,594,3,right+B,0.02571910060942173,0.18804360926151276,0.04840364307165146,0.7192662954330444,0.018567288294434547,0.8659873604774475,0.0,452.0,447,2,298,0,0,0,0,0,0
513,2052,594,79,594,0,NOOP,0.026466945186257362,0.19263680279254913,0.04978300258517265,0.7121360898017883,0.018977073952555656,0.8797355890274048,0.0,452.0,448,2,298,0,0,0,0,0,0
514,2056,594,79,594,1,right,0.026869773864746094,0.19481582939624786,0.051547471433877945,0.7074845433235168,0.019282443448901176,0.8896484375,0.0,452.0,449,2,298,0,0,0,0,0,0
515,2060,594,79,594,3,right+B,0.028064576908946037,0.19990968704223633,0.05488578975200653,0.6967400908470154,0.020399799570441246,0.91258305311203,-1.0,451.0,450,2,297,0,0,0,0,0,0
516,2064,594,79,594,3,right+B,0.028059769421815872,0.19723986089229584,0.0541134849190712,0.700461745262146,0.02012515626847744,0.9062665700912476,0.0,451.0,451,2,297,0,0,0,0,0,0
517,2068,594,79,594,3,right+B,0.026311088353395462,0.18979395925998688,0.05088867247104645,0.7140966057777405,0.018909664824604988,0.8781663179397583,0.0,451.0,452,2,297,0,0,0,0,0,0
518,2072,594,79,594,3,right+B,0.026765145361423492,0.19222302734851837,0.0513865202665329,0.7105504870414734,0.01907479763031006,0.8847673535346985,0.0,451.0,453,2,297,0,0,0,0,0,0
519,2076,594,79,594,1,right,0.026246609166264534,0.18724817037582397,0.04891112446784973,0.7192202806472778,0.018373792991042137,0.8673285245895386,0.0,451.0,454,2,297,0,0,0,0,0,0
520,2080,594,79,594,3,right+B,0.02661241963505745,0.1883995532989502,0.04932095482945442,0.7169135212898254,0.01875356398522854,0.8725682497024536,-1.0,450.0,455,2,296,0,0,0,0,0,0
521,2084,594,79,594,3,right+B,0.02575102262198925,0.18365544080734253,0.046684980392456055,0.725818932056427,0.018089663237333298,0.853703498840332,0.0,450.0,456,2,296,0,0,0,0,0,0
522,2088,594,79,594,3,right+B,0.024547841399908066,0.17922233045101166,0.04411400854587555,0.7348935008049011,0.017222275957465172,0.833105206489563,0.0,450.0,457,2,296,0,0,0,0,0,0
523,2092,594,79,594,3,right+B,0.024552922695875168,0.1780894547700882,0.04431769251823425,0.7359428405761719,0.01709701120853424,0.8316213488578796,0.0,450.0,458,2,296,0,0,0,0,0,0
524,2096,594,79,594,3,right+B,0.025158582255244255,0.18134541809558868,0.046353407204151154,0.7293400764465332,0.01780250482261181,0.8465476632118225,0.0,450.0,459,2,296,0,0,0,0,0,0
525,2100,594,79,594,3,right+B,0.024378731846809387,0.17768996953964233,0.045048750936985016,0.735547661781311,0.017334861680865288,0.8334023952484131,-1.0,449.0,460,2,295,0,0,0,0,0,0
526,2104,594,79,594,3,right+B,0.024554869160056114,0.17945945262908936,0.044706057757139206,0.7339169383049011,0.017362702637910843,0.8356509804725647,0.0,449.0,461,2,295,0,0,0,0,0,0
527,2108,594,79,594,3,right+B,0.023739568889141083,0.17480602860450745,0.042951274663209915,0.7418021559715271,0.01670091412961483,0.8187742233276367,0.0,449.0,462,2,295,0,0,0,0,0,0
528,2112,594,79,594,1,right,0.023917706683278084,0.17508292198181152,0.04383008927106857,0.7401376962661743,0.01703164167702198,0.8235309720039368,0.0,449.0,463,2,295,0,0,0,0,0,0
529,2116,594,79,594,3,right+B,0.023413794115185738,0.17318812012672424,0.04244900494813919,0.7442867159843445,0.01666228659451008,0.8137199282646179,0.0,449.0,464,2,295,0,0,0,0,0,0
530,2120,594,79,594,1,right,0.02270914800465107,0.1690661460161209,0.04104302451014519,0.7509873509407043,0.016194313764572144,0.7993472218513489,-1.0,448.0,465,2,294,0,0,0,0,0,0
531,2124,594,79,594,3,right+B,0.02288729138672352,0.17045293748378754,0.04119355231523514,0.7492170929908752,0.016249118372797966,0.8026773929595947,0.0,448.0,466,2,294,0,0,0,0,0,0
532,2128,594,79,594,3,right+B,0.023267636075615883,0.17184756696224213,0.041985802352428436,0.7463551759719849,0.016543840989470482,0.8094715476036072,0.0,448.0,467,2,294,0,0,0,0,0,0
533,2132,594,79,594,1,right,0.023118028417229652,0.17044802010059357,0.04166179895401001,0.7483194470405579,0.01645275019109249,0.8056076765060425,0.0,448.0,468,2,294,0,0,0,0,0,0
534,2136,594,79,594,3,right+B,0.023206021636724472,0.17103660106658936,0.042034778743982315,0.7471646666526794,0.01655791513621807,0.8082591891288757,0.0,448.0,469,2,294,0,0,0,0,0,0
535,2140,594,79,594,3,right+B,0.023134464398026466,0.17136113345623016,0.04182102903723717,0.7472536563873291,0.0164297167211771,0.807384192943573,-1.0,447.0,470,2,293,0,0,0,0,0,0
536,2144,594,79,594,3,right+B,0.023334654048085213,0.17275284230709076,0.042290497571229935,0.7450888156890869,0.016533181071281433,0.8118652701377869,0.0,447.0,471,2,293,0,0,0,0,0,0
537,2148,594,79,594,3,right+B,0.0229050200432539,0.1700446903705597,0.041585035622119904,0.7491880655288696,0.016277112066745758,0.8033751249313354,0.0,447.0,472,2,293,0,0,0,0,0,0
538,2152,594,79,594,3,right+B,0.023008646443486214,0.17030687630176544,0.04163971170783043,0.7489110827445984,0.01613360084593296,0.8037327527999878,0.0,447.0,473,2,293,0,0,0,0,0,0
539,2156,594,79,594,3,right+B,0.02328835427761078,0.1723494976758957,0.04254211112856865,0.745374858379364,0.016445206478238106,0.811500608921051,0.0,447.0,474,2,293,0,0,0,0,0,0
540,2160,594,79,594,3,right+B,0.022968249395489693,0.17006416618824005,0.04189873859286308,0.7488338351249695,0.016234977170825005,0.8043689131736755,-1.0,446.0,475,2,292,0,0,0,0,0,0
541,2164,594,79,594,3,right+B,0.02251674234867096,0.16809923946857452,0.04066917672753334,0.7528060078620911,0.01590876840054989,0.7950400114059448,0.0,446.0,476,2,292,0,0,0,0,0,0
542,2168,594,79,594,3,right+B,0.023406982421875,0.17180626094341278,0.04203284531831741,0.7462002038955688,0.01655365712940693,0.8100665807723999,0.0,446.0,477,2,292,0,0,0,0,0,0
543,2172,594,79,594,3,right+B,0.023814184591174126,0.1754031479358673,0.04299506917595863,0.7407872080802917,0.017000332474708557,0.8211503624916077,0.0,446.0,478,2,292,0,0,0,0,0,0
544,2176,594,79,594,3,right+B,0.024141933768987656,0.17669886350631714,0.04316175356507301,0.7388758063316345,0.01712159439921379,0.8250654339790344,0.0,446.0,479,2,292,0,0,0,0,0,0
545,2180,594,79,594,3,right+B,0.023851744830608368,0.17430171370506287,0.04254605248570442,0.7424072027206421,0.016893286257982254,0.8180025815963745,-1.0,445.0,480,2,291,0,0,0,0,0,0
546,2184,594,79,594,3,right+B,0.02557281032204628,0.18231889605522156,0.04602523520588875,0.7279777526855469,0.018105247989296913,0.849505603313446,0.0,445.0,481,2,291,0,0,0,0,0,0
547,2188,594,79,594,1,right,0.02626330405473709,0.18493051826953888,0.04793339595198631,0.7222714424133301,0.018601302057504654,0.8624390363693237,0.0,445.0,482,2,291,0,0,0,0,0,0
548,2192,594,79,594,3,right+B,0.025847001001238823,0.1827051341533661,0.04655436426401138,0.7268857955932617,0.018007760867476463,0.8520535230636597,0.0,445.0,483,2,291,0,0,0,0,0,0
549,2196,594,79,594,3,right+B,0.02585897222161293,0.18208248913288116,0.046358827501535416,0.7278088927268982,0.01789081282913685,0.8502614498138428,0.0,445.0,484,2,291,0,0,0,0,0,0
550,2200,594,79,594,1,right,0.026193253695964813,0.1849229782819748,0.0480927973985672,0.7226369380950928,0.018154069781303406,0.8609865307807922,-1.0,444.0,485,2,290,0,0,0,0,0,0
551,2204,594,79,594,3,right+B,0.026239605620503426,0.18529778718948364,0.048879384994506836,0.7211740612983704,0.018409142270684242,0.8647121787071228,0.0,444.0,486,2,290,0,0,0,0,0,0
552,2208,594,79,594,3,right+B,0.026313014328479767,0.18623602390289307,0.04920181632041931,0.7198224067687988,0.0184268057346344,0.8671582937240601,0.0,444.0,487,2,290,0,0,0,0,0,0
553,2212,594,79,594,3,right+B,0.02556203305721283,0.18351531028747559,0.0473814383149147,0.7257393002510071,0.017801903188228607,0.8537205457687378,0.0,444.0,488,2,290,0,0,0,0,0,0
554,2216,594,79,594,3,right+B,0.027371859177947044,0.19349238276481628,0.051524266600608826,0.7079406976699829,0.01967080496251583,0.8909088969230652,0.0,444.0,489,2,290,0,0,0,0,0,0
555,2220,594,79,594,1,right,0.026974551379680634,0.19334638118743896,0.051543183624744415,0.7085974812507629,0.019538339227437973,0.8889983892440796,-1.0,443.0,490,2,289,0,0,0,0,0,0
556,2224,594,79,594,3,right+B,0.025943586602807045,0.19117090106010437,0.05047863721847534,0.7134605646133423,0.01894630864262581,0.8778183460235596,0.0,443.0,491,2,289,0,0,0,0,0,0
557,2228,594,79,594,1,right,0.025977492332458496,0.1939462125301361,0.05035252124071121,0.7107583284378052,0.0189654603600502,0.8812957406044006,0.0,443.0,492,2,289,0,0,0,0,0,0
558,2232,594,79,594,3,right+B,0.02665574662387371,0.1948954164981842,0.052059609442949295,0.7066842913627625,0.01970493234694004,0.8919061422348022,0.0,443.0,493,2,289,0,0,0,0,0,0
559,2236,594,79,594,3,right+B,0.025883587077260017,0.18977276980876923,0.04905613511800766,0.7163550853729248,0.01893243007361889,0.871928870677948,0.0,443.0,494,2,289,0,0,0,0,0,0
560,2240,594,79,594,3,right+B,0.02478342317044735,0.18584631383419037,0.047354765236377716,0.7237775325775146,0.018237892538309097,0.8558292388916016,-1.0,442.0,495,2,288,0,0,0,0,0,0
561,2244,594,93,594,2,right+A,0.02530604600906372,0.1871923953294754,0.04756444692611694,0.7213367819786072,0.018600277602672577,0.8613097667694092,0.0,442.0,496,2,288,0,0,0,0,0,0
562,2248,594,108,594,1,right,0.02518056146800518,0.18567146360874176,0.04775647073984146,0.722837507724762,0.018553951755166054,0.8591818809509277,0.0,442.0,497,2,288,0,0,0,0,0,0
563,2252,594,112,594,3,right+B,0.024732274934649467,0.18393659591674805,0.04632657766342163,0.7271955013275146,0.017809033393859863,0.8486435413360596,0.0,442.0,498,2,288,0,0,0,0,0,0
564,2256,594,106,594,3,right+B,0.023805856704711914,0.1787639558315277,0.04502357915043831,0.7355156540870667,0.016890980303287506,0.8312267065048218,0.0,442.0,499,2,288,0,0,0,0,0,0
565,2260,594,89,594,1,right,0.02255460061132908,0.1731208860874176,0.04251963272690773,0.7453944087028503,0.01641053520143032,0.8098769187927246,-1.0,441.0,500,2,287,0,0,0,0,0,0
566,2264,594,79,594,3,right+B,0.025501316413283348,0.18356169760227203,0.048333290964365005,0.7242594361305237,0.018344277516007423,0.8581703901290894,0.0,441.0,501,2,287,0,0,0,0,0,0
567,2268,594,79,594,3,right+B,0.026690727099776268,0.19009074568748474,0.05008786544203758,0.713932454586029,0.019198209047317505,0.8787339925765991,0.0,441.0,502,2,287,0,0,0,0,0,0
568,2272,594,79,594,1,right,0.026573041453957558,0.1895601600408554,0.048845481127500534,0.7164620757102966,0.018559232354164124,0.8720018267631531,0.0,441.0,503,2,287,0,0,0,0,0,0
569,2276,594,79,594,3,right+B,0.025094619020819664,0.18233390152454376,0.045915521681308746,0.7289173603057861,0.017738567665219307,0.8462586402893066,0.0,441.0,504,2,287,0,0,0,0,0,0
570,2280,594,79,594,3,right+B,0.024180494248867035,0.17889994382858276,0.04310521110892296,0.7371036410331726,0.016710655763745308,0.826617956161499,-1.0,440.0,505,2,286,0,0,0,0,0,0
571,2284,594,79,594,3,right+B,0.024130675941705704,0.1771107017993927,0.043357059359550476,0.7386279106140137,0.016773642972111702,0.8248562812805176,0.0,440.0,506,2,286,0,0,0,0,0,0
572,2288,594,79,594,3,right+B,0.025464914739131927,0.1845126748085022,0.04774218425154686,0.723874568939209,0.018405642360448837,0.8579729199409485,0.0,440.0,507,2,286,0,0,0,0,0,0
573,2292,594,79,594,1,right,0.026165133342146873,0.18980206549167633,0.04841632768511772,0.7170106768608093,0.018605850636959076,0.8699917793273926,0.0,440.0,508,2,286,0,0,0,0,0,0
574,2296,594,79,594,1,right,0.024313513189554214,0.1801457703113556,0.04397256299853325,0.7344627976417542,0.01710542105138302,0.8327710032463074,0.0,440.0,509,2,286,0,0,0,0,0,0
575,2300,594,79,594,3,right+B,0.02375750243663788,0.1775324046611786,0.043215058743953705,0.7387741804122925,0.016720842570066452,0.8235756158828735,-1.0,439.0,510,2,285,0,0,0,0,0,0
576,2304,594,79,594,1,right,0.024197610095143318,0.17940153181552887,0.044977616518735886,0.7342661023139954,0.017157087102532387,0.8343408107757568,0.0,439.0,511,2,285,0,0,0,0,0,0
577,2308,594,93,594,2,right+A,0.025009745731949806,0.1850624829530716,0.0467752180993557,0.7253791093826294,0.017773462459445,0.85222327709198,0.0,439.0,512,2,285,0,0,0,0,0,0
578,2312,594,108,594,1,right,0.026661153882741928,0.19459308683872223,0.05085531249642372,0.7086002230644226,0.019290119409561157,0.8868870735168457,0.0,439.0,513,2,285,0,0,0,0,0,0
579,2316,594,112,594,3,right+B,0.02769686095416546,0.2010539025068283,0.05396818369626999,0.6966819167137146,0.020599160343408585,0.9111882448196411,0.0,439.0,514,2,285,0,0,0,0,0,0
580,2320,594,106,594,3,right+B,0.028016813099384308,0.1987389177083969,0.05482126772403717,0.6977999806404114,0.020622994750738144,0.9115864038467407,-1.0,438.0,515,2,284,0,0,0,0,0,0
581,2324,594,89,594,1,right,0.028037719428539276,0.19851306080818176,0.05481532961130142,0.6976107954978943,0.021023007109761238,0.9127594232559204,0.0,438.0,516,2,284,0,0,0,0,0,0
582,2328,594,79,594,1,right,0.027067380025982857,0.1924431025981903,0.05322481319308281,0.7077175378799438,0.01954716071486473,0.8925377130508423,0.0,438.0,517,2,284,0,0,0,0,0,0
583,2332,594,79,594,1,right,0.026402130722999573,0.1887373924255371,0.05022318661212921,0.7158139944076538,0.018823299556970596,0.874985933303833,0.0,438.0,518,2,284,0,0,0,0,0,0
584,2336,594,79,594,3,right+B,0.025856252759695053,0.18496762216091156,0.04849448427557945,0.7226662039756775,0.018015507608652115,0.8605029582977295,0.0,438.0,519,2,284,0,0,0,0,0,0
585,2340,594,79,594,1,right,0.02600613795220852,0.18483377993106842,0.04787706583738327,0.7228644490242004,0.01841857098042965,0.8606307506561279,-1.0,437.0,520,2,283,0,0,0,0,0,0
586,2344,594,79,594,3,right+B,0.024922238662838936,0.18076004087924957,0.044887397438287735,0.7320979833602905,0.017332298681139946,0.839114248752594,0.0,437.0,521,2,283,0,0,0,0,0,0
587,2348,594,79,594,3,right+B,0.024254366755485535,0.17741531133651733,0.04390249401330948,0.7376940250396729,0.016733821481466293,0.8271056413650513,0.0,437.0,522,2,283,0,0,0,0,0,0
588,2352,594,79,594,3,right+B,0.02491639368236065,0.17994298040866852,0.04573734849691391,0.7320225238800049,0.017380667850375175,0.8404958248138428,0.0,437.0,523,2,283,0,0,0,0,0,0
589,2356,594,79,594,3,right+B,0.024070149287581444,0.17626142501831055,0.04442044720053673,0.7384212613105774,0.016826676204800606,0.8266371488571167,0.0,437.0,524,2,283,0,0,0,0,0,0
590,2360,594,79,594,3,right+B,0.023976674303412437,0.1762292981147766,0.04410790652036667,0.7385812997817993,0.017104776576161385,0.826440691947937,-1.0,436.0,525,2,282,0,0,0,0,0,0
591,2364,594,79,594,1,right,0.02393149957060814,0.17604601383209229,0.04322364926338196,0.739783763885498,0.017015106976032257,0.8231832981109619,0.0,436.0,526,2,282,0,0,0,0,0,0
592,2368,594,79,594,3,right+B,0.024299409240484238,0.17746706306934357,0.04408187046647072,0.7367373704910278,0.017414283007383347,0.8304010629653931,0.0,436.0,527,2,282,0,0,0,0,0,0
593,2372,594,79,594,1,right,0.023577610030770302,0.17322605848312378,0.04232294112443924,0.7440627217292786,0.016810661181807518,0.8145431876182556,0.0,436.0,528,2,282,0,0,0,0,0,0
594,2376,594,79,594,3,right+B,0.02330712229013443,0.17165197432041168,0.04216470196843147,0.7460941672325134,0.016781996935606003,0.8107410669326782,0.0,436.0,529,2,282,0,0,0,0,0,0
595,2380,594,79,594,3,right+B,0.0229942724108696,0.17077688872814178,0.041751060634851456,0.7478790283203125,0.0165987741202116,0.8064775466918945,-1.0,435.0,530,2,281,0,0,0,0,0,0
596,2384,594,79,594,3,right+B,0.02333385869860649,0.17218463122844696,0.041835635900497437,0.7461044788360596,0.016541341319680214,0.8097538948059082,0.0,435.0,531,2,281,0,0,0,0,0,0
597,2388,594,79,594,0,NOOP,0.023281695321202278,0.17092660069465637,0.041718125343322754,0.7476372718811035,0.016436411067843437,0.8069836497306824,0.0,435.0,532,2,281,0,0,0,0,0,0
598,2392,594,79,594,3,right+B,0.023365724831819534,0.171565443277359,0.04246711730957031,0.7461012601852417,0.01650049537420273,0.8106141686439514,0.0,435.0,533,2,281,0,0,0,0,0,0
599,2396,594,79,594,3,right+B,0.023221762850880623,0.1715017408132553,0.04224039614200592,0.7465656399726868,0.016470441594719887,0.8092563152313232,0.0,435.0,534,2,281,0,0,0,0,0,0
600,2400,594,79,594,3,right+B,0.022462155669927597,0.1678033471107483,0.04045819491147995,0.7536472678184509,0.015629054978489876,0.7927065491676331,-1.0,434.0,535,2,280,0,0,0,0,0,0
601,2404,594,79,594,3,right+B,0.022923626005649567,0.17122609913349152,0.0421690009534359,0.7473412156105042,0.016339978203177452,0.8071104884147644,0.0,434.0,536,2,280,0,0,0,0,0,0
602,2408,594,79,594,1,right,0.022654782980680466,0.16884925961494446,0.04091161489486694,0.7516162395477295,0.015968086197972298,0.7975814342498779,0.0,434.0,537,2,280,0,0,0,0,0,0
603,2412,594,79,594,1,right,0.022853616625070572,0.16983245313167572,0.04116525128483772,0.7500857710838318,0.016062920913100243,0.8008431792259216,0.0,434.0,538,2,280,0,0,0,0,0,0
604,2416,594,79,594,1,right,0.0232541561126709,0.17174643278121948,0.042091064155101776,0.7463424205780029,0.016566000878810883,0.8096635341644287,0.0,434.0,539,2,280,0,0,0,0,0,0
605,2420,594,79,594,1,right,0.02299763634800911,0.16989772021770477,0.04139506444334984,0.7493535280227661,0.016356106847524643,0.8032325506210327,-1.0,433.0,540,2,279,0,0,0,0,0,0
606,2424,594,79,594,1,right,0.023421602323651314,0.17130586504936218,0.04179926961660385,0.7468470335006714,0.01662624068558216,0.8089849948883057,0.0,433.0,541,2,279,0,0,0,0,0,0
607,2428,594,79,594,3,right+B,0.02385694906115532,0.1741442233324051,0.04256019741296768,0.7425364851951599,0.01690211333334446,0.817865788936615,0.0,433.0,542,2,279,0,0,0,0,0,0
608,2432,594,79,594,3,right+B,0.024397797882556915,0.1776784211397171,0.044074323028326035,0.7365254759788513,0.017324091866612434,0.8306779861450195,0.0,433.0,543,2,279,0,0,0,0,0,0
609,2436,594,79,594,3,right+B,0.024275746196508408,0.17610777914524078,0.04335934668779373,0.7392786145210266,0.016978546977043152,0.8246976733207703,0.0,433.0,544,2,279,0,0,0,0,0,0
610,2440,594,79,594,1,right,0.025008419528603554,0.1795564591884613,0.04496859759092331,0.7330904006958008,0.017376160249114037,0.8381080627441406,-1.0,432.0,545,2,278,0,0,0,0,0,0
611,2444,594,79,594,3,right+B,0.0259848665446043,0.18324238061904907,0.047093842178583145,0.725739061832428,0.017939861863851547,0.8544816374778748,0.0,432.0,546,2,278,0,0,0,0,0,0
612,2448,594,79,594,3,right+B,0.025552092120051384,0.18165907263755798,0.04669981822371483,0.7283587455749512,0.017730223014950752,0.8489899635314941,0.0,432.0,547,2,278,0,0,0,0,0,0
613,2452,594,79,594,3,right+B,0.025730576366186142,0.18216095864772797,0.04598164185881615,0.7283788919448853,0.01774791069328785,0.8483707904815674,0.0,432.0,548,2,278,0,0,0,0,0,0
614,2456,594,79,594,3,right+B,0.025286702439188957,0.1800476610660553,0.04568632319569588,0.7314783930778503,0.01750091090798378,0.8421990275382996,0.0,432.0,549,2,278,0,0,0,0,0,0
615,2460,594,79,594,3,right+B,0.026036355644464493,0.18432416021823883,0.047989919781684875,0.7232577800750732,0.018391726538538933,0.8602430820465088,-1.0,431.0,550,2,277,0,0,0,0,0,0
616,2464,594,79,594,3,right+B,0.027061594650149345,0.18919694423675537,0.05010094866156578,0.7144525647163391,0.019187981262803078,0.8787629008293152,0.0,431.0,551,2,277,0,0,0,0,0,0
617,2468,594,79,594,3,right+B,0.026078468188643456,0.18493418395519257,0.047918494790792465,0.7228057980537415,0.018263015896081924,0.8605492115020752,0.0,431.0,552,2,277,0,0,0,0,0,0
618,2472,594,93,594,2,right+A,0.027481267228722572,0.19213148951530457,0.050624165683984756,0.710357666015625,0.019405443221330643,0.8861713409423828,0.0,431.0,553,2,277,0,0,0,0,0,0
619,2476,594,108,594,3,right+B,0.02848217450082302,0.19942447543144226,0.05438181385397911,0.6969990730285645,0.02071242965757847,0.9131332635879517,0.0,431.0,554,2,277,0,0,0,0,0,0
620,2480,594,112,594,3,right+B,0.027043618261814117,0.19598443806171417,0.051949404180049896,0.705339252948761,0.01968332938849926,0.8942082524299622,-1.0,430.0,555,2,276,0,0,0,0,0,0
621,2484,594,106,594,3,right+B,0.026470491662621498,0.19479034841060638,0.0519566647708416,0.7074099183082581,0.019372643902897835,0.8897014856338501,0.0,430.0,556,2,276,0,0,0,0,0,0
622,2488,594,89,594,3,right+B,0.027227232232689857,0.19841167330741882,0.054020222276449203,0.7000166773796082,0.020324204117059708,0.9055236577987671,0.0,430.0,557,2,276,0,0,0,0,0,0
623,2492,594,79,594,1,right,0.027745446190238,0.1978207677602768,0.05395181477069855,0.700673520565033,0.01980844885110855,0.9044479131698608,0.0,430.0,558,2,276,0,0,0,0,0,0
624,2496,594,79,594,0,NOOP,0.025209464132785797,0.1866694539785385,0.04834983870387077,0.7215881943702698,0.018183020874857903,0.8608779907226562,0.0,430.0,559,2,276,0,0,0,0,0,0
625,2500,594,79,594,1,right,0.025070594623684883,0.1856081336736679,0.04757127910852432,0.7238397002220154,0.017910288646817207,0.8558534383773804,-1.0,429.0,560,2,275,0,0,0,0,0,0
626,2504,594,79,594,3,right+B,0.02434752695262432,0.1807919144630432,0.045156486332416534,0.7321028709411621,0.01760130189359188,0.8389650583267212,0.0,429.0,561,2,275,0,0,0,0,0,0
627,2508,594,79,594,3,right+B,0.023976290598511696,0.17737740278244019,0.04401833564043045,0.7377433776855469,0.01688455417752266,0.8269971013069153,0.0,429.0,562,2,275,0,0,0,0,0,0
628,2512,594,79,594,1,right,0.024306777864694595,0.17964079976081848,0.04422817379236221,0.7349507808685303,0.016873445361852646,0.8318827152252197,0.0,429.0,563,2,275,0,0,0,0,0,0
629,2516,594,79,594,3,right+B,0.0236677136272192,0.17695102095603943,0.0428759790956974,0.7400630712509155,0.01644224114716053,0.820414125919342,0.0,429.0,564,2,275,0,0,0,0,0,0
630,2520,594,79,594,3,right+B,0.024781346321105957,0.18070407211780548,0.045183200389146805,0.7319821715354919,0.017349110916256905,0.8394472002983093,-1.0,428.0,565,2,274,0,0,0,0,0,0
631,2524,594,79,594,0,NOOP,0.027916334569454193,0.19533315300941467,0.05242883041501045,0.70414137840271,0.020180273801088333,0.8992248773574829,0.0,428.0,566,2,274,0,0,0,0,0,0
632,2528,594,79,594,3,right+B,0.027862107381224632,0.19622747600078583,0.05130188167095184,0.7049747109413147,0.019633933901786804,0.8953062295913696,0.0,428.0,567,2,274,0,0,0,0,0,0
633,2532,594,79,594,3,right+B,0.026430679485201836,0.1888589709997177,0.04813452064990997,0.7183111906051636,0.018264634534716606,0.867603063583374,0.0,428.0,568,2,274,0,0,0,0,0,0
634,2536,594,79,594,3,right+B,0.02488582208752632,0.18181473016738892,0.0443132221698761,0.7320353388786316,0.016950923949480057,0.8374249339103699,0.0,428.0,569,2,274,0,0,0,0,0,0
635,2540,594,79,594,3,right+B,0.024158289656043053,0.17799001932144165,0.043329693377017975,0.738147497177124,0.016374483704566956,0.8246108889579773,-1.0,427.0,570,2,273,0,0,0,0,0,0
636,2544,594,79,594,3,right+B,0.02443053387105465,0.17842701077461243,0.04470524564385414,0.7355322241783142,0.016905000433325768,0.8320471048355103,0.0,427.0,571,2,273,0,0,0,0,0,0
637,2548,594,79,594,3,right+B,0.02556353621184826,0.186606764793396,0.047241587191820145,0.7227529883384705,0.017835164442658424,0.8576852083206177,0.0,427.0,572,2,273,0,0,0,0,0,0
638,2552,594,79,594,1,right,0.02473258785903454,0.18255457282066345,0.04501725733280182,0.730319082736969,0.0173764917999506,0.8414994478225708,0.0,427.0,573,2,273,0,0,0,0,0,0
639,2556,594,79,594,3,right+B,0.02430250309407711,0.18070194125175476,0.04405954107642174,0.7337597608566284,0.01717628538608551,0.8340250849723816,0.0,427.0,574,2,273,0,0,0,0,0,0
640,2560,594,79,594,0,NOOP,0.02414930798113346,0.17805542051792145,0.043884146958589554,0.7368894219398499,0.0170216616243124,0.8286927938461304,-1.0,426.0,575,2,272,0,0,0,0,0,0
641,2564,594,79,594,3,right+B,0.025223778560757637,0.18458718061447144,0.04695603623986244,0.7252873778343201,0.01794569380581379,0.8534267544746399,0.0,426.0,576,2,272,0,0,0,0,0,0
642,2568,594,79,594,3,right+B,0.026920048519968987,0.19503863155841827,0.05093252658843994,0.7078306674957275,0.019278161227703094,0.8884701132774353,0.0,426.0,577,2,272,0,0,0,0,0,0
643,2572,594,79,594,3,right+B,0.027614155784249306,0.19758078455924988,0.052592191845178604,0.7023985385894775,0.01981436461210251,0.9002357721328735,0.0,426.0,578,2,272,0,0,0,0,0,0
644,2576,594,79,594,1,right,0.02794495038688183,0.19807115197181702,0.05399879813194275,0.6998194456100464,0.02016565576195717,0.9067984223365784,0.0,426.0,579,2,272,0,0,0,0,0,0
645,2580,594,79,594,1,right,0.028304535895586014,0.19784805178642273,0.054288435727357864,0.6991947293281555,0.020364290103316307,0.9091168642044067,-1.0,425.0,580,2,271,0,0,0,0,0,0
646,2584,594,79,594,1,right,0.027320001274347305,0.19313466548919678,0.05247809365391731,0.707741379737854,0.019325874745845795,0.891527533531189,0.0,425.0,581,2,271,0,0,0,0,0,0
647,2588,594,79,594,3,right+B,0.026861311867833138,0.191937655210495,0.0517050176858902,0.7106258273124695,0.018870165571570396,0.8848033547401428,0.0,425.0,582,2,271,0,0,0,0,0,0
648,2592,594,79,594,1,right,0.025910483673214912,0.18551750481128693,0.04863835871219635,0.7221190333366394,0.017814554274082184,0.8610774278640747,0.0,425.0,583,2,271,0,0,0,0,0,0
649,2596,594,79,594,3,right+B,0.02621706947684288,0.18591398000717163,0.0482308529317379,0.7214673161506653,0.01817074790596962,0.8628479838371277,0.0,425.0,584,2,271,0,0,0,0,0,0
650,2600,594,79,594,0,NOOP,0.02561480924487114,0.18295589089393616,0.046370960772037506,0.727345883846283,0.017712529748678207,0.8500251770019531,-1.0,424.0,585,2,270,0,0,0,0,0,0
651,2604,594,79,594,3,right+B,0.02511168271303177,0.1815623939037323,0.04548458755016327,0.7303581237792969,0.01748313009738922,0.8430995941162109,0.0,424.0,586,2,270,0,0,0,0,0,0
652,2608,594,79,594,1,right,0.025358853861689568,0.1815023273229599,0.04570799693465233,0.729931652545929,0.017499135807156563,0.844527006149292,0.0,424.0,587,2,270,0,0,0,0,0,0
653,2612,594,79,594,3,right+B,0.02488362416625023,0.17856094241142273,0.04533076658844948,0.7339992523193359,0.017225390300154686,0.8367270231246948,0.0,424.0,588,2,270,0,0,0,0,0,0
654,2616,594,79,594,3,right+B,0.024673687294125557,0.1784796416759491,0.04541574791073799,0.7339092493057251,0.017521627247333527,0.8372461199760437,0.0,424.0,589,2,270,0,0,0,0,0,0
655,2620,594,79,594,3,right+B,0.02444464899599552,0.17822180688381195,0.044098857790231705,0.7358948588371277,0.01733984984457493,0.8317372798919678,-1.0,423.0,590,2,269,0,0,0,0,0,0
656,2624,594,79,594,3,right+B,0.024664832279086113,0.17854996025562286,0.0442243330180645,0.7351679801940918,0.017392897978425026,0.8335022926330566,0.0,423.0,591,2,269,0,0,0,0,0,0
657,2628,594,79,594,3,right+B,0.02452448196709156,0.17778801918029785,0.044410590082407,0.7358368039131165,0.017440110445022583,0.8326451182365417,0.0,423.0,592,2,269,0,0,0,0,0,0
658,2632,594,79,594,3,right+B,0.023977722972631454,0.1751406043767929,0.043699316680431366,0.7401461601257324,0.017036238685250282,0.8234676122665405,0.0,423.0,593,2,269,0,0,0,0,0,0
659,2636,594,79,594,3,right+B,0.02312544174492359,0.17073461413383484,0.042067043483257294,0.7476082444190979,0.01646461710333824,0.8072706460952759,0.0,423.0,594,2,269,0,0,0,0,0,0
660,2640,594,79,594,3,right+B,0.022534023970365524,0.16822974383831024,0.040506359189748764,0.7529881596565247,0.015741722658276558,0.7941755652427673,-1.0,422.0,595,2,268,0,0,0,0,0,0
661,2644,594,79,594,3,right+B,0.023049281910061836,0.17119881510734558,0.04177946224808693,0.7476328611373901,0.016339564695954323,0.8063845634460449,0.0,422.0,596,2,268,0,0,0,0,0,0
662,2648,594,79,594,3,right+B,0.022668996825814247,0.16874825954437256,0.041045282036066055,0.7514371871948242,0.01610027812421322,0.7983776330947876,0.0,422.0,597,2,268,0,0,0,0,0,0
663,2652,594,79,594,3,right+B,0.02290469966828823,0.16977716982364655,0.04141651466488838,0.7495402693748474,0.016361340880393982,0.802811861038208,0.0,422.0,598,2,268,0,0,0,0,0,0
664,2656,594,79,594,3,right+B,0.022761624306440353,0.16982592642307281,0.041116274893283844,0.7500852942466736,0.016210902482271194,0.8009378910064697,0.0,422.0,599,2,268,0,0,0,0,0,0
665,2660,594,79,594,1,right,0.023380378261208534,0.17297802865505219,0.04255786910653114,0.7443327903747559,0.016750961542129517,0.8139462471008301,-1.0,421.0,600,2,267,0,0,0,0,0,0
666,2664,594,79,594,1,right,0.022939082235097885,0.17011074721813202,0.04141196981072426,0.7492039203643799,0.016334258019924164,0.8033097982406616,0.0,421.0,601,2,267,0,0,0,0,0,0
667,2668,594,79,594,1,right,0.022776488214731216,0.16885870695114136,0.040949881076812744,0.751304030418396,0.016110863536596298,0.7986820340156555,0.0,421.0,602,2,267,0,0,0,0,0,0
668,2672,594,79,594,3,right+B,0.023596100509166718,0.17319834232330322,0.04240751266479492,0.7441645264625549,0.01663348637521267,0.8141364455223083,0.0,421.0,603,2,267,0,0,0,0,0,0
669,2676,594,79,594,3,right+B,0.023407956585288048,0.1714807152748108,0.04215911030769348,0.7464011907577515,0.016551079228520393,0.809944748878479,0.0,421.0,604,2,267,0,0,0,0,0,0
670,2680,594,79,594,3,right+B,0.02286720462143421,0.16883137822151184,0.04101382568478584,0.7512688040733337,0.016018753871321678,0.7987898588180542,-1.0,420.0,605,2,266,0,0,0,0,0,0
671,2684,594,79,594,3,right+B,0.023821508511900902,0.17311246693134308,0.042737074196338654,0.74366295337677,0.016665950417518616,0.8158541917800903,0.0,420.0,606,2,266,0,0,0,0,0,0
672,2688,594,79,594,3,right+B,0.023620931431651115,0.17370948195457458,0.042962465435266495,0.7429890632629395,0.0167180635035038,0.8168732523918152,0.0,420.0,607,2,266,0,0,0,0,0,0
673,2692,594,79,594,3,right+B,0.023893369361758232,0.17539024353027344,0.04310274124145508,0.740838348865509,0.01677531562745571,0.8208591938018799,0.0,420.0,608,2,266,0,0,0,0,0,0
674,2696,594,93,594,2,right+A,0.024168958887457848,0.17609967291355133,0.04349060729146004,0.7392680048942566,0.01697276532649994,0.82467120885849,0.0,420.0,609,2,266,0,0,0,0,0,0
675,2700,594,108,594,3,right+B,0.025307947769761086,0.18142575025558472,0.046040941029787064,0.7293413877487183,0.01788402907550335,0.8466020226478577,-1.0,419.0,610,2,265,0,0,0,0,0,0
676,2704,594,112,594,3,right+B,0.025717398151755333,0.18494197726249695,0.047115832567214966,0.7237614393234253,0.018463365733623505,0.8579080104827881,0.0,419.0,611,2,265,0,0,0,0,0,0
677,2708,594,106,594,3,right+B,0.02588467299938202,0.18388503789901733,0.0471104234457016,0.7248011231422424,0.018318813294172287,0.8564743399620056,0.0,419.0,612,2,265,0,0,0,0,0,0
678,2712,594,89,594,3,right+B,0.025453751906752586,0.18248797953128815,0.046371396631002426,0.727432131767273,0.018254725262522697,0.850846529006958,0.0,419.0,613,2,265,0,0,0,0,0,0
679,2716,594,79,594,3,right+B,0.02616281621158123,0.1836027204990387,0.048622701317071915,0.7232270836830139,0.018384704366326332,0.8613623380661011,0.0,419.0,614,2,265,0,0,0,0,0,0
680,2720,594,79,594,3,right+B,0.026441484689712524,0.1849948912858963,0.04841814190149307,0.7213804125785828,0.01876513659954071,0.865027129650116,-1.0,418.0,615,2,264,0,0,0,0,0,0
681,2724,594,79,594,3,right+B,0.026194240897893906,0.18455351889133453,0.04875396937131882,0.7222012877464294,0.01829701103270054,0.862798810005188,0.0,418.0,616,2,264,0,0,0,0,0,0
682,2728,594,79,594,3,right+B,0.026214731857180595,0.1865702122449875,0.04893383011221886,0.7197554111480713,0.01852581277489662,0.8669272065162659,0.0,418.0,617,2,264,0,0,0,0,0,0
683,2732,594,79,594,3,right+B,0.02760235406458378,0.19408471882343292,0.05131771042943001,0.7074737548828125,0.01952141895890236,0.8913476467132568,0.0,418.0,618,2,264,0,0,0,0,0,0
684,2736,594,79,594,1,right,0.026414940133690834,0.18924403190612793,0.050225257873535156,0.7153564691543579,0.018759330734610558,0.8754751682281494,0.0,418.0,619,2,264,0,0,0,0,0,0
685,2740,594,79,594,3,right+B,0.02593471109867096,0.19012351334095,0.05065862834453583,0.7143979668617249,0.018885167315602303,0.8766605854034424,-1.0,417.0,620,2,263,0,0,0,0,0,0
686,2744,594,79,594,3,right+B,0.026358868926763535,0.19481545686721802,0.05070938542485237,0.7090494632720947,0.019066866487264633,0.8849906325340271,0.0,417.0,621,2,263,0,0,0,0,0,0
687,2748,594,79,594,3,right+B,0.026248972862958908,0.1921120434999466,0.05033063888549805,0.7122138738632202,0.019094452261924744,0.8802093267440796,0.0,417.0,622,2,263,0,0,0,0,0,0
688,2752,594,79,594,3,right+B,0.02629939652979374,0.1929660141468048,0.050052229315042496,0.7115272879600525,0.01915513165295124,0.8809735774993896,0.0,417.0,623,2,263,0,0,0,0,0,0
689,2756,594,79,594,3,right+B,0.025492362678050995,0.1899280697107315,0.049449704587459564,0.7162851095199585,0.01884479634463787,0.8715681433677673,0.0,417.0,624,2,263,0,0,0,0,0,0
690,2760,594,79,594,3,right+B,0.02439167909324169,0.18217681348323822,0.04549441486597061,0.7302115559577942,0.01772553101181984,0.8424471020698547,-1.0,416.0,625,2,262,0,0,0,0,0,0
691,2764,594,79,594,3,right+B,0.023552965372800827,0.17670470476150513,0.04349113255739212,0.7392625212669373,0.016988689079880714,0.8234850168228149,0.0,416.0,626,2,262,0,0,0,0,0,0
692,2768,594,79,594,1,right,0.024073326960206032,0.17855508625507355,0.043835677206516266,0.7365819811820984,0.01695401221513748,0.8287501931190491,0.0,416.0,627,2,262,0,0,0,0,0,0
693,2772,594,79,594,3,right+B,0.024460138753056526,0.18145260214805603,0.04514094069600105,0.7317596077919006,0.017186755314469337,0.8386771082878113,0.0,416.0,628,2,262,0,0,0,0,0,0
694,2776,594,79,594,1,right,0.02350444719195366,0.1756591647863388,0.043012749403715134,0.7415050268173218,0.01631854847073555,0.8179148435592651,0.0,416.0,629,2,262,0,0,0,0,0,0
695,2780,594,79,594,3,right+B,0.026343347504734993,0.18802469968795776,0.04912460222840309,0.7178531289100647,0.01865421235561371,0.8702904582023621,-1.0,415.0,630,2,261,0,0,0,0,0,0
696,2784,594,79,594,3,right+B,0.02788129635155201,0.19599993526935577,0.05310393497347832,0.7029309272766113,0.02008395455777645,0.9013713598251343,0.0,415.0,631,2,261,0,0,0,0,0,0
697,2788,594,79,594,1,right,0.026564694941043854,0.19013336300849915,0.04842060059309006,0.7164918780326843,0.018389537930488586,0.8709719777107239,0.0,415.0,632,2,261,0,0,0,0,0,0
698,2792,594,79,594,3,right+B,0.02505321428179741,0.182424858212471,0.045560676604509354,0.7295289635658264,0.01743224449455738,0.8441217541694641,0.0,415.0,633,2,261,0,0,0,0,0,0
699,2796,594,79,594,3,right+B,0.024351337924599648,0.17947529256343842,0.043243639171123505,0.7362393140792847,0.016690460965037346,0.8283305764198303,0.0,415.0,634,2,261,0,0,0,0,0,0
700,2800,594,93,594,2,right+A,0.02440294250845909,0.17863531410694122,0.044180452823638916,0.7357816696166992,0.016999585554003716,0.8311319351196289,-1.0,414.0,635,2,260,0,0,0,0,0,0
701,2804,594,108,594,3,right+B,0.025379745289683342,0.18366052210330963,0.04730142280459404,0.7254669070243835,0.01819140650331974,0.8545308709144592,0.0,414.0,636,2,260,0,0,0,0,0,0
702,2808,594,112,594,3,right+B,0.02600032649934292,0.19031448662281036,0.04819663614034653,0.7166597247123718,0.01882888935506344,0.8703465461730957,0.0,414.0,637,2,260,0,0,0,0,0,0
703,2812,594,106,594,3,right+B,0.025092555209994316,0.18498015403747559,0.0459267720580101,0.7258002758026123,0.018200265243649483,0.8516336679458618,0.0,414.0,638,2,260,0,0,0,0,0,0
704,2816,594,89,594,3,right+B,0.024105632677674294,0.1799006164073944,0.044916484504938126,0.7332385182380676,0.017838794738054276,0.8371052742004395,0.0,414.0,639,2,260,0,0,0,0,0,0
705,2820,594,79,594,3,right+B,0.0249775480479002,0.18134121596813202,0.04688233882188797,0.729047417640686,0.017751412466168404,0.8471964001655579,-1.0,413.0,640,2,259,0,0,0,0,0,0
706,2824,594,79,594,3,right+B,0.025872988626360893,0.18773694336414337,0.048547420650720596,0.7194512486457825,0.018391437828540802,0.8658317923545837,0.0,413.0,641,2,259,0,0,0,0,0,0
707,2828,594,79,594,3,right+B,0.027329418808221817,0.19586555659770966,0.0522395558655262,0.7052485346794128,0.019316941499710083,0.8944277167320251,0.0,413.0,642,2,259,0,0,0,0,0,0
708,2832,594,79,594,0,NOOP,0.026464376598596573,0.19203445315361023,0.05132187157869339,0.7111135125160217,0.01906578429043293,0.8833299875259399,0.0,413.0,643,2,259,0,0,0,0,0,0
709,2836,594,79,594,3,right+B,0.02772659622132778,0.19703218340873718,0.05377855896949768,0.701526939868927,0.019935762509703636,0.903396725654602,0.0,413.0,644,2,259,0,0,0,0,0,0
710,2840,594,79,594,3,right+B,0.028100645169615746,0.19727937877178192,0.05390234291553497,0.7004733681678772,0.020244251936674118,0.9063296914100647,-1.0,412.0,645,2,258,0,0,0,0,0,0
711,2844,594,79,594,3,right+B,0.026525408029556274,0.19038288295269012,0.050910141319036484,0.7132775783538818,0.018904034048318863,0.8796882629394531,0.0,412.0,646,2,258,0,0,0,0,0,0
712,2848,594,79,594,1,right,0.026403572410345078,0.19011236727237701,0.050286758691072464,0.7144371867179871,0.0187600776553154,0.8767557740211487,0.0,412.0,647,2,258,0,0,0,0,0,0
713,2852,594,79,594,3,right+B,0.0259085763245821,0.18546313047409058,0.04822004958987236,0.722132682800293,0.01827562041580677,0.8615677356719971,0.0,412.0,648,2,258,0,0,0,0,0,0
714,2856,594,79,594,3,right+B,0.02603147178888321,0.18518270552158356,0.047495484352111816,0.722984790802002,0.018305500969290733,0.8597379326820374,0.0,412.0,649,2,258,0,0,0,0,0,0
715,2860,594,79,594,1,right,0.025358429178595543,0.1827136129140854,0.04587828367948532,0.7282021045684814,0.017847590148448944,0.8479735255241394,-1.0,411.0,650,2,257,0,0,0,0,0,0
716,2864,594,79,594,3,right+B,0.02506987191736698,0.18099719285964966,0.045303963124752045,0.731193482875824,0.0174354687333107,0.8414908647537231,0.0,411.0,651,2,257,0,0,0,0,0,0
717,2868,594,79,594,3,right+B,0.024706140160560608,0.1781904101371765,0.04478541761636734,0.7351793050765991,0.017138756811618805,0.8337534070014954,0.0,411.0,652,2,257,0,0,0,0,0,0
718,2872,594,79,594,0,NOOP,0.02462082728743553,0.17750446498394012,0.0451197549700737,0.7356783747673035,0.01707659661769867,0.8331907391548157,0.0,411.0,653,2,257,0,0,0,0,0,0
719,2876,594,93,594,2,right+A,0.02486334554851055,0.18059399724006653,0.0456964336335659,0.731181800365448,0.017664402723312378,0.8421737551689148,0.0,411.0,654,2,257,0,0,0,0,0,0
720,2880,594,108,594,3,right+B,0.02448935993015766,0.17850157618522644,0.04477858543395996,0.7348129153251648,0.01741761900484562,0.834484338760376,-1.0,410.0,655,2,256,0,0,0,0,0,0
721,2884,594,112,594,1,right,0.024732820689678192,0.1814909428358078,0.04486174136400223,0.7310990691184998,0.017815418541431427,0.8412235975265503,0.0,410.0,656,2,256,0,0,0,0,0,0
722,2888,594,106,594,1,right,0.023716215044260025,0.1744675487279892,0.04354850575327873,0.7411344647407532,0.017133314162492752,0.821536123752594,0.0,410.0,657,2,256,0,0,0,0,0,0
723,2892,594,89,594,3,right+B,0.023793216794729233,0.17498138546943665,0.04429788887500763,0.7391536235809326,0.01777387596666813,0.8270596861839294,0.0,410.0,658,2,256,0,0,0,0,0,0
724,2896,594,79,594,1,right,0.023359647020697594,0.17085319757461548,0.042903464287519455,0.7462475895881653,0.016636043787002563,0.8113093376159668,0.0,410.0,659,2,256,0,0,0,0,0,0
725,2900,594,79,594,3,right+B,0.023225445300340652,0.16983018815517426,0.041372671723365784,0.7491908669471741,0.01638082228600979,0.8039544224739075,-1.0,409.0,660,2,255,0,0,0,0,0,0
726,2904,594,93,594,2,right+A,0.023165559396147728,0.16945533454418182,0.04172438010573387,0.749392569065094,0.016262236982584,0.8037530779838562,0.0,409.0,661,2,255,0,0,0,0,0,0
727,2908,594,108,594,3,right+B,0.023314207792282104,0.1714656502008438,0.042974285781383514,0.7452772855758667,0.016968566924333572,0.8135166168212891,0.0,409.0,662,2,255,0,0,0,0,0,0
728,2912,594,112,594,3,right+B,0.02341493032872677,0.17436280846595764,0.042587194591760635,0.742682933807373,0.01695212535560131,0.8169251680374146,0.0,409.0,663,2,255,0,0,0,0,0,0
729,2916,594,106,594,1,right,0.023272324353456497,0.17239803075790405,0.0428081713616848,0.7447669506072998,0.01675456389784813,0.813453733921051,0.0,409.0,664,2,255,0,0,0,0,0,0
730,2920,594,89,594,3,right+B,0.023500807583332062,0.17436541616916656,0.043923284858465195,0.7409330606460571,0.017277345061302185,0.8222485780715942,-1.0,408.0,665,2,254,0,0,0,0,0,0
731,2924,594,79,594,1,right,0.023276768624782562,0.17031073570251465,0.042969316244125366,0.7471227049827576,0.016320504248142242,0.8092057108879089,0.0,408.0,666,2,254,0,0,0,0,0,0
732,2928,594,79,594,1,right,0.02289535291492939,0.1685011088848114,0.041321899741888046,0.7513006329536438,0.015981022268533707,0.7991443872451782,0.0,408.0,667,2,254,0,0,0,0,0,0
733,2932,594,79,594,3,right+B,0.022772416472434998,0.16826428472995758,0.041130125522613525,0.7520015239715576,0.015831591561436653,0.7972274422645569,0.0,408.0,668,2,254,0,0,0,0,0,0
734,2936,594,79,594,3,right+B,0.02235882170498371,0.16672883927822113,0.04033312574028969,0.7547504305839539,0.015828780829906464,0.791131854057312,0.0,408.0,669,2,254,0,0,0,0,0,0
735,2940,594,79,594,3,right+B,0.023465868085622787,0.17162707448005676,0.041879285126924515,0.7464457154273987,0.016582012176513672,0.8096729516983032,-1.0,407.0,670,2,253,0,0,0,0,0,0
736,2944,594,79,594,3,right+B,0.023666180670261383,0.17343974113464355,0.04237159341573715,0.7437793612480164,0.016743086278438568,0.8150430917739868,0.0,407.0,671,2,253,0,0,0,0,0,0
737,2948,594,79,594,3,right+B,0.024040907621383667,0.17571033537387848,0.04354614391922951,0.7395394444465637,0.017163166776299477,0.824548602104187,0.0,407.0,672,2,253,0,0,0,0,0,0
738,2952,594,79,594,3,right+B,0.024364721029996872,0.1768859475851059,0.04357156530022621,0.7380573749542236,0.017120396718382835,0.8272513151168823,0.0,407.0,673,2,253,0,0,0,0,0,0
739,2956,594,79,594,1,right,0.024745622649788857,0.17833377420902252,0.044437091797590256,0.7350857853889465,0.017397716641426086,0.8340859413146973,0.0,407.0,674,2,253,0,0,0,0,0,0
740,2960,594,79,594,3,right+B,0.025658754631876945,0.18172083795070648,0.046446483582258224,0.7282071113586426,0.01796681620180607,0.8496137857437134,-1.0,406.0,675,2,252,0,0,0,0,0,0
741,2964,594,79,594,3,right+B,0.026027219370007515,0.18396176397800446,0.047536976635456085,0.7241926789283752,0.018281331285834312,0.8580799698829651,0.0,406.0,676,2,252,0,0,0,0,0,0
742,2968,594,79,594,1,right,0.0262614618986845,0.18433457612991333,0.04710093513131142,0.7241603136062622,0.018142756074666977,0.8576683402061462,0.0,406.0,677,2,252,0,0,0,0,0,0
743,2972,594,93,594,4,right+A+B,0.025548668578267097,0.18140341341495514,0.04632437229156494,0.7291143536567688,0.01760914921760559,0.8471396565437317,0.0,406.0,678,2,252,0,0,0,0,0,0
744,2976,594,108,594,3,right+B,0.025924723595380783,0.18435139954090118,0.04806339740753174,0.7233614921569824,0.018298963084816933,0.859767496585846,0.0,406.0,679,2,252,0,0,0,0,0,0
745,2980,594,112,594,1,right,0.026005472987890244,0.1874713897705078,0.04815053567290306,0.7198056578636169,0.018566902726888657,0.8654858469963074,-1.0,405.0,680,2,251,0,0,0,0,0,0
746,2984,594,106,594,3,right+B,0.026362553238868713,0.18811628222465515,0.04959925264120102,0.7171763181686401,0.018745573237538338,0.8720801472663879,0.0,405.0,681,2,251,0,0,0,0,0,0
747,2988,594,89,594,1,right,0.02766895294189453,0.19551141560077667,0.051943063735961914,0.7046400904655457,0.020236466079950333,0.8975889682769775,0.0,405.0,682,2,251,0,0,0,0,0,0
748,2992,594,79,594,1,right,0.02831990458071232,0.19682317972183228,0.0543493926525116,0.7001438736915588,0.020363634452223778,0.9080225229263306,0.0,405.0,683,2,251,0,0,0,0,0,0
749,2996,594,79,594,3,right+B,0.026320412755012512,0.18829765915870667,0.05069573596119881,0.715583086013794,0.019103148952126503,0.8763987421989441,0.0,405.0,684,2,251,0,0,0,0,0,0
750,3000,594,79,594,3,right+B,0.02642284892499447,0.1922764778137207,0.05099369212985039,0.7113273739814758,0.01897963508963585,0.8823344707489014,-1.0,404.0,685,2,250,0,0,0,0,0,0
751,3004,594,79,594,3,right+B,0.026432698592543602,0.19259454309940338,0.05095594748854637,0.7106696963310242,0.019347116351127625,0.884010910987854,0.0,404.0,686,2,250,0,0,0,0,0,0
752,3008,594,79,594,3,right+B,0.02720743604004383,0.19701823592185974,0.05160260945558548,0.7045342922210693,0.019637467339634895,0.8949927091598511,0.0,404.0,687,2,250,0,0,0,0,0,0
753,3012,594,79,594,1,right,0.025967421010136604,0.19183360040187836,0.049961768090724945,0.7133753299713135,0.018861858174204826,0.8770906925201416,0.0,404.0,688,2,250,0,0,0,0,0,0
754,3016,594,79,594,3,right+B,0.024525422602891922,0.1835733950138092,0.04689881578087807,0.7273010611534119,0.017701327800750732,0.8486161231994629,0.0,404.0,689,2,250,0,0,0,0,0,0
755,3020,594,79,594,3,right+B,0.024039583280682564,0.17999035120010376,0.04450703039765358,0.7343754768371582,0.017087584361433983,0.8330520391464233,-1.0,403.0,690,2,249,0,0,0,0,0,0
756,3024,594,79,594,1,right,0.023137297481298447,0.1735638976097107,0.042233940213918686,0.7448427081108093,0.016222121194005013,0.8110144138336182,0.0,403.0,691,2,249,0,0,0,0,0,0
757,3028,594,79,594,3,right+B,0.023572685196995735,0.1770392656326294,0.043100472539663315,0.7399269938468933,0.016360552981495857,0.8205406665802002,0.0,403.0,692,2,249,0,0,0,0,0,0
758,3032,594,79,594,3,right+B,0.023708125576376915,0.17801961302757263,0.04396805539727211,0.7375264167785645,0.016777707263827324,0.8264452219009399,0.0,403.0,693,2,249,0,0,0,0,0,0
759,3036,594,79,594,3,right+B,0.025078095495700836,0.18337386846542358,0.046474337577819824,0.727203905582428,0.01786985620856285,0.8496681451797485,0.0,403.0,694,2,249,0,0,0,0,0,0
760,3040,594,79,594,3,right+B,0.027543332427740097,0.1942535787820816,0.052019618451595306,0.7059569358825684,0.020226482301950455,0.8957282304763794,-1.0,402.0,695,2,248,0,0,0,0,0,0
761,3044,594,79,594,3,right+B,0.02745405025780201,0.19426310062408447,0.05078671872615814,0.7077023386955261,0.019793817773461342,0.8906768560409546,0.0,402.0,696,2,248,0,0,0,0,0,0
762,3048,594,93,594,4,right+A+B,0.026194991543889046,0.18890993297100067,0.048577483743429184,0.7175456881523132,0.018771950155496597,0.8699425458908081,0.0,402.0,697,2,248,0,0,0,0,0,0
763,3052,594,108,594,3,right+B,0.025018075481057167,0.18329358100891113,0.04560176283121109,0.7282175421714783,0.01786903478205204,0.8469434380531311,0.0,402.0,698,2,248,0,0,0,0,0,0
764,3056,594,112,594,3,right+B,0.024220388382673264,0.18106377124786377,0.04402156546711922,0.7334620952606201,0.017232216894626617,0.834354817867279,0.0,402.0,699,2,248,0,0,0,0,0,0
765,3060,594,106,594,3,right+B,0.02490290068089962,0.1820792257785797,0.04679964482784271,0.7282125353813171,0.018005715683102608,0.8486852645874023,-1.0,401.0,700,2,247,0,0,0,0,0,0
766,3064,594,89,594,3,right+B,0.025698665529489517,0.18869434297084808,0.04927458241581917,0.7173010110855103,0.019031420350074768,0.8708227872848511,0.0,401.0,701,2,247,0,0,0,0,0,0
767,3068,594,79,594,1,right,0.02497177943587303,0.1838715523481369,0.0464877113699913,0.726956844329834,0.017712116241455078,0.8494464159011841,0.0,401.0,702,2,247,0,0,0,0,0,0
768,3072,594,79,594,3,right+B,0.02339898608624935,0.1753377467393875,0.042779259383678436,0.7419155836105347,0.016568481922149658,0.8173738718032837,0.0,401.0,703,2,247,0,0,0,0,0,0
769,3076,594,79,594,3,right+B,0.024035314098000526,0.17740781605243683,0.04423210397362709,0.7374487519264221,0.016875941306352615,0.8278123140335083,0.0,401.0,704,2,247,0,0,0,0,0,0
770,3080,594,79,594,3,right+B,0.025085311383008957,0.18473243713378906,0.047764990478754044,0.7242617607116699,0.018155550584197044,0.8561416864395142,-1.0,400.0,705,2,246,0,0,0,0,0,0
771,3084,594,79,594,1,right,0.026864051818847656,0.19530069828033447,0.051363833248615265,0.7071166038513184,0.01935480907559395,0.8900337219238281,0.0,400.0,706,2,246,0,0,0,0,0,0
772,3088,594,79,594,1,right,0.027324028313159943,0.19680708646774292,0.05228044465184212,0.7038354277610779,0.01975296437740326,0.8972827792167664,0.0,400.0,707,2,246,0,0,0,0,0,0
773,3092,594,79,594,3,right+B,0.027479644864797592,0.19603461027145386,0.05347808077931404,0.7029459476470947,0.020061712712049484,0.9010025858879089,0.0,400.0,708,2,246,0,0,0,0,0,0
774,3096,594,79,594,3,right+B,0.028101226314902306,0.1981305480003357,0.054457347840070724,0.6986953020095825,0.020615551620721817,0.9101388454437256,0.0,400.0,709,2,246,0,0,0,0,0,0
775,3100,594,79,594,3,right+B,0.026861602440476418,0.19281800091266632,0.052094556391239166,0.7087664008140564,0.01945950649678707,0.8891010284423828,-1.0,399.0,710,2,245,0,0,0,0,0,0
776,3104,594,79,594,3,right+B,0.026361307129263878,0.19055041670799255,0.05058123916387558,0.7137001752853394,0.01880677603185177,0.8781459331512451,0.0,399.0,711,2,245,0,0,0,0,0,0
777,3108,594,93,594,2,right+A,0.02649737149477005,0.18949578702449799,0.050192974507808685,0.7149349451065063,0.018878890201449394,0.8764306306838989,0.0,399.0,712,2,245,0,0,0,0,0,0
778,3112,594,108,594,3,right+B,0.02662857435643673,0.18934865295886993,0.04966801032423973,0.715478777885437,0.018876029178500175,0.8752594590187073,0.0,399.0,713,2,245,0,0,0,0,0,0
779,3116,594,112,594,3,right+B,0.025590525940060616,0.18627214431762695,0.046935152262449265,0.7231375575065613,0.018064606934785843,0.8573329448699951,0.0,399.0,714,2,245,0,0,0,0,0,0
780,3120,594,106,594,3,right+B,0.024370858445763588,0.17885878682136536,0.044752564281225204,0.7349783182144165,0.01703954115509987,0.833094596862793,-1.0,398.0,715,2,244,0,0,0,0,0,0
781,3124,594,89,594,3,right+B,0.024227824062108994,0.1797845959663391,0.04486766830086708,0.7338361144065857,0.01728382147848606,0.8351515531539917,0.0,398.0,716,2,244,0,0,0,0,0,0
782,3128,594,79,594,3,right+B,0.024565622210502625,0.1769573986530304,0.04591949284076691,0.7353858947753906,0.017171591520309448,0.8348070979118347,0.0,398.0,717,2,244,0,0,0,0,0,0
783,3132,594,79,594,0,NOOP,0.024419162422418594,0.17735320329666138,0.04496428370475769,0.7357614636421204,0.017501898109912872,0.8334505558013916,0.0,398.0,718,2,244,0,0,0,0,0,0
784,3136,594,79,594,3,right+B,0.024273188784718513,0.17728416621685028,0.04429846629500389,0.7368116974830627,0.017332427203655243,0.830353856086731,0.0,398.0,719,2,244,0,0,0,0,0,0
785,3140,594,79,594,3,right+B,0.02463398687541485,0.17948879301548004,0.04461178928613663,0.7334767580032349,0.01778864860534668,0.8372865319252014,-1.0,397.0,720,2,243,0,0,0,0,0,0
786,3144,594,79,594,3,right+B,0.02393955923616886,0.17526809871196747,0.04307818040251732,0.740719735622406,0.016994480043649673,0.821600615978241,0.0,397.0,721,2,243,0,0,0,0,0,0
787,3148,594,93,594,2,right+A,0.023666951805353165,0.17381882667541504,0.043273188173770905,0.7420689463615417,0.01717204414308071,0.8197910785675049,0.0,397.0,722,2,243,0,0,0,0,0,0
788,3152,594,109,594,2,right+A,0.023777350783348083,0.17471273243427277,0.043874919414520264,0.7402414083480835,0.017393583431839943,0.8240028023719788,0.0,397.0,723,2,243,0,0,0,0,0,0
789,3156,594,122,594,2,right+A,0.023493817076086998,0.17498359084129333,0.04258925840258598,0.7419787049293518,0.016954632475972176,0.8181113004684448,0.0,397.0,724,2,243,0,0,0,0,0,0
790,3160,595,132,595,4,right+A+B,0.0232319924980402,0.17278702557086945,0.04351459816098213,0.7435776591300964,0.016888726502656937,0.8164022564888,0.0,397.0,0,2,242,0,0,0,0,0,0
791,3164,598,137,598,3,right+B,0.022171370685100555,0.16767404973506927,0.04130156338214874,0.7528262138366699,0.016026776283979416,0.7954825162887573,3.0,400.0,0,2,242,0,0,0,0,0,0
792,3168,601,133,601,1,right,0.02235943078994751,0.16676440834999084,0.04083899408578873,0.7541405558586121,0.015896528959274292,0.7929276823997498,3.0,403.0,0,2,242,0,0,0,0,0,0
793,3172,606,127,606,3,right+B,0.02154676616191864,0.1653575450181961,0.04034487158060074,0.7569271326065063,0.015823641791939735,0.7861942052841187,5.0,408.0,0,2,242,0,0,0,0,0,0
794,3176,612,127,612,1,right,0.021911270916461945,0.17106860876083374,0.04384535551071167,0.746102511882782,0.017072271555662155,0.8108968734741211,6.0,414.0,0,2,242,0,0,0,0,0,0
795,3180,620,127,620,3,right+B,0.021861927583813667,0.17595359683036804,0.05440080165863037,0.7284241914749146,0.01935947686433792,0.8548668622970581,7.0,421.0,0,2,241,0,0,0,0,0,0
796,3184,630,127,630,3,right+B,0.024315131828188896,0.18354222178459167,0.1056811586022377,0.656964898109436,0.02949664741754532,1.0189704895019531,10.0,431.0,0,2,241,0,0,0,0,0,0
797,3188,641,127,641,3,right+B,0.02626669406890869,0.14995943009853363,0.454892635345459,0.2888684868812561,0.08001276850700378,1.2992340326309204,11.0,442.0,0,2,241,0,0,0,0,0,0
798,3192,653,121,653,3,right+B,0.019312521442770958,0.07645723223686218,0.7185187935829163,0.06918078660964966,0.11653060466051102,0.945594310760498,12.0,454.0,0,2,241,0,0,0,0,0,0
799,3196,665,104,665,4,right+A+B,0.03546619787812233,0.12336544692516327,0.5631446838378906,0.11985853314399719,0.15816517174243927,1.2458992004394531,12.0,466.0,0,2,241,0,0,0,0,0,0
800,3200,677,84,677,3,right+B,0.054782696068286896,0.233029305934906,0.2724047899246216,0.30822497606277466,0.13155817985534668,1.482389211654663,11.0,477.0,0,2,240,0,0,0,0,0,0
801,3204,689,79,689,3,right+B,0.040709782391786575,0.21096035838127136,0.14156028628349304,0.539160430431366,0.06760919839143753,1.2505526542663574,-6.0,471.0,0,2,240,0,1,0,0,0,0
