decision,raw_frames,x,y,max_x,action,action_name,prob_0,prob_1,prob_2,prob_3,prob_4,action_entropy_nats,native_reward,native_reward_sum,no_progress_decisions,life,game_time,flag_get,terminated,truncated,game_score,score_gain,coins,one_ups,custom_one_up_bonus,augmented_score_gain,flag_height_bonus,flag_touch_y,flag_score_tier,flag_top_tier,post_flag_frames,flag_resolution_complete,flag_resolution_status,objective_reward,objective_reward_sum
1,4,40,79,40,3,right+B,0.11526592075824738,0.36135390400886536,0.1551409214735031,0.22919858992099762,0.1390407383441925,1.5179213285446167,0.0,0.0,1,2,400,0,0,0,0,0,0,0,0.0,0.0,0,,,False,0,False,not_reached,0.0,0.0
2,8,43,79,43,3,right+B,0.11522582173347473,0.36126139760017395,0.15531666576862335,0.2290334552526474,0.13916271924972534,1.5180649757385254,3.0,3.0,0,2,400,0,0,0,0,0,0,0,0.0,0.0,0,,,False,0,False,not_reached,0.0,0.0
3,12,46,93,46,2,right+A,0.11530866473913193,0.3615249693393707,0.15539300441741943,0.22877049446105957,0.13900282979011536,1.517951250076294,3.0,6.0,0,2,400,0,0,0,0,0,0,0,0.0,0.0,0,,,False,0,False,not_reached,0.0,0.0
4,16,51,108,51,0,NOOP,0.11549974232912064,0.362896203994751,0.15592171251773834,0.2249283492565155,0.14075395464897156,1.5184847116470337,5.0,11.0,0,2,400,0,0,0,0,0,0,0,0.0,0.0,0,,,False,0,False,not_reached,0.0,0.0
5,20,56,112,56,2,right+A,0.11594795435667038,0.36305415630340576,0.1569381207227707,0.22189003229141235,0.1421697437763214,1.519711971282959,4.0,15.0,0,2,399,0,0,0,0,0,0,0,0.0,0.0,0,,,False,0,False,not_reached,0.0,0.0
6,24,62,106,62,1,right,0.11616262793540955,0.36334389448165894,0.15874378383159637,0.2191718965768814,0.14257778227329254,1.520487666130066,6.0,21.0,0,2,399,0,0,0,0,0,0,0,0.0,0.0,0,,,False,0,False,not_reached,0.0,0.0
7,28,68,89,68,1,right,0.11634483933448792,0.3634084463119507,0.15984174609184265,0.21617279946804047,0.14423216879367828,1.5216021537780762,6.0,27.0,0,2,399,0,0,0,0,0,0,0,0.0,0.0,0,,,False,0,False,not_reached,0.0,0.0
8,32,75,79,75,2,right+A,0.11513154208660126,0.36370524764060974,0.1550828218460083,0.22604887187480927,0.14003147184848785,1.5171977281570435,7.0,34.0,0,2,399,0,0,0,0,0,0,0,0.0,0.0,0,,,False,0,False,not_reached,0.0,0.0
9,36,82,79,82,2,right+A,0.115559883415699,0.36333760619163513,0.15651588141918182,0.22312471270561218,0.14146190881729126,1.518852710723877,7.0,41.0,0,2,399,0,0,0,0,0,0,0,0.0,0.0,0,,,False,0,False,not_reached,0.0,0.0
10,40,89,79,89,1,right,0.11477713286876678,0.36349713802337646,0.1588437557220459,0.2225012183189392,0.14038076996803284,1.5185678005218506,6.0,47.0,0,2,398,0,0,0,0,0,0,0,0.0,0.0,0,,,False,0,False,not_reached,0.0,0.0
11,44,96,79,96,1,right,0.11557427793741226,0.3689129948616028,0.1589510142803192,0.21518373489379883,0.14137794077396393,1.5167642831802368,7.0,54.0,0,2,398,0,0,0,0,0,0,0,0.0,0.0,0,,,False,0,False,not_reached,0.0,0.0
12,48,103,93,103,4,right+A+B,0.11488895118236542,0.3703300356864929,0.17665092647075653,0.19430159032344818,0.14382852613925934,1.519940733909607,7.0,61.0,0,2,398,0,0,0,0,0,0,0,0.0,0.0,0,,,False,0,False,not_reached,0.0,0.0
13,52,110,109,110,4,right+A+B,0.11462797969579697,0.3685036599636078,0.18707376718521118,0.1782967448234558,0.15149785578250885,1.5230956077575684,7.0,68.0,0,2,398,0,0,0,0,0,0,0,0.0,0.0,0,,,False,0,False,not_reached,0.0,0.0
14,56,117,123,117,2,right+A,0.11277633160352707,0.3637692928314209,0.2026616632938385,0.16084516048431396,0.15994754433631897,1.5245494842529297,7.0,75.0,0,2,398,0,0,0,0,0,0,0,0.0,0.0,0,,,False,0,False,not_reached,0.0,0.0
15,60,124,133,124,2,right+A,0.10976805537939072,0.3555891811847687,0.21318590641021729,0.14730402827262878,0.17415273189544678,1.5262027978897095,6.0,81.0,0,2,397,0,0,0,0,0,0,0,0.0,0.0,0,,,False,0,False,not_reached,0.0,0.0
16,64,131,141,131,2,right+A,0.10560686886310577,0.31828245520591736,0.2627435624599457,0.09812824428081512,0.2152388095855713,1.5113704204559326,7.0,88.0,0,2,397,0,0,0,0,0,0,0,0.0,0.0,0,,,False,0,False,not_reached,0.0,0.0
17,68,138,145,138,2,right+A,0.10266826301813126,0.31925079226493835,0.2637123465538025,0.098701111972332,0.21566753089427948,1.5091094970703125,7.0,95.0,0,2,397,0,0,0,0,0,0,0,0.0,0.0,0,,,False,0,False,not_reached,0.0,0.0
18,72,145,146,145,0,NOOP,0.10549432784318924,0.32948869466781616,0.24482645094394684,0.11043578386306763,0.20975473523139954,1.5185147523880005,7.0,102.0,0,2,397,0,0,0,0,0,0,0,0.0,0.0,0,,,False,0,False,not_reached,0.0,0.0
19,76,152,138,152,1,right,0.10856029391288757,0.33372363448143005,0.2213277518749237,0.12922990322113037,0.20715844631195068,1.5316307544708252,7.0,109.0,0,2,397,0,0,0,0,0,0,0,0.0,0.0,0,,,False,0,False,not_reached,0.0,0.0
20,80,159,122,159,1,right,0.11087466776371002,0.3408451974391937,0.20288421213626862,0.13927927613258362,0.2061166614294052,1.5344185829162598,6.0,115.0,0,2,396,0,0,0,0,0,0,0,0.0,0.0,0,,,False,0,False,not_reached,0.0,0.0
21,84,166,102,166,4,right+A+B,0.11573951691389084,0.3448702096939087,0.16791310906410217,0.15733565390110016,0.21414147317409515,1.5373252630233765,7.0,122.0,0,2,396,0,0,0,0,0,0,0,0.0,0.0,0,,,False,0,False,not_reached,0.0,0.0
22,88,173,82,173,1,right,0.11731178313493729,0.35131925344467163,0.13577504456043243,0.17798562347888947,0.2176082879304886,1.5290782451629639,7.0,129.0,0,2,396,0,0,0,0,0,0,0,0.0,0.0,0,,,False,0,False,not_reached,0.0,0.0
23,92,181,79,181,3,right+B,0.11780928075313568,0.35503026843070984,0.10892036557197571,0.2269292026758194,0.191310852766037,1.5140644311904907,8.0,137.0,0,2,396,0,0,0,0,0,0,0,0.0,0.0,0,,,False,0,False,not_reached,0.0,0.0
24,96,190,79,190,1,right,0.11920351535081863,0.3469359278678894,0.10413213074207306,0.24728113412857056,0.18244728446006775,1.5122700929641724,9.0,146.0,0,2,396,0,0,0,0,0,0,0,0.0,0.0,0,,,False,0,False,not_reached,0.0,0.0
25,100,202,97,202,2,right+A,0.11741511523723602,0.33499228954315186,0.10149288177490234,0.288402795791626,0.1576969474554062,1.4999415874481201,11.0,157.0,0,2,395,0,0,0,0,0,0,0,0.0,0.0,0,,,False,0,False,not_reached,0.0,0.0
26,104,214,115,214,1,right,0.11642580479383469,0.33832839131355286,0.16295784711837769,0.19895030558109283,0.18333768844604492,1.5449457168579102,12.0,169.0,0,2,395,0,0,0,0,0,0,0,0.0,0.0,0,,,False,0,False,not_reached,0.0,0.0
27,108,226,121,226,1,right,0.11201157420873642,0.33593788743019104,0.21738459169864655,0.1653052568435669,0.1693606674671173,1.5416899919509888,12.0,181.0,0,2,395,0,0,0,0,0,0,0,0.0,0.0,0,,,False,0,False,not_reached,0.0,0.0
28,112,238,114,238,1,right,0.0948459804058075,0.300674170255661,0.3132734000682831,0.097381092607975,0.19382543861865997,1.4931890964508057,12.0,193.0,0,2,395,0,0,0,0,0,0,0,0.0,0.0,0,,,False,0,False,not_reached,0.0,0.0
29,116,250,94,250,0,NOOP,0.08938904106616974,0.27064692974090576,0.3459632694721222,0.07193147391080856,0.22206930816173553,1.4602744579315186,12.0,205.0,0,2,395,0,0,0,0,0,0,0,0.0,0.0,0,,,False,0,False,not_reached,0.0,0.0
30,120,262,79,262,4,right+A+B,0.09550042450428009,0.26213011145591736,0.2852446734905243,0.067108653485775,0.2900161147117615,1.4733550548553467,11.0,216.0,0,2,394,0,0,0,0,0,0,0,0.0,0.0,0,,,False,0,False,not_reached,0.0,0.0
31,124,274,79,274,2,right+A,0.10656102001667023,0.2979171574115753,0.20273709297180176,0.09911125898361206,0.29367345571517944,1.511821985244751,12.0,228.0,0,2,394,0,0,0,0,0,0,0,0.0,0.0,0,,,False,0,False,not_reached,0.0,0.0
32,128,286,79,286,4,right+A+B,0.11883968859910965,0.3399469256401062,0.12616650760173798,0.18664976954460144,0.22839710116386414,1.5316638946533203,12.0,240.0,0,2,394,0,0,0,0,0,0,0,0.0,0.0,0,,,False,0,False,not_reached,0.0,0.0
33,132,298,79,298,1,right,0.12317892163991928,0.3157846927642822,0.13711489737033844,0.1542809158563614,0.26964059472084045,1.536149501800537,12.0,252.0,0,2,394,0,0,0,0,0,0,0,0.0,0.0,0,,,False,0,False,not_reached,0.0,0.0
34,136,310,97,310,4,right+A+B,0.12442324310541153,0.25993338227272034,0.165279358625412,0.10972849279642105,0.34063541889190674,1.5163614749908447,12.0,264.0,0,2,394,0,0,0,0,0,0,0,0.0,0.0,0,,,False,0,False,not_reached,0.0,0.0
35,140,322,115,322,1,right,0.12484833598136902,0.29081547260284424,0.15081776678562164,0.21369019150733948,0.21982821822166443,1.5670346021652222,11.0,275.0,0,2,393,0,0,0,0,0,0,0,0.0,0.0,0,,,False,0,False,not_reached,0.0,0.0
36,144,334,109,334,3,right+B,0.12288355827331543,0.29705747961997986,0.16044816374778748,0.2717374563217163,0.14787335693836212,1.5484871864318848,12.0,287.0,0,2,393,0,0,0,0,0,0,0,0.0,0.0,0,,,False,0,False,not_reached,0.0,0.0
37,148,346,90,346,1,right,0.11308613419532776,0.2885516285896301,0.16190147399902344,0.33381134271621704,0.10264948755502701,1.4998292922973633,12.0,299.0,0,2,393,0,0,0,0,0,0,0,0.0,0.0,0,,,False,0,False,not_reached,0.0,0.0
38,152,356,79,356,2,right+A,0.11264187842607498,0.29983243346214294,0.21827775239944458,0.24816444516181946,0.12108349055051804,1.5408300161361694,10.0,309.0,0,2,393,0,0,0,0,0,0,0,0.0,0.0,0,,,False,0,False,not_reached,0.0,0.0
39,156,363,79,363,1,right,0.10875221341848373,0.28612232208251953,0.30791911482810974,0.16527560353279114,0.13193070888519287,1.526767373085022,7.0,316.0,0,2,393,0,0,0,0,0,0,0,0.0,0.0,0,,,False,0,False,not_reached,0.0,0.0
40,160,370,79,370,0,NOOP,0.10492575168609619,0.2961496412754059,0.26723021268844604,0.212016761302948,0.11967765539884567,1.53251314163208,6.0,322.0,0,2,392,0,0,0,0,0,0,0,0.0,0.0,0,,,False,0,False,not_reached,0.0,0.0
41,164,376,79,376,0,NOOP,0.09260887652635574,0.2754684090614319,0.3637949824333191,0.11759617179632187,0.15053154528141022,1.4801223278045654,6.0,328.0,0,2,392,0,0,0,0,0,0,0,0.0,0.0,0,,,False,0,False,not_reached,0.0,0.0
42,168,380,79,380,0,NOOP,0.07933447510004044,0.2516956031322479,0.4304106831550598,0.08283384144306183,0.1557254195213318,1.4070346355438232,4.0,332.0,0,2,392,0,0,0,0,0,0,0,0.0,0.0,0,,,False,0,False,not_reached,0.0,0.0
43,172,385,93,385,2,right+A,0.06499290466308594,0.20161736011505127,0.5055195689201355,0.04833611100912094,0.17953409254550934,1.3001410961151123,5.0,337.0,0,2,392,0,0,0,0,0,0,0,0.0,0.0,0,,,False,0,False,not_reached,0.0,0.0
44,176,390,109,390,4,right+A+B,0.047242406755685806,0.145588681101799,0.5718169212341309,0.02102288231253624,0.2143290936946869,1.155672311782837,5.0,342.0,0,2,392,0,0,0,0,0,0,0,0.0,0.0,0,,,False,0,False,not_reached,0.0,0.0
45,180,396,122,396,4,right+A+B,0.030510418117046356,0.09022345393896103,0.6380900740623474,0.006720569916069508,0.23445546627044678,0.9838749766349792,5.0,347.0,0,2,391,0,0,0,0,0,0,0,0.0,0.0,0,,,False,0,False,not_reached,0.0,0.0
46,184,403,132,403,2,right+A,0.02309398725628853,0.06491348147392273,0.6582037210464478,0.003323411336168647,0.2504653334617615,0.9055477380752563,7.0,354.0,0,2,391,0,0,0,0,0,0,0,0.0,0.0,0,,,False,0,False,not_reached,0.0,0.0
47,188,410,139,410,2,right+A,0.035657547414302826,0.10279405862092972,0.5633190274238586,0.007116215769201517,0.29111307859420776,1.0704667568206787,7.0,361.0,0,2,391,0,0,0,0,0,0,0,0.0,0.0,0,,,False,0,False,not_reached,0.0,0.0
48,192,417,142,417,2,right+A,0.06200900673866272,0.17596250772476196,0.4301566183567047,0.022953173145651817,0.30891868472099304,1.2905410528182983,7.0,368.0,0,2,391,0,0,0,0,0,0,0,0.0,0.0,0,,,False,0,False,not_reached,0.0,0.0
49,196,424,142,424,1,right,0.0996771901845932,0.3044927418231964,0.2651606798171997,0.09466586261987686,0.2360035926103592,1.5078246593475342,7.0,375.0,0,2,391,0,0,0,0,0,0,0,0.0,0.0,0,,,False,0,False,not_reached,0.0,0.0
50,200,431,131,431,1,right,0.10954949259757996,0.34784531593322754,0.2006639689207077,0.18277160823345184,0.15916961431503296,1.5350134372711182,6.0,381.0,0,2,390,0,0,0,0,0,0,0,0.0,0.0,0,,,False,0,False,not_reached,0.0,0.0
51,204,438,112,438,3,right+B,0.1048678606748581,0.36812514066696167,0.18714408576488495,0.21319463849067688,0.1266682893037796,1.5092154741287231,7.0,388.0,0,2,390,0,0,0,0,0,0,0,0.0,0.0,0,,,False,0,False,not_reached,0.0,0.0
52,208,445,125,445,4,right+A+B,0.0982624813914299,0.38245657086372375,0.14833590388298035,0.2729267179965973,0.09801840037107468,1.4607075452804565,7.0,395.0,0,2,390,0,0,0,0,0,0,0,0.0,0.0,0,,,False,0,False,not_reached,0.0,0.0
53,212,452,141,452,4,right+A+B,0.09010165184736252,0.40742141008377075,0.18063831329345703,0.23725220561027527,0.08458640426397324,1.4420490264892578,7.0,402.0,0,2,390,0,0,0,0,0,0,0,0.0,0.0,0,,,False,0,False,not_reached,0.0,0.0
54,216,459,153,459,3,right+B,0.08805268257856369,0.4208686053752899,0.14758695662021637,0.25982221961021423,0.08366958796977997,1.4183217287063599,7.0,409.0,0,2,390,0,0,0,0,0,0,0,0.0,0.0,0,,,False,0,False,not_reached,0.0,0.0
55,220,466,157,466,1,right,0.08468860387802124,0.4156787395477295,0.14667557179927826,0.27484750747680664,0.07810954749584198,1.4096537828445435,6.0,415.0,0,2,389,0,0,0,0,0,0,0,0.0,0.0,0,,,False,0,False,not_reached,0.0,0.0
56,224,473,151,473,1,right,0.08526283502578735,0.4084662199020386,0.12578460574150085,0.28716036677360535,0.09332596510648727,1.4160431623458862,7.0,422.0,0,2,389,0,0,0,0,0,0,0,0.0,0.0,0,,,False,0,False,not_reached,0.0,0.0
57,228,480,137,480,0,NOOP,0.08006593585014343,0.3940872848033905,0.0968555137515068,0.33330920338630676,0.0956820398569107,1.3859797716140747,7.0,429.0,0,2,389,0,0,0,0,0,0,0,0.0,0.0,0,,,False,0,False,not_reached,0.0,0.0
58,232,487,117,487,1,right,0.07660634815692902,0.37744224071502686,0.08219727128744125,0.37017276883125305,0.09358134865760803,1.359504222869873,7.0,436.0,0,2,389,0,0,0,0,0,0,0,0.0,0.0,0,,,False,0,False,not_reached,0.0,0.0
59,236,494,97,494,1,right,0.08292938768863678,0.3731285631656647,0.09916816651821136,0.3281538486480713,0.11662007123231888,1.4197386503219604,7.0,443.0,0,2,389,0,0,0,0,0,0,0,0.0,0.0,0,,,False,0,False,not_reached,0.0,0.0
60,240,501,79,501,3,right+B,0.08189448714256287,0.3630906343460083,0.09471377730369568,0.33581987023353577,0.1244811862707138,1.421814203262329,6.0,449.0,0,2,388,0,0,0,0,0,0,0,0.0,0.0,0,,,False,0,False,not_reached,0.0,0.0
61,244,510,79,510,1,right,0.09207256138324738,0.3657265901565552,0.12812496721744537,0.23667290806770325,0.1774030178785324,1.498599648475647,9.0,458.0,0,2,388,0,0,0,0,0,0,0,0.0,0.0,0,,,False,0,False,not_reached,0.0,0.0
62,248,519,79,519,1,right,0.09255696833133698,0.3544771075248718,0.14869025349617004,0.1868308037519455,0.21744485199451447,1.5164967775344849,9.0,467.0,0,2,388,0,0,0,0,0,0,0,0.0,0.0,0,,,False,0,False,not_reached,0.0,0.0
63,252,531,97,531,4,right+A+B,0.0736614391207695,0.24385160207748413,0.24887631833553314,0.05407101288437843,0.37953972816467285,1.4078351259231567,12.0,479.0,0,2,388,0,0,0,0,0,0,0,0.0,0.0,0,,,False,0,False,not_reached,0.0,0.0
64,256,543,117,543,4,right+A+B,0.07004973292350769,0.2250666469335556,0.22258177399635315,0.050866179168224335,0.43143564462661743,1.3704948425292969,12.0,491.0,0,2,388,0,0,0,0,0,0,0,0.0,0.0,0,,,False,0,False,not_reached,0.0,0.0
65,260,555,133,555,4,right+A+B,0.07982881367206573,0.278300404548645,0.21380513906478882,0.07538481801748276,0.3526807725429535,1.4500353336334229,11.0,502.0,0,2,387,0,0,0,0,0,0,0,0.0,0.0,0,,,False,0,False,not_reached,0.0,0.0
66,264,567,145,567,3,right+B,0.09440986812114716,0.3574368357658386,0.13036996126174927,0.21231915056705475,0.2054641991853714,1.510327696800232,12.0,514.0,0,2,387,0,0,0,0,0,0,0,0.0,0.0,0,,,False,0,False,not_reached,0.0,0.0
67,268,579,144,579,1,right,0.10317487269639969,0.33691614866256714,0.11692735552787781,0.21226026117801666,0.23072130978107452,1.51918625831604,12.0,526.0,0,2,387,0,0,0,0,0,0,0,0.0,0.0,0,,,False,0,False,not_reached,0.0,0.0
68,272,591,129,591,4,right+A+B,0.11559043079614639,0.30867308378219604,0.14627966284751892,0.1627465933561325,0.2667102813720703,1.541388988494873,12.0,538.0,0,2,387,0,0,0,0,0,0,0,0.0,0.0,0,,,False,0,False,not_reached,0.0,0.0
69,276,594,109,596,3,right+B,0.11916857957839966,0.3081800043582916,0.15911953151226044,0.19410444796085358,0.2194274365901947,1.5597443580627441,5.0,543.0,0,2,387,0,0,0,0,0,0,0,0.0,0.0,0,,,False,0,False,not_reached,0.0,0.0
70,280,594,89,596,0,NOOP,0.11213476955890656,0.3089667856693268,0.22713541984558105,0.16661059856414795,0.1851523518562317,1.555762767791748,-1.0,542.0,1,2,386,0,0,0,0,0,0,0,0.0,0.0,0,,,False,0,False,not_reached,0.0,0.0
71,284,594,79,596,4,right+A+B,0.09283461421728134,0.2741427719593048,0.3826424777507782,0.09600917994976044,0.154370978474617,1.4564244747161865,0.0,542.0,2,2,386,0,0,0,0,0,0,0,0.0,0.0,0,,,False,0,False,not_reached,0.0,0.0
72,288,594,79,596,2,right+A,0.07411234080791473,0.23561978340148926,0.49427640438079834,0.06687785685062408,0.12911361455917358,1.3269479274749756,0.0,542.0,3,2,386,0,0,0,0,0,0,0,0.0,0.0,0,,,False,0,False,not_reached,0.0,0.0
73,292,594,79,596,2,right+A,0.069948710501194,0.22121737897396088,0.5212085843086243,0.05460004508495331,0.13302534818649292,1.2865185737609863,0.0,542.0,4,2,386,0,0,0,0,0,0,0,0.0,0.0,0,,,False,0,False,not_reached,0.0,0.0
74,296,594,79,596,2,right+A,0.07214100658893585,0.2270628958940506,0.5095745921134949,0.058388423174619675,0.13283304870128632,1.3038451671600342,0.0,542.0,5,2,386,0,0,0,0,0,0,0,0.0,0.0,0,,,False,0,False,not_reached,0.0,0.0
75,300,594,79,596,4,right+A+B,0.07053748518228531,0.22393380105495453,0.5173604488372803,0.05495224893093109,0.133215993642807,1.2910492420196533,-1.0,541.0,6,2,385,0,0,0,0,0,0,0,0.0,0.0,0,,,False,0,False,not_reached,0.0,0.0
76,304,594,79,596,2,right+A,0.07142405211925507,0.22531940042972565,0.5112616419792175,0.05600641295313835,0.13598841428756714,1.3000165224075317,0.0,541.0,7,2,385,0,0,0,0,0,0,0,0.0,0.0,0,,,False,0,False,not_reached,0.0,0.0
77,308,594,79,596,3,right+B,0.07300975918769836,0.22895625233650208,0.5012472867965698,0.05799634009599686,0.13879038393497467,1.3140199184417725,0.0,541.0,8,2,385,0,0,0,0,0,0,0,0.0,0.0,0,,,False,0,False,not_reached,0.0,0.0
78,312,594,93,596,2,right+A,0.07338723540306091,0.22996701300144196,0.4985334575176239,0.058329157531261444,0.1397830992937088,1.317516565322876,0.0,541.0,9,2,385,0,0,0,0,0,0,0,0.0,0.0,0,,,False,0,False,not_reached,0.0,0.0
79,316,594,109,596,2,right+A,0.07302902638912201,0.22689062356948853,0.5014661550521851,0.056747157126665115,0.14186705648899078,1.3136382102966309,0.0,541.0,10,2,385,0,0,0,0,0,0,0,0.0,0.0,0,,,False,0,False,not_reached,0.0,0.0
80,320,594,121,596,3,right+B,0.07273901998996735,0.2263857126235962,0.503483235836029,0.05632585287094116,0.14106611907482147,1.3107408285140991,-1.0,540.0,11,2,384,0,0,0,0,0,0,0,0.0,0.0,0,,,False,0,False,not_reached,0.0,0.0
81,324,596,127,596,2,right+A,0.0723373144865036,0.2273450493812561,0.5047357678413391,0.056945595890283585,0.1386362463235855,1.3089672327041626,0.0,540.0,12,2,384,0,0,0,0,0,0,0,0.0,0.0,0,,,False,0,False,not_reached,0.0,0.0
82,328,599,127,599,2,right+A,0.07156552374362946,0.2253836840391159,0.5088557004928589,0.0551685094833374,0.13902655243873596,1.3024723529815674,3.0,543.0,0,2,384,0,0,0,0,0,0,0,0.0,0.0,0,,,False,0,False,not_reached,0.0,0.0
83,332,603,127,603,2,right+A,0.07129481434822083,0.22398173809051514,0.5111497044563293,0.05548592284321785,0.13808780908584595,1.300272822380066,4.0,547.0,0,2,384,0,0,0,0,0,0,0,0.0,0.0,0,,,False,0,False,not_reached,0.0,0.0
84,336,608,127,608,3,right+B,0.06849533319473267,0.21802814304828644,0.5245575308799744,0.052317116409540176,0.13660182058811188,1.2804546356201172,5.0,552.0,0,2,384,0,0,0,0,0,0,0,0.0,0.0,0,,,False,0,False,not_reached,0.0,0.0
85,340,615,141,615,2,right+A,0.06325911730527878,0.203960120677948,0.5474711656570435,0.048061586916446686,0.13724806904792786,1.2471613883972168,6.0,558.0,0,2,383,0,0,0,0,0,0,0,0.0,0.0,0,,,False,0,False,not_reached,0.0,0.0
86,344,622,157,622,2,right+A,0.048277098685503006,0.14748232066631317,0.6325518488883972,0.02360224910080433,0.14808647334575653,1.0895735025405884,7.0,565.0,0,2,383,0,0,0,0,0,0,0,0.0,0.0,0,,,False,0,False,not_reached,0.0,0.0
87,348,629,171,629,2,right+A,0.038589175790548325,0.11937739700078964,0.6719540953636169,0.017549509182572365,0.1525297909975052,1.004241704940796,7.0,572.0,0,2,383,0,0,0,0,0,0,0,0.0,0.0,0,,,False,0,False,not_reached,0.0,0.0
88,352,636,181,636,2,right+A,0.030844196677207947,0.08404137194156647,0.6889568567276001,0.009606942534446716,0.18655064702033997,0.9299691915512085,7.0,579.0,0,2,383,0,0,0,0,0,0,0,0.0,0.0,0,,,False,0,False,not_reached,0.0,0.0
89,356,643,189,643,2,right+A,0.04054250568151474,0.0998004600405693,0.5861281156539917,0.012494850903749466,0.2610340714454651,1.0784269571304321,7.0,586.0,0,2,383,0,0,0,0,0,0,0,0.0,0.0,0,,,False,0,False,not_reached,0.0,0.0
90,360,650,192,650,1,right,0.07185632735490799,0.18960626423358917,0.4413061738014221,0.04725941643118858,0.2499718815088272,1.3562812805175781,6.0,592.0,0,2,382,0,0,0,0,0,0,0,0.0,0.0,0,,,False,0,False,not_reached,0.0,0.0
91,364,657,187,657,1,right,0.0970950573682785,0.28635770082473755,0.29347094893455505,0.11657053232192993,0.20650580525398254,1.520602822303772,7.0,599.0,0,2,382,0,0,0,0,0,0,0,0.0,0.0,0,,,False,0,False,not_reached,0.0,0.0
92,368,664,173,664,2,right+A,0.10152540355920792,0.32126960158348083,0.1924411803483963,0.2079322338104248,0.17683160305023193,1.5471012592315674,7.0,606.0,0,2,382,0,0,0,0,0,0,0,0.0,0.0,0,,,False,0,False,not_reached,0.0,0.0
93,372,671,152,671,3,right+B,0.09765942394733429,0.3137092590332031,0.18085160851478577,0.23902221024036407,0.1687575727701187,1.5424894094467163,7.0,613.0,0,2,382,0,0,0,0,0,0,0,0.0,0.0,0,,,False,0,False,not_reached,0.0,0.0
94,376,678,132,678,0,NOOP,0.10359400510787964,0.3011123538017273,0.21978643536567688,0.19050483405590057,0.1850024163722992,1.5573335886001587,7.0,620.0,0,2,382,0,0,0,0,0,0,0,0.0,0.0,0,,,False,0,False,not_reached,0.0,0.0
95,380,685,112,685,2,right+A,0.09636938571929932,0.2632865905761719,0.3144734799861908,0.10229494422674179,0.2235756367444992,1.5087615251541138,6.0,626.0,0,2,381,0,0,0,0,0,0,0,0.0,0.0,0,,,False,0,False,not_reached,0.0,0.0
96,384,692,92,692,2,right+A,0.09548106789588928,0.2596406042575836,0.3277560770511627,0.10218829661607742,0.21493397653102875,1.5035197734832764,7.0,633.0,0,2,381,0,0,0,0,0,0,0,0.0,0.0,0,,,False,0,False,not_reached,0.0,0.0
97,388,699,89,699,1,right,0.08413269370794296,0.22420434653759003,0.39815959334373474,0.06403814256191254,0.22946517169475555,1.4239226579666138,7.0,640.0,0,2,381,0,0,0,0,0,0,0,0.0,0.0,0,,,False,0,False,not_reached,0.0,0.0
98,392,706,97,706,2,right+A,0.10311944782733917,0.29713520407676697,0.27654775977134705,0.1312260627746582,0.191971555352211,1.5336639881134033,8.0,648.0,0,2,381,0,0,0,100,100,0,0,0.0,100.0,0,,,False,0,False,not_reached,0.1,0.1
99,396,713,96,713,1,right,0.10690727084875107,0.3057418763637543,0.23150217533111572,0.16886232793331146,0.18698635697364807,1.553931474685669,7.0,655.0,0,2,381,0,0,0,100,100,0,0,0.0,100.0,0,,,False,0,False,not_reached,0.0,0.1
100,400,720,87,720,3,right+B,0.10761062055826187,0.31047847867012024,0.19488267600536346,0.21799476444721222,0.16903354227542877,1.5542924404144287,6.0,661.0,0,2,380,0,0,0,100,100,0,0,0.0,100.0,0,,,False,0,False,not_reached,0.0,0.1
101,404,722,79,722,1,right,0.1072622686624527,0.30851006507873535,0.16831202805042267,0.26185399293899536,0.15406166017055511,1.5412232875823975,2.0,663.0,0,2,380,0,0,0,100,100,0,0,0.0,100.0,0,,,False,0,False,not_reached,0.0,0.1
102,408,722,93,722,2,right+A,0.11211009323596954,0.3058865964412689,0.15790696442127228,0.2849142551422119,0.13918209075927734,1.5313116312026978,0.0,663.0,1,2,380,0,0,0,100,100,0,0,0.0,100.0,0,,,False,0,False,not_reached,0.0,0.1
103,412,722,108,722,1,right,0.1130901426076889,0.3148964047431946,0.19403089582920074,0.20858532190322876,0.16939722001552582,1.5562183856964111,0.0,663.0,2,2,380,0,0,0,100,100,0,0,0.0,100.0,0,,,False,0,False,not_reached,0.0,0.1
104,416,722,112,722,1,right,0.11227439343929291,0.31299135088920593,0.20156480371952057,0.19953829050064087,0.1736312359571457,1.5575252771377563,0.0,663.0,3,2,380,0,0,0,100,100,0,0,0.0,100.0,0,,,False,0,False,not_reached,0.0,0.1
105,420,722,106,722,3,right+B,0.10971768200397491,0.30240219831466675,0.2516361176967621,0.14539068937301636,0.1908533126115799,1.5477938652038574,-1.0,662.0,4,2,379,0,0,0,100,100,0,0,0.0,100.0,0,,,False,0,False,not_reached,0.0,0.1
106,424,722,89,722,3,right+B,0.10991636663675308,0.30707141757011414,0.24445612728595734,0.15471850335597992,0.18383754789829254,1.5497146844863892,0.0,662.0,5,2,379,0,0,0,100,100,0,0,0.0,100.0,0,,,False,0,False,not_reached,0.0,0.1
107,428,722,79,722,1,right,0.10913924127817154,0.3083221912384033,0.2451048493385315,0.15688788890838623,0.1805458962917328,1.548811674118042,0.0,662.0,6,2,379,0,0,0,100,100,0,0,0.0,100.0,0,,,False,0,False,not_reached,0.0,0.1
108,432,722,93,722,2,right+A,0.10921090096235275,0.3065745532512665,0.24717944860458374,0.15726721286773682,0.17976796627044678,1.549186110496521,0.0,662.0,7,2,379,0,0,0,100,100,0,0,0.0,100.0,0,,,False,0,False,not_reached,0.0,0.1
109,436,722,109,722,4,right+A+B,0.10966243594884872,0.3089078664779663,0.2368486225605011,0.16670911014080048,0.17787201702594757,1.552201271057129,0.0,662.0,8,2,379,0,0,0,100,100,0,0,0.0,100.0,0,,,False,0,False,not_reached,0.0,0.1
110,440,722,121,722,3,right+B,0.11130023002624512,0.30768918991088867,0.23086801171302795,0.17266535758972168,0.1774771809577942,1.5555684566497803,-1.0,661.0,9,2,378,0,0,0,100,100,0,0,0.0,100.0,0,,,False,0,False,not_reached,0.0,0.1
111,444,722,122,722,4,right+A+B,0.11067039519548416,0.31243643164634705,0.22369208931922913,0.177142933011055,0.17605812847614288,1.554458498954773,0.0,661.0,10,2,378,0,0,0,100,100,0,0,0.0,100.0,0,,,False,0,False,not_reached,0.0,0.1
112,448,722,113,722,0,NOOP,0.11083247512578964,0.3142484724521637,0.22484911978244781,0.1767047941684723,0.17336516082286835,1.5531907081604004,0.0,661.0,11,2,378,0,0,0,100,100,0,0,0.0,100.0,0,,,False,0,False,not_reached,0.0,0.1
113,452,722,94,722,2,right+A,0.11065064370632172,0.3126286268234253,0.22410772740840912,0.18087191879749298,0.1717410385608673,1.554123878479004,0.0,661.0,12,2,378,0,0,0,100,100,0,0,0.0,100.0,0,,,False,0,False,not_reached,0.0,0.1
114,456,722,79,722,1,right,0.11086037009954453,0.31042513251304626,0.22061511874198914,0.18738779425621033,0.17071156203746796,1.5559736490249634,0.0,661.0,13,2,378,0,0,0,100,100,0,0,0.0,100.0,0,,,False,0,False,not_reached,0.0,0.1
115,460,722,79,722,3,right+B,0.1106501966714859,0.311767041683197,0.22050464153289795,0.18618717789649963,0.1708909273147583,1.5552135705947876,-1.0,660.0,14,2,377,0,0,0,100,100,0,0,0.0,100.0,0,,,False,0,False,not_reached,0.0,0.1
116,464,722,93,722,2,right+A,0.11176738888025284,0.3122524619102478,0.22726847231388092,0.1728139966726303,0.17589765787124634,1.5541563034057617,0.0,660.0,15,2,377,0,0,0,100,100,0,0,0.0,100.0,0,,,False,0,False,not_reached,0.0,0.1
117,468,722,108,722,3,right+B,0.11126650124788284,0.31306642293930054,0.22560548782348633,0.17544274032115936,0.17461884021759033,1.5539017915725708,0.0,660.0,16,2,377,0,0,0,100,100,0,0,0.0,100.0,0,,,False,0,False,not_reached,0.0,0.1
118,472,722,112,722,1,right,0.11086495965719223,0.3110998272895813,0.22964394092559814,0.17622917890548706,0.1721620261669159,1.5537686347961426,0.0,660.0,17,2,377,0,0,0,100,100,0,0,0.0,100.0,0,,,False,0,False,not_reached,0.0,0.1
119,476,722,106,722,2,right+A,0.11092670261859894,0.31013771891593933,0.23165157437324524,0.1754242330789566,0.17185980081558228,1.55379319190979,0.0,660.0,18,2,377,0,0,0,100,100,0,0,0.0,100.0,0,,,False,0,False,not_reached,0.0,0.1
120,480,722,89,722,2,right+A,0.11078716814517975,0.31135061383247375,0.22099481523036957,0.18872424960136414,0.168143168091774,1.5551409721374512,-1.0,659.0,19,2,376,0,0,0,100,100,0,0,0.0,100.0,0,,,False,0,False,not_reached,0.0,0.1
121,484,722,79,722,3,right+B,0.11004766076803207,0.3115823268890381,0.23451629281044006,0.17096875607967377,0.172885000705719,1.551707148551941,0.0,659.0,20,2,376,0,0,0,100,100,0,0,0.0,100.0,0,,,False,0,False,not_reached,0.0,0.1
122,488,722,93,722,4,right+A+B,0.11074256151914597,0.3118060529232025,0.23480868339538574,0.1686324030160904,0.17401035130023956,1.5517518520355225,0.0,659.0,21,2,376,0,0,0,100,100,0,0,0.0,100.0,0,,,False,0,False,not_reached,0.0,0.1
123,492,722,108,722,0,NOOP,0.11042062193155289,0.311694860458374,0.23077912628650665,0.17236845195293427,0.17473697662353516,1.5529181957244873,0.0,659.0,22,2,376,0,0,0,100,100,0,0,0.0,100.0,0,,,False,0,False,not_reached,0.0,0.1
124,496,722,112,722,2,right+A,0.11186741292476654,0.3132328689098358,0.2165207713842392,0.18571971356868744,0.17265917360782623,1.555860996246338,0.0,659.0,23,2,376,0,0,0,100,100,0,0,0.0,100.0,0,,,False,0,False,not_reached,0.0,0.1
125,500,722,106,722,1,right,0.1115877777338028,0.3132634460926056,0.2160402238368988,0.18848586082458496,0.17062267661094666,1.5555951595306396,-1.0,658.0,24,2,375,0,0,0,100,100,0,0,0.0,100.0,0,,,False,0,False,not_reached,0.0,0.1
126,504,722,89,722,3,right+B,0.11095651239156723,0.31084325909614563,0.22178304195404053,0.18408413231372833,0.17233306169509888,1.5557332038879395,0.0,658.0,25,2,375,0,0,0,100,100,0,0,0.0,100.0,0,,,False,0,False,not_reached,0.0,0.1
127,508,722,79,722,2,right+A,0.11049393564462662,0.31140124797821045,0.22992731630802155,0.17603982985019684,0.1721375733613968,1.5533486604690552,0.0,658.0,26,2,375,0,0,0,100,100,0,0,0.0,100.0,0,,,False,0,False,not_reached,0.0,0.1
128,512,722,79,722,1,right,0.11105978488922119,0.30811336636543274,0.23698347806930542,0.16541089117527008,0.17843252420425415,1.5531771183013916,0.0,658.0,27,2,375,0,0,0,100,100,0,0,0.0,100.0,0,,,False,0,False,not_reached,0.0,0.1
129,516,722,93,722,2,right+A,0.11058246344327927,0.30828171968460083,0.23628860712051392,0.16588084399700165,0.17896635830402374,1.5530879497528076,0.0,658.0,28,2,375,0,0,0,100,100,0,0,0.0,100.0,0,,,False,0,False,not_reached,0.0,0.1
130,520,722,109,722,4,right+A+B,0.11035872995853424,0.30680051445961,0.24007287621498108,0.15907295048236847,0.18369489908218384,1.551979899406433,-1.0,657.0,29,2,374,0,0,0,100,100,0,0,0.0,100.0,0,,,False,0,False,not_reached,0.0,0.1
131,524,722,122,722,2,right+A,0.10986978560686111,0.30686989426612854,0.2414896935224533,0.16220946609973907,0.17956113815307617,1.5516844987869263,0.0,657.0,30,2,374,0,0,0,100,100,0,0,0.0,100.0,0,,,False,0,False,not_reached,0.0,0.1
132,528,722,130,722,0,NOOP,0.10915303975343704,0.30936017632484436,0.24259133636951447,0.16008464992046356,0.17881084978580475,1.5494251251220703,0.0,657.0,31,2,374,0,0,0,100,100,0,0,0.0,100.0,0,,,False,0,False,not_reached,0.0,0.1
133,532,722,129,722,4,right+A+B,0.109505794942379,0.3107430934906006,0.23720429837703705,0.162706658244133,0.17984014749526978,1.5506861209869385,0.0,657.0,32,2,374,0,0,0,100,100,0,0,0.0,100.0,0,,,False,0,False,not_reached,0.0,0.1
134,536,722,117,722,1,right,0.11078799515962601,0.3124725818634033,0.22685128450393677,0.17493847012519836,0.17494961619377136,1.5537099838256836,0.0,657.0,33,2,374,0,0,0,100,100,0,0,0.0,100.0,0,,,False,0,False,not_reached,0.0,0.1
135,540,722,97,722,3,right+B,0.11108648031949997,0.3126126527786255,0.2265745848417282,0.17378105223178864,0.1759452372789383,1.5538296699523926,-1.0,656.0,34,2,373,0,0,0,100,100,0,0,0.0,100.0,0,,,False,0,False,not_reached,0.0,0.1
136,544,722,79,722,0,NOOP,0.1107681468129158,0.3132907450199127,0.22796756029129028,0.17111220955848694,0.17686133086681366,1.552879810333252,0.0,656.0,35,2,373,0,0,0,100,100,0,0,0.0,100.0,0,,,False,0,False,not_reached,0.0,0.1
137,548,722,93,722,4,right+A+B,0.11006396263837814,0.311537504196167,0.23174206912517548,0.16829925775527954,0.17835722863674164,1.5524338483810425,0.0,656.0,36,2,373,0,0,0,100,100,0,0,0.0,100.0,0,,,False,0,False,not_reached,0.0,0.1
138,552,722,109,722,2,right+A,0.11179068684577942,0.3126150667667389,0.2209324687719345,0.1799927055835724,0.1746690273284912,1.5554684400558472,0.0,656.0,37,2,373,0,0,0,100,100,0,0,0.0,100.0,0,,,False,0,False,not_reached,0.0,0.1
139,556,722,121,722,3,right+B,0.1115582063794136,0.31210264563560486,0.22297492623329163,0.17480230331420898,0.17856191098690033,1.5552102327346802,0.0,656.0,38,2,373,0,0,0,100,100,0,0,0.0,100.0,0,,,False,0,False,not_reached,0.0,0.1
140,560,722,122,722,1,right,0.11070738732814789,0.31127431988716125,0.22981701791286469,0.16653317213058472,0.18166813254356384,1.5532429218292236,-1.0,655.0,39,2,372,0,0,0,100,100,0,0,0.0,100.0,0,,,False,0,False,not_reached,0.0,0.1
141,564,722,113,722,1,right,0.1103626936674118,0.3147204518318176,0.22402653098106384,0.17528609931468964,0.1756041795015335,1.5529175996780396,0.0,655.0,40,2,372,0,0,0,100,100,0,0,0.0,100.0,0,,,False,0,False,not_reached,0.0,0.1
142,568,722,94,722,1,right,0.11027945578098297,0.31614458560943604,0.2228182852268219,0.17831195890903473,0.17244572937488556,1.5522868633270264,0.0,655.0,41,2,372,0,0,0,100,100,0,0,0.0,100.0,0,,,False,0,False,not_reached,0.0,0.1
143,572,722,79,722,1,right,0.11077864468097687,0.31500324606895447,0.219445139169693,0.18445079028606415,0.1703222393989563,1.553714394569397,0.0,655.0,42,2,372,0,0,0,100,100,0,0,0.0,100.0,0,,,False,0,False,not_reached,0.0,0.1
144,576,722,79,722,1,right,0.11056404560804367,0.31359103322029114,0.2223392128944397,0.1823863387107849,0.17111939191818237,1.5538856983184814,0.0,655.0,43,2,372,0,0,0,100,100,0,0,0.0,100.0,0,,,False,0,False,not_reached,0.0,0.1
145,580,722,79,722,3,right+B,0.11116265505552292,0.3148282766342163,0.21974630653858185,0.18313293159008026,0.17112980782985687,1.55400812625885,-1.0,654.0,44,2,371,0,0,0,100,100,0,0,0.0,100.0,0,,,False,0,False,not_reached,0.0,0.1
146,584,722,79,722,3,right+B,0.11115077883005142,0.315333753824234,0.22004060447216034,0.18007071316242218,0.17340415716171265,1.5537875890731812,0.0,654.0,45,2,371,0,0,0,100,100,0,0,0.0,100.0,0,,,False,0,False,not_reached,0.0,0.1
147,588,722,79,722,3,right+B,0.11106473207473755,0.3142264783382416,0.2249497026205063,0.17480486631393433,0.17495425045490265,1.553299903869629,0.0,654.0,46,2,371,0,0,0,100,100,0,0,0.0,100.0,0,,,False,0,False,not_reached,0.0,0.1
148,592,722,93,722,2,right+A,0.11125420033931732,0.31416186690330505,0.22579076886177063,0.17383475601673126,0.17495842278003693,1.5532070398330688,0.0,654.0,47,2,371,0,0,0,100,100,0,0,0.0,100.0,0,,,False,0,False,not_reached,0.0,0.1
149,596,722,108,722,3,right+B,0.11143378168344498,0.31390297412872314,0.22481189668178558,0.17369967699050903,0.17615163326263428,1.5536822080612183,0.0,654.0,48,2,371,0,0,0,100,100,0,0,0.0,100.0,0,,,False,0,False,not_reached,0.0,0.1
150,600,722,112,722,1,right,0.11136721074581146,0.3122061789035797,0.22737503051757812,0.17237240076065063,0.17667913436889648,1.5539630651474,-1.0,653.0,49,2,370,0,0,0,100,100,0,0,0.0,100.0,0,,,False,0,False,not_reached,0.0,0.1
151,604,722,106,722,0,NOOP,0.11131469905376434,0.3131464421749115,0.22324147820472717,0.17833881080150604,0.17395862936973572,1.554431438446045,0.0,653.0,50,2,370,0,0,0,100,100,0,0,0.0,100.0,0,,,False,0,False,not_reached,0.0,0.1
152,608,722,89,722,1,right,0.11125696450471878,0.3143044412136078,0.220363050699234,0.18235346674919128,0.17172208428382874,1.5542628765106201,0.0,653.0,51,2,370,0,0,0,100,100,0,0,0.0,100.0,0,,,False,0,False,not_reached,0.0,0.1
153,612,722,79,722,3,right+B,0.1105458065867424,0.3143083453178406,0.22617222368717194,0.17682518064975739,0.1721484363079071,1.5526719093322754,0.0,653.0,52,2,370,0,0,0,100,100,0,0,0.0,100.0,0,,,False,0,False,not_reached,0.0,0.1
154,616,722,79,722,1,right,0.11042724549770355,0.31180694699287415,0.23238462209701538,0.16983041167259216,0.17555074393749237,1.5523487329483032,0.0,653.0,53,2,370,0,0,0,100,100,0,0,0.0,100.0,0,,,False,0,False,not_reached,0.0,0.1
155,620,722,79,722,1,right,0.11014360189437866,0.3125552237033844,0.22918783128261566,0.17455768585205078,0.1735556572675705,1.5527408123016357,-1.0,652.0,54,2,369,0,0,0,100,100,0,0,0.0,100.0,0,,,False,0,False,not_reached,0.0,0.1
156,624,722,79,722,1,right,0.11058470606803894,0.3131648004055023,0.2273503541946411,0.1746874749660492,0.17421266436576843,1.5530825853347778,0.0,652.0,55,2,369,0,0,0,100,100,0,0,0.0,100.0,0,,,False,0,False,not_reached,0.0,0.1
157,628,722,93,722,2,right+A,0.11070901155471802,0.3130475878715515,0.22523517906665802,0.17559689283370972,0.17541128396987915,1.553752064704895,0.0,652.0,56,2,369,0,0,0,100,100,0,0,0.0,100.0,0,,,False,0,False,not_reached,0.0,0.1
158,632,722,109,722,4,right+A+B,0.11092359572649002,0.31126919388771057,0.22705063223838806,0.17111295461654663,0.1796436309814453,1.55431067943573,0.0,652.0,57,2,369,0,0,0,100,100,0,0,0.0,100.0,0,,,False,0,False,not_reached,0.0,0.1
159,636,722,121,722,3,right+B,0.11095079034566879,0.31123247742652893,0.22625131905078888,0.17378082871437073,0.17778457701206207,1.5546293258666992,0.0,652.0,58,2,369,0,0,0,100,100,0,0,0.0,100.0,0,,,False,0,False,not_reached,0.0,0.1
160,640,722,122,722,1,right,0.11024758964776993,0.31136804819107056,0.23206079006195068,0.1655409038066864,0.18078267574310303,1.5523338317871094,-1.0,651.0,59,2,368,0,0,0,100,100,0,0,0.0,100.0,0,,,False,0,False,not_reached,0.0,0.1
161,644,722,113,722,2,right+A,0.11006857454776764,0.3124910891056061,0.22920110821723938,0.16871334612369537,0.17952585220336914,1.552573800086975,0.0,651.0,60,2,368,0,0,0,100,100,0,0,0.0,100.0,0,,,False,0,False,not_reached,0.0,0.1
162,648,722,94,722,4,right+A+B,0.11007653921842575,0.3126577138900757,0.229975625872612,0.16879667341709137,0.17849339544773102,1.5522969961166382,0.0,651.0,61,2,368,0,0,0,100,100,0,0,0.0,100.0,0,,,False,0,False,not_reached,0.0,0.1
163,652,722,79,722,1,right,0.11073671281337738,0.31222695112228394,0.22331474721431732,0.17847293615341187,0.1752486675977707,1.5546845197677612,0.0,651.0,62,2,368,0,0,0,100,100,0,0,0.0,100.0,0,,,False,0,False,not_reached,0.0,0.1
164,656,722,79,722,0,NOOP,0.11054440587759018,0.31218284368515015,0.2245635688304901,0.17879709601402283,0.17391201853752136,1.5543038845062256,0.0,651.0,63,2,368,0,0,0,100,100,0,0,0.0,100.0,0,,,False,0,False,not_reached,0.0,0.1
165,660,722,79,722,1,right,0.11067499220371246,0.3110221028327942,0.2281162142753601,0.1739208698272705,0.1762658804655075,1.5541564226150513,-1.0,650.0,64,2,367,0,0,0,100,100,0,0,0.0,100.0,0,,,False,0,False,not_reached,0.0,0.1
166,664,722,79,722,3,right+B,0.11012604832649231,0.31129932403564453,0.2314562350511551,0.17139214277267456,0.17572619020938873,1.5528028011322021,0.0,650.0,65,2,367,0,0,0,100,100,0,0,0.0,100.0,0,,,False,0,False,not_reached,0.0,0.1
167,668,722,93,722,4,right+A+B,0.11006728559732437,0.3115496337413788,0.23222805559635162,0.17054739594459534,0.1756076067686081,1.5523951053619385,0.0,650.0,66,2,367,0,0,0,100,100,0,0,0.0,100.0,0,,,False,0,False,not_reached,0.0,0.1
168,672,722,108,722,1,right,0.11029175668954849,0.31046366691589355,0.2322341650724411,0.1685476452112198,0.17846275866031647,1.553025484085083,0.0,650.0,67,2,367,0,0,0,100,100,0,0,0.0,100.0,0,,,False,0,False,not_reached,0.0,0.1
169,676,722,112,722,1,right,0.11075104773044586,0.3111649751663208,0.22817040979862213,0.1732165664434433,0.17669707536697388,1.5540850162506104,0.0,650.0,68,2,367,0,0,0,100,100,0,0,0.0,100.0,0,,,False,0,False,not_reached,0.0,0.1
170,680,722,106,722,4,right+A+B,0.11078226566314697,0.31101226806640625,0.22797927260398865,0.1738637387752533,0.17636242508888245,1.554245948791504,-1.0,649.0,69,2,366,0,0,0,100,100,0,0,0.0,100.0,0,,,False,0,False,not_reached,0.0,0.1
171,684,722,89,722,1,right,0.11098292469978333,0.31146687269210815,0.22530443966388702,0.17691870033740997,0.17532706260681152,1.5547657012939453,0.0,649.0,70,2,366,0,0,0,100,100,0,0,0.0,100.0,0,,,False,0,False,not_reached,0.0,0.1
172,688,722,79,722,1,right,0.11037160456180573,0.31196239590644836,0.2299412339925766,0.17136111855506897,0.17636357247829437,1.552947759628296,0.0,649.0,71,2,366,0,0,0,100,100,0,0,0.0,100.0,0,,,False,0,False,not_reached,0.0,0.1
173,692,722,93,722,4,right+A+B,0.11030464619398117,0.3093956410884857,0.2361072301864624,0.1644507348537445,0.179741770029068,1.5522801876068115,0.0,649.0,72,2,366,0,0,0,100,100,0,0,0.0,100.0,0,,,False,0,False,not_reached,0.0,0.1
174,696,722,109,722,4,right+A+B,0.11042322963476181,0.31034767627716064,0.2301473319530487,0.16922108829021454,0.17986077070236206,1.553724765777588,0.0,649.0,73,2,366,0,0,0,100,100,0,0,0.0,100.0,0,,,False,0,False,not_reached,0.0,0.1
175,700,722,121,722,3,right+B,0.11096261441707611,0.30995064973831177,0.22914746403694153,0.17018894851207733,0.17975035309791565,1.5545034408569336,-1.0,648.0,74,2,365,0,0,0,100,100,0,0,0.0,100.0,0,,,False,0,False,not_reached,0.0,0.1
176,704,722,122,722,2,right+A,0.11008848994970322,0.3110567331314087,0.23367252945899963,0.1646786779165268,0.18050357699394226,1.5519376993179321,0.0,648.0,75,2,365,0,0,0,100,100,0,0,0.0,100.0,0,,,False,0,False,not_reached,0.0,0.1
177,708,722,113,722,1,right,0.10978123545646667,0.31249016523361206,0.23130126297473907,0.167921781539917,0.1785055249929428,1.5518567562103271,0.0,648.0,76,2,365,0,0,0,100,100,0,0,0.0,100.0,0,,,False,0,False,not_reached,0.0,0.1
178,712,722,94,722,1,right,0.10973788052797318,0.31322798132896423,0.2311250865459442,0.17005658149719238,0.1758524775505066,1.5515645742416382,0.0,648.0,77,2,365,0,0,0,100,100,0,0,0.0,100.0,0,,,False,0,False,not_reached,0.0,0.1
179,716,722,79,722,0,NOOP,0.11017705500125885,0.3132525682449341,0.2239600270986557,0.18087038397789001,0.17173998057842255,1.5535796880722046,0.0,648.0,78,2,365,0,0,0,100,100,0,0,0.0,100.0,0,,,False,0,False,not_reached,0.0,0.1
180,720,722,93,722,4,right+A+B,0.11013320088386536,0.31308165192604065,0.2241371124982834,0.1816958636045456,0.17095215618610382,1.5535694360733032,-1.0,647.0,79,2,364,0,0,0,100,100,0,0,0.0,100.0,0,,,False,0,False,not_reached,0.0,0.1
181,724,722,108,722,3,right+B,0.1107686385512352,0.31237852573394775,0.22455118596553802,0.1770940124988556,0.17520764470100403,1.554328203201294,0.0,647.0,80,2,364,0,0,0,100,100,0,0,0.0,100.0,0,,,False,0,False,not_reached,0.0,0.1
182,728,722,112,722,4,right+A+B,0.11087081581354141,0.31383684277534485,0.22196947038173676,0.17909172177314758,0.17423111200332642,1.5541185140609741,0.0,647.0,81,2,364,0,0,0,100,100,0,0,0.0,100.0,0,,,False,0,False,not_reached,0.0,0.1
183,732,722,106,722,1,right,0.11095237731933594,0.3137083649635315,0.22296085953712463,0.1784030795097351,0.1739753633737564,1.5540063381195068,0.0,647.0,82,2,364,0,0,0,100,100,0,0,0.0,100.0,0,,,False,0,False,not_reached,0.0,0.1
184,736,722,89,722,3,right+B,0.11129721254110336,0.31422877311706543,0.21910451352596283,0.18281565606594086,0.17255383729934692,1.5546059608459473,0.0,647.0,83,2,364,0,0,0,100,100,0,0,0.0,100.0,0,,,False,0,False,not_reached,0.0,0.1
185,740,722,79,722,1,right,0.11043038219213486,0.314298152923584,0.2237885296344757,0.17878155410289764,0.17270132899284363,1.5532004833221436,-1.0,646.0,84,2,363,0,0,0,100,100,0,0,0.0,100.0,0,,,False,0,False,not_reached,0.0,0.1
186,744,722,79,722,1,right,0.11063036322593689,0.3115702271461487,0.23057931661605835,0.16956855356693268,0.17765159904956818,1.5530565977096558,0.0,646.0,85,2,363,0,0,0,100,100,0,0,0.0,100.0,0,,,False,0,False,not_reached,0.0,0.1
187,748,722,93,722,2,right+A,0.1109323725104332,0.3153025507926941,0.21999451518058777,0.1804703325033188,0.17330026626586914,1.5537045001983643,0.0,646.0,86,2,363,0,0,0,100,100,0,0,0.0,100.0,0,,,False,0,False,not_reached,0.0,0.1
188,752,722,109,722,2,right+A,0.11133585125207901,0.31354203820228577,0.2239554226398468,0.17381778359413147,0.17734892666339874,1.5540506839752197,0.0,646.0,87,2,363,0,0,0,100,100,0,0,0.0,100.0,0,,,False,0,False,not_reached,0.0,0.1
189,756,722,121,722,1,right,0.11096905171871185,0.3118513226509094,0.2274254560470581,0.1714746057987213,0.17827953398227692,1.553936243057251,0.0,646.0,88,2,363,0,0,0,100,100,0,0,0.0,100.0,0,,,False,0,False,not_reached,0.0,0.1
190,760,722,122,722,1,right,0.11012331396341324,0.3129537105560303,0.23034028708934784,0.16818352043628693,0.1783991903066635,1.5520254373550415,-1.0,645.0,89,2,362,0,0,0,100,100,0,0,0.0,100.0,0,,,False,0,False,not_reached,0.0,0.1
191,764,722,113,722,3,right+B,0.10981378704309464,0.3164231479167938,0.22377295792102814,0.17682771384716034,0.17316235601902008,1.551703691482544,0.0,645.0,90,2,362,0,0,0,100,100,0,0,0.0,100.0,0,,,False,0,False,not_reached,0.0,0.1
192,768,722,94,722,0,NOOP,0.11013969033956528,0.318956583738327,0.21919947862625122,0.18186838924884796,0.16983583569526672,1.5512311458587646,0.0,645.0,91,2,362,0,0,0,100,100,0,0,0.0,100.0,0,,,False,0,False,not_reached,0.0,0.1
193,772,722,79,722,0,NOOP,0.11079176515340805,0.3167562782764435,0.21334663033485413,0.19125996530056,0.16784538328647614,1.5534120798110962,0.0,645.0,92,2,362,0,0,0,100,100,0,0,0.0,100.0,0,,,False,0,False,not_reached,0.0,0.1
194,776,722,93,722,4,right+A+B,0.1106162890791893,0.3149658143520355,0.216957226395607,0.18714649975299835,0.17031413316726685,1.5540491342544556,0.0,645.0,93,2,362,0,0,0,100,100,0,0,0.0,100.0,0,,,False,0,False,not_reached,0.0,0.1
195,780,722,109,722,4,right+A+B,0.11089218407869339,0.31278690695762634,0.22285450994968414,0.17639556527137756,0.17707081139087677,1.5545591115951538,-1.0,644.0,94,2,361,0,0,0,100,100,0,0,0.0,100.0,0,,,False,0,False,not_reached,0.0,0.1
196,784,722,122,722,4,right+A+B,0.11140181124210358,0.313589870929718,0.21930697560310364,0.17822684347629547,0.17747443914413452,1.555122971534729,0.0,644.0,95,2,361,0,0,0,100,100,0,0,0.0,100.0,0,,,False,0,False,not_reached,0.0,0.1
197,788,722,130,722,0,NOOP,0.11080056428909302,0.31418082118034363,0.2262360006570816,0.16865187883377075,0.1801307499408722,1.5526885986328125,0.0,644.0,96,2,361,0,0,0,100,100,0,0,0.0,100.0,0,,,False,0,False,not_reached,0.0,0.1
198,792,722,129,722,4,right+A+B,0.11037599295377731,0.31251460313796997,0.22937412559986115,0.16801121830940247,0.17972403764724731,1.5526231527328491,0.0,644.0,97,2,361,0,0,0,100,100,0,0,0.0,100.0,0,,,False,0,False,not_reached,0.0,0.1
199,796,722,117,722,1,right,0.11002124845981598,0.3116304576396942,0.22999711334705353,0.17105351388454437,0.1772976666688919,1.5529460906982422,0.0,644.0,98,2,361,0,0,0,100,100,0,0,0.0,100.0,0,,,False,0,False,not_reached,0.0,0.1
200,800,722,97,722,3,right+B,0.11049395054578781,0.3112325668334961,0.23049022257328033,0.17107118666172028,0.1767120659351349,1.5532654523849487,-1.0,643.0,99,2,360,0,0,0,100,100,0,0,0.0,100.0,0,,,False,0,False,not_reached,0.0,0.1
201,804,722,79,722,1,right,0.1103680208325386,0.31440863013267517,0.2274959683418274,0.17171120643615723,0.17601622641086578,1.5521866083145142,0.0,643.0,100,2,360,0,0,0,100,100,0,0,0.0,100.0,0,,,False,0,False,not_reached,0.0,0.1
202,808,722,93,722,2,right+A,0.10973946005105972,0.31306615471839905,0.2325505167245865,0.16889896988868713,0.1757449507713318,1.5512218475341797,0.0,643.0,101,2,360,0,0,0,100,100,0,0,0.0,100.0,0,,,False,0,False,not_reached,0.0,0.1
203,812,722,108,722,3,right+B,0.1102873831987381,0.3110886216163635,0.22911833226680756,0.17633546888828278,0.17317017912864685,1.5536649227142334,0.0,643.0,102,2,360,0,0,0,100,100,0,0,0.0,100.0,0,,,False,0,False,not_reached,0.0,0.1
204,816,722,112,722,2,right+A,0.109515480697155,0.30565646290779114,0.23864923417568207,0.16485799849033356,0.18132075667381287,1.553221583366394,0.0,643.0,103,2,360,0,0,0,100,100,0,0,0.0,100.0,0,,,False,0,False,not_reached,0.0,0.1
205,820,722,106,722,2,right+A,0.11034165322780609,0.3077681362628937,0.23350755870342255,0.1682077944278717,0.18017485737800598,1.5541634559631348,-1.0,642.0,104,2,359,0,0,0,100,100,0,0,0.0,100.0,0,,,False,0,False,not_reached,0.0,0.1
206,824,722,89,722,4,right+A+B,0.11096195131540298,0.30864113569259644,0.2306438833475113,0.16910023987293243,0.18065273761749268,1.5547804832458496,0.0,642.0,105,2,359,0,0,0,100,100,0,0,0.0,100.0,0,,,False,0,False,not_reached,0.0,0.1
207,828,722,79,722,1,right,0.10994735360145569,0.3093164265155792,0.23666171729564667,0.16572806239128113,0.1783464550971985,1.552099347114563,0.0,642.0,106,2,359,0,0,0,100,100,0,0,0.0,100.0,0,,,False,0,False,not_reached,0.0,0.1
208,832,722,79,722,1,right,0.1097610592842102,0.3084350526332855,0.23995809257030487,0.16309146583080292,0.17875435948371887,1.5513228178024292,0.0,642.0,107,2,359,0,0,0,100,100,0,0,0.0,100.0,0,,,False,0,False,not_reached,0.0,0.1
209,836,722,79,722,1,right,0.11060728877782822,0.30858808755874634,0.23353560268878937,0.1700100302696228,0.17725902795791626,1.55393648147583,0.0,642.0,108,2,359,0,0,0,100,100,0,0,0.0,100.0,0,,,False,0,False,not_reached,0.0,0.1
210,840,722,79,722,3,right+B,0.11068635433912277,0.3099471926689148,0.22768224775791168,0.17399562895298004,0.1776886284351349,1.5548768043518066,-1.0,641.0,109,2,358,0,0,0,100,100,0,0,0.0,100.0,0,,,False,0,False,not_reached,0.0,0.1
211,844,722,93,722,2,right+A,0.11095572263002396,0.31234222650527954,0.22515279054641724,0.17662657797336578,0.17492271959781647,1.5542891025543213,0.0,641.0,110,2,358,0,0,0,100,100,0,0,0.0,100.0,0,,,False,0,False,not_reached,0.0,0.1
212,848,722,108,722,1,right,0.1110689714550972,0.31209316849708557,0.22322921454906464,0.17856359481811523,0.17504505813121796,1.554932713508606,0.0,641.0,111,2,358,0,0,0,100,100,0,0,0.0,100.0,0,,,False,0,False,not_reached,0.0,0.1
213,852,722,112,722,1,right,0.11053788661956787,0.3082635700702667,0.22385510802268982,0.1839151531457901,0.1734282374382019,1.5565341711044312,0.0,641.0,112,2,358,0,0,0,100,100,0,0,0.0,100.0,0,,,False,0,False,not_reached,0.0,0.1
214,856,722,106,722,1,right,0.10955744981765747,0.30780908465385437,0.23194609582424164,0.17694683372974396,0.17374049127101898,1.5544147491455078,0.0,641.0,113,2,358,0,0,0,100,100,0,0,0.0,100.0,0,,,False,0,False,not_reached,0.0,0.1
215,860,722,89,722,4,right+A+B,0.1106935515999794,0.31127840280532837,0.22508640587329865,0.17891958355903625,0.17402207851409912,1.5547616481781006,-1.0,640.0,114,2,357,0,0,0,100,100,0,0,0.0,100.0,0,,,False,0,False,not_reached,0.0,0.1
216,864,722,79,722,1,right,0.1103368028998375,0.31347066164016724,0.22932901978492737,0.1763869971036911,0.17047646641731262,1.552201509475708,0.0,640.0,115,2,357,0,0,0,100,100,0,0,0.0,100.0,0,,,False,0,False,not_reached,0.0,0.1
217,868,722,79,722,1,right,0.11007813364267349,0.3115619122982025,0.23328480124473572,0.1712145209312439,0.17386066913604736,1.5521050691604614,0.0,640.0,116,2,357,0,0,0,100,100,0,0,0.0,100.0,0,,,False,0,False,not_reached,0.0,0.1
218,872,722,79,722,1,right,0.11138737946748734,0.31219595670700073,0.2251092791557312,0.17769072949886322,0.17361672222614288,1.5545620918273926,0.0,640.0,117,2,357,0,0,0,100,100,0,0,0.0,100.0,0,,,False,0,False,not_reached,0.0,0.1
219,876,722,79,722,1,right,0.11140988767147064,0.3110218644142151,0.22694842517375946,0.17487671971321106,0.17574313282966614,1.5548032522201538,0.0,640.0,118,2,357,0,0,0,100,100,0,0,0.0,100.0,0,,,False,0,False,not_reached,0.0,0.1
220,880,722,79,722,3,right+B,0.11102724820375443,0.3118751049041748,0.22171978652477264,0.1829843968153,0.17239351570606232,1.555239200592041,-1.0,639.0,119,2,356,0,0,0,100,100,0,0,0.0,100.0,0,,,False,0,False,not_reached,0.0,0.1
221,884,722,79,722,1,right,0.11086830496788025,0.31142371892929077,0.23176869750022888,0.168431356549263,0.17750796675682068,1.5528813600540161,0.0,639.0,120,2,356,0,0,0,100,100,0,0,0.0,100.0,0,,,False,0,False,not_reached,0.0,0.1
222,888,722,79,722,0,NOOP,0.11093045026063919,0.31312423944473267,0.22700072824954987,0.17625609040260315,0.1726885735988617,1.5533379316329956,0.0,639.0,121,2,356,0,0,0,100,100,0,0,0.0,100.0,0,,,False,0,False,not_reached,0.0,0.1
223,892,722,79,722,1,right,0.11038795858621597,0.3103349804878235,0.23302945494651794,0.17108871042728424,0.1751588135957718,1.5530273914337158,0.0,639.0,122,2,356,0,0,0,100,100,0,0,0.0,100.0,0,,,False,0,False,not_reached,0.0,0.1
224,896,722,79,722,3,right+B,0.11110098659992218,0.3147372305393219,0.21336381137371063,0.19074571132659912,0.17005226016044617,1.5548638105392456,0.0,639.0,123,2,356,0,0,0,100,100,0,0,0.0,100.0,0,,,False,0,False,not_reached,0.0,0.1
225,900,722,79,722,1,right,0.11107224971055984,0.31343191862106323,0.21989700198173523,0.18376509845256805,0.17183372378349304,1.554734230041504,-1.0,638.0,124,2,355,0,0,0,100,100,0,0,0.0,100.0,0,,,False,0,False,not_reached,0.0,0.1
226,904,722,79,722,0,NOOP,0.11007623374462128,0.3111824691295624,0.22689682245254517,0.17912569642066956,0.17271874845027924,1.554052472114563,0.0,638.0,125,2,355,0,0,0,100,100,0,0,0.0,100.0,0,,,False,0,False,not_reached,0.0,0.1
227,908,722,79,722,3,right+B,0.10979840904474258,0.30827978253364563,0.24002401530742645,0.16552706062793732,0.1763707548379898,1.5515954494476318,0.0,638.0,126,2,355,0,0,0,100,100,0,0,0.0,100.0,0,,,False,0,False,not_reached,0.0,0.1
228,912,722,93,722,2,right+A,0.11056427657604218,0.3097134232521057,0.23301705718040466,0.17042438685894012,0.17628082633018494,1.5534467697143555,0.0,638.0,127,2,355,0,0,0,100,100,0,0,0.0,100.0,0,,,False,0,False,not_reached,0.0,0.1
229,916,722,108,722,3,right+B,0.11067820340394974,0.30911269783973694,0.23188729584217072,0.16858021914958954,0.17974157631397247,1.5540441274642944,0.0,638.0,128,2,355,0,0,0,100,100,0,0,0.0,100.0,0,,,False,0,False,not_reached,0.0,0.1
230,920,722,112,722,1,right,0.11047093570232391,0.30708807706832886,0.23751014471054077,0.1611751765012741,0.1837557554244995,1.5528504848480225,-1.0,637.0,129,2,354,0,0,0,100,100,0,0,0.0,100.0,0,,,False,0,False,not_reached,0.0,0.1
231,924,722,106,722,0,NOOP,0.11037365347146988,0.3083913326263428,0.23457926511764526,0.16912078857421875,0.17753498256206512,1.553605318069458,0.0,637.0,130,2,354,0,0,0,100,100,0,0,0.0,100.0,0,,,False,0,False,not_reached,0.0,0.1
232,928,722,89,722,4,right+A+B,0.11020618677139282,0.30974727869033813,0.2324334979057312,0.16960960626602173,0.1780034303665161,1.5533841848373413,0.0,637.0,131,2,354,0,0,0,100,100,0,0,0.0,100.0,0,,,False,0,False,not_reached,0.0,0.1
233,932,722,79,722,2,right+A,0.11025284975767136,0.31316855549812317,0.22990353405475616,0.17102721333503723,0.17564786970615387,1.5522005558013916,0.0,637.0,132,2,354,0,0,0,100,100,0,0,0.0,100.0,0,,,False,0,False,not_reached,0.0,0.1
234,936,722,79,722,0,NOOP,0.11070433259010315,0.3116304874420166,0.23121967911720276,0.16994744539260864,0.17649799585342407,1.552903175354004,0.0,637.0,133,2,354,0,0,0,100,100,0,0,0.0,100.0,0,,,False,0,False,not_reached,0.0,0.1
235,940,722,79,722,1,right,0.11034516245126724,0.31083643436431885,0.23135793209075928,0.17014575004577637,0.17731474339962006,1.5531537532806396,-1.0,636.0,134,2,353,0,0,0,100,100,0,0,0.0,100.0,0,,,False,0,False,not_reached,0.0,0.1
236,944,722,93,722,2,right+A,0.11049126088619232,0.3120765686035156,0.22925834357738495,0.17226499319076538,0.17590881884098053,1.5531420707702637,0.0,636.0,135,2,353,0,0,0,100,100,0,0,0.0,100.0,0,,,False,0,False,not_reached,0.0,0.1
237,948,722,108,722,0,NOOP,0.11071774363517761,0.3119966685771942,0.22656846046447754,0.17192904651165009,0.17878803610801697,1.553958773612976,0.0,636.0,136,2,353,0,0,0,100,100,0,0,0.0,100.0,0,,,False,0,False,not_reached,0.0,0.1
238,952,722,112,722,4,right+A+B,0.11093844473361969,0.31085819005966187,0.22739626467227936,0.1726577877998352,0.17814931273460388,1.5545244216918945,0.0,636.0,137,2,353,0,0,0,100,100,0,0,0.0,100.0,0,,,False,0,False,not_reached,0.0,0.1
239,956,722,106,722,1,right,0.11025436967611313,0.3109736144542694,0.22830730676651,0.17317137122154236,0.1772933006286621,1.5539231300354004,0.0,636.0,138,2,353,0,0,0,100,100,0,0,0.0,100.0,0,,,False,0,False,not_reached,0.0,0.1
240,960,722,89,722,4,right+A+B,0.11084622144699097,0.3121265769004822,0.22234392166137695,0.1810440868139267,0.17363911867141724,1.5549530982971191,-1.0,635.0,139,2,352,0,0,0,100,100,0,0,0.0,100.0,0,,,False,0,False,not_reached,0.0,0.1
241,964,722,79,722,4,right+A+B,0.11033493280410767,0.31495657563209534,0.2218303084373474,0.18121564388275146,0.1716625690460205,1.5531578063964844,0.0,635.0,140,2,352,0,0,0,100,100,0,0,0.0,100.0,0,,,False,0,False,not_reached,0.0,0.1
242,968,722,79,722,4,right+A+B,0.11073200404644012,0.31349167227745056,0.22584117949008942,0.17394183576107025,0.17599323391914368,1.5533456802368164,0.0,635.0,141,2,352,0,0,0,100,100,0,0,0.0,100.0,0,,,False,0,False,not_reached,0.0,0.1
243,972,722,79,722,1,right,0.11083198338747025,0.31431394815444946,0.22166907787322998,0.17760862410068512,0.1755763739347458,1.5539220571517944,0.0,635.0,142,2,352,0,0,0,100,100,0,0,0.0,100.0,0,,,False,0,False,not_reached,0.0,0.1
244,976,722,79,722,1,right,0.11132699251174927,0.3138950765132904,0.22296197712421417,0.17395029962062836,0.1778656393289566,1.5540763139724731,0.0,635.0,143,2,352,0,0,0,100,100,0,0,0.0,100.0,0,,,False,0,False,not_reached,0.0,0.1
245,980,722,93,722,2,right+A,0.11103881150484085,0.31477344036102295,0.22080887854099274,0.1776517629623413,0.17572712898254395,1.5539474487304688,-1.0,634.0,144,2,351,0,0,0,100,100,0,0,0.0,100.0,0,,,False,0,False,not_reached,0.0,0.1
246,984,722,108,722,1,right,0.11126594990491867,0.31399765610694885,0.2220141440629959,0.17539238929748535,0.177329882979393,1.5542271137237549,0.0,634.0,145,2,351,0,0,0,100,100,0,0,0.0,100.0,0,,,False,0,False,not_reached,0.0,0.1
247,988,722,112,722,2,right+A,0.11132100224494934,0.31363850831985474,0.22314484417438507,0.1768151819705963,0.1750805377960205,1.5541963577270508,0.0,634.0,146,2,351,0,0,0,100,100,0,0,0.0,100.0,0,,,False,0,False,not_reached,0.0,0.1
248,992,722,106,722,1,right,0.11096874624490738,0.31291478872299194,0.2251209169626236,0.1760743111371994,0.1749211996793747,1.5539747476577759,0.0,634.0,147,2,351,0,0,0,100,100,0,0,0.0,100.0,0,,,False,0,False,not_reached,0.0,0.1
249,996,722,89,722,2,right+A,0.11116218566894531,0.3135209083557129,0.2219436764717102,0.18140444159507751,0.17196881771087646,1.5543489456176758,0.0,634.0,148,2,351,0,0,0,100,100,0,0,0.0,100.0,0,,,False,0,False,not_reached,0.0,0.1
250,1000,722,79,722,4,right+A+B,0.11033988744020462,0.314047634601593,0.22730454802513123,0.17677024006843567,0.1715376377105713,1.5524256229400635,-1.0,633.0,149,2,350,0,0,0,100,100,0,0,0.0,100.0,0,,,False,0,False,not_reached,0.0,0.1
251,1004,722,79,722,2,right+A,0.10994673520326614,0.3123869001865387,0.23208515346050262,0.17114096879959106,0.1744401752948761,1.5519098043441772,0.0,633.0,150,2,350,0,0,0,100,100,0,0,0.0,100.0,0,,,False,0,False,not_reached,0.0,0.1
252,1008,722,79,722,3,right+B,0.11020290106534958,0.3140597343444824,0.22481216490268707,0.1791428178548813,0.17178237438201904,1.552958369255066,0.0,633.0,151,2,350,0,0,0,100,100,0,0,0.0,100.0,0,,,False,0,False,not_reached,0.0,0.1
253,1012,722,93,722,2,right+A,0.11086306720972061,0.3142036199569702,0.2234211266040802,0.17729255557060242,0.17421962320804596,1.5535832643508911,0.0,633.0,152,2,350,0,0,0,100,100,0,0,0.0,100.0,0,,,False,0,False,not_reached,0.0,0.1
254,1016,722,108,722,1,right,0.11098809540271759,0.31281840801239014,0.2257520854473114,0.1723889410495758,0.17805248498916626,1.5538370609283447,0.0,633.0,153,2,350,0,0,0,100,100,0,0,0.0,100.0,0,,,False,0,False,not_reached,0.0,0.1
255,1020,722,112,722,1,right,0.11111684143543243,0.312781423330307,0.2233538180589676,0.17696823179721832,0.17577974498271942,1.5545486211776733,-1.0,632.0,154,2,349,0,0,0,100,100,0,0,0.0,100.0,0,,,False,0,False,not_reached,0.0,0.1
256,1024,722,106,722,4,right+A+B,0.11109799146652222,0.3122308552265167,0.22439683973789215,0.17601479589939117,0.1762595772743225,1.5546075105667114,0.0,632.0,155,2,349,0,0,0,100,100,0,0,0.0,100.0,0,,,False,0,False,not_reached,0.0,0.1
257,1028,722,89,722,1,right,0.11123207211494446,0.31150293350219727,0.2238670438528061,0.17712287604808807,0.17627514898777008,1.5552101135253906,0.0,632.0,156,2,349,0,0,0,100,100,0,0,0.0,100.0,0,,,False,0,False,not_reached,0.0,0.1
258,1032,722,79,722,4,right+A+B,0.11073151975870132,0.3128706216812134,0.22592578828334808,0.17573651671409607,0.17473559081554413,1.55368971824646,0.0,632.0,157,2,349,0,0,0,100,100,0,0,0.0,100.0,0,,,False,0,False,not_reached,0.0,0.1
259,1036,722,79,722,4,right+A+B,0.11058402061462402,0.31003856658935547,0.2332228422164917,0.1669599413871765,0.17919465899467468,1.5530387163162231,0.0,632.0,158,2,349,0,0,0,100,100,0,0,0.0,100.0,0,,,False,0,False,not_reached,0.0,0.1
260,1040,722,79,722,2,right+A,0.11048771440982819,0.31138837337493896,0.2280665785074234,0.17314042150974274,0.17691689729690552,1.553859829902649,-1.0,631.0,159,2,348,0,0,0,100,100,0,0,0.0,100.0,0,,,False,0,False,not_reached,0.0,0.1
261,1044,722,79,722,1,right,0.11060269922018051,0.31077492237091064,0.2298210710287094,0.16987791657447815,0.17892341315746307,1.5536954402923584,0.0,631.0,160,2,348,0,0,0,100,100,0,0,0.0,100.0,0,,,False,0,False,not_reached,0.0,0.1
262,1048,722,79,722,1,right,0.11025641113519669,0.3110903203487396,0.23041091859340668,0.17078351974487305,0.17745879292488098,1.55324387550354,0.0,631.0,161,2,348,0,0,0,100,100,0,0,0.0,100.0,0,,,False,0,False,not_reached,0.0,0.1
263,1052,722,79,722,0,NOOP,0.11002476513385773,0.311077743768692,0.23167623579502106,0.17008362710475922,0.1771376132965088,1.5527782440185547,0.0,631.0,162,2,348,0,0,0,100,100,0,0,0.0,100.0,0,,,False,0,False,not_reached,0.0,0.1
264,1056,722,93,722,2,right+A,0.11018842458724976,0.3113868236541748,0.2305225431919098,0.17083099484443665,0.17707118391990662,1.5530171394348145,0.0,631.0,163,2,348,0,0,0,100,100,0,0,0.0,100.0,0,,,False,0,False,not_reached,0.0,0.1
265,1060,722,108,722,1,right,0.1104363277554512,0.31104370951652527,0.2297654151916504,0.17001257836818695,0.1787419319152832,1.5534873008728027,-1.0,630.0,164,2,347,0,0,0,100,100,0,0,0.0,100.0,0,,,False,0,False,not_reached,0.0,0.1
266,1064,722,112,722,1,right,0.11106773465871811,0.3114781379699707,0.22535017132759094,0.17493921518325806,0.17716482281684875,1.5547837018966675,0.0,630.0,165,2,347,0,0,0,100,100,0,0,0.0,100.0,0,,,False,0,False,not_reached,0.0,0.1
267,1068,722,106,722,2,right+A,0.11091077327728271,0.311155766248703,0.22608217597007751,0.17564734816551208,0.1762039214372635,1.5547196865081787,0.0,630.0,166,2,347,0,0,0,100,100,0,0,0.0,100.0,0,,,False,0,False,not_reached,0.0,0.1
268,1072,722,89,722,3,right+B,0.11124220490455627,0.311606764793396,0.22428040206432343,0.17728805541992188,0.17558257281780243,1.5550540685653687,0.0,630.0,167,2,347,0,0,0,100,100,0,0,0.0,100.0,0,,,False,0,False,not_reached,0.0,0.1
269,1076,722,79,722,2,right+A,0.11056344956159592,0.31225404143333435,0.2287471443414688,0.17318491637706757,0.17525045573711395,1.5532243251800537,0.0,630.0,168,2,347,0,0,0,100,100,0,0,0.0,100.0,0,,,False,0,False,not_reached,0.0,0.1
270,1080,722,79,722,2,right+A,0.11057094484567642,0.3099127411842346,0.2345440834760666,0.16610819101333618,0.178863987326622,1.5526864528656006,-1.0,629.0,169,2,346,0,0,0,100,100,0,0,0.0,100.0,0,,,False,0,False,not_reached,0.0,0.1
271,1084,722,79,722,4,right+A+B,0.11061803996562958,0.3115321397781372,0.2284039556980133,0.1724567711353302,0.17698906362056732,1.5537378787994385,0.0,629.0,170,2,346,0,0,0,100,100,0,0,0.0,100.0,0,,,False,0,False,not_reached,0.0,0.1
272,1088,722,79,722,3,right+B,0.11071927100419998,0.3108597993850708,0.23055016994476318,0.16904793679714203,0.17882280051708221,1.5534754991531372,0.0,629.0,171,2,346,0,0,0,100,100,0,0,0.0,100.0,0,,,False,0,False,not_reached,0.0,0.1
273,1092,722,79,722,1,right,0.11044450849294662,0.31092536449432373,0.23137715458869934,0.1691649854183197,0.17808805406093597,1.553100824356079,0.0,629.0,172,2,346,0,0,0,100,100,0,0,0.0,100.0,0,,,False,0,False,not_reached,0.0,0.1
274,1096,722,93,722,4,right+A+B,0.11022666841745377,0.31107938289642334,0.2321876734495163,0.16937798261642456,0.17712832987308502,1.5527052879333496,0.0,629.0,173,2,346,0,0,0,100,100,0,0,0.0,100.0,0,,,False,0,False,not_reached,0.0,0.1
275,1100,722,108,722,1,right,0.11006315052509308,0.3100852072238922,0.23333819210529327,0.16709980368614197,0.17941367626190186,1.5527396202087402,-1.0,628.0,174,2,345,0,0,0,100,100,0,0,0.0,100.0,0,,,False,0,False,not_reached,0.0,0.1
276,1104,722,112,722,2,right+A,0.11023438721895218,0.3101232349872589,0.2314983457326889,0.17023906111717224,0.17790497839450836,1.5534663200378418,0.0,628.0,175,2,345,0,0,0,100,100,0,0,0.0,100.0,0,,,False,0,False,not_reached,0.0,0.1
277,1108,722,106,722,4,right+A+B,0.11054112017154694,0.31129366159439087,0.22669614851474762,0.176213338971138,0.17525571584701538,1.5543140172958374,0.0,628.0,176,2,345,0,0,0,100,100,0,0,0.0,100.0,0,,,False,0,False,not_reached,0.0,0.1
278,1112,722,89,722,2,right+A,0.11110305786132812,0.31238001585006714,0.22271211445331573,0.17915257811546326,0.17465221881866455,1.554894208908081,0.0,628.0,177,2,345,0,0,0,100,100,0,0,0.0,100.0,0,,,False,0,False,not_reached,0.0,0.1
279,1116,722,79,722,1,right,0.11057960242033005,0.3138965666294098,0.22487325966358185,0.176742821931839,0.17390774190425873,1.5532784461975098,0.0,628.0,178,2,345,0,0,0,100,100,0,0,0.0,100.0,0,,,False,0,False,not_reached,0.0,0.1
280,1120,722,79,722,3,right+B,0.11061862111091614,0.31093963980674744,0.23210076987743378,0.16730648279190063,0.1790345162153244,1.5528769493103027,-1.0,627.0,179,2,344,0,0,0,100,100,0,0,0.0,100.0,0,,,False,0,False,not_reached,0.0,0.1
281,1124,722,93,722,2,right+A,0.11070269346237183,0.31252142786979675,0.2263154685497284,0.17388732731342316,0.17657315731048584,1.553770661354065,0.0,627.0,180,2,344,0,0,0,100,100,0,0,0.0,100.0,0,,,False,0,False,not_reached,0.0,0.1
282,1128,722,108,722,1,right,0.11113525927066803,0.3132883310317993,0.22447384893894196,0.1733519583940506,0.17775064706802368,1.5539696216583252,0.0,627.0,181,2,344,0,0,0,100,100,0,0,0.0,100.0,0,,,False,0,False,not_reached,0.0,0.1
283,1132,722,112,722,0,NOOP,0.11146179586648941,0.3134932518005371,0.22234100103378296,0.17646731436252594,0.17623664438724518,1.5545375347137451,0.0,627.0,182,2,344,0,0,0,100,100,0,0,0.0,100.0,0,,,False,0,False,not_reached,0.0,0.1
284,1136,722,106,722,0,NOOP,0.11106083542108536,0.3133912682533264,0.22222526371479034,0.17968551814556122,0.17363715171813965,1.5543859004974365,0.0,627.0,183,2,344,0,0,0,100,100,0,0,0.0,100.0,0,,,False,0,False,not_reached,0.0,0.1
285,1140,722,89,722,3,right+B,0.11081475764513016,0.31321102380752563,0.2211785614490509,0.18261462450027466,0.17218105494976044,1.5545077323913574,-1.0,626.0,184,2,343,0,0,0,100,100,0,0,0.0,100.0,0,,,False,0,False,not_reached,0.0,0.1
286,1144,722,79,722,1,right,0.11021364480257034,0.31378626823425293,0.22577452659606934,0.17801007628440857,0.17221541702747345,1.5529102087020874,0.0,626.0,185,2,343,0,0,0,100,100,0,0,0.0,100.0,0,,,False,0,False,not_reached,0.0,0.1
287,1148,722,79,722,3,right+B,0.11030225455760956,0.31369760632514954,0.22745513916015625,0.1752595156431198,0.17328548431396484,1.5526082515716553,0.0,626.0,186,2,343,0,0,0,100,100,0,0,0.0,100.0,0,,,False,0,False,not_reached,0.0,0.1
288,1152,722,93,722,2,right+A,0.1105334684252739,0.3151041567325592,0.22185999155044556,0.18140341341495514,0.17109894752502441,1.5531370639801025,0.0,626.0,187,2,343,0,0,0,100,100,0,0,0.0,100.0,0,,,False,0,False,not_reached,0.0,0.1
289,1156,722,109,722,2,right+A,0.11095361411571503,0.3127361834049225,0.22569195926189423,0.17241643369197845,0.17820176482200623,1.553882122039795,0.0,626.0,188,2,343,0,0,0,100,100,0,0,0.0,100.0,0,,,False,0,False,not_reached,0.0,0.1
290,1160,722,121,722,1,right,0.11125136911869049,0.3128458857536316,0.2236233651638031,0.1740313172340393,0.1782480627298355,1.5544860363006592,-1.0,625.0,189,2,342,0,0,0,100,100,0,0,0.0,100.0,0,,,False,0,False,not_reached,0.0,0.1
291,1164,722,122,722,4,right+A+B,0.11095502227544785,0.31701692938804626,0.2205342799425125,0.17696626484394073,0.17452745139598846,1.5526574850082397,0.0,625.0,190,2,342,0,0,0,100,100,0,0,0.0,100.0,0,,,False,0,False,not_reached,0.0,0.1
292,1168,722,113,722,2,right+A,0.11082009226083755,0.3188821077346802,0.21642519533634186,0.1802981048822403,0.1735745370388031,1.5523207187652588,0.0,625.0,191,2,342,0,0,0,100,100,0,0,0.0,100.0,0,,,False,0,False,not_reached,0.0,0.1
293,1172,722,94,722,1,right,0.1106569766998291,0.31698670983314514,0.22020703554153442,0.1787724792957306,0.17337681353092194,1.5525786876678467,0.0,625.0,192,2,342,0,0,0,100,100,0,0,0.0,100.0,0,,,False,0,False,not_reached,0.0,0.1
294,1176,722,79,722,0,NOOP,0.11070282012224197,0.3141636848449707,0.21775680780410767,0.1850803941488266,0.17229627072811127,1.5545555353164673,0.0,625.0,193,2,342,0,0,0,100,100,0,0,0.0,100.0,0,,,False,0,False,not_reached,0.0,0.1
295,1180,722,79,722,1,right,0.11084909737110138,0.31386828422546387,0.2216484695672989,0.17969255149364471,0.17394155263900757,1.5541499853134155,-1.0,624.0,194,2,341,0,0,0,100,100,0,0,0.0,100.0,0,,,False,0,False,not_reached,0.0,0.1
296,1184,722,79,722,3,right+B,0.11168035864830017,0.3155422508716583,0.21628345549106598,0.18311873078346252,0.173375204205513,1.5546190738677979,0.0,624.0,195,2,341,0,0,0,100,100,0,0,0.0,100.0,0,,,False,0,False,not_reached,0.0,0.1
297,1188,722,79,722,1,right,0.11114606261253357,0.3138599991798401,0.22288337349891663,0.1755395233631134,0.17657098174095154,1.5540525913238525,0.0,624.0,196,2,341,0,0,0,100,100,0,0,0.0,100.0,0,,,False,0,False,not_reached,0.0,0.1
298,1192,722,93,722,2,right+A,0.11020062118768692,0.3113276958465576,0.23130914568901062,0.1687219738960266,0.1784406155347824,1.5527535676956177,0.0,624.0,197,2,341,0,0,0,100,100,0,0,0.0,100.0,0,,,False,0,False,not_reached,0.0,0.1
299,1196,722,109,722,4,right+A+B,0.109901063144207,0.31097421050071716,0.23344264924526215,0.16780810058116913,0.17787399888038635,1.552187442779541,0.0,624.0,198,2,341,0,0,0,100,100,0,0,0.0,100.0,0,,,False,0,False,not_reached,0.0,0.1
300,1200,722,121,722,1,right,0.11014074087142944,0.3104008138179779,0.22952182590961456,0.17518040537834167,0.1747562736272812,1.553897500038147,-1.0,623.0,199,2,340,0,0,0,100,100,0,0,0.0,100.0,0,,,False,0,False,not_reached,0.0,0.1
301,1204,722,122,722,2,right+A,0.10996033251285553,0.3141574263572693,0.22800737619400024,0.17191481590270996,0.17596007883548737,1.5520143508911133,0.0,623.0,200,2,340,0,0,0,100,100,0,0,0.0,100.0,0,,,False,0,False,not_reached,0.0,0.1
302,1208,722,113,722,2,right+A,0.11019279062747955,0.3158673346042633,0.22524818778038025,0.17373718321323395,0.17495453357696533,1.5518556833267212,0.0,623.0,201,2,340,0,0,0,100,100,0,0,0.0,100.0,0,,,False,0,False,not_reached,0.0,0.1
303,1212,722,94,722,1,right,0.10994874686002731,0.3129268288612366,0.23154674470424652,0.16935847699642181,0.17621926963329315,1.55169677734375,0.0,623.0,202,2,340,0,0,0,100,100,0,0,0.0,100.0,0,,,False,0,False,not_reached,0.0,0.1
304,1216,722,79,722,1,right,0.11036714166402817,0.30892854928970337,0.23027797043323517,0.17194922268390656,0.17847712337970734,1.5545750856399536,0.0,623.0,203,2,340,0,0,0,100,100,0,0,0.0,100.0,0,,,False,0,False,not_reached,0.0,0.1
305,1220,722,93,722,2,right+A,0.1105327382683754,0.30940330028533936,0.2299484759569168,0.17153164744377136,0.17858381569385529,1.554461121559143,-1.0,622.0,204,2,339,0,0,0,100,100,0,0,0.0,100.0,0,,,False,0,False,not_reached,0.0,0.1
306,1224,722,108,722,1,right,0.1110529974102974,0.30761098861694336,0.2338673621416092,0.16410411894321442,0.18336448073387146,1.5541398525238037,0.0,622.0,205,2,339,0,0,0,100,100,0,0,0.0,100.0,0,,,False,0,False,not_reached,0.0,0.1
307,1228,722,112,722,3,right+B,0.11048059165477753,0.307475209236145,0.23335318267345428,0.16866828501224518,0.18002277612686157,1.5544590950012207,0.0,622.0,206,2,339,0,0,0,100,100,0,0,0.0,100.0,0,,,False,0,False,not_reached,0.0,0.1
308,1232,722,106,722,1,right,0.10995654761791229,0.30851390957832336,0.23486629128456116,0.17035578191280365,0.17630749940872192,1.553309679031372,0.0,622.0,207,2,339,0,0,0,100,100,0,0,0.0,100.0,0,,,False,0,False,not_reached,0.0,0.1
309,1236,722,89,722,3,right+B,0.1107713058590889,0.3079589903354645,0.23127120733261108,0.1748974621295929,0.17510105669498444,1.5550965070724487,0.0,622.0,208,2,339,0,0,0,100,100,0,0,0.0,100.0,0,,,False,0,False,not_reached,0.0,0.1
310,1240,722,79,722,0,NOOP,0.10991428047418594,0.31211960315704346,0.2282172590494156,0.17810852825641632,0.1716403216123581,1.5530930757522583,-1.0,621.0,209,2,338,0,0,0,100,100,0,0,0.0,100.0,0,,,False,0,False,not_reached,0.0,0.1
311,1244,722,79,722,3,right+B,0.11023484170436859,0.3114207983016968,0.2337072640657425,0.17207089066505432,0.17256619036197662,1.5521403551101685,0.0,621.0,210,2,338,0,0,0,100,100,0,0,0.0,100.0,0,,,False,0,False,not_reached,0.0,0.1
312,1248,722,93,722,2,right+A,0.11016503721475601,0.31202563643455505,0.22230851650238037,0.18677935004234314,0.1687215268611908,1.5543135404586792,0.0,621.0,211,2,338,0,0,0,100,100,0,0,0.0,100.0,0,,,False,0,False,not_reached,0.0,0.1
313,1252,722,109,722,4,right+A+B,0.11028269678354263,0.30871111154556274,0.22473421692848206,0.182409405708313,0.17386257648468018,1.5560169219970703,0.0,621.0,212,2,338,0,0,0,100,100,0,0,0.0,100.0,0,,,False,0,False,not_reached,0.0,0.1
314,1256,722,121,722,3,right+B,0.11072885990142822,0.3100118339061737,0.22356016933918,0.1811251938343048,0.1745738834142685,1.5558232069015503,0.0,621.0,213,2,338,0,0,0,100,100,0,0,0.0,100.0,0,,,False,0,False,not_reached,0.0,0.1
315,1260,722,122,722,0,NOOP,0.11104726791381836,0.31289592385292053,0.22819268703460693,0.16941916942596436,0.17844504117965698,1.5531070232391357,-1.0,620.0,214,2,337,0,0,0,100,100,0,0,0.0,100.0,0,,,False,0,False,not_reached,0.0,0.1
316,1264,722,113,722,1,right,0.1108156219124794,0.31492626667022705,0.22275906801223755,0.17819169163703918,0.1733073592185974,1.5532782077789307,0.0,620.0,215,2,337,0,0,0,100,100,0,0,0.0,100.0,0,,,False,0,False,not_reached,0.0,0.1
317,1268,722,94,722,4,right+A+B,0.11084495484828949,0.31458765268325806,0.2255530059337616,0.17746512591838837,0.1715492308139801,1.5527843236923218,0.0,620.0,216,2,337,0,0,0,100,100,0,0,0.0,100.0,0,,,False,0,False,not_reached,0.0,0.1
318,1272,722,79,722,2,right+A,0.1116359680891037,0.31097400188446045,0.2254902571439743,0.18038906157016754,0.17151068150997162,1.5551915168762207,0.0,620.0,217,2,337,0,0,0,100,100,0,0,0.0,100.0,0,,,False,0,False,not_reached,0.0,0.1
319,1276,722,79,722,2,right+A,0.11113525927066803,0.3129003345966339,0.2176666557788849,0.19014455378055573,0.16815312206745148,1.5550419092178345,0.0,620.0,218,2,337,0,0,0,100,100,0,0,0.0,100.0,0,,,False,0,False,not_reached,0.0,0.1
320,1280,722,79,722,1,right,0.11083730310201645,0.3115456700325012,0.22851213812828064,0.17637449502944946,0.1727304309606552,1.5538114309310913,-1.0,619.0,219,2,336,0,0,0,100,100,0,0,0.0,100.0,0,,,False,0,False,not_reached,0.0,0.1
321,1284,722,93,722,4,right+A+B,0.11056459695100784,0.3128950595855713,0.22957152128219604,0.17449966073036194,0.1724691092967987,1.5526211261749268,0.0,619.0,220,2,336,0,0,0,100,100,0,0,0.0,100.0,0,,,False,0,False,not_reached,0.0,0.1
322,1288,722,109,722,4,right+A+B,0.1102503165602684,0.31295865774154663,0.23067444562911987,0.17263703048229218,0.17347963154315948,1.5521340370178223,0.0,619.0,221,2,336,0,0,0,100,100,0,0,0.0,100.0,0,,,False,0,False,not_reached,0.0,0.1
323,1292,722,121,722,0,NOOP,0.11098290979862213,0.31244945526123047,0.21777862310409546,0.1902342438697815,0.16855479776859283,1.55521821975708,0.0,619.0,222,2,336,0,0,0,100,100,0,0,0.0,100.0,0,,,False,0,False,not_reached,0.0,0.1
324,1296,722,122,722,4,right+A+B,0.11053825914859772,0.315122127532959,0.21922841668128967,0.184713676571846,0.1703975349664688,1.5535712242126465,0.0,619.0,223,2,336,0,0,0,100,100,0,0,0.0,100.0,0,,,False,0,False,not_reached,0.0,0.1
325,1300,722,113,722,1,right,0.11022958159446716,0.3147030472755432,0.22069266438484192,0.1826804280281067,0.17169424891471863,1.5534685850143433,-1.0,618.0,224,2,335,0,0,0,100,100,0,0,0.0,100.0,0,,,False,0,False,not_reached,0.0,0.1
326,1304,722,94,722,1,right,0.11012148857116699,0.3120194375514984,0.22855772078037262,0.175986185669899,0.17331509292125702,1.5532053709030151,0.0,618.0,225,2,335,0,0,0,100,100,0,0,0.0,100.0,0,,,False,0,False,not_reached,0.0,0.1
327,1308,722,79,722,3,right+B,0.11135118454694748,0.3111906945705414,0.22577407956123352,0.17776621878147125,0.17391784489154816,1.5549585819244385,0.0,618.0,226,2,335,0,0,0,100,100,0,0,0.0,100.0,0,,,False,0,False,not_reached,0.0,0.1
328,1312,722,79,722,1,right,0.1110820397734642,0.31057363748550415,0.22713115811347961,0.17524191737174988,0.17597121000289917,1.554863452911377,0.0,618.0,227,2,335,0,0,0,100,100,0,0,0.0,100.0,0,,,False,0,False,not_reached,0.0,0.1
329,1316,722,79,722,1,right,0.11078163981437683,0.30809077620506287,0.23498614132404327,0.16557008028030396,0.18057137727737427,1.5536147356033325,0.0,618.0,228,2,335,0,0,0,100,100,0,0,0.0,100.0,0,,,False,0,False,not_reached,0.0,0.1
330,1320,722,79,722,3,right+B,0.11009872704744339,0.3087339699268341,0.237071231007576,0.1636122316122055,0.18048380315303802,1.5521947145462036,-1.0,617.0,229,2,334,0,0,0,100,100,0,0,0.0,100.0,0,,,False,0,False,not_reached,0.0,0.1
331,1324,722,79,722,3,right+B,0.11013536900281906,0.31032586097717285,0.2363804131746292,0.16543824970722198,0.1777200698852539,1.5516892671585083,0.0,617.0,230,2,334,0,0,0,100,100,0,0,0.0,100.0,0,,,False,0,False,not_reached,0.0,0.1
332,1328,722,79,722,1,right,0.1100083738565445,0.3101779520511627,0.23711207509040833,0.16253606975078583,0.18016551434993744,1.55125093460083,0.0,617.0,231,2,334,0,0,0,100,100,0,0,0.0,100.0,0,,,False,0,False,not_reached,0.0,0.1
333,1332,722,79,722,1,right,0.11081261187791824,0.31264087557792664,0.22934965789318085,0.17156201601028442,0.17563484609127045,1.5529264211654663,0.0,617.0,232,2,334,0,0,0,100,100,0,0,0.0,100.0,0,,,False,0,False,not_reached,0.0,0.1
334,1336,722,93,722,2,right+A,0.11038246750831604,0.31186845898628235,0.23109926283359528,0.17091207206249237,0.17573773860931396,1.5526819229125977,0.0,617.0,233,2,334,0,0,0,100,100,0,0,0.0,100.0,0,,,False,0,False,not_reached,0.0,0.1
335,1340,722,108,722,1,right,0.10985836386680603,0.3093017637729645,0.2363705039024353,0.16512489318847656,0.17934441566467285,1.552098274230957,-1.0,616.0,234,2,333,0,0,0,100,100,0,0,0.0,100.0,0,,,False,0,False,not_reached,0.0,0.1
336,1344,722,112,722,2,right+A,0.11016632616519928,0.3123526871204376,0.22595812380313873,0.17807447910308838,0.173448383808136,1.553689956665039,0.0,616.0,235,2,333,0,0,0,100,100,0,0,0.0,100.0,0,,,False,0,False,not_reached,0.0,0.1
337,1348,722,106,722,0,NOOP,0.11095844209194183,0.3125312328338623,0.22296224534511566,0.1807047724723816,0.172843337059021,1.554624080657959,0.0,616.0,236,2,333,0,0,0,100,100,0,0,0.0,100.0,0,,,False,0,False,not_reached,0.0,0.1
338,1352,722,89,722,2,right+A,0.11158999800682068,0.3137722909450531,0.2189176082611084,0.18107882142066956,0.17464132606983185,1.5551315546035767,0.0,616.0,237,2,333,0,0,0,100,100,0,0,0.0,100.0,0,,,False,0,False,not_reached,0.0,0.1
339,1356,722,79,722,3,right+B,0.11072643846273422,0.3134770393371582,0.2244471162557602,0.17576691508293152,0.17558249831199646,1.553706407546997,0.0,616.0,238,2,333,0,0,0,100,100,0,0,0.0,100.0,0,,,False,0,False,not_reached,0.0,0.1
340,1360,722,79,722,1,right,0.11105816811323166,0.31309032440185547,0.22543303668498993,0.17455729842185974,0.1758611649274826,1.553835391998291,-1.0,615.0,239,2,332,0,0,0,100,100,0,0,0.0,100.0,0,,,False,0,False,not_reached,0.0,0.1
341,1364,722,79,722,3,right+B,0.11089885234832764,0.31473156809806824,0.21963173151016235,0.1806083619594574,0.17412947118282318,1.5541092157363892,0.0,615.0,240,2,332,0,0,0,100,100,0,0,0.0,100.0,0,,,False,0,False,not_reached,0.0,0.1
342,1368,722,79,722,1,right,0.11149793118238449,0.31501078605651855,0.22006414830684662,0.1785096824169159,0.17491745948791504,1.5541743040084839,0.0,615.0,241,2,332,0,0,0,100,100,0,0,0.0,100.0,0,,,False,0,False,not_reached,0.0,0.1
343,1372,722,79,722,1,right,0.11094498634338379,0.3128748834133148,0.2255275398492813,0.17252150177955627,0.17813105881214142,1.5538421869277954,0.0,615.0,242,2,332,0,0,0,100,100,0,0,0.0,100.0,0,,,False,0,False,not_reached,0.0,0.1
344,1376,722,79,722,0,NOOP,0.11101837456226349,0.3136284053325653,0.22480444610118866,0.174224853515625,0.17632387578487396,1.5536580085754395,0.0,615.0,243,2,332,0,0,0,100,100,0,0,0.0,100.0,0,,,False,0,False,not_reached,0.0,0.1
345,1380,722,93,722,2,right+A,0.11089049279689789,0.31499001383781433,0.2219085693359375,0.17760613560676575,0.17460478842258453,1.5534958839416504,-1.0,614.0,244,2,331,0,0,0,100,100,0,0,0.0,100.0,0,,,False,0,False,not_reached,0.0,0.1
346,1384,722,109,722,4,right+A+B,0.11079557240009308,0.3127810060977936,0.2274966537952423,0.17269931733608246,0.17622734606266022,1.5533463954925537,0.0,614.0,245,2,331,0,0,0,100,100,0,0,0.0,100.0,0,,,False,0,False,not_reached,0.0,0.1
347,1388,722,122,722,2,right+A,0.11069832742214203,0.3127690851688385,0.2260507494211197,0.17725391685962677,0.1732279360294342,1.5536797046661377,0.0,614.0,246,2,331,0,0,0,100,100,0,0,0.0,100.0,0,,,False,0,False,not_reached,0.0,0.1
348,1392,722,132,722,2,right+A,0.11034714430570602,0.314676433801651,0.22755920886993408,0.173468679189682,0.17394854128360748,1.5520274639129639,0.0,614.0,247,2,331,0,0,0,100,100,0,0,0.0,100.0,0,,,False,0,False,not_reached,0.0,0.1
349,1396,723,137,723,1,right,0.1104913055896759,0.31380999088287354,0.22582882642745972,0.1753465235233307,0.17452329397201538,1.5530576705932617,1.0,615.0,0,2,331,0,0,0,100,100,0,0,0.0,100.0,0,,,False,0,False,not_reached,0.0,0.1
350,1400,722,133,723,3,right+B,0.11083455383777618,0.31471437215805054,0.22029061615467072,0.18148688971996307,0.17267350852489471,1.5538959503173828,-1.0,614.0,1,2,330,0,0,0,100,100,0,0,0.0,100.0,0,,,False,0,False,not_reached,0.0,0.1
351,1404,722,117,723,2,right+A,0.11155417561531067,0.31528422236442566,0.21630792319774628,0.1863994002342224,0.17045430839061737,1.5544793605804443,0.0,614.0,2,2,330,0,0,0,100,100,0,0,0.0,100.0,0,,,False,0,False,not_reached,0.0,0.1
352,1408,722,96,723,1,right,0.11117368936538696,0.31543490290641785,0.2260783612728119,0.17329458892345428,0.17401844263076782,1.5523422956466675,0.0,614.0,3,2,330,0,0,0,100,100,0,0,0.0,100.0,0,,,False,0,False,not_reached,0.0,0.1
353,1412,722,79,723,1,right,0.11144830286502838,0.3151089549064636,0.22549092769622803,0.17272363603115082,0.17522823810577393,1.5528044700622559,0.0,614.0,4,2,330,0,0,0,100,100,0,0,0.0,100.0,0,,,False,0,False,not_reached,0.0,0.1
354,1416,722,79,723,1,right,0.1110135018825531,0.31455034017562866,0.22394095361232758,0.17658932507038116,0.17390598356723785,1.5533274412155151,0.0,614.0,5,2,330,0,0,0,100,100,0,0,0.0,100.0,0,,,False,0,False,not_reached,0.0,0.1
355,1420,722,93,723,2,right+A,0.11134611815214157,0.31433823704719543,0.2201235145330429,0.1831929087638855,0.17099922895431519,1.5542868375778198,-1.0,613.0,6,2,329,0,0,0,100,100,0,0,0.0,100.0,0,,,False,0,False,not_reached,0.0,0.1
356,1424,722,109,723,4,right+A+B,0.11097436398267746,0.31153252720832825,0.22726036608219147,0.17098833620548248,0.17924442887306213,1.554134726524353,0.0,613.0,7,2,329,0,0,0,100,100,0,0,0.0,100.0,0,,,False,0,False,not_reached,0.0,0.1
357,1428,722,122,723,4,right+A+B,0.11109394580125809,0.3106411397457123,0.22667452692985535,0.173178032040596,0.17841234803199768,1.5549089908599854,0.0,613.0,8,2,329,0,0,0,100,100,0,0,0.0,100.0,0,,,False,0,False,not_reached,0.0,0.1
358,1432,722,132,723,4,right+A+B,0.10997090488672256,0.3117811679840088,0.2313467264175415,0.16867677867412567,0.17822447419166565,1.5523775815963745,0.0,613.0,9,2,329,0,0,0,100,100,0,0,0.0,100.0,0,,,False,0,False,not_reached,0.0,0.1
359,1436,722,137,723,0,NOOP,0.10957575589418411,0.31077080965042114,0.23239830136299133,0.16874238848686218,0.17851273715496063,1.5524760484695435,0.0,613.0,10,2,329,0,0,0,100,100,0,0,0.0,100.0,0,,,False,0,False,not_reached,0.0,0.1
360,1440,722,133,723,2,right+A,0.10985270142555237,0.31176993250846863,0.2261519879102707,0.1771821230649948,0.17504318058490753,1.5538517236709595,-1.0,612.0,11,2,328,0,0,0,100,100,0,0,0.0,100.0,0,,,False,0,False,not_reached,0.0,0.1
361,1444,722,117,723,2,right+A,0.11085708439350128,0.3119976818561554,0.2224014401435852,0.18073630332946777,0.17400746047496796,1.5550315380096436,0.0,612.0,12,2,328,0,0,0,100,100,0,0,0.0,100.0,0,,,False,0,False,not_reached,0.0,0.1
362,1448,722,96,723,2,right+A,0.11038558930158615,0.3126244843006134,0.23035401105880737,0.16865092515945435,0.17798501253128052,1.5523594617843628,0.0,612.0,13,2,328,0,0,0,100,100,0,0,0.0,100.0,0,,,False,0,False,not_reached,0.0,0.1
363,1452,722,79,723,0,NOOP,0.11071927100419998,0.3126710057258606,0.2294422835111618,0.16878721117973328,0.17838017642498016,1.552732229232788,0.0,612.0,14,2,328,0,0,0,100,100,0,0,0.0,100.0,0,,,False,0,False,not_reached,0.0,0.1
364,1456,722,79,723,3,right+B,0.11059784889221191,0.3122022747993469,0.22778496146202087,0.17151297628879547,0.1779019683599472,1.5534764528274536,0.0,612.0,15,2,328,0,0,0,100,100,0,0,0.0,100.0,0,,,False,0,False,not_reached,0.0,0.1
365,1460,722,93,723,2,right+A,0.11087716370820999,0.31202632188796997,0.22405016422271729,0.17813299596309662,0.17491339147090912,1.554690957069397,-1.0,611.0,16,2,327,0,0,0,100,100,0,0,0.0,100.0,0,,,False,0,False,not_reached,0.0,0.1
366,1464,722,108,723,1,right,0.11070506274700165,0.3104252517223358,0.22868788242340088,0.16954390704631805,0.1806379109621048,1.5541924238204956,0.0,611.0,17,2,327,0,0,0,100,100,0,0,0.0,100.0,0,,,False,0,False,not_reached,0.0,0.1
367,1468,722,112,723,4,right+A+B,0.11113210022449493,0.3104659616947174,0.22680433094501495,0.17262832820415497,0.1789693385362625,1.554975152015686,0.0,611.0,18,2,327,0,0,0,100,100,0,0,0.0,100.0,0,,,False,0,False,not_reached,0.0,0.1
368,1472,722,106,723,1,right,0.11068689823150635,0.3104574978351593,0.2284930795431137,0.17341740429401398,0.17694513499736786,1.554375410079956,0.0,611.0,19,2,327,0,0,0,100,100,0,0,0.0,100.0,0,,,False,0,False,not_reached,0.0,0.1
369,1476,722,89,723,2,right+A,0.11073420196771622,0.310967355966568,0.2268725335597992,0.1763656735420227,0.17506025731563568,1.5545436143875122,0.0,611.0,20,2,327,0,0,0,100,100,0,0,0.0,100.0,0,,,False,0,False,not_reached,0.0,0.1
370,1480,722,79,723,2,right+A,0.10991108417510986,0.3119470477104187,0.23093636333942413,0.17332226037979126,0.17388322949409485,1.5525016784667969,-1.0,610.0,21,2,326,0,0,0,100,100,0,0,0.0,100.0,0,,,False,0,False,not_reached,0.0,0.1
371,1484,722,79,723,1,right,0.10966136306524277,0.3095167875289917,0.23753158748149872,0.16574040055274963,0.1775498241186142,1.5516016483306885,0.0,610.0,22,2,326,0,0,0,100,100,0,0,0.0,100.0,0,,,False,0,False,not_reached,0.0,0.1
372,1488,722,79,723,1,right,0.1097932681441307,0.31128624081611633,0.23061369359493256,0.1729712337255478,0.17533552646636963,1.5529166460037231,0.0,610.0,23,2,326,0,0,0,100,100,0,0,0.0,100.0,0,,,False,0,False,not_reached,0.0,0.1
373,1492,722,79,723,1,right,0.11040803045034409,0.3117067217826843,0.2286820262670517,0.17244209349155426,0.17676103115081787,1.5534683465957642,0.0,610.0,24,2,326,0,0,0,100,100,0,0,0.0,100.0,0,,,False,0,False,not_reached,0.0,0.1
374,1496,722,79,723,0,NOOP,0.11049427837133408,0.3116708993911743,0.2289050817489624,0.1709786057472229,0.17795106768608093,1.5534253120422363,0.0,610.0,25,2,326,0,0,0,100,100,0,0,0.0,100.0,0,,,False,0,False,not_reached,0.0,0.1
375,1500,722,79,723,3,right+B,0.11061777919530869,0.31157147884368896,0.22897353768348694,0.17080271244049072,0.1780344694852829,1.5535155534744263,-1.0,609.0,26,2,325,0,0,0,100,100,0,0,0.0,100.0,0,,,False,0,False,not_reached,0.0,0.1
376,1504,722,79,723,1,right,0.11066612601280212,0.3118489384651184,0.2292860746383667,0.17007777094841003,0.17812107503414154,1.5532726049423218,0.0,609.0,27,2,325,0,0,0,100,100,0,0,0.0,100.0,0,,,False,0,False,not_reached,0.0,0.1
377,1508,722,93,723,2,right+A,0.11070496588945389,0.31211209297180176,0.22815097868442535,0.17169274389743805,0.17733916640281677,1.553492784500122,0.0,609.0,28,2,325,0,0,0,100,100,0,0,0.0,100.0,0,,,False,0,False,not_reached,0.0,0.1
378,1512,722,109,723,2,right+A,0.1107693761587143,0.3112902343273163,0.22849616408348083,0.16916197538375854,0.18028230965137482,1.5537745952606201,0.0,609.0,29,2,325,0,0,0,100,100,0,0,0.0,100.0,0,,,False,0,False,not_reached,0.0,0.1
379,1516,722,122,723,2,right+A,0.11106757074594498,0.3119269013404846,0.2254064828157425,0.17343387007713318,0.17816510796546936,1.554487943649292,0.0,609.0,30,2,325,0,0,0,100,100,0,0,0.0,100.0,0,,,False,0,False,not_reached,0.0,0.1
380,1520,722,130,723,1,right,0.11028427630662918,0.3128415644168854,0.22935865819454193,0.16835205256938934,0.17916347086429596,1.5524230003356934,-1.0,608.0,31,2,324,0,0,0,100,100,0,0,0.0,100.0,0,,,False,0,False,not_reached,0.0,0.1
381,1524,722,129,723,4,right+A+B,0.11029993742704391,0.3141799569129944,0.22534433007240295,0.1744733601808548,0.17570242285728455,1.5528751611709595,0.0,608.0,32,2,324,0,0,0,100,100,0,0,0.0,100.0,0,,,False,0,False,not_reached,0.0,0.1
382,1528,722,117,723,2,right+A,0.11021854728460312,0.3136942684650421,0.2250204086303711,0.17746828496456146,0.17359845340251923,1.5531822443008423,0.0,608.0,33,2,324,0,0,0,100,100,0,0,0.0,100.0,0,,,False,0,False,not_reached,0.0,0.1
383,1532,722,97,723,0,NOOP,0.11033416539430618,0.3141920864582062,0.2239866852760315,0.1785208284854889,0.17296627163887024,1.553178071975708,0.0,608.0,34,2,324,0,0,0,100,100,0,0,0.0,100.0,0,,,False,0,False,not_reached,0.0,0.1
384,1536,722,79,723,1,right,0.110029436647892,0.3148435950279236,0.22418636083602905,0.17745041847229004,0.1734902262687683,1.5526293516159058,0.0,608.0,35,2,324,0,0,0,100,100,0,0,0.0,100.0,0,,,False,0,False,not_reached,0.0,0.1
385,1540,722,93,723,4,right+A+B,0.1100967526435852,0.3131944239139557,0.22537721693515778,0.17580632865428925,0.17552532255649567,1.5533478260040283,-1.0,607.0,36,2,323,0,0,0,100,100,0,0,0.0,100.0,0,,,False,0,False,not_reached,0.0,0.1
386,1544,722,108,723,1,right,0.11138364672660828,0.315226286649704,0.21540160477161407,0.18599674105644226,0.17199164628982544,1.5546847581863403,0.0,607.0,37,2,323,0,0,0,100,100,0,0,0.0,100.0,0,,,False,0,False,not_reached,0.0,0.1
387,1548,722,112,723,4,right+A+B,0.11145558208227158,0.3145192861557007,0.21734482049942017,0.1828315258026123,0.17384885251522064,1.5549085140228271,0.0,607.0,38,2,323,0,0,0,100,100,0,0,0.0,100.0,0,,,False,0,False,not_reached,0.0,0.1
388,1552,722,106,723,3,right+B,0.1113157719373703,0.31285709142684937,0.2213396430015564,0.17796260118484497,0.17652489244937897,1.5550581216812134,0.0,607.0,39,2,323,0,0,0,100,100,0,0,0.0,100.0,0,,,False,0,False,not_reached,0.0,0.1
389,1556,722,89,723,3,right+B,0.11121219396591187,0.3127548396587372,0.2214599996805191,0.1784038543701172,0.17616906762123108,1.555037021636963,0.0,607.0,40,2,323,0,0,0,100,100,0,0,0.0,100.0,0,,,False,0,False,not_reached,0.0,0.1
390,1560,722,79,723,0,NOOP,0.11071252077817917,0.31538552045822144,0.22093304991722107,0.18023355305194855,0.17273525893688202,1.553338885307312,-1.0,606.0,41,2,322,0,0,0,100,100,0,0,0.0,100.0,0,,,False,0,False,not_reached,0.0,0.1
391,1564,722,93,723,2,right+A,0.11081145703792572,0.315163791179657,0.22400201857089996,0.17526459693908691,0.1747581511735916,1.5528700351715088,0.0,606.0,42,2,322,0,0,0,100,100,0,0,0.0,100.0,0,,,False,0,False,not_reached,0.0,0.1
392,1568,722,109,723,4,right+A+B,0.11099018156528473,0.314799427986145,0.2194962352514267,0.18059682846069336,0.174117311835289,1.5541419982910156,0.0,606.0,43,2,322,0,0,0,100,100,0,0,0.0,100.0,0,,,False,0,False,not_reached,0.0,0.1
393,1572,722,121,723,3,right+B,0.11090533435344696,0.31353750824928284,0.21862562000751495,0.18321478366851807,0.173716738820076,1.5549334287643433,0.0,606.0,44,2,322,0,0,0,100,100,0,0,0.0,100.0,0,,,False,0,False,not_reached,0.0,0.1
394,1576,722,122,723,1,right,0.10972179472446442,0.3124901354312897,0.23059724271297455,0.16903957724571228,0.17815127968788147,1.5520737171173096,0.0,606.0,45,2,322,0,0,0,100,100,0,0,0.0,100.0,0,,,False,0,False,not_reached,0.0,0.1
395,1580,722,113,723,2,right+A,0.10968589782714844,0.3149644136428833,0.2254103571176529,0.17304205894470215,0.17689724266529083,1.5520942211151123,-1.0,605.0,46,2,321,0,0,0,100,100,0,0,0.0,100.0,0,,,False,0,False,not_reached,0.0,0.1
396,1584,722,94,723,1,right,0.1102566346526146,0.3161734640598297,0.22340615093708038,0.17582038044929504,0.17434333264827728,1.552163004875183,0.0,605.0,47,2,321,0,0,0,100,100,0,0,0.0,100.0,0,,,False,0,False,not_reached,0.0,0.1
397,1588,722,79,723,2,right+A,0.11049114167690277,0.3141329288482666,0.220984548330307,0.18147385120391846,0.17291750013828278,1.5539220571517944,0.0,605.0,48,2,321,0,0,0,100,100,0,0,0.0,100.0,0,,,False,0,False,not_reached,0.0,0.1
398,1592,722,79,723,4,right+A+B,0.11021841317415237,0.31357988715171814,0.2221767008304596,0.18185555934906006,0.17216946184635162,1.5538132190704346,0.0,605.0,49,2,321,0,0,0,100,100,0,0,0.0,100.0,0,,,False,0,False,not_reached,0.0,0.1
399,1596,722,79,723,1,right,0.11081448197364807,0.31113967299461365,0.22579540312290192,0.17830590903759003,0.17394454777240753,1.5547293424606323,0.0,605.0,50,2,321,0,0,0,100,100,0,0,0.0,100.0,0,,,False,0,False,not_reached,0.0,0.1
400,1600,722,79,723,1,right,0.11042377352714539,0.31384143233299255,0.2253970503807068,0.17462158203125,0.17571616172790527,1.553117275238037,-1.0,604.0,51,2,320,0,0,0,100,100,0,0,0.0,100.0,0,,,False,0,False,not_reached,0.0,0.1
401,1604,722,79,723,3,right+B,0.11010288447141647,0.31386783719062805,0.22952616214752197,0.1706208437681198,0.17588229477405548,1.551815390586853,0.0,604.0,52,2,320,0,0,0,100,100,0,0,0.0,100.0,0,,,False,0,False,not_reached,0.0,0.1
402,1608,722,79,723,3,right+B,0.11041901260614395,0.3118407428264618,0.23039181530475616,0.17168621718883514,0.17566220462322235,1.5529271364212036,0.0,604.0,53,2,320,0,0,0,100,100,0,0,0.0,100.0,0,,,False,0,False,not_reached,0.0,0.1
403,1612,722,79,723,0,NOOP,0.10967767983675003,0.30750447511672974,0.24033582210540771,0.15957315266132355,0.18290884792804718,1.5512678623199463,0.0,604.0,54,2,320,0,0,0,100,100,0,0,0.0,100.0,0,,,False,0,False,not_reached,0.0,0.1
404,1616,722,93,723,2,right+A,0.11005721986293793,0.3074195981025696,0.23866812884807587,0.15910515189170837,0.18474984169006348,1.551881194114685,0.0,604.0,55,2,320,0,0,0,100,100,0,0,0.0,100.0,0,,,False,0,False,not_reached,0.0,0.1
405,1620,722,108,723,0,NOOP,0.11071751266717911,0.3078871965408325,0.23653823137283325,0.15943539142608643,0.1854216307401657,1.5525665283203125,-1.0,603.0,56,2,319,0,0,0,100,100,0,0,0.0,100.0,0,,,False,0,False,not_reached,0.0,0.1
406,1624,722,112,723,2,right+A,0.11022615432739258,0.30779603123664856,0.23438818752765656,0.16782398521900177,0.17976568639278412,1.5538344383239746,0.0,603.0,57,2,319,0,0,0,100,100,0,0,0.0,100.0,0,,,False,0,False,not_reached,0.0,0.1
407,1628,722,106,723,3,right+B,0.10973724722862244,0.30839723348617554,0.2340884804725647,0.17394892871379852,0.173828125,1.5535610914230347,0.0,603.0,58,2,319,0,0,0,100,100,0,0,0.0,100.0,0,,,False,0,False,not_reached,0.0,0.1
408,1632,722,89,723,4,right+A+B,0.11068665981292725,0.30897143483161926,0.2284417748451233,0.1805146336555481,0.1713854819536209,1.5551316738128662,0.0,603.0,59,2,319,0,0,0,100,100,0,0,0.0,100.0,0,,,False,0,False,not_reached,0.0,0.1
409,1636,722,79,723,3,right+B,0.11020322889089584,0.31177493929862976,0.22857888042926788,0.17884671688079834,0.17059624195098877,1.5532920360565186,0.0,603.0,60,2,319,0,0,0,100,100,0,0,0.0,100.0,0,,,False,0,False,not_reached,0.0,0.1
410,1640,722,79,723,1,right,0.11089939624071121,0.3117671608924866,0.23114867508411407,0.17283517122268677,0.17334963381290436,1.5529922246932983,-1.0,602.0,61,2,318,0,0,0,100,100,0,0,0.0,100.0,0,,,False,0,False,not_reached,0.0,0.1
411,1644,722,79,723,1,right,0.11142129451036453,0.31429287791252136,0.2203647494316101,0.1829593926668167,0.1709616482257843,1.5543015003204346,0.0,602.0,62,2,318,0,0,0,100,100,0,0,0.0,100.0,0,,,False,0,False,not_reached,0.0,0.1
412,1648,722,93,723,4,right+A+B,0.11104754358530045,0.3098190724849701,0.22529684007167816,0.17990106344223022,0.17393550276756287,1.5556820631027222,0.0,602.0,63,2,318,0,0,0,100,100,0,0,0.0,100.0,0,,,False,0,False,not_reached,0.0,0.1
413,1652,722,109,723,2,right+A,0.11013107001781464,0.30661025643348694,0.23289960622787476,0.17217320203781128,0.1781858205795288,1.5550496578216553,0.0,602.0,64,2,318,0,0,0,100,100,0,0,0.0,100.0,0,,,False,0,False,not_reached,0.0,0.1
414,1656,722,122,723,2,right+A,0.1116257980465889,0.311029851436615,0.22320540249347687,0.17852355539798737,0.17561545968055725,1.5558034181594849,0.0,602.0,65,2,318,0,0,0,100,100,0,0,0.0,100.0,0,,,False,0,False,not_reached,0.0,0.1
415,1660,722,132,723,2,right+A,0.11140020936727524,0.31320101022720337,0.22523605823516846,0.17549261450767517,0.17467014491558075,1.553977608680725,-1.0,601.0,66,2,317,0,0,0,100,100,0,0,0.0,100.0,0,,,False,0,False,not_reached,0.0,0.1
416,1664,722,139,723,2,right+A,0.11015108227729797,0.3108283579349518,0.23294618725776672,0.1698535680770874,0.17622077465057373,1.5526223182678223,0.0,601.0,67,2,317,0,0,0,100,100,0,0,0.0,100.0,0,,,False,0,False,not_reached,0.0,0.1
417,1668,724,143,724,0,NOOP,0.11151516437530518,0.3132683336734772,0.22011978924274445,0.18502074480056763,0.170075923204422,1.5548722743988037,1.0,602.0,0,2,317,0,0,0,100,100,0,0,0.0,100.0,0,,,False,0,False,not_reached,0.0,0.1
418,1672,725,143,725,1,right,0.1109524741768837,0.3094334900379181,0.2291540652513504,0.17768430709838867,0.1727757602930069,1.5548884868621826,1.0,603.0,0,2,317,0,0,0,100,100,0,0,0.0,100.0,0,,,False,0,False,not_reached,0.0,0.1
419,1676,727,157,727,2,right+A,0.1102440133690834,0.3112885653972626,0.2199752926826477,0.18959186971187592,0.16890022158622742,1.5551235675811768,2.0,605.0,0,2,317,0,0,0,100,100,0,0,0.0,100.0,0,,,False,0,False,not_reached,0.0,0.1
420,1680,731,172,731,1,right,0.11015354841947556,0.3119126558303833,0.22614482045173645,0.18297520279884338,0.16881373524665833,1.553634762763977,3.0,608.0,0,2,316,0,0,0,100,100,0,0,0.0,100.0,0,,,False,0,False,not_reached,0.0,0.1
421,1684,735,176,735,3,right+B,0.11034459620714188,0.31124821305274963,0.21379758417606354,0.20687206089496613,0.15773753821849823,1.5535968542099,4.0,612.0,0,2,316,0,0,0,100,100,0,0,0.0,100.0,0,,,False,0,False,not_reached,0.0,0.1
422,1688,740,170,740,0,NOOP,0.1123136654496193,0.31397002935409546,0.22509261965751648,0.18234984576702118,0.1662738174200058,1.5536013841629028,5.0,617.0,0,2,316,0,0,0,100,100,0,0,0.0,100.0,0,,,False,0,False,not_reached,0.0,0.1
423,1692,745,153,745,1,right,0.11242693662643433,0.3169976770877838,0.16435012221336365,0.26801151037216187,0.13821375370025635,1.5330822467803955,5.0,622.0,0,2,316,0,0,0,100,100,0,0,0.0,100.0,0,,,False,0,False,not_reached,0.0,0.1
424,1696,752,143,752,1,right,0.11254220455884933,0.3164318799972534,0.1691822111606598,0.2513625919818878,0.15048111975193024,1.5426361560821533,7.0,629.0,0,2,316,0,0,0,100,100,0,0,0.0,100.0,0,,,False,0,False,not_reached,0.0,0.1
425,1700,759,143,759,1,right,0.11168573051691055,0.3199180066585541,0.1736072152853012,0.23988138139247894,0.15490761399269104,1.5447577238082886,6.0,635.0,0,2,315,0,0,0,100,100,0,0,0.0,100.0,0,,,False,0,False,not_reached,0.0,0.1
426,1704,766,157,766,2,right+A,0.1124161034822464,0.3089665472507477,0.207307368516922,0.19050996005535126,0.18080002069473267,1.5598969459533691,7.0,642.0,0,2,315,0,0,0,100,100,0,0,0.0,100.0,0,,,False,0,False,not_reached,0.0,0.1
427,1708,773,173,773,2,right+A,0.11214469373226166,0.3095071315765381,0.21262376010417938,0.1815354824066162,0.18418894708156586,1.5589057207107544,7.0,649.0,0,2,315,0,0,0,100,100,0,0,0.0,100.0,0,,,False,0,False,not_reached,0.0,0.1
428,1712,780,185,780,0,NOOP,0.11608762294054031,0.3070661723613739,0.20533594489097595,0.19093167781829834,0.1805785745382309,1.562832236289978,7.0,656.0,0,2,315,0,0,0,100,100,0,0,0.0,100.0,0,,,False,0,False,not_reached,0.0,0.1
429,1716,787,189,787,3,right+B,0.11530476808547974,0.2993701994419098,0.2529416084289551,0.14816193282604218,0.18422150611877441,1.5523738861083984,7.0,663.0,0,2,315,0,0,0,100,100,0,0,0.0,100.0,0,,,False,0,False,not_reached,0.0,0.1
430,1720,794,183,794,0,NOOP,0.1165342926979065,0.3157307505607605,0.21570350229740143,0.18163833022117615,0.17039315402507782,1.5567137002944946,6.0,669.0,0,2,314,0,0,0,100,100,0,0,0.0,100.0,0,,,False,0,False,not_reached,0.0,0.1
431,1724,801,169,801,4,right+A+B,0.11664534360170364,0.3057985007762909,0.2369234263896942,0.1690203845500946,0.17161241173744202,1.5570626258850098,7.0,676.0,0,2,314,0,0,0,100,100,0,0,0.0,100.0,0,,,False,0,False,not_reached,0.0,0.1
432,1728,808,149,808,2,right+A,0.11730364710092545,0.31006529927253723,0.22886592149734497,0.17217932641506195,0.1715858280658722,1.5572988986968994,7.0,683.0,0,2,314,0,0,0,100,100,0,0,0.0,100.0,0,,,False,0,False,not_reached,0.0,0.1
433,1732,815,129,815,1,right,0.11929893493652344,0.308117151260376,0.22936546802520752,0.1657891869544983,0.17742930352687836,1.5588468313217163,7.0,690.0,0,2,314,0,0,0,100,100,0,0,0.0,100.0,0,,,False,0,False,not_reached,0.0,0.1
434,1736,822,109,822,1,right,0.11834122240543365,0.3111000657081604,0.17261791229248047,0.25200289487838745,0.14593787491321564,1.5472559928894043,7.0,697.0,0,2,314,0,0,0,100,100,0,0,0.0,100.0,0,,,False,0,False,not_reached,0.0,0.1
435,1740,829,89,829,3,right+B,0.11690188199281693,0.30369171500205994,0.20132149755954742,0.226189523935318,0.15189535915851593,1.557991862297058,6.0,703.0,0,2,313,0,0,0,100,100,0,0,0.0,100.0,0,,,False,0,False,not_reached,0.0,0.1
436,1744,836,101,836,1,right,0.1131233274936676,0.30486252903938293,0.1901005655527115,0.23854726552963257,0.1533663123846054,1.5537103414535522,7.0,710.0,0,2,313,0,0,0,100,100,0,0,0.0,100.0,0,,,False,0,False,not_reached,0.0,0.1
437,1748,843,105,843,1,right,0.11290015280246735,0.3049176037311554,0.2030901163816452,0.19493240118026733,0.1841597706079483,1.5624895095825195,8.0,718.0,0,2,313,0,0,0,200,200,0,0,0.0,200.0,0,,,False,0,False,not_reached,0.1,0.2
438,1752,850,100,850,2,right+A,0.10940765589475632,0.2965976297855377,0.22707383334636688,0.1776173710823059,0.1893034726381302,1.5612165927886963,7.0,725.0,0,2,313,0,0,0,200,200,0,0,0.0,200.0,0,,,False,0,False,not_reached,0.0,0.2
439,1756,857,85,857,1,right,0.10596609115600586,0.27506202459335327,0.27737709879875183,0.1207112967967987,0.22088341414928436,1.5373828411102295,7.0,732.0,0,2,313,0,0,0,200,200,0,0,0.0,200.0,0,,,False,0,False,not_reached,0.0,0.2
440,1760,864,79,864,3,right+B,0.10369487851858139,0.2567152678966522,0.3064706027507782,0.08670234680175781,0.2464168518781662,1.5036991834640503,6.0,738.0,0,2,312,0,0,0,200,200,0,0,0.0,200.0,0,,,False,0,False,not_reached,0.0,0.2
441,1764,873,79,873,1,right,0.09600647538900375,0.22127003967761993,0.3558177649974823,0.057614393532276154,0.26929137110710144,1.4441431760787964,9.0,747.0,0,2,312,0,0,0,200,200,0,0,0.0,200.0,0,,,False,0,False,not_reached,0.0,0.2
442,1768,884,79,884,1,right,0.0889313817024231,0.20140030980110168,0.3965640664100647,0.04066465049982071,0.27243953943252563,1.3892172574996948,11.0,758.0,0,2,312,0,0,0,200,200,0,0,0.0,200.0,0,,,False,0,False,not_reached,0.0,0.2
443,1772,896,97,896,4,right+A+B,0.10574720054864883,0.26903077960014343,0.3211977779865265,0.08187644928693771,0.22214777767658234,1.4946861267089844,12.0,770.0,0,2,312,0,0,0,200,200,0,0,0.0,200.0,0,,,False,0,False,not_reached,0.0,0.2
444,1776,898,117,898,2,right+A,0.11026287078857422,0.3142731189727783,0.28317421674728394,0.11242824792861938,0.17986147105693817,1.518435001373291,2.0,772.0,0,2,312,0,0,0,200,200,0,0,0.0,200.0,0,,,False,0,False,not_reached,0.0,0.2
445,1780,898,133,898,4,right+A+B,0.11222948133945465,0.3609734773635864,0.17565277218818665,0.21132901310920715,0.13981521129608154,1.522341012954712,-1.0,771.0,1,2,311,0,0,0,200,200,0,0,0.0,200.0,0,,,False,0,False,not_reached,0.0,0.2
446,1784,899,145,899,1,right,0.11026661098003387,0.3617272973060608,0.14994589984416962,0.2586047947406769,0.11945542693138123,1.4990406036376953,1.0,772.0,0,2,311,0,0,0,200,200,0,0,0.0,200.0,0,,,False,0,False,not_reached,0.0,0.2
447,1788,902,144,902,1,right,0.11083786189556122,0.3587135076522827,0.16855770349502563,0.2243063747882843,0.13758456707000732,1.5198674201965332,3.0,775.0,0,2,311,0,0,0,200,200,0,0,0.0,200.0,0,,,False,0,False,not_reached,0.0,0.2
448,1792,906,143,906,3,right+B,0.10845298320055008,0.3633960783481598,0.19713373482227325,0.19029247760772705,0.14072474837303162,1.5205798149108887,4.0,779.0,0,2,311,0,0,0,200,200,0,0,0.0,200.0,0,,,False,0,False,not_reached,0.0,0.2
449,1796,913,143,913,1,right,0.10861846059560776,0.36299851536750793,0.19974610209465027,0.18704062700271606,0.14159639179706573,1.5210528373718262,7.0,786.0,0,2,311,0,0,0,200,200,0,0,0.0,200.0,0,,,False,0,False,not_reached,0.0,0.2
450,1800,921,161,921,2,right+A,0.10971436649560928,0.35739368200302124,0.2080768197774887,0.16964249312877655,0.15517263114452362,1.5269091129302979,7.0,793.0,0,2,310,0,0,0,200,200,0,0,0.0,200.0,0,,,False,0,False,not_reached,0.0,0.2
451,1804,930,179,930,3,right+B,0.10610483586788177,0.3374404013156891,0.235508531332016,0.14380407333374023,0.17714209854602814,1.5306369066238403,9.0,802.0,0,2,310,0,0,0,200,200,0,0,0.0,200.0,0,,,False,0,False,not_reached,0.0,0.2
452,1808,942,185,942,3,right+B,0.10639341920614243,0.35345667600631714,0.16237951815128326,0.2318330556154251,0.14593729376792908,1.5209026336669922,12.0,814.0,0,2,310,0,0,0,200,200,0,0,0.0,200.0,0,,,False,0,False,not_reached,0.0,0.2
453,1812,954,178,954,4,right+A+B,0.10362061113119125,0.35388651490211487,0.14306572079658508,0.2682608962059021,0.13116632401943207,1.5001171827316284,12.0,826.0,0,2,310,0,0,0,200,200,0,0,0.0,200.0,0,,,False,0,False,not_reached,0.0,0.2
454,1816,966,158,966,3,right+B,0.10051294416189194,0.34970396757125854,0.12510935962200165,0.28862226009368896,0.13605138659477234,1.488433599472046,12.0,838.0,0,2,310,0,0,0,200,200,0,0,0.0,200.0,0,,,False,0,False,not_reached,0.0,0.2
455,1820,978,136,978,1,right,0.10760972648859024,0.3430434763431549,0.1104549691081047,0.29080256819725037,0.14808927476406097,1.4922735691070557,11.0,849.0,0,2,309,0,0,0,200,200,0,0,0.0,200.0,0,,,False,0,False,not_reached,0.0,0.2
456,1824,990,116,990,2,right+A,0.1141880676150322,0.3396899700164795,0.12551960349082947,0.2627367079257965,0.15786556899547577,1.517634630203247,12.0,861.0,0,2,309,0,0,0,200,200,0,0,0.0,200.0,0,,,False,0,False,not_reached,0.0,0.2
457,1828,1002,96,1002,1,right,0.1114259883761406,0.33940809965133667,0.16075344383716583,0.22556744515895844,0.16284503042697906,1.5365564823150635,12.0,873.0,0,2,309,0,0,0,200,200,0,0,0.0,200.0,0,,,False,0,False,not_reached,0.0,0.2
458,1832,1014,79,1014,2,right+A,0.10334618389606476,0.3217983841896057,0.26583534479141235,0.15714019536972046,0.1518799513578415,1.5286750793457031,12.0,885.0,0,2,309,0,0,0,200,200,0,0,0.0,200.0,0,,,False,0,False,not_reached,0.0,0.2
459,1836,1021,79,1021,4,right+A+B,0.0923096090555191,0.29876193404197693,0.33228057622909546,0.10779021680355072,0.1688576638698578,1.4874298572540283,7.0,892.0,0,2,309,0,0,0,200,200,0,0,0.0,200.0,0,,,False,0,False,not_reached,0.0,0.2
460,1840,1031,79,1031,1,right,0.08457203209400177,0.2546064555644989,0.3711176812648773,0.06616978347301483,0.22353404760360718,1.4396647214889526,9.0,901.0,0,2,308,0,0,0,200,200,0,0,0.0,200.0,0,,,False,0,False,not_reached,0.0,0.2
461,1844,1042,97,1042,2,right+A,0.08944892883300781,0.26033177971839905,0.33305108547210693,0.072391077876091,0.244777113199234,1.4670439958572388,11.0,912.0,0,2,308,0,0,0,200,200,0,0,0.0,200.0,0,,,False,0,False,not_reached,0.0,0.2
462,1848,1054,117,1054,2,right+A,0.10421694070100784,0.3065814673900604,0.23241795599460602,0.1301269233226776,0.2266566902399063,1.5390660762786865,12.0,924.0,0,2,308,0,0,0,200,200,0,0,0.0,200.0,0,,,False,0,False,not_reached,0.0,0.2
463,1852,1066,133,1066,4,right+A+B,0.10837173461914062,0.3291589915752411,0.15937554836273193,0.21353277564048767,0.1895609200000763,1.5442159175872803,12.0,936.0,0,2,308,0,0,0,200,200,0,0,0.0,200.0,0,,,False,0,False,not_reached,0.0,0.2
464,1856,1078,145,1078,3,right+B,0.11055351048707962,0.32780009508132935,0.15090732276439667,0.2044823318719864,0.2062566727399826,1.5446317195892334,12.0,948.0,0,2,308,0,0,0,200,200,0,0,0.0,200.0,0,,,False,0,False,not_reached,0.0,0.2
465,1860,1090,144,1090,4,right+A+B,0.1107819527387619,0.27953824400901794,0.20723605155944824,0.10900721698999405,0.29343655705451965,1.5275917053222656,11.0,959.0,0,2,307,0,0,0,200,200,0,0,0.0,200.0,0,,,False,0,False,not_reached,0.0,0.2
466,1864,1102,129,1102,1,right,0.10971661657094955,0.26646050810813904,0.23615670204162598,0.09993444383144379,0.28773173689842224,1.5243033170700073,12.0,971.0,0,2,307,0,0,0,200,200,0,0,0.0,200.0,0,,,False,0,False,not_reached,0.0,0.2
467,1868,1114,109,1114,4,right+A+B,0.10927930474281311,0.2776700258255005,0.27781978249549866,0.09881826490163803,0.23641270399093628,1.523200273513794,12.0,983.0,0,2,307,0,0,0,200,200,0,0,0.0,200.0,0,,,False,0,False,not_reached,0.0,0.2
468,1872,1126,89,1126,4,right+A+B,0.10278641432523727,0.28025299310684204,0.32731524109840393,0.09752026200294495,0.1921250969171524,1.499833583831787,12.0,995.0,0,2,307,0,0,0,200,200,0,0,0.0,200.0,0,,,False,0,False,not_reached,0.0,0.2
469,1876,1135,79,1135,1,right,0.09817555546760559,0.27985042333602905,0.35253626108169556,0.09736577421426773,0.17207196354866028,1.4814214706420898,9.0,1004.0,0,2,307,0,0,0,200,200,0,0,0.0,200.0,0,,,False,0,False,not_reached,0.0,0.2
470,1880,1142,93,1142,2,right+A,0.09312846511602402,0.26375845074653625,0.3808206617832184,0.09433707594871521,0.16795527935028076,1.4625974893569946,6.0,1010.0,0,2,306,0,0,0,200,200,0,0,0.0,200.0,0,,,False,0,False,not_reached,0.0,0.2
471,1884,1149,108,1149,1,right,0.10032137483358383,0.3046116232872009,0.3060326874256134,0.14366140961647034,0.14537286758422852,1.5142263174057007,7.0,1017.0,0,2,306,0,0,0,200,200,0,0,0.0,200.0,0,,,False,0,False,not_reached,0.0,0.2
472,1888,1156,114,1156,1,right,0.10412363708019257,0.3077642023563385,0.285414457321167,0.13268204033374786,0.17001570761203766,1.525314211845398,7.0,1024.0,0,2,306,0,0,0,200,200,0,0,0.0,200.0,0,,,False,0,False,not_reached,0.0,0.2
473,1892,1163,112,1163,2,right+A,0.09409578889608383,0.29037216305732727,0.3370146155357361,0.11683696508407593,0.1616804301738739,1.4934581518173218,7.0,1031.0,0,2,306,0,0,0,200,200,0,0,0.0,200.0,0,,,False,0,False,not_reached,0.0,0.2
474,1896,1170,100,1170,3,right+B,0.08796501904726028,0.26192721724510193,0.3934338688850403,0.0891943946480751,0.16747954487800598,1.446584939956665,7.0,1038.0,0,2,306,0,0,0,200,200,0,0,0.0,200.0,0,,,False,0,False,not_reached,0.0,0.2
475,1900,1177,79,1177,2,right+A,0.08482330292463303,0.2402322143316269,0.4205150008201599,0.07718624174594879,0.17724324762821198,1.4205507040023804,6.0,1044.0,0,2,305,0,0,0,200,200,0,0,0.0,200.0,0,,,False,0,False,not_reached,0.0,0.2
476,1904,1184,79,1184,2,right+A,0.08016815781593323,0.20040258765220642,0.461795836687088,0.0530959852039814,0.20453737676143646,1.3617186546325684,7.0,1051.0,0,2,305,0,0,0,200,200,0,0,0.0,200.0,0,,,False,0,False,not_reached,0.0,0.2
477,1908,1191,79,1191,1,right,0.0895354300737381,0.21447442471981049,0.42906466126441956,0.06129737198352814,0.20562806725502014,1.4056915044784546,7.0,1058.0,0,2,305,0,0,0,200,200,0,0,0.0,200.0,0,,,False,0,False,not_reached,0.0,0.2
478,1912,1198,93,1198,4,right+A+B,0.10927540808916092,0.2677472233772278,0.3350283205509186,0.1090918630361557,0.1788572371006012,1.5106470584869385,7.0,1065.0,0,2,305,0,0,0,200,200,0,0,0.0,200.0,0,,,False,0,False,not_reached,0.0,0.2
479,1916,1205,109,1205,2,right+A,0.11739511042833328,0.3141816258430481,0.2605392634868622,0.17648401856422424,0.13140001893043518,1.5384585857391357,7.0,1072.0,0,2,305,0,0,0,200,200,0,0,0.0,200.0,0,,,False,0,False,not_reached,0.0,0.2
480,1920,1212,121,1212,3,right+B,0.1194978654384613,0.3278403580188751,0.1929527372121811,0.26546511054039,0.09424389898777008,1.511622667312622,6.0,1078.0,0,2,304,0,0,0,200,200,0,0,0.0,200.0,0,,,False,0,False,not_reached,0.0,0.2
481,1924,1218,125,1218,3,right+B,0.10465412586927414,0.3383524417877197,0.1535637378692627,0.3388734459877014,0.06455624848604202,1.4342015981674194,6.0,1084.0,0,2,304,0,0,0,200,200,0,0,0.0,200.0,0,,,False,0,False,not_reached,0.0,0.2
482,1928,1218,119,1218,3,right+B,0.09897129982709885,0.35126402974128723,0.14008964598178864,0.3491315543651581,0.060543492436409,1.4089351892471313,0.0,1084.0,1,2,304,0,0,0,200,200,0,0,0.0,200.0,0,,,False,0,False,not_reached,0.0,0.2
483,1932,1218,105,1218,4,right+A+B,0.09894604235887527,0.36308127641677856,0.15008026361465454,0.32522672414779663,0.06266577541828156,1.420253872871399,0.0,1084.0,2,2,304,0,0,0,200,200,0,0,0.0,200.0,0,,,False,0,False,not_reached,0.0,0.2
484,1936,1220,85,1220,1,right,0.09676437824964523,0.3658704161643982,0.17005689442157745,0.3041972517967224,0.06311104446649551,1.4315271377563477,2.0,1086.0,0,2,304,0,0,0,200,200,0,0,0.0,200.0,0,,,False,0,False,not_reached,0.0,0.2
485,1940,1222,79,1222,0,NOOP,0.09923021495342255,0.3653079867362976,0.18834784626960754,0.27527332305908203,0.07184070348739624,1.4558418989181519,1.0,1087.0,0,2,303,0,0,0,200,200,0,0,0.0,200.0,0,,,False,0,False,not_reached,0.0,0.2
486,1944,1224,79,1224,3,right+B,0.0990070179104805,0.3621486723423004,0.19387562572956085,0.2753951847553253,0.0695735439658165,1.4554297924041748,2.0,1089.0,0,2,303,0,0,0,200,200,0,0,0.0,200.0,0,,,False,0,False,not_reached,0.0,0.2
487,1948,1228,79,1228,3,right+B,0.09937898814678192,0.36016082763671875,0.19095155596733093,0.2792300283908844,0.0702785849571228,1.4562398195266724,4.0,1093.0,0,2,303,0,0,0,200,200,0,0,0.0,200.0,0,,,False,0,False,not_reached,0.0,0.2
488,1952,1232,79,1232,0,NOOP,0.09238949418067932,0.3581644594669342,0.15245671570301056,0.34393835067749023,0.053050994873046875,1.3974171876907349,4.0,1097.0,0,2,303,0,0,0,200,200,0,0,0.0,200.0,0,,,False,0,False,not_reached,0.0,0.2
489,1956,1237,93,1237,4,right+A+B,0.08617657423019409,0.35753926634788513,0.12239636480808258,0.39129385352134705,0.04259392246603966,1.337652564048767,5.0,1102.0,0,2,303,0,0,0,200,200,0,0,0.0,200.0,0,,,False,0,False,not_reached,0.0,0.2
490,1960,1242,108,1242,1,right,0.0719616711139679,0.3185279667377472,0.07909651845693588,0.5002304911613464,0.030183376744389534,1.2066196203231812,4.0,1106.0,0,2,302,0,0,0,200,200,0,0,0.0,200.0,0,,,False,0,False,not_reached,0.0,0.2
491,1964,1248,112,1248,3,right+B,0.053138941526412964,0.24995873868465424,0.044967830181121826,0.6330219507217407,0.018912507221102715,1.0064866542816162,6.0,1112.0,0,2,302,0,0,0,200,200,0,0,0.0,200.0,0,,,False,0,False,not_reached,0.0,0.2
492,1968,1255,106,1255,1,right,0.06337533891201019,0.2912035584449768,0.05292573571205139,0.5642634034156799,0.028231974691152573,1.1132440567016602,7.0,1119.0,0,2,302,0,0,0,200,200,0,0,0.0,200.0,0,,,False,0,False,not_reached,0.0,0.2
493,1972,1262,89,1262,3,right+B,0.06794127821922302,0.32540005445480347,0.06234675273299217,0.5066012740135193,0.037710562348365784,1.1891560554504395,7.0,1126.0,0,2,302,0,0,0,200,200,0,0,0.0,200.0,0,,,False,0,False,not_reached,0.0,0.2
494,1976,1270,79,1270,3,right+B,0.06974931061267853,0.3420657217502594,0.06566611677408218,0.4729430675506592,0.04957586154341698,1.2345725297927856,8.0,1134.0,0,2,302,0,0,0,200,200,0,0,0.0,200.0,0,,,False,0,False,not_reached,0.0,0.2
495,1980,1279,79,1279,1,right,0.07516378164291382,0.38412198424339294,0.09275125712156296,0.38209670782089233,0.06586632132530212,1.3293763399124146,8.0,1142.0,0,2,301,0,0,0,200,200,0,0,0.0,200.0,0,,,False,0,False,not_reached,0.0,0.2
496,1984,1289,79,1289,1,right,0.08589309453964233,0.38514989614486694,0.1108303964138031,0.3179965615272522,0.10012999176979065,1.416878581047058,10.0,1152.0,0,2,301,0,0,0,200,200,0,0,0.0,200.0,0,,,False,0,False,not_reached,0.0,0.2
497,1988,1299,79,1299,1,right,0.09435932338237762,0.3757390081882477,0.16546373069286346,0.1780943125486374,0.18634358048439026,1.5085936784744263,10.0,1162.0,0,2,301,0,0,0,200,200,0,0,0.0,200.0,0,,,False,0,False,not_reached,0.0,0.2
498,1992,1306,93,1306,2,right+A,0.052810534834861755,0.20174798369407654,0.30791014432907104,0.021496521309018135,0.4160348176956177,1.2883659601211548,7.0,1169.0,0,2,301,0,0,0,200,200,0,0,0.0,200.0,0,,,False,0,False,not_reached,0.0,0.2
499,1996,1313,109,1313,4,right+A+B,0.028326675295829773,0.10703611373901367,0.3404235541820526,0.005912089254707098,0.5183015465736389,1.077925205230713,7.0,1176.0,0,2,301,0,0,0,200,200,0,0,0.0,200.0,0,,,False,0,False,not_reached,0.0,0.2
500,2000,1320,123,1320,4,right+A+B,0.019793879240751266,0.0748794749379158,0.3330857753753662,0.003207612317055464,0.5690332055091858,0.9771462082862854,6.0,1182.0,0,2,300,0,0,0,200,200,0,0,0.0,200.0,0,,,False,0,False,not_reached,0.0,0.2
501,2004,1327,132,1327,0,NOOP,0.009781251661479473,0.03730829060077667,0.2861051857471466,0.0009319952805526555,0.6658733487129211,0.8032661080360413,7.0,1189.0,0,2,300,0,0,0,200,200,0,0,0.0,200.0,0,,,False,0,False,not_reached,0.0,0.2
502,2008,1334,132,1334,1,right,0.016817189753055573,0.0678953304886818,0.2141684740781784,0.003163739340379834,0.697955310344696,0.8505555987358093,7.0,1196.0,0,2,300,0,0,0,200,200,0,0,0.0,200.0,0,,,False,0,False,not_reached,0.0,0.2
503,2012,1341,124,1341,3,right+B,0.029592977836728096,0.11804695427417755,0.18485203385353088,0.009523095563054085,0.6579849720001221,0.9882042407989502,7.0,1203.0,0,2,300,0,0,0,200,200,0,0,0.0,200.0,0,,,False,0,False,not_reached,0.0,0.2
504,2016,1348,107,1348,1,right,0.03963872045278549,0.15348196029663086,0.13135744631290436,0.01951388455927372,0.6560080647468567,1.0356173515319824,7.0,1210.0,0,2,300,0,0,0,200,200,0,0,0.0,200.0,0,,,False,0,False,not_reached,0.0,0.2
505,2020,1355,87,1355,4,right+A+B,0.04781853035092354,0.18226885795593262,0.11842220276594162,0.02847731113433838,0.6230131387710571,1.1044526100158691,6.0,1216.0,0,2,299,0,0,0,200,200,0,0,0.0,200.0,0,,,False,0,False,not_reached,0.0,0.2
506,2024,1362,79,1362,2,right+A,0.06054503470659256,0.2208181470632553,0.10315690189599991,0.046595003455877304,0.5688849091529846,1.201406478881836,7.0,1223.0,0,2,299,0,0,0,200,200,0,0,0.0,200.0,0,,,False,0,False,not_reached,0.0,0.2
507,2028,1369,79,1369,3,right+B,0.0749674141407013,0.26373881101608276,0.11688286811113358,0.07026736438274384,0.4741435945034027,1.337045669555664,7.0,1230.0,0,2,299,0,0,0,200,200,0,0,0.0,200.0,0,,,False,0,False,not_reached,0.0,0.2
508,2032,1379,97,1379,4,right+A+B,0.08925361931324005,0.29768186807632446,0.12247312813997269,0.0866502970457077,0.4039410650730133,1.4116508960723877,10.0,1240.0,0,2,299,0,0,0,200,200,0,0,0.0,200.0,0,,,False,0,False,not_reached,0.0,0.2
509,2036,1389,115,1389,0,NOOP,0.09867388010025024,0.33891502022743225,0.14274780452251434,0.120480477809906,0.2991828918457031,1.4891071319580078,10.0,1250.0,0,2,299,0,0,0,200,200,0,0,0.0,200.0,0,,,False,0,False,not_reached,0.0,0.2
510,2040,1400,121,1400,4,right+A+B,0.09833565354347229,0.3415888845920563,0.21673205494880676,0.10962148010730743,0.23372192680835724,1.5084832906723022,10.0,1260.0,0,2,298,0,0,0,200,200,0,0,0.0,200.0,0,,,False,0,False,not_reached,0.0,0.2
511,2044,1412,114,1412,2,right+A,0.07165513932704926,0.2652682662010193,0.3782086670398712,0.05764228105545044,0.22722560167312622,1.4098132848739624,12.0,1272.0,0,2,298,0,0,0,200,200,0,0,0.0,200.0,0,,,False,0,False,not_reached,0.0,0.2
512,2048,1424,94,1424,2,right+A,0.04663459211587906,0.15548530220985413,0.531710147857666,0.021737365052103996,0.24443255364894867,1.1957892179489136,12.0,1284.0,0,2,298,0,0,0,200,200,0,0,0.0,200.0,0,,,False,0,False,not_reached,0.0,0.2
513,2052,1435,79,1435,2,right+A,0.04223994165658951,0.1271636188030243,0.5010327696800232,0.014528229832649231,0.3150354325771332,1.1675329208374023,11.0,1295.0,0,2,298,0,0,0,200,200,0,0,0.0,200.0,0,,,False,0,False,not_reached,0.0,0.2
514,2056,1442,79,1442,1,right,0.05457961559295654,0.17337243258953094,0.4144977927207947,0.02493654377758503,0.33261358737945557,1.2857521772384644,7.0,1302.0,0,2,298,0,0,0,200,200,0,0,0.0,200.0,0,,,False,0,False,not_reached,0.0,0.2
515,2060,1449,93,1449,4,right+A+B,0.0862104669213295,0.29732614755630493,0.2619236707687378,0.10090936720371246,0.25363028049468994,1.5022215843200684,6.0,1308.0,0,2,297,0,0,0,200,200,0,0,0.0,200.0,0,,,False,0,False,not_reached,0.0,0.2
516,2064,1456,109,1456,2,right+A,0.09306579828262329,0.325550377368927,0.23184481263160706,0.14765071868896484,0.20188824832439423,1.5306808948516846,7.0,1315.0,0,2,297,0,0,0,200,200,0,0,0.0,200.0,0,,,False,0,False,not_reached,0.0,0.2
517,2068,1463,123,1463,2,right+A,0.09554605931043625,0.32731127738952637,0.2352573573589325,0.16522067785263062,0.17666469514369965,1.5340708494186401,7.0,1322.0,0,2,297,0,0,0,200,200,0,0,0.0,200.0,0,,,False,0,False,not_reached,0.0,0.2
518,2072,1470,132,1470,0,NOOP,0.10033845156431198,0.31560975313186646,0.25174376368522644,0.1459224969148636,0.18638555705547333,1.5358867645263672,7.0,1329.0,0,2,297,0,0,0,200,200,0,0,0.0,200.0,0,,,False,0,False,not_reached,0.0,0.2
519,2076,1477,132,1477,0,NOOP,0.10388948023319244,0.3045497238636017,0.25431349873542786,0.1468861848115921,0.1903611123561859,1.5430576801300049,7.0,1336.0,0,2,297,0,0,0,200,200,0,0,0.0,200.0,0,,,False,0,False,not_reached,0.0,0.2
520,2080,1484,124,1484,1,right,0.10497014969587326,0.28642159700393677,0.26753318309783936,0.11698953807353973,0.22408553957939148,1.5336588621139526,6.0,1342.0,0,2,296,0,0,0,200,200,0,0,0.0,200.0,0,,,False,0,False,not_reached,0.0,0.2
521,2084,1491,107,1491,1,right,0.10986408591270447,0.28695374727249146,0.25619199872016907,0.10715075582265854,0.23983953893184662,1.5315310955047607,7.0,1349.0,0,2,296,0,0,0,200,200,0,0,0.0,200.0,0,,,False,0,False,not_reached,0.0,0.2
522,2088,1498,87,1498,0,NOOP,0.09316375106573105,0.24475106596946716,0.29638996720314026,0.05912045016884804,0.3065747618675232,1.4557032585144043,7.0,1356.0,0,2,296,0,0,0,200,200,0,0,0.0,200.0,0,,,False,0,False,not_reached,0.0,0.2
523,2092,1505,79,1505,0,NOOP,0.10418577492237091,0.26413682103157043,0.2616075277328491,0.07851901650428772,0.291550874710083,1.4971920251846313,7.0,1363.0,0,2,296,0,0,0,200,200,0,0,0.0,200.0,0,,,False,0,False,not_reached,0.0,0.2
524,2096,1511,93,1511,4,right+A+B,0.0901007279753685,0.22079706192016602,0.29300227761268616,0.04719588905572891,0.34890398383140564,1.4215469360351562,6.0,1369.0,0,2,296,0,0,0,200,200,0,0,0.0,200.0,0,,,False,0,False,not_reached,0.0,0.2
525,2100,1518,109,1518,2,right+A,0.08894030749797821,0.218014657497406,0.27583011984825134,0.03982596844434738,0.37738892436027527,1.3986822366714478,6.0,1375.0,0,2,295,0,0,0,200,200,0,0,0.0,200.0,0,,,False,0,False,not_reached,0.0,0.2
526,2104,1525,123,1525,4,right+A+B,0.06414420157670975,0.15559931099414825,0.3010636568069458,0.017613187432289124,0.46157965064048767,1.2550638914108276,7.0,1382.0,0,2,295,0,0,0,200,200,0,0,0.0,200.0,0,,,False,0,False,not_reached,0.0,0.2
527,2108,1532,133,1532,4,right+A+B,0.0778382271528244,0.18872210383415222,0.2578712999820709,0.027521410956978798,0.4480469226837158,1.3215086460113525,7.0,1389.0,0,2,295,0,0,0,200,200,0,0,0.0,200.0,0,,,False,0,False,not_reached,0.0,0.2
528,2112,1539,141,1539,4,right+A+B,0.0956435352563858,0.23736123740673065,0.2165939211845398,0.04737047851085663,0.4030308425426483,1.407903790473938,7.0,1396.0,0,2,295,0,0,0,200,200,0,0,0.0,200.0,0,,,False,0,False,not_reached,0.0,0.2
529,2116,1546,145,1546,2,right+A,0.10655529797077179,0.28609487414360046,0.18357416987419128,0.07387656718492508,0.3498991131782532,1.4677062034606934,7.0,1403.0,0,2,295,0,0,0,200,200,0,0,0.0,200.0,0,,,False,0,False,not_reached,0.0,0.2
530,2120,1553,147,1553,2,right+A,0.12064290791749954,0.32588741183280945,0.16935355961322784,0.12063439190387726,0.2634817063808441,1.5278334617614746,6.0,1409.0,0,2,294,0,0,0,200,200,0,0,0.0,200.0,0,,,False,0,False,not_reached,0.0,0.2
531,2124,1560,145,1560,1,right,0.1250792145729065,0.3312723934650421,0.15215526521205902,0.1666242778301239,0.2248688042163849,1.546647071838379,7.0,1416.0,0,2,294,0,0,0,200,200,0,0,0.0,200.0,0,,,False,0,False,not_reached,0.0,0.2
532,2128,1567,135,1567,1,right,0.12524133920669556,0.3206114172935486,0.17666059732437134,0.1695273369550705,0.2079593390226364,1.5585887432098389,7.0,1423.0,0,2,294,0,0,0,200,200,0,0,0.0,200.0,0,,,False,0,False,not_reached,0.0,0.2
533,2132,1574,116,1574,3,right+B,0.1243019700050354,0.324459433555603,0.15124832093715668,0.22077825665473938,0.17921197414398193,1.5516729354858398,7.0,1430.0,0,2,294,0,0,0,200,200,0,0,0.0,200.0,0,,,False,0,False,not_reached,0.0,0.2
534,2136,1581,96,1581,1,right,0.125387504696846,0.32526516914367676,0.1501290202140808,0.24487970769405365,0.15433859825134277,1.5432826280593872,7.0,1437.0,0,2,294,0,0,0,200,200,0,0,0.0,200.0,0,,,False,0,False,not_reached,0.0,0.2
535,2140,1588,79,1588,3,right+B,0.1300094723701477,0.3228917717933655,0.1610340178012848,0.22400280833244324,0.1620618999004364,1.5543646812438965,6.0,1443.0,0,2,293,0,0,0,200,200,0,0,0.0,200.0,0,,,False,0,False,not_reached,0.0,0.2
536,2144,1596,97,1596,4,right+A+B,0.12995965778827667,0.31987830996513367,0.17014220356941223,0.21949350833892822,0.1605263203382492,1.5576285123825073,8.0,1451.0,0,2,293,0,0,0,200,200,0,0,0.0,200.0,0,,,False,0,False,not_reached,0.0,0.2
537,2148,1606,117,1606,2,right+A,0.12561413645744324,0.31202879548072815,0.15497425198554993,0.2609410285949707,0.14644178748130798,1.5448452234268188,10.0,1461.0,0,2,293,0,0,0,200,200,0,0,0.0,200.0,0,,,False,0,False,not_reached,0.0,0.2
538,2152,1618,110,1618,3,right+B,0.12539398670196533,0.30090293288230896,0.17390376329421997,0.24379968643188477,0.15599963068962097,1.5598642826080322,12.0,1473.0,0,2,293,0,0,0,200,200,0,0,0.0,200.0,0,,,False,0,False,not_reached,0.0,0.2
539,2156,1630,90,1630,1,right,0.12629880011081696,0.297766774892807,0.18660253286361694,0.19707737863063812,0.19225454330444336,1.5724172592163086,12.0,1485.0,0,2,293,0,0,0,200,200,0,0,0.0,200.0,0,,,False,0,False,not_reached,0.0,0.2
540,2160,1639,79,1639,2,right+A,0.12327838689088821,0.2924893796443939,0.2216069996356964,0.1770866960287094,0.18553853034973145,1.5706491470336914,8.0,1493.0,0,2,292,0,0,0,200,200,0,0,0.0,200.0,0,,,False,0,False,not_reached,0.0,0.2
541,2164,1646,79,1646,2,right+A,0.11508358269929886,0.27883800864219666,0.28788506984710693,0.1106458529829979,0.20754745602607727,1.533329963684082,7.0,1500.0,0,2,292,0,0,0,200,200,0,0,0.0,200.0,0,,,False,0,False,not_reached,0.0,0.2
542,2168,1653,79,1653,2,right+A,0.09804073721170425,0.22322756052017212,0.3893618583679199,0.051887404173612595,0.23748239874839783,1.4246325492858887,7.0,1507.0,0,2,292,0,0,0,200,200,0,0,0.0,200.0,0,,,False,0,False,not_reached,0.0,0.2
543,2172,1661,79,1661,4,right+A+B,0.08370649069547653,0.18991340696811676,0.41818511486053467,0.030345996841788292,0.2778489589691162,1.349594235420227,8.0,1515.0,0,2,292,0,0,0,200,200,0,0,0.0,200.0,0,,,False,0,False,not_reached,0.0,0.2
544,2174,1665,79,1665,2,right+A,0.09867992997169495,0.2454514354467392,0.3604709804058075,0.04764294624328613,0.24775470793247223,1.4318315982818604,-13.0,1502.0,0,2,292,0,1,0,200,200,0,0,0.0,200.0,0,,,False,0,False,not_reached,-5.0,-4.8
