decision,raw_frames,x,y,max_x,action,action_name,prob_0,prob_1,prob_2,prob_3,prob_4,action_entropy_nats,native_reward,native_reward_sum,no_progress_decisions,life,game_time,flag_get,terminated,truncated,game_score,score_gain,coins,one_ups,custom_one_up_bonus,augmented_score_gain,flag_height_bonus,flag_touch_y,flag_score_tier,flag_top_tier,post_flag_frames,flag_resolution_complete,flag_resolution_status,objective_reward,objective_reward_sum
1,4,40,79,40,3,right+B,2.1087412278575357e-06,2.1736008420703e-05,5.591134595306357e-06,0.9997687935829163,0.0002018367376876995,0.0022774774115532637,0.0,0.0,1,2,400,0,0,0,0,0,0,0,0.0,0.0,0,,,False,0,False,not_reached,0.0,0.0
2,8,43,79,43,3,right+B,2.0723161924252054e-06,2.1441723220050335e-05,5.524932475964306e-06,0.9997718930244446,0.0001990527962334454,0.0022487007081508636,3.0,3.0,0,2,400,0,0,0,0,0,0,0,0.0,0.0,0,,,False,0,False,not_reached,0.0,0.0
3,12,47,79,47,3,right+B,2.1116168227308663e-06,2.183302967750933e-05,5.6799080994096585e-06,0.9997678399085999,0.00020250519446562976,0.0022844579070806503,4.0,7.0,0,2,400,0,0,0,0,0,0,0,0.0,0.0,0,,,False,0,False,not_reached,0.0,0.0
4,16,53,79,53,3,right+B,2.1364842268667417e-06,2.185322045988869e-05,5.798030542791821e-06,0.9997566342353821,0.00021356448996812105,0.0023804011289030313,6.0,13.0,0,2,400,0,0,0,0,0,0,0,0.0,0.0,0,,,False,0,False,not_reached,0.0,0.0
5,20,60,79,60,3,right+B,2.257339701827732e-06,2.2453688870882615e-05,6.465342266892549e-06,0.999708354473114,0.0002605218905955553,0.0027887290343642235,6.0,19.0,0,2,399,0,0,0,0,0,0,0,0.0,0.0,0,,,False,0,False,not_reached,0.0,0.0
6,24,70,79,70,3,right+B,2.209078729720204e-06,2.2422611436923034e-05,6.478784143837402e-06,0.9997157454490662,0.00025310381897725165,0.0027264615055173635,10.0,29.0,0,2,399,0,0,0,0,0,0,0,0.0,0.0,0,,,False,0,False,not_reached,0.0,0.0
7,28,81,79,81,3,right+B,2.2473229819297558e-06,2.267444142489694e-05,7.002723577897996e-06,0.9996975660324097,0.0002705757797230035,0.0028798235580325127,11.0,40.0,0,2,399,0,0,0,0,0,0,0,0.0,0.0,0,,,False,0,False,not_reached,0.0,0.0
8,32,93,79,93,3,right+B,2.06676281777618e-06,2.1000936612836085e-05,6.524619948322652e-06,0.9997197985649109,0.0002505990560166538,0.002689339453354478,12.0,52.0,0,2,399,0,0,0,0,0,0,0,0.0,0.0,0,,,False,0,False,not_reached,0.0,0.0
9,36,105,79,105,3,right+B,5.6774488257360645e-06,5.090895137982443e-05,3.9444352296413854e-05,0.998497724533081,0.0014062386471778154,0.011707575991749763,12.0,64.0,0,2,399,0,0,0,0,0,0,0,0.0,0.0,0,,,False,0,False,not_reached,0.0,0.0
10,40,117,79,117,3,right+B,5.908458842895925e-05,0.00034299137769266963,0.002336874371394515,0.8955050706863403,0.1017560213804245,0.34883561730384827,11.0,75.0,0,2,398,0,0,0,0,0,0,0,0.0,0.0,0,,,False,0,False,not_reached,0.0,0.0
11,44,129,97,129,4,right+A+B,0.00012018391862511635,0.00048695385339669883,0.013184802606701851,0.18600042164325714,0.8002075552940369,0.5530791878700256,12.0,87.0,0,2,398,0,0,0,0,0,0,0,0.0,0.0,0,,,False,0,False,not_reached,0.0,0.0
12,48,141,117,141,4,right+A+B,8.1742720794864e-05,0.0004052190633956343,0.0032336644362658262,0.7739608287811279,0.22231848537921906,0.555079996585846,12.0,99.0,0,2,398,0,0,0,0,0,0,0,0.0,0.0,0,,,False,0,False,not_reached,0.0,0.0
13,52,153,132,153,3,right+B,1.129433439928107e-05,9.818402031669393e-05,0.00014572606596630067,0.9921689629554749,0.007575889118015766,0.04711403325200081,12.0,111.0,0,2,398,0,0,0,0,0,0,0,0.0,0.0,0,,,False,0,False,not_reached,0.0,0.0
14,56,165,134,165,3,right+B,2.5471624667261494e-06,2.3049111405271105e-05,1.1137269211758394e-05,0.9988893866539001,0.0010738277342170477,0.008856995031237602,12.0,123.0,0,2,398,0,0,0,0,0,0,0,0.0,0.0,0,,,False,0,False,not_reached,0.0,0.0
15,60,177,123,177,3,right+B,2.1397102045739302e-06,1.7104226571973413e-05,7.33265005692374e-06,0.9987238049507141,0.0012495290720835328,0.00993079412728548,11.0,134.0,0,2,397,0,0,0,0,0,0,0,0.0,0.0,0,,,False,0,False,not_reached,0.0,0.0
16,64,189,104,189,3,right+B,1.5877645864748047e-06,1.196817811432993e-05,4.666913355322322e-06,0.998764157295227,0.0012175701558589935,0.009620503522455692,12.0,146.0,0,2,397,0,0,0,0,0,0,0,0.0,0.0,0,,,False,0,False,not_reached,0.0,0.0
17,68,201,84,201,4,right+A+B,7.996330168680288e-06,3.186466346960515e-05,7.669594924664125e-05,0.944564700126648,0.05531881004571915,0.21514831483364105,12.0,158.0,0,2,397,0,0,0,0,0,0,0,0.0,0.0,0,,,False,0,False,not_reached,0.0,0.0
18,72,213,79,213,4,right+A+B,2.227901859441772e-06,3.574847596610198e-06,0.0022437938023358583,0.0017746654339134693,0.9959757924079895,0.02901693806052208,12.0,170.0,0,2,397,0,0,0,0,0,0,0,0.0,0.0,0,,,False,0,False,not_reached,0.0,0.0
19,76,225,79,225,4,right+A+B,2.6654804514691932e-06,4.268640168447746e-06,0.009274004958570004,0.0007009086548350751,0.9900181293487549,0.05851716920733452,12.0,182.0,0,2,397,0,0,0,0,0,0,0,0.0,0.0,0,,,False,0,False,not_reached,0.0,0.0
20,80,237,79,237,4,right+A+B,8.193365488295967e-07,1.2239320312801283e-06,0.044200800359249115,2.6402753064758144e-05,0.9557709097862244,0.18140560388565063,11.0,193.0,0,2,396,0,0,0,0,0,0,0,0.0,0.0,0,,,False,0,False,not_reached,0.0,0.0
21,84,249,79,249,4,right+A+B,3.1605779327037453e-07,3.6538278891384834e-07,0.0071470667608082294,4.134669325139839e-06,0.9928480386734009,0.042501453310251236,12.0,205.0,0,2,396,0,0,0,0,0,0,0,0.0,0.0,0,,,False,0,False,not_reached,0.0,0.0
22,88,261,79,261,4,right+A+B,1.74648641859676e-06,4.940656253893394e-06,0.0006894783000461757,0.0011698739835992455,0.9981339573860168,0.014864569529891014,12.0,217.0,0,2,396,0,0,0,0,0,0,0,0.0,0.0,0,,,False,0,False,not_reached,0.0,0.0
23,92,273,79,273,3,right+B,2.640948196130921e-06,2.6422698283568025e-05,7.572295089630643e-06,0.9905891418457031,0.009374215267598629,0.05354359373450279,12.0,229.0,0,2,396,0,0,0,0,0,0,0,0.0,0.0,0,,,False,0,False,not_reached,0.0,0.0
24,96,285,79,285,3,right+B,1.8272940494057366e-08,3.652556870292756e-07,3.0618800828108306e-09,0.9999979734420776,1.6080603018053807e-06,2.915931872848887e-05,12.0,241.0,0,2,396,0,0,0,0,0,0,0,0.0,0.0,0,,,False,0,False,not_reached,0.0,0.0
25,100,297,79,297,3,right+B,6.722682144300052e-08,7.504942232117173e-07,2.626350870116312e-08,0.9999793767929077,1.9798995708697475e-05,0.00024755371850915253,11.0,252.0,0,2,395,0,0,0,0,0,0,0,0.0,0.0,0,,,False,0,False,not_reached,0.0,0.0
26,104,309,97,309,4,right+A+B,5.562607384490548e-06,6.119539193605306e-06,0.00112799066118896,0.005364261567592621,0.9934960603713989,0.04232373461127281,12.0,264.0,0,2,395,0,0,0,0,0,0,0,0.0,0.0,0,,,False,0,False,not_reached,0.0,0.0
27,108,321,117,321,4,right+A+B,2.63646670646267e-05,4.7988931328291073e-05,0.0007622465491294861,0.3874289393424988,0.6117343306541443,0.6742375493049622,12.0,276.0,0,2,395,0,0,0,0,0,0,0,0.0,0.0,0,,,False,0,False,not_reached,0.0,0.0
28,112,333,110,333,3,right+B,7.902389370428864e-06,3.155585363856517e-05,0.00019616277131717652,0.9609278440475464,0.03883663937449455,0.16654972732067108,12.0,288.0,0,2,395,0,0,0,0,0,0,0,0.0,0.0,0,,,False,0,False,not_reached,0.0,0.0
29,116,345,90,345,3,right+B,1.2676439382630633e-06,7.718068445683457e-06,1.6152198440977372e-05,0.9992417097091675,0.0007331818924285471,0.006336071994155645,12.0,300.0,0,2,395,0,0,0,0,0,0,0,0.0,0.0,0,,,False,0,False,not_reached,0.0,0.0
30,120,357,79,357,3,right+B,4.57443746881836e-07,3.479738325040671e-06,7.579022621939657e-06,0.9998278617858887,0.00016058023902587593,0.001714346231892705,11.0,311.0,0,2,394,0,0,0,0,0,0,0,0.0,0.0,0,,,False,0,False,not_reached,0.0,0.0
31,124,369,79,369,3,right+B,1.1060448059652117e-06,9.135781510849483e-06,4.085137334186584e-05,0.999113142490387,0.0008357636397704482,0.007343325763940811,12.0,323.0,0,2,394,0,0,0,0,0,0,0,0.0,0.0,0,,,False,0,False,not_reached,0.0,0.0
32,128,381,79,381,3,right+B,1.4395336620509624e-05,0.00013235582446213812,0.0034090580884367228,0.8899690508842468,0.10647507756948471,0.36294040083885193,12.0,335.0,0,2,394,0,0,0,0,0,0,0,0.0,0.0,0,,,False,0,False,not_reached,0.0,0.0
33,132,393,97,393,4,right+A+B,8.130490982694027e-07,5.0583585107233375e-06,0.08096984028816223,2.7584836061578244e-05,0.9189967513084412,0.2815249264240265,12.0,347.0,0,2,394,0,0,0,0,0,0,0,0.0,0.0,0,,,False,0,False,not_reached,0.0,0.0
34,136,405,117,405,4,right+A+B,1.4274730730789997e-08,7.278068636651369e-08,0.14840303361415863,4.081269544542465e-09,0.8515968322753906,0.41993021965026855,12.0,359.0,0,2,394,0,0,0,0,0,0,0,0.0,0.0,0,,,False,0,False,not_reached,0.0,0.0
35,140,417,133,417,2,right+A,4.299508660210449e-08,2.482599086306436e-07,0.0702931359410286,7.91208023542822e-08,0.9297065138816833,0.2544027864933014,11.0,370.0,0,2,393,0,0,0,0,0,0,0,0.0,0.0,0,,,False,0,False,not_reached,0.0,0.0
36,144,429,147,429,4,right+A+B,1.0922651654254878e-06,8.5590863818652e-06,0.018618199974298477,0.000546573253814131,0.9808256030082703,0.0973777025938034,12.0,382.0,0,2,393,0,0,0,0,0,0,0,0.0,0.0,0,,,False,0,False,not_reached,0.0,0.0
37,148,441,154,441,3,right+B,5.8201662795909215e-06,7.22930853953585e-05,0.0004824836796615273,0.8878881335258484,0.11155132949352264,0.35468438267707825,12.0,394.0,0,2,393,0,0,0,0,0,0,0,0.0,0.0,0,,,False,0,False,not_reached,0.0,0.0
38,152,453,150,453,3,right+B,2.1236334646346222e-07,4.632074251276208e-06,1.0993446721840883e-06,0.9998276233673096,0.00016642660193610936,0.001695896266028285,12.0,406.0,0,2,393,0,0,0,0,0,0,0,0.0,0.0,0,,,False,0,False,not_reached,0.0,0.0
39,156,465,133,465,3,right+B,8.757730540764896e-08,2.655942807905376e-06,1.9763574243825133e-07,0.9999788999557495,1.816184703784529e-05,0.0002578114508651197,12.0,418.0,0,2,393,0,0,0,0,0,0,0,0.0,0.0,0,,,False,0,False,not_reached,0.0,0.0
40,160,477,113,477,3,right+B,1.3538772236643126e-07,5.097425855637994e-06,5.000212581762753e-07,0.9999812841415405,1.2895350664621219e-05,0.00023482058895751834,11.0,429.0,0,2,392,0,0,0,0,0,0,0,0.0,0.0,0,,,False,0,False,not_reached,0.0,0.0
41,164,489,93,489,3,right+B,5.085562975182256e-07,1.4857459973427467e-05,4.324864221416647e-06,0.9999253749847412,5.4835083574289456e-05,0.0008383352542296052,12.0,441.0,0,2,392,0,0,0,0,0,0,0,0.0,0.0,0,,,False,0,False,not_reached,0.0,0.0
42,168,501,79,501,3,right+B,7.796555792083382e-07,1.8403390640742145e-05,7.957736670505255e-06,0.9999117851257324,6.110874528530985e-05,0.0009857113473117352,12.0,453.0,0,2,392,0,0,0,0,0,0,0,0.0,0.0,0,,,False,0,False,not_reached,0.0,0.0
43,172,513,79,513,3,right+B,2.030789983109571e-05,0.0002500954724382609,0.003532484406605363,0.9773176908493042,0.018879367038607597,0.1196054071187973,12.0,465.0,0,2,392,0,0,0,0,0,0,0,0.0,0.0,0,,,False,0,False,not_reached,0.0,0.0
44,176,525,97,525,4,right+A+B,8.667403562867548e-06,3.8453323213616386e-05,0.05895761400461197,0.002087629633024335,0.9389076828956604,0.23946867883205414,12.0,477.0,0,2,392,0,0,0,0,0,0,0,0.0,0.0,0,,,False,0,False,not_reached,0.0,0.0
45,180,537,117,537,4,right+A+B,5.724942866436322e-07,1.4099412055657012e-06,0.00694749690592289,2.4762341126916e-05,0.9930257797241211,0.04176429659128189,11.0,488.0,0,2,391,0,0,0,0,0,0,0,0.0,0.0,0,,,False,0,False,not_reached,0.0,0.0
46,184,549,133,549,4,right+A+B,3.588801860132662e-07,9.38893776947225e-07,0.001665937714278698,2.4663075237185694e-05,0.9983080625534058,0.01262851245701313,12.0,500.0,0,2,391,0,0,0,0,0,0,0,0.0,0.0,0,,,False,0,False,not_reached,0.0,0.0
47,188,561,147,561,4,right+A+B,3.3781552701839246e-06,1.653147592151072e-05,0.0010696884710341692,0.004978091921657324,0.9939321875572205,0.039988450706005096,12.0,512.0,0,2,391,0,0,0,0,0,0,0,0.0,0.0,0,,,False,0,False,not_reached,0.0,0.0
48,192,573,154,573,3,right+B,2.1991643279761774e-06,2.7370206225896254e-05,7.920718417153694e-06,0.992275059223175,0.0076874797232449055,0.04552803188562393,12.0,524.0,0,2,391,0,0,0,0,0,0,0,0.0,0.0,0,,,False,0,False,not_reached,0.0,0.0
49,196,585,150,585,3,right+B,1.3190672689233907e-05,9.288026922149584e-05,0.00014616271073464304,0.7560250163078308,0.24372270703315735,0.5578161478042603,12.0,536.0,0,2,391,0,0,0,0,0,0,0,0.0,0.0,0,,,False,0,False,not_reached,0.0,0.0
50,200,597,133,597,4,right+A+B,1.374127714370843e-05,6.676140037598088e-05,0.0002758661867119372,0.47621971368789673,0.523423969745636,0.6951982975006104,11.0,547.0,0,2,390,0,0,0,0,0,0,0,0.0,0.0,0,,,False,0,False,not_reached,0.0,0.0
51,204,609,127,609,3,right+B,3.644478510977933e-06,2.5119123165495694e-05,4.131573223276064e-05,0.9679655432701111,0.03196434676647186,0.14230220019817352,12.0,559.0,0,2,390,0,0,0,0,0,0,0,0.0,0.0,0,,,False,0,False,not_reached,0.0,0.0
52,208,621,127,621,3,right+B,9.64814898907207e-06,8.362612425116822e-05,0.0022223126143217087,0.9223330616950989,0.07535132020711899,0.28387048840522766,12.0,571.0,0,2,390,0,0,0,0,0,0,0,0.0,0.0,0,,,False,0,False,not_reached,0.0,0.0
53,212,633,145,633,2,right+A,2.6996615360985743e-06,1.0373544682806823e-05,0.42602309584617615,0.0008031944162212312,0.5731605887413025,0.688402533531189,12.0,583.0,0,2,390,0,0,0,0,0,0,0,0.0,0.0,0,,,False,0,False,not_reached,0.0,0.0
54,216,645,165,645,2,right+A,1.0778187231608172e-07,2.0135729528192314e-07,0.5442432165145874,3.307603151370131e-07,0.45575618743896484,0.6892368197441101,12.0,595.0,0,2,390,0,0,0,0,0,0,0,0.0,0.0,0,,,False,0,False,not_reached,0.0,0.0
55,220,657,181,657,4,right+A+B,1.6647118172841147e-07,2.7399119062465616e-07,0.05265716463327408,9.372934641760367e-07,0.9473414421081543,0.20628710091114044,11.0,606.0,0,2,389,0,0,0,0,0,0,0,0.0,0.0,0,,,False,0,False,not_reached,0.0,0.0
56,224,669,195,669,4,right+A+B,1.7241069372175843e-06,4.590770458889892e-06,0.004028647672384977,0.0004976860946044326,0.9954671859741211,0.030602462589740753,12.0,618.0,0,2,389,0,0,0,0,0,0,0,0.0,0.0,0,,,False,0,False,not_reached,0.0,0.0
57,228,681,204,681,4,right+A+B,2.212899971709703e-06,7.537501460319618e-06,0.004645162262022495,0.0012477852869778872,0.9940972328186035,0.039299845695495605,12.0,630.0,0,2,389,0,0,0,0,0,0,0,0.0,0.0,0,,,False,0,False,not_reached,0.0,0.0
58,232,693,210,693,4,right+A+B,1.4602221654058667e-06,4.41124302597018e-06,0.006531281862407923,0.00048748496919870377,0.9929753541946411,0.04365161433815956,12.0,642.0,0,2,389,0,0,0,0,0,0,0,0.0,0.0,0,,,False,0,False,not_reached,0.0,0.0
59,236,705,213,705,4,right+A+B,2.2740969143342227e-06,5.2988216339144856e-06,0.0037044398486614227,0.0007949097780510783,0.9954930543899536,0.03100241720676422,12.0,654.0,0,2,389,0,0,0,0,0,0,0,0.0,0.0,0,,,False,0,False,not_reached,0.0,0.0
60,240,717,210,717,4,right+A+B,1.1078258467023261e-05,3.203333108103834e-05,0.005097739398479462,0.024089008569717407,0.970770001411438,0.14592310786247253,11.0,665.0,0,2,388,0,0,0,0,0,0,0,0.0,0.0,0,,,False,0,False,not_reached,0.0,0.0
61,244,729,195,729,3,right+B,2.6306131985620596e-05,7.407636439893395e-05,0.0006685391417704523,0.7664861679077148,0.23274482786655426,0.5490059852600098,12.0,677.0,0,2,388,0,0,0,0,0,0,0,0.0,0.0,0,,,False,0,False,not_reached,0.0,0.0
62,248,741,175,741,3,right+B,6.463230306508194e-07,2.8374390694807516e-06,1.5348964552686084e-06,0.9995481371879578,0.00044680797145701945,0.0039642383344471455,12.0,689.0,0,2,388,0,0,0,0,0,0,0,0.0,0.0,0,,,False,0,False,not_reached,0.0,0.0
63,252,753,155,753,4,right+A+B,7.621973736604559e-07,3.0177909593476215e-06,1.8809865878210985e-06,0.9994953870773315,0.0004989482695236802,0.004371641203761101,12.0,701.0,0,2,388,0,0,0,0,0,0,0,0.0,0.0,0,,,False,0,False,not_reached,0.0,0.0
64,256,765,143,765,3,right+B,1.4054367056814954e-06,5.807079560327111e-06,8.23934533400461e-06,0.9988143444061279,0.0011702087940648198,0.009269950911402702,12.0,713.0,0,2,388,0,0,0,0,0,0,0,0.0,0.0,0,,,False,0,False,not_reached,0.0,0.0
65,260,777,138,777,3,right+B,1.4394767276826315e-05,4.601513501256704e-05,0.0002869045129045844,0.9639379978179932,0.03571473807096481,0.1573723554611206,11.0,724.0,0,2,387,0,0,0,0,0,0,0,0.0,0.0,0,,,False,0,False,not_reached,0.0,0.0
66,264,789,121,789,3,right+B,5.438759399112314e-05,0.00013693710207007825,0.008477074094116688,0.3965790271759033,0.5947525501251221,0.7180185317993164,12.0,736.0,0,2,387,0,0,0,0,0,0,0,0.0,0.0,0,,,False,0,False,not_reached,0.0,0.0
67,268,801,101,801,4,right+A+B,7.094164902810007e-05,0.00015328804147429764,0.026792237535119057,0.17614884674549103,0.7968346476554871,0.5858396291732788,12.0,748.0,0,2,387,0,0,0,0,0,0,0,0.0,0.0,0,,,False,0,False,not_reached,0.0,0.0
68,272,813,98,813,4,right+A+B,4.486949910642579e-05,0.00010410159302409738,0.011136634275317192,0.5277262926101685,0.4609881043434143,0.7457832098007202,12.0,760.0,0,2,387,0,0,0,0,0,0,0,0.0,0.0,0,,,False,0,False,not_reached,0.0,0.0
69,276,825,103,825,3,right+B,3.633402911873418e-06,1.2981930922251195e-05,4.9908412620425224e-05,0.9954623579978943,0.004471129272133112,0.02940269559621811,13.0,773.0,0,2,387,0,0,0,100,100,0,0,0.0,100.0,0,,,False,0,False,not_reached,0.1,0.1
70,280,837,94,837,3,right+B,2.1211592127201584e-07,1.0924401294687414e-06,6.01419628765143e-07,0.9998138546943665,0.0001843298668973148,0.0017978147370740771,11.0,784.0,0,2,386,0,0,0,100,100,0,0,0.0,100.0,0,,,False,0,False,not_reached,0.0,0.1
71,284,849,79,849,3,right+B,1.3834722949468414e-06,5.781369964097394e-06,1.7239697626791894e-05,0.9951540231704712,0.0048215435817837715,0.030833259224891663,12.0,796.0,0,2,386,0,0,0,100,100,0,0,0.0,100.0,0,,,False,0,False,not_reached,0.0,0.1
72,288,861,97,861,4,right+A+B,2.731115273491014e-06,7.456644652847899e-06,0.01055912859737873,0.0020815320312976837,0.9873492121696472,0.07359835505485535,12.0,808.0,0,2,386,0,0,0,100,100,0,0,0.0,100.0,0,,,False,0,False,not_reached,0.0,0.1
73,292,873,117,873,4,right+A+B,5.304580596998676e-08,5.584307771755448e-08,0.01277359202504158,6.402598984323049e-08,0.9872263073921204,0.0683918446302414,12.0,820.0,0,2,386,0,0,0,100,100,0,0,0.0,100.0,0,,,False,0,False,not_reached,0.0,0.1
74,296,885,133,885,4,right+A+B,1.4846106921595492e-07,1.7508492078377458e-07,0.01946454495191574,1.8514325006435683e-07,0.9805349707603455,0.09595640748739243,12.0,832.0,0,2,386,0,0,0,100,100,0,0,0.0,100.0,0,,,False,0,False,not_reached,0.0,0.1
75,300,897,147,897,4,right+A+B,1.3510879398381803e-05,3.406879841350019e-05,0.031296029686927795,0.00199325499124825,0.966663122177124,0.15408842265605927,11.0,843.0,0,2,385,0,0,0,100,100,0,0,0.0,100.0,0,,,False,0,False,not_reached,0.0,0.1
76,304,909,154,909,3,right+B,1.0413677046017256e-05,6.049804142094217e-05,0.00010267300967825577,0.980909526348114,0.01891694962978363,0.09561397135257721,12.0,855.0,0,2,385,0,0,0,100,100,0,0,0.0,100.0,0,,,False,0,False,not_reached,0.0,0.1
77,308,921,150,921,3,right+B,6.208375111782516e-07,5.857302767253714e-06,1.1606173302425304e-06,0.9998538494110107,0.00013855446013621986,0.0014721453189849854,12.0,867.0,0,2,385,0,0,0,100,100,0,0,0.0,100.0,0,,,False,0,False,not_reached,0.0,0.1
78,312,933,143,933,3,right+B,1.0565580055299506e-07,1.886075210677518e-06,1.1092206619878198e-07,0.9999891519546509,8.679247002874035e-06,0.00013997712812852114,12.0,879.0,0,2,385,0,0,0,100,100,0,0,0.0,100.0,0,,,False,0,False,not_reached,0.0,0.1
79,316,945,143,945,3,right+B,6.25416134880652e-07,7.843858838896267e-06,2.397865273451316e-06,0.9998823404312134,0.00010680723789846525,0.001226160442456603,12.0,891.0,0,2,385,0,0,0,100,100,0,0,0.0,100.0,0,,,False,0,False,not_reached,0.0,0.1
80,320,957,135,957,3,right+B,1.457511984881421e-06,1.583890480105765e-05,1.004154637485044e-05,0.999528169631958,0.00044451479334384203,0.0042130667716264725,11.0,902.0,0,2,384,0,0,0,100,100,0,0,0.0,100.0,0,,,False,0,False,not_reached,0.0,0.1
81,324,969,116,969,3,right+B,2.1786750039609615e-06,1.6139720173669048e-05,1.4386828297574539e-05,0.9980555772781372,0.0019116575131192803,0.01427612267434597,12.0,914.0,0,2,384,0,0,0,100,100,0,0,0.0,100.0,0,,,False,0,False,not_reached,0.0,0.1
82,328,981,96,981,4,right+A+B,2.0189912902424112e-05,6.372495408868417e-05,0.0027284445241093636,0.5110009908676147,0.4861866533756256,0.7106403112411499,12.0,926.0,0,2,384,0,0,0,100,100,0,0,0.0,100.0,0,,,False,0,False,not_reached,0.0,0.1
83,332,993,79,993,3,right+B,6.4859395934036e-06,2.3391763534164056e-05,0.0005374810425564647,0.969743013381958,0.02968963049352169,0.13858500123023987,12.0,938.0,0,2,384,0,0,0,100,100,0,0,0.0,100.0,0,,,False,0,False,not_reached,0.0,0.1
84,336,1005,97,1005,4,right+A+B,1.445997077098582e-05,3.9939044654602185e-05,0.10403893142938614,0.019787440076470375,0.8761192560195923,0.4294946491718292,12.0,950.0,0,2,384,0,0,0,100,100,0,0,0.0,100.0,0,,,False,0,False,not_reached,0.0,0.1
85,340,1017,117,1017,4,right+A+B,7.640492754035222e-07,1.2966238500666805e-06,0.034347135573625565,2.1926503904978745e-05,0.9656288623809814,0.14982926845550537,11.0,961.0,0,2,383,0,0,0,100,100,0,0,0.0,100.0,0,,,False,0,False,not_reached,0.0,0.1
86,344,1029,129,1029,4,right+A+B,1.360569626740471e-06,2.8866891170764575e-06,0.005137623753398657,0.00013967893028166145,0.9947185516357422,0.033643580973148346,12.0,973.0,0,2,383,0,0,0,100,100,0,0,0.0,100.0,0,,,False,0,False,not_reached,0.0,0.1
87,348,1041,121,1041,4,right+A+B,2.9179174816817977e-05,0.000131869557662867,0.002508190693333745,0.2053452581167221,0.7919855713844299,0.5262771844863892,12.0,985.0,0,2,383,0,0,0,100,100,0,0,0.0,100.0,0,,,False,0,False,not_reached,0.0,0.1
88,352,1053,101,1053,3,right+B,3.544285505086009e-07,4.186267233308172e-06,2.390524684869888e-07,0.9998857975006104,0.0001094024337362498,0.001172980759292841,12.0,997.0,0,2,383,0,0,0,100,100,0,0,0.0,100.0,0,,,False,0,False,not_reached,0.0,0.1
89,356,1065,81,1065,3,right+B,1.7520001165394206e-06,1.4403130080609117e-05,3.823509814537829e-06,0.9981693029403687,0.001810660702176392,0.01349276676774025,12.0,1009.0,0,2,383,0,0,0,100,100,0,0,0.0,100.0,0,,,False,0,False,not_reached,0.0,0.1
90,360,1077,97,1077,4,right+A+B,6.389131613104837e-06,1.0752462003438268e-05,0.0016960849752649665,0.002671161200851202,0.9956156015396118,0.031221557408571243,11.0,1020.0,0,2,382,0,0,0,100,100,0,0,0.0,100.0,0,,,False,0,False,not_reached,0.0,0.1
91,364,1089,117,1089,4,right+A+B,3.2681978154869284e-06,4.635195182345342e-06,0.001968216383829713,0.0005046132719144225,0.9975192546844482,0.01866999827325344,12.0,1032.0,0,2,382,0,0,0,100,100,0,0,0.0,100.0,0,,,False,0,False,not_reached,0.0,0.1
92,368,1101,133,1101,4,right+A+B,2.9851205454178853e-06,4.804143827641383e-06,0.0056713721714913845,0.0002844062983058393,0.9940364360809326,0.03769896551966667,12.0,1044.0,0,2,382,0,0,0,100,100,0,0,0.0,100.0,0,,,False,0,False,not_reached,0.0,0.1
93,372,1113,147,1113,4,right+A+B,1.6082034562714398e-05,4.113786417292431e-05,0.02086135931313038,0.007954397238790989,0.971126914024353,0.14822711050510406,12.0,1056.0,0,2,382,0,0,0,100,100,0,0,0.0,100.0,0,,,False,0,False,not_reached,0.0,0.1
94,376,1125,156,1125,4,right+A+B,1.5990412066457793e-05,4.396078293211758e-05,0.03391733765602112,0.018032319843769073,0.9479904174804688,0.23843160271644592,12.0,1068.0,0,2,382,0,0,0,100,100,0,0,0.0,100.0,0,,,False,0,False,not_reached,0.0,0.1
95,380,1137,162,1137,4,right+A+B,6.756505172234029e-06,1.971837082237471e-05,0.006549788638949394,0.01684137061238289,0.9765823483467102,0.12514831125736237,11.0,1079.0,0,2,381,0,0,0,100,100,0,0,0.0,100.0,0,,,False,0,False,not_reached,0.0,0.1
96,384,1149,165,1149,4,right+A+B,2.74336343863979e-06,1.0856173503270838e-05,0.0015645874664187431,0.008015223778784275,0.9904065728187561,0.05849871039390564,12.0,1091.0,0,2,381,0,0,0,100,100,0,0,0.0,100.0,0,,,False,0,False,not_reached,0.0,0.1
97,388,1161,162,1161,4,right+A+B,3.5435652989690425e-07,1.445899329155509e-06,0.0027837594971060753,5.031443652114831e-05,0.9971641898155212,0.019734177738428116,12.0,1103.0,0,2,381,0,0,0,100,100,0,0,0.0,100.0,0,,,False,0,False,not_reached,0.0,0.1
98,392,1173,147,1173,4,right+A+B,2.5233807718905155e-06,1.6807713109301403e-05,0.008713874034583569,0.002762077609077096,0.9885048270225525,0.06924830377101898,12.0,1115.0,0,2,381,0,0,0,100,100,0,0,0.0,100.0,0,,,False,0,False,not_reached,0.0,0.1
99,396,1185,127,1185,4,right+A+B,1.184918437502347e-05,8.895427163224667e-05,0.007925362326204777,0.07772314548492432,0.9142507314682007,0.3198194205760956,12.0,1127.0,0,2,381,0,0,0,100,100,0,0,0.0,100.0,0,,,False,0,False,not_reached,0.0,0.1
100,400,1197,107,1197,3,right+B,3.884835223288974e-06,5.3299118007998914e-05,0.00034799586865119636,0.9835310578346252,0.016063695773482323,0.08603864908218384,11.0,1138.0,0,2,380,0,0,0,100,100,0,0,0.0,100.0,0,,,False,0,False,not_reached,0.0,0.1
101,404,1209,87,1209,3,right+B,3.920095537068846e-07,6.376201326929731e-06,2.7341154691384872e-06,0.9998352527618408,0.00015531406097579747,0.0016441566403955221,12.0,1150.0,0,2,380,0,0,0,100,100,0,0,0.0,100.0,0,,,False,0,False,not_reached,0.0,0.1
102,408,1221,79,1221,3,right+B,9.773872733376265e-08,2.375327539994032e-06,2.1676986250440677e-07,0.9999927282333374,4.519369667832507e-06,9.79613687377423e-05,12.0,1162.0,0,2,380,0,0,0,100,100,0,0,0.0,100.0,0,,,False,0,False,not_reached,0.0,0.1
103,412,1233,79,1233,3,right+B,2.3824927808391294e-08,8.548507821615203e-07,2.0129984790173694e-08,0.9999988079071045,2.814056188071845e-07,1.791742215573322e-05,12.0,1174.0,0,2,380,0,0,0,100,100,0,0,0.0,100.0,0,,,False,0,False,not_reached,0.0,0.1
104,416,1245,79,1245,3,right+B,1.1721450476898099e-08,6.224508979357779e-07,9.526454292085873e-09,0.9999992847442627,9.053183447349511e-08,1.1706456461979542e-05,12.0,1186.0,0,2,380,0,0,0,100,100,0,0,0.0,100.0,0,,,False,0,False,not_reached,0.0,0.1
105,420,1257,79,1257,3,right+B,8.705261933528163e-08,3.35394747708051e-06,2.881570253521204e-07,0.9999951124191284,1.1802624158008257e-06,6.891119119245559e-05,11.0,1197.0,0,2,379,0,0,0,100,100,0,0,0.0,100.0,0,,,False,0,False,not_reached,0.0,0.1
106,424,1269,79,1269,3,right+B,1.0285223197570303e-06,2.9866807381040417e-05,2.5059656763914973e-05,0.9998735189437866,7.041350909275934e-05,0.0013899455079808831,12.0,1209.0,0,2,379,0,0,0,100,100,0,0,0.0,100.0,0,,,False,0,False,not_reached,0.0,0.1
107,428,1281,79,1281,3,right+B,7.344117329921573e-05,0.0013089807471260428,0.14766012132167816,0.5781410336494446,0.27281641960144043,0.9630008935928345,12.0,1221.0,0,2,379,0,0,0,100,100,0,0,0.0,100.0,0,,,False,0,False,not_reached,0.0,0.1
108,432,1293,97,1293,4,right+A+B,4.681252789850987e-07,5.07096910951077e-06,0.1443629115819931,1.1417746463848744e-05,0.8556200861930847,0.41301780939102173,12.0,1233.0,0,2,379,0,0,0,100,100,0,0,0.0,100.0,0,,,False,0,False,not_reached,0.0,0.1
109,436,1305,117,1305,4,right+A+B,1.1233906249685788e-08,6.435092814172094e-08,0.026979075744748116,1.5910238460037363e-08,0.9730207920074463,0.12408028542995453,12.0,1245.0,0,2,379,0,0,0,100,100,0,0,0.0,100.0,0,,,False,0,False,not_reached,0.0,0.1
110,440,1317,133,1317,4,right+A+B,1.7611531122341262e-09,7.091844889117738e-09,0.0027370802126824856,1.2384077097138402e-09,0.9972629547119141,0.0188846904784441,11.0,1256.0,0,2,378,0,0,0,100,100,0,0,0.0,100.0,0,,,False,0,False,not_reached,0.0,0.1
111,444,1329,147,1329,4,right+A+B,4.6464925240741195e-09,1.7617042047390896e-08,0.0010983652900904417,5.337879027678127e-09,0.9989016056060791,0.008582117967307568,12.0,1268.0,0,2,378,0,0,0,100,100,0,0,0.0,100.0,0,,,False,0,False,not_reached,0.0,0.1
112,448,1341,156,1341,4,right+A+B,2.2811057931448886e-07,1.5200796497083502e-06,0.0006431173533201218,3.119270331808366e-05,0.999323844909668,0.005749572534114122,12.0,1280.0,0,2,378,0,0,0,100,100,0,0,0.0,100.0,0,,,False,0,False,not_reached,0.0,0.1
113,452,1353,162,1353,4,right+A+B,1.5036798117762373e-07,6.451276703955955e-07,0.00034031993709504604,9.87010480457684e-06,0.9996490478515625,0.003193817101418972,12.0,1292.0,0,2,378,0,0,0,100,100,0,0,0.0,100.0,0,,,False,0,False,not_reached,0.0,0.1
114,456,1365,165,1365,4,right+A+B,5.817150281473005e-07,2.726523007368087e-06,0.00038954519550316036,0.000353197188815102,0.9992539286613464,0.0066544972360134125,12.0,1304.0,0,2,378,0,0,0,100,100,0,0,0.0,100.0,0,,,False,0,False,not_reached,0.0,0.1
115,460,1377,162,1377,4,right+A+B,3.1242609566106694e-06,1.9689863620442338e-05,0.0008390891016460955,0.022144049406051636,0.976993978023529,0.11330877989530563,11.0,1315.0,0,2,377,0,0,0,100,100,0,0,0.0,100.0,0,,,False,0,False,not_reached,0.0,0.1
116,464,1389,147,1389,4,right+A+B,6.318688974715769e-06,5.709987453883514e-05,0.005803647451102734,0.07254224270582199,0.9215906262397766,0.2960905432701111,12.0,1327.0,0,2,377,0,0,0,100,100,0,0,0.0,100.0,0,,,False,0,False,not_reached,0.0,0.1
117,468,1401,127,1401,4,right+A+B,2.6300231183995493e-06,1.8450646166456863e-05,0.02505405806005001,0.0049606370739638805,0.9699641466140747,0.1485045701265335,12.0,1339.0,0,2,377,0,0,0,100,100,0,0,0.0,100.0,0,,,False,0,False,not_reached,0.0,0.1
118,472,1413,107,1413,4,right+A+B,2.1991957055433886e-07,8.096629358078644e-07,0.014601418748497963,1.931462793436367e-05,0.9853782653808594,0.07645339518785477,12.0,1351.0,0,2,377,0,0,0,100,100,0,0,0.0,100.0,0,,,False,0,False,not_reached,0.0,0.1
119,476,1425,87,1425,4,right+A+B,8.005324048099283e-08,1.958029400839223e-07,0.0010900991037487984,9.185382623400073e-06,0.9989004135131836,0.008646290749311447,12.0,1363.0,0,2,377,0,0,0,100,100,0,0,0.0,100.0,0,,,False,0,False,not_reached,0.0,0.1
120,480,1437,79,1437,4,right+A+B,1.455042934139783e-06,7.252257546497276e-06,0.0006088867085054517,0.010481941513717175,0.9889005422592163,0.06342917680740356,11.0,1374.0,0,2,376,0,0,0,100,100,0,0,0.0,100.0,0,,,False,0,False,not_reached,0.0,0.1
121,484,1449,79,1449,3,right+B,2.1030971311120084e-06,2.2659773094346747e-05,8.268042438430712e-05,0.9596752524375916,0.0402173288166523,0.1697840839624405,12.0,1386.0,0,2,376,0,0,0,100,100,0,0,0.0,100.0,0,,,False,0,False,not_reached,0.0,0.1
122,488,1461,79,1461,3,right+B,2.0929917354806093e-07,3.4560507629066706e-06,5.4288825594994705e-06,0.9997312426567078,0.0002596017438918352,0.0025247286539524794,12.0,1398.0,0,2,376,0,0,0,100,100,0,0,0.0,100.0,0,,,False,0,False,not_reached,0.0,0.1
123,492,1473,79,1473,3,right+B,2.52880994366933e-07,3.0590974802180426e-06,7.1446006586484145e-06,0.9997739195823669,0.00021562659821938723,0.002173622837290168,12.0,1410.0,0,2,376,0,0,0,100,100,0,0,0.0,100.0,0,,,False,0,False,not_reached,0.0,0.1
124,496,1485,79,1485,3,right+B,2.0178777049295604e-05,0.00011768341937568039,0.028407007455825806,0.18495790660381317,0.7864972352981567,0.6034736633300781,12.0,1422.0,0,2,376,0,0,0,100,100,0,0,0.0,100.0,0,,,False,0,False,not_reached,0.0,0.1
125,500,1497,97,1497,4,right+A+B,2.3577315744205407e-07,5.025707991990203e-07,0.015005504712462425,2.2507515495817643e-06,0.9849916100502014,0.07794832438230515,11.0,1433.0,0,2,375,0,0,0,100,100,0,0,0.0,100.0,0,,,False,0,False,not_reached,0.0,0.1
126,504,1509,117,1509,4,right+A+B,7.271582092016615e-08,9.352028484954644e-08,0.004084755666553974,9.373243159416234e-08,0.995914876461029,0.0265488438308239,19.0,1452.0,0,2,375,0,0,0,300,300,1,0,0.0,300.0,0,,,False,0,False,not_reached,0.2,0.30000000000000004
127,508,1521,110,1521,4,right+A+B,1.4419541116694745e-07,1.678864975929173e-07,0.001644268399104476,2.5802233949434594e-07,0.9983550906181335,0.012192655354738235,12.0,1464.0,0,2,375,0,0,0,300,300,1,0,0.0,300.0,0,,,False,0,False,not_reached,0.0,0.30000000000000004
128,512,1533,90,1533,4,right+A+B,1.3739057749262429e-06,2.3977961518539814e-06,0.0008809705614112318,0.00012795309885405004,0.9989871382713318,0.008405954577028751,12.0,1476.0,0,2,375,0,0,0,300,300,1,0,0.0,300.0,0,,,False,0,False,not_reached,0.0,0.30000000000000004
129,516,1545,101,1545,3,right+B,1.6322030205628835e-05,6.357793608913198e-05,0.00020801718346774578,0.7685143947601318,0.23119768500328064,0.5434896349906921,12.0,1488.0,0,2,375,0,0,0,300,300,1,0,0.0,300.0,0,,,False,0,False,not_reached,0.0,0.30000000000000004
130,520,1557,99,1557,3,right+B,2.2265508050622884e-06,1.133068508352153e-05,8.203988727473188e-06,0.9972217082977295,0.0027565215714275837,0.019274573773145676,12.0,1500.0,0,2,374,0,0,0,400,400,1,0,0.0,400.0,0,,,False,0,False,not_reached,0.1,0.4
131,524,1569,84,1569,3,right+B,2.968828312077676e-07,1.6523002841495327e-06,6.976299005145847e-07,0.9998874664306641,0.00010987678979290649,0.0011505231959745288,12.0,1512.0,0,2,374,0,0,0,400,400,1,0,0.0,400.0,0,,,False,0,False,not_reached,0.0,0.4
132,528,1581,79,1581,3,right+B,4.846031629313075e-07,2.6268878627888625e-06,2.441023525534547e-06,0.9998099207878113,0.00018456520047038794,0.0018488921923562884,12.0,1524.0,0,2,374,0,0,0,400,400,1,0,0.0,400.0,0,,,False,0,False,not_reached,0.0,0.4
133,532,1593,79,1593,3,right+B,2.1912158842951612e-07,1.4218585420167074e-06,5.576500825554831e-07,0.9999438524246216,5.3945230320096016e-05,0.000616945733781904,12.0,1536.0,0,2,374,0,0,0,400,400,1,0,0.0,400.0,0,,,False,0,False,not_reached,0.0,0.4
134,536,1605,79,1605,3,right+B,2.480330181242607e-07,1.9176497971784556e-06,7.158180324040586e-07,0.9999022483825684,9.486186900176108e-05,0.0010151250753551722,12.0,1548.0,0,2,374,0,0,0,400,400,1,0,0.0,400.0,0,,,False,0,False,not_reached,0.0,0.4
135,540,1617,79,1617,3,right+B,3.2464563446410466e-06,2.0778004909516312e-05,3.875228503602557e-05,0.9953100085258484,0.004627265967428684,0.0302130039781332,11.0,1559.0,0,2,373,0,0,0,400,400,1,0,0.0,400.0,0,,,False,0,False,not_reached,0.0,0.4
136,544,1629,97,1629,4,right+A+B,4.427670137374662e-05,0.0002610757655929774,0.007701178081333637,0.7632314562797546,0.22876203060150146,0.5837361216545105,12.0,1571.0,0,2,373,0,0,0,400,400,1,0,0.0,400.0,0,,,False,0,False,not_reached,0.0,0.4
137,548,1641,117,1641,4,right+A+B,2.691183681235998e-06,7.690399797866121e-06,0.11676695197820663,3.890451625920832e-05,0.8831836581230164,0.3609970510005951,12.0,1583.0,0,2,373,0,0,0,400,400,1,0,0.0,400.0,0,,,False,0,False,not_reached,0.0,0.4
138,552,1653,133,1653,4,right+A+B,1.3906268350183382e-06,3.3700398489600047e-06,0.1061580702662468,1.1692513908201363e-05,0.8938255310058594,0.33861517906188965,12.0,1595.0,0,2,373,0,0,0,400,400,1,0,0.0,400.0,0,,,False,0,False,not_reached,0.0,0.4
139,556,1665,147,1665,4,right+A+B,2.842527692337171e-06,6.963353371247649e-06,0.055163413286209106,0.00011953042849199846,0.9447073340415955,0.21476705372333527,12.0,1607.0,0,2,373,0,0,0,400,400,1,0,0.0,400.0,0,,,False,0,False,not_reached,0.0,0.4
140,560,1677,156,1677,4,right+A+B,1.4411609299713746e-05,5.6488126574549824e-05,0.01688745617866516,0.016634775325655937,0.9664067625999451,0.17079663276672363,11.0,1618.0,0,2,372,0,0,0,400,400,1,0,0.0,400.0,0,,,False,0,False,not_reached,0.0,0.4
141,564,1689,160,1689,3,right+B,5.8443429225008e-06,4.971061207470484e-05,7.568419823655859e-05,0.9931827187538147,0.006686016451567411,0.04155706614255905,12.0,1630.0,0,2,372,0,0,0,400,400,1,0,0.0,400.0,0,,,False,0,False,not_reached,0.0,0.4
142,568,1701,152,1701,3,right+B,1.0202742828369082e-07,1.944670202647103e-06,8.463324974172792e-08,0.999990701675415,7.228566573758144e-06,0.0001236984971910715,12.0,1642.0,0,2,372,0,0,0,400,400,1,0,0.0,400.0,0,,,False,0,False,not_reached,0.0,0.4
143,572,1713,143,1713,3,right+B,7.181559880109489e-08,1.3167046972739627e-06,5.453426865642541e-08,0.9999935626983643,5.002709713153308e-06,8.765845268499106e-05,12.0,1654.0,0,2,372,0,0,0,400,400,1,0,0.0,400.0,0,,,False,0,False,not_reached,0.0,0.4
144,576,1725,135,1725,3,right+B,7.680195324155648e-08,1.189084514408023e-06,7.205359509043774e-08,0.9999909400939941,7.730134711891878e-06,0.00011823467502836138,12.0,1666.0,0,2,372,0,0,0,400,400,1,0,0.0,400.0,0,,,False,0,False,not_reached,0.0,0.4
145,580,1730,116,1730,3,right+B,4.7681419346190523e-07,4.8804822654346935e-06,1.2216726190672489e-06,0.9998455047607422,0.00014787062536925077,0.0015418316470459104,4.0,1670.0,0,2,371,0,0,0,400,400,1,0,0.0,400.0,0,,,False,0,False,not_reached,0.0,0.4
146,584,1731,96,1731,3,right+B,1.1220026863156818e-05,4.8983984015649185e-05,0.0002368869900237769,0.9620095491409302,0.0376933291554451,0.1634202003479004,1.0,1671.0,0,2,371,0,0,0,400,400,1,0,0.0,400.0,0,,,False,0,False,not_reached,0.0,0.4
147,588,1734,79,1734,3,right+B,9.565773098074715e-07,5.816247266920982e-06,5.612190761894453e-06,0.9995681643486023,0.00041941931704059243,0.003844727296382189,3.0,1674.0,0,2,371,0,0,0,400,400,1,0,0.0,400.0,0,,,False,0,False,not_reached,0.0,0.4
148,592,1738,79,1738,3,right+B,3.985785781424056e-07,3.259834784330451e-06,1.5577310250591836e-06,0.9999502897262573,4.4583375711226836e-05,0.0005641193711198866,4.0,1678.0,0,2,371,0,0,0,400,400,1,0,0.0,400.0,0,,,False,0,False,not_reached,0.0,0.4
149,596,1744,79,1744,3,right+B,4.679336313984095e-07,3.6352821553009562e-06,1.8997455981661915e-06,0.9999488592147827,4.5243050408316776e-05,0.0005814611213281751,6.0,1684.0,0,2,371,0,0,0,400,400,1,0,0.0,400.0,0,,,False,0,False,not_reached,0.0,0.4
150,600,1752,79,1752,3,right+B,2.05136029762798e-06,1.4163972991809715e-05,3.3994976547546685e-05,0.9994082450866699,0.0005415658815763891,0.005199812352657318,7.0,1691.0,0,2,370,0,0,0,400,400,1,0,0.0,400.0,0,,,False,0,False,not_reached,0.0,0.4
151,604,1762,79,1762,3,right+B,3.3635369618423283e-06,2.148163184756413e-05,0.00013263656001072377,0.9983044862747192,0.0015379207907244563,0.013112766668200493,10.0,1701.0,0,2,370,0,0,0,400,400,1,0,0.0,400.0,0,,,False,0,False,not_reached,0.0,0.4
152,608,1773,97,1773,4,right+A+B,9.888509339361917e-06,2.962158396258019e-05,0.2947315573692322,0.001841960591264069,0.7033868432044983,0.6195775270462036,11.0,1712.0,0,2,370,0,0,0,400,400,1,0,0.0,400.0,0,,,False,0,False,not_reached,0.0,0.4
153,612,1785,117,1785,4,right+A+B,8.331782623827166e-07,1.5409536899824161e-06,0.17798268795013428,4.350911694928072e-06,0.8220105767250061,0.4684121012687683,19.0,1731.0,0,2,370,0,0,0,600,600,2,0,0.0,600.0,0,,,False,0,False,not_reached,0.2,0.6000000000000001
154,616,1797,110,1797,4,right+A+B,1.2518120229287888e-07,2.0692338864591875e-07,0.02475189045071602,1.2638555801913753e-07,0.9752476215362549,0.11600391566753387,12.0,1743.0,0,2,370,0,0,0,600,600,2,0,0.0,600.0,0,,,False,0,False,not_reached,0.0,0.6000000000000001
155,620,1809,90,1809,4,right+A+B,3.974847686549765e-07,8.24403628030268e-07,0.0017156546236947179,7.412433660647366e-06,0.9982757568359375,0.012753360904753208,11.0,1754.0,0,2,369,0,0,0,600,600,2,0,0.0,600.0,0,,,False,0,False,not_reached,0.0,0.6000000000000001
156,624,1821,101,1821,3,right+B,8.386200534005184e-06,7.104753603925928e-05,5.045549551141448e-05,0.9703919887542725,0.029478151351213455,0.13432520627975464,12.0,1766.0,0,2,369,0,0,0,600,600,2,0,0.0,600.0,0,,,False,0,False,not_reached,0.0,0.6000000000000001
157,628,1833,99,1833,3,right+B,2.564992840348168e-08,5.966395519862999e-07,4.416608856416815e-09,0.999996542930603,2.833805183399818e-06,4.9097703595180064e-05,13.0,1779.0,0,2,369,0,0,0,700,700,2,0,0.0,700.0,0,,,False,0,False,not_reached,0.1,0.7000000000000001
158,632,1845,84,1845,3,right+B,4.958043220426589e-08,7.403617701129406e-07,1.4145684623656507e-08,0.9999905824661255,8.612875717517454e-06,0.00012152282579336315,12.0,1791.0,0,2,369,0,0,0,700,700,2,0,0.0,700.0,0,,,False,0,False,not_reached,0.0,0.7000000000000001
159,636,1857,79,1857,3,right+B,2.006988324865233e-06,1.1997512046946213e-05,9.148349818133283e-06,0.995526134967804,0.0044507309794425964,0.0288318432867527,12.0,1803.0,0,2,369,0,0,0,700,700,2,0,0.0,700.0,0,,,False,0,False,not_reached,0.0,0.7000000000000001
160,640,1869,79,1869,3,right+B,2.5552585611876566e-06,1.4488347915175837e-05,2.6445412004250102e-05,0.9943163990974426,0.005640179384499788,0.035344742238521576,11.0,1814.0,0,2,368,0,0,0,700,700,2,0,0.0,700.0,0,,,False,0,False,not_reached,0.0,0.7000000000000001
161,644,1881,79,1881,3,right+B,3.270119350418099e-06,2.360799589951057e-05,8.142719889292493e-05,0.9946944117546082,0.005197327584028244,0.033686816692352295,12.0,1826.0,0,2,368,0,0,0,700,700,2,0,0.0,700.0,0,,,False,0,False,not_reached,0.0,0.7000000000000001
162,648,1893,79,1893,3,right+B,2.727178070927039e-06,2.6680443625082262e-05,8.364027598872781e-05,0.99811851978302,0.0017684329068288207,0.014188919216394424,12.0,1838.0,0,2,368,0,0,0,700,700,2,0,0.0,700.0,0,,,False,0,False,not_reached,0.0,0.7000000000000001
163,652,1905,79,1905,3,right+B,4.321187134337379e-06,4.3542462663026527e-05,0.00031638459768146276,0.9969441294670105,0.0026916475035250187,0.02201930619776249,12.0,1850.0,0,2,368,0,0,0,700,700,2,0,0.0,700.0,0,,,False,0,False,not_reached,0.0,0.7000000000000001
164,656,1917,79,1917,3,right+B,1.0120771548827179e-05,0.00012000555580016226,0.001399377011694014,0.987370491027832,0.011099965311586857,0.07290457934141159,12.0,1862.0,0,2,368,0,0,0,700,700,2,0,0.0,700.0,0,,,False,0,False,not_reached,0.0,0.7000000000000001
165,660,1929,97,1929,2,right+A,2.9419001293717884e-05,0.0002944971201941371,0.34082841873168945,0.016398848965764046,0.6424488425254822,0.7212322354316711,11.0,1873.0,0,2,367,0,0,0,700,700,2,0,0.0,700.0,0,,,False,0,False,not_reached,0.0,0.7000000000000001
166,664,1941,117,1941,2,right+A,9.031843433149334e-07,7.750247277726885e-06,0.5270163416862488,1.1261712643317878e-05,0.47296369075775146,0.6919235587120056,12.0,1885.0,0,2,367,0,0,0,700,700,2,0,0.0,700.0,0,,,False,0,False,not_reached,0.0,0.7000000000000001
167,668,1953,133,1953,4,right+A+B,1.6366122679301043e-07,1.129934616983519e-06,0.37603068351745605,4.4121827613707865e-07,0.6239676475524902,0.662112832069397,12.0,1897.0,0,2,367,0,0,0,700,700,2,0,0.0,700.0,0,,,False,0,False,not_reached,0.0,0.7000000000000001
168,672,1965,147,1965,4,right+A+B,8.729581679745024e-08,4.325054021592223e-07,0.09136223793029785,2.989741005876567e-07,0.9086369276046753,0.30569106340408325,12.0,1909.0,0,2,367,0,0,0,700,700,2,0,0.0,700.0,0,,,False,0,False,not_reached,0.0,0.7000000000000001
169,676,1977,156,1977,2,right+A,8.136938589586862e-08,3.5895624250770197e-07,0.02133319154381752,2.2876957928019692e-07,0.9786660671234131,0.10319384187459946,12.0,1921.0,0,2,367,0,0,0,700,700,2,0,0.0,700.0,0,,,False,0,False,not_reached,0.0,0.7000000000000001
170,680,1989,162,1989,4,right+A+B,1.215514799923767e-07,5.060155672254041e-07,0.004440889228135347,4.87237798552087e-07,0.9955580830574036,0.028504185378551483,11.0,1932.0,0,2,366,0,0,0,700,700,2,0,0.0,700.0,0,,,False,0,False,not_reached,0.0,0.7000000000000001
171,684,2001,165,2001,4,right+A+B,1.313071152253542e-06,6.21742492512567e-06,0.001810916350223124,4.853667996940203e-05,0.99813312292099,0.013873663730919361,12.0,1944.0,0,2,366,0,0,0,700,700,2,0,0.0,700.0,0,,,False,0,False,not_reached,0.0,0.7000000000000001
172,688,2013,162,2013,3,right+B,7.53742551751202e-06,0.0001303113967878744,2.7552201572689228e-05,0.9843909740447998,0.015443679876625538,0.08143935352563858,12.0,1956.0,0,2,366,0,0,0,700,700,2,0,0.0,700.0,0,,,False,0,False,not_reached,0.0,0.7000000000000001
173,692,2025,147,2025,3,right+B,1.1805821031884989e-07,3.3959513530135155e-06,5.990720808313199e-08,0.9999860525131226,1.0408997695776634e-05,0.00017937019583769143,12.0,1968.0,0,2,366,0,0,0,700,700,2,0,0.0,700.0,0,,,False,0,False,not_reached,0.0,0.7000000000000001
174,696,2037,127,2037,3,right+B,7.377852107026683e-09,2.3884882693891996e-07,2.857302172643017e-09,0.9999996423721313,1.2394245629820944e-07,5.807305569760501e-06,12.0,1980.0,0,2,366,0,0,0,700,700,2,0,0.0,700.0,0,,,False,0,False,not_reached,0.0,0.7000000000000001
175,700,2049,107,2049,3,right+B,6.55275522731813e-09,1.6774181688106182e-07,5.226544530501087e-09,0.9999997615814209,1.037808559090081e-07,4.508955498749856e-06,11.0,1991.0,0,2,365,0,0,0,700,700,2,0,0.0,700.0,0,,,False,0,False,not_reached,0.0,0.7000000000000001
176,704,2061,87,2061,3,right+B,2.538673129492963e-07,4.0065419852908235e-06,2.1204321001278004e-06,0.9999616146087646,3.192081567249261e-05,0.000449945917353034,12.0,2003.0,0,2,365,0,0,0,700,700,2,0,0.0,700.0,0,,,False,0,False,not_reached,0.0,0.7000000000000001
177,708,2073,79,2073,4,right+A+B,9.820856575970538e-06,8.884195267455652e-05,0.0005129178753122687,0.9693505167961121,0.030037956312298775,0.14029422402381897,12.0,2015.0,0,2,365,0,0,0,700,700,2,0,0.0,700.0,0,,,False,0,False,not_reached,0.0,0.7000000000000001
178,712,2085,79,2085,4,right+A+B,3.209970600437373e-07,1.1683277989504859e-06,0.0031758553814142942,1.0588702025415841e-05,0.9968120455741882,0.021592868492007256,12.0,2027.0,0,2,365,0,0,0,700,700,2,0,0.0,700.0,0,,,False,0,False,not_reached,0.0,0.7000000000000001
179,716,2097,79,2097,4,right+A+B,3.209316190577738e-08,9.087067809332439e-08,0.0011849455768242478,4.424866872909661e-08,0.9988149404525757,0.009171021170914173,12.0,2039.0,0,2,365,0,0,0,700,700,2,0,0.0,700.0,0,,,False,0,False,not_reached,0.0,0.7000000000000001
180,720,2109,79,2109,4,right+A+B,1.4442790075008816e-07,5.584685709436599e-07,0.00040634884499013424,1.1116615041828481e-06,0.9995918869972229,0.0036064551677554846,11.0,2050.0,0,2,364,0,0,0,700,700,2,0,0.0,700.0,0,,,False,0,False,not_reached,0.0,0.7000000000000001
181,724,2121,79,2121,4,right+A+B,4.4520106712298e-08,1.2711549857158388e-07,0.00044864878873340786,3.020493366534538e-08,0.9995512366294861,0.003911028616130352,12.0,2062.0,0,2,364,0,0,0,700,700,2,0,0.0,700.0,0,,,False,0,False,not_reached,0.0,0.7000000000000001
182,728,2132,79,2132,4,right+A+B,2.3094157697300943e-08,3.115159685762592e-08,0.00023206359765026718,8.091919134756154e-09,0.9997679591178894,0.0021748084109276533,11.0,2073.0,0,2,364,0,0,0,700,700,2,0,0.0,700.0,0,,,False,0,False,not_reached,0.0,0.7000000000000001
183,732,2130,79,2132,4,right+A+B,3.2616021883313806e-08,4.304017764411583e-08,0.00023034718469716609,3.923594604771097e-08,0.9997695088386536,0.00216206768527627,0.0,2073.0,1,2,364,0,0,0,700,700,2,0,0.0,700.0,0,,,False,0,False,not_reached,0.0,0.7000000000000001
184,736,2130,79,2132,4,right+A+B,4.852420715906192e-06,1.4115406884229742e-05,0.002162566175684333,6.302673136815429e-05,0.9977553486824036,0.01633939892053604,0.0,2073.0,2,2,364,0,0,0,700,700,2,0,0.0,700.0,0,,,False,0,False,not_reached,0.0,0.7000000000000001
185,740,2130,79,2132,4,right+A+B,0.0003164420777466148,0.001719671767205,0.023813484236598015,0.02209600619971752,0.9520544409751892,0.23351477086544037,-1.0,2072.0,3,2,363,0,0,0,700,700,2,0,0.0,700.0,0,,,False,0,False,not_reached,0.0,0.7000000000000001
186,744,2130,79,2132,4,right+A+B,0.000701863958965987,0.004888927098363638,0.0472109280526638,0.1354093849658966,0.8117889165878296,0.6152655482292175,0.0,2072.0,4,2,363,0,0,0,700,700,2,0,0.0,700.0,0,,,False,0,False,not_reached,0.0,0.7000000000000001
187,748,2130,79,2132,4,right+A+B,0.000582453387323767,0.003961514215916395,0.048345763236284256,0.08308066427707672,0.8640295267105103,0.5056837797164917,0.0,2072.0,5,2,363,0,0,0,700,700,2,0,0.0,700.0,0,,,False,0,False,not_reached,0.0,0.7000000000000001
188,752,2130,79,2132,4,right+A+B,0.00041120313107967377,0.002631879411637783,0.0432431660592556,0.034607671201229095,0.919106125831604,0.34860169887542725,0.0,2072.0,6,2,363,0,0,0,700,700,2,0,0.0,700.0,0,,,False,0,False,not_reached,0.0,0.7000000000000001
189,756,2130,79,2132,4,right+A+B,0.0004788338264916092,0.003152090823277831,0.04019567370414734,0.055332738906145096,0.900840699672699,0.4052305817604065,0.0,2072.0,7,2,363,0,0,0,700,700,2,0,0.0,700.0,0,,,False,0,False,not_reached,0.0,0.7000000000000001
190,760,2130,79,2132,4,right+A+B,0.0004360723542049527,0.002876800252124667,0.03188905864953995,0.05547261983156204,0.9093254208564758,0.37693285942077637,-1.0,2071.0,8,2,362,0,0,0,700,700,2,0,0.0,700.0,0,,,False,0,False,not_reached,0.0,0.7000000000000001
191,764,2130,79,2132,4,right+A+B,0.0006408679764717817,0.004574648570269346,0.02821027673780918,0.16548795998096466,0.8010862469673157,0.605372428894043,0.0,2071.0,9,2,362,0,0,0,700,700,2,0,0.0,700.0,0,,,False,0,False,not_reached,0.0,0.7000000000000001
192,768,2130,79,2132,3,right+B,0.0007286622421815991,0.005824188701808453,0.018375525251030922,0.47689709067344666,0.4981744885444641,0.8089268207550049,0.0,2071.0,10,2,362,0,0,0,700,700,2,0,0.0,700.0,0,,,False,0,False,not_reached,0.0,0.7000000000000001
193,772,2130,93,2132,4,right+A+B,0.0006810619961470366,0.0056412857957184315,0.016606297343969345,0.521481454372406,0.4555899500846863,0.799921452999115,0.0,2071.0,11,2,362,0,0,0,700,700,2,0,0.0,700.0,0,,,False,0,False,not_reached,0.0,0.7000000000000001
194,776,2131,108,2132,3,right+B,0.000644094601739198,0.005318424664437771,0.021085888147354126,0.4665064513683319,0.506445050239563,0.8142144680023193,0.0,2071.0,12,2,362,0,0,0,700,700,2,0,0.0,700.0,0,,,False,0,False,not_reached,0.0,0.7000000000000001
195,780,2134,112,2134,4,right+A+B,0.0006947765941731632,0.005080353934317827,0.037623412907123566,0.19812053442001343,0.7584808468818665,0.6857041120529175,1.0,2072.0,0,2,361,0,0,0,700,700,2,0,0.0,700.0,0,,,False,0,False,not_reached,0.0,0.7000000000000001
196,784,2137,106,2137,2,right+A,0.0005715145962312818,0.003959126770496368,0.04735976457595825,0.10494775325059891,0.8431618809700012,0.5510382056236267,3.0,2075.0,0,2,361,0,0,0,700,700,2,0,0.0,700.0,0,,,False,0,False,not_reached,0.0,0.7000000000000001
197,788,2141,95,2141,4,right+A+B,0.0004929289571009576,0.003308426821604371,0.047919370234012604,0.0653335452079773,0.8829457759857178,0.4564048647880554,4.0,2079.0,0,2,361,0,0,0,700,700,2,0,0.0,700.0,0,,,False,0,False,not_reached,0.0,0.7000000000000001
198,792,2146,95,2146,4,right+A+B,0.0004294409300200641,0.0025413050316274166,0.051736801862716675,0.042863957583904266,0.9024285078048706,0.399395227432251,5.0,2084.0,0,2,361,0,0,0,700,700,2,0,0.0,700.0,0,,,False,0,False,not_reached,0.0,0.7000000000000001
199,796,2146,95,2146,4,right+A+B,0.000383832462830469,0.0023109051398932934,0.036017488688230515,0.14556288719177246,0.8157249093055725,0.5834259986877441,0.0,2084.0,1,2,361,0,0,0,700,700,2,0,0.0,700.0,0,,,False,0,False,not_reached,0.0,0.7000000000000001
200,800,2146,95,2146,4,right+A+B,0.0006363221909850836,0.004418208729475737,0.05134476721286774,0.27384042739868164,0.6697602272033691,0.8042358160018921,-1.0,2083.0,2,2,360,0,0,0,700,700,2,0,0.0,700.0,0,,,False,0,False,not_reached,0.0,0.7000000000000001
201,804,2146,95,2146,4,right+A+B,0.0004816788714379072,0.003144165500998497,0.06750427931547165,0.17380906641483307,0.7550608515739441,0.7200289964675903,0.0,2083.0,3,2,360,0,0,0,700,700,2,0,0.0,700.0,0,,,False,0,False,not_reached,0.0,0.7000000000000001
202,808,2146,95,2146,4,right+A+B,0.0004374238196760416,0.0030196181032806635,0.04793845862150192,0.18865814805030823,0.7599464654922485,0.6897928714752197,0.0,2083.0,4,2,360,0,0,0,700,700,2,0,0.0,700.0,0,,,False,0,False,not_reached,0.0,0.7000000000000001
203,812,2146,95,2146,3,right+B,0.00045385619159787893,0.003247929969802499,0.041644543409347534,0.2548201382160187,0.6998335719108582,0.7526432275772095,0.0,2083.0,5,2,360,0,0,0,700,700,2,0,0.0,700.0,0,,,False,0,False,not_reached,0.0,0.7000000000000001
204,816,2147,109,2147,2,right+A,0.0003887530183419585,0.0028108784463256598,0.03627065196633339,0.2491338551044464,0.7113958597183228,0.728351354598999,1.0,2084.0,0,2,360,0,0,0,700,700,2,0,0.0,700.0,0,,,False,0,False,not_reached,0.0,0.7000000000000001
205,820,2149,125,2149,4,right+A+B,0.00030449870973825455,0.0021095722913742065,0.03943066671490669,0.14869187772274017,0.809463381767273,0.5974469780921936,1.0,2085.0,0,2,359,0,0,0,700,700,2,0,0.0,700.0,0,,,False,0,False,not_reached,0.0,0.7000000000000001
206,824,2152,138,2152,4,right+A+B,0.00019881638581864536,0.0012304012198001146,0.04782625287771225,0.03716237097978592,0.9135821461677551,0.36026623845100403,3.0,2088.0,0,2,359,0,0,0,700,700,2,0,0.0,700.0,0,,,False,0,False,not_reached,0.0,0.7000000000000001
207,828,2157,148,2157,4,right+A+B,0.00023184272868093103,0.0013912514550611377,0.05298880860209465,0.04352128133177757,0.9018668532371521,0.39632537961006165,5.0,2093.0,0,2,359,0,0,0,700,700,2,0,0.0,700.0,0,,,False,0,False,not_reached,0.0,0.7000000000000001
208,832,2162,155,2162,4,right+A+B,0.00021831796038895845,0.0013418516609817743,0.04986697435379028,0.0689263567328453,0.8796465992927551,0.4573959410190582,5.0,2098.0,0,2,359,0,0,0,700,700,2,0,0.0,700.0,0,,,False,0,False,not_reached,0.0,0.7000000000000001
209,836,2168,158,2168,2,right+A,0.00017281604232266545,0.0009766314178705215,0.040218859910964966,0.12618209421634674,0.8324496746063232,0.5513639450073242,6.0,2104.0,0,2,359,0,0,0,700,700,2,0,0.0,700.0,0,,,False,0,False,not_reached,0.0,0.7000000000000001
210,840,2175,159,2175,4,right+A+B,9.041292651090771e-05,0.0004890940617769957,0.0342242531478405,0.15680168569087982,0.8083944916725159,0.5825383067131042,6.0,2110.0,0,2,358,0,0,0,700,700,2,0,0.0,700.0,0,,,False,0,False,not_reached,0.0,0.7000000000000001
211,844,2182,152,2182,4,right+A+B,5.826967390021309e-05,0.0002356884506298229,0.011756332591176033,0.3728794455528259,0.6150702834129333,0.7215557098388672,7.0,2117.0,0,2,358,0,0,0,700,700,2,0,0.0,700.0,0,,,False,0,False,not_reached,0.0,0.7000000000000001
212,848,2189,143,2189,4,right+A+B,2.8237927836016752e-05,6.222700176294893e-05,0.011318161152303219,0.01953435130417347,0.9690570831298828,0.15895715355873108,7.0,2124.0,0,2,358,0,0,0,700,700,2,0,0.0,700.0,0,,,False,0,False,not_reached,0.0,0.7000000000000001
213,852,2197,143,2197,4,right+A+B,2.986655772474478e-06,4.07969764637528e-06,0.014874161221086979,3.340351759106852e-05,0.9850854277610779,0.07782822847366333,8.0,2132.0,0,2,358,0,0,0,700,700,2,0,0.0,700.0,0,,,False,0,False,not_reached,0.0,0.7000000000000001
214,856,2208,143,2208,4,right+A+B,7.798945262038615e-06,1.7708782252157107e-05,0.02698650397360325,0.0004471978754736483,0.9725407958030701,0.1282995045185089,11.0,2143.0,0,2,358,0,0,0,700,700,2,0,0.0,700.0,0,,,False,0,False,not_reached,0.0,0.7000000000000001
215,860,2220,137,2220,4,right+A+B,4.7986366553232074e-05,0.00016844742640387267,0.006709949113428593,0.07082422822713852,0.9222494959831238,0.2976756989955902,11.0,2154.0,0,2,357,0,0,0,700,700,2,0,0.0,700.0,0,,,False,0,False,not_reached,0.0,0.7000000000000001
216,864,2227,127,2228,3,right+B,4.95965032314416e-05,0.0002464551362209022,0.003787121269851923,0.571418821811676,0.424498051404953,0.7071716785430908,8.0,2162.0,0,2,357,0,0,0,700,700,2,0,0.0,700.0,0,,,False,0,False,not_reached,0.0,0.7000000000000001
217,868,2226,125,2228,3,right+B,5.118156877870206e-06,3.9220889448188245e-05,0.00010111877782037482,0.9920241832733154,0.007830381393432617,0.0473099946975708,0.0,2162.0,1,2,357,0,0,0,700,700,2,0,0.0,700.0,0,,,False,0,False,not_reached,0.0,0.7000000000000001
218,872,2226,113,2228,3,right+B,2.1473386368597858e-05,0.00014027266297489405,0.00048519164556637406,0.9912258982658386,0.008127170614898205,0.053025711327791214,0.0,2162.0,2,2,357,0,0,0,700,700,2,0,0.0,700.0,0,,,False,0,False,not_reached,0.0,0.7000000000000001
219,876,2226,93,2228,2,right+A,0.00010422874038340524,0.00034748681355267763,0.3007504642009735,0.008293405175209045,0.6905044317245483,0.660528302192688,0.0,2162.0,3,2,357,0,0,0,700,700,2,0,0.0,700.0,0,,,False,0,False,not_reached,0.0,0.7000000000000001
220,880,2226,79,2228,2,right+A,6.814969674451277e-05,0.00019917429017368704,0.3003194034099579,0.0030857042875140905,0.6963275671005249,0.633471667766571,-1.0,2161.0,4,2,356,0,0,0,700,700,2,0,0.0,700.0,0,,,False,0,False,not_reached,0.0,0.7000000000000001
221,884,2226,79,2228,4,right+A+B,9.84689686447382e-05,0.000301380263408646,0.3430898189544678,0.003939149435609579,0.6525711417198181,0.6707270741462708,0.0,2161.0,5,2,356,0,0,0,700,700,2,0,0.0,700.0,0,,,False,0,False,not_reached,0.0,0.7000000000000001
222,888,2226,79,2228,2,right+A,0.00011388272105250508,0.00035439993371255696,0.3388546407222748,0.004858551546931267,0.655818521976471,0.6731054186820984,0.0,2161.0,6,2,356,0,0,0,700,700,2,0,0.0,700.0,0,,,False,0,False,not_reached,0.0,0.7000000000000001
223,892,2226,79,2228,2,right+A,9.72581110545434e-05,0.00030017492827028036,0.32304248213768005,0.004395022988319397,0.6721650958061218,0.6592332720756531,0.0,2161.0,7,2,356,0,0,0,700,700,2,0,0.0,700.0,0,,,False,0,False,not_reached,0.0,0.7000000000000001
224,896,2226,79,2228,2,right+A,0.00012348721793387085,0.0003863552992697805,0.3512728810310364,0.004657886456698179,0.6435593366622925,0.6802985072135925,0.0,2161.0,8,2,356,0,0,0,700,700,2,0,0.0,700.0,0,,,False,0,False,not_reached,0.0,0.7000000000000001
225,900,2226,79,2228,4,right+A+B,0.0001100253575714305,0.0003393835504539311,0.35133102536201477,0.003901018761098385,0.6443185806274414,0.6760706305503845,-1.0,2160.0,9,2,355,0,0,0,700,700,2,0,0.0,700.0,0,,,False,0,False,not_reached,0.0,0.7000000000000001
226,904,2226,79,2228,4,right+A+B,9.9823264463339e-05,0.0003031521919183433,0.36048322916030884,0.003245140193030238,0.6358686685562134,0.6776744723320007,0.0,2160.0,10,2,355,0,0,0,700,700,2,0,0.0,700.0,0,,,False,0,False,not_reached,0.0,0.7000000000000001
227,908,2226,79,2228,4,right+A+B,0.00010140382073586807,0.00031304924050346017,0.3576008677482605,0.0035515388008207083,0.6384332180023193,0.6777143478393555,0.0,2160.0,11,2,355,0,0,0,700,700,2,0,0.0,700.0,0,,,False,0,False,not_reached,0.0,0.7000000000000001
228,912,2226,79,2228,4,right+A+B,0.0001066206896211952,0.0003329993924126029,0.36325743794441223,0.0037389195058494806,0.6325640082359314,0.6820864677429199,0.0,2160.0,12,2,355,0,0,0,700,700,2,0,0.0,700.0,0,,,False,0,False,not_reached,0.0,0.7000000000000001
229,916,2226,79,2228,4,right+A+B,0.00011199916480109096,0.0003518226440064609,0.352262407541275,0.004253430292010307,0.6430204510688782,0.6785280704498291,0.0,2160.0,13,2,355,0,0,0,700,700,2,0,0.0,700.0,0,,,False,0,False,not_reached,0.0,0.7000000000000001
230,920,2226,79,2228,4,right+A+B,0.00010786169150378555,0.00033701976644806564,0.33854177594184875,0.004403840750455856,0.6566095352172852,0.6704622507095337,-1.0,2159.0,14,2,354,0,0,0,700,700,2,0,0.0,700.0,0,,,False,0,False,not_reached,0.0,0.7000000000000001
231,924,2226,79,2228,2,right+A,0.00011717677261913195,0.00036655826261267066,0.33705589175224304,0.004892279393970966,0.6575680375099182,0.6721956729888916,0.0,2159.0,15,2,354,0,0,0,700,700,2,0,0.0,700.0,0,,,False,0,False,not_reached,0.0,0.7000000000000001
232,928,2226,79,2228,4,right+A+B,0.00011759300832636654,0.00036865886067971587,0.3464829921722412,0.004533195402473211,0.6484975218772888,0.6765482425689697,0.0,2159.0,16,2,354,0,0,0,700,700,2,0,0.0,700.0,0,,,False,0,False,not_reached,0.0,0.7000000000000001
233,932,2226,79,2228,4,right+A+B,0.00012397929094731808,0.0003872441593557596,0.34487658739089966,0.004875393584370613,0.649736762046814,0.6774154305458069,0.0,2159.0,17,2,354,0,0,0,700,700,2,0,0.0,700.0,0,,,False,0,False,not_reached,0.0,0.7000000000000001
234,936,2226,79,2228,4,right+A+B,0.0001089191937353462,0.00033694261219352484,0.3373123109340668,0.004345821216702461,0.6578959822654724,0.6693621873855591,0.0,2159.0,18,2,354,0,0,0,700,700,2,0,0.0,700.0,0,,,False,0,False,not_reached,0.0,0.7000000000000001
235,940,2226,79,2228,2,right+A,0.00013097189366817474,0.0004134640039410442,0.34641656279563904,0.00527301337569952,0.6477659344673157,0.6805673837661743,-1.0,2158.0,19,2,353,0,0,0,700,700,2,0,0.0,700.0,0,,,False,0,False,not_reached,0.0,0.7000000000000001
236,944,2226,79,2228,4,right+A+B,0.0001259483105968684,0.00039692953578196466,0.3594897985458374,0.004668606445193291,0.6353187561035156,0.6852774024009705,0.0,2158.0,20,2,353,0,0,0,700,700,2,0,0.0,700.0,0,,,False,0,False,not_reached,0.0,0.7000000000000001
237,948,2226,79,2228,4,right+A+B,0.00011591481597861275,0.0003592279681470245,0.3514062166213989,0.004270763602107763,0.6438478231430054,0.6781871318817139,0.0,2158.0,21,2,353,0,0,0,700,700,2,0,0.0,700.0,0,,,False,0,False,not_reached,0.0,0.7000000000000001
238,952,2226,79,2228,2,right+A,0.00010458012548042461,0.00032167817698791623,0.35810399055480957,0.003651160979643464,0.6378185749053955,0.6786148548126221,0.0,2158.0,22,2,353,0,0,0,700,700,2,0,0.0,700.0,0,,,False,0,False,not_reached,0.0,0.7000000000000001
239,956,2226,79,2228,2,right+A,0.00011259537859586999,0.0003497705911286175,0.36968210339546204,0.0037317010574042797,0.62612384557724,0.6857012510299683,0.0,2158.0,23,2,353,0,0,0,700,700,2,0,0.0,700.0,0,,,False,0,False,not_reached,0.0,0.7000000000000001
240,960,2226,79,2228,4,right+A+B,0.0001059629867086187,0.0003273420734331012,0.3635949492454529,0.0035490228328853846,0.632422685623169,0.6812455058097839,-1.0,2157.0,24,2,352,0,0,0,700,700,2,0,0.0,700.0,0,,,False,0,False,not_reached,0.0,0.7000000000000001
241,964,2226,79,2228,4,right+A+B,0.00010609875607769936,0.0003293964546173811,0.3505919277667999,0.003919848706573248,0.6450527906417847,0.6756078004837036,0.0,2157.0,25,2,352,0,0,0,700,700,2,0,0.0,700.0,0,,,False,0,False,not_reached,0.0,0.7000000000000001
242,968,2226,79,2228,2,right+A,0.00011669493687804788,0.0003681992820929736,0.3385050594806671,0.004924502689391375,0.6560855507850647,0.6733254194259644,0.0,2157.0,26,2,352,0,0,0,700,700,2,0,0.0,700.0,0,,,False,0,False,not_reached,0.0,0.7000000000000001
243,972,2226,79,2228,2,right+A,0.00012031092774122953,0.000379784032702446,0.3467337489128113,0.004813391715288162,0.6479527354240417,0.6781937479972839,0.0,2157.0,27,2,352,0,0,0,700,700,2,0,0.0,700.0,0,,,False,0,False,not_reached,0.0,0.7000000000000001
244,976,2226,79,2228,2,right+A,0.00011873334733536467,0.0003723916888702661,0.3382027745246887,0.004782901145517826,0.6565232276916504,0.6724792122840881,0.0,2157.0,28,2,352,0,0,0,700,700,2,0,0.0,700.0,0,,,False,0,False,not_reached,0.0,0.7000000000000001
245,980,2226,79,2228,4,right+A+B,0.00010707986075431108,0.00033132763928733766,0.3348041772842407,0.004284994676709175,0.6604723930358887,0.66730797290802,-1.0,2156.0,29,2,351,0,0,0,700,700,2,0,0.0,700.0,0,,,False,0,False,not_reached,0.0,0.7000000000000001
246,984,2226,79,2228,4,right+A+B,0.0001172199918073602,0.000363782950444147,0.3356495499610901,0.004712379537522793,0.6591569781303406,0.6703453063964844,0.0,2156.0,30,2,351,0,0,0,700,700,2,0,0.0,700.0,0,,,False,0,False,not_reached,0.0,0.7000000000000001
247,988,2226,79,2228,4,right+A+B,0.00011834729957627133,0.00036605546483770013,0.35283032059669495,0.0041656107641756535,0.6425197124481201,0.6785890460014343,0.0,2156.0,31,2,351,0,0,0,700,700,2,0,0.0,700.0,0,,,False,0,False,not_reached,0.0,0.7000000000000001
248,992,2226,79,2228,4,right+A+B,0.00011985396849922836,0.00036842512781731784,0.35501185059547424,0.004143735393881798,0.6403561234474182,0.6798063516616821,0.0,2156.0,32,2,351,0,0,0,700,700,2,0,0.0,700.0,0,,,False,0,False,not_reached,0.0,0.7000000000000001
249,996,2226,79,2228,4,right+A+B,0.00010226936137769371,0.0003102771006524563,0.3510216772556305,0.003451370634138584,0.6451143622398376,0.673270583152771,0.0,2156.0,33,2,351,0,0,0,700,700,2,0,0.0,700.0,0,,,False,0,False,not_reached,0.0,0.7000000000000001
250,1000,2226,79,2228,2,right+A,0.00011736499436665326,0.0003616698086261749,0.3715014159679413,0.0037432468961924314,0.6242762804031372,0.6868420243263245,-1.0,2155.0,34,2,350,0,0,0,700,700,2,0,0.0,700.0,0,,,False,0,False,not_reached,0.0,0.7000000000000001
251,1004,2226,79,2228,4,right+A+B,0.00011411622836021706,0.0003576402668841183,0.37660714983940125,0.0037237415090203285,0.6191973686218262,0.6892786026000977,0.0,2155.0,35,2,350,0,0,0,700,700,2,0,0.0,700.0,0,,,False,0,False,not_reached,0.0,0.7000000000000001
252,1008,2226,79,2228,4,right+A+B,0.00011322284990455955,0.0003518615267239511,0.3636980950832367,0.003940998576581478,0.631895899772644,0.6835609078407288,0.0,2155.0,36,2,350,0,0,0,700,700,2,0,0.0,700.0,0,,,False,0,False,not_reached,0.0,0.7000000000000001
253,1012,2226,79,2228,4,right+A+B,0.00011091498890891671,0.00034863842302002013,0.34546682238578796,0.004462922923266888,0.649610698223114,0.6753517985343933,0.0,2155.0,37,2,350,0,0,0,700,700,2,0,0.0,700.0,0,,,False,0,False,not_reached,0.0,0.7000000000000001
254,1016,2226,79,2228,2,right+A,0.00012838738621212542,0.0004085391410626471,0.3450630307197571,0.0053589800372719765,0.6490411162376404,0.6800710558891296,0.0,2155.0,38,2,350,0,0,0,700,700,2,0,0.0,700.0,0,,,False,0,False,not_reached,0.0,0.7000000000000001
255,1020,2226,79,2228,4,right+A+B,0.00011808816634584218,0.0003694496990647167,0.3421404957771301,0.004731820430606604,0.6526401042938232,0.6747774481773376,-1.0,2154.0,39,2,349,0,0,0,700,700,2,0,0.0,700.0,0,,,False,0,False,not_reached,0.0,0.7000000000000001
256,1024,2226,79,2228,2,right+A,0.00011097064998466522,0.000343246734701097,0.33455467224121094,0.004416958894580603,0.6605741381645203,0.6679255962371826,0.0,2154.0,40,2,349,0,0,0,700,700,2,0,0.0,700.0,0,,,False,0,False,not_reached,0.0,0.7000000000000001
257,1028,2226,79,2228,4,right+A+B,0.00011289114627288654,0.00035262558958493173,0.33183562755584717,0.004815683234483004,0.6628831028938293,0.6681270003318787,0.0,2154.0,41,2,349,0,0,0,700,700,2,0,0.0,700.0,0,,,False,0,False,not_reached,0.0,0.7000000000000001
258,1032,2226,79,2228,2,right+A,0.00011666982754832134,0.00036709991400130093,0.33990150690078735,0.004805907141417265,0.654808759689331,0.6736552715301514,0.0,2154.0,42,2,349,0,0,0,700,700,2,0,0.0,700.0,0,,,False,0,False,not_reached,0.0,0.7000000000000001
259,1036,2226,79,2228,4,right+A+B,0.0001139825617428869,0.0003562823112588376,0.33543893694877625,0.004693416878581047,0.6593974828720093,0.6700249314308167,0.0,2154.0,43,2,349,0,0,0,700,700,2,0,0.0,700.0,0,,,False,0,False,not_reached,0.0,0.7000000000000001
260,1040,2226,79,2228,4,right+A+B,9.85325314104557e-05,0.00030274345772340894,0.33442652225494385,0.003902057884261012,0.6612702012062073,0.6648104786872864,-1.0,2153.0,44,2,348,0,0,0,700,700,2,0,0.0,700.0,0,,,False,0,False,not_reached,0.0,0.7000000000000001
261,1044,2226,79,2228,4,right+A+B,0.00010378630395280197,0.0003214358875993639,0.33315932750701904,0.004243688657879829,0.6621717810630798,0.6658715009689331,0.0,2153.0,45,2,348,0,0,0,700,700,2,0,0.0,700.0,0,,,False,0,False,not_reached,0.0,0.7000000000000001
262,1048,2226,79,2228,4,right+A+B,9.887804480968043e-05,0.0003053886175621301,0.35796722769737244,0.003449098439887166,0.6381794810295105,0.6773126721382141,0.0,2153.0,46,2,348,0,0,0,700,700,2,0,0.0,700.0,0,,,False,0,False,not_reached,0.0,0.7000000000000001
263,1052,2226,79,2228,4,right+A+B,0.00010359597217757255,0.000322252104524523,0.35456451773643494,0.003814415540546179,0.6411952376365662,0.6773802042007446,0.0,2153.0,47,2,348,0,0,0,700,700,2,0,0.0,700.0,0,,,False,0,False,not_reached,0.0,0.7000000000000001
264,1056,2226,79,2228,2,right+A,9.372219938086346e-05,0.0002901268017012626,0.34566181898117065,0.0035907337442040443,0.6503635048866272,0.6704424619674683,0.0,2153.0,48,2,348,0,0,0,700,700,2,0,0.0,700.0,0,,,False,0,False,not_reached,0.0,0.7000000000000001
265,1060,2226,79,2228,4,right+A+B,0.00011900616664206609,0.0003807067696470767,0.3467116355895996,0.0050446209497749805,0.6477439999580383,0.6793035268783569,-1.0,2152.0,49,2,347,0,0,0,700,700,2,0,0.0,700.0,0,,,False,0,False,not_reached,0.0,0.7000000000000001
266,1064,2226,79,2228,2,right+A,0.00012833082291763276,0.0004121094534639269,0.34943920373916626,0.0054070302285254,0.6446132659912109,0.6830491423606873,0.0,2152.0,50,2,347,0,0,0,700,700,2,0,0.0,700.0,0,,,False,0,False,not_reached,0.0,0.7000000000000001
267,1068,2226,79,2228,4,right+A+B,0.0001233203656738624,0.00038866567774675786,0.3395562469959259,0.005225704051554203,0.6547060608863831,0.6756920218467712,0.0,2152.0,51,2,347,0,0,0,700,700,2,0,0.0,700.0,0,,,False,0,False,not_reached,0.0,0.7000000000000001
268,1072,2226,79,2228,4,right+A+B,0.00011583084415178746,0.0003630779101513326,0.3320472836494446,0.00495181092992425,0.6625219583511353,0.6690459251403809,0.0,2152.0,52,2,347,0,0,0,700,700,2,0,0.0,700.0,0,,,False,0,False,not_reached,0.0,0.7000000000000001
269,1076,2226,79,2228,4,right+A+B,0.0001268264459213242,0.00039883534191176295,0.34484609961509705,0.005087852943688631,0.649540364742279,0.6785411834716797,0.0,2152.0,53,2,347,0,0,0,700,700,2,0,0.0,700.0,0,,,False,0,False,not_reached,0.0,0.7000000000000001
270,1080,2226,79,2228,4,right+A+B,0.00011531460768310353,0.0003581915225367993,0.34175074100494385,0.004464379046112299,0.6533114314079285,0.6730913519859314,-1.0,2151.0,54,2,346,0,0,0,700,700,2,0,0.0,700.0,0,,,False,0,False,not_reached,0.0,0.7000000000000001
271,1084,2226,79,2228,2,right+A,0.00010773354733828455,0.0003319194365758449,0.33685970306396484,0.004157437942922115,0.6585432291030884,0.6680610179901123,0.0,2151.0,55,2,346,0,0,0,700,700,2,0,0.0,700.0,0,,,False,0,False,not_reached,0.0,0.7000000000000001
272,1088,2226,79,2228,4,right+A+B,0.0001061303773894906,0.0003270305460318923,0.3389427959918976,0.004098732490092516,0.6565253138542175,0.6690992712974548,0.0,2151.0,56,2,346,0,0,0,700,700,2,0,0.0,700.0,0,,,False,0,False,not_reached,0.0,0.7000000000000001
273,1092,2226,79,2228,4,right+A+B,0.0001099420987884514,0.0003412416554056108,0.35156384110450745,0.004013995174318552,0.6439709663391113,0.6768001914024353,0.0,2151.0,57,2,346,0,0,0,700,700,2,0,0.0,700.0,0,,,False,0,False,not_reached,0.0,0.7000000000000001
274,1096,2226,79,2228,4,right+A+B,0.00010268782352795824,0.0003161602362524718,0.3573681712150574,0.0035489131696522236,0.6386640071868896,0.6776006817817688,0.0,2151.0,58,2,346,0,0,0,700,700,2,0,0.0,700.0,0,,,False,0,False,not_reached,0.0,0.7000000000000001
275,1100,2226,79,2228,4,right+A+B,9.183311340166256e-05,0.00028143858071416616,0.3520675301551819,0.0032439089845865965,0.644315242767334,0.6724997162818909,-1.0,2150.0,59,2,345,0,0,0,700,700,2,0,0.0,700.0,0,,,False,0,False,not_reached,0.0,0.7000000000000001
276,1104,2226,79,2228,4,right+A+B,0.0001025770980049856,0.00031893959385342896,0.3463820815086365,0.003974344581365585,0.6492220163345337,0.6731693148612976,0.0,2150.0,60,2,345,0,0,0,700,700,2,0,0.0,700.0,0,,,False,0,False,not_reached,0.0,0.7000000000000001
277,1108,2226,79,2228,4,right+A+B,0.00010827289952430874,0.0003418249834794551,0.3526185154914856,0.004182692617177963,0.6427487134933472,0.6782789826393127,0.0,2150.0,61,2,345,0,0,0,700,700,2,0,0.0,700.0,0,,,False,0,False,not_reached,0.0,0.7000000000000001
278,1112,2226,79,2228,4,right+A+B,0.0001191133342217654,0.0003778669342864305,0.3388340175151825,0.005118376575410366,0.6555506587028503,0.6745802164077759,0.0,2150.0,62,2,345,0,0,0,700,700,2,0,0.0,700.0,0,,,False,0,False,not_reached,0.0,0.7000000000000001
279,1116,2226,79,2228,2,right+A,0.00010623949492583051,0.0003311593609396368,0.3331727087497711,0.004489874467253685,0.6619001030921936,0.6672126054763794,0.0,2150.0,63,2,345,0,0,0,700,700,2,0,0.0,700.0,0,,,False,0,False,not_reached,0.0,0.7000000000000001
280,1120,2226,79,2228,2,right+A,0.00012843676086049527,0.0004088430723641068,0.3381226360797882,0.005549354944378138,0.6557907462120056,0.6764936447143555,-1.0,2149.0,64,2,344,0,0,0,700,700,2,0,0.0,700.0,0,,,False,0,False,not_reached,0.0,0.7000000000000001
281,1124,2226,79,2228,2,right+A,0.00012782687554135919,0.00040701066609472036,0.3501705527305603,0.005178385879844427,0.644116222858429,0.682356059551239,0.0,2149.0,65,2,344,0,0,0,700,700,2,0,0.0,700.0,0,,,False,0,False,not_reached,0.0,0.7000000000000001
282,1128,2226,79,2228,4,right+A+B,0.00012044042523484677,0.00037748515023849905,0.3385273814201355,0.004955028183758259,0.6560196876525879,0.6735910773277283,0.0,2149.0,66,2,344,0,0,0,700,700,2,0,0.0,700.0,0,,,False,0,False,not_reached,0.0,0.7000000000000001
283,1132,2226,79,2228,4,right+A+B,0.00011440486559877172,0.0003574107540771365,0.3328595459461212,0.004826067015528679,0.6618424654006958,0.6689334511756897,0.0,2149.0,67,2,344,0,0,0,700,700,2,0,0.0,700.0,0,,,False,0,False,not_reached,0.0,0.7000000000000001
284,1136,2226,79,2228,4,right+A+B,0.00012044770846841857,0.0003773233329411596,0.3461945950984955,0.004727031569927931,0.6485805511474609,0.6774143576622009,0.0,2149.0,68,2,344,0,0,0,700,700,2,0,0.0,700.0,0,,,False,0,False,not_reached,0.0,0.7000000000000001
285,1140,2226,79,2228,2,right+A,0.00010731468501035124,0.0003314409404993057,0.3462524712085724,0.003958650398999453,0.6493502259254456,0.673144519329071,-1.0,2148.0,69,2,343,0,0,0,700,700,2,0,0.0,700.0,0,,,False,0,False,not_reached,0.0,0.7000000000000001
286,1144,2226,79,2228,2,right+A,9.796461381483823e-05,0.000297908263746649,0.3552783131599426,0.00330248661339283,0.6410233378410339,0.6749075651168823,0.0,2148.0,70,2,343,0,0,0,700,700,2,0,0.0,700.0,0,,,False,0,False,not_reached,0.0,0.7000000000000001
287,1148,2226,79,2228,4,right+A+B,9.890934597933665e-05,0.00030574758420698345,0.352327436208725,0.0036033140495419502,0.643664538860321,0.6747881174087524,0.0,2148.0,71,2,343,0,0,0,700,700,2,0,0.0,700.0,0,,,False,0,False,not_reached,0.0,0.7000000000000001
288,1152,2226,79,2228,4,right+A+B,0.00010570549056865275,0.00033033109502866864,0.3612469732761383,0.003770296461880207,0.63454669713974,0.6810950636863708,0.0,2148.0,72,2,343,0,0,0,700,700,2,0,0.0,700.0,0,,,False,0,False,not_reached,0.0,0.7000000000000001
289,1156,2226,79,2228,4,right+A+B,0.00010969813592964783,0.0003442475281190127,0.350567102432251,0.004190295469015837,0.6447886824607849,0.6771070957183838,0.0,2148.0,73,2,343,0,0,0,700,700,2,0,0.0,700.0,0,,,False,0,False,not_reached,0.0,0.7000000000000001
290,1160,2226,79,2228,4,right+A+B,0.00010563048999756575,0.00032968114828690886,0.3368321359157562,0.004338553640991449,0.6583940386772156,0.6689208149909973,-1.0,2147.0,74,2,342,0,0,0,700,700,2,0,0.0,700.0,0,,,False,0,False,not_reached,0.0,0.7000000000000001
291,1164,2226,79,2228,4,right+A+B,0.00011496609658934176,0.0003610729181673378,0.3316348195075989,0.005041462369263172,0.6628476977348328,0.6691763997077942,0.0,2147.0,75,2,342,0,0,0,700,700,2,0,0.0,700.0,0,,,False,0,False,not_reached,0.0,0.7000000000000001
292,1168,2226,79,2228,2,right+A,0.00011595625983318314,0.00036525572068057954,0.3407457768917084,0.004709421191364527,0.6540635824203491,0.6737122535705566,0.0,2147.0,76,2,342,0,0,0,700,700,2,0,0.0,700.0,0,,,False,0,False,not_reached,0.0,0.7000000000000001
293,1172,2226,79,2228,4,right+A+B,0.00011951215128647164,0.0003751724143512547,0.3369038999080658,0.004981398116797209,0.6576201319694519,0.6726145148277283,0.0,2147.0,77,2,342,0,0,0,700,700,2,0,0.0,700.0,0,,,False,0,False,not_reached,0.0,0.7000000000000001
294,1176,2226,79,2228,4,right+A+B,0.00010431568807689473,0.000323264830512926,0.32976874709129333,0.004329156130552292,0.6654744744300842,0.6639668345451355,0.0,2147.0,78,2,342,0,0,0,700,700,2,0,0.0,700.0,0,,,False,0,False,not_reached,0.0,0.7000000000000001
295,1180,2226,79,2228,4,right+A+B,0.00012557841546367854,0.00039729062700644135,0.33894529938697815,0.005260939709842205,0.6552708745002747,0.675543487071991,-1.0,2146.0,79,2,341,0,0,0,700,700,2,0,0.0,700.0,0,,,False,0,False,not_reached,0.0,0.7000000000000001
296,1184,2226,79,2228,2,right+A,0.00012167481327196583,0.00038213448715396225,0.3557299077510834,0.004502054303884506,0.6392641067504883,0.6821369528770447,0.0,2146.0,80,2,341,0,0,0,700,700,2,0,0.0,700.0,0,,,False,0,False,not_reached,0.0,0.7000000000000001
297,1188,2226,79,2228,4,right+A+B,0.00011385563993826509,0.0003496538265608251,0.3507450222969055,0.004018860403448343,0.6447727084159851,0.6764251589775085,0.0,2146.0,81,2,341,0,0,0,700,700,2,0,0.0,700.0,0,,,False,0,False,not_reached,0.0,0.7000000000000001
298,1192,2226,79,2228,4,right+A+B,0.00010391493560746312,0.0003171017742715776,0.35818755626678467,0.0034821457229554653,0.6379092931747437,0.6777456998825073,0.0,2146.0,82,2,341,0,0,0,700,700,2,0,0.0,700.0,0,,,False,0,False,not_reached,0.0,0.7000000000000001
299,1196,2226,79,2228,4,right+A+B,0.00011138751142425463,0.00034437532303854823,0.3676226735115051,0.0036368498113006353,0.6282846927642822,0.6840687394142151,0.0,2146.0,83,2,341,0,0,0,700,700,2,0,0.0,700.0,0,,,False,0,False,not_reached,0.0,0.7000000000000001
300,1200,2226,79,2228,4,right+A+B,0.000104820093838498,0.0003222730301786214,0.3615475296974182,0.003458600025624037,0.6345667243003845,0.6795849800109863,-1.0,2145.0,84,2,340,0,0,0,700,700,2,0,0.0,700.0,0,,,False,0,False,not_reached,0.0,0.7000000000000001
301,1204,2226,79,2228,2,right+A,0.0001041267896653153,0.00032291971729137003,0.34730982780456543,0.003881427925080061,0.648381769657135,0.6733198761940002,0.0,2145.0,85,2,340,0,0,0,700,700,2,0,0.0,700.0,0,,,False,0,False,not_reached,0.0,0.7000000000000001
302,1208,2226,79,2228,2,right+A,0.00011473217455204576,0.00036146369529888034,0.33699047565460205,0.004862677771598101,0.6576706767082214,0.6719473600387573,0.0,2145.0,86,2,340,0,0,0,700,700,2,0,0.0,700.0,0,,,False,0,False,not_reached,0.0,0.7000000000000001
303,1212,2226,79,2228,4,right+A+B,0.00011756853928091004,0.00037089898250997066,0.3429298996925354,0.004831078927963972,0.6517505645751953,0.675780177116394,0.0,2145.0,87,2,340,0,0,0,700,700,2,0,0.0,700.0,0,,,False,0,False,not_reached,0.0,0.7000000000000001
304,1216,2226,79,2228,4,right+A+B,0.0001153702542069368,0.0003619845665525645,0.3326124846935272,0.004875035956501961,0.6620350480079651,0.6690468192100525,0.0,2145.0,88,2,340,0,0,0,700,700,2,0,0.0,700.0,0,,,False,0,False,not_reached,0.0,0.7000000000000001
305,1220,2226,79,2228,2,right+A,0.00010395779099781066,0.00032168233883567154,0.329103946685791,0.004361563362181187,0.6661089062690735,0.6636468172073364,-1.0,2144.0,89,2,339,0,0,0,700,700,2,0,0.0,700.0,0,,,False,0,False,not_reached,0.0,0.7000000000000001
306,1224,2226,79,2228,4,right+A+B,0.00011180464935023338,0.0003480745363049209,0.32820478081703186,0.004810926504433155,0.6665244698524475,0.6655174493789673,0.0,2144.0,90,2,339,0,0,0,700,700,2,0,0.0,700.0,0,,,False,0,False,not_reached,0.0,0.7000000000000001
307,1228,2226,79,2228,2,right+A,0.00011370448919478804,0.00035559653770178556,0.34367966651916504,0.00447023194283247,0.6513808369636536,0.6743287444114685,0.0,2144.0,91,2,339,0,0,0,700,700,2,0,0.0,700.0,0,,,False,0,False,not_reached,0.0,0.7000000000000001
308,1232,2226,79,2228,4,right+A+B,0.0001133240875788033,0.00035028395359404385,0.34493809938430786,0.004307348281145096,0.6502909660339355,0.6742725372314453,0.0,2144.0,92,2,339,0,0,0,700,700,2,0,0.0,700.0,0,,,False,0,False,not_reached,0.0,0.7000000000000001
309,1236,2226,79,2228,2,right+A,0.0001011640633805655,0.0003089252859354019,0.3463970720767975,0.0036648144014179707,0.6495280265808105,0.6715002059936523,0.0,2144.0,93,2,339,0,0,0,700,700,2,0,0.0,700.0,0,,,False,0,False,not_reached,0.0,0.7000000000000001
310,1240,2226,79,2228,2,right+A,0.00011625143088167533,0.00036062661092728376,0.36680784821510315,0.003984973765909672,0.6287302374839783,0.6855722069740295,-1.0,2143.0,94,2,338,0,0,0,700,700,2,0,0.0,700.0,0,,,False,0,False,not_reached,0.0,0.7000000000000001
311,1244,2226,79,2228,2,right+A,0.00011445608834037557,0.00035969112650491297,0.3740355670452118,0.0038887877017259598,0.621601402759552,0.6888450384140015,0.0,2143.0,95,2,338,0,0,0,700,700,2,0,0.0,700.0,0,,,False,0,False,not_reached,0.0,0.7000000000000001
312,1248,2226,79,2228,2,right+A,0.00011183057358721271,0.0003484096669126302,0.35960784554481506,0.004062600899487734,0.6358693242073059,0.6818432807922363,0.0,2143.0,96,2,338,0,0,0,700,700,2,0,0.0,700.0,0,,,False,0,False,not_reached,0.0,0.7000000000000001
313,1252,2226,79,2228,2,right+A,0.00011275299038970843,0.0003555698785930872,0.3458057940006256,0.004630494862794876,0.649095356464386,0.6764649152755737,0.0,2143.0,97,2,338,0,0,0,700,700,2,0,0.0,700.0,0,,,False,0,False,not_reached,0.0,0.7000000000000001
314,1256,2226,79,2228,4,right+A+B,0.00013097241753712296,0.0004178872623015195,0.348136305809021,0.0054474640637636185,0.6458673477172852,0.6825057864189148,0.0,2143.0,98,2,338,0,0,0,700,700,2,0,0.0,700.0,0,,,False,0,False,not_reached,0.0,0.7000000000000001
315,1260,2226,79,2228,2,right+A,0.00012047395284753293,0.00037792924558743834,0.34520724415779114,0.004810365382581949,0.6494839191436768,0.6772065758705139,-1.0,2142.0,99,2,337,0,0,0,700,700,2,0,0.0,700.0,0,,,False,0,False,not_reached,0.0,0.7000000000000001
316,1264,2226,79,2228,2,right+A,0.00011562563304323703,0.0003566425002645701,0.3401336967945099,0.004428507294505835,0.6549655199050903,0.6718499660491943,0.0,2142.0,100,2,337,0,0,0,700,700,2,0,0.0,700.0,0,,,False,0,False,not_reached,0.0,0.7000000000000001
317,1268,2226,79,2228,2,right+A,0.00011969358456553891,0.00037243307451717556,0.34043216705322266,0.004809956066310406,0.6542657017707825,0.6740884184837341,0.0,2142.0,101,2,337,0,0,0,700,700,2,0,0.0,700.0,0,,,False,0,False,not_reached,0.0,0.7000000000000001
318,1272,2226,79,2228,4,right+A+B,0.00012160801998106763,0.00037864153273403645,0.35287007689476013,0.004474618472158909,0.6421550512313843,0.6802800893783569,0.0,2142.0,102,2,337,0,0,0,700,700,2,0,0.0,700.0,0,,,False,0,False,not_reached,0.0,0.7000000000000001
319,1276,2226,79,2228,4,right+A+B,0.00012010691716568545,0.00037143396912142634,0.34948238730430603,0.004382530227303505,0.6456435918807983,0.6777011752128601,0.0,2142.0,103,2,337,0,0,0,700,700,2,0,0.0,700.0,0,,,False,0,False,not_reached,0.0,0.7000000000000001
320,1280,2226,79,2228,2,right+A,0.00010405929788248613,0.0003164468798786402,0.3485872745513916,0.0036619827151298523,0.6473302841186523,0.672934889793396,-1.0,2141.0,104,2,336,0,0,0,700,700,2,0,0.0,700.0,0,,,False,0,False,not_reached,0.0,0.7000000000000001
321,1284,2226,79,2228,4,right+A+B,0.000108070504211355,0.000331632123561576,0.346336305141449,0.0039354716427624226,0.6492884755134583,0.6730868220329285,0.0,2141.0,105,2,336,0,0,0,700,700,2,0,0.0,700.0,0,,,False,0,False,not_reached,0.0,0.7000000000000001
322,1288,2226,79,2228,4,right+A+B,0.00010344190377509221,0.00031569082057103515,0.3727615773677826,0.003161706728860736,0.6236576437950134,0.6840043663978577,0.0,2141.0,106,2,336,0,0,0,700,700,2,0,0.0,700.0,0,,,False,0,False,not_reached,0.0,0.7000000000000001
323,1292,2226,79,2228,3,right+B,0.00011035178613383323,0.00034029208472929895,0.36838653683662415,0.0036408123560249805,0.6275219917297363,0.6844579577445984,0.0,2141.0,107,2,336,0,0,0,700,700,2,0,0.0,700.0,0,,,False,0,False,not_reached,0.0,0.7000000000000001
324,1296,2226,93,2228,2,right+A,9.93078647297807e-05,0.0003051470557693392,0.3580003082752228,0.0034619546495378017,0.6381333470344543,0.6774008274078369,0.0,2141.0,108,2,336,0,0,0,700,700,2,0,0.0,700.0,0,,,False,0,False,not_reached,0.0,0.7000000000000001
325,1300,2226,109,2228,4,right+A+B,9.434219100512564e-05,0.000286228081677109,0.311614453792572,0.0042289081029593945,0.6837761402130127,0.6495833396911621,-1.0,2140.0,109,2,335,0,0,0,700,700,2,0,0.0,700.0,0,,,False,0,False,not_reached,0.0,0.7000000000000001
326,1304,2226,122,2228,4,right+A+B,6.026271148584783e-05,0.00016752787632867694,0.3006904125213623,0.00204904074780643,0.6970327496528625,0.6276333332061768,0.0,2140.0,110,2,335,0,0,0,700,700,2,0,0.0,700.0,0,,,False,0,False,not_reached,0.0,0.7000000000000001
327,1308,2226,132,2228,4,right+A+B,5.284681174089201e-05,0.00014465431740973145,0.2901420593261719,0.001891460851766169,0.7077690958976746,0.6173083186149597,0.0,2140.0,111,2,335,0,0,0,700,700,2,0,0.0,700.0,0,,,False,0,False,not_reached,0.0,0.7000000000000001
328,1312,2226,139,2228,4,right+A+B,6.476190901594236e-05,0.00018825136066880077,0.282938688993454,0.0033474969677627087,0.7134608030319214,0.6194198131561279,0.0,2140.0,112,2,335,0,0,0,700,700,2,0,0.0,700.0,0,,,False,0,False,not_reached,0.0,0.7000000000000001
329,1316,2227,142,2228,4,right+A+B,7.089142309268937e-05,0.0002086191816488281,0.2816346287727356,0.0038458018098026514,0.7142400741577148,0.6210702061653137,0.0,2140.0,113,2,335,0,0,0,700,700,2,0,0.0,700.0,0,,,False,0,False,not_reached,0.0,0.7000000000000001
330,1320,2229,143,2229,4,right+A+B,6.65830957586877e-05,0.00019221090769860893,0.28104808926582336,0.0032903235405683517,0.7154027819633484,0.6174049973487854,0.0,2140.0,0,2,334,0,0,0,700,700,2,0,0.0,700.0,0,,,False,0,False,not_reached,0.0,0.7000000000000001
331,1324,2233,143,2233,4,right+A+B,5.95116798649542e-05,0.00016781727026682347,0.302073210477829,0.0024068134371191263,0.6952925324440002,0.6308419108390808,4.0,2144.0,0,2,334,0,0,0,700,700,2,0,0.0,700.0,0,,,False,0,False,not_reached,0.0,0.7000000000000001
332,1328,2239,143,2239,4,right+A+B,5.213097756495699e-05,0.00014127623580861837,0.30122458934783936,0.001712523982860148,0.6968694925308228,0.6257937550544739,6.0,2150.0,0,2,334,0,0,0,700,700,2,0,0.0,700.0,0,,,False,0,False,not_reached,0.0,0.7000000000000001
333,1332,2246,143,2246,4,right+A+B,3.9502880099462345e-05,9.381347626913339e-05,0.20027132332324982,0.0017611850053071976,0.7978341579437256,0.514686644077301,7.0,2157.0,0,2,334,0,0,0,700,700,2,0,0.0,700.0,0,,,False,0,False,not_reached,0.0,0.7000000000000001
334,1336,2255,143,2255,4,right+A+B,4.131488094571978e-05,0.00011302914936095476,0.10904993116855621,0.013895380310714245,0.8769003748893738,0.41770416498184204,9.0,2166.0,0,2,334,0,0,0,700,700,2,0,0.0,700.0,0,,,False,0,False,not_reached,0.0,0.7000000000000001
335,1340,2266,137,2266,4,right+A+B,3.5008044505957514e-05,7.995795021997765e-05,0.06496095657348633,0.012202967889606953,0.9227210879325867,0.3066946566104889,10.0,2176.0,0,2,333,0,0,0,700,700,2,0,0.0,700.0,0,,,False,0,False,not_reached,0.0,0.7000000000000001
336,1344,2278,120,2278,4,right+A+B,1.2971614523848984e-05,3.0497736588586122e-05,0.1881788969039917,0.0006794638466089964,0.8110980987548828,0.4895627796649933,12.0,2188.0,0,2,333,0,0,0,700,700,2,0,0.0,700.0,0,,,False,0,False,not_reached,0.0,0.7000000000000001
337,1348,2290,111,2290,4,right+A+B,1.912725201691501e-05,5.591004446614534e-05,0.10038390755653381,0.002417644951492548,0.897123396396637,0.34347283840179443,12.0,2200.0,0,2,333,0,0,0,700,700,2,0,0.0,700.0,0,,,False,0,False,not_reached,0.0,0.7000000000000001
338,1352,2302,104,2302,3,right+B,1.704458918538876e-05,9.176981984637678e-05,0.00046762320562265813,0.988300085067749,0.011123493313789368,0.06629826128482819,12.0,2212.0,0,2,333,0,0,0,700,700,2,0,0.0,700.0,0,,,False,0,False,not_reached,0.0,0.7000000000000001
339,1356,2314,87,2314,3,right+B,7.580425176456629e-07,3.587159881135449e-06,1.8764487776934402e-06,0.9997683167457581,0.0002255162107758224,0.002205777680501342,12.0,2224.0,0,2,333,0,0,0,700,700,2,0,0.0,700.0,0,,,False,0,False,not_reached,0.0,0.7000000000000001
340,1360,2326,79,2326,3,right+B,1.5501964867326024e-07,8.095907446659112e-07,7.717278549534967e-08,0.9999783039093018,2.0616989786503837e-05,0.00025942936190404,11.0,2235.0,0,2,332,0,0,0,700,700,2,0,0.0,700.0,0,,,False,0,False,not_reached,0.0,0.7000000000000001
341,1364,2338,79,2338,3,right+B,6.423017850920587e-08,3.4055915421049576e-07,3.2137869254711404e-08,0.9999887943267822,1.0749557986855507e-05,0.00014111587370280176,12.0,2247.0,0,2,332,0,0,0,700,700,2,0,0.0,700.0,0,,,False,0,False,not_reached,0.0,0.7000000000000001
342,1368,2350,97,2350,4,right+A+B,5.752900733568822e-07,4.489653804284899e-07,0.0018666164251044393,1.1598907804000191e-05,0.9981207251548767,0.01375287864357233,12.0,2259.0,0,2,332,0,0,0,700,700,2,0,0.0,700.0,0,,,False,0,False,not_reached,0.0,0.7000000000000001
343,1372,2362,117,2362,2,right+A,4.556532644528488e-07,3.3856045433822146e-07,0.012405505403876305,4.87213299038558e-07,0.9875932335853577,0.06680382788181305,12.0,2271.0,0,2,332,0,0,0,700,700,2,0,0.0,700.0,0,,,False,0,False,not_reached,0.0,0.7000000000000001
344,1376,2374,133,2374,4,right+A+B,3.3743353355930594e-07,2.668443244147056e-07,0.0186908096075058,1.423194078142842e-07,0.9813085198402405,0.09291132539510727,12.0,2283.0,0,2,332,0,0,0,700,700,2,0,0.0,700.0,0,,,False,0,False,not_reached,0.0,0.7000000000000001
345,1380,2386,147,2386,4,right+A+B,3.976373136538314e-06,5.432860234577674e-06,0.0016244851285591722,0.00034480183967389166,0.9980213642120361,0.015274479053914547,11.0,2294.0,0,2,331,0,0,0,700,700,2,0,0.0,700.0,0,,,False,0,False,not_reached,0.0,0.7000000000000001
346,1384,2398,154,2398,3,right+B,4.245304808137007e-06,1.869365223683417e-05,1.1994965461781248e-05,0.9956252574920654,0.004339735954999924,0.028365200385451317,12.0,2306.0,0,2,331,0,0,0,700,700,2,0,0.0,700.0,0,,,False,0,False,not_reached,0.0,0.7000000000000001
347,1388,2410,150,2410,3,right+B,2.5369999434587953e-07,1.7015054254443385e-06,2.6924575990960875e-07,0.9999326467514038,6.50990623398684e-05,0.0007257641991600394,12.0,2318.0,0,2,331,0,0,0,700,700,2,0,0.0,700.0,0,,,False,0,False,not_reached,0.0,0.7000000000000001
348,1392,2422,143,2422,3,right+B,1.2336350891928305e-06,6.5830740823003e-06,8.449239430774469e-06,0.999340832233429,0.0006428928463719785,0.00557754235342145,12.0,2330.0,0,2,331,0,0,0,700,700,2,0,0.0,700.0,0,,,False,0,False,not_reached,0.0,0.7000000000000001
349,1396,2434,143,2434,3,right+B,1.3636679796036333e-05,3.8860031054355204e-05,0.0003491617680992931,0.9464929699897766,0.05310545489192009,0.21126577258110046,12.0,2342.0,0,2,331,0,0,0,700,700,2,0,0.0,700.0,0,,,False,0,False,not_reached,0.0,0.7000000000000001
350,1400,2446,161,2446,4,right+A+B,1.8315906800125958e-06,1.9922497358493274e-06,0.020664528012275696,8.384246029891074e-06,0.979323148727417,0.10077457129955292,11.0,2353.0,0,2,330,0,0,0,700,700,2,0,0.0,700.0,0,,,False,0,False,not_reached,0.0,0.7000000000000001
351,1404,2458,181,2458,4,right+A+B,1.1992012332484592e-05,1.6812711692182347e-05,0.04679452255368233,0.00023357024474535137,0.9529430270195007,0.19149014353752136,12.0,2365.0,0,2,330,0,0,0,700,700,2,0,0.0,700.0,0,,,False,0,False,not_reached,0.0,0.7000000000000001
352,1408,2470,196,2470,3,right+B,3.9794617805455346e-06,4.438240284798667e-05,1.5480383808608167e-05,0.9994416832923889,0.00049445970216766,0.004988162778317928,12.0,2377.0,0,2,330,0,0,0,700,700,2,0,0.0,700.0,0,,,False,0,False,not_reached,0.0,0.7000000000000001
353,1412,2482,198,2482,3,right+B,8.238063742282975e-08,1.3341527846932877e-06,3.540687742997761e-08,0.9999971389770508,1.4207198546500877e-06,4.198868919047527e-05,12.0,2389.0,0,2,330,0,0,0,700,700,2,0,0.0,700.0,0,,,False,0,False,not_reached,0.0,0.7000000000000001
354,1416,2494,187,2494,3,right+B,5.4271276894724e-07,6.037864295649342e-06,1.3950708535048761e-06,0.9999557733535767,3.623333395808004e-05,0.0005135706160217524,12.0,2401.0,0,2,330,0,0,0,700,700,2,0,0.0,700.0,0,,,False,0,False,not_reached,0.0,0.7000000000000001
355,1420,2506,168,2506,3,right+B,2.807958298944868e-05,0.00016159453662112355,0.0015517433639615774,0.9833534955978394,0.014904986135661602,0.09094072878360748,11.0,2412.0,0,2,329,0,0,0,700,700,2,0,0.0,700.0,0,,,False,0,False,not_reached,0.0,0.7000000000000001
356,1424,2518,148,2518,2,right+A,4.21648655901663e-05,0.000201153481611982,0.2627396583557129,0.005875010509043932,0.7311419248580933,0.61244797706604,12.0,2424.0,0,2,329,0,0,0,700,700,2,0,0.0,700.0,0,,,False,0,False,not_reached,0.0,0.7000000000000001
357,1428,2530,128,2530,4,right+A+B,6.7082014538755175e-06,1.8115117200068198e-05,0.08666161447763443,0.00015415567031595856,0.9131593704223633,0.2965385615825653,12.0,2436.0,0,2,329,0,0,0,700,700,2,0,0.0,700.0,0,,,False,0,False,not_reached,0.0,0.7000000000000001
358,1432,2542,108,2542,4,right+A+B,8.780549978837371e-05,0.0003306232101749629,0.033941250294446945,0.1485786885023117,0.8170616626739502,0.5666632056236267,12.0,2448.0,0,2,329,0,0,0,700,700,2,0,0.0,700.0,0,,,False,0,False,not_reached,0.0,0.7000000000000001
359,1436,2554,88,2554,3,right+B,5.226313987805042e-06,1.6263231373159215e-05,9.377802052767947e-05,0.9934155941009521,0.0064691901206970215,0.04028451815247536,12.0,2460.0,0,2,329,0,0,0,700,700,2,0,0.0,700.0,0,,,False,0,False,not_reached,0.0,0.7000000000000001
360,1440,2566,79,2566,3,right+B,2.7298739269099315e-07,1.5385966207759338e-06,6.708879709549365e-07,0.9999359846115112,6.150669651106e-05,0.0006945393397472799,11.0,2471.0,0,2,328,0,0,0,700,700,2,0,0.0,700.0,0,,,False,0,False,not_reached,0.0,0.7000000000000001
361,1444,2578,79,2578,3,right+B,1.4482831147688557e-06,6.8133608692733105e-06,9.254010365111753e-06,0.9986881613731384,0.0012943644542247057,0.01012550201267004,12.0,2483.0,0,2,328,0,0,0,700,700,2,0,0.0,700.0,0,,,False,0,False,not_reached,0.0,0.7000000000000001
362,1448,2590,97,2590,4,right+A+B,2.04027045924704e-07,2.145385167295899e-07,0.001705934526398778,1.39109079100308e-06,0.9982922673225403,0.01260427851229906,12.0,2495.0,0,2,328,0,0,0,700,700,2,0,0.0,700.0,0,,,False,0,False,not_reached,0.0,0.7000000000000001
363,1452,2602,117,2602,4,right+A+B,4.682283815782284e-06,9.650729225541e-06,0.004956379998475313,0.00019529480778146535,0.9948340654373169,0.033293478190898895,12.0,2507.0,0,2,328,0,0,0,700,700,2,0,0.0,700.0,0,,,False,0,False,not_reached,0.0,0.7000000000000001
364,1456,2614,133,2614,4,right+A+B,1.5257528502843343e-05,4.176073707640171e-05,0.0014981033746153116,0.00425745127722621,0.9941874742507935,0.039370544254779816,12.0,2519.0,0,2,328,0,0,0,700,700,2,0,0.0,700.0,0,,,False,0,False,not_reached,0.0,0.7000000000000001
365,1460,2626,147,2626,4,right+A+B,8.519403309037443e-06,1.5448773410753347e-05,0.0003549697285052389,0.004862863104790449,0.9947581887245178,0.03421866521239281,11.0,2530.0,0,2,327,0,0,0,700,700,2,0,0.0,700.0,0,,,False,0,False,not_reached,0.0,0.7000000000000001
366,1464,2638,156,2638,4,right+A+B,1.804156340767804e-06,2.282355808347347e-06,0.0001668554323259741,0.0005053070490248501,0.9993237257003784,0.006016510538756847,12.0,2542.0,0,2,327,0,0,0,700,700,2,0,0.0,700.0,0,,,False,0,False,not_reached,0.0,0.7000000000000001
367,1468,2650,162,2650,4,right+A+B,2.4346720692847157e-06,3.467581564109423e-06,0.00034211401361972094,0.0011312580900266767,0.9985207915306091,0.01195810828357935,12.0,2554.0,0,2,327,0,0,0,700,700,2,0,0.0,700.0,0,,,False,0,False,not_reached,0.0,0.7000000000000001
368,1472,2662,165,2662,4,right+A+B,4.93721199745778e-06,1.1275941687927116e-05,0.0019793780520558357,0.00314549682661891,0.9948588609695435,0.03576214611530304,12.0,2566.0,0,2,327,0,0,0,700,700,2,0,0.0,700.0,0,,,False,0,False,not_reached,0.0,0.7000000000000001
369,1476,2674,162,2674,3,right+B,1.9565979982871795e-06,1.4396613551070914e-05,2.682842568901833e-05,0.9970261454582214,0.0029306586366146803,0.02053123153746128,12.0,2578.0,0,2,327,0,0,0,700,700,2,0,0.0,700.0,0,,,False,0,False,not_reached,0.0,0.7000000000000001
370,1480,2686,147,2686,3,right+B,5.6641958678937954e-08,6.351955903483031e-07,1.4890839850068005e-07,0.9999866485595703,1.2569336831802502e-05,0.0001675366220297292,11.0,2589.0,0,2,326,0,0,0,700,700,2,0,0.0,700.0,0,,,False,0,False,not_reached,0.0,0.7000000000000001
371,1484,2698,143,2698,3,right+B,6.259744278480639e-09,9.666813127751084e-08,6.394929918940306e-09,0.9999992847442627,5.298216478877293e-07,1.0410261893412098e-05,12.0,2601.0,0,2,326,0,0,0,700,700,2,0,0.0,700.0,0,,,False,0,False,not_reached,0.0,0.7000000000000001
372,1488,2710,143,2710,3,right+B,4.429794131510789e-08,6.665353566859267e-07,1.4646069246282423e-07,0.9999939203262329,5.1144411372661125e-06,8.056726801441982e-05,12.0,2613.0,0,2,326,0,0,0,700,700,2,0,0.0,700.0,0,,,False,0,False,not_reached,0.0,0.7000000000000001
373,1492,2722,143,2722,3,right+B,8.370686373382341e-06,0.00010761718294816092,0.0022538392804563046,0.9829543232917786,0.014675840735435486,0.09367318451404572,12.0,2625.0,0,2,326,0,0,0,700,700,2,0,0.0,700.0,0,,,False,0,False,not_reached,0.0,0.7000000000000001
374,1496,2734,161,2734,2,right+A,1.3152722203813028e-05,0.00010777576972031966,0.4253951609134674,0.0017284355126321316,0.5727554559707642,0.6949214339256287,12.0,2637.0,0,2,326,0,0,0,700,700,2,0,0.0,700.0,0,,,False,0,False,not_reached,0.0,0.7000000000000001
375,1500,2746,181,2746,4,right+A+B,4.5367783059191424e-06,2.6351470296503976e-05,0.3632139563560486,6.874772225273773e-05,0.6366863250732422,0.6562921404838562,11.0,2648.0,0,2,325,0,0,0,700,700,2,0,0.0,700.0,0,,,False,0,False,not_reached,0.0,0.7000000000000001
376,1504,2758,197,2758,4,right+A+B,1.1977470421697944e-05,6.746403232682496e-05,0.33965083956718445,0.00039073851075954735,0.6598789691925049,0.6449286341667175,12.0,2660.0,0,2,325,0,0,0,700,700,2,0,0.0,700.0,0,,,False,0,False,not_reached,0.0,0.7000000000000001
377,1508,2770,211,2770,4,right+A+B,2.163661156373564e-05,0.00014516834926325828,0.17300638556480408,0.0013844401109963655,0.8254423141479492,0.4725048542022705,12.0,2672.0,0,2,325,0,0,0,700,700,2,0,0.0,700.0,0,,,False,0,False,not_reached,0.0,0.7000000000000001
378,1512,2782,220,2782,4,right+A+B,4.1245210013585165e-05,0.00028618890792131424,0.18182910978794098,0.0038155936636030674,0.8140279054641724,0.5014557838439941,12.0,2684.0,0,2,325,0,0,0,700,700,2,0,0.0,700.0,0,,,False,0,False,not_reached,0.0,0.7000000000000001
379,1516,2794,224,2794,3,right+B,5.123341452417662e-06,0.00012208116822876036,6.427222251659259e-05,0.9989342093467712,0.000874305609613657,0.009004845283925533,12.0,2696.0,0,2,325,0,0,0,700,700,2,0,0.0,700.0,0,,,False,0,False,not_reached,0.0,0.7000000000000001
380,1520,2806,216,2806,3,right+B,2.5542585717630573e-06,5.683396739186719e-05,1.8701895896811038e-05,0.9993507266044617,0.0005712092970497906,0.005706753581762314,11.0,2707.0,0,2,324,0,0,0,700,700,2,0,0.0,700.0,0,,,False,0,False,not_reached,0.0,0.7000000000000001
381,1524,2818,197,2818,3,right+B,1.2735387144857668e-06,2.6166340830968693e-05,5.991148555040127e-06,0.9997894167900085,0.00017705766367726028,0.002105738501995802,12.0,2719.0,0,2,324,0,0,0,700,700,2,0,0.0,700.0,0,,,False,0,False,not_reached,0.0,0.7000000000000001
382,1528,2830,177,2830,3,right+B,6.46816943117301e-06,8.241671457653865e-05,8.390609582420439e-05,0.9975144863128662,0.002312710741534829,0.01815888099372387,12.0,2731.0,0,2,324,0,0,0,700,700,2,0,0.0,700.0,0,,,False,0,False,not_reached,0.0,0.7000000000000001
383,1532,2842,157,2842,4,right+A+B,2.0620003851945512e-05,9.430218779016286e-05,0.026113035157322884,0.008372262120246887,0.9653998017311096,0.1703246831893921,12.0,2743.0,0,2,324,0,0,0,700,700,2,0,0.0,700.0,0,,,False,0,False,not_reached,0.0,0.7000000000000001
384,1536,2854,137,2854,4,right+A+B,5.87024351261789e-06,1.8044242096948437e-05,0.0041166143491864204,0.0009422790608368814,0.9949172735214233,0.034513868391513824,12.0,2755.0,0,2,324,0,0,0,700,700,2,0,0.0,700.0,0,,,False,0,False,not_reached,0.0,0.7000000000000001
385,1540,2866,117,2866,4,right+A+B,3.207585223208298e-06,9.739858796820045e-06,0.000800311507191509,0.0016901071649044752,0.9974966645240784,0.019147470593452454,11.0,2766.0,0,2,323,0,0,0,700,700,2,0,0.0,700.0,0,,,False,0,False,not_reached,0.0,0.7000000000000001
386,1544,2878,111,2878,4,right+A+B,1.277139199373778e-05,6.254594336496666e-05,0.0006976539152674377,0.023659871891140938,0.975567102432251,0.11853371560573578,12.0,2778.0,0,2,323,0,0,0,700,700,2,0,0.0,700.0,0,,,False,0,False,not_reached,0.0,0.7000000000000001
387,1548,2890,111,2890,3,right+B,3.4546071674412815e-06,4.28962339356076e-05,3.635475422925083e-06,0.9965080618858337,0.0034419612493366003,0.02352805621922016,12.0,2790.0,0,2,323,0,0,0,700,700,2,0,0.0,700.0,0,,,False,0,False,not_reached,0.0,0.7000000000000001
388,1552,2902,111,2902,3,right+B,2.8379739887895994e-05,0.0003548513341229409,9.056417184183374e-05,0.9658949971199036,0.03363119065761566,0.15156270563602448,12.0,2802.0,0,2,323,0,0,0,700,700,2,0,0.0,700.0,0,,,False,0,False,not_reached,0.0,0.7000000000000001
389,1556,2914,129,2914,4,right+A+B,3.8033731470932253e-06,1.2219407835800666e-05,0.0007139916997402906,0.00024836670490913093,0.9990216493606567,0.008397892117500305,12.0,2814.0,0,2,323,0,0,0,700,700,2,0,0.0,700.0,0,,,False,0,False,not_reached,0.0,0.7000000000000001
390,1560,2926,149,2926,4,right+A+B,5.061741831013933e-06,1.808837077987846e-05,0.002051304094493389,0.00034769027843140066,0.9975778460502625,0.01814373955130577,11.0,2825.0,0,2,322,0,0,0,700,700,2,0,0.0,700.0,0,,,False,0,False,not_reached,0.0,0.7000000000000001
391,1564,2938,164,2938,3,right+B,2.2671156330034137e-06,2.6466404960956424e-05,4.775336037710076e-06,0.9991995692253113,0.0007669370388612151,0.006668685469776392,12.0,2837.0,0,2,322,0,0,0,700,700,2,0,0.0,700.0,0,,,False,0,False,not_reached,0.0,0.7000000000000001
392,1568,2950,166,2950,3,right+B,5.580683591688285e-06,0.00011358831397956237,0.0003159805200994015,0.9986349940299988,0.0009298265795223415,0.011500908993184566,12.0,2849.0,0,2,322,0,0,0,700,700,2,0,0.0,700.0,0,,,False,0,False,not_reached,0.0,0.7000000000000001
393,1572,2962,159,2962,3,right+B,4.5558206807072565e-07,5.568602773564635e-06,6.484467576228781e-06,0.999925971031189,6.150561239337549e-05,0.0008222503820434213,12.0,2861.0,0,2,322,0,0,0,700,700,2,0,0.0,700.0,0,,,False,0,False,not_reached,0.0,0.7000000000000001
394,1576,2963,177,2964,2,right+A,9.212054465024266e-06,6.180308992043138e-05,0.40187540650367737,0.0009777176892384887,0.597075879573822,0.6817549467086792,2.0,2863.0,0,2,322,0,0,0,700,700,2,0,0.0,700.0,0,,,False,0,False,not_reached,0.0,0.7000000000000001
395,1580,2964,197,2964,4,right+A+B,5.06625474372413e-05,0.0003402561997063458,0.13407735526561737,0.009863276034593582,0.8556684255599976,0.4515579640865326,-1.0,2862.0,1,2,321,0,0,0,700,700,2,0,0.0,700.0,0,,,False,0,False,not_reached,0.0,0.7000000000000001
396,1584,2967,213,2967,4,right+A+B,0.00041054526809602976,0.006699449848383665,0.18609999120235443,0.2734801471233368,0.533309817314148,1.0394997596740723,3.0,2865.0,0,2,321,0,0,0,700,700,2,0,0.0,700.0,0,,,False,0,False,not_reached,0.0,0.7000000000000001
397,1588,2971,225,2971,3,right+B,0.0003533196577336639,0.005796669516712427,0.020529357716441154,0.930134654045105,0.043186090886592865,0.3155057430267334,4.0,2869.0,0,2,321,0,0,0,700,700,2,0,0.0,700.0,0,,,False,0,False,not_reached,0.0,0.7000000000000001
398,1592,2977,224,2977,3,right+B,0.0002939603291451931,0.0047026751562952995,0.009735075756907463,0.9578765630722046,0.02739166095852852,0.2124537229537964,6.0,2875.0,0,2,321,0,0,0,700,700,2,0,0.0,700.0,0,,,False,0,False,not_reached,0.0,0.7000000000000001
399,1596,2984,209,2984,1,right,0.0007133993203751743,0.00986972451210022,0.06314601749181747,0.7016516327857971,0.22461917996406555,0.8092213869094849,7.0,2882.0,0,2,321,0,0,0,700,700,2,0,0.0,700.0,0,,,False,0,False,not_reached,0.0,0.7000000000000001
400,1600,2991,191,2991,4,right+A+B,0.0002974785747937858,0.004508734215050936,0.015663782134652138,0.8985881805419922,0.08094193786382675,0.39145198464393616,6.0,2888.0,0,2,320,0,0,0,700,700,2,0,0.0,700.0,0,,,False,0,False,not_reached,0.0,0.7000000000000001
401,1604,2994,191,2994,3,right+B,0.0003288463340140879,0.005274205934256315,0.028637893497943878,0.8622037768363953,0.10355529189109802,0.4947119355201721,3.0,2891.0,0,2,320,0,0,0,700,700,2,0,0.0,700.0,0,,,False,0,False,not_reached,0.0,0.7000000000000001
402,1608,2994,191,2994,3,right+B,0.00025804672623053193,0.0031349794007837772,0.024739934131503105,0.7224477529525757,0.24941930174827576,0.6929507255554199,0.0,2891.0,1,2,320,0,0,0,700,700,2,0,0.0,700.0,0,,,False,0,False,not_reached,0.0,0.7000000000000001
403,1612,2994,191,2994,3,right+B,0.00038629924529232085,0.0035844501107931137,0.03581206500530243,0.7566313147544861,0.2035859078168869,0.677505373954773,0.0,2891.0,2,2,320,0,0,0,700,700,2,0,0.0,700.0,0,,,False,0,False,not_reached,0.0,0.7000000000000001
404,1616,2994,191,2994,3,right+B,0.0002296837919857353,0.0019556917250156403,0.012282188050448895,0.875363826751709,0.11016866564750671,0.4276873767375946,0.0,2891.0,3,2,320,0,0,0,700,700,2,0,0.0,700.0,0,,,False,0,False,not_reached,0.0,0.7000000000000001
405,1620,2994,205,2994,2,right+A,0.0004067257686983794,0.0026574363000690937,0.0750766471028328,0.351069837808609,0.5707893967628479,0.9008780121803284,-1.0,2890.0,4,2,319,0,0,0,700,700,2,0,0.0,700.0,0,,,False,0,False,not_reached,0.0,0.7000000000000001
406,1624,2995,221,2995,4,right+A+B,0.000435852532973513,0.0028759713750332594,0.07973495870828629,0.3692782521247864,0.5476748943328857,0.9194718599319458,1.0,2891.0,0,2,319,0,0,0,700,700,2,0,0.0,700.0,0,,,False,0,False,not_reached,0.0,0.7000000000000001
407,1628,2997,234,2997,4,right+A+B,0.0004463049990590662,0.0029614728409796953,0.07144557684659958,0.40290963649749756,0.5222370028495789,0.9147419929504395,2.0,2893.0,0,2,319,0,0,0,700,700,2,0,0.0,700.0,0,,,False,0,False,not_reached,0.0,0.7000000000000001
408,1632,3000,244,3000,4,right+A+B,0.000452797015896067,0.0028810491785407066,0.07412266731262207,0.35386598110198975,0.568677544593811,0.9018038511276245,3.0,2896.0,0,2,319,0,0,0,700,700,2,0,0.0,700.0,0,,,False,0,False,not_reached,0.0,0.7000000000000001
409,1636,3004,251,3004,2,right+A,0.00045835907803848386,0.0029022430535405874,0.074278824031353,0.3625045418739319,0.5598559379577637,0.9061980247497559,4.0,2900.0,0,2,319,0,0,0,700,700,2,0,0.0,700.0,0,,,False,0,False,not_reached,0.0,0.7000000000000001
410,1640,3009,253,3009,3,right+B,0.0003671849553938955,0.00235153385438025,0.05193851888179779,0.4804477393627167,0.46489495038986206,0.8790249228477478,4.0,2904.0,0,2,318,0,0,0,700,700,2,0,0.0,700.0,0,,,False,0,False,not_reached,0.0,0.7000000000000001
411,1644,3016,245,3016,3,right+B,8.186606282833964e-05,0.0006084471824578941,0.0032160726841539145,0.9558908939361572,0.040202636271715164,0.19606013596057892,7.0,2911.0,0,2,318,0,0,0,700,700,2,0,0.0,700.0,0,,,False,0,False,not_reached,0.0,0.7000000000000001
412,1648,3023,228,3023,3,right+B,6.76380077493377e-05,0.0004390458925627172,0.00505263265222311,0.8840053677558899,0.11043529957532883,0.38307681679725647,7.0,2918.0,0,2,318,0,0,0,700,700,2,0,0.0,700.0,0,,,False,0,False,not_reached,0.0,0.7000000000000001
413,1652,3030,208,3030,4,right+A+B,0.000167823804076761,0.0007316595874726772,0.012349311262369156,0.7804473638534546,0.20630387961864471,0.5801007747650146,7.0,2925.0,0,2,318,0,0,0,700,700,2,0,0.0,700.0,0,,,False,0,False,not_reached,0.0,0.7000000000000001
414,1656,3037,207,3037,4,right+A+B,0.0001237371179740876,0.00045216226135380566,0.09249971807003021,0.06320694088935852,0.8437173962593079,0.5427110195159912,7.0,2932.0,0,2,318,0,0,0,700,700,2,0,0.0,700.0,0,,,False,0,False,not_reached,0.0,0.7000000000000001
415,1660,3046,203,3046,4,right+A+B,2.759517155936919e-05,6.480417505372316e-05,0.0829053521156311,0.001773556345142424,0.9152286648750305,0.2996610701084137,8.0,2940.0,0,2,317,0,0,0,700,700,2,0,0.0,700.0,0,,,False,0,False,not_reached,0.0,0.7000000000000001
416,1664,3057,188,3057,4,right+A+B,2.458464769006241e-05,5.6410117394989356e-05,0.12431718409061432,0.000802470778580755,0.8747993111610413,0.3827379047870636,11.0,2951.0,0,2,317,0,0,0,700,700,2,0,0.0,700.0,0,,,False,0,False,not_reached,0.0,0.7000000000000001
417,1668,3069,168,3069,4,right+A+B,1.3051153473497834e-05,2.8855678465333767e-05,0.1171104684472084,0.00013912245049141347,0.8827085494995117,0.362970232963562,12.0,2963.0,0,2,317,0,0,0,700,700,2,0,0.0,700.0,0,,,False,0,False,not_reached,0.0,0.7000000000000001
418,1672,3081,148,3081,4,right+A+B,8.34453385323286e-06,1.4494326933345292e-05,0.10958152264356613,7.766557246213779e-05,0.890317976474762,0.3467223644256592,12.0,2975.0,0,2,317,0,0,0,700,700,2,0,0.0,700.0,0,,,False,0,False,not_reached,0.0,0.7000000000000001
419,1676,3093,128,3093,4,right+A+B,9.556824807077646e-06,1.6719201084924862e-05,0.018966080620884895,0.0002482242707628757,0.9807594418525696,0.09661182016134262,12.0,2987.0,0,2,317,0,0,0,700,700,2,0,0.0,700.0,0,,,False,0,False,not_reached,0.0,0.7000000000000001
420,1680,3105,108,3105,4,right+A+B,1.754073309712112e-05,3.454612669884227e-05,0.011891625821590424,0.0015117516741156578,0.9865445494651794,0.07643245160579681,11.0,2998.0,0,2,316,0,0,0,700,700,2,0,0.0,700.0,0,,,False,0,False,not_reached,0.0,0.7000000000000001
421,1684,3117,88,3117,4,right+A+B,1.2512490684457589e-05,2.429160667816177e-05,0.040159448981285095,0.0003256771306041628,0.9594781398773193,0.17181234061717987,12.0,3010.0,0,2,316,0,0,0,700,700,2,0,0.0,700.0,0,,,False,0,False,not_reached,0.0,0.7000000000000001
422,1688,3129,79,3129,4,right+A+B,7.798110164003447e-05,0.00026786865782923996,0.25291019678115845,0.006555404979735613,0.740188479423523,0.6062648296356201,12.0,3022.0,0,2,316,0,0,0,700,700,2,0,0.0,700.0,0,,,False,0,False,not_reached,0.0,0.7000000000000001
423,1692,3141,79,3141,4,right+A+B,0.0003147973329760134,0.0019028519745916128,0.4018276333808899,0.12744969129562378,0.4685050845146179,0.9985930919647217,12.0,3034.0,0,2,316,0,0,0,700,700,2,0,0.0,700.0,0,,,False,0,False,not_reached,0.0,0.7000000000000001
424,1696,3153,79,3153,4,right+A+B,0.00021019302948843688,0.000955259776674211,0.2838158905506134,0.02732868120074272,0.687690019607544,0.7217295169830322,12.0,3046.0,0,2,316,0,0,0,700,700,2,0,0.0,700.0,0,,,False,0,False,not_reached,0.0,0.7000000000000001
425,1700,3154,79,3155,3,right+B,4.9116653826786205e-05,0.00020506494911387563,0.0005120128043927252,0.9807385802268982,0.018495280295610428,0.09898357093334198,1.0,3047.0,0,2,315,0,0,0,700,700,2,0,0.0,700.0,0,,,False,0,False,not_reached,0.0,0.7000000000000001
426,1704,3154,79,3155,3,right+B,0.0003219948848709464,0.0008519960683770478,0.012166829779744148,0.35725072026252747,0.6294084787368774,0.7213797569274902,0.0,3047.0,1,2,315,0,0,0,700,700,2,0,0.0,700.0,0,,,False,0,False,not_reached,0.0,0.7000000000000001
427,1708,3154,93,3155,4,right+A+B,0.0006858454435132444,0.001785027445293963,0.02679300494492054,0.3335413336753845,0.637194812297821,0.7666682004928589,0.0,3047.0,2,2,315,0,0,0,700,700,2,0,0.0,700.0,0,,,False,0,False,not_reached,0.0,0.7000000000000001
428,1712,3155,109,3155,4,right+A+B,0.0011611883528530598,0.0029955082572996616,0.08668283373117447,0.16184403002262115,0.7473165392875671,0.7496423125267029,0.0,3047.0,3,2,315,0,0,0,700,700,2,0,0.0,700.0,0,,,False,0,False,not_reached,0.0,0.7000000000000001
429,1716,3157,122,3157,4,right+A+B,0.0013847495429217815,0.0039975508116185665,0.03919225558638573,0.5185237526893616,0.43690162897109985,0.8604698181152344,2.0,3049.0,0,2,315,0,0,0,700,700,2,0,0.0,700.0,0,,,False,0,False,not_reached,0.0,0.7000000000000001
430,1781,3175,97,3175,2,right+A,0.0013278289698064327,0.0036927007604390383,0.05051474645733833,0.40810757875442505,0.5363571643829346,0.8801738023757935,15.0,3064.0,0,2,315,1,1,0,1100,1100,2,0,0.0,1100.0,400,130,3,False,64,True,complete,5.4,6.1000000000000005
