decision,raw_frames,x,y,max_x,action,action_name,prob_0,prob_1,prob_2,prob_3,prob_4,action_entropy_nats,native_reward,native_reward_sum,no_progress_decisions,life,game_time,flag_get,terminated,truncated,game_score,score_gain,coins
1,4,40,93,40,2,right+A,0.03565302491188049,0.21899856626987457,0.10238822549581528,0.6052387356758118,0.0377214178442955,1.1123393774032593,0.0,0.0,1,2,400,0,0,0,0,0,0
2,8,42,108,42,3,right+B,0.036289751529693604,0.22131319344043732,0.10470009595155716,0.5989422798156738,0.03875470161437988,1.1233803033828735,2.0,2.0,0,2,400,0,0,0,0,0,0
3,12,44,112,44,3,right+B,0.035388462245464325,0.2194441556930542,0.10246051847934723,0.6047443151473999,0.03796258568763733,1.1128385066986084,2.0,4.0,0,2,400,0,0,0,0,0,0
4,16,48,106,48,3,right+B,0.03586822748184204,0.22095564007759094,0.10594025254249573,0.597899317741394,0.03933655098080635,1.1255831718444824,4.0,8.0,0,2,400,0,0,0,0,0,0
5,20,53,89,53,3,right+B,0.036056239157915115,0.22103333473205566,0.10467106103897095,0.5996136665344238,0.03862566128373146,1.1220413446426392,4.0,12.0,0,2,399,0,0,0,0,0,0
6,24,58,79,58,3,right+B,0.035327084362506866,0.22109676897525787,0.10353273153305054,0.6018029451370239,0.03824041783809662,1.1169919967651367,5.0,17.0,0,2,399,0,0,0,0,0,0
7,28,66,79,66,3,right+B,0.035465385764837265,0.2205982357263565,0.10324660688638687,0.6023398637771606,0.038349948823451996,1.116681694984436,8.0,25.0,0,2,399,0,0,0,0,0,0
8,32,75,79,75,3,right+B,0.03545055538415909,0.2206389307975769,0.1023872047662735,0.603876531124115,0.03764680400490761,1.1132162809371948,9.0,34.0,0,2,399,0,0,0,0,0,0
9,36,86,79,86,3,right+B,0.0355062298476696,0.220547616481781,0.1036059632897377,0.602278470993042,0.038061704486608505,1.1165847778320312,11.0,45.0,0,2,399,0,0,0,0,0,0
10,40,98,97,98,2,right+A,0.036521390080451965,0.22751754522323608,0.11281543225049973,0.5820202231407166,0.04112542048096657,1.1501450538635254,11.0,56.0,0,2,398,0,0,0,0,0,0
11,44,110,115,110,3,right+B,0.05004609748721123,0.26809728145599365,0.20074030756950378,0.4046640396118164,0.07645216584205627,1.3878048658370972,12.0,68.0,0,2,398,0,0,0,0,0,0
12,48,122,121,122,1,right,0.051174357533454895,0.262706458568573,0.32289043068885803,0.23822787404060364,0.12500092387199402,1.4699656963348389,12.0,80.0,0,2,398,0,0,0,0,0,0
13,52,134,114,134,2,right+A,0.046190883964300156,0.2923489809036255,0.3087398111820221,0.22507421672344208,0.1276460587978363,1.4628345966339111,12.0,92.0,0,2,398,0,0,0,0,0,0
14,56,146,94,146,0,NOOP,0.04378508776426315,0.35680142045021057,0.1888158768415451,0.32841578125953674,0.08218184858560562,1.3904842138290405,12.0,104.0,0,2,398,0,0,0,0,0,0
15,60,158,79,158,3,right+B,0.03723470866680145,0.33336207270622253,0.12550495564937592,0.44258296489715576,0.06131526082754135,1.2811394929885864,11.0,115.0,0,2,397,0,0,0,0,0,0
16,64,170,97,170,2,right+A,0.03158637881278992,0.32256707549095154,0.07163269072771072,0.5321282148361206,0.042085543274879456,1.1319702863693237,12.0,127.0,0,2,397,0,0,0,0,0,0
17,68,182,117,182,2,right+A,0.0244817603379488,0.26451313495635986,0.033352550119161606,0.6456629037857056,0.03198970854282379,0.9485918283462524,12.0,139.0,0,2,397,0,0,0,0,0,0
18,72,194,132,194,1,right,0.028546061366796494,0.2601619362831116,0.04201862961053848,0.6233196258544922,0.045953746885061264,1.021179437637329,12.0,151.0,0,2,397,0,0,0,0,0,0
19,76,206,134,206,3,right+B,0.041640084236860275,0.2693040668964386,0.08600146323442459,0.4894161820411682,0.11363823711872101,1.293501615524292,12.0,163.0,0,2,397,0,0,0,0,0,0
20,80,218,123,218,4,right+A+B,0.02834690921008587,0.12913084030151367,0.38109374046325684,0.08595942705869675,0.3754691183567047,1.3117091655731201,11.0,174.0,0,2,396,0,0,0,0,0,0
21,84,230,104,230,2,right+A,0.009853281080722809,0.03282121568918228,0.6208927631378174,0.014160619117319584,0.32227209210395813,0.8787903189659119,12.0,186.0,0,2,396,0,0,0,0,0,0
22,88,242,84,242,2,right+A,0.006123865954577923,0.017651209607720375,0.7029013633728027,0.004321719519793987,0.269001841545105,0.7269989252090454,12.0,198.0,0,2,396,0,0,0,0,0,0
23,92,250,79,250,2,right+A,0.014984912239015102,0.05135182663798332,0.6134747862815857,0.0173711609095335,0.30281731486320496,0.9473250508308411,8.0,206.0,0,2,396,0,0,0,0,0,0
24,96,257,79,257,1,right,0.03605381399393082,0.18822094798088074,0.38653603196144104,0.14414671063423157,0.24504253268241882,1.4253770112991333,7.0,213.0,0,2,396,0,0,0,0,0,0
25,100,264,93,264,2,right+A,0.04148576036095619,0.27832579612731934,0.21826834976673126,0.32632479071617126,0.13559533655643463,1.4565730094909668,6.0,219.0,0,2,395,0,0,0,0,0,0
26,104,271,109,271,2,right+A,0.04467632248997688,0.2929416298866272,0.20186565816402435,0.3570469319820404,0.10346946120262146,1.4239890575408936,7.0,226.0,0,2,395,0,0,0,0,0,0
27,108,278,121,278,0,NOOP,0.04791843518614769,0.2992749512195587,0.24469344317913055,0.284647673368454,0.12346552312374115,1.467023491859436,7.0,233.0,0,2,395,0,0,0,0,0,0
28,112,285,125,285,2,right+A,0.05009211599826813,0.20629365742206573,0.4355117678642273,0.10575317591428757,0.2023492157459259,1.398503065109253,7.0,240.0,0,2,395,0,0,0,0,0,0
29,116,292,119,292,4,right+A+B,0.046525876969099045,0.1807260364294052,0.4707759618759155,0.08899503201246262,0.2129770815372467,1.3512593507766724,7.0,247.0,0,2,395,0,0,0,0,0,0
30,120,299,105,299,4,right+A+B,0.05460766702890396,0.18997792899608612,0.437762588262558,0.100257508456707,0.2173943668603897,1.3982733488082886,6.0,253.0,0,2,394,0,0,0,0,0,0
31,124,306,85,306,4,right+A+B,0.06053750962018967,0.26131945848464966,0.20995262265205383,0.3637233376502991,0.10446708649396896,1.4520148038864136,7.0,260.0,0,2,394,0,0,0,0,0,0
32,128,313,97,313,3,right+B,0.04699933901429176,0.24596093595027924,0.11512070149183273,0.5363557934761047,0.0555633008480072,1.2322694063186646,7.0,267.0,0,2,394,0,0,0,0,0,0
33,132,320,101,320,3,right+B,0.04028356820344925,0.22051215171813965,0.09162541478872299,0.614553689956665,0.033025164157152176,1.0935758352279663,8.0,275.0,0,2,394,0,0,0,100,100,0
34,136,327,96,327,3,right+B,0.025529706850647926,0.17500945925712585,0.05798990651965141,0.725692629814148,0.015778228640556335,0.8619364500045776,7.0,282.0,0,2,394,0,0,0,100,100,0
35,140,334,81,334,3,right+B,0.015230671502649784,0.14264000952243805,0.035066477954387665,0.8000035881996155,0.007059252820909023,0.6724835634231567,6.0,288.0,0,2,393,0,0,0,100,100,0
36,144,342,79,342,3,right+B,0.017036180943250656,0.1557360738515854,0.054667528718709946,0.7628114819526672,0.009748730808496475,0.7695439457893372,8.0,296.0,0,2,393,0,0,0,100,100,0
37,148,351,97,351,4,right+A+B,0.020661253482103348,0.1813485026359558,0.10245788842439651,0.6801703572273254,0.015361924655735493,0.9495030641555786,9.0,305.0,0,2,393,0,0,0,100,100,0
38,152,362,115,362,1,right,0.029792217537760735,0.2003752738237381,0.12100643664598465,0.623131513595581,0.025694575160741806,1.0711658000946045,18.0,323.0,0,2,393,0,0,0,300,300,1
39,156,374,109,374,3,right+B,0.03329000622034073,0.20474937558174133,0.14160077273845673,0.5884419083595276,0.03191792219877243,1.1367697715759277,12.0,335.0,0,2,393,0,0,0,300,300,1
40,160,386,90,386,3,right+B,0.0431329570710659,0.23745223879814148,0.2979396879673004,0.3637816905975342,0.05769338086247444,1.3701913356781006,11.0,346.0,0,2,392,0,0,0,300,300,1
41,164,397,79,397,1,right,0.02941402606666088,0.14119908213615417,0.6549336910247803,0.08759700506925583,0.08685623854398727,1.0828460454940796,11.0,357.0,0,2,392,0,0,0,300,300,1
42,168,404,93,404,2,right+A,0.017806485295295715,0.08421382308006287,0.7606889605522156,0.025761988013982773,0.11152873188257217,0.8270727396011353,7.0,364.0,0,2,392,0,0,0,300,300,1
43,172,411,109,411,2,right+A,0.03400905802845955,0.17405501008033752,0.5831624269485474,0.07640833407640457,0.13236525654792786,1.1979615688323975,7.0,371.0,0,2,392,0,0,0,300,300,1
44,176,418,123,418,2,right+A,0.04675675183534622,0.2711998224258423,0.3726772665977478,0.18590234220027924,0.12346380203962326,1.43599271774292,7.0,378.0,0,2,392,0,0,0,300,300,1
45,180,425,133,425,2,right+A,0.05079426243901253,0.32485532760620117,0.24948863685131073,0.2813701033592224,0.09349166601896286,1.4413657188415527,6.0,384.0,0,2,391,0,0,0,300,300,1
46,184,432,139,432,1,right,0.04512719064950943,0.3527721166610718,0.1507425457239151,0.38710838556289673,0.0642496645450592,1.3363627195358276,7.0,391.0,0,2,391,0,0,0,300,300,1
47,188,439,137,439,1,right,0.03622443228960037,0.33096447587013245,0.11717569082975388,0.4713614284992218,0.04427395388484001,1.2299325466156006,7.0,398.0,0,2,391,0,0,0,300,300,1
48,192,446,126,446,1,right,0.03139805048704147,0.3241000175476074,0.09366755932569504,0.5155164003372192,0.03531792759895325,1.1552932262420654,7.0,405.0,0,2,391,0,0,0,300,300,1
49,196,453,111,453,4,right+A+B,0.025125833228230476,0.32837164402008057,0.08288586139678955,0.542186439037323,0.021430231630802155,1.0788997411727905,7.0,412.0,0,2,391,0,0,0,300,300,1
50,200,461,111,461,1,right,0.021386172622442245,0.30528315901756287,0.05564716085791588,0.6035271286964417,0.014156402088701725,0.9702343940734863,7.0,419.0,0,2,390,0,0,0,300,300,1
51,204,471,111,471,3,right+B,0.01929553411900997,0.30547457933425903,0.05004923790693283,0.6133842468261719,0.011796405538916588,0.9404958486557007,10.0,429.0,0,2,390,0,0,0,300,300,1
52,208,483,110,483,3,right+B,0.021237991750240326,0.33984968066215515,0.0419197604060173,0.5854970216751099,0.011495505459606647,0.9463106393814087,12.0,441.0,0,2,390,0,0,0,300,300,1
53,212,495,102,495,3,right+B,0.013967882841825485,0.2862708568572998,0.02388674020767212,0.6693922281265259,0.006482312921434641,0.8082789182662964,12.0,453.0,0,2,390,0,0,0,300,300,1
54,216,507,85,507,1,right,0.015635553747415543,0.2961908280849457,0.02854636125266552,0.6502887010574341,0.009338539093732834,0.8504129648208618,12.0,465.0,0,2,390,0,0,0,300,300,1
55,220,519,79,519,3,right+B,0.030072340741753578,0.3836171329021454,0.12033762037754059,0.4141235649585724,0.051849365234375,1.2462661266326904,11.0,476.0,0,2,389,0,0,0,300,300,1
56,224,531,97,531,2,right+A,0.0315658338367939,0.2532888650894165,0.33421263098716736,0.15274599194526672,0.2281866818666458,1.447366714477539,12.0,488.0,0,2,389,0,0,0,300,300,1
57,228,543,115,543,0,NOOP,0.026070255786180496,0.15243443846702576,0.3561667799949646,0.1006326898932457,0.36469578742980957,1.3484468460083008,12.0,500.0,0,2,389,0,0,0,300,300,1
58,232,555,121,555,4,right+A+B,0.02949243038892746,0.165180966258049,0.3255632817745209,0.16088171303272247,0.3188815414905548,1.4251160621643066,12.0,512.0,0,2,389,0,0,0,300,300,1
59,236,567,114,567,3,right+B,0.034237489104270935,0.24886076152324677,0.0832275003194809,0.5385463237762451,0.09512795507907867,1.225669503211975,12.0,524.0,0,2,389,0,0,0,300,300,1
60,240,579,94,579,3,right+B,0.03781959414482117,0.26420584321022034,0.06823214143514633,0.5564392805099487,0.07330306619405746,1.176449179649353,11.0,535.0,0,2,388,0,0,0,300,300,1
61,244,591,79,591,3,right+B,0.04024781659245491,0.24474360048770905,0.058646127581596375,0.600547194480896,0.05581528693437576,1.107419729232788,12.0,547.0,0,2,388,0,0,0,300,300,1
62,248,594,79,596,3,right+B,0.03759297728538513,0.22651654481887817,0.05722164735198021,0.6388823986053467,0.03978646546602249,1.037926435470581,5.0,552.0,0,2,388,0,0,0,300,300,1
63,252,594,79,596,3,right+B,0.02810940518975258,0.18927107751369476,0.04905922710895538,0.7063705325126648,0.02718972973525524,0.9069148898124695,0.0,552.0,1,2,388,0,0,0,300,300,1
64,256,594,93,596,4,right+A+B,0.029099276289343834,0.21032442152500153,0.07101605087518692,0.6640812754631042,0.025478973984718323,0.9840171337127686,0.0,552.0,2,2,388,0,0,0,300,300,1
65,260,594,109,596,2,right+A,0.031108150258660316,0.22566968202590942,0.10628294199705124,0.6067522168159485,0.030186930671334267,1.0909730195999146,-1.0,551.0,3,2,387,0,0,0,300,300,1
66,264,594,121,596,1,right,0.03356879949569702,0.23105265200138092,0.14334848523139954,0.5525918006896973,0.039438266307115555,1.1861729621887207,0.0,551.0,4,2,387,0,0,0,300,300,1
67,268,596,127,596,2,right+A,0.03474002331495285,0.23145467042922974,0.16634856164455414,0.5219563841819763,0.04550034552812576,1.2337589263916016,0.0,551.0,5,2,387,0,0,0,300,300,1
68,272,598,127,598,2,right+A,0.034627508372068405,0.2348666787147522,0.15573973953723907,0.5327633619308472,0.042002707719802856,1.2149436473846436,2.0,553.0,0,2,387,0,0,0,300,300,1
69,276,602,127,602,4,right+A+B,0.034078750759363174,0.23527145385742188,0.14214403927326202,0.5499203205108643,0.038585416972637177,1.1873403787612915,4.0,557.0,0,2,387,0,0,0,300,300,1
70,280,608,127,608,3,right+B,0.03249075636267662,0.22472135722637177,0.14052033424377441,0.5647504329681396,0.037517089396715164,1.1684311628341675,5.0,562.0,0,2,386,0,0,0,300,300,1
71,284,615,127,615,1,right,0.030785903334617615,0.20420518517494202,0.2293422520160675,0.4869302809238434,0.04873634874820709,1.2669386863708496,7.0,569.0,0,2,386,0,0,0,300,300,1
72,288,624,145,624,2,right+A,0.0293672364205122,0.16590511798858643,0.363898366689682,0.37332266569137573,0.06750669330358505,1.3192894458770752,9.0,578.0,0,2,386,0,0,0,300,300,1
73,292,635,163,635,1,right,0.02738417312502861,0.13507328927516937,0.5546440482139587,0.1955997496843338,0.08729874342679977,1.2278820276260376,11.0,589.0,0,2,386,0,0,0,300,300,1
74,296,647,169,647,3,right+B,0.024398107081651688,0.07822064310312271,0.6956608891487122,0.05560498684644699,0.14611540734767914,0.9840720295906067,12.0,601.0,0,2,386,0,0,0,300,300,1
75,300,659,162,659,4,right+A+B,0.04538058862090111,0.1627197414636612,0.4538955092430115,0.1593422144651413,0.17866192758083344,1.3946946859359741,11.0,612.0,0,2,385,0,0,0,300,300,1
76,304,671,142,671,4,right+A+B,0.05239572376012802,0.2451033741235733,0.18748095631599426,0.40488603711128235,0.11013391613960266,1.4220422506332397,12.0,624.0,0,2,385,0,0,0,300,300,1
77,308,683,120,683,1,right,0.0487213097512722,0.2078077644109726,0.30827251076698303,0.31799960136413574,0.11719880253076553,1.4520742893218994,12.0,636.0,0,2,385,0,0,0,300,300,1
78,312,695,100,695,4,right+A+B,0.03294803574681282,0.10955814272165298,0.5440436601638794,0.09093301743268967,0.22251714766025543,1.2382969856262207,12.0,648.0,0,2,385,0,0,0,300,300,1
79,316,707,80,707,2,right+A,0.03096725419163704,0.1054767519235611,0.5706326365470886,0.0864897295832634,0.20643360912799835,1.2023909091949463,12.0,660.0,0,2,385,0,0,0,300,300,1
80,320,719,91,719,2,right+A,0.041303593665361404,0.15513573586940765,0.469280481338501,0.15903371572494507,0.1752464920282364,1.3733594417572021,11.0,671.0,0,2,384,0,0,0,300,300,1
81,324,722,95,724,3,right+B,0.05567695572972298,0.24474774301052094,0.19805806875228882,0.4126494824886322,0.0888676717877388,1.406362533569336,6.0,677.0,0,2,384,0,0,0,400,400,1
82,328,722,91,724,3,right+B,0.056420452892780304,0.263121098279953,0.12614218890666962,0.48672065138816833,0.06759558618068695,1.3072535991668701,0.0,677.0,1,2,384,0,0,0,400,400,1
83,332,722,79,724,3,right+B,0.0656115785241127,0.27965453267097473,0.15281637012958527,0.4305899441242218,0.07132750004529953,1.3732833862304688,0.0,677.0,2,2,384,0,0,0,400,400,1
84,336,722,79,724,3,right+B,0.06322646886110306,0.2863883972167969,0.13599255681037903,0.45051345229148865,0.06387916207313538,1.3389396667480469,0.0,677.0,3,2,384,0,0,0,400,400,1
85,340,722,79,724,3,right+B,0.06530644744634628,0.2876763641834259,0.1365775614976883,0.44585174322128296,0.06458792090415955,1.345626711845398,-1.0,676.0,4,2,383,0,0,0,400,400,1
86,344,722,93,724,4,right+A+B,0.06768129765987396,0.283334344625473,0.14665816724300385,0.43261486291885376,0.06971138715744019,1.3692752122879028,0.0,676.0,5,2,383,0,0,0,400,400,1
87,348,722,109,724,2,right+A,0.06774882227182388,0.29006922245025635,0.14960040152072906,0.4228535592556,0.06972797214984894,1.375244140625,0.0,676.0,6,2,383,0,0,0,400,400,1
88,352,722,121,724,0,NOOP,0.06831111013889313,0.29316475987434387,0.15589195489883423,0.40854790806770325,0.07408419251441956,1.3913021087646484,0.0,676.0,7,2,383,0,0,0,400,400,1
89,356,722,122,724,1,right,0.06729499995708466,0.28962594270706177,0.14904245734214783,0.4222802519798279,0.07175636291503906,1.3772897720336914,0.0,676.0,8,2,383,0,0,0,400,400,1
90,360,722,113,724,2,right+A,0.0632842406630516,0.28333672881126404,0.13098789751529694,0.45954036712646484,0.062850721180439,1.3294591903686523,-1.0,675.0,9,2,382,0,0,0,400,400,1
91,364,722,94,724,1,right,0.06495673954486847,0.28437936305999756,0.13529916107654572,0.4517248868942261,0.06363985687494278,1.3400945663452148,0.0,675.0,10,2,382,0,0,0,400,400,1
92,368,722,79,724,3,right+B,0.0642436295747757,0.2807873487472534,0.13151654601097107,0.4587955176830292,0.06465691328048706,1.3343391418457031,0.0,675.0,11,2,382,0,0,0,400,400,1
93,372,722,79,724,0,NOOP,0.06272996962070465,0.2800673842430115,0.1272597461938858,0.46829479932785034,0.061648011207580566,1.3195379972457886,0.0,675.0,12,2,382,0,0,0,400,400,1
94,376,722,93,724,2,right+A,0.06616891920566559,0.28593915700912476,0.13889768719673157,0.4427911639213562,0.06620307266712189,1.3523263931274414,0.0,675.0,13,2,382,0,0,0,400,400,1
95,380,722,108,724,1,right,0.06647939234972,0.2878308594226837,0.14511361718177795,0.43325692415237427,0.06731919944286346,1.3628146648406982,-1.0,674.0,14,2,381,0,0,0,400,400,1
96,384,722,112,724,3,right+B,0.06595279276371002,0.2885444760322571,0.1439526379108429,0.434961199760437,0.06658884137868881,1.3594746589660645,0.0,674.0,15,2,381,0,0,0,400,400,1
97,388,722,106,724,3,right+B,0.06722821295261383,0.29156726598739624,0.15773837268352509,0.4128741919994354,0.07059188187122345,1.3845210075378418,0.0,674.0,16,2,381,0,0,0,400,400,1
98,392,722,89,724,1,right,0.06644648313522339,0.286260187625885,0.1551758348941803,0.4222964942455292,0.06982103735208511,1.3772437572479248,0.0,674.0,17,2,381,0,0,0,400,400,1
99,396,722,79,724,3,right+B,0.06440382450819016,0.28267788887023926,0.13969162106513977,0.44909656047821045,0.06413010507822037,1.3444037437438965,0.0,674.0,18,2,381,0,0,0,400,400,1
100,400,722,93,724,4,right+A+B,0.06495910882949829,0.2807989716529846,0.1376809924840927,0.45262184739112854,0.06393910944461823,1.3418552875518799,-1.0,673.0,19,2,380,0,0,0,400,400,1
101,404,722,108,724,3,right+B,0.06534700840711594,0.28321003913879395,0.1390097439289093,0.44667550921440125,0.06575773656368256,1.3488173484802246,0.0,673.0,20,2,380,0,0,0,400,400,1
102,408,722,112,724,1,right,0.06509535759687424,0.2829732298851013,0.14158512651920319,0.44350284337997437,0.06684348732233047,1.3532676696777344,0.0,673.0,21,2,380,0,0,0,400,400,1
103,412,722,106,724,1,right,0.06629537045955658,0.28751081228256226,0.1507261097431183,0.42531830072402954,0.07014940679073334,1.3735078573226929,0.0,673.0,22,2,380,0,0,0,400,400,1
104,416,722,89,724,1,right,0.06516420096158981,0.2824401557445526,0.14302515983581543,0.44191280007362366,0.06745772063732147,1.3559532165527344,0.0,673.0,23,2,380,0,0,0,400,400,1
105,420,722,79,724,3,right+B,0.06422404199838638,0.2816447615623474,0.13572849333286285,0.4541585445404053,0.06424424797296524,1.339082956314087,-1.0,672.0,24,2,379,0,0,0,400,400,1
106,424,722,79,724,3,right+B,0.06443794071674347,0.2831234931945801,0.1350741982460022,0.45418351888656616,0.06318090111017227,1.3373233079910278,0.0,672.0,25,2,379,0,0,0,400,400,1
107,428,722,79,724,3,right+B,0.06495656073093414,0.2847529947757721,0.13723313808441162,0.45001205801963806,0.06304535269737244,1.3414137363433838,0.0,672.0,26,2,379,0,0,0,400,400,1
108,432,722,79,724,1,right,0.06549783796072006,0.28597429394721985,0.13988032937049866,0.4446915090084076,0.06395601481199265,1.3478853702545166,0.0,672.0,27,2,379,0,0,0,400,400,1
109,436,722,79,724,3,right+B,0.06634290516376495,0.2864701449871063,0.14183056354522705,0.44015786051750183,0.06519842147827148,1.3543332815170288,0.0,672.0,28,2,379,0,0,0,400,400,1
110,440,722,79,724,0,NOOP,0.06669758260250092,0.28706613183021545,0.14056167006492615,0.4406597912311554,0.06501488387584686,1.3534653186798096,-1.0,671.0,29,2,378,0,0,0,400,400,1
111,444,722,79,724,1,right,0.06503491848707199,0.2862834930419922,0.13454702496528625,0.45054250955581665,0.06359201669692993,1.3401169776916504,0.0,671.0,30,2,378,0,0,0,400,400,1
112,448,722,79,724,3,right+B,0.06507106125354767,0.28472015261650085,0.13654999434947968,0.45003169775009155,0.06362708657979965,1.3419477939605713,0.0,671.0,31,2,378,0,0,0,400,400,1
113,452,722,93,724,4,right+A+B,0.0655144602060318,0.28456273674964905,0.136760875582695,0.4492835998535156,0.06387832015752792,1.3434734344482422,0.0,671.0,32,2,378,0,0,0,400,400,1
114,456,722,108,724,3,right+B,0.06508799642324448,0.2843855619430542,0.132520392537117,0.4551551043987274,0.06285091489553452,1.335409164428711,0.0,671.0,33,2,378,0,0,0,400,400,1
115,460,722,112,724,3,right+B,0.06518714129924774,0.2839522659778595,0.13242849707603455,0.45488691329956055,0.0635451227426529,1.3366550207138062,-1.0,670.0,34,2,377,0,0,0,400,400,1
116,464,722,106,724,1,right,0.0653359591960907,0.28856030106544495,0.1360100656747818,0.4448694586753845,0.06522425264120102,1.3466217517852783,0.0,670.0,35,2,377,0,0,0,400,400,1
117,468,722,89,724,3,right+B,0.06462206691503525,0.28639742732048035,0.1355801820755005,0.4498637318611145,0.06353660672903061,1.3405038118362427,0.0,670.0,36,2,377,0,0,0,400,400,1
118,472,722,79,724,3,right+B,0.06422238051891327,0.28439444303512573,0.1358102560043335,0.4534364938735962,0.062136370688676834,1.3363208770751953,0.0,670.0,37,2,377,0,0,0,400,400,1
119,476,722,79,724,3,right+B,0.06501537561416626,0.2833206355571747,0.13786335289478302,0.45089957118034363,0.06290102005004883,1.3413305282592773,0.0,670.0,38,2,377,0,0,0,400,400,1
120,480,722,79,724,3,right+B,0.06437960267066956,0.28217360377311707,0.13518324494361877,0.4566836953163147,0.06157988682389259,1.3337057828903198,-1.0,669.0,39,2,376,0,0,0,400,400,1
121,484,722,79,724,3,right+B,0.06404052674770355,0.2843582034111023,0.13020068407058716,0.4600616693496704,0.06133890524506569,1.3274294137954712,0.0,669.0,40,2,376,0,0,0,400,400,1
122,488,722,79,724,1,right,0.06449954211711884,0.2840847671031952,0.13254950940608978,0.456839919090271,0.0620262436568737,1.332514762878418,0.0,669.0,41,2,376,0,0,0,400,400,1
123,492,722,79,724,3,right+B,0.06539057940244675,0.28385695815086365,0.13230091333389282,0.45536819100379944,0.06308333575725555,1.335936427116394,0.0,669.0,42,2,376,0,0,0,400,400,1
124,496,722,93,724,2,right+A,0.0659489706158638,0.2845219075679779,0.13356298208236694,0.4521864354610443,0.06377968937158585,1.340246558189392,0.0,669.0,43,2,376,0,0,0,400,400,1
125,500,722,108,724,1,right,0.06658820062875748,0.28489357233047485,0.13331656157970428,0.45090699195861816,0.06429470330476761,1.3423504829406738,-1.0,668.0,44,2,375,0,0,0,400,400,1
126,504,722,112,724,1,right,0.06576283276081085,0.2840743660926819,0.13103632628917694,0.4555772542953491,0.06354925781488419,1.3361105918884277,0.0,668.0,45,2,375,0,0,0,400,400,1
127,508,722,106,724,4,right+A+B,0.06499597430229187,0.28345972299575806,0.13232938945293427,0.4557863771915436,0.06342846900224686,1.3356975317001343,0.0,668.0,46,2,375,0,0,0,400,400,1
128,512,722,89,724,3,right+B,0.06486192345619202,0.2828093469142914,0.13329075276851654,0.4554993510246277,0.06353862583637238,1.3365291357040405,0.0,668.0,47,2,375,0,0,0,400,400,1
129,516,722,79,724,2,right+A,0.065114825963974,0.28291425108909607,0.13211891055107117,0.4564598500728607,0.06339222192764282,1.3353371620178223,0.0,668.0,48,2,375,0,0,0,400,400,1
130,520,722,79,724,1,right,0.0657191053032875,0.28197887539863586,0.13250531256198883,0.4564080238342285,0.0633886307477951,1.3365331888198853,-1.0,667.0,49,2,374,0,0,0,400,400,1
131,524,722,79,724,0,NOOP,0.06498192250728607,0.2804985046386719,0.13255968689918518,0.45944327116012573,0.06251660734415054,1.3327136039733887,0.0,667.0,50,2,374,0,0,0,400,400,1
132,528,722,79,724,1,right,0.06571397185325623,0.28239649534225464,0.13367797434329987,0.45474696159362793,0.06346460431814194,1.3383164405822754,0.0,667.0,51,2,374,0,0,0,400,400,1
133,532,722,79,724,3,right+B,0.0667879581451416,0.28379976749420166,0.13619846105575562,0.44787833094596863,0.06533551961183548,1.34771728515625,0.0,667.0,52,2,374,0,0,0,400,400,1
134,536,722,79,724,3,right+B,0.06615685671567917,0.2821376621723175,0.1348765641450882,0.452129065990448,0.06469989567995071,1.3429231643676758,0.0,667.0,53,2,374,0,0,0,400,400,1
135,540,722,79,724,1,right,0.06624872237443924,0.28191864490509033,0.13396304845809937,0.45320093631744385,0.06466861069202423,1.3418262004852295,-1.0,666.0,54,2,373,0,0,0,400,400,1
136,544,722,79,724,3,right+B,0.06647343188524246,0.2815127968788147,0.13380031287670135,0.4533494710922241,0.06486396491527557,1.342246651649475,0.0,666.0,55,2,373,0,0,0,400,400,1
137,548,722,79,724,3,right+B,0.06594812870025635,0.2806228995323181,0.13330021500587463,0.45534688234329224,0.06478186696767807,1.340035319328308,0.0,666.0,56,2,373,0,0,0,400,400,1
138,552,722,79,724,1,right,0.0651959702372551,0.28077125549316406,0.13190948963165283,0.4580686688423157,0.06405463069677353,1.335503339767456,0.0,666.0,57,2,373,0,0,0,400,400,1
139,556,722,79,724,3,right+B,0.06545338034629822,0.28093287348747253,0.1333695948123932,0.4561586380004883,0.064085453748703,1.3379499912261963,0.0,666.0,58,2,373,0,0,0,400,400,1
140,560,722,79,724,1,right,0.0659787729382515,0.282095730304718,0.13543516397476196,0.4514886736869812,0.06500168889760971,1.3438211679458618,-1.0,665.0,59,2,372,0,0,0,400,400,1
141,564,722,79,724,1,right,0.06583704799413681,0.2815026342868805,0.13554072380065918,0.4522034227848053,0.06491611152887344,1.3432294130325317,0.0,665.0,60,2,372,0,0,0,400,400,1
142,568,722,79,724,1,right,0.0655331090092659,0.28172069787979126,0.13606905937194824,0.4522743821144104,0.06440276652574539,1.3423832654953003,0.0,665.0,61,2,372,0,0,0,400,400,1
143,572,722,79,724,1,right,0.06600434333086014,0.28165504336357117,0.13847458362579346,0.44899752736091614,0.06486856192350388,1.347023367881775,0.0,665.0,62,2,372,0,0,0,400,400,1
144,576,722,79,724,1,right,0.06537564843893051,0.2810119688510895,0.1371430605649948,0.4520565867424011,0.06441275775432587,1.3430477380752563,0.0,665.0,63,2,372,0,0,0,400,400,1
145,580,722,93,724,4,right+A+B,0.0650649145245552,0.28200870752334595,0.13576699793338776,0.45311617851257324,0.06404313445091248,1.3405475616455078,-1.0,664.0,64,2,371,0,0,0,400,400,1
146,584,722,108,724,3,right+B,0.06567243486642838,0.2833896577358246,0.1376991868019104,0.4482911229133606,0.06494757533073425,1.3464277982711792,0.0,664.0,65,2,371,0,0,0,400,400,1
147,588,722,112,724,1,right,0.0656539723277092,0.282359778881073,0.13910871744155884,0.44721511006355286,0.06566239893436432,1.3489503860473633,0.0,664.0,66,2,371,0,0,0,400,400,1
148,592,722,106,724,1,right,0.0658000260591507,0.28297698497772217,0.14098235964775085,0.44402751326560974,0.06621309369802475,1.3527318239212036,0.0,664.0,67,2,371,0,0,0,400,400,1
149,596,722,89,724,0,NOOP,0.06468604505062103,0.2800556719303131,0.13752038776874542,0.4537144601345062,0.06402343511581421,1.3409411907196045,0.0,664.0,68,2,371,0,0,0,400,400,1
150,600,722,79,724,1,right,0.0642610490322113,0.27964553236961365,0.13257797062397003,0.4612154960632324,0.0622999370098114,1.3304640054702759,-1.0,663.0,69,2,370,0,0,0,400,400,1
151,604,722,79,724,3,right+B,0.06389178335666656,0.2773638367652893,0.12888529896736145,0.4683363139629364,0.06152265891432762,1.3223130702972412,0.0,663.0,70,2,370,0,0,0,400,400,1
152,608,722,79,724,1,right,0.06466314941644669,0.27878639101982117,0.13205967843532562,0.4618457555770874,0.06264501810073853,1.3308663368225098,0.0,663.0,71,2,370,0,0,0,400,400,1
153,612,722,79,724,0,NOOP,0.06544676423072815,0.28087741136550903,0.13520678877830505,0.454382985830307,0.06408604979515076,1.3401546478271484,0.0,663.0,72,2,370,0,0,0,400,400,1
154,616,722,93,724,2,right+A,0.06615903973579407,0.28212881088256836,0.1381932944059372,0.44841858744621277,0.06510022282600403,1.347656488418579,0.0,663.0,73,2,370,0,0,0,400,400,1
155,620,722,109,724,2,right+A,0.06659641116857529,0.28405675292015076,0.14093747735023499,0.4427725672721863,0.06563684344291687,1.3535795211791992,-1.0,662.0,74,2,369,0,0,0,400,400,1
156,624,722,121,724,0,NOOP,0.06540554761886597,0.282301127910614,0.1393616646528244,0.44799405336380005,0.0649375393986702,1.3473460674285889,0.0,662.0,75,2,369,0,0,0,400,400,1
157,628,722,122,724,1,right,0.0655551478266716,0.2845480442047119,0.14065851271152496,0.441879004240036,0.06735926121473312,1.3547614812850952,0.0,662.0,76,2,369,0,0,0,400,400,1
158,632,722,113,724,3,right+B,0.06468125432729721,0.2819267809391022,0.13676702976226807,0.4503477215766907,0.06627725809812546,1.345288872718811,0.0,662.0,77,2,369,0,0,0,400,400,1
159,636,722,94,724,3,right+B,0.06481090933084488,0.28237685561180115,0.13551250100135803,0.4520765542984009,0.06522317975759506,1.3422183990478516,0.0,662.0,78,2,369,0,0,0,400,400,1
160,640,722,79,724,1,right,0.06466428190469742,0.2804333567619324,0.13320697844028473,0.45563289523124695,0.06606244295835495,1.3398200273513794,-1.0,661.0,79,2,368,0,0,0,400,400,1
161,644,722,79,724,3,right+B,0.06273004412651062,0.2771175503730774,0.12604393064975739,0.4721960425376892,0.061912450939416885,1.316935658454895,0.0,661.0,80,2,368,0,0,0,400,400,1
162,648,722,93,724,2,right+A,0.0649038702249527,0.2797020673751831,0.13208608329296112,0.4588998258113861,0.06440822780132294,1.3353214263916016,0.0,661.0,81,2,368,0,0,0,400,400,1
163,652,722,108,724,1,right,0.06522370129823685,0.2815186381340027,0.13265718519687653,0.4557306170463562,0.06486982852220535,1.3384435176849365,0.0,661.0,82,2,368,0,0,0,400,400,1
164,656,722,112,724,3,right+B,0.06573136895895004,0.2829984426498413,0.13759906589984894,0.4472386837005615,0.06643243879079819,1.3490934371948242,0.0,661.0,83,2,368,0,0,0,400,400,1
165,660,722,106,724,3,right+B,0.06572265177965164,0.2831980884075165,0.13955482840538025,0.4448481798171997,0.06667627394199371,1.3519176244735718,-1.0,660.0,84,2,367,0,0,0,400,400,1
166,664,722,89,724,3,right+B,0.06529314070940018,0.28078460693359375,0.1379937082529068,0.4511755704879761,0.06475306302309036,1.3444535732269287,0.0,660.0,85,2,367,0,0,0,400,400,1
167,668,722,79,724,3,right+B,0.06481177359819412,0.28036147356033325,0.13266390562057495,0.4594229757785797,0.06273985654115677,1.3328871726989746,0.0,660.0,86,2,367,0,0,0,400,400,1
168,672,722,79,724,1,right,0.06445030122995377,0.2775077819824219,0.12959077954292297,0.4663916528224945,0.06205951049923897,1.3254902362823486,0.0,660.0,87,2,367,0,0,0,400,400,1
169,676,722,79,724,3,right+B,0.06488378345966339,0.279501736164093,0.13148269057273865,0.46118828654289246,0.06294352561235428,1.3315314054489136,0.0,660.0,88,2,367,0,0,0,400,400,1
170,680,722,93,724,2,right+A,0.06573744863271713,0.282616525888443,0.13364247977733612,0.45361658930778503,0.06438694894313812,1.34023118019104,-1.0,659.0,89,2,366,0,0,0,400,400,1
171,684,722,108,724,0,NOOP,0.06649990379810333,0.2855987846851349,0.13542979955673218,0.4470987021923065,0.06537283957004547,1.347137689590454,0.0,659.0,90,2,366,0,0,0,400,400,1
172,688,722,112,724,3,right+B,0.06587890535593033,0.28425440192222595,0.13574442267417908,0.4481852352619171,0.06593706458806992,1.346801996231079,0.0,659.0,91,2,366,0,0,0,400,400,1
173,692,722,106,724,0,NOOP,0.06609448045492172,0.28591272234916687,0.13758312165737152,0.44372445344924927,0.0666852667927742,1.3515565395355225,0.0,659.0,92,2,366,0,0,0,400,400,1
174,696,722,89,724,1,right,0.06533386558294296,0.2839697003364563,0.13387203216552734,0.452309787273407,0.0645146518945694,1.340615153312683,0.0,659.0,93,2,366,0,0,0,400,400,1
175,700,722,79,724,1,right,0.06411676853895187,0.28176215291023254,0.12882621586322784,0.4632173180580139,0.06207762286067009,1.3260498046875,-1.0,658.0,94,2,365,0,0,0,400,400,1
176,704,722,79,724,1,right,0.06466110050678253,0.28050222992897034,0.12646158039569855,0.4664239287376404,0.061951152980327606,1.3231816291809082,0.0,658.0,95,2,365,0,0,0,400,400,1
177,708,722,79,724,1,right,0.06452874839305878,0.2809029519557953,0.12663637101650238,0.4661262333393097,0.06180571764707565,1.3230575323104858,0.0,658.0,96,2,365,0,0,0,400,400,1
178,712,722,79,724,3,right+B,0.06498485803604126,0.2837189733982086,0.13031558692455292,0.4587516188621521,0.06222899258136749,1.3309065103530884,0.0,658.0,97,2,365,0,0,0,400,400,1
179,716,722,79,724,1,right,0.06550764292478561,0.2832004129886627,0.13372957706451416,0.45411571860313416,0.06344664841890335,1.3383259773254395,0.0,658.0,98,2,365,0,0,0,400,400,1
180,720,722,79,724,0,NOOP,0.06457256525754929,0.28299766778945923,0.13402611017227173,0.45608603954315186,0.06231764331459999,1.3345388174057007,-1.0,657.0,99,2,364,0,0,0,400,400,1
181,724,722,79,724,1,right,0.06436596065759659,0.285142719745636,0.13175784051418304,0.4563266932964325,0.062406718730926514,1.3325302600860596,0.0,657.0,100,2,364,0,0,0,400,400,1
182,728,722,79,724,3,right+B,0.06538025289773941,0.2853868305683136,0.13423559069633484,0.45066624879837036,0.06433101743459702,1.341442346572876,0.0,657.0,101,2,364,0,0,0,400,400,1
183,732,722,79,724,3,right+B,0.06586245447397232,0.28693562746047974,0.1332140862941742,0.44881781935691833,0.06517010182142258,1.3434579372406006,0.0,657.0,102,2,364,0,0,0,400,400,1
184,736,722,79,724,1,right,0.06406360864639282,0.28552156686782837,0.12898975610733032,0.45914044976234436,0.06228462979197502,1.3283956050872803,0.0,657.0,103,2,364,0,0,0,400,400,1
185,740,722,79,724,0,NOOP,0.06492786109447479,0.2850596606731415,0.13326436281204224,0.4532560408115387,0.06349211186170578,1.3375918865203857,-1.0,656.0,104,2,363,0,0,0,400,400,1
186,744,722,93,724,2,right+A,0.06505271792411804,0.286264032125473,0.13663317263126373,0.4472980499267578,0.06475209444761276,1.344896912574768,0.0,656.0,105,2,363,0,0,0,400,400,1
187,748,722,108,724,3,right+B,0.06558351218700409,0.2895359396934509,0.14146363735198975,0.4377254843711853,0.06569147855043411,1.354709506034851,0.0,656.0,106,2,363,0,0,0,400,400,1
188,752,722,112,724,2,right+A,0.06569147109985352,0.28822994232177734,0.13896064460277557,0.4410634934902191,0.06605438888072968,1.3521965742111206,0.0,656.0,107,2,363,0,0,0,400,400,1
189,756,722,106,724,3,right+B,0.06389107555150986,0.28355664014816284,0.13454177975654602,0.4549821615219116,0.06302831321954727,1.3355088233947754,0.0,656.0,108,2,363,0,0,0,400,400,1
190,760,722,89,724,3,right+B,0.0650932565331459,0.28321734070777893,0.13931672275066376,0.44888636469841003,0.06348628550767899,1.344293475151062,-1.0,655.0,109,2,362,0,0,0,400,400,1
191,764,722,79,724,3,right+B,0.06481993943452835,0.2842077612876892,0.13404323160648346,0.45453858375549316,0.06239040195941925,1.3357598781585693,0.0,655.0,110,2,362,0,0,0,400,400,1
192,768,722,79,724,3,right+B,0.06371480971574783,0.28046345710754395,0.13143208622932434,0.4632447361946106,0.06114497780799866,1.3260324001312256,0.0,655.0,111,2,362,0,0,0,400,400,1
193,772,722,79,724,3,right+B,0.06545545905828476,0.2843897342681885,0.1351526379585266,0.45146986842155457,0.06353235244750977,1.34067702293396,0.0,655.0,112,2,362,0,0,0,400,400,1
194,776,722,79,724,3,right+B,0.06579571962356567,0.28681832551956177,0.13682904839515686,0.44597136974334717,0.06458556652069092,1.346479892730713,0.0,655.0,113,2,362,0,0,0,400,400,1
195,780,722,79,724,1,right,0.06561312079429626,0.2874695360660553,0.13809627294540405,0.4443250298500061,0.06449595093727112,1.3477320671081543,-1.0,654.0,114,2,361,0,0,0,400,400,1
196,784,722,79,724,3,right+B,0.06665833294391632,0.2877257466316223,0.1421535611152649,0.43646615743637085,0.06699622422456741,1.359224557876587,0.0,654.0,115,2,361,0,0,0,400,400,1
197,788,722,93,724,2,right+A,0.0675879418849945,0.289201557636261,0.1499568670988083,0.42382320761680603,0.0694303885102272,1.374452829360962,0.0,654.0,116,2,361,0,0,0,400,400,1
198,792,722,109,724,2,right+A,0.068364717066288,0.28936994075775146,0.15754520893096924,0.41267889738082886,0.07204128801822662,1.3881607055664062,0.0,654.0,117,2,361,0,0,0,400,400,1
199,796,722,121,724,1,right,0.06563937664031982,0.2854694724082947,0.1454862356185913,0.43651679158210754,0.06688814610242844,1.3598500490188599,0.0,654.0,118,2,361,0,0,0,400,400,1
200,800,722,122,724,1,right,0.06730750948190689,0.2855915129184723,0.14987140893936157,0.42636337876319885,0.0708661824464798,1.37502121925354,-1.0,653.0,119,2,360,0,0,0,400,400,1
201,804,722,113,724,3,right+B,0.06551855802536011,0.28342878818511963,0.14201948046684265,0.44029903411865234,0.06873416900634766,1.3583176136016846,0.0,653.0,120,2,360,0,0,0,400,400,1
202,808,722,94,724,1,right,0.0664520338177681,0.2858472466468811,0.14352698624134064,0.43681466579437256,0.06735913455486298,1.3602609634399414,0.0,653.0,121,2,360,0,0,0,400,400,1
203,812,722,79,724,3,right+B,0.0667077898979187,0.28300172090530396,0.143911674618721,0.43692564964294434,0.06945320963859558,1.3638314008712769,0.0,653.0,122,2,360,0,0,0,400,400,1
204,816,722,79,724,1,right,0.06391667574644089,0.28000983595848083,0.1350546032190323,0.45716965198516846,0.06384923309087753,1.3360958099365234,0.0,653.0,123,2,360,0,0,0,400,400,1
205,820,722,79,724,3,right+B,0.06648790836334229,0.2867032587528229,0.14612193405628204,0.4334036409854889,0.0672832727432251,1.3633997440338135,-1.0,652.0,124,2,359,0,0,0,400,400,1
206,824,722,93,724,2,right+A,0.06467007845640182,0.28415700793266296,0.13738393783569336,0.44968605041503906,0.06410295516252518,1.3428337574005127,0.0,652.0,125,2,359,0,0,0,400,400,1
207,828,722,108,724,0,NOOP,0.06581508368253708,0.2866538166999817,0.14033310115337372,0.44135960936546326,0.06583830714225769,1.3529245853424072,0.0,652.0,126,2,359,0,0,0,400,400,1
208,832,722,112,724,1,right,0.06574864685535431,0.28618329763412476,0.14139439165592194,0.4406379163265228,0.06603579223155975,1.3541816473007202,0.0,652.0,127,2,359,0,0,0,400,400,1
209,836,722,106,724,1,right,0.06659428775310516,0.2887346148490906,0.14375099539756775,0.4338909983634949,0.06702910363674164,1.3613598346710205,0.0,652.0,128,2,359,0,0,0,400,400,1
210,840,722,89,724,2,right+A,0.0637793317437172,0.28380724787712097,0.13491064310073853,0.45445191860198975,0.06305083632469177,1.335900902748108,-1.0,651.0,129,2,358,0,0,0,400,400,1
211,844,722,79,724,1,right,0.06356137990951538,0.28293928503990173,0.132863387465477,0.4590494930744171,0.061586420983076096,1.3296279907226562,0.0,651.0,130,2,358,0,0,0,400,400,1
212,848,722,93,724,2,right+A,0.06349481642246246,0.27984699606895447,0.12691302597522736,0.46890494227409363,0.06084027513861656,1.318861722946167,0.0,651.0,131,2,358,0,0,0,400,400,1
213,852,722,109,724,4,right+A+B,0.06434430181980133,0.28193843364715576,0.1304350048303604,0.46148213744163513,0.06180008500814438,1.3280742168426514,0.0,651.0,132,2,358,0,0,0,400,400,1
214,856,722,121,724,3,right+B,0.0651949867606163,0.2860413193702698,0.13302110135555267,0.452065646648407,0.06367692351341248,1.3386272192001343,0.0,651.0,133,2,358,0,0,0,400,400,1
215,860,722,122,724,3,right+B,0.06566011160612106,0.2905105948448181,0.13666905462741852,0.4407132863998413,0.0664469301700592,1.351176381111145,-1.0,650.0,134,2,357,0,0,0,400,400,1
216,864,722,113,724,1,right,0.0646447241306305,0.28910937905311584,0.13535933196544647,0.44660162925720215,0.06428483128547668,1.342942714691162,0.0,650.0,135,2,357,0,0,0,400,400,1
217,868,722,94,724,0,NOOP,0.06408243626356125,0.28597554564476013,0.13538627326488495,0.45108309388160706,0.06347273290157318,1.3389041423797607,0.0,650.0,136,2,357,0,0,0,400,400,1
218,872,722,79,724,0,NOOP,0.06509233266115189,0.28509044647216797,0.14019720256328583,0.44313207268714905,0.06648795306682587,1.3519396781921387,0.0,650.0,137,2,357,0,0,0,400,400,1
219,876,722,79,724,1,right,0.06274525076150894,0.2815064787864685,0.12749703228473663,0.4673643112182617,0.06088694930076599,1.3190648555755615,0.0,650.0,138,2,357,0,0,0,400,400,1
220,880,722,79,724,1,right,0.06252867728471756,0.2794087529182434,0.1232389435172081,0.47504377365112305,0.059779874980449677,1.3096258640289307,-1.0,649.0,139,2,356,0,0,0,400,400,1
221,884,722,93,724,2,right+A,0.064094178378582,0.28158581256866455,0.12864090502262115,0.4639577865600586,0.06172134727239609,1.3249626159667969,0.0,649.0,140,2,356,0,0,0,400,400,1
222,888,722,108,724,3,right+B,0.06609022617340088,0.2858598828315735,0.13390278816223145,0.4497374892234802,0.06440957635641098,1.342773199081421,0.0,649.0,141,2,356,0,0,0,400,400,1
223,892,722,112,724,3,right+B,0.06641135364770889,0.2857316732406616,0.13773833215236664,0.44484275579452515,0.0652758926153183,1.3495734930038452,0.0,649.0,142,2,356,0,0,0,400,400,1
224,896,722,106,724,1,right,0.06579117476940155,0.2845584452152252,0.13532769680023193,0.4494094252586365,0.06491328030824661,1.3443019390106201,0.0,649.0,143,2,356,0,0,0,400,400,1
225,900,722,89,724,4,right+A+B,0.06474033743143082,0.2819417715072632,0.1316327303647995,0.4590908885002136,0.06259426474571228,1.331948161125183,-1.0,648.0,144,2,355,0,0,0,400,400,1
226,904,722,79,724,3,right+B,0.06449992954730988,0.2821302115917206,0.1303655505180359,0.46149930357933044,0.06150498613715172,1.3277933597564697,0.0,648.0,145,2,355,0,0,0,400,400,1
227,908,722,93,724,2,right+A,0.06481426954269409,0.28102990984916687,0.12895531952381134,0.4632830023765564,0.06191742420196533,1.3269034624099731,0.0,648.0,146,2,355,0,0,0,400,400,1
228,912,722,108,724,1,right,0.06517348438501358,0.28340649604797363,0.13313482701778412,0.4550569951534271,0.06322816014289856,1.3366156816482544,0.0,648.0,147,2,355,0,0,0,400,400,1
229,916,722,112,724,1,right,0.0661645159125328,0.2861016094684601,0.13746775686740875,0.44438567757606506,0.0658804178237915,1.350106954574585,0.0,648.0,148,2,355,0,0,0,400,400,1
230,920,722,106,724,3,right+B,0.06525164842605591,0.284404993057251,0.13805891573429108,0.44669830799102783,0.065586157143116,1.347733974456787,-1.0,647.0,149,2,354,0,0,0,400,400,1
231,924,722,89,724,3,right+B,0.06470779329538345,0.28180408477783203,0.1349218636751175,0.45415830612182617,0.06440798193216324,1.339446783065796,0.0,647.0,150,2,354,0,0,0,400,400,1
232,928,722,79,724,2,right+A,0.06456825137138367,0.2805962860584259,0.13024187088012695,0.4617844521999359,0.06280923634767532,1.3296270370483398,0.0,647.0,151,2,354,0,0,0,400,400,1
233,932,722,79,724,3,right+B,0.06433846056461334,0.2777884602546692,0.1270308941602707,0.469036340713501,0.061805784702301025,1.321590781211853,0.0,647.0,152,2,354,0,0,0,400,400,1
234,936,722,79,724,0,NOOP,0.06456006318330765,0.2780168056488037,0.1281527578830719,0.4669983983039856,0.06227191165089607,1.3245491981506348,0.0,647.0,153,2,354,0,0,0,400,400,1
235,940,722,79,724,1,right,0.06566715240478516,0.28073421120643616,0.13168935477733612,0.4578137695789337,0.06409547477960587,1.3362082242965698,-1.0,646.0,154,2,353,0,0,0,400,400,1
236,944,722,79,724,3,right+B,0.0662834644317627,0.2814953327178955,0.1345963329076767,0.45215293765068054,0.06547194719314575,1.344020128250122,0.0,646.0,155,2,353,0,0,0,400,400,1
237,948,722,93,724,2,right+A,0.06568336486816406,0.28057122230529785,0.13368083536624908,0.455208420753479,0.0648561418056488,1.3401098251342773,0.0,646.0,156,2,353,0,0,0,400,400,1
238,952,722,108,724,3,right+B,0.06658200174570084,0.2846115827560425,0.13873232901096344,0.44435280561447144,0.06572128087282181,1.351414680480957,0.0,646.0,157,2,353,0,0,0,400,400,1
239,956,722,112,724,3,right+B,0.06637529283761978,0.28474801778793335,0.14194543659687042,0.4408344030380249,0.06609680503606796,1.355488896369934,0.0,646.0,158,2,353,0,0,0,400,400,1
240,960,722,106,724,1,right,0.0656653642654419,0.2832067310810089,0.14242023229599,0.4424811899662018,0.06622644513845444,1.3542430400848389,-1.0,645.0,159,2,352,0,0,0,400,400,1
241,964,722,89,724,3,right+B,0.06463725119829178,0.2813534736633301,0.13870413601398468,0.45096737146377563,0.06433787196874619,1.3434841632843018,0.0,645.0,160,2,352,0,0,0,400,400,1
242,968,722,79,724,0,NOOP,0.0637853667140007,0.28004392981529236,0.13226109743118286,0.46172359585762024,0.06218605488538742,1.3291000127792358,0.0,645.0,161,2,352,0,0,0,400,400,1
243,972,722,79,724,3,right+B,0.06340485066175461,0.2776440680027008,0.12823601067066193,0.46895551681518555,0.06175960972905159,1.3211288452148438,0.0,645.0,162,2,352,0,0,0,400,400,1
244,976,722,79,724,3,right+B,0.06381966918706894,0.2779892683029175,0.12937507033348083,0.46655160188674927,0.062264420092105865,1.3246251344680786,0.0,645.0,163,2,352,0,0,0,400,400,1
245,980,722,79,724,3,right+B,0.0644875317811966,0.27921128273010254,0.13101772964000702,0.46199506521224976,0.06328839063644409,1.3307085037231445,-1.0,644.0,164,2,351,0,0,0,400,400,1
246,984,722,79,724,3,right+B,0.06525669991970062,0.2808409631252289,0.1338655948638916,0.4552803635597229,0.0647563487291336,1.3394447565078735,0.0,644.0,165,2,351,0,0,0,400,400,1
247,988,722,79,724,3,right+B,0.06544336676597595,0.2806701064109802,0.13471359014511108,0.4543761909008026,0.06479676812887192,1.3408377170562744,0.0,644.0,166,2,351,0,0,0,400,400,1
248,992,722,79,724,1,right,0.06564977765083313,0.28098157048225403,0.13584807515144348,0.45258769392967224,0.06493282318115234,1.3430230617523193,0.0,644.0,167,2,351,0,0,0,400,400,1
249,996,722,79,724,1,right,0.06525041908025742,0.2810947000980377,0.1354489028453827,0.4537241458892822,0.06448177993297577,1.3409450054168701,0.0,644.0,168,2,351,0,0,0,400,400,1
250,1000,722,79,724,3,right+B,0.06598971039056778,0.281400591135025,0.13828587532043457,0.44942381978034973,0.06490003317594528,1.3467152118682861,-1.0,643.0,169,2,350,0,0,0,400,400,1
251,1004,722,79,724,0,NOOP,0.06592147797346115,0.28144991397857666,0.13840408623218536,0.4494219422340393,0.06480259448289871,1.3465579748153687,0.0,643.0,170,2,350,0,0,0,400,400,1
252,1008,722,79,724,1,right,0.06534895300865173,0.28119078278541565,0.13687853515148163,0.45241492986679077,0.0641668289899826,1.3422857522964478,0.0,643.0,171,2,350,0,0,0,400,400,1
253,1012,722,79,724,3,right+B,0.06506811827421188,0.2820819616317749,0.13552647829055786,0.4533543586730957,0.06396914273500443,1.340153694152832,0.0,643.0,172,2,350,0,0,0,400,400,1
254,1016,722,79,724,3,right+B,0.06516896188259125,0.280666321516037,0.13469131290912628,0.4551953673362732,0.06427809596061707,1.3392635583877563,0.0,643.0,173,2,350,0,0,0,400,400,1
255,1020,722,79,724,0,NOOP,0.06516049802303314,0.28116992115974426,0.13426031172275543,0.45480474829673767,0.06460458785295486,1.3396027088165283,-1.0,642.0,174,2,349,0,0,0,400,400,1
256,1024,722,79,724,3,right+B,0.06514313817024231,0.28105628490448,0.13407811522483826,0.45495596528053284,0.06476655602455139,1.3396077156066895,0.0,642.0,175,2,349,0,0,0,400,400,1
257,1028,722,79,724,3,right+B,0.06450832635164261,0.279946893453598,0.1327088475227356,0.4584556221961975,0.06438039988279343,1.3353869915008545,0.0,642.0,176,2,349,0,0,0,400,400,1
258,1032,722,79,724,3,right+B,0.06429918110370636,0.2804904580116272,0.13157162070274353,0.4595302641391754,0.06410850584506989,1.3332937955856323,0.0,642.0,177,2,349,0,0,0,400,400,1
259,1036,722,79,724,3,right+B,0.06502484530210495,0.2809857726097107,0.13280591368675232,0.45619577169418335,0.06498764455318451,1.338212013244629,0.0,642.0,178,2,349,0,0,0,400,400,1
260,1040,722,79,724,3,right+B,0.06536973267793655,0.28147393465042114,0.13429491221904755,0.4533469080924988,0.06551455706357956,1.3419644832611084,-1.0,641.0,179,2,348,0,0,0,400,400,1
261,1044,722,93,724,4,right+A+B,0.06500598788261414,0.2804413437843323,0.13401052355766296,0.45531535148620605,0.06522680819034576,1.3398569822311401,0.0,641.0,180,2,348,0,0,0,400,400,1
262,1048,722,108,724,3,right+B,0.06568305939435959,0.2838085889816284,0.13651591539382935,0.4484198987483978,0.06557253003120422,1.346442461013794,0.0,641.0,181,2,348,0,0,0,400,400,1
263,1052,722,112,724,1,right,0.0658148005604744,0.28302767872810364,0.13891085982322693,0.44592949748039246,0.06631726771593094,1.3505851030349731,0.0,641.0,182,2,348,0,0,0,400,400,1
264,1056,722,106,724,3,right+B,0.06525549292564392,0.28312793374061584,0.1409703642129898,0.444272518157959,0.06637362390756607,1.3520493507385254,0.0,641.0,183,2,348,0,0,0,400,400,1
265,1060,722,89,724,4,right+A+B,0.06463098526000977,0.28136706352233887,0.13629265129566193,0.4533655345439911,0.06434372812509537,1.3406188488006592,-1.0,640.0,184,2,347,0,0,0,400,400,1
266,1064,722,79,724,1,right,0.06405138224363327,0.27964624762535095,0.1302994340658188,0.4634058177471161,0.06259714812040329,1.3277795314788818,0.0,640.0,185,2,347,0,0,0,400,400,1
267,1068,722,93,724,4,right+A+B,0.06388944387435913,0.2770965099334717,0.12611129879951477,0.47079163789749146,0.06211113929748535,1.319744348526001,0.0,640.0,186,2,347,0,0,0,400,400,1
268,1072,722,108,724,0,NOOP,0.06471804529428482,0.28031739592552185,0.13011819124221802,0.46111226081848145,0.06373411417007446,1.3314635753631592,0.0,640.0,187,2,347,0,0,0,400,400,1
269,1076,722,112,724,3,right+B,0.06501206010580063,0.2817748188972473,0.1337287873029709,0.4542326033115387,0.06525170058012009,1.3402140140533447,0.0,640.0,188,2,347,0,0,0,400,400,1
270,1080,722,106,724,0,NOOP,0.06550336629152298,0.28330883383750916,0.1362077295780182,0.44912979006767273,0.06585030257701874,1.3460339307785034,-1.0,639.0,189,2,346,0,0,0,400,400,1
271,1084,722,89,724,3,right+B,0.06446263939142227,0.2821430265903473,0.13221290707588196,0.457261323928833,0.06392008066177368,1.3348493576049805,0.0,639.0,190,2,346,0,0,0,400,400,1
272,1088,722,79,724,2,right+A,0.0648457482457161,0.2836253046989441,0.1310148984193802,0.4566099941730499,0.06390409916639328,1.3347867727279663,0.0,639.0,191,2,346,0,0,0,400,400,1
273,1092,722,79,724,3,right+B,0.06511864811182022,0.2817525565624237,0.12842018902301788,0.4616318643093109,0.06307680159807205,1.3294956684112549,0.0,639.0,192,2,346,0,0,0,400,400,1
274,1096,722,93,724,4,right+A+B,0.06503203511238098,0.28145983815193176,0.12965305149555206,0.46137380599975586,0.062481336295604706,1.3295648097991943,0.0,639.0,193,2,346,0,0,0,400,400,1
275,1100,722,108,724,1,right,0.06589928269386292,0.28525516390800476,0.13332554697990417,0.45168712735176086,0.0638328418135643,1.340303897857666,-1.0,638.0,194,2,345,0,0,0,400,400,1
276,1104,722,112,724,1,right,0.0651552602648735,0.28454911708831787,0.13173696398735046,0.45510074496269226,0.06345798075199127,1.3358466625213623,0.0,638.0,195,2,345,0,0,0,400,400,1
277,1108,722,106,724,3,right+B,0.06524700671434402,0.2870617210865021,0.13613422214984894,0.44672057032585144,0.06483656167984009,1.3451961278915405,0.0,638.0,196,2,345,0,0,0,400,400,1
278,1112,722,89,724,3,right+B,0.06340569257736206,0.2828725278377533,0.1319907158613205,0.4595481753349304,0.062182966619729996,1.3293980360031128,0.0,638.0,197,2,345,0,0,0,400,400,1
279,1116,722,79,724,2,right+A,0.06270047277212143,0.2811660170555115,0.1280076503753662,0.4679950475692749,0.06013086438179016,1.317918300628662,0.0,638.0,198,2,345,0,0,0,400,400,1
280,1120,722,79,724,0,NOOP,0.06263718008995056,0.2802529036998749,0.12379921972751617,0.47309327125549316,0.06021741032600403,1.311948537826538,-1.0,637.0,199,2,344,0,0,0,400,400,1
281,1124,722,93,724,2,right+A,0.06283870339393616,0.2812284827232361,0.12674234807491302,0.46734026074409485,0.06185024604201317,1.3200846910476685,0.0,637.0,200,2,344,0,0,0,400,400,1
282,1128,722,108,724,3,right+B,0.066090889275074,0.28804001212120056,0.13440318405628204,0.44586753845214844,0.06559835374355316,1.346642017364502,0.0,637.0,201,2,344,0,0,0,400,400,1
283,1132,722,112,724,3,right+B,0.06423598527908325,0.2865363359451294,0.13240273296833038,0.45340272784233093,0.06342216581106186,1.3357298374176025,0.0,637.0,202,2,344,0,0,0,400,400,1
284,1136,722,106,724,3,right+B,0.06477803736925125,0.2872820496559143,0.13879799842834473,0.44348689913749695,0.06565500795841217,1.34909188747406,0.0,637.0,203,2,344,0,0,0,400,400,1
285,1140,722,89,724,1,right,0.06421808898448944,0.28541162610054016,0.13831289112567902,0.44757795333862305,0.06447938829660416,1.3443546295166016,-1.0,636.0,204,2,343,0,0,0,400,400,1
286,1144,722,79,724,2,right+A,0.06494183093309402,0.28897756338119507,0.1417170763015747,0.44021016359329224,0.06415333598852158,1.350600242614746,0.0,636.0,205,2,343,0,0,0,400,400,1
287,1148,722,79,724,3,right+B,0.0642610564827919,0.2841275632381439,0.13409708440303802,0.45487064123153687,0.06264366954565048,1.3351994752883911,0.0,636.0,206,2,343,0,0,0,400,400,1
288,1152,722,79,724,3,right+B,0.062135305255651474,0.2783682346343994,0.12715132534503937,0.47363606095314026,0.0587090365588665,1.3112590312957764,0.0,636.0,207,2,343,0,0,0,400,400,1
289,1156,722,79,724,1,right,0.0644395649433136,0.2826245427131653,0.1329430192708969,0.4583650231361389,0.06162789463996887,1.3313871622085571,0.0,636.0,208,2,343,0,0,0,400,400,1
290,1160,722,79,724,3,right+B,0.06488782167434692,0.28302285075187683,0.13220417499542236,0.45636194944381714,0.06352321803569794,1.3353105783462524,-1.0,635.0,209,2,342,0,0,0,400,400,1
291,1164,722,93,724,4,right+A+B,0.06471585482358932,0.28432196378707886,0.13277415931224823,0.4541406035423279,0.0640474408864975,1.3373236656188965,0.0,635.0,210,2,342,0,0,0,400,400,1
292,1168,722,108,724,3,right+B,0.06671830266714096,0.29079073667526245,0.14336200058460236,0.43119433522224426,0.06793466210365295,1.3636690378189087,0.0,635.0,211,2,342,0,0,0,400,400,1
293,1172,722,112,724,0,NOOP,0.06671953946352005,0.28745347261428833,0.1468697041273117,0.42970383167266846,0.06925338506698608,1.3685789108276367,0.0,635.0,212,2,342,0,0,0,400,400,1
294,1176,722,106,724,3,right+B,0.06511639058589935,0.2872295379638672,0.14518269896507263,0.4351353049278259,0.0673360675573349,1.3601019382476807,0.0,635.0,213,2,342,0,0,0,400,400,1
295,1180,722,89,724,1,right,0.06526829302310944,0.2878733277320862,0.1504247933626175,0.42856115102767944,0.06787241250276566,1.3672664165496826,-1.0,634.0,214,2,341,0,0,0,400,400,1
296,1184,722,79,724,4,right+A+B,0.06614633649587631,0.28765052556991577,0.14737503230571747,0.43035244941711426,0.06847570836544037,1.3667054176330566,0.0,634.0,215,2,341,0,0,0,400,400,1
297,1188,722,79,724,3,right+B,0.06442618370056152,0.2810903787612915,0.13847510516643524,0.45143428444862366,0.0645739808678627,1.3431382179260254,0.0,634.0,216,2,341,0,0,0,400,400,1
298,1192,722,79,724,3,right+B,0.06542403250932693,0.2817821204662323,0.1402531862258911,0.44795334339141846,0.06458735466003418,1.3475027084350586,0.0,634.0,217,2,341,0,0,0,400,400,1
299,1196,722,79,724,3,right+B,0.06628652662038803,0.2839595377445221,0.14262241125106812,0.4407263994216919,0.06640516221523285,1.3563249111175537,0.0,634.0,218,2,341,0,0,0,400,400,1
300,1200,722,79,724,1,right,0.06615881621837616,0.2840363681316376,0.1450570523738861,0.43701016902923584,0.06773766875267029,1.3613356351852417,-1.0,633.0,219,2,340,0,0,0,400,400,1
301,1204,722,79,724,3,right+B,0.066105917096138,0.2850722074508667,0.1430700123310089,0.4383408725261688,0.06741097569465637,1.3588632345199585,0.0,633.0,220,2,340,0,0,0,400,400,1
302,1208,722,79,724,3,right+B,0.06601473689079285,0.28461748361587524,0.1411672681570053,0.4406508207321167,0.06754971295595169,1.356605052947998,0.0,633.0,221,2,340,0,0,0,400,400,1
303,1212,722,79,724,3,right+B,0.0656404048204422,0.28156042098999023,0.13791318237781525,0.44818994402885437,0.06669607013463974,1.3491284847259521,0.0,633.0,222,2,340,0,0,0,400,400,1
304,1216,722,79,724,3,right+B,0.06563413888216019,0.28587615489959717,0.1402365118265152,0.4413042664527893,0.06694898754358292,1.3542368412017822,0.0,633.0,223,2,340,0,0,0,400,400,1
305,1220,722,79,724,3,right+B,0.06510842591524124,0.285505086183548,0.1376613974571228,0.4465157687664032,0.0652092769742012,1.3467612266540527,-1.0,632.0,224,2,339,0,0,0,400,400,1
306,1224,722,79,724,1,right,0.06434115767478943,0.28385889530181885,0.13421139121055603,0.4538106918334961,0.0637778639793396,1.3376063108444214,0.0,632.0,225,2,339,0,0,0,400,400,1
307,1228,722,79,724,3,right+B,0.06587200611829758,0.28549718856811523,0.13935768604278564,0.4436269700527191,0.06564625352621078,1.3510388135910034,0.0,632.0,226,2,339,0,0,0,400,400,1
308,1232,722,79,724,3,right+B,0.06674973666667938,0.2873375415802002,0.14132259786128998,0.4387713074684143,0.06581882387399673,1.356076717376709,0.0,632.0,227,2,339,0,0,0,400,400,1
309,1236,722,79,724,3,right+B,0.06557884812355042,0.2866438627243042,0.13532108068466187,0.44817060232162476,0.06428557634353638,1.343611717224121,0.0,632.0,228,2,339,0,0,0,400,400,1
310,1240,722,79,724,3,right+B,0.06528507173061371,0.2851097285747528,0.13795678317546844,0.44847360253334045,0.06317482888698578,1.3433208465576172,-1.0,631.0,229,2,338,0,0,0,400,400,1
311,1244,722,79,724,0,NOOP,0.06617870926856995,0.28555673360824585,0.13961292803287506,0.4444628953933716,0.06418874859809875,1.3491426706314087,0.0,631.0,230,2,338,0,0,0,400,400,1
312,1248,722,93,724,4,right+A+B,0.06506755948066711,0.28265509009361267,0.13233357667922974,0.45767906308174133,0.06226474046707153,1.3331493139266968,0.0,631.0,231,2,338,0,0,0,400,400,1
313,1252,722,108,724,1,right,0.065155528485775,0.28636273741722107,0.13276389241218567,0.4529626965522766,0.06275521963834763,1.336568832397461,0.0,631.0,232,2,338,0,0,0,400,400,1
314,1256,722,112,724,2,right+A,0.0654420256614685,0.28836607933044434,0.13517546653747559,0.44595035910606384,0.06506609171628952,1.3454442024230957,0.0,631.0,233,2,338,0,0,0,400,400,1
315,1260,722,106,724,3,right+B,0.06457410007715225,0.2876170873641968,0.13513533771038055,0.4480423927307129,0.0646311491727829,1.3425538539886475,-1.0,630.0,234,2,337,0,0,0,400,400,1
316,1264,722,89,724,1,right,0.06415574252605438,0.285335898399353,0.1358424872159958,0.45142000913619995,0.06324581056833267,1.3388577699661255,0.0,630.0,235,2,337,0,0,0,400,400,1
317,1268,722,79,724,1,right,0.0639198049902916,0.28352630138397217,0.13345065712928772,0.45667707920074463,0.06242617219686508,1.3330206871032715,0.0,630.0,236,2,337,0,0,0,400,400,1
318,1272,722,79,724,1,right,0.06373517960309982,0.2814815938472748,0.13023272156715393,0.4632153809070587,0.06133514270186424,1.3254501819610596,0.0,630.0,237,2,337,0,0,0,400,400,1
319,1276,722,79,724,3,right+B,0.06149726361036301,0.27767273783683777,0.12161661684513092,0.4811999201774597,0.058013491332530975,1.3006718158721924,0.0,630.0,238,2,337,0,0,0,400,400,1
320,1280,722,79,724,1,right,0.06372144818305969,0.2825564444065094,0.1278255432844162,0.4648376405239105,0.061058882623910904,1.322317361831665,-1.0,629.0,239,2,336,0,0,0,400,400,1
321,1284,722,93,724,2,right+A,0.06559250503778458,0.2842162847518921,0.13332006335258484,0.45347723364830017,0.06339386850595474,1.338362455368042,0.0,629.0,240,2,336,0,0,0,400,400,1
322,1288,722,108,724,1,right,0.06713151931762695,0.286564439535141,0.13899250328540802,0.4420826733112335,0.06522884964942932,1.3526725769042969,0.0,629.0,241,2,336,0,0,0,400,400,1
323,1292,722,112,724,3,right+B,0.06636335700750351,0.286117821931839,0.13739514350891113,0.44567495584487915,0.064448781311512,1.3476569652557373,0.0,629.0,242,2,336,0,0,0,400,400,1
324,1296,722,106,724,2,right+A,0.06551547348499298,0.2841319143772125,0.1349804401397705,0.45190608501434326,0.06346616894006729,1.3403360843658447,0.0,629.0,243,2,336,0,0,0,400,400,1
325,1300,722,89,724,3,right+B,0.06476666778326035,0.28281480073928833,0.13303479552268982,0.4570368528366089,0.062346890568733215,1.3336702585220337,-1.0,628.0,244,2,335,0,0,0,400,400,1
326,1304,722,79,724,1,right,0.06457661837339401,0.28276416659355164,0.13030974566936493,0.4604198634624481,0.061929620802402496,1.3290379047393799,0.0,628.0,245,2,335,0,0,0,400,400,1
327,1308,722,79,724,0,NOOP,0.0644715428352356,0.280448317527771,0.12724502384662628,0.4659360945224762,0.06189907714724541,1.3236939907073975,0.0,628.0,246,2,335,0,0,0,400,400,1
328,1312,722,79,724,3,right+B,0.06513061374425888,0.2818855047225952,0.12983980774879456,0.459686279296875,0.06345777958631516,1.332146167755127,0.0,628.0,247,2,335,0,0,0,400,400,1
329,1316,722,79,724,3,right+B,0.06551334261894226,0.2824596166610718,0.13103534281253815,0.45720374584198,0.06378798186779022,1.3353257179260254,0.0,628.0,248,2,335,0,0,0,400,400,1
330,1320,722,79,724,3,right+B,0.06550418585538864,0.28146225214004517,0.1307280957698822,0.4585433304309845,0.06376221776008606,1.3343888521194458,-1.0,627.0,249,2,334,0,0,0,400,400,1
331,1324,722,79,724,0,NOOP,0.06600267440080643,0.2822829484939575,0.1320773810148239,0.45476284623146057,0.06487420201301575,1.3396110534667969,0.0,627.0,250,2,334,0,0,0,400,400,1
332,1328,722,79,724,1,right,0.06646329909563065,0.28261232376098633,0.1343756765127182,0.45138487219810486,0.06516383588314056,1.3440278768539429,0.0,627.0,251,2,334,0,0,0,400,400,1
333,1332,722,79,724,3,right+B,0.06648081541061401,0.2812449336051941,0.1345006227493286,0.4528346657752991,0.06493906676769257,1.343131422996521,0.0,627.0,252,2,334,0,0,0,400,400,1
334,1336,722,79,724,1,right,0.06653653085231781,0.2816990613937378,0.13512830436229706,0.45196330547332764,0.06467276811599731,1.3436963558197021,0.0,627.0,253,2,334,0,0,0,400,400,1
335,1340,722,79,724,1,right,0.06683624535799026,0.28256887197494507,0.1373387575149536,0.4477645456790924,0.06549152731895447,1.3488975763320923,-1.0,626.0,254,2,333,0,0,0,400,400,1
336,1344,722,79,724,3,right+B,0.06593259423971176,0.2811061143875122,0.1355372816324234,0.45299628376960754,0.06442774087190628,1.3422706127166748,0.0,626.0,255,2,333,0,0,0,400,400,1
337,1348,722,79,724,1,right,0.06549178063869476,0.2820250689983368,0.13464534282684326,0.453696608543396,0.06414122879505157,1.3402172327041626,0.0,626.0,256,2,333,0,0,0,400,400,1
338,1352,722,79,724,3,right+B,0.06504373997449875,0.2825055718421936,0.13362619280815125,0.4548928439617157,0.06393160670995712,1.3379226922988892,0.0,626.0,257,2,333,0,0,0,400,400,1
339,1356,722,79,724,1,right,0.06527052074670792,0.28119155764579773,0.13403519988059998,0.4551428258419037,0.06435992568731308,1.339073896408081,0.0,626.0,258,2,333,0,0,0,400,400,1
340,1360,722,79,724,0,NOOP,0.06537919491529465,0.2808036506175995,0.1337721347808838,0.4553930163383484,0.06465201079845428,1.3393465280532837,-1.0,625.0,259,2,332,0,0,0,400,400,1
341,1364,722,79,724,3,right+B,0.06485337764024734,0.2801194489002228,0.13261820375919342,0.4584285616874695,0.06398038566112518,1.3352487087249756,0.0,625.0,260,2,332,0,0,0,400,400,1
342,1368,722,93,724,2,right+A,0.06455125659704208,0.28047558665275574,0.13204419612884521,0.4593737721443176,0.0635552704334259,1.3332797288894653,0.0,625.0,261,2,332,0,0,0,400,400,1
343,1372,722,108,724,3,right+B,0.06552403420209885,0.28240740299224854,0.13572534918785095,0.4514431357383728,0.06490014493465424,1.3432435989379883,0.0,625.0,262,2,332,0,0,0,400,400,1
344,1376,722,112,724,3,right+B,0.06556528061628342,0.2827414572238922,0.13836407661437988,0.4473940432071686,0.06593512743711472,1.3486065864562988,0.0,625.0,263,2,332,0,0,0,400,400,1
345,1380,722,106,724,3,right+B,0.0654137060046196,0.28245383501052856,0.140876904129982,0.4448430836200714,0.06641246378421783,1.352014422416687,-1.0,624.0,264,2,331,0,0,0,400,400,1
346,1384,722,89,724,3,right+B,0.06499046832323074,0.2806609570980072,0.13979385793209076,0.4500111937522888,0.0645434632897377,1.345521092414856,0.0,624.0,265,2,331,0,0,0,400,400,1
347,1388,722,79,724,3,right+B,0.06482420861721039,0.28100723028182983,0.13569986820220947,0.45578351616859436,0.06268522143363953,1.3368430137634277,0.0,624.0,266,2,331,0,0,0,400,400,1
348,1392,722,79,724,1,right,0.06426611542701721,0.27818676829338074,0.13153260946273804,0.46448302268981934,0.06153147667646408,1.326878309249878,0.0,624.0,267,2,331,0,0,0,400,400,1
349,1396,722,79,724,1,right,0.06461619585752487,0.27963361144065857,0.13301855325698853,0.4605698883533478,0.06216171011328697,1.3314284086227417,0.0,624.0,268,2,331,0,0,0,400,400,1
350,1400,722,79,724,3,right+B,0.06528568267822266,0.281142920255661,0.13487811386585236,0.4550400972366333,0.06365317851305008,1.3387213945388794,-1.0,623.0,269,2,330,0,0,0,400,400,1
351,1404,722,79,724,3,right+B,0.06539105623960495,0.2809300720691681,0.1351076364517212,0.4541670083999634,0.0644042044878006,1.340574026107788,0.0,623.0,270,2,330,0,0,0,400,400,1
352,1408,722,79,724,3,right+B,0.06529391556978226,0.28083181381225586,0.13443608582019806,0.4551680088043213,0.06427017599344254,1.3392597436904907,0.0,623.0,271,2,330,0,0,0,400,400,1
353,1412,722,79,724,1,right,0.06467856466770172,0.2807588279247284,0.1324266940355301,0.45845040678977966,0.0636855885386467,1.334402084350586,0.0,623.0,272,2,330,0,0,0,400,400,1
354,1416,722,79,724,0,NOOP,0.0650499165058136,0.2804155647754669,0.13343295454978943,0.45691072940826416,0.0641908198595047,1.33719801902771,0.0,623.0,273,2,330,0,0,0,400,400,1
355,1420,722,93,724,2,right+A,0.06506171822547913,0.2805258631706238,0.13292625546455383,0.45734313130378723,0.06414300948381424,1.336556315422058,-1.0,622.0,274,2,329,0,0,0,400,400,1
356,1424,722,108,724,3,right+B,0.06572192162275314,0.2828940153121948,0.13649676740169525,0.44956934452056885,0.06531800329685211,1.3455833196640015,0.0,622.0,275,2,329,0,0,0,400,400,1
357,1428,722,112,724,1,right,0.06517358124256134,0.28176283836364746,0.13705603778362274,0.45055970549583435,0.06544782221317291,1.3449151515960693,0.0,622.0,276,2,329,0,0,0,400,400,1
358,1432,722,106,724,1,right,0.06569208949804306,0.2832811176776886,0.14175014197826385,0.4425852298736572,0.06669147312641144,1.3544477224349976,0.0,622.0,277,2,329,0,0,0,400,400,1
359,1436,722,89,724,4,right+A+B,0.06510712206363678,0.2818309962749481,0.1389322131872177,0.4496116042137146,0.0645180344581604,1.3452372550964355,0.0,622.0,278,2,329,0,0,0,400,400,1
360,1440,722,79,724,2,right+A,0.06388609111309052,0.2799922227859497,0.13214516639709473,0.4620074927806854,0.06196906045079231,1.3286930322647095,-1.0,621.0,279,2,328,0,0,0,400,400,1
361,1444,722,79,724,1,right,0.06410655379295349,0.2792437970638275,0.1288130134344101,0.46596759557724,0.06186896935105324,1.3243217468261719,0.0,621.0,280,2,328,0,0,0,400,400,1
362,1448,722,79,724,1,right,0.0639847069978714,0.2786838114261627,0.1285451054573059,0.46683523058891296,0.0619511604309082,1.3236130475997925,0.0,621.0,281,2,328,0,0,0,400,400,1
363,1452,722,79,724,1,right,0.06476206332445145,0.2806006073951721,0.13087059557437897,0.46027013659477234,0.0634966716170311,1.332169532775879,0.0,621.0,282,2,328,0,0,0,400,400,1
364,1456,722,93,724,2,right+A,0.06571634113788605,0.28146040439605713,0.13160495460033417,0.45693278312683105,0.06428550183773041,1.3369252681732178,0.0,621.0,283,2,328,0,0,0,400,400,1
365,1460,722,108,724,1,right,0.06568711996078491,0.28230559825897217,0.13252417743206024,0.45483413338661194,0.06464886665344238,1.339124321937561,-1.0,620.0,284,2,327,0,0,0,400,400,1
366,1464,722,112,724,1,right,0.06501233577728271,0.28126606345176697,0.1334255337715149,0.45548301935195923,0.06481306254863739,1.3387458324432373,0.0,620.0,285,2,327,0,0,0,400,400,1
367,1468,722,106,724,3,right+B,0.06540600955486298,0.28212955594062805,0.1362026482820511,0.4502440094947815,0.06601773947477341,1.3456146717071533,0.0,620.0,286,2,327,0,0,0,400,400,1
368,1472,722,89,724,3,right+B,0.06495440006256104,0.2817118763923645,0.13635635375976562,0.4521891474723816,0.06478819996118546,1.3423534631729126,0.0,620.0,287,2,327,0,0,0,400,400,1
369,1476,722,79,724,3,right+B,0.06443040817975998,0.28079041838645935,0.13122200965881348,0.4609186053276062,0.06263860315084457,1.3303477764129639,0.0,620.0,288,2,327,0,0,0,400,400,1
370,1480,722,79,724,1,right,0.06492332369089127,0.2804805040359497,0.12915171682834625,0.46353214979171753,0.06191229820251465,1.3270832300186157,-1.0,619.0,289,2,326,0,0,0,400,400,1
371,1484,722,79,724,1,right,0.0659608393907547,0.2830972671508789,0.13208574056625366,0.45553258061408997,0.06332358717918396,1.3368890285491943,0.0,619.0,290,2,326,0,0,0,400,400,1
372,1488,722,79,724,1,right,0.0662098303437233,0.2843853235244751,0.13275255262851715,0.45319896936416626,0.0634533241391182,1.3390529155731201,0.0,619.0,291,2,326,0,0,0,400,400,1
373,1492,722,79,724,3,right+B,0.06613413244485855,0.28506284952163696,0.13343274593353271,0.45139139890670776,0.0639788806438446,1.34108304977417,0.0,619.0,292,2,326,0,0,0,400,400,1
374,1496,722,79,724,1,right,0.06506139785051346,0.2820567488670349,0.13001053035259247,0.4598309099674225,0.06304041296243668,1.3314825296401978,0.0,619.0,293,2,326,0,0,0,400,400,1
375,1500,722,93,724,4,right+A+B,0.06436151266098022,0.28268083930015564,0.12671983242034912,0.4642277657985687,0.062010057270526886,1.3241387605667114,-1.0,618.0,294,2,325,0,0,0,400,400,1
376,1504,722,108,724,3,right+B,0.06563258916139603,0.28532493114471436,0.13099996745586395,0.45472291111946106,0.06331963837146759,1.3359475135803223,0.0,618.0,295,2,325,0,0,0,400,400,1
377,1508,722,112,724,2,right+A,0.06403250992298126,0.2823920249938965,0.1309373378753662,0.46031108498573303,0.062327105551958084,1.3293719291687012,0.0,618.0,296,2,325,0,0,0,400,400,1
378,1512,722,106,724,3,right+B,0.06404023617506027,0.2841351330280304,0.13213984668254852,0.45699483156204224,0.0626899003982544,1.3324520587921143,0.0,618.0,297,2,325,0,0,0,400,400,1
379,1516,722,89,724,2,right+A,0.06345204263925552,0.2834550738334656,0.1303892284631729,0.46144258975982666,0.06126109138131142,1.3259096145629883,0.0,618.0,298,2,325,0,0,0,400,400,1
380,1520,722,79,724,3,right+B,0.06329198181629181,0.28324607014656067,0.12923872470855713,0.4623863101005554,0.0618368424475193,1.325189232826233,-1.0,617.0,299,2,324,0,0,0,400,400,1
381,1524,722,79,724,3,right+B,0.06385986506938934,0.2830251157283783,0.12729482352733612,0.4638790488243103,0.06194108724594116,1.3239225149154663,0.0,617.0,300,2,324,0,0,0,400,400,1
382,1528,722,79,724,3,right+B,0.06469552963972092,0.28382545709609985,0.13036082684993744,0.4590514600276947,0.06206673011183739,1.3301241397857666,0.0,617.0,301,2,324,0,0,0,400,400,1
383,1532,722,93,724,2,right+A,0.06516685336828232,0.28587475419044495,0.13414481282234192,0.452492892742157,0.06232072785496712,1.3371936082839966,0.0,617.0,302,2,324,0,0,0,400,400,1
384,1536,722,108,724,3,right+B,0.06637179851531982,0.28962820768356323,0.14239053428173065,0.4359610974788666,0.06564845889806747,1.357197880744934,0.0,617.0,303,2,324,0,0,0,400,400,1
385,1540,722,112,724,1,right,0.06645257771015167,0.29043450951576233,0.14757056534290314,0.4280267059803009,0.0675155520439148,1.3668174743652344,-1.0,616.0,304,2,323,0,0,0,400,400,1
386,1544,722,106,724,1,right,0.06533078849315643,0.288583368062973,0.14208897948265076,0.43799299001693726,0.06600385159254074,1.3551305532455444,0.0,616.0,305,2,323,0,0,0,400,400,1
387,1548,722,89,724,1,right,0.06277935951948166,0.2809017598628998,0.1301659792661667,0.4652332067489624,0.06091969087719917,1.3223271369934082,0.0,616.0,306,2,323,0,0,0,400,400,1
388,1552,722,79,724,1,right,0.06404038518667221,0.28090977668762207,0.13056312501430511,0.46326544880867004,0.061221204698085785,1.3259577751159668,0.0,616.0,307,2,323,0,0,0,400,400,1
389,1556,722,79,724,3,right+B,0.06268106400966644,0.2782022953033447,0.12367942184209824,0.47571414709091187,0.05972316861152649,1.3097676038742065,0.0,616.0,308,2,323,0,0,0,400,400,1
390,1560,722,79,724,1,right,0.06411919742822647,0.28134554624557495,0.12889112532138824,0.46416690945625305,0.0614771693944931,1.3247196674346924,-1.0,615.0,309,2,322,0,0,0,400,400,1
391,1564,722,79,724,3,right+B,0.06600087881088257,0.28681111335754395,0.13702991604804993,0.44493433833122253,0.06522376090288162,1.3483350276947021,0.0,615.0,310,2,322,0,0,0,400,400,1
392,1568,722,79,724,1,right,0.06603832542896271,0.2865087687969208,0.13732682168483734,0.4453860819339752,0.06474005430936813,1.3476923704147339,0.0,615.0,311,2,322,0,0,0,400,400,1
393,1572,722,79,724,1,right,0.06576500833034515,0.28676068782806396,0.13889123499393463,0.44427186250686646,0.06431128084659576,1.3482829332351685,0.0,615.0,312,2,322,0,0,0,400,400,1
394,1576,722,79,724,1,right,0.06587617844343185,0.2876065969467163,0.1424952894449234,0.4389464855194092,0.06507541239261627,1.354448914527893,0.0,615.0,313,2,322,0,0,0,400,400,1
395,1580,722,79,724,1,right,0.06775100529193878,0.28846296668052673,0.15382683277130127,0.42033007740974426,0.06962914764881134,1.3787847757339478,-1.0,614.0,314,2,321,0,0,0,400,400,1
396,1584,722,79,724,1,right,0.06764853000640869,0.2877688407897949,0.15480835735797882,0.4195629358291626,0.07021134346723557,1.3803625106811523,0.0,614.0,315,2,321,0,0,0,400,400,1
397,1588,722,93,724,4,right+A+B,0.0663423016667366,0.28577131032943726,0.14694085717201233,0.43420708179473877,0.06673845648765564,1.3626102209091187,0.0,614.0,316,2,321,0,0,0,400,400,1
398,1592,722,108,724,3,right+B,0.06629873812198639,0.28586700558662415,0.14350098371505737,0.43810567259788513,0.06622765958309174,1.3578245639801025,0.0,614.0,317,2,321,0,0,0,400,400,1
399,1596,722,112,724,3,right+B,0.06583939492702484,0.2848831117153168,0.14393547177314758,0.4373929798603058,0.06794901192188263,1.3602477312088013,0.0,614.0,318,2,321,0,0,0,400,400,1
400,1600,722,106,724,3,right+B,0.06597734987735748,0.2860671281814575,0.1454949676990509,0.4338715672492981,0.0685889795422554,1.3639135360717773,-1.0,613.0,319,2,320,0,0,0,400,400,1
401,1604,722,89,724,1,right,0.06522919237613678,0.28247421979904175,0.14153727889060974,0.44453808665275574,0.0662212073802948,1.3520634174346924,0.0,613.0,320,2,320,0,0,0,400,400,1
402,1608,722,79,724,4,right+A+B,0.06498156487941742,0.28305572271347046,0.13779860734939575,0.4491020739078522,0.0650620087981224,1.3452813625335693,0.0,613.0,321,2,320,0,0,0,400,400,1
403,1612,722,79,724,1,right,0.06427468359470367,0.28236305713653564,0.13275118172168732,0.4577581286430359,0.06285304576158524,1.3331451416015625,0.0,613.0,322,2,320,0,0,0,400,400,1
404,1616,722,79,724,3,right+B,0.0646703690290451,0.28363195061683655,0.13493093848228455,0.4535503685474396,0.06321635842323303,1.3379123210906982,0.0,613.0,323,2,320,0,0,0,400,400,1
405,1620,722,79,724,3,right+B,0.06496239453554153,0.2831295132637024,0.13574688136577606,0.4530334174633026,0.06312772631645203,1.3390558958053589,-1.0,612.0,324,2,319,0,0,0,400,400,1
406,1624,722,79,724,3,right+B,0.0667259693145752,0.2858375310897827,0.14190322160720825,0.440138578414917,0.06539468467235565,1.3552415370941162,0.0,612.0,325,2,319,0,0,0,400,400,1
407,1628,722,79,724,3,right+B,0.06764722615480423,0.2891834080219269,0.14409463107585907,0.4330112934112549,0.06606350839138031,1.3620754480361938,0.0,612.0,326,2,319,0,0,0,400,400,1
408,1632,722,79,724,3,right+B,0.06429767608642578,0.2845790982246399,0.13529625535011292,0.45360323786735535,0.062223710119724274,1.3361070156097412,0.0,612.0,327,2,319,0,0,0,400,400,1
409,1636,722,79,724,1,right,0.0662517175078392,0.2873958349227905,0.14113152027130127,0.4408351182937622,0.06438581645488739,1.3522059917449951,0.0,612.0,328,2,319,0,0,0,400,400,1
410,1640,722,79,724,3,right+B,0.06530919671058655,0.2843683063983917,0.13505961000919342,0.45210030674934387,0.06316255778074265,1.3395456075668335,-1.0,611.0,329,2,318,0,0,0,400,400,1
411,1644,722,93,724,2,right+A,0.06503500044345856,0.2812810242176056,0.13022635877132416,0.4611579179763794,0.06229979172348976,1.3298454284667969,0.0,611.0,330,2,318,0,0,0,400,400,1
412,1648,722,108,724,1,right,0.06508934497833252,0.2866591513156891,0.12898410856723785,0.45650821924209595,0.06275919824838638,1.3318774700164795,0.0,611.0,331,2,318,0,0,0,400,400,1
413,1652,722,112,724,3,right+B,0.06574974954128265,0.2886953353881836,0.1342707872390747,0.4458294212818146,0.0654546469449997,1.3458410501480103,0.0,611.0,332,2,318,0,0,0,400,400,1
414,1656,722,106,724,3,right+B,0.06450009346008301,0.2871365547180176,0.13477648794651031,0.4499002695083618,0.06368669122457504,1.3399271965026855,0.0,611.0,333,2,318,0,0,0,400,400,1
415,1660,722,89,724,3,right+B,0.06450597196817398,0.2852989435195923,0.13783475756645203,0.4480457007884979,0.06431461125612259,1.3439799547195435,-1.0,610.0,334,2,317,0,0,0,400,400,1
416,1664,722,79,724,4,right+A+B,0.06469567865133286,0.28500065207481384,0.13742056488990784,0.44982460141181946,0.0630585178732872,1.3412697315216064,0.0,610.0,335,2,317,0,0,0,400,400,1
417,1668,722,79,724,3,right+B,0.06409473717212677,0.28201961517333984,0.12972231209278107,0.46247777342796326,0.06168549135327339,1.3264877796173096,0.0,610.0,336,2,317,0,0,0,400,400,1
418,1672,722,93,724,4,right+A+B,0.06270112842321396,0.28054121136665344,0.12595060467720032,0.47192880511283875,0.058878328651189804,1.3123174905776978,0.0,610.0,337,2,317,0,0,0,400,400,1
419,1676,722,108,724,3,right+B,0.06561470776796341,0.2860930562019348,0.13514700531959534,0.45058515667915344,0.06256009638309479,1.339844822883606,0.0,610.0,338,2,317,0,0,0,400,400,1
420,1680,722,112,724,2,right+A,0.06626814603805542,0.2862355411052704,0.13737629354000092,0.44576650857925415,0.06435352563858032,1.3473212718963623,-1.0,609.0,339,2,316,0,0,0,400,400,1
421,1684,722,106,724,1,right,0.06645326316356659,0.28646939992904663,0.14087916910648346,0.44089704751968384,0.06530104577541351,1.35365629196167,0.0,609.0,340,2,316,0,0,0,400,400,1
422,1688,722,89,724,1,right,0.06517797708511353,0.2827802300453186,0.13394777476787567,0.4550931453704834,0.06300096213817596,1.3368749618530273,0.0,609.0,341,2,316,0,0,0,400,400,1
423,1692,722,79,724,1,right,0.06454832851886749,0.28063517808914185,0.12857738137245178,0.46513646841049194,0.06110261753201485,1.3240493535995483,0.0,609.0,342,2,316,0,0,0,400,400,1
424,1696,722,93,724,2,right+A,0.06452963501214981,0.27976086735725403,0.12569783627986908,0.46901002526283264,0.06100166589021683,1.3196134567260742,0.0,609.0,343,2,316,0,0,0,400,400,1
425,1700,722,109,724,2,right+A,0.06545300781726837,0.28305763006210327,0.13030792772769928,0.4580290615558624,0.06315239518880844,1.3333288431167603,-1.0,608.0,344,2,315,0,0,0,400,400,1
426,1704,722,122,724,4,right+A+B,0.0661371499300003,0.2850652039051056,0.13486352562904358,0.44868361949920654,0.0652504712343216,1.345289945602417,0.0,608.0,345,2,315,0,0,0,400,400,1
427,1708,722,132,724,2,right+A,0.0666695162653923,0.2867010533809662,0.1381193846464157,0.4408078193664551,0.06770218908786774,1.355531096458435,0.0,608.0,346,2,315,0,0,0,400,400,1
428,1712,723,139,724,2,right+A,0.06500536948442459,0.2835475504398346,0.1382293403148651,0.44707706570625305,0.06614073365926743,1.3481327295303345,0.0,608.0,347,2,315,0,0,0,400,400,1
429,1716,725,143,725,1,right,0.06587231904268265,0.28119730949401855,0.13660208880901337,0.4497857093811035,0.06654250621795654,1.3475573062896729,1.0,609.0,0,2,315,0,0,0,400,400,1
430,1720,729,143,729,3,right+B,0.06639231741428375,0.27970871329307556,0.138342946767807,0.448100745677948,0.06745530664920807,1.351649522781372,3.0,612.0,0,2,314,0,0,0,400,400,1
431,1724,734,143,734,1,right,0.06595369428396225,0.2812381088733673,0.13939085602760315,0.44700878858566284,0.06640858948230743,1.3507633209228516,5.0,617.0,0,2,314,0,0,0,400,400,1
432,1728,741,143,741,3,right+B,0.061500031501054764,0.2771402895450592,0.1325964331626892,0.46493950486183167,0.06382378190755844,1.326737642288208,7.0,624.0,0,2,314,0,0,0,400,400,1
433,1732,748,143,748,0,NOOP,0.05768220126628876,0.2642810642719269,0.127464160323143,0.4864901006221771,0.06408253312110901,1.3054192066192627,7.0,631.0,0,2,314,0,0,0,400,400,1
434,1736,755,157,755,2,right+A,0.06323562562465668,0.270956814289093,0.1790652573108673,0.4027772545814514,0.08396512269973755,1.4106794595718384,7.0,638.0,0,2,314,0,0,0,400,400,1
435,1740,762,172,762,3,right+B,0.05882041156291962,0.277000367641449,0.15779024362564087,0.4416559338569641,0.0647331178188324,1.3517448902130127,6.0,644.0,0,2,313,0,0,0,400,400,1
436,1744,769,178,769,0,NOOP,0.0626513659954071,0.27612391114234924,0.18033498525619507,0.4042387008666992,0.07665110379457474,1.4008198976516724,7.0,651.0,0,2,313,0,0,0,400,400,1
437,1748,776,176,776,1,right,0.061888448894023895,0.2813488245010376,0.21092507243156433,0.3608528673648834,0.08498474955558777,1.4345710277557373,7.0,658.0,0,2,313,0,0,0,400,400,1
438,1752,783,164,783,3,right+B,0.06055295839905739,0.28275689482688904,0.2511129379272461,0.31643757224082947,0.08913960307836533,1.4535772800445557,7.0,665.0,0,2,313,0,0,0,400,400,1
439,1756,790,143,790,0,NOOP,0.06450384855270386,0.27832040190696716,0.2927515506744385,0.2681598663330078,0.09626427292823792,1.4706650972366333,7.0,672.0,0,2,313,0,0,0,400,400,1
440,1760,797,123,797,0,NOOP,0.06612761318683624,0.27034860849380493,0.2595285177230835,0.3077332675457001,0.09626200795173645,1.4713056087493896,6.0,678.0,0,2,312,0,0,0,400,400,1
441,1764,804,103,804,2,right+A,0.06562194973230362,0.2685309052467346,0.28035029768943787,0.28863081336021423,0.09686600416898727,1.4731125831604004,7.0,685.0,0,2,312,0,0,0,400,400,1
442,1768,811,83,811,1,right,0.06604154407978058,0.2846893072128296,0.2623048722743988,0.3092242479324341,0.07774009555578232,1.4496774673461914,7.0,692.0,0,2,312,0,0,0,400,400,1
443,1772,818,79,818,1,right,0.07009711861610413,0.27301767468452454,0.25011494755744934,0.3208174407482147,0.08595283329486847,1.4630203247070312,7.0,699.0,0,2,312,0,0,0,400,400,1
444,1776,825,79,825,1,right,0.07048199325799942,0.2699700593948364,0.2386765033006668,0.33563438057899475,0.08523713052272797,1.4587000608444214,7.0,706.0,0,2,312,0,0,0,400,400,1
445,1780,832,93,832,4,right+A+B,0.062408171594142914,0.2616766691207886,0.22810257971286774,0.3730204999446869,0.0747920349240303,1.4228487014770508,6.0,712.0,0,2,311,0,0,0,400,400,1
446,1784,839,108,839,1,right,0.06451044231653214,0.2631492614746094,0.2546895146369934,0.334593802690506,0.0830569863319397,1.4494638442993164,7.0,719.0,0,2,311,0,0,0,400,400,1
447,1788,846,114,846,1,right,0.06108792498707771,0.25082045793533325,0.260050505399704,0.3428193926811218,0.08522173017263412,1.4447778463363647,7.0,726.0,0,2,311,0,0,0,400,400,1
448,1792,853,112,853,2,right+A,0.06769593805074692,0.24200807511806488,0.3256128132343292,0.25676581263542175,0.10791733860969543,1.4803590774536133,7.0,733.0,0,2,311,0,0,0,400,400,1
449,1796,860,100,860,2,right+A,0.06753809005022049,0.20681573450565338,0.40358513593673706,0.17552238702774048,0.14653870463371277,1.4609756469726562,7.0,740.0,0,2,311,0,0,0,400,400,1
450,1800,867,97,867,2,right+A,0.06085702404379845,0.15878887474536896,0.4915216863155365,0.08183648437261581,0.20699596405029297,1.3425253629684448,6.0,746.0,0,2,310,0,0,0,400,400,1
451,1804,874,103,874,2,right+A,0.0659627839922905,0.1782853603363037,0.4518565833568573,0.09710418432950974,0.20679114758968353,1.3980677127838135,8.0,754.0,0,2,310,0,0,0,500,500,1
452,1808,881,101,881,2,right+A,0.06913506239652634,0.21075525879859924,0.4099924564361572,0.13968537747859955,0.17043183743953705,1.4549388885498047,7.0,761.0,0,2,310,0,0,0,500,500,1
453,1812,888,89,888,3,right+B,0.06749784201383591,0.25531986355781555,0.2783682346343994,0.2964669466018677,0.10234712064266205,1.4802427291870117,7.0,768.0,0,2,310,0,0,0,500,500,1
454,1816,895,100,895,2,right+A,0.05878033488988876,0.267870157957077,0.22695621848106384,0.37147167325019836,0.07492166012525558,1.4180161952972412,7.0,775.0,0,2,310,0,0,0,500,500,1
455,1820,898,102,898,1,right,0.05918683111667633,0.275028795003891,0.1700478196144104,0.4305935502052307,0.06514293700456619,1.3643534183502197,4.0,779.0,0,2,309,0,0,0,700,700,1
456,1824,898,96,898,4,right+A+B,0.05331017076969147,0.2608796954154968,0.14030246436595917,0.49451690912246704,0.05099078640341759,1.2823563814163208,0.0,779.0,1,2,309,0,0,0,700,700,1
457,1828,898,80,898,3,right+B,0.056765250861644745,0.260799378156662,0.14554664492607117,0.48272624611854553,0.05416249856352806,1.3033685684204102,0.0,779.0,2,2,309,0,0,0,700,700,1
458,1832,898,93,898,2,right+A,0.06758636981248856,0.2775322198867798,0.16798332333564758,0.42430439591407776,0.0625937357544899,1.3747217655181885,0.0,779.0,3,2,309,0,0,0,700,700,1
459,1836,898,108,898,1,right,0.0700262188911438,0.27975544333457947,0.19168494641780853,0.3904465436935425,0.06808682531118393,1.4093483686447144,0.0,779.0,4,2,309,0,0,0,700,700,1
460,1840,898,112,898,3,right+B,0.071280337870121,0.282717227935791,0.20097488164901733,0.37735846638679504,0.06766905635595322,1.4178988933563232,-1.0,778.0,5,2,308,0,0,0,700,700,1
461,1844,898,106,898,2,right+A,0.07031653076410294,0.2818179726600647,0.19546526670455933,0.38558754324913025,0.06681273877620697,1.4109115600585938,0.0,778.0,6,2,308,0,0,0,700,700,1
462,1848,898,89,898,3,right+B,0.0689254179596901,0.2825527489185333,0.19407689571380615,0.3874063193798065,0.0670386478304863,1.408202886581421,0.0,778.0,7,2,308,0,0,0,700,700,1
463,1852,898,79,898,1,right,0.06861138343811035,0.2802219092845917,0.17870882153511047,0.41041502356529236,0.062042903155088425,1.3860421180725098,0.0,778.0,8,2,308,0,0,0,700,700,1
464,1856,898,79,898,0,NOOP,0.06814045459032059,0.27779021859169006,0.17535629868507385,0.4173268675804138,0.06138615682721138,1.3801383972167969,0.0,778.0,9,2,308,0,0,0,700,700,1
465,1860,898,79,898,3,right+B,0.06839035451412201,0.2793574035167694,0.18002799153327942,0.4104286730289459,0.06179556995630264,1.3859394788742065,-1.0,777.0,10,2,307,0,0,0,700,700,1
466,1864,898,79,898,3,right+B,0.06850767135620117,0.27927666902542114,0.1814122051000595,0.4081082046031952,0.06269519031047821,1.3889440298080444,0.0,777.0,11,2,307,0,0,0,700,700,1
467,1868,898,79,898,3,right+B,0.06865235418081284,0.2793448269367218,0.1810716688632965,0.40948686003685,0.061444241553545,1.3865934610366821,0.0,777.0,12,2,307,0,0,0,700,700,1
468,1872,898,79,898,3,right+B,0.0684000551700592,0.27897316217422485,0.18190115690231323,0.4087618887424469,0.0619637705385685,1.3876574039459229,0.0,777.0,13,2,307,0,0,0,700,700,1
469,1876,898,93,898,4,right+A+B,0.0681176409125328,0.2791249454021454,0.18127943575382233,0.40937530994415283,0.062102656811475754,1.3869670629501343,0.0,777.0,14,2,307,0,0,0,700,700,1
470,1880,898,108,898,1,right,0.06831402331590652,0.2796385586261749,0.18293596804141998,0.4064277112483978,0.06268379092216492,1.389939546585083,-1.0,776.0,15,2,306,0,0,0,700,700,1
471,1884,898,112,898,4,right+A+B,0.06862115859985352,0.2800520956516266,0.18550273776054382,0.4023067057132721,0.06351727247238159,1.3942034244537354,0.0,776.0,16,2,306,0,0,0,700,700,1
472,1888,898,106,898,0,NOOP,0.06923229247331619,0.2786075472831726,0.18750381469726562,0.40063226222991943,0.06402409076690674,1.3972231149673462,0.0,776.0,17,2,306,0,0,0,700,700,1
473,1892,898,89,898,1,right,0.06901499629020691,0.2801581621170044,0.18702761828899384,0.399870902299881,0.06392825394868851,1.3968613147735596,0.0,776.0,18,2,306,0,0,0,700,700,1
474,1896,898,79,898,3,right+B,0.06881201267242432,0.2804146409034729,0.1794973462820053,0.4092938303947449,0.06198214367032051,1.3870116472244263,0.0,776.0,19,2,306,0,0,0,700,700,1
475,1900,898,79,898,3,right+B,0.0680273100733757,0.2774232029914856,0.17409348487854004,0.41979318857192993,0.060662850737571716,1.3772865533828735,-1.0,775.0,20,2,305,0,0,0,700,700,1
476,1904,898,79,898,3,right+B,0.06856545060873032,0.279264360666275,0.1782473623752594,0.4130376875400543,0.060885123908519745,1.3830020427703857,0.0,775.0,21,2,305,0,0,0,700,700,1
477,1908,898,79,898,1,right,0.06840154528617859,0.27862945199012756,0.17939317226409912,0.41122013330459595,0.062355734407901764,1.3862113952636719,0.0,775.0,22,2,305,0,0,0,700,700,1
478,1912,898,93,898,2,right+A,0.06853754073381424,0.2788478434085846,0.1827349215745926,0.4076758325099945,0.06220383197069168,1.388979196548462,0.0,775.0,23,2,305,0,0,0,700,700,1
479,1916,898,108,898,3,right+B,0.06885004788637161,0.28034254908561707,0.18686439096927643,0.40043631196022034,0.06350670009851456,1.395738124847412,0.0,775.0,24,2,305,0,0,0,700,700,1
480,1920,898,112,898,1,right,0.06864096969366074,0.28023672103881836,0.18886049091815948,0.39821192622184753,0.06404987722635269,1.3978344202041626,-1.0,774.0,25,2,304,0,0,0,700,700,1
481,1924,898,106,898,1,right,0.06898538023233414,0.27933838963508606,0.18984566628932953,0.39712703227996826,0.06470353156328201,1.4000438451766968,0.0,774.0,26,2,304,0,0,0,700,700,1
482,1928,898,89,898,3,right+B,0.06857078522443771,0.2808392643928528,0.18766553699970245,0.3987450897693634,0.06417929381132126,1.3972629308700562,0.0,774.0,27,2,304,0,0,0,700,700,1
483,1932,898,79,898,2,right+A,0.06872131675481796,0.28086790442466736,0.17995716631412506,0.40824759006500244,0.062206048518419266,1.3878202438354492,0.0,774.0,28,2,304,0,0,0,700,700,1
484,1936,898,79,898,3,right+B,0.0680370181798935,0.2779712378978729,0.17403925955295563,0.4190964996814728,0.060855939984321594,1.3778554201126099,0.0,774.0,29,2,304,0,0,0,700,700,1
485,1940,898,79,898,3,right+B,0.06826142221689224,0.278734028339386,0.1760123372077942,0.4167154133319855,0.060276810079813004,1.3791710138320923,-1.0,773.0,30,2,303,0,0,0,700,700,1
486,1944,898,79,898,3,right+B,0.06818009167909622,0.278305321931839,0.17674793303012848,0.41518068313598633,0.06158597394824028,1.38199782371521,0.0,773.0,31,2,303,0,0,0,700,700,1
487,1948,898,79,898,1,right,0.06812050193548203,0.27768316864967346,0.17746563255786896,0.4156508445739746,0.06107981503009796,1.3812836408615112,0.0,773.0,32,2,303,0,0,0,700,700,1
488,1952,898,79,898,0,NOOP,0.06854375451803207,0.27856767177581787,0.1785261332988739,0.4131234884262085,0.06123892590403557,1.3835999965667725,0.0,773.0,33,2,303,0,0,0,700,700,1
489,1956,898,79,898,1,right,0.06905907392501831,0.2793568968772888,0.18301399052143097,0.4059666693210602,0.06260329484939575,1.391070008277893,0.0,773.0,34,2,303,0,0,0,700,700,1
490,1960,898,93,898,2,right+A,0.06913258880376816,0.2797873020172119,0.1824716031551361,0.40645116567611694,0.06215731427073479,1.390092372894287,-1.0,772.0,35,2,302,0,0,0,700,700,1
491,1964,898,108,898,1,right,0.06892699003219604,0.28002357482910156,0.18595337867736816,0.40197083353996277,0.06312517076730728,1.3943564891815186,0.0,772.0,36,2,302,0,0,0,700,700,1
492,1968,898,112,898,1,right,0.06833665817975998,0.27968543767929077,0.1869884878396988,0.4014250338077545,0.06356440484523773,1.3947969675064087,0.0,772.0,37,2,302,0,0,0,700,700,1
493,1972,898,106,898,3,right+B,0.06866376847028732,0.2788945436477661,0.18980097770690918,0.3981861472129822,0.06445454061031342,1.3988373279571533,0.0,772.0,38,2,302,0,0,0,700,700,1
494,1976,898,89,898,4,right+A+B,0.06838247925043106,0.2806372046470642,0.18692319095134735,0.39996352791786194,0.06409353762865067,1.396140694618225,0.0,772.0,39,2,302,0,0,0,700,700,1
495,1980,898,79,898,3,right+B,0.06849357485771179,0.2806087136268616,0.1792457401752472,0.409504771232605,0.062147170305252075,1.386620044708252,-1.0,771.0,40,2,301,0,0,0,700,700,1
496,1984,898,79,898,1,right,0.06801898032426834,0.2779468297958374,0.17397044599056244,0.4191507399082184,0.060913003981113434,1.3778622150421143,0.0,771.0,41,2,301,0,0,0,700,700,1
497,1988,898,79,898,1,right,0.06840745359659195,0.27888649702072144,0.17647869884967804,0.4159114956855774,0.06031579151749611,1.379972219467163,0.0,771.0,42,2,301,0,0,0,700,700,1
498,1992,898,79,898,3,right+B,0.06839683651924133,0.2785334289073944,0.17747852206230164,0.41399139165878296,0.06159982830286026,1.3831274509429932,0.0,771.0,43,2,301,0,0,0,700,700,1
499,1996,898,79,898,3,right+B,0.06838493794202805,0.27804431319236755,0.1786622405052185,0.41386035084724426,0.06104817986488342,1.3828569650650024,0.0,771.0,44,2,301,0,0,0,700,700,1
500,2000,898,93,898,2,right+A,0.0687849149107933,0.2788766920566559,0.1794719249010086,0.41169771552085876,0.06116867810487747,1.3848087787628174,-1.0,770.0,45,2,300,0,0,0,700,700,1
501,2004,898,108,898,3,right+B,0.06914391368627548,0.2795306146144867,0.1860928237438202,0.40208256244659424,0.0631500706076622,1.3947136402130127,0.0,770.0,46,2,300,0,0,0,700,700,1
502,2008,898,112,898,3,right+B,0.06946036219596863,0.2812241017818451,0.1899564117193222,0.39510366320610046,0.06425546854734421,1.4007927179336548,0.0,770.0,47,2,300,0,0,0,700,700,1
503,2012,898,106,898,2,right+A,0.0693843811750412,0.27922117710113525,0.1933743804693222,0.3931061327457428,0.06491401046514511,1.4036328792572021,0.0,770.0,48,2,300,0,0,0,700,700,1
504,2016,898,89,898,3,right+B,0.06876076757907867,0.28047478199005127,0.19080722332000732,0.395382821559906,0.06457437574863434,1.4005169868469238,0.0,770.0,49,2,300,0,0,0,700,700,1
505,2020,898,79,898,4,right+A+B,0.06864674389362335,0.28164681792259216,0.1824367791414261,0.4044121503829956,0.06285746395587921,1.3911960124969482,-1.0,769.0,50,2,299,0,0,0,700,700,1
506,2024,898,79,898,2,right+A,0.06761229783296585,0.2779359817504883,0.17500245571136475,0.4183267652988434,0.06112242117524147,1.3784239292144775,0.0,769.0,51,2,299,0,0,0,700,700,1
507,2028,898,79,898,2,right+A,0.06768212467432022,0.2786855101585388,0.1760152131319046,0.4169853627681732,0.06063183397054672,1.3787888288497925,0.0,769.0,52,2,299,0,0,0,700,700,1
508,2032,898,79,898,2,right+A,0.06756933778524399,0.27831223607063293,0.17611919343471527,0.41600534319877625,0.061993855983018875,1.3811326026916504,0.0,769.0,53,2,299,0,0,0,700,700,1
509,2036,898,79,898,1,right,0.06774228811264038,0.27727076411247253,0.17735731601715088,0.41606178879737854,0.06156780198216438,1.3812735080718994,0.0,769.0,54,2,299,0,0,0,700,700,1
510,2040,898,79,898,3,right+B,0.06781994551420212,0.27753403782844543,0.17609232664108276,0.4175286293029785,0.061025090515613556,1.3793960809707642,-1.0,768.0,55,2,298,0,0,0,700,700,1
511,2044,898,79,898,3,right+B,0.0681559294462204,0.278498113155365,0.17926593124866486,0.41203415393829346,0.0620458647608757,1.3850277662277222,0.0,768.0,56,2,298,0,0,0,700,700,1
512,2048,898,79,898,3,right+B,0.0683450847864151,0.27892425656318665,0.18025538325309753,0.4096830487251282,0.06279223412275314,1.3877568244934082,0.0,768.0,57,2,298,0,0,0,700,700,1
513,2052,898,79,898,3,right+B,0.06787145137786865,0.2777092456817627,0.17941440641880035,0.4129493236541748,0.06205553933978081,1.3843458890914917,0.0,768.0,58,2,298,0,0,0,700,700,1
514,2056,898,79,898,1,right,0.06820570677518845,0.27887198328971863,0.18034566938877106,0.41057005524635315,0.062006574124097824,1.3860816955566406,0.0,768.0,59,2,298,0,0,0,700,700,1
515,2060,898,79,898,1,right,0.06854207813739777,0.28005293011665344,0.18504884839057922,0.4030438959598541,0.06331226229667664,1.3933323621749878,-1.0,767.0,60,2,297,0,0,0,700,700,1
516,2064,898,93,898,2,right+A,0.06793475151062012,0.2785596251487732,0.18118144571781158,0.40991535782814026,0.06240880861878395,1.3869178295135498,0.0,767.0,61,2,297,0,0,0,700,700,1
517,2068,898,108,898,3,right+B,0.06803272664546967,0.27980828285217285,0.18425686657428741,0.404294490814209,0.06360755115747452,1.392264723777771,0.0,767.0,62,2,297,0,0,0,700,700,1
518,2072,898,112,898,2,right+A,0.06809365004301071,0.28007104992866516,0.1861506700515747,0.40148401260375977,0.06420060992240906,1.3950327634811401,0.0,767.0,63,2,297,0,0,0,700,700,1
519,2076,898,106,898,3,right+B,0.06876790523529053,0.2781110107898712,0.18810537457466125,0.4004025459289551,0.06461311131715775,1.3977584838867188,0.0,767.0,64,2,297,0,0,0,700,700,1
520,2080,898,89,898,1,right,0.06853700429201126,0.2802140712738037,0.18710477650165558,0.3995738923549652,0.06457029283046722,1.3972721099853516,-1.0,766.0,65,2,296,0,0,0,700,700,1
521,2084,898,79,898,1,right,0.06849517673254013,0.27994999289512634,0.1799044907093048,0.4090147614479065,0.0626356303691864,1.3878350257873535,0.0,766.0,66,2,296,0,0,0,700,700,1
522,2088,898,79,898,0,NOOP,0.06780384480953217,0.2770012319087982,0.17454728484153748,0.4193943440914154,0.06125335395336151,1.3782423734664917,0.0,766.0,67,2,296,0,0,0,700,700,1
523,2092,898,79,898,3,right+B,0.06823600083589554,0.278807133436203,0.1785614788532257,0.4126829504966736,0.06171240285038948,1.3840720653533936,0.0,766.0,68,2,296,0,0,0,700,700,1
524,2096,898,79,898,3,right+B,0.06821942329406738,0.27834513783454895,0.17867769300937653,0.41217610239982605,0.06258171051740646,1.385603427886963,0.0,766.0,69,2,296,0,0,0,700,700,1
525,2100,898,93,898,4,right+A+B,0.06833215057849884,0.27782437205314636,0.1779928356409073,0.41469278931617737,0.06115787848830223,1.382319688796997,-1.0,765.0,70,2,295,0,0,0,700,700,1
526,2104,898,108,898,1,right,0.06873475015163422,0.2792761027812958,0.18641437590122223,0.4019671082496643,0.06360773742198944,1.3949923515319824,0.0,765.0,71,2,295,0,0,0,700,700,1
527,2108,898,112,898,1,right,0.0686817318201065,0.28043219447135925,0.18993975222110748,0.39606598019599915,0.06488031893968582,1.4002829790115356,0.0,765.0,72,2,295,0,0,0,700,700,1
528,2112,898,106,898,1,right,0.06850209087133408,0.27779707312583923,0.19156552851200104,0.39718306064605713,0.06495215743780136,1.4003618955612183,0.0,765.0,73,2,295,0,0,0,700,700,1
529,2116,898,89,898,3,right+B,0.06834772974252701,0.28089675307273865,0.1895274668931961,0.3960128128528595,0.06521521508693695,1.4001586437225342,0.0,765.0,74,2,295,0,0,0,700,700,1
530,2120,898,79,898,3,right+B,0.06818857789039612,0.2807927131652832,0.1803646683692932,0.4078730344772339,0.06278100609779358,1.388253092765808,-1.0,764.0,75,2,294,0,0,0,700,700,1
531,2124,898,93,898,2,right+A,0.0675736665725708,0.2774428725242615,0.17432644963264465,0.4193507730960846,0.061306264251470566,1.3779133558273315,0.0,764.0,76,2,294,0,0,0,700,700,1
532,2128,898,108,898,3,right+B,0.0682554543018341,0.27953359484672546,0.18175673484802246,0.40764036774635315,0.06281375139951706,1.3890914916992188,0.0,764.0,77,2,294,0,0,0,700,700,1
533,2132,898,112,898,1,right,0.06791603565216064,0.27843451499938965,0.1805715411901474,0.4097994565963745,0.06327842175960541,1.387967824935913,0.0,764.0,78,2,294,0,0,0,700,700,1
534,2136,898,106,898,1,right,0.06866360455751419,0.27744734287261963,0.1869737058877945,0.40283191204071045,0.06408346444368362,1.3954979181289673,0.0,764.0,79,2,294,0,0,0,700,700,1
535,2140,898,89,898,0,NOOP,0.06853336840867996,0.2797054648399353,0.18628434836864471,0.4011968970298767,0.06427991390228271,1.3959275484085083,-1.0,763.0,80,2,293,0,0,0,700,700,1
536,2144,898,79,898,1,right,0.06883115321397781,0.2806154191493988,0.18151654303073883,0.40582722425460815,0.06320960819721222,1.3910648822784424,0.0,763.0,81,2,293,0,0,0,700,700,1
537,2148,898,93,898,2,right+A,0.06795331835746765,0.27743756771087646,0.17649810016155243,0.4161468744277954,0.061964165419340134,1.3817451000213623,0.0,763.0,82,2,293,0,0,0,700,700,1
538,2152,898,108,898,0,NOOP,0.06872809678316116,0.28008463978767395,0.1873958855867386,0.3998491168022156,0.06394229829311371,1.3966357707977295,0.0,763.0,83,2,293,0,0,0,700,700,1
539,2156,898,112,898,4,right+A+B,0.06837016344070435,0.2798728048801422,0.1871819645166397,0.39973247051239014,0.06484264135360718,1.3974109888076782,0.0,763.0,84,2,293,0,0,0,700,700,1
540,2160,898,106,898,1,right,0.06871933490037918,0.27793070673942566,0.1922518014907837,0.3960422873497009,0.06505585461854935,1.4014766216278076,-1.0,762.0,85,2,292,0,0,0,700,700,1
541,2164,898,89,898,1,right,0.06835927069187164,0.28088775277137756,0.1898205727338791,0.39568570256233215,0.06524666398763657,1.4004480838775635,0.0,762.0,86,2,292,0,0,0,700,700,1
542,2168,898,79,898,0,NOOP,0.06816824525594711,0.2807519733905792,0.18038633465766907,0.40793290734291077,0.06276058405637741,1.3881809711456299,0.0,762.0,87,2,292,0,0,0,700,700,1
543,2172,898,93,898,4,right+A+B,0.06757773458957672,0.27748537063598633,0.17600567638874054,0.4166988432407379,0.06223228573799133,1.3811694383621216,0.0,762.0,88,2,292,0,0,0,700,700,1
544,2176,898,108,898,3,right+B,0.06805646419525146,0.27923452854156494,0.182056725025177,0.4075387716293335,0.06311345100402832,1.389424443244934,0.0,762.0,89,2,292,0,0,0,700,700,1
545,2180,898,112,898,3,right+B,0.06757599860429764,0.2781539857387543,0.17885951697826385,0.4125008285045624,0.06290962547063828,1.3851369619369507,-1.0,761.0,90,2,291,0,0,0,700,700,1
546,2184,898,106,898,4,right+A+B,0.06840367615222931,0.2771642208099365,0.18572744727134705,0.4048605263233185,0.06384406983852386,1.3935253620147705,0.0,761.0,91,2,291,0,0,0,700,700,1
547,2188,898,89,898,1,right,0.06866122782230377,0.2798720598220825,0.18657279014587402,0.4006309509277344,0.06426291167736053,1.3964028358459473,0.0,761.0,92,2,291,0,0,0,700,700,1
548,2192,898,79,898,2,right+A,0.06905563920736313,0.28080877661705017,0.18206541240215302,0.4048781096935272,0.06319207698106766,1.3919414281845093,0.0,761.0,93,2,291,0,0,0,700,700,1
549,2196,898,79,898,4,right+A+B,0.06823175400495529,0.2777591645717621,0.17749367654323578,0.4146343171596527,0.06188106909394264,1.3830695152282715,0.0,761.0,94,2,291,0,0,0,700,700,1
550,2200,898,79,898,1,right,0.06862033158540726,0.27984708547592163,0.18217061460018158,0.4076240658760071,0.061737898737192154,1.388173222541809,-1.0,760.0,95,2,290,0,0,0,700,700,1
551,2204,898,79,898,1,right,0.06829662621021271,0.2795274257659912,0.18296271562576294,0.4061072766780853,0.0631059780716896,1.3906760215759277,0.0,760.0,96,2,290,0,0,0,700,700,1
552,2208,898,79,898,1,right,0.0680151954293251,0.27804842591285706,0.1826799064874649,0.4090915024280548,0.06216490641236305,1.387621283531189,0.0,760.0,97,2,290,0,0,0,700,700,1
553,2212,898,93,898,2,right+A,0.06790479272603989,0.2789948582649231,0.1796983778476715,0.41170597076416016,0.06169595941901207,1.384465217590332,0.0,760.0,98,2,290,0,0,0,700,700,1
554,2216,898,108,898,3,right+B,0.06816364824771881,0.27940163016319275,0.18386012315750122,0.4053215980529785,0.06325298547744751,1.3913776874542236,0.0,760.0,99,2,290,0,0,0,700,700,1
555,2220,898,112,898,3,right+B,0.06835531443357468,0.28007209300994873,0.18395575881004333,0.40395963191986084,0.06365720927715302,1.3927905559539795,-1.0,759.0,100,2,289,0,0,0,700,700,1
556,2224,898,106,898,4,right+A+B,0.06847938895225525,0.27780672907829285,0.18671801686286926,0.40292367339134216,0.06407219171524048,1.3950883150100708,0.0,759.0,101,2,289,0,0,0,700,700,1
557,2228,898,89,898,3,right+B,0.06814781576395035,0.27954548597335815,0.18518464267253876,0.4031120240688324,0.06401001662015915,1.3938409090042114,0.0,759.0,102,2,289,0,0,0,700,700,1
558,2232,898,79,898,3,right+B,0.06807838380336761,0.27975866198539734,0.17831094563007355,0.41156038641929626,0.06229163706302643,1.3850462436676025,0.0,759.0,103,2,289,0,0,0,700,700,1
559,2236,898,79,898,3,right+B,0.06740102916955948,0.27676746249198914,0.17300692200660706,0.42186662554740906,0.0609578974545002,1.3754762411117554,0.0,759.0,104,2,289,0,0,0,700,700,1
560,2240,898,79,898,3,right+B,0.06793477386236191,0.27865031361579895,0.1771373152732849,0.4151269495487213,0.06115056946873665,1.3811914920806885,-1.0,758.0,105,2,288,0,0,0,700,700,1
561,2244,898,79,898,1,right,0.06781651824712753,0.2780701816082001,0.178351491689682,0.4132184386253357,0.0625433474779129,1.3844228982925415,0.0,758.0,106,2,288,0,0,0,700,700,1
562,2248,898,93,898,2,right+A,0.06799062341451645,0.27833086252212524,0.18181057274341583,0.40950411558151245,0.0623638890683651,1.3873577117919922,0.0,758.0,107,2,288,0,0,0,700,700,1
563,2252,898,109,898,2,right+A,0.06828834861516953,0.27973759174346924,0.18628430366516113,0.40191033482551575,0.06377942860126495,1.3945865631103516,0.0,758.0,108,2,288,0,0,0,700,700,1
564,2256,898,121,898,1,right,0.0680576041340828,0.2796406149864197,0.1881243884563446,0.39988452196121216,0.06429282575845718,1.3964858055114746,0.0,758.0,109,2,288,0,0,0,700,700,1
565,2260,898,122,898,1,right,0.0690581202507019,0.2801608145236969,0.19420653581619263,0.38873690366744995,0.067837655544281,1.4091508388519287,-1.0,757.0,110,2,287,0,0,0,700,700,1
566,2264,898,113,898,4,right+A+B,0.06771352887153625,0.28118813037872314,0.18445371091365814,0.4024769365787506,0.06416763365268707,1.3933831453323364,0.0,757.0,111,2,287,0,0,0,700,700,1
567,2268,898,94,898,1,right,0.06904373317956924,0.2790793478488922,0.18160246312618256,0.40598443150520325,0.06429000198841095,1.392939805984497,0.0,757.0,112,2,287,0,0,0,700,700,1
568,2272,898,79,898,3,right+B,0.06702657788991928,0.27878662943840027,0.17578083276748657,0.4163247048854828,0.06208128109574318,1.38020920753479,0.0,757.0,113,2,287,0,0,0,700,700,1
569,2276,898,79,898,3,right+B,0.06860411167144775,0.278297483921051,0.17747944593429565,0.41423359513282776,0.061385322362184525,1.3829983472824097,0.0,757.0,114,2,287,0,0,0,700,700,1
570,2280,898,79,898,1,right,0.06761221587657928,0.2771621346473694,0.17255240678787231,0.42242997884750366,0.06024322286248207,1.374236822128296,-1.0,756.0,115,2,286,0,0,0,700,700,1
571,2284,898,93,898,2,right+A,0.06811898946762085,0.2783603072166443,0.1791549175977707,0.4123552143573761,0.06201062351465225,1.3847479820251465,0.0,756.0,116,2,286,0,0,0,700,700,1
572,2288,898,109,898,2,right+A,0.06876672804355621,0.27931565046310425,0.1846010386943817,0.4035044312477112,0.06381211429834366,1.3940343856811523,0.0,756.0,117,2,286,0,0,0,700,700,1
573,2292,898,122,898,2,right+A,0.06860293447971344,0.27935922145843506,0.18652226030826569,0.401546835899353,0.06396878510713577,1.3955368995666504,0.0,756.0,118,2,286,0,0,0,700,700,1
574,2296,898,130,898,3,right+B,0.06959012895822525,0.2796434760093689,0.19657088816165924,0.3865059018135071,0.06768964976072311,1.4112597703933716,0.0,756.0,119,2,286,0,0,0,700,700,1
575,2300,898,129,898,1,right,0.06742039322853088,0.2813038229942322,0.1911495327949524,0.39515313506126404,0.06497317552566528,1.3994131088256836,-1.0,755.0,120,2,285,0,0,0,700,700,1
576,2304,898,117,898,3,right+B,0.06720130890607834,0.2789957523345947,0.19048598408699036,0.39718344807624817,0.06613347679376602,1.3998275995254517,0.0,755.0,121,2,285,0,0,0,700,700,1
577,2308,898,97,898,3,right+B,0.0677306205034256,0.2786347270011902,0.18721482157707214,0.40007883310317993,0.06634096801280975,1.3985674381256104,0.0,755.0,122,2,285,0,0,0,700,700,1
578,2312,898,79,898,2,right+A,0.0669373944401741,0.2795391082763672,0.18425734341144562,0.40480223298072815,0.06446390599012375,1.3917827606201172,0.0,755.0,123,2,285,0,0,0,700,700,1
579,2316,898,79,898,2,right+A,0.06734099984169006,0.2774507701396942,0.17772650718688965,0.4152805805206299,0.06220109388232231,1.3821375370025635,0.0,755.0,124,2,285,0,0,0,700,700,1
580,2320,898,79,898,3,right+B,0.06800371408462524,0.27831488847732544,0.17544157803058624,0.4177054166793823,0.06053445115685463,1.378538966178894,-1.0,754.0,125,2,284,0,0,0,700,700,1
581,2324,898,79,898,3,right+B,0.06817784160375595,0.2788529694080353,0.17720088362693787,0.41416406631469727,0.06160430982708931,1.3826322555541992,0.0,754.0,126,2,284,0,0,0,700,700,1
582,2328,898,79,898,3,right+B,0.06764153391122818,0.27781209349632263,0.17588815093040466,0.41763216257095337,0.061026085168123245,1.379010558128357,0.0,754.0,127,2,284,0,0,0,700,700,1
583,2332,898,79,898,3,right+B,0.06759366393089294,0.27740025520324707,0.17597435414791107,0.418134480714798,0.060897260904312134,1.3785814046859741,0.0,754.0,128,2,284,0,0,0,700,700,1
584,2336,898,93,898,2,right+A,0.06835198402404785,0.27862435579299927,0.17963309586048126,0.4113675057888031,0.06202305853366852,1.3856910467147827,0.0,754.0,129,2,284,0,0,0,700,700,1
585,2340,898,108,898,3,right+B,0.06880559027194977,0.2794640362262726,0.1854943335056305,0.40245065093040466,0.06378534436225891,1.394803524017334,-1.0,753.0,130,2,283,0,0,0,700,700,1
586,2344,898,112,898,3,right+B,0.06892351061105728,0.28072312474250793,0.18883416056632996,0.39690786600112915,0.06461136043071747,1.3995029926300049,0.0,753.0,131,2,283,0,0,0,700,700,1
587,2348,898,106,898,1,right,0.06882760673761368,0.2786059081554413,0.1927337497472763,0.3945312201976776,0.06530146300792694,1.4026923179626465,0.0,753.0,132,2,283,0,0,0,700,700,1
588,2352,898,89,898,1,right,0.06834559887647629,0.28002217411994934,0.1907283514738083,0.39595112204551697,0.06495269387960434,1.4002599716186523,0.0,753.0,133,2,283,0,0,0,700,700,1
589,2356,898,79,898,0,NOOP,0.0683031901717186,0.2812420129776001,0.1823316216468811,0.4049610495567322,0.06316210329532623,1.3909211158752441,0.0,753.0,134,2,283,0,0,0,700,700,1
590,2360,898,93,898,2,right+A,0.06752874702215195,0.27790871262550354,0.17691466212272644,0.4153585433959961,0.06228925660252571,1.3821392059326172,-1.0,752.0,135,2,282,0,0,0,700,700,1
591,2364,898,108,898,1,right,0.06798441708087921,0.2790481448173523,0.18265512585639954,0.407317578792572,0.06299473345279694,1.3894846439361572,0.0,752.0,136,2,282,0,0,0,700,700,1
592,2368,898,112,898,2,right+A,0.067540243268013,0.27859196066856384,0.17879618704319,0.41227081418037415,0.06280077248811722,1.3849867582321167,0.0,752.0,137,2,282,0,0,0,700,700,1
593,2372,898,106,898,1,right,0.06812243908643723,0.27685871720314026,0.1850467324256897,0.4064018130302429,0.06357035040855408,1.391868233680725,0.0,752.0,138,2,282,0,0,0,700,700,1
594,2376,898,89,898,1,right,0.06817667931318283,0.27949801087379456,0.18516749143600464,0.40319550037384033,0.06396231800317764,1.3937737941741943,0.0,752.0,139,2,282,0,0,0,700,700,1
595,2380,898,79,898,2,right+A,0.06815437972545624,0.27977418899536133,0.17828431725502014,0.41158586740493774,0.06220126152038574,1.384995937347412,-1.0,751.0,140,2,281,0,0,0,700,700,1
596,2384,898,79,898,2,right+A,0.06786920875310898,0.27749308943748474,0.1753367781639099,0.4177014231681824,0.061599548906087875,1.3799169063568115,0.0,751.0,141,2,281,0,0,0,700,700,1
597,2388,898,79,898,1,right,0.0682377815246582,0.2787834405899048,0.1785331666469574,0.4132247567176819,0.06122087314724922,1.383105993270874,0.0,751.0,142,2,281,0,0,0,700,700,1
598,2392,898,93,898,4,right+A+B,0.06844820827245712,0.2791953384876251,0.18221338093280792,0.4072151780128479,0.06292794644832611,1.3898894786834717,0.0,751.0,143,2,281,0,0,0,700,700,1
599,2396,898,109,898,2,right+A,0.0688207820057869,0.27986156940460205,0.18882642686367035,0.39835771918296814,0.06413349509239197,1.3981456756591797,0.0,751.0,144,2,281,0,0,0,700,700,1
600,2400,898,122,898,4,right+A+B,0.06835630536079407,0.27965784072875977,0.1885979175567627,0.3995101749897003,0.06387776881456375,1.3966165781021118,-1.0,750.0,145,2,280,0,0,0,700,700,1
601,2404,898,130,898,3,right+B,0.06908470392227173,0.2798716723918915,0.19460617005825043,0.3891317546367645,0.06730577349662781,1.4084481000900269,0.0,750.0,146,2,280,0,0,0,700,700,1
602,2408,898,129,898,3,right+B,0.06697551906108856,0.2806638479232788,0.186712384223938,0.40178942680358887,0.063858762383461,1.3930556774139404,0.0,750.0,147,2,280,0,0,0,700,700,1
603,2412,898,117,898,3,right+B,0.06716770678758621,0.2789513170719147,0.1861676275730133,0.4023921489715576,0.06532121449708939,1.3950343132019043,0.0,750.0,148,2,280,0,0,0,700,700,1
604,2416,898,97,898,3,right+B,0.0678177922964096,0.27798306941986084,0.1837652027606964,0.4050677418708801,0.06536625325679779,1.3940441608428955,0.0,750.0,149,2,280,0,0,0,700,700,1
605,2420,898,79,898,1,right,0.06724090129137039,0.2788819968700409,0.1830664873123169,0.40676480531692505,0.06404587626457214,1.3903688192367554,-1.0,749.0,150,2,279,0,0,0,700,700,1
606,2424,898,79,898,1,right,0.06769173592329025,0.2770368158817291,0.1781982034444809,0.4147421419620514,0.06233105808496475,1.3832532167434692,0.0,749.0,151,2,279,0,0,0,700,700,1
607,2428,898,79,898,3,right+B,0.06837882101535797,0.2778186798095703,0.1766282021999359,0.4163489043712616,0.06082532927393913,1.380601167678833,0.0,749.0,152,2,279,0,0,0,700,700,1
608,2432,898,93,898,4,right+A+B,0.06891263276338577,0.27951210737228394,0.18057681620121002,0.40846237540245056,0.06253606826066971,1.388777256011963,0.0,749.0,153,2,279,0,0,0,700,700,1
609,2436,898,108,898,3,right+B,0.06879600882530212,0.2788270115852356,0.18442007899284363,0.4044298827648163,0.06352698802947998,1.3932371139526367,0.0,749.0,154,2,279,0,0,0,700,700,1
610,2440,898,112,898,0,NOOP,0.06908541172742844,0.2803323268890381,0.18990032374858856,0.3962172269821167,0.06446471065282822,1.400172472000122,-1.0,748.0,155,2,278,0,0,0,700,700,1
611,2444,898,106,898,3,right+B,0.0692908987402916,0.2789025902748108,0.19260096549987793,0.393958181142807,0.06524740159511566,1.4034098386764526,0.0,748.0,156,2,278,0,0,0,700,700,1
612,2448,898,89,898,2,right+A,0.06877419352531433,0.28028127551078796,0.19129593670368195,0.3947135806083679,0.06493500620126724,1.4014813899993896,0.0,748.0,157,2,278,0,0,0,700,700,1
613,2452,898,79,898,3,right+B,0.06871362775564194,0.2815367877483368,0.1829109787940979,0.40364277362823486,0.06319588422775269,1.3922799825668335,0.0,748.0,158,2,278,0,0,0,700,700,1
614,2456,898,79,898,3,right+B,0.06779689341783524,0.2779945731163025,0.1755543202161789,0.41729792952537537,0.06135624647140503,1.3797125816345215,0.0,748.0,159,2,278,0,0,0,700,700,1
615,2460,898,93,898,4,right+A+B,0.06813393533229828,0.27889779210090637,0.17691242694854736,0.4153454005718231,0.06071045249700546,1.3806140422821045,-1.0,747.0,160,2,277,0,0,0,700,700,1
616,2464,898,108,898,3,right+B,0.0684773400425911,0.27879995107650757,0.18030333518981934,0.4095812737941742,0.06283808499574661,1.3880711793899536,0.0,747.0,161,2,277,0,0,0,700,700,1
617,2468,898,112,898,2,right+A,0.06879302114248276,0.279449462890625,0.18455764651298523,0.4037601351737976,0.06343974173069,1.3934082984924316,0.0,747.0,162,2,277,0,0,0,700,700,1
618,2472,898,106,898,0,NOOP,0.06902293115854263,0.2777363657951355,0.18813444674015045,0.40104904770851135,0.06405726075172424,1.3970756530761719,0.0,747.0,163,2,277,0,0,0,700,700,1
619,2476,898,89,898,3,right+B,0.06898096203804016,0.2800288200378418,0.18801024556159973,0.3986504375934601,0.0643296092748642,1.3982325792312622,0.0,747.0,164,2,277,0,0,0,700,700,1
620,2480,898,79,898,0,NOOP,0.06927984207868576,0.2809278964996338,0.18308000266551971,0.4034788906574249,0.06323334574699402,1.3932631015777588,-1.0,746.0,165,2,276,0,0,0,700,700,1
621,2484,898,79,898,1,right,0.06862416118383408,0.2779780328273773,0.18013975024223328,0.41031163930892944,0.06294640153646469,1.3880841732025146,0.0,746.0,166,2,276,0,0,0,700,700,1
622,2488,898,79,898,1,right,0.06913245469331741,0.28022339940071106,0.18452496826648712,0.4036714434623718,0.06244777888059616,1.3924226760864258,0.0,746.0,167,2,276,0,0,0,700,700,1
623,2492,898,79,898,3,right+B,0.06877344846725464,0.27952733635902405,0.1811618208885193,0.40832167863845825,0.06221570447087288,1.3884093761444092,0.0,746.0,168,2,276,0,0,0,700,700,1
624,2496,898,79,898,3,right+B,0.06849287450313568,0.2786043882369995,0.18258817493915558,0.408390611410141,0.06192390248179436,1.3881616592407227,0.0,746.0,169,2,276,0,0,0,700,700,1
625,2500,898,93,898,2,right+A,0.06832276284694672,0.2791207730770111,0.18202169239521027,0.40832772850990295,0.06220707297325134,1.3881316184997559,-1.0,745.0,170,2,275,0,0,0,700,700,1
626,2504,898,108,898,0,NOOP,0.06851360946893692,0.2795754075050354,0.18377317488193512,0.40530192852020264,0.06283587217330933,1.3912203311920166,0.0,745.0,171,2,275,0,0,0,700,700,1
627,2508,898,112,898,4,right+A+B,0.06874054670333862,0.2800148129463196,0.18609586358070374,0.4014006555080414,0.06374816596508026,1.3952841758728027,0.0,745.0,172,2,275,0,0,0,700,700,1
628,2512,898,106,898,3,right+B,0.06915399432182312,0.2784522473812103,0.18759998679161072,0.40053874254226685,0.06425497680902481,1.3975249528884888,0.0,745.0,173,2,275,0,0,0,700,700,1
629,2516,898,89,898,1,right,0.06891250610351562,0.27996987104415894,0.18718376755714417,0.3997443914413452,0.06418946385383606,1.3972113132476807,0.0,745.0,174,2,275,0,0,0,700,700,1
630,2520,898,79,898,3,right+B,0.06889834254980087,0.28032365441322327,0.18019111454486847,0.40816164016723633,0.062425270676612854,1.3885350227355957,-1.0,744.0,175,2,274,0,0,0,700,700,1
631,2524,898,93,898,2,right+A,0.06814369559288025,0.2773664891719818,0.17490254342556,0.4184609055519104,0.06112628057599068,1.379077434539795,0.0,744.0,176,2,274,0,0,0,700,700,1
632,2528,898,109,898,4,right+A+B,0.06904438138008118,0.2798517942428589,0.18486298620700836,0.4029519259929657,0.06328888982534409,1.3939590454101562,0.0,744.0,177,2,274,0,0,0,700,700,1
633,2532,898,121,898,0,NOOP,0.06870732456445694,0.2791459560394287,0.18459506332874298,0.4035465717315674,0.06400509923696518,1.3942179679870605,0.0,744.0,178,2,274,0,0,0,700,700,1
634,2536,898,122,898,2,right+A,0.07030458748340607,0.2801517844200134,0.19893324375152588,0.38265714049339294,0.06795328110456467,1.4146677255630493,0.0,744.0,179,2,274,0,0,0,700,700,1
635,2540,898,113,898,3,right+B,0.0690939724445343,0.2823363244533539,0.19104206562042236,0.3922868072986603,0.06524085253477097,1.4030951261520386,-1.0,743.0,180,2,273,0,0,0,700,700,1
636,2544,898,94,898,1,right,0.06996893882751465,0.27972450852394104,0.18753135204315186,0.3977500796318054,0.06502503156661987,1.4007538557052612,0.0,743.0,181,2,273,0,0,0,700,700,1
637,2548,898,79,898,3,right+B,0.06767202168703079,0.2801084518432617,0.18013449013233185,0.4092071056365967,0.06287794560194016,1.3870620727539062,0.0,743.0,182,2,273,0,0,0,700,700,1
638,2552,898,79,898,3,right+B,0.06898775696754456,0.27962741255760193,0.17977507412433624,0.4099700152873993,0.06163972616195679,1.3866069316864014,0.0,743.0,183,2,273,0,0,0,700,700,1
639,2556,898,79,898,1,right,0.06817010045051575,0.27817031741142273,0.17433322966098785,0.41893982887268066,0.06038649007678032,1.3775293827056885,0.0,743.0,184,2,273,0,0,0,700,700,1
640,2560,898,79,898,3,right+B,0.06877563148736954,0.27951139211654663,0.1807263195514679,0.40880560874938965,0.06218099966645241,1.3879871368408203,-1.0,742.0,185,2,272,0,0,0,700,700,1
641,2564,898,79,898,1,right,0.06838129460811615,0.278259813785553,0.1781354546546936,0.4137443006038666,0.06147906184196472,1.3833154439926147,0.0,742.0,186,2,272,0,0,0,700,700,1
642,2568,898,79,898,1,right,0.06832380592823029,0.277957558631897,0.17728064954280853,0.4156000316143036,0.06083797663450241,1.3811397552490234,0.0,742.0,187,2,272,0,0,0,700,700,1
643,2572,898,93,898,2,right+A,0.06859367340803146,0.2783760130405426,0.1785995364189148,0.41332998871803284,0.0611007958650589,1.3834116458892822,0.0,742.0,188,2,272,0,0,0,700,700,1
644,2576,898,108,898,3,right+B,0.06918838620185852,0.27967384457588196,0.18388861417770386,0.4039009213447571,0.063348188996315,1.3934948444366455,0.0,742.0,189,2,272,0,0,0,700,700,1
645,2580,898,112,898,1,right,0.06896550208330154,0.2796153128147125,0.1870896816253662,0.4002172648906708,0.06411232054233551,1.3969651460647583,-1.0,741.0,190,2,271,0,0,0,700,700,1
646,2584,898,106,898,3,right+B,0.06961731612682343,0.27885815501213074,0.19376811385154724,0.39251378178596497,0.0652427077293396,1.404781699180603,0.0,741.0,191,2,271,0,0,0,700,700,1
647,2588,898,89,898,2,right+A,0.06952682882547379,0.28159084916114807,0.19382859766483307,0.3895412087440491,0.06551246345043182,1.4060609340667725,0.0,741.0,192,2,271,0,0,0,700,700,1
648,2592,898,79,898,1,right,0.06919272989034653,0.2812308371067047,0.1854100078344345,0.4010698199272156,0.06309664994478226,1.3947848081588745,0.0,741.0,193,2,271,0,0,0,700,700,1
649,2596,898,79,898,1,right,0.06828145682811737,0.27908605337142944,0.17885509133338928,0.41199731826782227,0.06178007274866104,1.3846368789672852,0.0,741.0,194,2,271,0,0,0,700,700,1
650,2600,898,79,898,1,right,0.06834837794303894,0.2797982692718506,0.1790839433670044,0.41200369596481323,0.060765672475099564,1.383291244506836,-1.0,740.0,195,2,270,0,0,0,700,700,1
651,2604,898,79,898,3,right+B,0.06828287243843079,0.2787301242351532,0.17900802195072174,0.4120861291885376,0.061892833560705185,1.3848419189453125,0.0,740.0,196,2,270,0,0,0,700,700,1
652,2608,898,79,898,3,right+B,0.0684642419219017,0.27836328744888306,0.1797928363084793,0.411879301071167,0.06150032952427864,1.384931206703186,0.0,740.0,197,2,270,0,0,0,700,700,1
653,2612,898,93,898,4,right+A+B,0.06848049908876419,0.2780439257621765,0.17788489162921906,0.41473838686943054,0.06085223704576492,1.3819975852966309,0.0,740.0,198,2,270,0,0,0,700,700,1
654,2616,898,109,898,2,right+A,0.06890490651130676,0.27898862957954407,0.18373368680477142,0.40551820397377014,0.06285452097654343,1.3916997909545898,0.0,740.0,199,2,270,0,0,0,700,700,1
655,2620,898,122,898,2,right+A,0.06898447126150131,0.2799976170063019,0.18468670547008514,0.40285101532936096,0.0634801909327507,1.394122838973999,-1.0,739.0,200,2,269,0,0,0,700,700,1
656,2624,898,130,898,1,right,0.0698893591761589,0.27956780791282654,0.19478365778923035,0.38845694065093994,0.06730226427316666,1.4098501205444336,0.0,739.0,201,2,269,0,0,0,700,700,1
657,2628,898,129,898,3,right+B,0.06738244742155075,0.2805132269859314,0.18767720460891724,0.4001339077949524,0.06429319828748703,1.3952605724334717,0.0,739.0,202,2,269,0,0,0,700,700,1
658,2632,898,117,898,3,right+B,0.0676756426692009,0.27977705001831055,0.19150951504707336,0.3944105803966522,0.06662720441818237,1.4025664329528809,0.0,739.0,203,2,269,0,0,0,700,700,1
659,2636,898,97,898,3,right+B,0.06837339699268341,0.27892133593559265,0.19028924405574799,0.395473450422287,0.06694257259368896,1.4031705856323242,0.0,739.0,204,2,269,0,0,0,700,700,1
660,2640,898,79,898,3,right+B,0.06739265471696854,0.27944475412368774,0.1881190538406372,0.3999466001987457,0.06509695947170258,1.3966954946517944,-1.0,738.0,205,2,268,0,0,0,700,700,1
661,2644,898,79,898,3,right+B,0.06747619807720184,0.2784309387207031,0.18055512011051178,0.41051527857780457,0.0630224198102951,1.3866815567016602,0.0,738.0,206,2,268,0,0,0,700,700,1
662,2648,898,79,898,1,right,0.0678834617137909,0.27855929732322693,0.17667807638645172,0.41608715057373047,0.060791999101638794,1.3799818754196167,0.0,738.0,207,2,268,0,0,0,700,700,1
663,2652,898,79,898,3,right+B,0.06816357374191284,0.2792816162109375,0.17786753177642822,0.4129016697406769,0.06178548187017441,1.383683443069458,0.0,738.0,208,2,268,0,0,0,700,700,1
664,2656,898,79,898,1,right,0.06765450537204742,0.2783108949661255,0.17584888637065887,0.41706714034080505,0.061118628829717636,1.3793805837631226,0.0,738.0,209,2,268,0,0,0,700,700,1
665,2660,898,79,898,3,right+B,0.06757745146751404,0.27735379338264465,0.175863578915596,0.4182876944541931,0.06091751158237457,1.3784760236740112,-1.0,737.0,210,2,267,0,0,0,700,700,1
666,2664,898,79,898,1,right,0.06813465058803558,0.2782379984855652,0.17786523699760437,0.41431811451911926,0.061443958431482315,1.382567286491394,0.0,737.0,211,2,267,0,0,0,700,700,1
667,2668,898,79,898,3,right+B,0.06833400577306747,0.2788468599319458,0.17914576828479767,0.41183799505233765,0.0618354007601738,1.3849852085113525,0.0,737.0,212,2,267,0,0,0,700,700,1
668,2672,898,79,898,3,right+B,0.06825877726078033,0.2784560024738312,0.17930345237255096,0.4118278920650482,0.06215392425656319,1.3854316473007202,0.0,737.0,213,2,267,0,0,0,700,700,1
669,2676,898,79,898,1,right,0.06835431605577469,0.2781215310096741,0.1798851490020752,0.41188567876815796,0.06175333261489868,1.385196328163147,0.0,737.0,214,2,267,0,0,0,700,700,1
670,2680,898,79,898,1,right,0.0688633844256401,0.27942201495170593,0.18399588763713837,0.4053472876548767,0.0623713918030262,1.3910927772521973,-1.0,736.0,215,2,266,0,0,0,700,700,1
671,2684,898,79,898,3,right+B,0.06872865557670593,0.2800218164920807,0.18378207087516785,0.4046410918235779,0.06282634288072586,1.3917566537857056,0.0,736.0,216,2,266,0,0,0,700,700,1
672,2688,898,93,898,2,right+A,0.06807142496109009,0.2779940068721771,0.18272031843662262,0.4090198278427124,0.062194451689720154,1.3877894878387451,0.0,736.0,217,2,266,0,0,0,700,700,1
673,2692,898,108,898,3,right+B,0.06839694827795029,0.2798701822757721,0.18508349359035492,0.40322649478912354,0.06342281401157379,1.3932400941848755,0.0,736.0,218,2,266,0,0,0,700,700,1
674,2696,898,112,898,3,right+B,0.06826276332139969,0.2801224887371063,0.1859620064496994,0.40187394618988037,0.06377879530191422,1.3944311141967773,0.0,736.0,219,2,266,0,0,0,700,700,1
675,2700,898,106,898,1,right,0.06879641860723495,0.27812883257865906,0.18738850951194763,0.40156397223472595,0.0641222670674324,1.3963731527328491,-1.0,735.0,220,2,265,0,0,0,700,700,1
676,2704,898,89,898,3,right+B,0.06857255846261978,0.28019264340400696,0.18653415143489838,0.40055176615715027,0.06414887309074402,1.3961228132247925,0.0,735.0,221,2,265,0,0,0,700,700,1
677,2708,898,79,898,1,right,0.06846543401479721,0.27996549010276794,0.17922458052635193,0.4100598096847534,0.062284741550683975,1.38656747341156,0.0,735.0,222,2,265,0,0,0,700,700,1
678,2712,898,79,898,1,right,0.06760647147893906,0.2769206166267395,0.17362619936466217,0.4208964705467224,0.06095026060938835,1.3764526844024658,0.0,735.0,223,2,265,0,0,0,700,700,1
679,2716,898,79,898,1,right,0.06790286302566528,0.2783297300338745,0.17574186623096466,0.4175446331501007,0.06048086658120155,1.3785185813903809,0.0,735.0,224,2,265,0,0,0,700,700,1
680,2720,898,93,898,2,right+A,0.06814874708652496,0.2784610986709595,0.1785329431295395,0.41239291429519653,0.062464211136102676,1.385179042816162,-1.0,734.0,225,2,264,0,0,0,700,700,1
681,2724,898,108,898,1,right,0.06867225468158722,0.2787111699581146,0.1851230263710022,0.4038216173648834,0.06367194652557373,1.393792986869812,0.0,734.0,226,2,264,0,0,0,700,700,1
682,2728,898,112,898,3,right+B,0.06883344054222107,0.2802099287509918,0.18943464756011963,0.397100031375885,0.0644218772649765,1.399267554283142,0.0,734.0,227,2,264,0,0,0,700,700,1
683,2732,898,106,898,3,right+B,0.06910499930381775,0.27880266308784485,0.19234584271907806,0.39451855421066284,0.06522790342569351,1.4028338193893433,0.0,734.0,228,2,264,0,0,0,700,700,1
684,2736,898,89,898,4,right+A+B,0.06861864030361176,0.28019416332244873,0.19100737571716309,0.3952392339706421,0.06494060158729553,1.400979995727539,0.0,734.0,229,2,264,0,0,0,700,700,1
685,2740,898,79,898,1,right,0.06848788261413574,0.2813844382762909,0.18246115744113922,0.4045068621635437,0.06315972656011581,1.3914004564285278,-1.0,733.0,230,2,263,0,0,0,700,700,1
686,2744,898,93,898,2,right+A,0.06758176535367966,0.2779060900211334,0.17526693642139435,0.41793394088745117,0.06131124868988991,1.3789492845535278,0.0,733.0,231,2,263,0,0,0,700,700,1
687,2748,898,108,898,3,right+B,0.06814735382795334,0.27931517362594604,0.18192912638187408,0.4079909324645996,0.06261740624904633,1.388587236404419,0.0,733.0,232,2,263,0,0,0,700,700,1
688,2752,898,112,898,3,right+B,0.0679105743765831,0.2789323031902313,0.18075941503047943,0.4091401696205139,0.06325758248567581,1.3882644176483154,0.0,733.0,233,2,263,0,0,0,700,700,1
689,2756,898,106,898,0,NOOP,0.0687713623046875,0.2774955630302429,0.18739813566207886,0.40236154198646545,0.06397341191768646,1.3958290815353394,0.0,733.0,234,2,263,0,0,0,700,700,1
690,2760,898,89,898,3,right+B,0.06864096969366074,0.2797549068927765,0.18670538067817688,0.40072962641716003,0.06416911631822586,1.396254539489746,-1.0,732.0,235,2,262,0,0,0,700,700,1
691,2764,898,79,898,1,right,0.06850326806306839,0.28002431988716125,0.1794346272945404,0.40970873832702637,0.06232905387878418,1.3869147300720215,0.0,732.0,236,2,262,0,0,0,700,700,1
692,2768,898,93,898,2,right+A,0.06802575290203094,0.2775738537311554,0.1758716106414795,0.4168936014175415,0.061635132879018784,1.3807650804519653,0.0,732.0,237,2,262,0,0,0,700,700,1
693,2772,898,108,898,3,right+B,0.06848837435245514,0.2792198956012726,0.1841007024049759,0.4049520790576935,0.06323897838592529,1.3920520544052124,0.0,732.0,238,2,262,0,0,0,700,700,1
694,2776,898,112,898,2,right+A,0.068266861140728,0.2793896794319153,0.18570993840694427,0.40235909819602966,0.06427442282438278,1.3948884010314941,0.0,732.0,239,2,262,0,0,0,700,700,1
695,2780,898,106,898,0,NOOP,0.06893044710159302,0.27869588136672974,0.19280239939689636,0.39431506395339966,0.06525623053312302,1.402870774269104,-1.0,731.0,240,2,261,0,0,0,700,700,1
696,2784,898,89,898,3,right+B,0.06857841461896896,0.2802172005176544,0.19096693396568298,0.3953012228012085,0.06493621319532394,1.400879979133606,0.0,731.0,241,2,261,0,0,0,700,700,1
697,2788,898,79,898,3,right+B,0.06862480938434601,0.2815154492855072,0.18291769921779633,0.40377336740493774,0.06316868215799332,1.3920698165893555,0.0,731.0,242,2,261,0,0,0,700,700,1
698,2792,898,79,898,3,right+B,0.06781777739524841,0.27808287739753723,0.17597858607769012,0.4167691767215729,0.06135158985853195,1.380143642425537,0.0,731.0,243,2,261,0,0,0,700,700,1
699,2796,898,93,898,4,right+A+B,0.06811444461345673,0.27900782227516174,0.1775171458721161,0.41473448276519775,0.060626085847616196,1.3809750080108643,0.0,731.0,244,2,261,0,0,0,700,700,1
700,2800,898,109,898,2,right+A,0.06834965199232101,0.2786984443664551,0.1805063933134079,0.409800261259079,0.06264530122280121,1.387608289718628,-1.0,730.0,245,2,260,0,0,0,700,700,1
701,2804,898,121,898,1,right,0.06852356344461441,0.27912962436676025,0.1844252496957779,0.4047977328300476,0.06312384456396103,1.3921226263046265,0.0,730.0,246,2,260,0,0,0,700,700,1
702,2808,898,122,898,3,right+B,0.06956829130649567,0.27896079421043396,0.19274038076400757,0.3921404182910919,0.0665900856256485,1.406407356262207,0.0,730.0,247,2,260,0,0,0,700,700,1
703,2812,898,113,898,3,right+B,0.06830958276987076,0.2805400490760803,0.18415383994579315,0.4032409191131592,0.063755564391613,1.3932172060012817,0.0,730.0,248,2,260,0,0,0,700,700,1
704,2816,898,94,898,3,right+B,0.06972917169332504,0.2792589068412781,0.1840565800666809,0.40212586522102356,0.0648294985294342,1.3971495628356934,0.0,730.0,249,2,260,0,0,0,700,700,1
705,2820,898,79,898,2,right+A,0.06762105971574783,0.2788468599319458,0.17884227633476257,0.4119991362094879,0.06269070506095886,1.3850640058517456,-1.0,729.0,250,2,259,0,0,0,700,700,1
706,2824,898,79,898,1,right,0.06927169114351273,0.2795250415802002,0.1827753633260727,0.40600019693374634,0.06242768093943596,1.3909902572631836,0.0,729.0,251,2,259,0,0,0,700,700,1
707,2828,898,93,898,2,right+A,0.06809660792350769,0.2788369953632355,0.17786748707294464,0.4137641191482544,0.06143485754728317,1.382720708847046,0.0,729.0,252,2,259,0,0,0,700,700,1
708,2832,898,108,898,1,right,0.06833165138959885,0.27903324365615845,0.186660498380661,0.40218549966812134,0.06378921121358871,1.3947138786315918,0.0,729.0,253,2,259,0,0,0,700,700,1
709,2836,898,112,898,0,NOOP,0.0685247853398323,0.28092917799949646,0.18680347502231598,0.3992398679256439,0.06450261920690536,1.397150993347168,0.0,729.0,254,2,259,0,0,0,700,700,1
710,2840,898,106,898,1,right,0.06847118586301804,0.2780988812446594,0.1882670372724533,0.40076348185539246,0.06439946591854095,1.3969626426696777,-1.0,728.0,255,2,258,0,0,0,700,700,1
711,2844,898,89,898,3,right+B,0.06842882186174393,0.27998459339141846,0.18656541407108307,0.40068942308425903,0.06433173269033432,1.3961529731750488,0.0,728.0,256,2,258,0,0,0,700,700,1
712,2848,898,79,898,3,right+B,0.06846626102924347,0.2804010808467865,0.17903530597686768,0.40961429476737976,0.06248307228088379,1.386950969696045,0.0,728.0,257,2,258,0,0,0,700,700,1
713,2852,898,79,898,1,right,0.06774970889091492,0.2769240736961365,0.17366155982017517,0.420608788728714,0.06105591356754303,1.376950979232788,0.0,728.0,258,2,258,0,0,0,700,700,1
714,2856,898,79,898,1,right,0.0679427981376648,0.278195321559906,0.1756463199853897,0.4176538288593292,0.06056173890829086,1.3786100149154663,0.0,728.0,259,2,258,0,0,0,700,700,1
715,2860,898,79,898,1,right,0.06787200272083282,0.27775803208351135,0.1763729304075241,0.4161215126514435,0.06187546253204346,1.38145112991333,-1.0,727.0,260,2,257,0,0,0,700,700,1
716,2864,898,79,898,3,right+B,0.06830757856369019,0.27798789739608765,0.17979735136032104,0.41176772117614746,0.062139518558979034,1.385718822479248,0.0,727.0,261,2,257,0,0,0,700,700,1
717,2868,898,93,898,2,right+A,0.06837787479162216,0.278146892786026,0.17914234101772308,0.41264966130256653,0.0616832971572876,1.384497880935669,0.0,727.0,262,2,257,0,0,0,700,700,1
718,2872,898,109,898,2,right+A,0.06908861547708511,0.27977776527404785,0.1888427436351776,0.3980793356895447,0.06421159207820892,1.398740291595459,0.0,727.0,263,2,257,0,0,0,700,700,1
719,2876,898,121,898,0,NOOP,0.06918622553348541,0.2811914384365082,0.1907355785369873,0.39378821849823,0.06509855389595032,1.4023972749710083,0.0,727.0,264,2,257,0,0,0,700,700,1
720,2880,898,122,898,3,right+B,0.06954589486122131,0.27927494049072266,0.19801294803619385,0.38531145453453064,0.06785470992326736,1.4123196601867676,-1.0,726.0,265,2,256,0,0,0,700,700,1
721,2884,898,113,898,3,right+B,0.06830955296754837,0.2817341387271881,0.18813356757164001,0.396841436624527,0.06498129665851593,1.3989222049713135,0.0,726.0,266,2,256,0,0,0,700,700,1
722,2888,898,94,898,2,right+A,0.06953497231006622,0.2795625627040863,0.18414168059825897,0.4020625948905945,0.0646982192993164,1.3967459201812744,0.0,726.0,267,2,256,0,0,0,700,700,1
723,2892,898,79,898,3,right+B,0.06768008321523666,0.2790307104587555,0.17761832475662231,0.41337862610816956,0.06229231506586075,1.3834630250930786,0.0,726.0,268,2,256,0,0,0,700,700,1
724,2896,898,93,898,2,right+A,0.06898453831672668,0.2790346145629883,0.17786410450935364,0.4127344489097595,0.06138233467936516,1.3842906951904297,0.0,726.0,269,2,256,0,0,0,700,700,1
725,2900,898,108,898,0,NOOP,0.06848834455013275,0.27837467193603516,0.1791784167289734,0.41156214475631714,0.06239636614918709,1.3861658573150635,-1.0,725.0,270,2,255,0,0,0,700,700,1
726,2904,898,112,898,3,right+B,0.06863249838352203,0.2793760597705841,0.18474805355072021,0.4035065770149231,0.06373675912618637,1.3937947750091553,0.0,725.0,271,2,255,0,0,0,700,700,1
727,2908,898,106,898,3,right+B,0.06896001100540161,0.2777063250541687,0.18690603971481323,0.40229862928390503,0.06412892788648605,1.3961493968963623,0.0,725.0,272,2,255,0,0,0,700,700,1
728,2912,898,89,898,3,right+B,0.06887791305780411,0.28011009097099304,0.18842196464538574,0.39775553345680237,0.06483447551727295,1.3993070125579834,0.0,725.0,273,2,255,0,0,0,700,700,1
729,2916,898,79,898,0,NOOP,0.06892797350883484,0.28044867515563965,0.18216657638549805,0.405283659696579,0.06317315995693207,1.3916287422180176,0.0,725.0,274,2,255,0,0,0,700,700,1
730,2920,898,79,898,3,right+B,0.06846124678850174,0.2785058915615082,0.1812155544757843,0.40864381194114685,0.0631735548377037,1.3893020153045654,-1.0,724.0,275,2,254,0,0,0,700,700,1
731,2924,898,79,898,3,right+B,0.06862804293632507,0.28029972314834595,0.1833295226097107,0.40523889660835266,0.06250382959842682,1.3907203674316406,0.0,724.0,276,2,254,0,0,0,700,700,1
732,2928,898,79,898,3,right+B,0.06790334731340408,0.27814820408821106,0.17837385833263397,0.4139288663864136,0.06164569780230522,1.382927417755127,0.0,724.0,277,2,254,0,0,0,700,700,1
733,2932,898,79,898,0,NOOP,0.06809242069721222,0.279049813747406,0.18050232529640198,0.4102548062801361,0.0621006079018116,1.3862533569335938,0.0,724.0,278,2,254,0,0,0,700,700,1
734,2936,898,79,898,3,right+B,0.06790784746408463,0.27822479605674744,0.17922747135162354,0.412846177816391,0.06179381534457207,1.3839631080627441,0.0,724.0,279,2,254,0,0,0,700,700,1
735,2940,898,79,898,3,right+B,0.06811132282018661,0.278110146522522,0.17726008594036102,0.41544556617736816,0.061072856187820435,1.3812505006790161,-1.0,723.0,280,2,253,0,0,0,700,700,1
736,2944,898,79,898,1,right,0.06854040175676346,0.27880942821502686,0.17845214903354645,0.412876158952713,0.06132190302014351,1.383785367012024,0.0,723.0,281,2,253,0,0,0,700,700,1
737,2948,898,79,898,0,NOOP,0.06839647889137268,0.2784564197063446,0.17764770984649658,0.41398921608924866,0.061510201543569565,1.3830686807632446,0.0,723.0,282,2,253,0,0,0,700,700,1
738,2952,898,93,898,2,right+A,0.06839589029550552,0.27797988057136536,0.17974109947681427,0.4116811156272888,0.06220196560025215,1.3859455585479736,0.0,723.0,283,2,253,0,0,0,700,700,1
739,2956,898,109,898,2,right+A,0.06859181821346283,0.27835360169410706,0.1826985776424408,0.40749719738960266,0.06285879015922546,1.3900866508483887,0.0,723.0,284,2,253,0,0,0,700,700,1
740,2960,898,121,898,1,right,0.06884074211120605,0.27963462471961975,0.18472203612327576,0.40301698446273804,0.06378569453954697,1.3943281173706055,-1.0,722.0,285,2,252,0,0,0,700,700,1
741,2964,898,122,898,1,right,0.06954532861709595,0.2788859009742737,0.19438427686691284,0.3897870182991028,0.06739746779203415,1.408922553062439,0.0,722.0,286,2,252,0,0,0,700,700,1
742,2968,898,113,898,1,right,0.06878447532653809,0.2815871834754944,0.18974831700325012,0.39478299021720886,0.06509698927402496,1.4011082649230957,0.0,722.0,287,2,252,0,0,0,700,700,1
743,2972,898,94,898,3,right+B,0.06990222632884979,0.2801313102245331,0.18801625072956085,0.3963000178337097,0.06565011292695999,1.4022711515426636,0.0,722.0,288,2,252,0,0,0,700,700,1
744,2976,898,79,898,0,NOOP,0.06731943041086197,0.27896639704704285,0.18014118075370789,0.41083893179893494,0.06273411214351654,1.3857243061065674,0.0,722.0,289,2,252,0,0,0,700,700,1
745,2980,898,79,898,3,right+B,0.06891479343175888,0.2799523174762726,0.18137942254543304,0.40704163908958435,0.06271178275346756,1.3899279832839966,-1.0,721.0,290,2,251,0,0,0,700,700,1
746,2984,898,79,898,3,right+B,0.06797973066568375,0.27844882011413574,0.17477737367153168,0.41801461577415466,0.060779470950365067,1.3784451484680176,0.0,721.0,291,2,251,0,0,0,700,700,1
747,2988,898,93,898,4,right+A+B,0.06822749972343445,0.27812325954437256,0.17524339258670807,0.4177771806716919,0.06062863767147064,1.3788769245147705,0.0,721.0,292,2,251,0,0,0,700,700,1
748,2992,898,109,898,4,right+A+B,0.06870559602975845,0.2790028154850006,0.1818247139453888,0.4079420566558838,0.06252481788396835,1.3892076015472412,0.0,721.0,293,2,251,0,0,0,700,700,1
749,2996,898,121,898,1,right,0.06878110766410828,0.27936482429504395,0.18509674072265625,0.40345269441604614,0.06330463290214539,1.3935269117355347,0.0,721.0,294,2,251,0,0,0,700,700,1
750,3000,898,122,898,2,right+A,0.0697275772690773,0.2792088985443115,0.19312594830989838,0.391306608915329,0.06663099676370621,1.4071123600006104,-1.0,720.0,295,2,250,0,0,0,700,700,1
751,3004,898,113,898,3,right+B,0.06844015419483185,0.2806559205055237,0.18478471040725708,0.4024062156677246,0.06371307373046875,1.3939049243927002,0.0,720.0,296,2,250,0,0,0,700,700,1
752,3008,898,94,898,2,right+A,0.07011964172124863,0.2794041931629181,0.18517597019672394,0.40040308237075806,0.06489711999893188,1.3988761901855469,0.0,720.0,297,2,250,0,0,0,700,700,1
753,3012,898,79,898,2,right+A,0.06790817528963089,0.2789337635040283,0.17942078411579132,0.41096875071525574,0.06276848912239075,1.3862429857254028,0.0,720.0,298,2,250,0,0,0,700,700,1
754,3016,898,79,898,0,NOOP,0.06937742233276367,0.279652863740921,0.18292483687400818,0.4056535065174103,0.06239130347967148,1.3912758827209473,0.0,720.0,299,2,250,0,0,0,700,700,1
755,3020,898,79,898,3,right+B,0.06848010420799255,0.27937087416648865,0.18016476929187775,0.4095747470855713,0.062409453094005585,1.387376308441162,-1.0,719.0,300,2,249,0,0,0,700,700,1
756,3024,898,79,898,3,right+B,0.06829831004142761,0.2791272699832916,0.1825774610042572,0.40752121806144714,0.06247575581073761,1.389042615890503,0.0,719.0,301,2,249,0,0,0,700,700,1
757,3028,898,79,898,3,right+B,0.06772482395172119,0.2790503203868866,0.17667101323604584,0.41539475321769714,0.06115906313061714,1.3805888891220093,0.0,719.0,302,2,249,0,0,0,700,700,1
758,3032,898,79,898,3,right+B,0.06736255437135696,0.278424471616745,0.17726334929466248,0.4153768718242645,0.06157279387116432,1.3809778690338135,0.0,719.0,303,2,249,0,0,0,700,700,1
759,3036,898,79,898,3,right+B,0.06748082488775253,0.2778087556362152,0.1774391084909439,0.415565550327301,0.06170578673481941,1.3813490867614746,0.0,719.0,304,2,249,0,0,0,700,700,1
760,3040,898,79,898,1,right,0.06764508783817291,0.27820277214050293,0.17575283348560333,0.41726234555244446,0.061136968433856964,1.3792718648910522,-1.0,718.0,305,2,248,0,0,0,700,700,1
761,3044,898,79,898,1,right,0.06798777729272842,0.27863678336143494,0.17885252833366394,0.4124625027179718,0.06206037104129791,1.3844619989395142,0.0,718.0,306,2,248,0,0,0,700,700,1
762,3048,898,79,898,1,right,0.06786831468343735,0.2785058617591858,0.17773915827274323,0.41376304626464844,0.062123630195856094,1.3833788633346558,0.0,718.0,307,2,248,0,0,0,700,700,1
763,3052,898,79,898,3,right+B,0.06738465279340744,0.2773987352848053,0.17620830237865448,0.41772517561912537,0.061283137649297714,1.3791439533233643,0.0,718.0,308,2,248,0,0,0,700,700,1
764,3056,898,79,898,1,right,0.06784732639789581,0.2783128619194031,0.17661313712596893,0.4156875014305115,0.0615391805768013,1.381193995475769,0.0,718.0,309,2,248,0,0,0,700,700,1
765,3060,898,79,898,1,right,0.06826197355985641,0.27904754877090454,0.18146497011184692,0.40845954418182373,0.06276596337556839,1.388593316078186,-1.0,717.0,310,2,247,0,0,0,700,700,1
766,3064,898,79,898,3,right+B,0.06823981553316116,0.2792835235595703,0.18180063366889954,0.4078839421272278,0.06279215216636658,1.388964295387268,0.0,717.0,311,2,247,0,0,0,700,700,1
767,3068,898,79,898,1,right,0.06787330657243729,0.27929213643074036,0.18153466284275055,0.40880388021469116,0.06249602884054184,1.3875401020050049,0.0,717.0,312,2,247,0,0,0,700,700,1
768,3072,898,93,898,2,right+A,0.067908875644207,0.27894437313079834,0.18208162486553192,0.4086662232875824,0.06239898130297661,1.3877321481704712,0.0,717.0,313,2,247,0,0,0,700,700,1
769,3076,898,108,898,1,right,0.06840288639068604,0.28058165311813354,0.18677474558353424,0.39995986223220825,0.06428089737892151,1.3963868618011475,0.0,717.0,314,2,247,0,0,0,700,700,1
770,3080,898,112,898,3,right+B,0.06819270551204681,0.28057295083999634,0.18509547412395477,0.4020412564277649,0.0640975832939148,1.3943852186203003,-1.0,716.0,315,2,246,0,0,0,700,700,1
771,3084,898,106,898,2,right+A,0.06835876405239105,0.277814120054245,0.18767179548740387,0.4018297791481018,0.06432550400495529,1.3960721492767334,0.0,716.0,316,2,246,0,0,0,700,700,1
772,3088,898,89,898,2,right+A,0.06840403378009796,0.2802320122718811,0.1865140199661255,0.4004516005516052,0.06439831107854843,1.3962801694869995,0.0,716.0,317,2,246,0,0,0,700,700,1
773,3092,898,79,898,3,right+B,0.06848575919866562,0.28015103936195374,0.1794077455997467,0.4094237685203552,0.06253168731927872,1.3872904777526855,0.0,716.0,318,2,246,0,0,0,700,700,1
774,3096,898,79,898,1,right,0.06750260293483734,0.2770889699459076,0.17354126274585724,0.4208115041255951,0.06105560436844826,1.3764610290527344,0.0,716.0,319,2,246,0,0,0,700,700,1
775,3100,898,93,898,2,right+A,0.06771676987409592,0.27839258313179016,0.1756007969379425,0.4177075922489166,0.06058226525783539,1.3782795667648315,-1.0,715.0,320,2,245,0,0,0,700,700,1
776,3104,898,109,898,4,right+A+B,0.06817356497049332,0.27849864959716797,0.18108415603637695,0.40890827775001526,0.06333529949188232,1.3889795541763306,0.0,715.0,321,2,245,0,0,0,700,700,1
777,3108,898,122,898,2,right+A,0.0684051439166069,0.2794795334339142,0.18615326285362244,0.4016917645931244,0.06427033990621567,1.395500659942627,0.0,715.0,322,2,245,0,0,0,700,700,1
778,3112,898,130,898,3,right+B,0.06945987045764923,0.2797890603542328,0.19742339849472046,0.38513636589050293,0.06819131970405579,1.4125276803970337,0.0,715.0,323,2,245,0,0,0,700,700,1
779,3116,898,129,898,3,right+B,0.06732946634292603,0.28152498602867126,0.1911434531211853,0.3946097493171692,0.06539228558540344,1.4000775814056396,0.0,715.0,324,2,245,0,0,0,700,700,1
780,3120,898,117,898,0,NOOP,0.06711439043283463,0.2792564332485199,0.19046440720558167,0.3966299593448639,0.06653477996587753,1.4004671573638916,-1.0,714.0,325,2,244,0,0,0,700,700,1
781,3124,898,97,898,3,right+B,0.06775852292776108,0.2789553105831146,0.18733398616313934,0.39929845929145813,0.06665375828742981,1.3993836641311646,0.0,714.0,326,2,244,0,0,0,700,700,1
782,3128,898,79,898,1,right,0.0670693889260292,0.27989834547042847,0.1847643256187439,0.4035184681415558,0.06474946439266205,1.3930730819702148,0.0,714.0,327,2,244,0,0,0,700,700,1
783,3132,898,79,898,1,right,0.06744196265935898,0.2777279019355774,0.17816632986068726,0.4142113924026489,0.06245245784521103,1.383280634880066,0.0,714.0,328,2,244,0,0,0,700,700,1
784,3136,898,79,898,3,right+B,0.06808852404356003,0.2785385251045227,0.1758197546005249,0.4167468547821045,0.06080640107393265,1.3796350955963135,0.0,714.0,329,2,244,0,0,0,700,700,1
785,3140,898,79,898,3,right+B,0.06821668148040771,0.27906471490859985,0.17748896777629852,0.4133623242378235,0.06186728924512863,1.3835302591323853,-1.0,713.0,330,2,243,0,0,0,700,700,1
786,3144,898,79,898,1,right,0.06763768941164017,0.27803486585617065,0.17602714896202087,0.41704484820365906,0.06125539913773537,1.3796544075012207,0.0,713.0,331,2,243,0,0,0,700,700,1
787,3148,898,79,898,1,right,0.0674569308757782,0.2775420546531677,0.17593567073345184,0.4179004728794098,0.061164870858192444,1.3788717985153198,0.0,713.0,332,2,243,0,0,0,700,700,1
788,3152,898,79,898,1,right,0.06826769560575485,0.2788548171520233,0.17985467612743378,0.4107278287410736,0.06229493394494057,1.3863259553909302,0.0,713.0,333,2,243,0,0,0,700,700,1
789,3156,898,79,898,3,right+B,0.06855426728725433,0.27931737899780273,0.1820661872625351,0.40724846720695496,0.06281378120183945,1.389793038368225,0.0,713.0,334,2,243,0,0,0,700,700,1
790,3160,898,79,898,1,right,0.06835329532623291,0.27924177050590515,0.18228502571582794,0.40733811259269714,0.06278173625469208,1.3895219564437866,-1.0,712.0,335,2,242,0,0,0,700,700,1
791,3164,898,79,898,3,right+B,0.06814433634281158,0.279357373714447,0.18170450627803802,0.40854695439338684,0.06224677711725235,1.3877202272415161,0.0,712.0,336,2,242,0,0,0,700,700,1
792,3168,898,93,898,2,right+A,0.0680236667394638,0.2788877785205841,0.18143439292907715,0.4097340404987335,0.06192001700401306,1.386488437652588,0.0,712.0,337,2,242,0,0,0,700,700,1
793,3172,898,108,898,3,right+B,0.06816361844539642,0.280271977186203,0.18378019332885742,0.4041040241718292,0.06368012726306915,1.3924269676208496,0.0,712.0,338,2,242,0,0,0,700,700,1
794,3176,898,112,898,1,right,0.06776772439479828,0.27988001704216003,0.1840384602546692,0.40456029772758484,0.06375355273485184,1.3919163942337036,0.0,712.0,339,2,242,0,0,0,700,700,1
795,3180,898,106,898,3,right+B,0.068172387778759,0.27786585688591003,0.18654592335224152,0.403238981962204,0.06417681276798248,1.3946254253387451,-1.0,711.0,340,2,241,0,0,0,700,700,1
796,3184,898,89,898,1,right,0.06830359250307083,0.2803902328014374,0.18567514419555664,0.4012773036956787,0.06435371935367584,1.395433783531189,0.0,711.0,341,2,241,0,0,0,700,700,1
797,3188,898,79,898,1,right,0.06844009459018707,0.2802809774875641,0.1790301501750946,0.4098094701766968,0.062439385801553726,1.3867725133895874,0.0,711.0,342,2,241,0,0,0,700,700,1
798,3192,898,79,898,3,right+B,0.0677386000752449,0.27735570073127747,0.17392708361148834,0.419859915971756,0.061118707060813904,1.377466082572937,0.0,711.0,343,2,241,0,0,0,700,700,1
799,3196,898,79,898,3,right+B,0.0679285004734993,0.27862274646759033,0.1761815994977951,0.4167056381702423,0.06056147441267967,1.379218578338623,0.0,711.0,344,2,241,0,0,0,700,700,1
800,3200,898,79,898,1,right,0.06817242503166199,0.27874329686164856,0.1789841204881668,0.41155222058296204,0.0625479444861412,1.3858668804168701,-1.0,710.0,345,2,240,0,0,0,700,700,1
801,3204,898,79,898,0,NOOP,0.06802500039339066,0.27790722250938416,0.18039077520370483,0.4116309881210327,0.062046028673648834,1.3854925632476807,0.0,710.0,346,2,240,0,0,0,700,700,1
802,3208,898,79,898,1,right,0.06848486512899399,0.27942579984664917,0.1836012750864029,0.4056415557861328,0.06284651905298233,1.3909975290298462,0.0,710.0,347,2,240,0,0,0,700,700,1
803,3212,898,79,898,1,right,0.06869019567966461,0.28012070059776306,0.18473920226097107,0.4034176766872406,0.06303229928016663,1.3928592205047607,0.0,710.0,348,2,240,0,0,0,700,700,1
804,3216,898,79,898,1,right,0.06782052665948868,0.2783529460430145,0.17789122462272644,0.41484707593917847,0.0610881969332695,1.3813868761062622,0.0,710.0,349,2,240,0,0,0,700,700,1
805,3220,898,79,898,0,NOOP,0.06759919226169586,0.2789941132068634,0.179617777466774,0.41167715191841125,0.06211173161864281,1.3846344947814941,-1.0,709.0,350,2,239,0,0,0,700,700,1
806,3224,898,93,898,2,right+A,0.06789158284664154,0.2786416709423065,0.18041105568408966,0.4104369878768921,0.06261875480413437,1.3866358995437622,0.0,709.0,351,2,239,0,0,0,700,700,1
807,3228,898,108,898,1,right,0.0681268572807312,0.2786642014980316,0.18197019398212433,0.4083467125892639,0.06289203464984894,1.388850212097168,0.0,709.0,352,2,239,0,0,0,700,700,1
808,3232,898,112,898,1,right,0.06818762421607971,0.2795387804508209,0.18151427805423737,0.4077606201171875,0.06299874186515808,1.3891221284866333,0.0,709.0,353,2,239,0,0,0,700,700,1
809,3236,898,106,898,3,right+B,0.0685482993721962,0.27731433510780334,0.18545572459697723,0.4051128327846527,0.06356879323720932,1.3931183815002441,0.0,709.0,354,2,239,0,0,0,700,700,1
810,3240,898,89,898,3,right+B,0.06864717602729797,0.2798818349838257,0.18592870235443115,0.4015224277973175,0.06401986628770828,1.3954418897628784,-1.0,708.0,355,2,238,0,0,0,700,700,1
811,3244,898,79,898,4,right+A+B,0.06858883798122406,0.280169814825058,0.17885543406009674,0.4101692736148834,0.062216684222221375,1.3864316940307617,0.0,708.0,356,2,238,0,0,0,700,700,1
812,3248,898,79,898,1,right,0.06809210032224655,0.27770495414733887,0.17538237571716309,0.4173082113265991,0.06151232123374939,1.380280613899231,0.0,708.0,357,2,238,0,0,0,700,700,1
813,3252,898,79,898,3,right+B,0.06835630536079407,0.27892547845840454,0.17824849486351013,0.41331392526626587,0.06115581467747688,1.383011817932129,0.0,708.0,358,2,238,0,0,0,700,700,1
814,3256,898,79,898,1,right,0.0684392899274826,0.27924713492393494,0.1814696341753006,0.40803322196006775,0.06281068921089172,1.3890737295150757,0.0,708.0,359,2,238,0,0,0,700,700,1
815,3260,898,79,898,1,right,0.06838604807853699,0.27911868691444397,0.1828344315290451,0.4071859121322632,0.062474872916936874,1.3894004821777344,-1.0,707.0,360,2,237,0,0,0,700,700,1
816,3264,898,79,898,3,right+B,0.06818335503339767,0.27861276268959045,0.18046411871910095,0.41125860810279846,0.06148112192749977,1.3850425481796265,0.0,707.0,361,2,237,0,0,0,700,700,1
817,3268,898,79,898,1,right,0.06845910102128983,0.28031086921691895,0.18257015943527222,0.40602827072143555,0.06263168901205063,1.3900586366653442,0.0,707.0,362,2,237,0,0,0,700,700,1
818,3272,898,79,898,3,right+B,0.0682145357131958,0.27958154678344727,0.18015986680984497,0.4097580313682556,0.06228603422641754,1.3867450952529907,0.0,707.0,363,2,237,0,0,0,700,700,1
819,3276,898,79,898,3,right+B,0.06794587522745132,0.2781672477722168,0.17833495140075684,0.4141916334629059,0.06136026605963707,1.3824348449707031,0.0,707.0,364,2,237,0,0,0,700,700,1
820,3280,898,79,898,0,NOOP,0.06820733100175858,0.27865442633628845,0.17634867131710052,0.4158424139022827,0.06094718351960182,1.380622148513794,-1.0,706.0,365,2,236,0,0,0,700,700,1
821,3284,898,93,898,2,right+A,0.06870537996292114,0.2788268029689789,0.180425763130188,0.4099854528903961,0.06205662712454796,1.3871192932128906,0.0,706.0,366,2,236,0,0,0,700,700,1
822,3288,898,109,898,2,right+A,0.06899088621139526,0.27924197912216187,0.1828376203775406,0.4059336483478546,0.06299591064453125,1.3914985656738281,0.0,706.0,367,2,236,0,0,0,700,700,1
823,3292,898,121,898,1,right,0.0687934085726738,0.27929961681365967,0.18331915140151978,0.4056495130062103,0.06293831020593643,1.3914456367492676,0.0,706.0,368,2,236,0,0,0,700,700,1
824,3296,898,122,898,3,right+B,0.0697348564863205,0.2793952524662018,0.19322553277015686,0.39072784781455994,0.06691652536392212,1.4077625274658203,0.0,706.0,369,2,236,0,0,0,700,700,1
825,3300,898,113,898,1,right,0.06881457567214966,0.2812259793281555,0.18694640696048737,0.3985850512981415,0.06442806869745255,1.3977373838424683,-1.0,705.0,370,2,235,0,0,0,700,700,1
826,3304,898,94,898,3,right+B,0.07025276869535446,0.28017720580101013,0.18769076466560364,0.3966764807701111,0.0652027279138565,1.4018455743789673,0.0,705.0,371,2,235,0,0,0,700,700,1
827,3308,898,79,898,0,NOOP,0.0679575502872467,0.28025832772254944,0.1819017082452774,0.40669697523117065,0.06318541616201401,1.3896409273147583,0.0,705.0,372,2,235,0,0,0,700,700,1
828,3312,898,79,898,1,right,0.0691644474864006,0.2795230448246002,0.18260657787322998,0.40621769428253174,0.06248823553323746,1.3907785415649414,0.0,705.0,373,2,235,0,0,0,700,700,1
829,3316,898,93,898,4,right+A+B,0.06813957542181015,0.2792426645755768,0.17626725137233734,0.4152660369873047,0.06108449772000313,1.3809278011322021,0.0,705.0,374,2,235,0,0,0,700,700,1
830,3320,898,108,898,3,right+B,0.06823023408651352,0.2792210578918457,0.17991232872009277,0.41034582257270813,0.062290485948324203,1.386439561843872,-1.0,704.0,375,2,234,0,0,0,700,700,1
831,3324,898,112,898,1,right,0.0682891234755516,0.27951109409332275,0.18314890563488007,0.4059133231639862,0.06313755363225937,1.3908634185791016,0.0,704.0,376,2,234,0,0,0,700,700,1
832,3328,898,106,898,2,right+A,0.06890814751386642,0.27829980850219727,0.18717141449451447,0.4017001688480377,0.06392046809196472,1.39609694480896,0.0,704.0,377,2,234,0,0,0,700,700,1
833,3332,898,89,898,3,right+B,0.06881667673587799,0.2800207734107971,0.18641158938407898,0.40076661109924316,0.06398432701826096,1.3960963487625122,0.0,704.0,378,2,234,0,0,0,700,700,1
834,3336,898,79,898,3,right+B,0.06882689148187637,0.2803265452384949,0.1794288456439972,0.40918129682540894,0.062236469238996506,1.3874279260635376,0.0,704.0,379,2,234,0,0,0,700,700,1
835,3340,898,79,898,1,right,0.06804237514734268,0.2773374915122986,0.1740279644727707,0.41968005895614624,0.060912083834409714,1.377702236175537,-1.0,703.0,380,2,233,0,0,0,700,700,1
836,3344,898,79,898,3,right+B,0.06858409941196442,0.27925199270248413,0.17824134230613708,0.41282138228416443,0.06110118329524994,1.3834389448165894,0.0,703.0,381,2,233,0,0,0,700,700,1
837,3348,898,93,898,2,right+A,0.06839305907487869,0.27856090664863586,0.17938676476478577,0.41114646196365356,0.06251278519630432,1.386460304260254,0.0,703.0,382,2,233,0,0,0,700,700,1
838,3352,898,108,898,3,right+B,0.06908591091632843,0.2797379195690155,0.18809553980827332,0.3991343080997467,0.06394631415605545,1.3976770639419556,0.0,703.0,383,2,233,0,0,0,700,700,1
839,3356,898,112,898,1,right,0.06899544596672058,0.2808365225791931,0.19010308384895325,0.39559248089790344,0.0644725114107132,1.4003520011901855,0.0,703.0,384,2,233,0,0,0,700,700,1
840,3360,898,106,898,3,right+B,0.06892435997724533,0.27817845344543457,0.19100739061832428,0.3973422944545746,0.06454741954803467,1.4000968933105469,-1.0,702.0,385,2,232,0,0,0,700,700,1
841,3364,898,89,898,3,right+B,0.0685928463935852,0.28120750188827515,0.1895952969789505,0.39578092098236084,0.06482348591089249,1.4000375270843506,0.0,702.0,386,2,232,0,0,0,700,700,1
842,3368,898,79,898,0,NOOP,0.0684228241443634,0.2810375690460205,0.18034617602825165,0.40776750445365906,0.06242595240473747,1.388082504272461,0.0,702.0,387,2,232,0,0,0,700,700,1
843,3372,898,79,898,1,right,0.06785622984170914,0.2777712941169739,0.1760755479335785,0.416363388299942,0.06193353608250618,1.381282925605774,0.0,702.0,388,2,232,0,0,0,700,700,1
844,3376,898,79,898,3,right+B,0.06814076006412506,0.2793124318122864,0.17704033851623535,0.41440439224243164,0.06110214442014694,1.3816511631011963,0.0,702.0,389,2,232,0,0,0,700,700,1
845,3380,898,79,898,3,right+B,0.06775755435228348,0.27749401330947876,0.17331254482269287,0.42081889510154724,0.06061704456806183,1.3760454654693604,-1.0,701.0,390,2,231,0,0,0,700,700,1
846,3384,898,79,898,1,right,0.06824792921543121,0.27792027592658997,0.17709337174892426,0.4156234562397003,0.06111492961645126,1.3813598155975342,0.0,701.0,391,2,231,0,0,0,700,700,1
847,3388,898,79,898,3,right+B,0.06833993643522263,0.27791041135787964,0.17814786732196808,0.4143291115760803,0.06127271428704262,1.382718801498413,0.0,701.0,392,2,231,0,0,0,700,700,1
848,3392,898,79,898,1,right,0.0688183531165123,0.27883613109588623,0.17928321659564972,0.41166919469833374,0.06139306724071503,1.385123372077942,0.0,701.0,393,2,231,0,0,0,700,700,1
849,3396,898,79,898,3,right+B,0.06914089620113373,0.27966687083244324,0.18355371057987213,0.4051511585712433,0.06248730793595314,1.3915420770645142,0.0,701.0,394,2,231,0,0,0,700,700,1
850,3400,898,79,898,1,right,0.0692223608493805,0.2803541421890259,0.18517541885375977,0.4022916853427887,0.06295637786388397,1.3940818309783936,-1.0,700.0,395,2,230,0,0,0,700,700,1
851,3404,898,93,898,2,right+A,0.06847169995307922,0.2794131636619568,0.18355730175971985,0.4064105451107025,0.062147293239831924,1.3896257877349854,0.0,700.0,396,2,230,0,0,0,700,700,1
852,3408,898,108,898,3,right+B,0.06865343451499939,0.2796482443809509,0.18602260947227478,0.4025671184062958,0.0631086677312851,1.393760085105896,0.0,700.0,397,2,230,0,0,0,700,700,1
853,3412,898,112,898,0,NOOP,0.06863229721784592,0.28093916177749634,0.18805745244026184,0.3981586992740631,0.0642123892903328,1.3977612257003784,0.0,700.0,398,2,230,0,0,0,700,700,1
854,3416,898,106,898,2,right+A,0.06882057338953018,0.27872434258461,0.18795397877693176,0.40025755763053894,0.06424355506896973,1.3972842693328857,0.0,700.0,399,2,230,0,0,0,700,700,1
855,3420,898,89,898,3,right+B,0.0686376690864563,0.2803018391132355,0.18684616684913635,0.4001252055168152,0.06408912688493729,1.3964053392410278,-1.0,699.0,400,2,229,0,0,0,700,700,1
856,3424,898,79,898,2,right+A,0.06859324872493744,0.28060248494148254,0.17911756038665771,0.4093998670578003,0.06228683143854141,1.386953353881836,0.0,699.0,401,2,229,0,0,0,700,700,1
857,3428,898,79,898,1,right,0.0675777718424797,0.27699989080429077,0.1729719191789627,0.4218113422393799,0.060638993978500366,1.3752492666244507,0.0,699.0,402,2,229,0,0,0,700,700,1
858,3432,898,79,898,3,right+B,0.06774306297302246,0.27821052074432373,0.17509876191616058,0.4186537265777588,0.06029396504163742,1.3772592544555664,0.0,699.0,403,2,229,0,0,0,700,700,1
859,3436,898,79,898,3,right+B,0.06775884330272675,0.2777293026447296,0.175909161567688,0.4169425070285797,0.061660148203372955,1.3804240226745605,0.0,699.0,404,2,229,0,0,0,700,700,1
860,3440,898,79,898,1,right,0.0681023821234703,0.2777979075908661,0.1789494752883911,0.41330990195274353,0.061840299516916275,1.3840010166168213,-1.0,698.0,405,2,228,0,0,0,700,700,1
861,3444,898,79,898,1,right,0.06815123558044434,0.27791842818260193,0.17823126912117004,0.414326936006546,0.061372142285108566,1.3826420307159424,0.0,698.0,406,2,228,0,0,0,700,700,1
862,3448,898,79,898,1,right,0.0686715617775917,0.2796398997306824,0.18407019972801208,0.4048871099948883,0.06273122876882553,1.3915644884109497,0.0,698.0,407,2,228,0,0,0,700,700,1
863,3452,898,79,898,3,right+B,0.06855140626430511,0.27996376156806946,0.18356207013130188,0.4049036204814911,0.06301913410425186,1.3916054964065552,0.0,698.0,408,2,228,0,0,0,700,700,1
864,3456,898,79,898,3,right+B,0.06763622164726257,0.2778685390949249,0.1803952157497406,0.4124833643436432,0.06161662936210632,1.383965253829956,0.0,698.0,409,2,228,0,0,0,700,700,1
865,3460,898,79,898,1,right,0.06770158559083939,0.2789532542228699,0.177633598446846,0.4144067168235779,0.06130478158593178,1.381606101989746,-1.0,697.0,410,2,227,0,0,0,700,700,1
866,3464,898,93,898,2,right+A,0.06808184832334518,0.2793841063976288,0.1802617758512497,0.41029679775238037,0.06197551637887955,1.3859291076660156,0.0,697.0,411,2,227,0,0,0,700,700,1
867,3468,898,109,898,4,right+A+B,0.0683661699295044,0.2793559730052948,0.18207401037216187,0.4072106182575226,0.06299325078725815,1.389813780784607,0.0,697.0,412,2,227,0,0,0,700,700,1
868,3472,898,122,898,4,right+A+B,0.06820111721754074,0.27949824929237366,0.18325714766979218,0.40593472123146057,0.06310879439115524,1.3907344341278076,0.0,697.0,413,2,227,0,0,0,700,700,1
869,3476,898,130,898,1,right,0.06934048235416412,0.2787967920303345,0.19124196469783783,0.3940916359424591,0.06652910262346268,1.4047740697860718,0.0,697.0,414,2,227,0,0,0,700,700,1
870,3480,898,129,898,2,right+A,0.06725252419710159,0.28001895546913147,0.1853383481502533,0.4037925601005554,0.06359759718179703,1.3917752504348755,-1.0,696.0,415,2,226,0,0,0,700,700,1
871,3484,898,117,898,3,right+B,0.06744187325239182,0.27864059805870056,0.1860051453113556,0.40267226099967957,0.06524010747671127,1.3951376676559448,0.0,696.0,416,2,226,0,0,0,700,700,1
872,3488,898,97,898,0,NOOP,0.06856511533260345,0.2780790328979492,0.18658654391765594,0.4008185863494873,0.06595072150230408,1.3986613750457764,0.0,696.0,417,2,226,0,0,0,700,700,1
873,3492,898,79,898,3,right+B,0.06810576468706131,0.27948692440986633,0.18684053421020508,0.4007114768028259,0.06485521793365479,1.3965678215026855,0.0,696.0,418,2,226,0,0,0,700,700,1
874,3496,898,79,898,1,right,0.06828411668539047,0.27838805317878723,0.18306788802146912,0.4072597026824951,0.06300027668476105,1.3901108503341675,0.0,696.0,419,2,226,0,0,0,700,700,1
875,3500,898,79,898,1,right,0.06880050152540207,0.27951255440711975,0.18160763382911682,0.40856418013572693,0.06151512265205383,1.3874917030334473,-1.0,695.0,420,2,225,0,0,0,700,700,1
876,3504,898,93,898,2,right+A,0.06850406527519226,0.2795509397983551,0.181945338845253,0.4078212082386017,0.06217850372195244,1.388502836227417,0.0,695.0,421,2,225,0,0,0,700,700,1
877,3508,898,108,898,3,right+B,0.0680803507566452,0.2794305980205536,0.18370337784290314,0.4054986834526062,0.06328704208135605,1.3911793231964111,0.0,695.0,422,2,225,0,0,0,700,700,1
878,3512,898,112,898,1,right,0.06796367466449738,0.2796860635280609,0.1840655654668808,0.4050552248954773,0.06322942674160004,1.3912450075149536,0.0,695.0,423,2,225,0,0,0,700,700,1
879,3516,898,106,898,3,right+B,0.0684763491153717,0.27769148349761963,0.1857483685016632,0.40441077947616577,0.06367304176092148,1.3935538530349731,0.0,695.0,424,2,225,0,0,0,700,700,1
880,3520,898,89,898,1,right,0.06848356872797012,0.28016799688339233,0.18567781150341034,0.40172308683395386,0.06394749134778976,1.3949295282363892,-1.0,694.0,425,2,224,0,0,0,700,700,1
881,3524,898,79,898,3,right+B,0.06851167231798172,0.2799622118473053,0.1787647008895874,0.41064026951789856,0.06212114170193672,1.3859586715698242,0.0,694.0,426,2,224,0,0,0,700,700,1
882,3528,898,93,898,2,right+A,0.06775728613138199,0.27702686190605164,0.17354841530323029,0.42086541652679443,0.06080199033021927,1.3764171600341797,0.0,694.0,427,2,224,0,0,0,700,700,1
883,3532,898,108,898,1,right,0.0683373436331749,0.2789763808250427,0.18115922808647156,0.40925848484039307,0.06226857006549835,1.3875184059143066,0.0,694.0,428,2,224,0,0,0,700,700,1
884,3536,898,112,898,3,right+B,0.06829406321048737,0.2788846790790558,0.1821867823600769,0.40706127882003784,0.06357313692569733,1.3906772136688232,0.0,694.0,429,2,224,0,0,0,700,700,1
885,3540,898,106,898,3,right+B,0.06904672831296921,0.2777568995952606,0.1894817352294922,0.39921849966049194,0.06449610739946365,1.3989393711090088,-1.0,693.0,430,2,223,0,0,0,700,700,1
886,3544,898,89,898,3,right+B,0.0690886527299881,0.2807523310184479,0.19167833030223846,0.3934043347835541,0.06507635116577148,1.402720332145691,0.0,693.0,431,2,223,0,0,0,700,700,1
887,3548,898,79,898,3,right+B,0.06888365745544434,0.2814910113811493,0.1845143586397171,0.40175148844718933,0.06335950642824173,1.39412522315979,0.0,693.0,432,2,223,0,0,0,700,700,1
888,3552,898,93,898,4,right+A+B,0.06776923686265945,0.2776549160480499,0.17784442007541656,0.4152228534221649,0.06150858849287033,1.3817787170410156,0.0,693.0,433,2,223,0,0,0,700,700,1
889,3556,898,108,898,3,right+B,0.06826595962047577,0.28024986386299133,0.18468648195266724,0.40364503860473633,0.06315268576145172,1.3923358917236328,0.0,693.0,434,2,223,0,0,0,700,700,1
890,3560,898,112,898,3,right+B,0.06775320321321487,0.27912038564682007,0.18166446685791016,0.4082123935222626,0.06324958056211472,1.3887746334075928,-1.0,692.0,435,2,222,0,0,0,700,700,1
891,3564,898,106,898,0,NOOP,0.06851041316986084,0.2777714133262634,0.18701142072677612,0.4029608368873596,0.06374592334032059,1.3947548866271973,0.0,692.0,436,2,222,0,0,0,700,700,1
892,3568,898,89,898,4,right+A+B,0.06845484673976898,0.2801150381565094,0.18569840490818024,0.4018358290195465,0.06389591842889786,1.3947807550430298,0.0,692.0,437,2,222,0,0,0,700,700,1
893,3572,898,79,898,3,right+B,0.06838743388652802,0.2798009216785431,0.17856179177761078,0.41120585799217224,0.06204397976398468,1.3853591680526733,0.0,692.0,438,2,222,0,0,0,700,700,1
894,3576,898,79,898,3,right+B,0.06757136434316635,0.27681469917297363,0.1729893684387207,0.42191624641418457,0.06070832535624504,1.375309705734253,0.0,692.0,439,2,222,0,0,0,700,700,1
895,3580,898,79,898,0,NOOP,0.06778664141893387,0.27812060713768005,0.17504467070102692,0.41880956292152405,0.060238465666770935,1.3771469593048096,-1.0,691.0,440,2,221,0,0,0,700,700,1
896,3584,898,79,898,0,NOOP,0.06826048344373703,0.2783052623271942,0.17834138870239258,0.4126260280609131,0.062466878443956375,1.38516366481781,0.0,691.0,441,2,221,0,0,0,700,700,1
897,3588,898,79,898,1,right,0.06886748224496841,0.27851805090904236,0.1821289360523224,0.4078073501586914,0.06267814338207245,1.3898440599441528,0.0,691.0,442,2,221,0,0,0,700,700,1
898,3592,898,93,898,2,right+A,0.06895387172698975,0.2790697515010834,0.18192054331302643,0.4082660675048828,0.06178978085517883,1.388369083404541,0.0,691.0,443,2,221,0,0,0,700,700,1
899,3596,898,108,898,1,right,0.0688072219491005,0.27972811460494995,0.18557696044445038,0.40295544266700745,0.06293220818042755,1.3933887481689453,0.0,691.0,444,2,221,0,0,0,700,700,1
900,3600,898,112,898,3,right+B,0.06843378394842148,0.2795756459236145,0.18779021501541138,0.4005901515483856,0.0636102706193924,1.3956234455108643,-1.0,690.0,445,2,220,0,0,0,700,700,1
901,3604,898,106,898,2,right+A,0.06866229325532913,0.27868300676345825,0.19041365385055542,0.3978603482246399,0.06438068300485611,1.3990774154663086,0.0,690.0,446,2,220,0,0,0,700,700,1
902,3608,898,89,898,3,right+B,0.06848014146089554,0.280441552400589,0.18788287043571472,0.39908716082572937,0.06410819292068481,1.3969972133636475,0.0,690.0,447,2,220,0,0,0,700,700,1
903,3612,898,79,898,3,right+B,0.06849163770675659,0.2803630530834198,0.17961975932121277,0.4093638062477112,0.06216168776154518,1.386859655380249,0.0,690.0,448,2,220,0,0,0,700,700,1
904,3616,898,79,898,3,right+B,0.06769367307424545,0.2774416506290436,0.1735130399465561,0.42051026225090027,0.060841288417577744,1.3765184879302979,0.0,690.0,449,2,220,0,0,0,700,700,1
905,3620,898,79,898,1,right,0.06791866570711136,0.2782069742679596,0.17548006772994995,0.4181292653083801,0.06026506796479225,1.3778527975082397,-1.0,689.0,450,2,219,0,0,0,700,700,1
906,3624,898,79,898,3,right+B,0.0680488795042038,0.2780091166496277,0.17685721814632416,0.4152894616127014,0.06179537996649742,1.3821346759796143,0.0,689.0,451,2,219,0,0,0,700,700,1
907,3628,898,79,898,0,NOOP,0.0680476650595665,0.2775166630744934,0.17782975733280182,0.4150574505329132,0.061548564583063126,1.3822910785675049,0.0,689.0,452,2,219,0,0,0,700,700,1
908,3632,898,79,898,0,NOOP,0.06859451532363892,0.2785341739654541,0.17860755324363708,0.4127422273159027,0.061521515250205994,1.3842847347259521,0.0,689.0,453,2,219,0,0,0,700,700,1
909,3636,898,79,898,1,right,0.06922484934329987,0.27948302030563354,0.1830756664276123,0.4053135812282562,0.06290289014577866,1.392018437385559,0.0,689.0,454,2,219,0,0,0,700,700,1
910,3640,898,79,898,3,right+B,0.06929872930049896,0.27991437911987305,0.18253357708454132,0.40579840540885925,0.06245492398738861,1.3910410404205322,-1.0,688.0,455,2,218,0,0,0,700,700,1
911,3644,898,79,898,1,right,0.0689132958650589,0.27948319911956787,0.18106180429458618,0.4088984727859497,0.061643198132514954,1.38748037815094,0.0,688.0,456,2,218,0,0,0,700,700,1
912,3648,898,79,898,0,NOOP,0.06840312480926514,0.27866387367248535,0.18148069083690643,0.40951454639434814,0.06193777173757553,1.3871538639068604,0.0,688.0,457,2,218,0,0,0,700,700,1
913,3652,898,93,898,2,right+A,0.06860164552927017,0.2797473967075348,0.1826399564743042,0.4060402512550354,0.06297077983617783,1.390791654586792,0.0,688.0,458,2,218,0,0,0,700,700,1
914,3656,898,108,898,3,right+B,0.06857584416866302,0.27950572967529297,0.18341052532196045,0.4054677188396454,0.06304015964269638,1.3913981914520264,0.0,688.0,459,2,218,0,0,0,700,700,1
915,3660,898,112,898,3,right+B,0.06863624602556229,0.2798871695995331,0.18263034522533417,0.40573424100875854,0.06311200559139252,1.391160488128662,-1.0,687.0,460,2,217,0,0,0,700,700,1
916,3664,898,106,898,2,right+A,0.06897085160017014,0.27828359603881836,0.18651852011680603,0.402360737323761,0.06386625021696091,1.395601511001587,0.0,687.0,461,2,217,0,0,0,700,700,1
917,3668,898,89,898,2,right+A,0.06908924877643585,0.2803588807582855,0.1868705302476883,0.3994728922843933,0.06420838832855225,1.397456407546997,0.0,687.0,462,2,217,0,0,0,700,700,1
918,3672,898,79,898,3,right+B,0.06901871412992477,0.2806565761566162,0.18022558093070984,0.40766778588294983,0.06243123114109039,1.3889129161834717,0.0,687.0,463,2,217,0,0,0,700,700,1
919,3676,898,79,898,1,right,0.06832984834909439,0.2777503728866577,0.17530804872512817,0.41742366552352905,0.06118803843855858,1.380043625831604,0.0,687.0,464,2,217,0,0,0,700,700,1
920,3680,898,79,898,0,NOOP,0.06886164844036102,0.27960729598999023,0.17945317924022675,0.41070833802223206,0.06136951968073845,1.385595440864563,-1.0,686.0,465,2,216,0,0,0,700,700,1
921,3684,898,79,898,3,right+B,0.0688144788146019,0.27882206439971924,0.18077218532562256,0.408658891916275,0.06293246150016785,1.3892418146133423,0.0,686.0,466,2,216,0,0,0,700,700,1
922,3688,898,79,898,3,right+B,0.06943705677986145,0.27958136796951294,0.18424470722675323,0.40432119369506836,0.0624157190322876,1.3924446105957031,0.0,686.0,467,2,216,0,0,0,700,700,1
923,3692,898,93,898,4,right+A+B,0.0693134069442749,0.27979859709739685,0.18227459490299225,0.4068928062915802,0.061720553785562515,1.3894367218017578,0.0,686.0,468,2,216,0,0,0,700,700,1
924,3696,898,108,898,3,right+B,0.06895605474710464,0.2794256806373596,0.1860138177871704,0.40256959199905396,0.06303485482931137,1.394069790840149,0.0,686.0,469,2,216,0,0,0,700,700,1
925,3700,898,112,898,1,right,0.06895887106657028,0.28099551796913147,0.187966987490654,0.3979383111000061,0.06414027512073517,1.398154616355896,-1.0,685.0,470,2,215,0,0,0,700,700,1
926,3704,898,106,898,3,right+B,0.06909185647964478,0.278807669878006,0.18925407528877258,0.398612380027771,0.06423403322696686,1.3987492322921753,0.0,685.0,471,2,215,0,0,0,700,700,1
927,3708,898,89,898,3,right+B,0.06897315382957458,0.2806200087070465,0.18763324618339539,0.3984977900981903,0.0642758160829544,1.3980449438095093,0.0,685.0,472,2,215,0,0,0,700,700,1
928,3712,898,79,898,1,right,0.06896784901618958,0.28106215596199036,0.17993603646755219,0.40757089853286743,0.062463030219078064,1.3887966871261597,0.0,685.0,473,2,215,0,0,0,700,700,1
929,3716,898,93,898,2,right+A,0.06825778633356094,0.2776511609554291,0.17452238500118256,0.41852742433547974,0.06104125455021858,1.3789056539535522,0.0,685.0,474,2,215,0,0,0,700,700,1
930,3720,898,108,898,1,right,0.06880791485309601,0.27956587076187134,0.18214602768421173,0.4069567620754242,0.06252340227365494,1.389858603477478,-1.0,684.0,475,2,214,0,0,0,700,700,1
931,3724,898,112,898,1,right,0.0684785470366478,0.27898380160331726,0.18123090267181396,0.4081244468688965,0.0631823018193245,1.3895444869995117,0.0,684.0,476,2,214,0,0,0,700,700,1
932,3728,898,106,898,4,right+A+B,0.06957997381687164,0.27859601378440857,0.1899816244840622,0.3971911072731018,0.06465122103691101,1.4008253812789917,0.0,684.0,477,2,214,0,0,0,700,700,1
933,3732,898,89,898,3,right+B,0.06945919245481491,0.28069666028022766,0.19006529450416565,0.3948374390602112,0.06494143605232239,1.4019328355789185,0.0,684.0,478,2,214,0,0,0,700,700,1
934,3736,898,79,898,2,right+A,0.0696529671549797,0.2818427085876465,0.18558481335639954,0.39937064051628113,0.06354886293411255,1.3967745304107666,0.0,684.0,479,2,214,0,0,0,700,700,1
935,3740,898,79,898,1,right,0.06884362548589706,0.2794027030467987,0.18050773441791534,0.408860445022583,0.062385428696870804,1.3882732391357422,-1.0,683.0,480,2,213,0,0,0,700,700,1
936,3744,898,79,898,3,right+B,0.06860876083374023,0.27968570590019226,0.1812698245048523,0.4091062843799591,0.06132950261235237,1.3865892887115479,0.0,683.0,481,2,213,0,0,0,700,700,1
937,3748,898,79,898,1,right,0.06834821403026581,0.27984634041786194,0.1805313527584076,0.40851902961730957,0.06275517493486404,1.3882707357406616,0.0,683.0,482,2,213,0,0,0,700,700,1
938,3752,898,79,898,0,NOOP,0.068256676197052,0.27884289622306824,0.17982618510723114,0.4113295078277588,0.06174468249082565,1.385237455368042,0.0,683.0,483,2,213,0,0,0,700,700,1
939,3756,898,79,898,3,right+B,0.0686221644282341,0.27925390005111694,0.17980901896953583,0.4103810787200928,0.06193385645747185,1.3863955736160278,0.0,683.0,484,2,213,0,0,0,700,700,1
940,3760,898,79,898,3,right+B,0.0690518319606781,0.27971041202545166,0.18055620789527893,0.4087739586830139,0.06190763786435127,1.3879003524780273,-1.0,682.0,485,2,212,0,0,0,700,700,1
941,3764,898,79,898,3,right+B,0.06857279688119888,0.27826976776123047,0.174930140376091,0.417971134185791,0.06025616452097893,1.3785687685012817,0.0,682.0,486,2,212,0,0,0,700,700,1
942,3768,898,79,898,3,right+B,0.06844399124383926,0.2781915068626404,0.17759570479393005,0.41463226079940796,0.061136502772569656,1.3822908401489258,0.0,682.0,487,2,212,0,0,0,700,700,1
943,3772,898,79,898,3,right+B,0.06834284216165543,0.27791285514831543,0.1781756579875946,0.4142116606235504,0.061357006430625916,1.3829094171524048,0.0,682.0,488,2,212,0,0,0,700,700,1
944,3776,898,79,898,3,right+B,0.06873589009046555,0.2787225842475891,0.17878101766109467,0.4122782051563263,0.06148228049278259,1.3846826553344727,0.0,682.0,489,2,212,0,0,0,700,700,1
945,3780,898,93,898,2,right+A,0.06910812854766846,0.27954402565956116,0.18284916877746582,0.405850350856781,0.062648244202137,1.3911794424057007,-1.0,681.0,490,2,211,0,0,0,700,700,1
946,3784,898,108,898,3,right+B,0.06964440643787384,0.2808172404766083,0.18863752484321594,0.39658838510513306,0.0643124207854271,1.4001041650772095,0.0,681.0,491,2,211,0,0,0,700,700,1
947,3788,898,112,898,1,right,0.06947299838066101,0.2813529074192047,0.1908498853445053,0.39380303025245667,0.06452113389968872,1.4019906520843506,0.0,681.0,492,2,211,0,0,0,700,700,1
948,3792,898,106,898,1,right,0.06945616006851196,0.27879223227500916,0.19197982549667358,0.39521878957748413,0.06455302238464355,1.40195894241333,0.0,681.0,493,2,211,0,0,0,700,700,1
949,3796,898,89,898,1,right,0.06920061260461807,0.2818514108657837,0.19129647314548492,0.392757385969162,0.06489410251379013,1.4026799201965332,0.0,681.0,494,2,211,0,0,0,700,700,1
950,3800,898,79,898,3,right+B,0.06906457990407944,0.28176349401474,0.18230995535850525,0.40428483486175537,0.06257706880569458,1.3913542032241821,-1.0,680.0,495,2,210,0,0,0,700,700,1
951,3804,898,79,898,3,right+B,0.06829030066728592,0.27824318408966064,0.17581455409526825,0.41665664315223694,0.060995325446128845,1.380239725112915,0.0,680.0,496,2,210,0,0,0,700,700,1
952,3808,898,93,898,2,right+A,0.06865701824426651,0.2796357572078705,0.17750459909439087,0.413623571395874,0.06057901680469513,1.38209867477417,0.0,680.0,497,2,210,0,0,0,700,700,1
953,3812,898,108,898,3,right+B,0.06876826286315918,0.27860280871391296,0.18042920529842377,0.4096527397632599,0.06254702061414719,1.388071894645691,0.0,680.0,498,2,210,0,0,0,700,700,1
954,3816,898,112,898,1,right,0.06897304207086563,0.2796710431575775,0.18459288775920868,0.4034477472305298,0.0633152574300766,1.3936052322387695,0.0,680.0,499,2,210,0,0,0,700,700,1
955,3820,898,106,898,3,right+B,0.0692424327135086,0.2780379354953766,0.18775992095470428,0.4010457396507263,0.06391393393278122,1.3970253467559814,-1.0,679.0,500,2,209,0,0,0,700,700,1
956,3824,898,89,898,1,right,0.06920472532510757,0.2806492745876312,0.1887401044368744,0.3966743052005768,0.0647316724061966,1.4001173973083496,0.0,679.0,501,2,209,0,0,0,700,700,1
957,3828,898,79,898,3,right+B,0.06898412853479385,0.28076693415641785,0.1820276379585266,0.4052470624446869,0.06297417730093002,1.3913637399673462,0.0,679.0,502,2,209,0,0,0,700,700,1
958,3832,898,79,898,3,right+B,0.06832169741392136,0.27852198481559753,0.17914602160453796,0.41189470887184143,0.0621156208217144,1.3853671550750732,0.0,679.0,503,2,209,0,0,0,700,700,1
959,3836,898,93,898,2,right+A,0.06843633204698563,0.28008055686950684,0.1816694587469101,0.4079821705818176,0.06183144822716713,1.3877047300338745,0.0,679.0,504,2,209,0,0,0,700,700,1
960,3840,898,108,898,3,right+B,0.06819500029087067,0.2785976827144623,0.18385183811187744,0.4059056341648102,0.06344983726739883,1.3914916515350342,-1.0,678.0,505,2,208,0,0,0,700,700,1
961,3844,898,112,898,3,right+B,0.06833549588918686,0.2804178297519684,0.18681971728801727,0.40021559596061707,0.06421133130788803,1.3961167335510254,0.0,678.0,506,2,208,0,0,0,700,700,1
962,3848,898,106,898,3,right+B,0.06844546645879745,0.2782040238380432,0.18792319297790527,0.4012076258659363,0.06421967595815659,1.396366000175476,0.0,678.0,507,2,208,0,0,0,700,700,1
963,3852,898,89,898,0,NOOP,0.0684812068939209,0.2801681458950043,0.18652844429016113,0.4006231427192688,0.06419909745454788,1.396040439605713,0.0,678.0,508,2,208,0,0,0,700,700,1
964,3856,898,79,898,3,right+B,0.06853459030389786,0.2806047201156616,0.17911595106124878,0.4093356430530548,0.06240910291671753,1.3870779275894165,0.0,678.0,509,2,208,0,0,0,700,700,1
965,3860,898,93,898,2,right+A,0.06776232272386551,0.2770726680755615,0.17363448441028595,0.4205576479434967,0.060972847044467926,1.3768517971038818,-1.0,677.0,510,2,207,0,0,0,700,700,1
966,3864,898,109,898,2,right+A,0.06843443959951401,0.279171347618103,0.18160782754421234,0.4082200229167938,0.0625663697719574,1.3886903524398804,0.0,677.0,511,2,207,0,0,0,700,700,1
967,3868,898,121,898,3,right+B,0.06806562095880508,0.2786206603050232,0.1805235892534256,0.4096161723136902,0.06317396461963654,1.3880738019943237,0.0,677.0,512,2,207,0,0,0,700,700,1
968,3872,898,122,898,3,right+B,0.06980212032794952,0.2794745862483978,0.194809690117836,0.38838547468185425,0.0675281435251236,1.4100834131240845,0.0,677.0,513,2,207,0,0,0,700,700,1
969,3876,898,113,898,3,right+B,0.06875832378864288,0.2811560332775116,0.18778559565544128,0.3974932134151459,0.06480681896209717,1.398935079574585,0.0,677.0,514,2,207,0,0,0,700,700,1
970,3880,898,94,898,3,right+B,0.07020319253206253,0.2801351249217987,0.1885536164045334,0.39554375410079956,0.06556437909603119,1.4030392169952393,-1.0,676.0,515,2,206,0,0,0,700,700,1
971,3884,898,79,898,3,right+B,0.06797664612531662,0.2801891267299652,0.18276602029800415,0.4056764245033264,0.0633917897939682,1.3907252550125122,0.0,676.0,516,2,206,0,0,0,700,700,1
972,3888,898,79,898,3,right+B,0.06912066042423248,0.2792770266532898,0.18274760246276855,0.4067760109901428,0.06207866966724396,1.3899531364440918,0.0,676.0,517,2,206,0,0,0,700,700,1
973,3892,898,79,898,1,right,0.06814318150281906,0.2790719270706177,0.17651289701461792,0.4152299463748932,0.06104213744401932,1.380995750427246,0.0,676.0,518,2,206,0,0,0,700,700,1
974,3896,898,93,898,2,right+A,0.06832999736070633,0.2795776128768921,0.18088549375534058,0.40902605652809143,0.06218082830309868,1.3873461484909058,0.0,676.0,519,2,206,0,0,0,700,700,1
975,3900,898,108,898,1,right,0.06867926567792892,0.2796086370944977,0.1833062767982483,0.40528440475463867,0.06312144547700882,1.3916890621185303,-1.0,675.0,520,2,205,0,0,0,700,700,1
976,3904,898,112,898,3,right+B,0.06854370981454849,0.27976498007774353,0.18423300981521606,0.40421244502067566,0.06324588507413864,1.3924689292907715,0.0,675.0,521,2,205,0,0,0,700,700,1
977,3908,898,106,898,3,right+B,0.0687871128320694,0.2774893045425415,0.18613621592521667,0.40379947423934937,0.06378792226314545,1.3945419788360596,0.0,675.0,522,2,205,0,0,0,700,700,1
978,3912,898,89,898,3,right+B,0.06862165033817291,0.27978548407554626,0.18629702925682068,0.40120646357536316,0.0640893429517746,1.3957728147506714,0.0,675.0,523,2,205,0,0,0,700,700,1
979,3916,898,79,898,2,right+A,0.06866279244422913,0.2802097797393799,0.17942354083061218,0.409370094537735,0.06233380362391472,1.3872699737548828,0.0,675.0,524,2,205,0,0,0,700,700,1
980,3920,898,79,898,4,right+A+B,0.06820136308670044,0.27780625224113464,0.17607221007347107,0.41624540090560913,0.061674755066633224,1.3814257383346558,-1.0,674.0,525,2,204,0,0,0,700,700,1
981,3924,898,79,898,1,right,0.06843794137239456,0.27898457646369934,0.1789465844631195,0.4123193621635437,0.06131157651543617,1.384063959121704,0.0,674.0,526,2,204,0,0,0,700,700,1
982,3928,898,93,898,2,right+A,0.06857206672430038,0.27937743067741394,0.18247388303279877,0.40656962990760803,0.06300699710845947,1.3905354738235474,0.0,674.0,527,2,204,0,0,0,700,700,1
983,3932,898,109,898,2,right+A,0.0690116137266159,0.2800629734992981,0.18883422017097473,0.39786696434020996,0.0642242431640625,1.398722529411316,0.0,674.0,528,2,204,0,0,0,700,700,1
984,3936,898,122,898,2,right+A,0.06856290251016617,0.2798215448856354,0.18847042322158813,0.3991791605949402,0.06396599113941193,1.3971049785614014,0.0,674.0,529,2,204,0,0,0,700,700,1
985,3940,898,130,898,1,right,0.06945543736219406,0.2802397906780243,0.19476218521595,0.38803303241729736,0.06750963628292084,1.4096729755401611,-1.0,673.0,530,2,203,0,0,0,700,700,1
986,3944,898,129,898,1,right,0.06725553423166275,0.2810852825641632,0.18680454790592194,0.40087732672691345,0.06397732347249985,1.393994927406311,0.0,673.0,531,2,203,0,0,0,700,700,1
987,3948,898,117,898,1,right,0.0674685388803482,0.27930015325546265,0.18662147223949432,0.4011373221874237,0.06547251343727112,1.396322250366211,0.0,673.0,532,2,203,0,0,0,700,700,1
988,3952,898,97,898,2,right+A,0.06829611957073212,0.2783919870853424,0.18468448519706726,0.4031279981136322,0.06549949944019318,1.396013855934143,0.0,673.0,533,2,203,0,0,0,700,700,1
989,3956,898,79,898,4,right+A+B,0.06783446669578552,0.2793121039867401,0.1845986545085907,0.4039511978626251,0.06430358439683914,1.3932795524597168,0.0,673.0,534,2,203,0,0,0,700,700,1
990,3960,898,79,898,3,right+B,0.0679965540766716,0.2774641811847687,0.17884644865989685,0.41341015696525574,0.0622827373445034,1.384429931640625,-1.0,672.0,535,2,202,0,0,0,700,700,1
991,3964,898,93,898,4,right+A+B,0.06844797730445862,0.2781158685684204,0.1765986829996109,0.41628602147102356,0.060551393777132034,1.3802932500839233,0.0,672.0,536,2,202,0,0,0,700,700,1
992,3968,898,108,898,3,right+B,0.06905744224786758,0.27992647886276245,0.18353360891342163,0.40403276681900024,0.06344974040985107,1.393264889717102,0.0,672.0,537,2,202,0,0,0,700,700,1
993,3972,898,112,898,4,right+A+B,0.06844095140695572,0.27961868047714233,0.18413685262203217,0.4042067527770996,0.063596710562706,1.3928067684173584,0.0,672.0,538,2,202,0,0,0,700,700,1
994,3976,898,106,898,1,right,0.0691806972026825,0.27852916717529297,0.19257770478725433,0.3946208953857422,0.0650915652513504,1.4027915000915527,0.0,672.0,539,2,202,0,0,0,700,700,1
995,3980,898,89,898,1,right,0.0689660832285881,0.28113049268722534,0.1923123598098755,0.39212194085121155,0.06546913832426071,1.4037927389144897,-1.0,671.0,540,2,201,0,0,0,700,700,1
996,3984,898,79,898,3,right+B,0.06875770539045334,0.2808568775653839,0.18393850326538086,0.4033163785934448,0.0631304681301117,1.3928009271621704,0.0,671.0,541,2,201,0,0,0,700,700,1
997,3988,898,79,898,1,right,0.06805665045976639,0.2788149416446686,0.17778238654136658,0.41346627473831177,0.06187979131937027,1.3834149837493896,0.0,671.0,542,2,201,0,0,0,700,700,1
998,3992,898,79,898,3,right+B,0.06819702684879303,0.27961525321006775,0.1783515065908432,0.4129807651042938,0.060855451971292496,1.3825074434280396,0.0,671.0,543,2,201,0,0,0,700,700,1
999,3996,898,79,898,3,right+B,0.06820277869701385,0.278786301612854,0.17854011058807373,0.4125511646270752,0.0619196780025959,1.3843797445297241,0.0,671.0,544,2,201,0,0,0,700,700,1
1000,4000,898,79,898,0,NOOP,0.06831490248441696,0.2784164547920227,0.1790795922279358,0.4127841293811798,0.06140492856502533,1.383908748626709,-1.0,670.0,545,2,200,0,0,0,700,700,1
1001,4004,898,79,898,3,right+B,0.06836483627557755,0.27840933203697205,0.1791629195213318,0.41253459453582764,0.06152832880616188,1.3843003511428833,0.0,670.0,546,2,200,0,0,0,700,700,1
1002,4008,898,79,898,3,right+B,0.06879056245088577,0.2787496745586395,0.18055017292499542,0.4102664887905121,0.061643086373806,1.3865615129470825,0.0,670.0,547,2,200,0,0,0,700,700,1
1003,4012,898,79,898,3,right+B,0.06834696233272552,0.2778279781341553,0.1748507022857666,0.4187715947628021,0.06020280346274376,1.3778066635131836,0.0,670.0,548,2,200,0,0,0,700,700,1
1004,4016,898,79,898,3,right+B,0.06843724846839905,0.27827873826026917,0.17940831184387207,0.4120962917804718,0.06177942082285881,1.3850605487823486,0.0,670.0,549,2,200,0,0,0,700,700,1
1005,4020,898,79,898,0,NOOP,0.06836643815040588,0.27795007824897766,0.18073822557926178,0.4108719825744629,0.06207329034805298,1.3864604234695435,-1.0,669.0,550,2,199,0,0,0,700,700,1
1006,4024,898,79,898,3,right+B,0.0686231181025505,0.279125452041626,0.18149074912071228,0.4090287685394287,0.0617319718003273,1.387343406677246,0.0,669.0,551,2,199,0,0,0,700,700,1
1007,4028,898,79,898,0,NOOP,0.06887868791818619,0.2799839675426483,0.18353796005249023,0.40542444586753845,0.062174953520298004,1.3905980587005615,0.0,669.0,552,2,199,0,0,0,700,700,1
1008,4032,898,79,898,3,right+B,0.06866557151079178,0.2791936695575714,0.18189263343811035,0.407993882894516,0.062254227697849274,1.3887553215026855,0.0,669.0,553,2,199,0,0,0,700,700,1
1009,4036,898,79,898,1,right,0.06840700656175613,0.27941885590553284,0.18041706085205078,0.40981587767601013,0.06194118410348892,1.3865880966186523,0.0,669.0,554,2,199,0,0,0,700,700,1
1010,4040,898,79,898,1,right,0.0680912435054779,0.2785181701183319,0.1762155294418335,0.4166393280029297,0.06053568422794342,1.379451036453247,-1.0,668.0,555,2,198,0,0,0,700,700,1
1011,4044,898,93,898,4,right+A+B,0.06807376444339752,0.27830544114112854,0.17722216248512268,0.4152068793773651,0.06119176372885704,1.3814566135406494,0.0,668.0,556,2,198,0,0,0,700,700,1
1012,4048,898,108,898,1,right,0.06851924955844879,0.2791319489479065,0.18195752799510956,0.4075918197631836,0.06279949098825455,1.3895461559295654,0.0,668.0,557,2,198,0,0,0,700,700,1
1013,4052,898,112,898,4,right+A+B,0.06849721819162369,0.2794126570224762,0.18318048119544983,0.40590178966522217,0.06300786882638931,1.3909809589385986,0.0,668.0,558,2,198,0,0,0,700,700,1
1014,4056,898,106,898,4,right+A+B,0.06880597770214081,0.2776559889316559,0.18550537526607513,0.40441668033599854,0.06361604481935501,1.3938305377960205,0.0,668.0,559,2,198,0,0,0,700,700,1
1015,4060,898,89,898,3,right+B,0.0687248632311821,0.2800053358078003,0.18588386476039886,0.40146151185035706,0.06392444670200348,1.395413875579834,-1.0,667.0,560,2,197,0,0,0,700,700,1
1016,4064,898,79,898,2,right+A,0.06915057450532913,0.28104573488235474,0.18144603073596954,0.40540602803230286,0.0629517063498497,1.3912522792816162,0.0,667.0,561,2,197,0,0,0,700,700,1
1017,4068,898,79,898,3,right+B,0.06839509308338165,0.27799758315086365,0.17665471136569977,0.41521015763282776,0.061742428690195084,1.3824812173843384,0.0,667.0,562,2,197,0,0,0,700,700,1
1018,4072,898,79,898,3,right+B,0.06876660138368607,0.28003349900245667,0.1817580908536911,0.40778544545173645,0.06165643408894539,1.3880174160003662,0.0,667.0,563,2,197,0,0,0,700,700,1
1019,4076,898,79,898,1,right,0.0687362477183342,0.28002890944480896,0.18335501849651337,0.40460261702537537,0.06327725201845169,1.392273187637329,0.0,667.0,564,2,197,0,0,0,700,700,1
1020,4080,898,79,898,3,right+B,0.06836647540330887,0.27855226397514343,0.1829061061143875,0.40793654322624207,0.06223860755562782,1.3887643814086914,-1.0,666.0,565,2,196,0,0,0,700,700,1
1021,4084,898,79,898,3,right+B,0.06833004951477051,0.27947676181793213,0.18042027950286865,0.41003695130348206,0.06173601374030113,1.3860870599746704,0.0,666.0,566,2,196,0,0,0,700,700,1
1022,4088,898,79,898,1,right,0.0686856210231781,0.27991223335266113,0.18210755288600922,0.40704137086868286,0.06225326657295227,1.3892335891723633,0.0,666.0,567,2,196,0,0,0,700,700,1
1023,4092,898,79,898,1,right,0.06877855211496353,0.27958688139915466,0.18036291003227234,0.4091128706932068,0.06215881183743477,1.387682318687439,0.0,666.0,568,2,196,0,0,0,700,700,1
1024,4096,898,79,898,3,right+B,0.06818068772554398,0.2784736156463623,0.17784474790096283,0.4143664836883545,0.06113449111580849,1.3821355104446411,0.0,666.0,569,2,196,0,0,0,700,700,1
1025,4100,898,79,898,3,right+B,0.06836521625518799,0.278293639421463,0.17619340121746063,0.41650742292404175,0.06064029783010483,1.380038857460022,-1.0,665.0,570,2,195,0,0,0,700,700,1
1026,4104,898,79,898,3,right+B,0.0687912255525589,0.27913185954093933,0.18035955727100372,0.409948468208313,0.06176895275712013,1.3867919445037842,0.0,665.0,571,2,195,0,0,0,700,700,1
1027,4108,898,79,898,1,right,0.06835202872753143,0.2783512771129608,0.17735622823238373,0.414592981338501,0.06134749948978424,1.3823890686035156,0.0,665.0,572,2,195,0,0,0,700,700,1
1028,4112,898,93,898,2,right+A,0.06832157075405121,0.27843812108039856,0.17860448360443115,0.4130809009075165,0.06155495345592499,1.3838177919387817,0.0,665.0,573,2,195,0,0,0,700,700,1
1029,4116,898,109,898,2,right+A,0.06904473155736923,0.2796468436717987,0.1853356957435608,0.40238264203071594,0.06359009444713593,1.3948091268539429,0.0,665.0,574,2,195,0,0,0,700,700,1
1030,4120,898,122,898,4,right+A+B,0.06945326924324036,0.2814675271511078,0.19065435230731964,0.3936432898044586,0.06478152424097061,1.402323603630066,-1.0,664.0,575,2,194,0,0,0,700,700,1
1031,4124,898,130,898,1,right,0.07029546052217484,0.2809912860393524,0.19822466373443604,0.3822215795516968,0.06826701015233994,1.4149892330169678,0.0,664.0,576,2,194,0,0,0,700,700,1
1032,4128,898,129,898,4,right+A+B,0.067645363509655,0.2811126112937927,0.1902814358472824,0.39650341868400574,0.06445720046758652,1.398177146911621,0.0,664.0,577,2,194,0,0,0,700,700,1
1033,4132,898,117,898,0,NOOP,0.06774996221065521,0.2805514633655548,0.1897115260362625,0.39579376578330994,0.06619330495595932,1.400879144668579,0.0,664.0,578,2,194,0,0,0,700,700,1
1034,4136,898,97,898,1,right,0.06832213699817657,0.27893906831741333,0.1858281046152115,0.40127795934677124,0.06563277542591095,1.3973888158798218,0.0,664.0,579,2,194,0,0,0,700,700,1
1035,4140,898,79,898,2,right+A,0.06790423393249512,0.2799917459487915,0.18475119769573212,0.40305274724960327,0.06430000811815262,1.3937656879425049,-1.0,663.0,580,2,193,0,0,0,700,700,1
1036,4144,898,79,898,1,right,0.0681501030921936,0.278296560049057,0.17862708866596222,0.4126581847667694,0.06226803734898567,1.3848252296447754,0.0,663.0,581,2,193,0,0,0,700,700,1
1037,4148,898,79,898,3,right+B,0.06865280121564865,0.2783699631690979,0.17641304433345795,0.41608092188835144,0.06048331782221794,1.38047456741333,0.0,663.0,582,2,193,0,0,0,700,700,1
1038,4152,898,79,898,3,right+B,0.06879527866840363,0.27946022152900696,0.17844052612781525,0.411609947681427,0.06169401481747627,1.3851940631866455,0.0,663.0,583,2,193,0,0,0,700,700,1
1039,4156,898,79,898,1,right,0.06830403208732605,0.27846410870552063,0.17710421979427338,0.4150335490703583,0.061094146221876144,1.3816485404968262,0.0,663.0,584,2,193,0,0,0,700,700,1
1040,4160,898,93,898,2,right+A,0.06853334605693817,0.2786109149456024,0.17927773296833038,0.4119153320789337,0.061662688851356506,1.385033130645752,-1.0,662.0,585,2,192,0,0,0,700,700,1
1041,4164,898,108,898,3,right+B,0.06903477758169174,0.27964362502098083,0.18556168675422668,0.4021669030189514,0.06359299272298813,1.3949706554412842,0.0,662.0,586,2,192,0,0,0,700,700,1
1042,4168,898,112,898,3,right+B,0.06942225992679596,0.2814306318759918,0.19066442549228668,0.3937586843967438,0.06472408771514893,1.4021612405776978,0.0,662.0,587,2,192,0,0,0,700,700,1
1043,4172,898,106,898,1,right,0.06948843598365784,0.27947941422462463,0.19279590249061584,0.39295506477355957,0.06528118252754211,1.4041506052017212,0.0,662.0,588,2,192,0,0,0,700,700,1
1044,4176,898,89,898,2,right+A,0.06875396519899368,0.28052234649658203,0.1905929446220398,0.3954232633113861,0.064707450568676,1.4006059169769287,0.0,662.0,589,2,192,0,0,0,700,700,1
1045,4180,898,79,898,3,right+B,0.06863561272621155,0.28168025612831116,0.18221749365329742,0.40449175238609314,0.06297485530376434,1.391231894493103,-1.0,661.0,590,2,191,0,0,0,700,700,1
1046,4184,898,79,898,1,right,0.06796436756849289,0.2783854007720947,0.1755327582359314,0.41683998703956604,0.06127754598855972,1.380005121231079,0.0,661.0,591,2,191,0,0,0,700,700,1
1047,4188,898,79,898,3,right+B,0.06846718490123749,0.2794654071331024,0.1773236095905304,0.41413670778274536,0.06060706079006195,1.3815910816192627,0.0,661.0,592,2,191,0,0,0,700,700,1
1048,4192,898,93,898,4,right+A+B,0.06855528056621552,0.27922743558883667,0.1779710054397583,0.4123407304286957,0.061905525624752045,1.3846813440322876,0.0,661.0,593,2,191,0,0,0,700,700,1
1049,4196,898,108,898,1,right,0.06901506334543228,0.27911239862442017,0.1836436241865158,0.4054652750492096,0.06276367604732513,1.3917003870010376,0.0,661.0,594,2,191,0,0,0,700,700,1
1050,4200,898,112,898,2,right+A,0.06896952539682388,0.2798210680484772,0.18504203855991364,0.40307196974754333,0.06309548020362854,1.3935970067977905,-1.0,660.0,595,2,190,0,0,0,700,700,1
1051,4204,898,106,898,2,right+A,0.06912326067686081,0.27792543172836304,0.1869397610425949,0.4024161994457245,0.06359536945819855,1.3955621719360352,0.0,660.0,596,2,190,0,0,0,700,700,1
1052,4208,898,89,898,1,right,0.06939942389726639,0.28072211146354675,0.18959897756576538,0.3956161141395569,0.0646633505821228,1.4009928703308105,0.0,660.0,597,2,190,0,0,0,700,700,1
1053,4212,898,79,898,2,right+A,0.06931492686271667,0.2809526324272156,0.18270796537399292,0.40403375029563904,0.0629906952381134,1.3925890922546387,0.0,660.0,598,2,190,0,0,0,700,700,1
1054,4216,898,79,898,4,right+A+B,0.06859283894300461,0.278759241104126,0.1795569807291031,0.411053329706192,0.06203760206699371,1.3861398696899414,0.0,660.0,599,2,190,0,0,0,700,700,1
1055,4220,898,79,898,3,right+B,0.0687117651104927,0.28041863441467285,0.1821046620607376,0.4070909023284912,0.06167401745915413,1.3883763551712036,-1.0,659.0,600,2,189,0,0,0,700,700,1
1056,4224,898,79,898,3,right+B,0.06820924580097198,0.27888038754463196,0.1811085343360901,0.40934157371520996,0.062460269778966904,1.3875714540481567,0.0,659.0,601,2,189,0,0,0,700,700,1
1057,4228,898,79,898,3,right+B,0.06786922365427017,0.2789621949195862,0.18000788986682892,0.41128045320510864,0.061880167573690414,1.3849937915802002,0.0,659.0,602,2,189,0,0,0,700,700,1
1058,4232,898,79,898,1,right,0.06776577979326248,0.27857235074043274,0.17693494260311127,0.4158928096294403,0.060834094882011414,1.3800742626190186,0.0,659.0,603,2,189,0,0,0,700,700,1
1059,4236,898,93,898,2,right+A,0.06841906905174255,0.27922534942626953,0.1797536462545395,0.41086477041244507,0.06173710525035858,1.3856027126312256,0.0,659.0,604,2,189,0,0,0,700,700,1
1060,4240,898,108,898,3,right+B,0.06867814809083939,0.27971702814102173,0.18185372650623322,0.4068451225757599,0.06290590763092041,1.3901646137237549,-1.0,658.0,605,2,188,0,0,0,700,700,1
1061,4244,898,112,898,1,right,0.06840449571609497,0.2792629897594452,0.18285037577152252,0.4066333770751953,0.062848761677742,1.390199899673462,0.0,658.0,606,2,188,0,0,0,700,700,1
1062,4248,898,106,898,4,right+A+B,0.06869079917669296,0.2774907648563385,0.1850631982088089,0.40534254908561707,0.06341259181499481,1.3928413391113281,0.0,658.0,607,2,188,0,0,0,700,700,1
1063,4252,898,89,898,4,right+A+B,0.06865238398313522,0.279896080493927,0.18558281660079956,0.40212997794151306,0.06373871117830276,1.3946723937988281,0.0,658.0,608,2,188,0,0,0,700,700,1
1064,4256,898,79,898,2,right+A,0.06891752779483795,0.2807179093360901,0.18065382540225983,0.4070793688297272,0.06263141334056854,1.3894799947738647,0.0,658.0,609,2,188,0,0,0,700,700,1
1065,4260,898,79,898,2,right+A,0.0681375041604042,0.2776344120502472,0.1759030967950821,0.4169125258922577,0.06141245365142822,1.380593180656433,-1.0,657.0,610,2,187,0,0,0,700,700,1
1066,4264,898,79,898,0,NOOP,0.06865627318620682,0.27988964319229126,0.18097303807735443,0.4091012477874756,0.0613798126578331,1.386605143547058,0.0,657.0,611,2,187,0,0,0,700,700,1
1067,4268,898,93,898,4,right+A+B,0.06855964660644531,0.2796972990036011,0.18210075795650482,0.40659990906715393,0.06304240226745605,1.390399694442749,0.0,657.0,612,2,187,0,0,0,700,700,1
1068,4272,898,109,898,2,right+A,0.0686735212802887,0.27908995747566223,0.18678928911685944,0.4019947946071625,0.06345238536596298,1.3948173522949219,0.0,657.0,613,2,187,0,0,0,700,700,1
1069,4276,898,121,898,3,right+B,0.06855738162994385,0.28054773807525635,0.18629515171051025,0.4008219838142395,0.06377769261598587,1.3953585624694824,0.0,657.0,614,2,187,0,0,0,700,700,1
1070,4280,898,122,898,3,right+B,0.06925664842128754,0.2796916961669922,0.19281820952892303,0.39149072766304016,0.06674268841743469,1.40644109249115,-1.0,656.0,615,2,186,0,0,0,700,700,1
1071,4284,898,113,898,1,right,0.06844831258058548,0.28121206164360046,0.18494899570941925,0.401516318321228,0.06387428939342499,1.394542932510376,0.0,656.0,616,2,186,0,0,0,700,700,1
1072,4288,898,94,898,0,NOOP,0.0699215978384018,0.27962350845336914,0.18282997608184814,0.403427392244339,0.06419755518436432,1.3954977989196777,0.0,656.0,617,2,186,0,0,0,700,700,1
1073,4292,898,79,898,1,right,0.0678955689072609,0.2789364755153656,0.17687883973121643,0.41447821259498596,0.061810895800590515,1.3822749853134155,0.0,656.0,618,2,186,0,0,0,700,700,1
1074,4296,898,79,898,3,right+B,0.06910409778356552,0.27882546186447144,0.1775473952293396,0.4136047065258026,0.060918256640434265,1.3832684755325317,0.0,656.0,619,2,186,0,0,0,700,700,1
1075,4300,898,79,898,3,right+B,0.06810709834098816,0.27770382165908813,0.17265208065509796,0.42174032330513,0.05979668349027634,1.374586820602417,-1.0,655.0,620,2,185,0,0,0,700,700,1
1076,4304,898,79,898,3,right+B,0.06893495470285416,0.2794571816921234,0.1814124882221222,0.4079235792160034,0.062271781265735626,1.388979434967041,0.0,655.0,621,2,185,0,0,0,700,700,1
1077,4308,898,79,898,0,NOOP,0.06855490058660507,0.2786194384098053,0.1796877682209015,0.4112449288368225,0.06189296394586563,1.3858520984649658,0.0,655.0,622,2,185,0,0,0,700,700,1
1078,4312,898,93,898,2,right+A,0.06874420493841171,0.27955594658851624,0.18312117457389832,0.4060685634613037,0.06251015514135361,1.3904972076416016,0.0,655.0,623,2,185,0,0,0,700,700,1
1079,4316,898,108,898,3,right+B,0.06915978342294693,0.28037458658218384,0.18913838267326355,0.39709919691085815,0.06422798335552216,1.3993237018585205,0.0,655.0,624,2,185,0,0,0,700,700,1
1080,4320,898,112,898,3,right+B,0.06869779527187347,0.2804390490055084,0.1863126903772354,0.4010005295276642,0.06354992091655731,1.3951621055603027,-1.0,654.0,625,2,184,0,0,0,700,700,1
1081,4324,898,106,898,3,right+B,0.06862714141607285,0.2787056267261505,0.18887412548065186,0.39954206347465515,0.06425096094608307,1.3976430892944336,0.0,654.0,626,2,184,0,0,0,700,700,1
1082,4328,898,89,898,3,right+B,0.06862875074148178,0.28081005811691284,0.18760378658771515,0.39876821637153625,0.06418908387422562,1.3973259925842285,0.0,654.0,627,2,184,0,0,0,700,700,1
1083,4332,898,79,898,1,right,0.06878023594617844,0.28083381056785583,0.17989785969257355,0.40828797221183777,0.06220012158155441,1.3878529071807861,0.0,654.0,628,2,184,0,0,0,700,700,1
1084,4336,898,79,898,0,NOOP,0.06807564198970795,0.27792882919311523,0.1740521490573883,0.41908711194992065,0.06085619330406189,1.3779199123382568,0.0,654.0,629,2,184,0,0,0,700,700,1
1085,4340,898,93,898,2,right+A,0.06843653321266174,0.2790783941745758,0.17799049615859985,0.4132722318172455,0.06122235208749771,1.383126139640808,-1.0,653.0,630,2,183,0,0,0,700,700,1
1086,4344,898,108,898,3,right+B,0.06842976808547974,0.27811169624328613,0.1801941841840744,0.41064000129699707,0.06262433528900146,1.3872283697128296,0.0,653.0,631,2,183,0,0,0,700,700,1
1087,4348,898,112,898,1,right,0.06856339424848557,0.27916771173477173,0.1823699027299881,0.4072156548500061,0.06268341839313507,1.3897531032562256,0.0,653.0,632,2,183,0,0,0,700,700,1
1088,4352,898,106,898,1,right,0.06904737651348114,0.2779344320297241,0.18810290098190308,0.4008330702781677,0.06408223509788513,1.3972132205963135,0.0,653.0,633,2,183,0,0,0,700,700,1
1089,4356,898,89,898,1,right,0.06921975314617157,0.2803958058357239,0.18950121104717255,0.39621230959892273,0.0646708607673645,1.4005088806152344,0.0,653.0,634,2,183,0,0,0,700,700,1
1090,4360,898,79,898,0,NOOP,0.06937553733587265,0.28154587745666504,0.18506115674972534,0.4007725119590759,0.06324493139982224,1.3952220678329468,-1.0,652.0,635,2,182,0,0,0,700,700,1
1091,4364,898,79,898,1,right,0.06852876394987106,0.27918094396591187,0.18150992691516876,0.4078337252140045,0.06294666975736618,1.3894951343536377,0.0,652.0,636,2,182,0,0,0,700,700,1
1092,4368,898,79,898,3,right+B,0.06812848895788193,0.2792251706123352,0.18205644190311432,0.4087904095649719,0.06179950758814812,1.3870832920074463,0.0,652.0,637,2,182,0,0,0,700,700,1
1093,4372,898,93,898,4,right+A+B,0.06769407540559769,0.27922603487968445,0.17690753936767578,0.41454383730888367,0.061628472059965134,1.3817017078399658,0.0,652.0,638,2,182,0,0,0,700,700,1
1094,4376,898,108,898,3,right+B,0.06823404133319855,0.2793494164943695,0.18291769921779633,0.40695202350616455,0.06254682689905167,1.3894175291061401,0.0,652.0,639,2,182,0,0,0,700,700,1
1095,4380,898,112,898,1,right,0.06860236078500748,0.2803192138671875,0.1833314150571823,0.40457966923713684,0.06316740065813065,1.3919200897216797,-1.0,651.0,640,2,181,0,0,0,700,700,1
1096,4384,898,106,898,1,right,0.06899040192365646,0.2783169448375702,0.18696849048137665,0.40199947357177734,0.06372475624084473,1.395733118057251,0.0,651.0,641,2,181,0,0,0,700,700,1
1097,4388,898,89,898,1,right,0.0690355896949768,0.2801825702190399,0.18673650920391083,0.4002252221107483,0.06382005661725998,1.3964862823486328,0.0,651.0,642,2,181,0,0,0,700,700,1
1098,4392,898,79,898,1,right,0.06909015029668808,0.2806001603603363,0.18011581897735596,0.40812015533447266,0.06207368150353432,1.3882570266723633,0.0,651.0,643,2,181,0,0,0,700,700,1
1099,4396,898,79,898,3,right+B,0.06829514354467392,0.27765336632728577,0.17488324642181396,0.4184126555919647,0.060755655169487,1.3787392377853394,0.0,651.0,644,2,181,0,0,0,700,700,1
1100,4400,898,79,898,3,right+B,0.06882862001657486,0.27951744198799133,0.1790233850479126,0.4116930067539215,0.060937583446502686,1.3843218088150024,-1.0,650.0,645,2,180,0,0,0,700,700,1
1101,4404,898,79,898,1,right,0.06859323382377625,0.2787478268146515,0.1801137775182724,0.41027897596359253,0.06226625293493271,1.3870275020599365,0.0,650.0,646,2,180,0,0,0,700,700,1
1102,4408,898,93,898,4,right+A+B,0.0688864216208458,0.27904295921325684,0.18384994566440582,0.4060354232788086,0.06218525394797325,1.3905278444290161,0.0,650.0,647,2,180,0,0,0,700,700,1
1103,4412,898,108,898,3,right+B,0.06903419643640518,0.2803732752799988,0.18720592558383942,0.3999501168727875,0.06343656778335571,1.3962037563323975,0.0,650.0,648,2,180,0,0,0,700,700,1
1104,4416,898,112,898,3,right+B,0.06868591904640198,0.28016364574432373,0.18901188671588898,0.39812785387039185,0.06401064246892929,1.3979288339614868,0.0,650.0,649,2,180,0,0,0,700,700,1
1105,4420,898,106,898,1,right,0.06899462640285492,0.2792438864707947,0.18988481163978577,0.3972381055355072,0.06463854759931564,1.399937629699707,-1.0,649.0,650,2,179,0,0,0,700,700,1
1106,4424,898,89,898,3,right+B,0.06875885277986526,0.28076523542404175,0.1880681961774826,0.39805930852890015,0.06434845924377441,1.3981789350509644,0.0,649.0,651,2,179,0,0,0,700,700,1
1107,4428,898,79,898,2,right+A,0.06899102032184601,0.28084567189216614,0.1807704120874405,0.4068634510040283,0.06252942979335785,1.3895617723464966,0.0,649.0,652,2,179,0,0,0,700,700,1
1108,4432,898,79,898,1,right,0.06837581843137741,0.2780998945236206,0.17501966655254364,0.41746482253074646,0.06103980913758278,1.3797335624694824,0.0,649.0,653,2,179,0,0,0,700,700,1
1109,4436,898,79,898,0,NOOP,0.068734310567379,0.27911120653152466,0.17724403738975525,0.4144425392150879,0.0604679137468338,1.3815966844558716,0.0,649.0,654,2,179,0,0,0,700,700,1
1110,4440,898,79,898,3,right+B,0.06870158761739731,0.2785390615463257,0.17802603542804718,0.41278785467147827,0.061945442110300064,1.3847962617874146,-1.0,648.0,655,2,178,0,0,0,700,700,1
1111,4444,898,79,898,1,right,0.06898009777069092,0.2784412205219269,0.17849783599376678,0.4129894971847534,0.06109141185879707,1.3840270042419434,0.0,648.0,656,2,178,0,0,0,700,700,1
1112,4448,898,79,898,1,right,0.06909780204296112,0.27864107489585876,0.178095281124115,0.413332998752594,0.060832880437374115,1.3834834098815918,0.0,648.0,657,2,178,0,0,0,700,700,1
1113,4452,898,79,898,3,right+B,0.06904880702495575,0.2787739634513855,0.18076272308826447,0.40959933400154114,0.061815183609724045,1.3875313997268677,0.0,648.0,658,2,178,0,0,0,700,700,1
1114,4456,898,79,898,3,right+B,0.06916589289903641,0.27932944893836975,0.18403488397598267,0.4050992727279663,0.062370527535676956,1.39162278175354,0.0,648.0,659,2,178,0,0,0,700,700,1
1115,4460,898,79,898,1,right,0.06916878372430801,0.2800008952617645,0.18316426873207092,0.40569764375686646,0.0619683563709259,1.390433430671692,-1.0,647.0,660,2,177,0,0,0,700,700,1
1116,4464,898,93,898,2,right+A,0.06922382116317749,0.28009554743766785,0.18560577929019928,0.40251192450523376,0.06256294250488281,1.3935930728912354,0.0,647.0,661,2,177,0,0,0,700,700,1
1117,4468,898,108,898,3,right+B,0.06928618252277374,0.28114956617355347,0.18689486384391785,0.3988047242164612,0.063864566385746,1.3974690437316895,0.0,647.0,662,2,177,0,0,0,700,700,1
1118,4472,898,112,898,2,right+A,0.06889184564352036,0.28059354424476624,0.1867346465587616,0.4003233015537262,0.06345672905445099,1.3957102298736572,0.0,647.0,663,2,177,0,0,0,700,700,1
1119,4476,898,106,898,3,right+B,0.06938295066356659,0.27857401967048645,0.18868368864059448,0.3994571566581726,0.06390218436717987,1.398141860961914,0.0,647.0,664,2,177,0,0,0,700,700,1
1120,4480,898,89,898,3,right+B,0.0693843811750412,0.281034916639328,0.1886601448059082,0.3967241942882538,0.06419643014669418,1.3995323181152344,-1.0,646.0,665,2,176,0,0,0,700,700,1
1121,4484,898,79,898,2,right+A,0.0693807601928711,0.2808701992034912,0.18146640062332153,0.40594175457954407,0.06234082579612732,1.3904699087142944,0.0,646.0,666,2,176,0,0,0,700,700,1
1122,4488,898,79,898,3,right+B,0.0687229111790657,0.27799686789512634,0.17620469629764557,0.41608697175979614,0.06098848208785057,1.3812438249588013,0.0,646.0,667,2,176,0,0,0,700,700,1
1123,4492,898,93,898,2,right+A,0.06902532279491425,0.2794238328933716,0.17829187214374542,0.41274622082710266,0.060512688010931015,1.3832117319107056,0.0,646.0,668,2,176,0,0,0,700,700,1
1124,4496,898,108,898,1,right,0.06935949623584747,0.2793867290019989,0.18318802118301392,0.4050072133541107,0.0630585327744484,1.3925995826721191,0.0,646.0,669,2,176,0,0,0,700,700,1
1125,4500,898,112,898,0,NOOP,0.0696491003036499,0.2803288996219635,0.1884012222290039,0.39773306250572205,0.06388773024082184,1.3989919424057007,-1.0,645.0,670,2,175,0,0,0,700,700,1
1126,4504,898,106,898,2,right+A,0.07006814330816269,0.2793205678462982,0.19431345164775848,0.39144718647003174,0.06485061347484589,1.405395746231079,0.0,645.0,671,2,175,0,0,0,700,700,1
1127,4508,898,89,898,1,right,0.06976316124200821,0.28185969591140747,0.19379271566867828,0.38929200172424316,0.06529241055250168,1.406137228012085,0.0,645.0,672,2,175,0,0,0,700,700,1
1128,4512,898,79,898,1,right,0.06931687146425247,0.2813352346420288,0.18505944311618805,0.40133193135261536,0.06295649707317352,1.3945095539093018,0.0,645.0,673,2,175,0,0,0,700,700,1
1129,4516,898,79,898,3,right+B,0.06851451098918915,0.27930137515068054,0.1784384697675705,0.4120066165924072,0.061739031225442886,1.384713053703308,0.0,645.0,674,2,175,0,0,0,700,700,1
1130,4520,898,79,898,1,right,0.06857576966285706,0.2800070643424988,0.1786751002073288,0.41201579570770264,0.06072625145316124,1.3833636045455933,-1.0,644.0,675,2,174,0,0,0,700,700,1
1131,4524,898,79,898,1,right,0.06865791231393814,0.2791880667209625,0.1788710206747055,0.41135507822036743,0.06192794069647789,1.3856453895568848,0.0,644.0,676,2,174,0,0,0,700,700,1
1132,4528,898,93,898,2,right+A,0.06879459321498871,0.27888742089271545,0.17950844764709473,0.4113959074020386,0.061413586139678955,1.385326862335205,0.0,644.0,677,2,174,0,0,0,700,700,1
1133,4532,898,109,898,4,right+A+B,0.06917019188404083,0.2794259488582611,0.18297772109508514,0.4060794711112976,0.06234664469957352,1.390783429145813,0.0,644.0,678,2,174,0,0,0,700,700,1
1134,4536,898,121,898,1,right,0.06939301639795303,0.2802392244338989,0.18639814853668213,0.4005669057369232,0.06340276449918747,1.3961076736450195,0.0,644.0,679,2,174,0,0,0,700,700,1
1135,4540,898,122,898,3,right+B,0.07043864578008652,0.2801738679409027,0.19302554428577423,0.3897545635700226,0.06660738587379456,1.4085434675216675,-1.0,643.0,680,2,173,0,0,0,700,700,1
1136,4544,898,113,898,3,right+B,0.0694408044219017,0.28194501996040344,0.18779245018959045,0.3964664936065674,0.06435520201921463,1.3995847702026367,0.0,643.0,681,2,173,0,0,0,700,700,1
1137,4548,898,94,898,3,right+B,0.07063379883766174,0.2799423038959503,0.18634434044361115,0.3982418477535248,0.06483763456344604,1.4007467031478882,0.0,643.0,682,2,173,0,0,0,700,700,1
1138,4552,898,79,898,3,right+B,0.06874343752861023,0.28053534030914307,0.1833398938179016,0.40436500310897827,0.06301632523536682,1.3919751644134521,0.0,643.0,683,2,173,0,0,0,700,700,1
1139,4556,898,93,898,4,right+A+B,0.07009949535131454,0.2809104323387146,0.1852457970380783,0.40131235122680664,0.06243192404508591,1.3948986530303955,0.0,643.0,684,2,173,0,0,0,700,700,1
1140,4560,898,108,898,3,right+B,0.06919882446527481,0.2798202633857727,0.18520647287368774,0.4027263820171356,0.06304800510406494,1.3940410614013672,-1.0,642.0,685,2,172,0,0,0,700,700,1
1141,4564,898,112,898,1,right,0.069123774766922,0.2813996970653534,0.1892612874507904,0.39579957723617554,0.06441561132669449,1.4000462293624878,0.0,642.0,686,2,172,0,0,0,700,700,1
1142,4568,898,106,898,4,right+A+B,0.069426529109478,0.2792566418647766,0.18953455984592438,0.3975559175014496,0.06422631442546844,1.3996882438659668,0.0,642.0,687,2,172,0,0,0,700,700,1
1143,4572,898,89,898,4,right+A+B,0.06920742988586426,0.28077173233032227,0.18826411664485931,0.39766839146614075,0.06408827006816864,1.398639440536499,0.0,642.0,688,2,172,0,0,0,700,700,1
1144,4576,898,79,898,3,right+B,0.0692707821726799,0.2812562882900238,0.18060608208179474,0.40654897689819336,0.06231796741485596,1.3896796703338623,0.0,642.0,689,2,172,0,0,0,700,700,1
1145,4580,898,79,898,3,right+B,0.06851360946893692,0.27777475118637085,0.17511959373950958,0.41769105195999146,0.060900941491127014,1.3796701431274414,-1.0,641.0,690,2,171,0,0,0,700,700,1
1146,4584,898,79,898,1,right,0.0689067468047142,0.27926763892173767,0.17780862748622894,0.41351714730262756,0.0604998841881752,1.382507085800171,0.0,641.0,691,2,171,0,0,0,700,700,1
1147,4588,898,79,898,3,right+B,0.06894592195749283,0.2789681851863861,0.17884056270122528,0.41154733300209045,0.061698053032159805,1.3856139183044434,0.0,641.0,692,2,171,0,0,0,700,700,1
1148,4592,898,79,898,3,right+B,0.06935320049524307,0.279084712266922,0.18218180537223816,0.4075452387332916,0.06183505430817604,1.3893797397613525,0.0,641.0,693,2,171,0,0,0,700,700,1
1149,4596,898,79,898,3,right+B,0.06936264783143997,0.27931076288223267,0.18164022266864777,0.40836668014526367,0.06131969392299652,1.3880701065063477,0.0,641.0,694,2,171,0,0,0,700,700,1
1150,4600,898,93,898,2,right+A,0.06990618258714676,0.28099504113197327,0.1876802146434784,0.3987085521221161,0.06271003931760788,1.396965742111206,-1.0,640.0,695,2,170,0,0,0,700,700,1
1151,4604,898,108,898,0,NOOP,0.06986311823129654,0.28143784403800964,0.19031411409378052,0.3943620026111603,0.064022958278656,1.4014027118682861,0.0,640.0,696,2,170,0,0,0,700,700,1
1152,4608,898,112,898,2,right+A,0.06929454207420349,0.2804751992225647,0.1906396448612213,0.39586159586906433,0.06372901797294617,1.3997888565063477,0.0,640.0,697,2,170,0,0,0,700,700,1
1153,4612,898,106,898,2,right+A,0.06943906098604202,0.27950629591941833,0.19111934304237366,0.39549338817596436,0.06444191187620163,1.4013527631759644,0.0,640.0,698,2,170,0,0,0,700,700,1
1154,4616,898,89,898,2,right+A,0.06914995610713959,0.28123101592063904,0.18927708268165588,0.39608174562454224,0.06426025182008743,1.399763822555542,0.0,640.0,699,2,170,0,0,0,700,700,1
1155,4620,898,79,898,1,right,0.06925754994153976,0.281249463558197,0.1815110743045807,0.40568187832832336,0.06229998543858528,1.3903508186340332,-1.0,639.0,700,2,169,0,0,0,700,700,1
1156,4624,898,93,898,2,right+A,0.0684676319360733,0.2784122824668884,0.17513605952262878,0.4171249568462372,0.06085902824997902,1.37977933883667,0.0,639.0,701,2,169,0,0,0,700,700,1
1157,4628,898,108,898,1,right,0.06864544004201889,0.2795600891113281,0.18145640194416046,0.4082340896129608,0.06210394948720932,1.3882226943969727,0.0,639.0,702,2,169,0,0,0,700,700,1
1158,4632,898,112,898,1,right,0.06828998774290085,0.2788969576358795,0.1805969476699829,0.4092859625816345,0.06293012946844101,1.3881862163543701,0.0,639.0,703,2,169,0,0,0,700,700,1
1159,4636,898,106,898,3,right+B,0.0691077932715416,0.27783480286598206,0.18714381754398346,0.40217190980911255,0.06374160200357437,1.39592707157135,0.0,639.0,704,2,169,0,0,0,700,700,1
1160,4640,898,89,898,3,right+B,0.06927873194217682,0.2805887758731842,0.18857945501804352,0.3969402313232422,0.06461283564567566,1.399890661239624,-1.0,638.0,705,2,168,0,0,0,700,700,1
1161,4644,898,79,898,3,right+B,0.06921147555112839,0.28078585863113403,0.18210655450820923,0.40497782826423645,0.06291826069355011,1.391731858253479,0.0,638.0,706,2,168,0,0,0,700,700,1
1162,4648,898,79,898,0,NOOP,0.06858942657709122,0.278639018535614,0.17907145619392395,0.4118080735206604,0.061891984194517136,1.3854079246520996,0.0,638.0,707,2,168,0,0,0,700,700,1
1163,4652,898,79,898,1,right,0.06887180358171463,0.2806902527809143,0.1837463080883026,0.4041813611984253,0.06251022964715958,1.3916374444961548,0.0,638.0,708,2,168,0,0,0,700,700,1
1164,4656,898,79,898,3,right+B,0.06831899285316467,0.2787521481513977,0.18074260652065277,0.4098668098449707,0.06231940537691116,1.3871545791625977,0.0,638.0,709,2,168,0,0,0,700,700,1
1165,4660,898,93,898,4,right+A+B,0.06832928955554962,0.2790778577327728,0.17819277942180634,0.41352078318595886,0.06087936833500862,1.382447361946106,-1.0,637.0,710,2,167,0,0,0,700,700,1
1166,4664,898,109,898,2,right+A,0.06853882223367691,0.2794370949268341,0.18232318758964539,0.4072156548500061,0.062485359609127045,1.3894023895263672,0.0,637.0,711,2,167,0,0,0,700,700,1
1167,4668,898,122,898,2,right+A,0.06878478825092316,0.2800073027610779,0.18462824821472168,0.4033075273036957,0.0632721409201622,1.393343210220337,0.0,637.0,712,2,167,0,0,0,700,700,1
1168,4672,898,130,898,3,right+B,0.0698123425245285,0.2799096703529358,0.19269873201847076,0.39094844460487366,0.06663079559803009,1.4071913957595825,0.0,637.0,713,2,167,0,0,0,700,700,1
1169,4676,898,129,898,3,right+B,0.06778506189584732,0.2806696891784668,0.18621130287647247,0.4017326235771179,0.06360135227441788,1.3936444520950317,0.0,637.0,714,2,167,0,0,0,700,700,1
1170,4680,898,117,898,2,right+A,0.06796631217002869,0.2793446481227875,0.1870354264974594,0.4003620445728302,0.0652916431427002,1.3972111940383911,-1.0,636.0,715,2,166,0,0,0,700,700,1
1171,4684,898,97,898,1,right,0.06866433471441269,0.27814415097236633,0.1852525770664215,0.4026302397251129,0.06530861556529999,1.396669626235962,0.0,636.0,716,2,166,0,0,0,700,700,1
1172,4688,898,79,898,1,right,0.06855788081884384,0.2800513803958893,0.1874229907989502,0.39910396933555603,0.06486378610134125,1.3980265855789185,0.0,636.0,717,2,166,0,0,0,700,700,1
1173,4692,898,93,898,2,right+A,0.06876871734857559,0.278259813785553,0.18221035599708557,0.40786463022232056,0.06289651244878769,1.3900439739227295,0.0,636.0,718,2,166,0,0,0,700,700,1
1174,4696,898,108,898,1,right,0.06949280202388763,0.2799054980278015,0.18704168498516083,0.4003863036632538,0.06317367404699326,1.3962314128875732,0.0,636.0,719,2,166,0,0,0,700,700,1
1175,4700,898,112,898,4,right+A+B,0.06951075792312622,0.28168606758117676,0.1903909593820572,0.39366915822029114,0.06474306434392929,1.4022361040115356,-1.0,635.0,720,2,165,0,0,0,700,700,1
1176,4704,898,106,898,3,right+B,0.06906531751155853,0.2789703607559204,0.19066905975341797,0.3971969485282898,0.0640983134508133,1.3995590209960938,0.0,635.0,721,2,165,0,0,0,700,700,1
1177,4708,898,89,898,2,right+A,0.068890780210495,0.28138211369514465,0.19007252156734467,0.39492037892341614,0.06473418325185776,1.4008066654205322,0.0,635.0,722,2,165,0,0,0,700,700,1
1178,4712,898,79,898,1,right,0.06869089603424072,0.28120139241218567,0.18094182014465332,0.40676116943359375,0.06240469962358475,1.389065146446228,0.0,635.0,723,2,165,0,0,0,700,700,1
1179,4716,898,79,898,3,right+B,0.0681229680776596,0.2779514193534851,0.17484250664710999,0.41814711689949036,0.06093600019812584,1.3788610696792603,0.0,635.0,724,2,165,0,0,0,700,700,1
1180,4720,898,79,898,3,right+B,0.06842041015625,0.2793799042701721,0.17650727927684784,0.4152657091617584,0.060426708310842514,1.3804304599761963,-1.0,634.0,725,2,164,0,0,0,700,700,1
1181,4724,898,93,898,2,right+A,0.06841450929641724,0.27842313051223755,0.17720665037631989,0.41428759694099426,0.0616680271923542,1.3830149173736572,0.0,634.0,726,2,164,0,0,0,700,700,1
1182,4728,898,108,898,3,right+B,0.06893035769462585,0.2789035737514496,0.1830369234085083,0.4064047932624817,0.0627242848277092,1.3909162282943726,0.0,634.0,727,2,164,0,0,0,700,700,1
1183,4732,898,112,898,1,right,0.06891822069883347,0.2796436846256256,0.184414803981781,0.4040070176124573,0.06301619857549667,1.3928040266036987,0.0,634.0,728,2,164,0,0,0,700,700,1
1184,4736,898,106,898,1,right,0.06953644752502441,0.2783831059932709,0.1888003945350647,0.39896491169929504,0.06431516259908676,1.399184226989746,0.0,634.0,729,2,164,0,0,0,700,700,1
1185,4740,898,89,898,3,right+B,0.06943903863430023,0.280571311712265,0.18988563120365143,0.3953704237937927,0.0647335946559906,1.4013476371765137,-1.0,633.0,730,2,163,0,0,0,700,700,1
1186,4744,898,79,898,3,right+B,0.06959184259176254,0.2817398011684418,0.18558774888515472,0.39976251125335693,0.06331806629896164,1.3962091207504272,0.0,633.0,731,2,163,0,0,0,700,700,1
1187,4748,898,79,898,3,right+B,0.06866854429244995,0.2791501581668854,0.18023328483104706,0.40982067584991455,0.062127355486154556,1.3871532678604126,0.0,633.0,732,2,163,0,0,0,700,700,1
1188,4752,898,79,898,3,right+B,0.0685042217373848,0.2794930338859558,0.1811956912279129,0.40969187021255493,0.06111520156264305,1.3858615159988403,0.0,633.0,733,2,163,0,0,0,700,700,1
1189,4756,898,79,898,3,right+B,0.06841124594211578,0.279792845249176,0.18090564012527466,0.40830501914024353,0.06258516758680344,1.3883494138717651,0.0,633.0,734,2,163,0,0,0,700,700,1
1190,4760,898,79,898,3,right+B,0.06830088794231415,0.27872782945632935,0.17998024821281433,0.4114200174808502,0.061570994555950165,1.3850698471069336,-1.0,632.0,735,2,162,0,0,0,700,700,1
1191,4764,898,79,898,3,right+B,0.06838473677635193,0.27856916189193726,0.17764262855052948,0.41464126110076904,0.060762230306863785,1.381656527519226,0.0,632.0,736,2,162,0,0,0,700,700,1
1192,4768,898,79,898,1,right,0.06883346289396286,0.27963587641716003,0.18037164211273193,0.4094115197658539,0.0617474764585495,1.3870294094085693,0.0,632.0,737,2,162,0,0,0,700,700,1
1193,4772,898,79,898,3,right+B,0.0686819851398468,0.27891600131988525,0.179117351770401,0.4115360379219055,0.06174863502383232,1.3854480981826782,0.0,632.0,738,2,162,0,0,0,700,700,1
1194,4776,898,79,898,1,right,0.06814544647932053,0.277764230966568,0.17727649211883545,0.4159293472766876,0.060884490609169006,1.380825400352478,0.0,632.0,739,2,162,0,0,0,700,700,1
1195,4780,898,79,898,3,right+B,0.06831879168748856,0.2781171202659607,0.1757160723209381,0.4173504114151001,0.06049763783812523,1.3791965246200562,-1.0,631.0,740,2,161,0,0,0,700,700,1
1196,4784,898,93,898,2,right+A,0.0692526251077652,0.2797088027000427,0.18254834413528442,0.40611863136291504,0.062371570616960526,1.3907389640808105,0.0,631.0,741,2,161,0,0,0,700,700,1
1197,4788,898,108,898,1,right,0.06956761330366135,0.28003162145614624,0.18628709018230438,0.4004487991333008,0.06366480886936188,1.396736741065979,0.0,631.0,742,2,161,0,0,0,700,700,1
1198,4792,898,112,898,1,right,0.06957542896270752,0.28084492683410645,0.19072511792182922,0.3947320878505707,0.06412243098020554,1.401183009147644,0.0,631.0,743,2,161,0,0,0,700,700,1
1199,4796,898,106,898,3,right+B,0.06976586580276489,0.2795102000236511,0.19352670013904572,0.3923538327217102,0.06484347581863403,1.4043724536895752,0.0,631.0,744,2,161,0,0,0,700,700,1
1200,4800,898,89,898,2,right+A,0.06928490847349167,0.28090569376945496,0.19248521327972412,0.39271244406700134,0.06461174786090851,1.4028531312942505,-1.0,630.0,745,2,160,0,0,0,700,700,1
1201,4804,898,79,898,3,right+B,0.0690445825457573,0.2819332778453827,0.18380457162857056,0.4023858904838562,0.06283165514469147,1.3930344581604004,0.0,630.0,746,2,160,0,0,0,700,700,1
1202,4808,898,79,898,1,right,0.0682501271367073,0.27847856283187866,0.17667484283447266,0.4154946804046631,0.061101820319890976,1.3812053203582764,0.0,630.0,747,2,160,0,0,0,700,700,1
1203,4812,898,79,898,0,NOOP,0.06848510354757309,0.2793045938014984,0.17745137214660645,0.4143076539039612,0.0604512095451355,1.3813685178756714,0.0,630.0,748,2,160,0,0,0,700,700,1
1204,4816,898,79,898,3,right+B,0.06836163997650146,0.2789044976234436,0.1773981750011444,0.4135914742946625,0.06174421310424805,1.3834172487258911,0.0,630.0,749,2,160,0,0,0,700,700,1
1205,4820,898,79,898,3,right+B,0.0686192587018013,0.2780762314796448,0.17818014323711395,0.41414719820022583,0.06097709387540817,1.382749080657959,-1.0,629.0,750,2,159,0,0,0,700,700,1
1206,4824,898,79,898,0,NOOP,0.06851271539926529,0.27771204710006714,0.17628730833530426,0.41722333431243896,0.060264602303504944,1.379425287246704,0.0,629.0,751,2,159,0,0,0,700,700,1
1207,4828,898,79,898,3,right+B,0.06863667815923691,0.27821779251098633,0.17776785790920258,0.41397953033447266,0.06139815226197243,1.383293628692627,0.0,629.0,752,2,159,0,0,0,700,700,1
1208,4832,898,93,898,2,right+A,0.06891785562038422,0.27853718400001526,0.1796860694885254,0.4111900329589844,0.06166889891028404,1.3860430717468262,0.0,629.0,753,2,159,0,0,0,700,700,1
1209,4836,898,108,898,1,right,0.06919264048337936,0.2789795398712158,0.18333560228347778,0.40569645166397095,0.06279581040143967,1.3917807340621948,0.0,629.0,754,2,159,0,0,0,700,700,1
1210,4840,898,112,898,3,right+B,0.06917984783649445,0.2803668677806854,0.18858687579631805,0.3977431356906891,0.06412331014871597,1.3987549543380737,-1.0,628.0,755,2,158,0,0,0,700,700,1
1211,4844,898,106,898,3,right+B,0.06953132897615433,0.2792346477508545,0.1931885927915573,0.3929775059223175,0.06506789475679398,1.404037356376648,0.0,628.0,756,2,158,0,0,0,700,700,1
1212,4848,898,89,898,3,right+B,0.06896895915269852,0.28054171800613403,0.1908222883939743,0.39503151178359985,0.06463546305894852,1.4010250568389893,0.0,628.0,757,2,158,0,0,0,700,700,1
1213,4852,898,79,898,2,right+A,0.06888480484485626,0.2817552089691162,0.18258172273635864,0.4038510024547577,0.06292730569839478,1.391901969909668,0.0,628.0,758,2,158,0,0,0,700,700,1
1214,4856,898,79,898,2,right+A,0.06796164810657501,0.2782133221626282,0.17520779371261597,0.41755416989326477,0.06106311455368996,1.3792372941970825,0.0,628.0,759,2,158,0,0,0,700,700,1
1215,4860,898,79,898,1,right,0.06829944998025894,0.27911701798439026,0.1765630543231964,0.41560009121894836,0.06042034551501274,1.3801432847976685,-1.0,627.0,760,2,157,0,0,0,700,700,1
1216,4864,898,93,898,4,right+A+B,0.06844373047351837,0.27898913621902466,0.17728734016418457,0.4134567081928253,0.06182316318154335,1.3836548328399658,0.0,627.0,761,2,157,0,0,0,700,700,1
1217,4868,898,108,898,3,right+B,0.06895308196544647,0.2789054214954376,0.18276450037956238,0.40664955973625183,0.0627274215221405,1.3907454013824463,0.0,627.0,762,2,157,0,0,0,700,700,1
1218,4872,898,112,898,0,NOOP,0.06888315081596375,0.2795848846435547,0.18449667096138,0.40393295884132385,0.06310240924358368,1.392944574356079,0.0,627.0,763,2,157,0,0,0,700,700,1
1219,4876,898,106,898,1,right,0.06931189447641373,0.2779415249824524,0.18731890618801117,0.4015929400920868,0.06383473426103592,1.3966310024261475,0.0,627.0,764,2,157,0,0,0,700,700,1
1220,4880,898,89,898,3,right+B,0.06952418386936188,0.2807600200176239,0.18983885645866394,0.39505529403686523,0.06482168287038803,1.4016855955123901,-1.0,626.0,765,2,156,0,0,0,700,700,1
1221,4884,898,79,898,2,right+A,0.06950932741165161,0.2809394299983978,0.1833820939064026,0.40302953124046326,0.0631396472454071,1.3937357664108276,0.0,626.0,766,2,156,0,0,0,700,700,1
1222,4888,898,79,898,3,right+B,0.0690600723028183,0.2789134681224823,0.18068979680538177,0.4091990292072296,0.06213768944144249,1.388154149055481,0.0,626.0,767,2,156,0,0,0,700,700,1
1223,4892,898,79,898,3,right+B,0.06921987980604172,0.2806754410266876,0.1832006573677063,0.4051892161369324,0.061714835464954376,1.3903251886367798,0.0,626.0,768,2,156,0,0,0,700,700,1
1224,4896,898,79,898,1,right,0.0685746967792511,0.2791242003440857,0.18198257684707642,0.40793734788894653,0.06238117441534996,1.388878345489502,0.0,626.0,769,2,156,0,0,0,700,700,1
1225,4900,898,79,898,1,right,0.06849414855241776,0.27934303879737854,0.18175004422664642,0.40843579173088074,0.06197705119848251,1.3878692388534546,-1.0,625.0,770,2,155,0,0,0,700,700,1
1226,4904,898,79,898,3,right+B,0.06843619793653488,0.27902087569236755,0.1786431521177292,0.4129658043384552,0.060933973640203476,1.383099913597107,0.0,625.0,771,2,155,0,0,0,700,700,1
1227,4908,898,93,898,2,right+A,0.0688425600528717,0.2795492708683014,0.18098494410514832,0.4087957739830017,0.061827413737773895,1.3876651525497437,0.0,625.0,772,2,155,0,0,0,700,700,1
1228,4912,898,108,898,1,right,0.06903153657913208,0.27995508909225464,0.1828511357307434,0.40517574548721313,0.06298649311065674,1.3918287754058838,0.0,625.0,773,2,155,0,0,0,700,700,1
1229,4916,898,112,898,0,NOOP,0.06888282299041748,0.2796013057231903,0.18412388861179352,0.4044063091278076,0.06298565119504929,1.3924403190612793,0.0,625.0,774,2,155,0,0,0,700,700,1
1230,4920,898,106,898,0,NOOP,0.0692005455493927,0.2778841257095337,0.18642057478427887,0.4028995931148529,0.06359513103961945,1.395283579826355,-1.0,624.0,775,2,154,0,0,0,700,700,1
1231,4924,898,89,898,2,right+A,0.06917133182287216,0.28024134039878845,0.18693313002586365,0.3996896743774414,0.06396453082561493,1.3971599340438843,0.0,624.0,776,2,154,0,0,0,700,700,1
1232,4928,898,79,898,2,right+A,0.06951180845499039,0.28117233514785767,0.1822761446237564,0.4041137993335724,0.06292589753866196,1.392552137374878,0.0,624.0,777,2,154,0,0,0,700,700,1
1233,4932,898,79,898,3,right+B,0.06876347213983536,0.2781413495540619,0.17753995954990387,0.41386842727661133,0.06168676167726517,1.3838483095169067,0.0,624.0,778,2,154,0,0,0,700,700,1
1234,4936,898,79,898,1,right,0.06915996968746185,0.28019586205482483,0.18222036957740784,0.4068940281867981,0.061529748141765594,1.3889098167419434,0.0,624.0,779,2,154,0,0,0,700,700,1
1235,4940,898,79,898,3,right+B,0.06900674849748611,0.28009945154190063,0.18333826959133148,0.40452179312705994,0.06303373724222183,1.39231276512146,-1.0,623.0,780,2,153,0,0,0,700,700,1
1236,4944,898,79,898,3,right+B,0.0686224102973938,0.27863457798957825,0.18299679458141327,0.40774011611938477,0.06200607120990753,1.3888874053955078,0.0,623.0,781,2,153,0,0,0,700,700,1
1237,4948,898,79,898,1,right,0.0685097947716713,0.2795267105102539,0.18025466799736023,0.4102051854133606,0.061503659933805466,1.3858516216278076,0.0,623.0,782,2,153,0,0,0,700,700,1
1238,4952,898,79,898,1,right,0.06877563893795013,0.27996334433555603,0.18196052312850952,0.4072380065917969,0.062062498182058334,1.3889358043670654,0.0,623.0,783,2,153,0,0,0,700,700,1
1239,4956,898,79,898,3,right+B,0.06887561082839966,0.27953168749809265,0.18049995601177216,0.40905311703681946,0.06203951686620712,1.3877217769622803,0.0,623.0,784,2,153,0,0,0,700,700,1
1240,4960,898,93,898,2,right+A,0.06845962256193161,0.2785366475582123,0.1784423440694809,0.4133821725845337,0.061179205775260925,1.3832521438598633,-1.0,622.0,785,2,152,0,0,0,700,700,1
1241,4964,898,108,898,3,right+B,0.06884251534938812,0.2792332172393799,0.18157325685024261,0.40799185633659363,0.06235913559794426,1.3890244960784912,0.0,622.0,786,2,152,0,0,0,700,700,1
1242,4968,898,112,898,2,right+A,0.06899082660675049,0.27986863255500793,0.18510058522224426,0.4027582108974457,0.06328175216913223,1.3940424919128418,0.0,622.0,787,2,152,0,0,0,700,700,1
1243,4972,898,106,898,3,right+B,0.0693335309624672,0.27813801169395447,0.18710875511169434,0.4015901982784271,0.06382947415113449,1.3965709209442139,0.0,622.0,788,2,152,0,0,0,700,700,1
1244,4976,898,89,898,3,right+B,0.0693025067448616,0.2805791199207306,0.18860675394535065,0.3969990015029907,0.06451268494129181,1.3997671604156494,0.0,622.0,789,2,152,0,0,0,700,700,1
1245,4980,898,79,898,1,right,0.0692811980843544,0.28080621361732483,0.18228153884410858,0.404776006937027,0.06285509467124939,1.3918848037719727,-1.0,621.0,790,2,151,0,0,0,700,700,1
1246,4984,898,93,898,2,right+A,0.06892701983451843,0.2789202332496643,0.17999684810638428,0.41013839840888977,0.06201757490634918,1.3871244192123413,0.0,621.0,791,2,151,0,0,0,700,700,1
1247,4988,898,108,898,3,right+B,0.06950871646404266,0.28120267391204834,0.1886533945798874,0.3970051407814026,0.063630111515522,1.3987677097320557,0.0,621.0,792,2,151,0,0,0,700,700,1
1248,4992,898,112,898,1,right,0.06882308423519135,0.2797054648399353,0.1866374909877777,0.4010922312736511,0.06374174356460571,1.3957215547561646,0.0,621.0,793,2,151,0,0,0,700,700,1
1249,4996,898,106,898,3,right+B,0.06941527128219604,0.27946898341178894,0.19192840158939362,0.3946537971496582,0.06453361362218857,1.4020507335662842,0.0,621.0,794,2,151,0,0,0,700,700,1
1250,5000,898,89,898,4,right+A+B,0.06915795058012009,0.28121355175971985,0.18933314085006714,0.3960861265659332,0.0642092376947403,1.399720311164856,-1.0,620.0,795,2,150,0,0,0,700,700,1
1251,5004,898,79,898,3,right+B,0.06914139539003372,0.28106689453125,0.18125569820404053,0.4063531160354614,0.062182944267988205,1.389653205871582,0.0,620.0,796,2,150,0,0,0,700,700,1
1252,5008,898,79,898,1,right,0.06853494793176651,0.2782542407512665,0.17555399239063263,0.416719526052475,0.060937266796827316,1.3803496360778809,0.0,620.0,797,2,150,0,0,0,700,700,1
1253,5012,898,79,898,3,right+B,0.0686887577176094,0.27894848585128784,0.1770401895046234,0.4149581789970398,0.06036439165472984,1.3810772895812988,0.0,620.0,798,2,150,0,0,0,700,700,1
1254,5016,898,79,898,3,right+B,0.06848817318677902,0.2784213423728943,0.17744001746177673,0.4139707088470459,0.06167978793382645,1.3833669424057007,0.0,620.0,799,2,150,0,0,0,700,700,1
1255,5020,898,79,898,1,right,0.06851254403591156,0.277922123670578,0.17839890718460083,0.4139752686023712,0.061191126704216,1.3830897808074951,-1.0,619.0,800,2,149,0,0,0,700,700,1
1256,5024,898,79,898,3,right+B,0.06871795654296875,0.27876797318458557,0.17847216129302979,0.41282472014427185,0.06121717765927315,1.3839044570922852,0.0,619.0,801,2,149,0,0,0,700,700,1
1257,5028,898,79,898,3,right+B,0.06886832416057587,0.279562771320343,0.18222056329250336,0.4068502187728882,0.062498096376657486,1.389977216720581,0.0,619.0,802,2,149,0,0,0,700,700,1
1258,5032,898,79,898,0,NOOP,0.06883097440004349,0.28017449378967285,0.1834232211112976,0.4046340584754944,0.06293720006942749,1.3919167518615723,0.0,619.0,803,2,149,0,0,0,700,700,1
1259,5036,898,93,898,2,right+A,0.06858918815851212,0.2800077497959137,0.18392576277256012,0.4043917953968048,0.06308558583259583,1.3920994997024536,0.0,619.0,804,2,149,0,0,0,700,700,1
1260,5040,898,108,898,3,right+B,0.06847552955150604,0.27942484617233276,0.18552722036838531,0.40306058526039124,0.06351185590028763,1.393725872039795,-1.0,618.0,805,2,148,0,0,0,700,700,1
1261,5044,898,112,898,1,right,0.06820938736200333,0.2807227075099945,0.18422935903072357,0.4031214714050293,0.06371708959341049,1.393093466758728,0.0,618.0,806,2,148,0,0,0,700,700,1
1262,5048,898,106,898,3,right+B,0.06818551570177078,0.2782224714756012,0.18606624007225037,0.40372928977012634,0.06379646807909012,1.3937104940414429,0.0,618.0,807,2,148,0,0,0,700,700,1
1263,5052,898,89,898,3,right+B,0.06843210011720657,0.28047752380371094,0.1858648657798767,0.4011675715446472,0.06405788660049438,1.3952964544296265,0.0,618.0,808,2,148,0,0,0,700,700,1
1264,5056,898,79,898,3,right+B,0.06849253922700882,0.2808956801891327,0.17850756645202637,0.4098450243473053,0.0622592493891716,1.3863263130187988,0.0,618.0,809,2,148,0,0,0,700,700,1
1265,5060,898,79,898,3,right+B,0.0677185207605362,0.27735084295272827,0.1730390042066574,0.4210672080516815,0.0608244426548481,1.3760730028152466,-1.0,617.0,810,2,147,0,0,0,700,700,1
1266,5064,898,93,898,2,right+A,0.06809188425540924,0.27883636951446533,0.17561064660549164,0.4169645607471466,0.06049659848213196,1.3789831399917603,0.0,617.0,811,2,147,0,0,0,700,700,1
1267,5068,898,108,898,1,right,0.06824912875890732,0.27845582365989685,0.1788444072008133,0.41193637251853943,0.06251423060894012,1.3857122659683228,0.0,617.0,812,2,147,0,0,0,700,700,1
1268,5072,898,112,898,1,right,0.06883890181779861,0.28010937571525574,0.18571041524410248,0.40138596296310425,0.06395528465509415,1.3955755233764648,0.0,617.0,813,2,147,0,0,0,700,700,1
1269,5076,898,106,898,3,right+B,0.06922826170921326,0.27832600474357605,0.1902671903371811,0.3973679840564728,0.06481063365936279,1.4006156921386719,0.0,617.0,814,2,147,0,0,0,700,700,1
1270,5080,898,89,898,3,right+B,0.06926193088293076,0.2812749147415161,0.19236595928668976,0.39170271158218384,0.06539443880319595,1.404258370399475,-1.0,616.0,815,2,146,0,0,0,700,700,1
1271,5084,898,79,898,4,right+A+B,0.06912598013877869,0.2820395529270172,0.18533354997634888,0.39985352754592896,0.06364738196134567,1.3959088325500488,0.0,616.0,816,2,146,0,0,0,700,700,1
1272,5088,898,79,898,4,right+A+B,0.06810704618692398,0.27822422981262207,0.17866583168506622,0.4132387638092041,0.06176413223147392,1.3837960958480835,0.0,616.0,817,2,146,0,0,0,700,700,1
1273,5092,898,79,898,1,right,0.06826402992010117,0.28036800026893616,0.1795506626367569,0.41050949692726135,0.06130780652165413,1.3847805261611938,0.0,616.0,818,2,146,0,0,0,700,700,1
1274,5096,898,79,898,1,right,0.06788057088851929,0.2792188227176666,0.17791080474853516,0.4130029082298279,0.061986833810806274,1.383567214012146,0.0,616.0,819,2,146,0,0,0,700,700,1
1275,5100,898,79,898,1,right,0.06802691519260406,0.27833613753318787,0.17817310988903046,0.4141477346420288,0.06131609529256821,1.38242769241333,-1.0,615.0,820,2,145,0,0,0,700,700,1
1276,5104,898,79,898,3,right+B,0.06819386780261993,0.2786884009838104,0.17649319767951965,0.4158497750759125,0.060774751007556915,1.3804041147232056,0.0,615.0,821,2,145,0,0,0,700,700,1
1277,5108,898,93,898,2,right+A,0.06849942356348038,0.27909740805625916,0.17949935793876648,0.41115802526474,0.061745788902044296,1.3855032920837402,0.0,615.0,822,2,145,0,0,0,700,700,1
1278,5112,898,109,898,2,right+A,0.06859907507896423,0.27940449118614197,0.18177619576454163,0.40729036927223206,0.06292978674173355,1.3898885250091553,0.0,615.0,823,2,145,0,0,0,700,700,1
1279,5116,898,121,898,3,right+B,0.06843322515487671,0.2796034812927246,0.18303614854812622,0.4059014618396759,0.06302571296691895,1.3908567428588867,0.0,615.0,824,2,145,0,0,0,700,700,1
1280,5120,898,122,898,0,NOOP,0.06974775344133377,0.2798347473144531,0.1926884949207306,0.39059531688690186,0.06713364273309708,1.4079355001449585,-1.0,614.0,825,2,144,0,0,0,700,700,1
1281,5124,898,113,898,3,right+B,0.06871610879898071,0.281477153301239,0.186309352517128,0.3989987075328827,0.06449861079454422,1.3972967863082886,0.0,614.0,826,2,144,0,0,0,700,700,1
1282,5128,898,94,898,3,right+B,0.07017874717712402,0.2804882824420929,0.18728095293045044,0.3967514634132385,0.06530062854290009,1.4016951322555542,0.0,614.0,827,2,144,0,0,0,700,700,1
1283,5132,898,79,898,1,right,0.06800349801778793,0.2806345820426941,0.18174777925014496,0.406429260969162,0.06318490207195282,1.3897380828857422,0.0,614.0,828,2,144,0,0,0,700,700,1
1284,5136,898,79,898,1,right,0.06904005259275436,0.2796521484851837,0.18150384724140167,0.4078979790210724,0.061905987560749054,1.388625144958496,0.0,614.0,829,2,144,0,0,0,700,700,1
1285,5140,898,79,898,1,right,0.06795676797628403,0.2792884111404419,0.1753363311290741,0.41655632853507996,0.06086212396621704,1.3793864250183105,-1.0,613.0,830,2,143,0,0,0,700,700,1
1286,5144,898,79,898,0,NOOP,0.06832491606473923,0.27991414070129395,0.18033342063426971,0.40923094749450684,0.06219660863280296,1.3870434761047363,0.0,613.0,831,2,143,0,0,0,700,700,1
1287,5148,898,79,898,1,right,0.06838467717170715,0.27922022342681885,0.17870883643627167,0.4115265905857086,0.0621597059071064,1.3854714632034302,0.0,613.0,832,2,143,0,0,0,700,700,1
1288,5152,898,79,898,1,right,0.06832221895456314,0.2786867320537567,0.17714634537696838,0.4147873520851135,0.061057306826114655,1.3817353248596191,0.0,613.0,833,2,143,0,0,0,700,700,1
1289,5156,898,79,898,3,right+B,0.06831387430429459,0.2781040072441101,0.17469222843647003,0.418631911277771,0.060257963836193085,1.3778282403945923,0.0,613.0,834,2,143,0,0,0,700,700,1
1290,5160,898,79,898,3,right+B,0.06825638562440872,0.2781526744365692,0.17720265686511993,0.41522565484046936,0.06116264685988426,1.38165283203125,-1.0,612.0,835,2,142,0,0,0,700,700,1
1291,5164,898,79,898,1,right,0.06806308776140213,0.27792537212371826,0.17745289206504822,0.415316104888916,0.06124253198504448,1.3815784454345703,0.0,612.0,836,2,142,0,0,0,700,700,1
1292,5168,898,79,898,3,right+B,0.06842610239982605,0.278700590133667,0.1780043989419937,0.41356831789016724,0.06130063906311989,1.3831199407577515,0.0,612.0,837,2,142,0,0,0,700,700,1
1293,5172,898,79,898,3,right+B,0.0687570869922638,0.2794494032859802,0.1820051223039627,0.4073067605495453,0.062481679022312164,1.3895328044891357,0.0,612.0,838,2,142,0,0,0,700,700,1
1294,5176,898,79,898,1,right,0.06881079822778702,0.2801419794559479,0.18342356383800507,0.4046902358531952,0.06293340027332306,1.3918622732162476,0.0,612.0,839,2,142,0,0,0,700,700,1
1295,5180,898,79,898,1,right,0.06823647767305374,0.27941423654556274,0.1821637749671936,0.40793314576148987,0.06225244328379631,1.3882883787155151,-1.0,611.0,840,2,141,0,0,0,700,700,1
1296,5184,898,79,898,3,right+B,0.06823145598173141,0.27899760007858276,0.17969071865081787,0.4116598665714264,0.06142032891511917,1.3845241069793701,0.0,611.0,841,2,141,0,0,0,700,700,1
1297,5188,898,79,898,3,right+B,0.06871975213289261,0.28073322772979736,0.18317867815494537,0.4047337472438812,0.06263457983732224,1.3911669254302979,0.0,611.0,842,2,141,0,0,0,700,700,1
1298,5192,898,93,898,4,right+A+B,0.06833072751760483,0.27956539392471313,0.17895519733428955,0.41145527362823486,0.06169341504573822,1.3848302364349365,0.0,611.0,843,2,141,0,0,0,700,700,1
1299,5196,898,108,898,3,right+B,0.06863776594400406,0.2797602117061615,0.18247701227664948,0.4066516160964966,0.062473442405462265,1.389801025390625,0.0,611.0,844,2,141,0,0,0,700,700,1
1300,5200,898,112,898,2,right+A,0.06892553716897964,0.28075405955314636,0.18542571365833282,0.40138185024261475,0.06351277977228165,1.3949253559112549,-1.0,610.0,845,2,140,0,0,0,700,700,1
1301,5204,898,106,898,0,NOOP,0.0691441148519516,0.2783889174461365,0.18708136677742004,0.401565283536911,0.06382028013467789,1.3962922096252441,0.0,610.0,846,2,140,0,0,0,700,700,1
1302,5208,898,89,898,2,right+A,0.06889280676841736,0.2802882790565491,0.18681402504444122,0.40007492899894714,0.06393002718687057,1.3965336084365845,0.0,610.0,847,2,140,0,0,0,700,700,1
1303,5212,898,79,898,3,right+B,0.06882461905479431,0.28058263659477234,0.17930883169174194,0.40912729501724243,0.0621565580368042,1.3872710466384888,0.0,610.0,848,2,140,0,0,0,700,700,1
1304,5216,898,79,898,3,right+B,0.06821697950363159,0.27806493639945984,0.17572753131389618,0.4164588749408722,0.06153171509504318,1.380988359451294,0.0,610.0,849,2,140,0,0,0,700,700,1
1305,5220,898,79,898,3,right+B,0.06842656433582306,0.2792317867279053,0.17847788333892822,0.41270679235458374,0.0611569881439209,1.3834530115127563,-1.0,609.0,850,2,139,0,0,0,700,700,1
1306,5224,898,93,898,4,right+A+B,0.06869685649871826,0.2795167565345764,0.18214987218379974,0.4066871106624603,0.06294936686754227,1.3904420137405396,0.0,609.0,851,2,139,0,0,0,700,700,1
1307,5228,898,108,898,3,right+B,0.06909745186567307,0.280264288187027,0.18798324465751648,0.39866846799850464,0.06398651003837585,1.3978726863861084,0.0,609.0,852,2,139,0,0,0,700,700,1
1308,5232,898,112,898,1,right,0.0686819925904274,0.2800838053226471,0.18780551850795746,0.3998279869556427,0.06360072642564774,1.3962371349334717,0.0,609.0,853,2,139,0,0,0,700,700,1
1309,5236,898,106,898,2,right+A,0.06911048293113708,0.2793201804161072,0.1890372782945633,0.39821380376815796,0.0643182098865509,1.398956298828125,0.0,609.0,854,2,139,0,0,0,700,700,1
1310,5240,898,89,898,3,right+B,0.06889884173870087,0.2811315059661865,0.1875421553850174,0.39832308888435364,0.06410439312458038,1.397711992263794,-1.0,608.0,855,2,138,0,0,0,700,700,1
1311,5244,898,79,898,3,right+B,0.06895513087511063,0.28107950091362,0.1796407699584961,0.40821629762649536,0.062108300626277924,1.3878722190856934,0.0,608.0,856,2,138,0,0,0,700,700,1
1312,5248,898,79,898,0,NOOP,0.068234384059906,0.2781766653060913,0.17371690273284912,0.4191599488258362,0.06071208789944649,1.3777369260787964,0.0,608.0,857,2,138,0,0,0,700,700,1
1313,5252,898,79,898,1,right,0.06862466782331467,0.2793835699558258,0.17773091793060303,0.4131917953491211,0.061068981885910034,1.383071780204773,0.0,608.0,858,2,138,0,0,0,700,700,1
1314,5256,898,79,898,1,right,0.06847035139799118,0.278406023979187,0.1762275993824005,0.41549599170684814,0.06140007823705673,1.3817615509033203,0.0,608.0,859,2,138,0,0,0,700,700,1
1315,5260,898,79,898,3,right+B,0.06858082115650177,0.27798712253570557,0.17487385869026184,0.41866376996040344,0.05989443138241768,1.3777166604995728,-1.0,607.0,860,2,137,0,0,0,700,700,1
1316,5264,898,79,898,3,right+B,0.06894279271364212,0.278995543718338,0.17926166951656342,0.41128820180892944,0.061511702835559845,1.3856154680252075,0.0,607.0,861,2,137,0,0,0,700,700,1
1317,5268,898,79,898,3,right+B,0.06890924274921417,0.27869582176208496,0.18060438334941864,0.4099552631378174,0.06183522567152977,1.3871607780456543,0.0,607.0,862,2,137,0,0,0,700,700,1
1318,5272,898,79,898,1,right,0.06915857642889023,0.27970704436302185,0.18234525620937347,0.4070747196674347,0.06171446293592453,1.3891735076904297,0.0,607.0,863,2,137,0,0,0,700,700,1
1319,5276,898,79,898,1,right,0.06954547762870789,0.2810669243335724,0.1867089718580246,0.39964979887008667,0.0630287304520607,1.3962150812149048,0.0,607.0,864,2,137,0,0,0,700,700,1
1320,5280,898,93,898,4,right+A+B,0.06906260550022125,0.28002363443374634,0.1842712163925171,0.4040201008319855,0.06262250244617462,1.3923534154891968,-1.0,606.0,865,2,136,0,0,0,700,700,1
1321,5284,898,108,898,3,right+B,0.06892847269773483,0.28043967485427856,0.18618746101856232,0.4010155200958252,0.0634288564324379,1.395249843597412,0.0,606.0,866,2,136,0,0,0,700,700,1
1322,5288,898,112,898,2,right+A,0.06896711885929108,0.2807968854904175,0.1854812204837799,0.40145739912986755,0.063297338783741,1.3946592807769775,0.0,606.0,867,2,136,0,0,0,700,700,1
1323,5292,898,106,898,3,right+B,0.06949357688426971,0.27869611978530884,0.18761534988880157,0.40049827098846436,0.06369660049676895,1.3971965312957764,0.0,606.0,868,2,136,0,0,0,700,700,1
1324,5296,898,89,898,1,right,0.06931731104850769,0.2810829281806946,0.1870962530374527,0.3986855149269104,0.06381801515817642,1.397567629814148,0.0,606.0,869,2,136,0,0,0,700,700,1
1325,5300,898,79,898,3,right+B,0.06930486857891083,0.280896931886673,0.17998559772968292,0.4078661799430847,0.06194645166397095,1.3884027004241943,-1.0,605.0,870,2,135,0,0,0,700,700,1
1326,5304,898,79,898,3,right+B,0.0685204491019249,0.2778847813606262,0.17460528016090393,0.41832953691482544,0.06066003814339638,1.3788145780563354,0.0,605.0,871,2,135,0,0,0,700,700,1
1327,5308,898,93,898,2,right+A,0.0686403289437294,0.27913007140159607,0.17643846571445465,0.41557350754737854,0.06021762639284134,1.3802651166915894,0.0,605.0,872,2,135,0,0,0,700,700,1
1328,5312,898,108,898,3,right+B,0.06901650130748749,0.27916646003723145,0.18162159621715546,0.4073116183280945,0.06288385391235352,1.39033043384552,0.0,605.0,873,2,135,0,0,0,700,700,1
1329,5316,898,112,898,1,right,0.06936891376972198,0.28025826811790466,0.18682359158992767,0.39983001351356506,0.0637192353606224,1.3969790935516357,0.0,605.0,874,2,135,0,0,0,700,700,1
1330,5320,898,106,898,4,right+A+B,0.06979560106992722,0.27932190895080566,0.19269008934497833,0.39353013038635254,0.06466228514909744,1.403438687324524,-1.0,604.0,875,2,134,0,0,0,700,700,1
1331,5324,898,89,898,3,right+B,0.06961516290903091,0.281917929649353,0.19255316257476807,0.39084237813949585,0.06507133692502975,1.404634714126587,0.0,604.0,876,2,134,0,0,0,700,700,1
1332,5328,898,79,898,0,NOOP,0.06927286088466644,0.2814902663230896,0.18425539135932922,0.40219420194625854,0.06278721243143082,1.3935484886169434,0.0,604.0,877,2,134,0,0,0,700,700,1
1333,5332,898,79,898,1,right,0.06857982277870178,0.27952954173088074,0.179531067609787,0.4098380208015442,0.06252159178256989,1.387304663658142,0.0,604.0,878,2,134,0,0,0,700,700,1
1334,5336,898,93,898,2,right+A,0.0686475858092308,0.28034523129463196,0.179170161485672,0.4106987714767456,0.06113826110959053,1.3848209381103516,0.0,604.0,879,2,134,0,0,0,700,700,1
1335,5340,898,108,898,1,right,0.06868372112512589,0.27904799580574036,0.1792626678943634,0.4109598994255066,0.062045689672231674,1.386185646057129,-1.0,603.0,880,2,133,0,0,0,700,700,1
1336,5344,898,112,898,2,right+A,0.068967804312706,0.2802274227142334,0.18349586427211761,0.404397189617157,0.06291170418262482,1.392188549041748,0.0,603.0,881,2,133,0,0,0,700,700,1
1337,5348,898,106,898,3,right+B,0.06936796754598618,0.27822864055633545,0.1872904747724533,0.401568740606308,0.06354417651891708,1.3962781429290771,0.0,603.0,882,2,133,0,0,0,700,700,1
1338,5352,898,89,898,0,NOOP,0.0692543089389801,0.28050389885902405,0.18691661953926086,0.39953187108039856,0.06379327923059464,1.3970720767974854,0.0,603.0,883,2,133,0,0,0,700,700,1
1339,5356,898,79,898,1,right,0.06928619742393494,0.28087857365608215,0.1801730990409851,0.4075819253921509,0.0620802603662014,1.3887678384780884,0.0,603.0,884,2,133,0,0,0,700,700,1
1340,5360,898,79,898,3,right+B,0.06883828341960907,0.2785048484802246,0.1768314391374588,0.41439205408096313,0.061433345079422,1.383042573928833,-1.0,602.0,885,2,132,0,0,0,700,700,1
1341,5364,898,79,898,3,right+B,0.06889618933200836,0.2795864939689636,0.1791580319404602,0.41141149401664734,0.06094774231314659,1.3846007585525513,0.0,602.0,886,2,132,0,0,0,700,700,1
1342,5368,898,93,898,2,right+A,0.068989098072052,0.27988889813423157,0.18228907883167267,0.4062536358833313,0.0625791996717453,1.3905202150344849,0.0,602.0,887,2,132,0,0,0,700,700,1
1343,5372,898,108,898,0,NOOP,0.06932204961776733,0.28050923347473145,0.18827427923679352,0.3981516659259796,0.0637427344918251,1.3981239795684814,0.0,602.0,888,2,132,0,0,0,700,700,1
1344,5376,898,112,898,3,right+B,0.06883834302425385,0.280283123254776,0.1878913789987564,0.3995002806186676,0.06348682194948196,1.3964385986328125,0.0,602.0,889,2,132,0,0,0,700,700,1
1345,5380,898,106,898,3,right+B,0.06906373053789139,0.27927884459495544,0.1889786273241043,0.3984734117984772,0.06420544534921646,1.398610234260559,-1.0,601.0,890,2,131,0,0,0,700,700,1
1346,5384,898,89,898,1,right,0.06907805055379868,0.2812983989715576,0.18815156817436218,0.3973373770713806,0.0641346424818039,1.398596167564392,0.0,601.0,891,2,131,0,0,0,700,700,1
1347,5388,898,79,898,2,right+A,0.06935577839612961,0.2814401388168335,0.18087466061115265,0.40612509846687317,0.06220440939068794,1.3899019956588745,0.0,601.0,892,2,131,0,0,0,700,700,1
1348,5392,898,79,898,2,right+A,0.06873935461044312,0.27871450781822205,0.17539441585540771,0.41628676652908325,0.060864903032779694,1.3806265592575073,0.0,601.0,893,2,131,0,0,0,700,700,1
1349,5396,898,79,898,4,right+A+B,0.06892355531454086,0.2795083522796631,0.17749552428722382,0.4138410687446594,0.06023148447275162,1.3818503618240356,0.0,601.0,894,2,131,0,0,0,700,700,1
1350,5400,898,79,898,4,right+A+B,0.06884180009365082,0.2790572941303253,0.17815473675727844,0.4124266505241394,0.06151951849460602,1.3845497369766235,-1.0,600.0,895,2,130,0,0,0,700,700,1
1351,5404,898,79,898,1,right,0.06870882958173752,0.2783430516719818,0.17880909144878387,0.41320371627807617,0.06093533709645271,1.3834646940231323,0.0,600.0,896,2,130,0,0,0,700,700,1
1352,5408,898,79,898,3,right+B,0.06916658580303192,0.2791460156440735,0.17972877621650696,0.4108271598815918,0.06113145500421524,1.3857364654541016,0.0,600.0,897,2,130,0,0,0,700,700,1
1353,5412,898,79,898,3,right+B,0.06948705017566681,0.2799393832683563,0.18329721689224243,0.4049777090549469,0.062298573553562164,1.3916977643966675,0.0,600.0,898,2,130,0,0,0,700,700,1
1354,5416,898,93,898,2,right+A,0.06946083158254623,0.2805447280406952,0.18460145592689514,0.4026337265968323,0.06275928020477295,1.3937575817108154,0.0,600.0,899,2,130,0,0,0,700,700,1
1355,5420,898,109,898,2,right+A,0.06936194747686386,0.28063440322875977,0.1883266270160675,0.3980100452899933,0.06366702169179916,1.3981380462646484,-1.0,599.0,900,2,129,0,0,0,700,700,1
1356,5424,898,121,898,3,right+B,0.06888880580663681,0.28039899468421936,0.18744295835494995,0.3997271955013275,0.06354202330112457,1.3963308334350586,0.0,599.0,901,2,129,0,0,0,700,700,1
1357,5428,898,122,898,2,right+A,0.06953702867031097,0.2805670499801636,0.19366538524627686,0.38934969902038574,0.06688084453344345,1.4080555438995361,0.0,599.0,902,2,129,0,0,0,700,700,1
1358,5432,898,113,898,1,right,0.0682714655995369,0.28163760900497437,0.18459323048591614,0.4017818570137024,0.06371590495109558,1.3938136100769043,0.0,599.0,903,2,129,0,0,0,700,700,1
1359,5436,898,94,898,3,right+B,0.0697503536939621,0.27951815724372864,0.18210051953792572,0.40471428632736206,0.0639166459441185,1.3940609693527222,0.0,599.0,904,2,129,0,0,0,700,700,1
1360,5440,898,79,898,3,right+B,0.06774158775806427,0.279320627450943,0.1758563071489334,0.41540607810020447,0.06167544424533844,1.3810155391693115,-1.0,598.0,905,2,128,0,0,0,700,700,1
1361,5444,898,79,898,1,right,0.0691227838397026,0.2787304222583771,0.17682071030139923,0.4145132005214691,0.06081289425492287,1.3824455738067627,0.0,598.0,906,2,128,0,0,0,700,700,1
1362,5448,898,79,898,0,NOOP,0.06807828694581985,0.2775515913963318,0.1717621088027954,0.422988623380661,0.05961941182613373,1.3733248710632324,0.0,598.0,907,2,128,0,0,0,700,700,1
1363,5452,898,79,898,3,right+B,0.0687166079878807,0.27886372804641724,0.17853893339633942,0.4123348593711853,0.06154591217637062,1.3846219778060913,0.0,598.0,908,2,128,0,0,0,700,700,1
1364,5456,898,79,898,1,right,0.06897345185279846,0.2790082097053528,0.1782071888446808,0.41244417428970337,0.06136702746152878,1.3845196962356567,0.0,598.0,909,2,128,0,0,0,700,700,1
1365,5460,898,79,898,1,right,0.06869564950466156,0.2780900001525879,0.17722554504871368,0.41544491052627563,0.06054392084479332,1.3812507390975952,-1.0,597.0,910,2,127,0,0,0,700,700,1
1366,5464,898,93,898,2,right+A,0.06889575719833374,0.2792900502681732,0.18208272755146027,0.407892107963562,0.061839379370212555,1.3885740041732788,0.0,597.0,911,2,127,0,0,0,700,700,1
1367,5468,898,108,898,1,right,0.06922239065170288,0.2802914083003998,0.18797606229782104,0.39875441789627075,0.06375566869974136,1.3976728916168213,0.0,597.0,912,2,127,0,0,0,700,700,1
1368,5472,898,112,898,4,right+A+B,0.06874097883701324,0.2800152003765106,0.18822678923606873,0.39943358302116394,0.06358341872692108,1.3966023921966553,0.0,597.0,913,2,127,0,0,0,700,700,1
1369,5476,898,106,898,2,right+A,0.06908602267503738,0.2790900468826294,0.18988390266895294,0.3975004553794861,0.06443950533866882,1.3996810913085938,0.0,597.0,914,2,127,0,0,0,700,700,1
1370,5480,898,89,898,3,right+B,0.06886500120162964,0.2809193730354309,0.18827636539936066,0.39774298667907715,0.06419634073972702,1.3982975482940674,-1.0,596.0,915,2,126,0,0,0,700,700,1
1371,5484,898,79,898,2,right+A,0.06897898018360138,0.2808454632759094,0.18046410381793976,0.40751367807388306,0.06219775602221489,1.3886685371398926,0.0,596.0,916,2,126,0,0,0,700,700,1
1372,5488,898,79,898,1,right,0.06841734051704407,0.27805790305137634,0.17484501004219055,0.4178285002708435,0.06085123494267464,1.3792765140533447,0.0,596.0,917,2,126,0,0,0,700,700,1
1373,5492,898,79,898,1,right,0.06873127073049545,0.278964638710022,0.176836758852005,0.4152221381664276,0.06024514138698578,1.3807567358016968,0.0,596.0,918,2,126,0,0,0,700,700,1
1374,5496,898,79,898,3,right+B,0.06846468895673752,0.2784157693386078,0.17699871957302094,0.4147576093673706,0.061363186687231064,1.3823436498641968,0.0,596.0,919,2,126,0,0,0,700,700,1
1375,5500,898,79,898,3,right+B,0.06848906725645065,0.2779165804386139,0.1779552698135376,0.41476207971572876,0.06087702885270119,1.3820693492889404,-1.0,595.0,920,2,125,0,0,0,700,700,1
1376,5504,898,79,898,3,right+B,0.06888480484485626,0.27871236205101013,0.17877575755119324,0.41260313987731934,0.06102392449975014,1.3840667009353638,0.0,595.0,921,2,125,0,0,0,700,700,1
1377,5508,898,93,898,4,right+A+B,0.06914690881967545,0.27947527170181274,0.18254615366458893,0.4066411256790161,0.062190473079681396,1.390122890472412,0.0,595.0,922,2,125,0,0,0,700,700,1
1378,5512,898,109,898,2,right+A,0.06941357254981995,0.28048864006996155,0.1874997764825821,0.3988721966743469,0.06372585147619247,1.3976633548736572,0.0,595.0,923,2,125,0,0,0,700,700,1
1379,5516,898,121,898,3,right+B,0.06915006041526794,0.28097665309906006,0.1893438994884491,0.3965201675891876,0.06400921940803528,1.3992688655853271,0.0,595.0,924,2,125,0,0,0,700,700,1
1380,5520,898,122,898,2,right+A,0.06975381821393967,0.27973753213882446,0.19547007977962494,0.3881571292877197,0.0668814405798912,1.4094066619873047,-1.0,594.0,925,2,124,0,0,0,700,700,1
1381,5524,898,113,898,1,right,0.06860862672328949,0.2822786867618561,0.1870240420103073,0.3978175222873688,0.06427110731601715,1.3975123167037964,0.0,594.0,926,2,124,0,0,0,700,700,1
1382,5528,898,94,898,1,right,0.06981007754802704,0.2800820469856262,0.1834927201271057,0.4024418890476227,0.06417325884103775,1.3959472179412842,0.0,594.0,927,2,124,0,0,0,700,700,1
1383,5532,898,79,898,3,right+B,0.06786851584911346,0.27939939498901367,0.1769959032535553,0.41397038102149963,0.061765797436237335,1.3824225664138794,0.0,594.0,928,2,124,0,0,0,700,700,1
1384,5536,898,79,898,1,right,0.06935474276542664,0.27949830889701843,0.1776682585477829,0.41251102089881897,0.06096773222088814,1.38417649269104,0.0,594.0,929,2,124,0,0,0,700,700,1
1385,5540,898,79,898,3,right+B,0.0683722198009491,0.2778404951095581,0.17268629372119904,0.4213423728942871,0.05975859984755516,1.3750826120376587,-1.0,593.0,930,2,123,0,0,0,700,700,1
1386,5544,898,93,898,4,right+A+B,0.0688980370759964,0.2791219651699066,0.17948055267333984,0.4109540581703186,0.06154533848166466,1.3858298063278198,0.0,593.0,931,2,123,0,0,0,700,700,1
1387,5548,898,108,898,3,right+B,0.06904713064432144,0.2795059084892273,0.1824057549238205,0.40638402104377747,0.0626571998000145,1.3907195329666138,0.0,593.0,932,2,123,0,0,0,700,700,1
1388,5552,898,112,898,3,right+B,0.06913692504167557,0.280006468296051,0.18592791259288788,0.40152043104171753,0.06340828537940979,1.39522385597229,0.0,593.0,933,2,123,0,0,0,700,700,1
1389,5556,898,106,898,3,right+B,0.06953106075525284,0.27831941843032837,0.1894625574350357,0.39847007393836975,0.06421682983636856,1.3994662761688232,0.0,593.0,934,2,123,0,0,0,700,700,1
1390,5560,898,89,898,2,right+A,0.0695759579539299,0.2811671793460846,0.1922810822725296,0.39214056730270386,0.06483523547649384,1.4037017822265625,-1.0,592.0,935,2,122,0,0,0,700,700,1
1391,5564,898,79,898,1,right,0.06932573020458221,0.28200656175613403,0.18492141366004944,0.40068545937538147,0.06306091696023941,1.3948490619659424,0.0,592.0,936,2,122,0,0,0,700,700,1
1392,5568,898,79,898,1,right,0.06818176060914993,0.278115838766098,0.178082674741745,0.41437602043151855,0.06124367564916611,1.3824050426483154,0.0,592.0,937,2,122,0,0,0,700,700,1
1393,5572,898,79,898,3,right+B,0.06819847971200943,0.2799251973628998,0.1787010282278061,0.41238659620285034,0.06078866869211197,1.3827953338623047,0.0,592.0,938,2,122,0,0,0,700,700,1
1394,5576,898,79,898,1,right,0.0679735466837883,0.2790226936340332,0.17744745314121246,0.41394490003585815,0.06161149591207504,1.3825533390045166,0.0,592.0,939,2,122,0,0,0,700,700,1
1395,5580,898,79,898,1,right,0.0681244358420372,0.2780274748802185,0.17770454287528992,0.4151943027973175,0.06094924733042717,1.3813819885253906,-1.0,591.0,940,2,121,0,0,0,700,700,1
1396,5584,898,79,898,3,right+B,0.06850802153348923,0.27869871258735657,0.1766226440668106,0.41565191745758057,0.060518715530633926,1.3805934190750122,0.0,591.0,941,2,121,0,0,0,700,700,1
1397,5588,898,79,898,0,NOOP,0.06908871233463287,0.27927446365356445,0.1804075837135315,0.4097345173358917,0.06149466335773468,1.3868966102600098,0.0,591.0,942,2,121,0,0,0,700,700,1
1398,5592,898,93,898,2,right+A,0.0690685585141182,0.27925655245780945,0.17976504564285278,0.4102991223335266,0.06161078065633774,1.3865454196929932,0.0,591.0,943,2,121,0,0,0,700,700,1
1399,5596,898,109,898,4,right+A+B,0.06905972957611084,0.2791554927825928,0.18333853781223297,0.4060857594013214,0.06236046552658081,1.390799641609192,0.0,591.0,944,2,121,0,0,0,700,700,1
1400,5600,898,121,898,1,right,0.06938300281763077,0.2803982198238373,0.1862492561340332,0.4005753993988037,0.06339411437511444,1.3960169553756714,-1.0,590.0,945,2,120,0,0,0,700,700,1
1401,5604,898,122,898,3,right+B,0.07022244483232498,0.2798439860343933,0.19468553364276886,0.3884698450565338,0.06677815318107605,1.4095227718353271,0.0,590.0,946,2,120,0,0,0,700,700,1
1402,5608,898,113,898,2,right+A,0.06938440352678299,0.28212806582450867,0.19033238291740417,0.39365455508232117,0.06450052559375763,1.4016836881637573,0.0,590.0,947,2,120,0,0,0,700,700,1
1403,5612,898,94,898,4,right+A+B,0.070468969643116,0.2807512879371643,0.18797437846660614,0.3957701623439789,0.06503526121377945,1.402327060699463,0.0,590.0,948,2,120,0,0,0,700,700,1
1404,5616,898,79,898,1,right,0.06786949187517166,0.27951735258102417,0.18049052357673645,0.4098217487335205,0.06230087950825691,1.3864003419876099,0.0,590.0,949,2,120,0,0,0,700,700,1
1405,5620,898,79,898,3,right+B,0.06916727125644684,0.2801501154899597,0.18046170473098755,0.40862640738487244,0.06159455329179764,1.3876032829284668,-1.0,589.0,950,2,119,0,0,0,700,700,1
1406,5624,898,79,898,3,right+B,0.06818652153015137,0.2788774073123932,0.1742287278175354,0.41860347986221313,0.060103874653577805,1.3772077560424805,0.0,589.0,951,2,119,0,0,0,700,700,1
1407,5628,898,79,898,1,right,0.06883460283279419,0.27961528301239014,0.1802985668182373,0.4092385470867157,0.06201298162341118,1.387465476989746,0.0,589.0,952,2,119,0,0,0,700,700,1
1408,5632,898,93,898,2,right+A,0.06876617670059204,0.2793456017971039,0.1778097301721573,0.4127454161643982,0.06133303418755531,1.3838814496994019,0.0,589.0,953,2,119,0,0,0,700,700,1
1409,5636,898,108,898,0,NOOP,0.06918462365865707,0.27953463792800903,0.1822100579738617,0.4067661166191101,0.06230459734797478,1.390156626701355,0.0,589.0,954,2,119,0,0,0,700,700,1
1410,5640,898,112,898,3,right+B,0.06938734650611877,0.28039708733558655,0.18558669090270996,0.4012661278247833,0.0633627325296402,1.3954572677612305,-1.0,588.0,955,2,118,0,0,0,700,700,1
1411,5644,898,106,898,3,right+B,0.06976500898599625,0.2788498103618622,0.18755897879600525,0.39992204308509827,0.06390422582626343,1.3980655670166016,0.0,588.0,956,2,118,0,0,0,700,700,1
1412,5648,898,89,898,3,right+B,0.0696771889925003,0.281099796295166,0.18891964852809906,0.3958163559436798,0.0644870176911354,1.4007846117019653,0.0,588.0,957,2,118,0,0,0,700,700,1
1413,5652,898,79,898,1,right,0.06973005086183548,0.28153175115585327,0.18286989629268646,0.40298542380332947,0.06288287043571472,1.393455982208252,0.0,588.0,958,2,118,0,0,0,700,700,1
1414,5656,898,79,898,3,right+B,0.06915339082479477,0.27928173542022705,0.17966119945049286,0.4100429117679596,0.06186075136065483,1.3870940208435059,0.0,588.0,959,2,118,0,0,0,700,700,1
1415,5660,898,93,898,2,right+A,0.06924103200435638,0.28097590804100037,0.18205316364765167,0.4062371850013733,0.06149272248148918,1.3891384601593018,-1.0,587.0,960,2,117,0,0,0,700,700,1
1416,5664,898,109,898,2,right+A,0.06911201030015945,0.27967149019241333,0.18497046828269958,0.4030574858188629,0.0631885677576065,1.393910527229309,0.0,587.0,961,2,117,0,0,0,700,700,1
1417,5668,898,122,898,2,right+A,0.06930934637784958,0.28140193223953247,0.18817982077598572,0.39711591601371765,0.06399300694465637,1.398798942565918,0.0,587.0,962,2,117,0,0,0,700,700,1
1418,5672,898,130,898,3,right+B,0.07007261365652084,0.28077641129493713,0.1946430653333664,0.3877270519733429,0.06678083539009094,1.4095454216003418,0.0,587.0,963,2,117,0,0,0,700,700,1
1419,5676,898,129,898,3,right+B,0.06811537593603134,0.28158441185951233,0.1875549852848053,0.39912310242652893,0.06362207233905792,1.395616054534912,0.0,587.0,964,2,117,0,0,0,700,700,1
1420,5680,898,117,898,3,right+B,0.06838430464267731,0.2804498076438904,0.18800471723079681,0.3978549540042877,0.06530619412660599,1.3991005420684814,-1.0,586.0,965,2,116,0,0,0,700,700,1
1421,5684,898,97,898,2,right+A,0.06912410259246826,0.27876031398773193,0.18599335849285126,0.4008790850639343,0.06524310261011124,1.3981592655181885,0.0,586.0,966,2,116,0,0,0,700,700,1
1422,5688,898,79,898,0,NOOP,0.06875329464673996,0.2802179157733917,0.18591734766960144,0.4010131359100342,0.06409835070371628,1.3958853483200073,0.0,586.0,967,2,116,0,0,0,700,700,1
1423,5692,898,93,898,2,right+A,0.06901352107524872,0.27861812710762024,0.1801990568637848,0.41003549098968506,0.062133777886629105,1.3875478506088257,0.0,586.0,968,2,116,0,0,0,700,700,1
1424,5696,898,109,898,4,right+A+B,0.0698990598320961,0.27992433309555054,0.18423889577388763,0.403221994638443,0.06271574646234512,1.393937110900879,0.0,586.0,969,2,116,0,0,0,700,700,1
1425,5700,898,122,898,2,right+A,0.07000576704740524,0.28141021728515625,0.18777388334274292,0.3966538906097412,0.06415616720914841,1.4000076055526733,-1.0,585.0,970,2,115,0,0,0,700,700,1
1426,5704,898,132,898,2,right+A,0.070712149143219,0.28147298097610474,0.19714628159999847,0.38352105021476746,0.06714751571416855,1.4131906032562256,0.0,585.0,971,2,115,0,0,0,700,700,1
1427,5708,899,137,899,1,right,0.06843148916959763,0.2823905050754547,0.19259598851203918,0.39140868186950684,0.06517329812049866,1.4029488563537598,1.0,586.0,0,2,115,0,0,0,700,700,1
1428,5712,898,133,899,1,right,0.06862501055002213,0.27948176860809326,0.18817216157913208,0.39872047305107117,0.06500062346458435,1.3987553119659424,0.0,586.0,1,2,115,0,0,0,700,700,1
1429,5716,898,117,899,2,right+A,0.0680060163140297,0.2788104712963104,0.1841803789138794,0.4054346978664398,0.0635683462023735,1.3917138576507568,0.0,586.0,2,2,115,0,0,0,700,700,1
1430,5720,898,96,899,3,right+B,0.06905531883239746,0.28083381056785583,0.17991669476032257,0.4071883261203766,0.06300583481788635,1.3898669481277466,-1.0,585.0,3,2,114,0,0,0,700,700,1
1431,5724,898,79,899,3,right+B,0.06896373629570007,0.28110411763191223,0.17857277393341064,0.40945518016815186,0.0619041807949543,1.3866302967071533,0.0,585.0,4,2,114,0,0,0,700,700,1
1432,5728,898,93,899,4,right+A+B,0.06936202198266983,0.2798019349575043,0.17812909185886383,0.4117927551269531,0.06091418117284775,1.384592056274414,0.0,585.0,5,2,114,0,0,0,700,700,1
1433,5732,898,109,899,4,right+A+B,0.06940457969903946,0.279486745595932,0.18140432238578796,0.4081934094429016,0.06151093915104866,1.3883821964263916,0.0,585.0,6,2,114,0,0,0,700,700,1
1434,5736,898,121,899,3,right+B,0.06974361836910248,0.2807866036891937,0.18535959720611572,0.40060627460479736,0.0635039210319519,1.3963055610656738,0.0,585.0,7,2,114,0,0,0,700,700,1
1435,5740,898,122,899,3,right+B,0.0702395886182785,0.28009897470474243,0.191410630941391,0.39230263233184814,0.06594818830490112,1.405860185623169,-1.0,584.0,8,2,113,0,0,0,700,700,1
1436,5744,898,113,899,1,right,0.0696101114153862,0.2821643352508545,0.18759888410568237,0.39631327986717224,0.0643133595585823,1.399733066558838,0.0,584.0,9,2,113,0,0,0,700,700,1
1437,5748,898,94,899,3,right+B,0.07081300765275955,0.28034964203834534,0.18631012737751007,0.3977055251598358,0.06482166796922684,1.4011441469192505,0.0,584.0,10,2,113,0,0,0,700,700,1
1438,5752,898,79,899,1,right,0.06889158487319946,0.2807838022708893,0.18303829431533813,0.40434736013412476,0.06293891370296478,1.3919453620910645,0.0,584.0,11,2,113,0,0,0,700,700,1
1439,5756,898,79,899,3,right+B,0.07022695988416672,0.2811928391456604,0.1846514493227005,0.4016146957874298,0.06231403723359108,1.3945415019989014,0.0,584.0,12,2,113,0,0,0,700,700,1
1440,5760,898,93,899,2,right+A,0.06888588517904282,0.2792578339576721,0.17844800651073456,0.4126797020435333,0.060728613287210464,1.3834426403045654,-1.0,583.0,13,2,112,0,0,0,700,700,1
1441,5764,898,108,899,1,right,0.0692821741104126,0.2810388505458832,0.18653914332389832,0.3996613025665283,0.06347858160734177,1.39644455909729,0.0,583.0,14,2,112,0,0,0,700,700,1
1442,5768,898,112,899,3,right+B,0.06931273639202118,0.2816287875175476,0.18608848750591278,0.3994494080543518,0.06352060288190842,1.3964381217956543,0.0,583.0,15,2,112,0,0,0,700,700,1
1443,5772,898,106,899,3,right+B,0.06949116289615631,0.2788339853286743,0.1886025071144104,0.39926964044570923,0.06380271166563034,1.398181438446045,0.0,583.0,16,2,112,0,0,0,700,700,1
1444,5776,898,89,899,3,right+B,0.06942450255155563,0.2812606990337372,0.18727633357048035,0.3980817198753357,0.06395674496889114,1.3982067108154297,0.0,583.0,17,2,112,0,0,0,700,700,1
1445,5780,898,79,899,2,right+A,0.06941917538642883,0.2810545265674591,0.18012957274913788,0.40731412172317505,0.06208259239792824,1.3890377283096313,-1.0,582.0,18,2,111,0,0,0,700,700,1
1446,5784,898,79,899,1,right,0.06886206567287445,0.27831971645355225,0.17555879056453705,0.41636818647384644,0.06089121475815773,1.3808813095092773,0.0,582.0,19,2,111,0,0,0,700,700,1
1447,5788,898,93,899,2,right+A,0.06931167095899582,0.280026376247406,0.17865167558193207,0.41148868203163147,0.060521647334098816,1.3842747211456299,0.0,582.0,20,2,111,0,0,0,700,700,1
1448,5792,898,108,899,3,right+B,0.0696970745921135,0.27980339527130127,0.18378815054893494,0.40373164415359497,0.06297972798347473,1.3936753273010254,0.0,582.0,21,2,111,0,0,0,700,700,1
1449,5796,898,112,899,3,right+B,0.06995846331119537,0.28114041686058044,0.18961018323898315,0.3955216407775879,0.06376929581165314,1.400489330291748,0.0,582.0,22,2,111,0,0,0,700,700,1
1450,5800,898,106,899,0,NOOP,0.0703316405415535,0.27975594997406006,0.19473153352737427,0.39056193828582764,0.06461893022060394,1.4058693647384644,-1.0,581.0,23,2,110,0,0,0,700,700,1
1451,5804,898,89,899,2,right+A,0.0699421614408493,0.2821979224681854,0.19341079890727997,0.38957977294921875,0.06486927717924118,1.4055298566818237,0.0,581.0,24,2,110,0,0,0,700,700,1
1452,5808,898,79,899,2,right+A,0.06968364864587784,0.2818125784397125,0.18574263155460358,0.39991796016693115,0.0628432109951973,1.3956371545791626,0.0,581.0,25,2,110,0,0,0,700,700,1
1453,5812,898,79,899,3,right+B,0.06877819448709488,0.2794276475906372,0.17828966677188873,0.411944717168808,0.061559803783893585,1.3847697973251343,0.0,581.0,26,2,110,0,0,0,700,700,1
1454,5816,898,79,899,3,right+B,0.06877199560403824,0.2804672420024872,0.17863695323467255,0.4114956259727478,0.060628317296504974,1.383672833442688,0.0,581.0,27,2,110,0,0,0,700,700,1
1455,5820,898,79,899,1,right,0.06882255524396896,0.27936479449272156,0.17864485085010529,0.41138023138046265,0.061787597835063934,1.3855539560317993,-1.0,580.0,28,2,109,0,0,0,700,700,1
1456,5824,898,79,899,3,right+B,0.06873632967472076,0.27905479073524475,0.17865531146526337,0.4123123586177826,0.06124119833111763,1.384248971939087,0.0,580.0,29,2,109,0,0,0,700,700,1
1457,5828,898,79,899,1,right,0.06864084303379059,0.27856457233428955,0.17676782608032227,0.4155052900314331,0.060521502047777176,1.3809086084365845,0.0,580.0,30,2,109,0,0,0,700,700,1
1458,5832,898,79,899,1,right,0.06896844506263733,0.27937203645706177,0.18017280101776123,0.4097771942615509,0.06170948967337608,1.3869343996047974,0.0,580.0,31,2,109,0,0,0,700,700,1
1459,5836,898,93,899,2,right+A,0.06894136965274811,0.2794469892978668,0.17964105308055878,0.4100096523761749,0.06196093186736107,1.3869521617889404,0.0,580.0,32,2,109,0,0,0,700,700,1
1460,5840,898,108,899,3,right+B,0.06913726776838303,0.2793889045715332,0.18452225625514984,0.4037565588951111,0.06319504231214523,1.3935134410858154,-1.0,579.0,33,2,108,0,0,0,700,700,1
1461,5844,898,112,899,4,right+A+B,0.0691760927438736,0.28052011132240295,0.1865311563014984,0.4000389873981476,0.06373367458581924,1.3965377807617188,0.0,579.0,34,2,108,0,0,0,700,700,1
1462,5848,898,106,899,1,right,0.0695701390504837,0.27884164452552795,0.19143077731132507,0.3955501914024353,0.06460720300674438,1.4018751382827759,0.0,579.0,35,2,108,0,0,0,700,700,1
1463,5852,898,89,899,2,right+A,0.06937568634748459,0.28162068128585815,0.19164152443408966,0.3923601508140564,0.06500202417373657,1.4033489227294922,0.0,579.0,36,2,108,0,0,0,700,700,1
1464,5856,898,79,899,1,right,0.06904549151659012,0.2811970114707947,0.18388429284095764,0.40298572182655334,0.06288746744394302,1.3929388523101807,0.0,579.0,37,2,108,0,0,0,700,700,1
1465,5860,898,79,899,3,right+B,0.06816740334033966,0.2787347733974457,0.1768985539674759,0.4146372079849243,0.06156209483742714,1.3822290897369385,-1.0,578.0,38,2,107,0,0,0,700,700,1
1466,5864,898,79,899,3,right+B,0.06839216500520706,0.280036985874176,0.1778881847858429,0.412967711687088,0.06071500852704048,1.3823639154434204,0.0,578.0,39,2,107,0,0,0,700,700,1
1467,5868,898,79,899,3,right+B,0.06846950948238373,0.27895569801330566,0.1778794825077057,0.41282519698143005,0.06187015399336815,1.384277105331421,0.0,578.0,40,2,107,0,0,0,700,700,1
1468,5872,898,93,899,4,right+A+B,0.06855025887489319,0.2787092328071594,0.17877933382987976,0.4125746488571167,0.06138645485043526,1.3841607570648193,0.0,578.0,41,2,107,0,0,0,700,700,1
1469,5876,898,108,899,3,right+B,0.0689828023314476,0.27927258610725403,0.18261520564556122,0.4066680073738098,0.062461335211992264,1.3903189897537231,0.0,578.0,42,2,107,0,0,0,700,700,1
1470,5880,898,112,899,2,right+A,0.06918691098690033,0.28013360500335693,0.1859978288412094,0.4011613428592682,0.06352033466100693,1.3956177234649658,-1.0,577.0,43,2,106,0,0,0,700,700,1
1471,5884,898,106,899,2,right+A,0.06967756152153015,0.27868226170539856,0.18856361508369446,0.39890217781066895,0.06417444348335266,1.3991038799285889,0.0,577.0,44,2,106,0,0,0,700,700,1
1472,5888,898,89,899,3,right+B,0.06967195123434067,0.2807983160018921,0.19009071588516235,0.39474332332611084,0.06469575315713882,1.401911735534668,0.0,577.0,45,2,106,0,0,0,700,700,1
1473,5892,898,79,899,3,right+B,0.069761261343956,0.2816007733345032,0.18422123789787292,0.40137943625450134,0.06303728371858597,1.3948816061019897,0.0,577.0,46,2,106,0,0,0,700,700,1
1474,5896,898,79,899,3,right+B,0.06897015869617462,0.2789785861968994,0.18013204634189606,0.4100904166698456,0.06182879954576492,1.3869783878326416,0.0,577.0,47,2,106,0,0,0,700,700,1
1475,5900,898,79,899,3,right+B,0.06903502345085144,0.28066161274909973,0.18210701644420624,0.4068010151386261,0.06139538064599037,1.3885166645050049,-1.0,576.0,48,2,105,0,0,0,700,700,1
1476,5904,898,79,899,3,right+B,0.06864933669567108,0.2792826294898987,0.18217384815216064,0.407416969537735,0.0624772310256958,1.3894057273864746,0.0,576.0,49,2,105,0,0,0,700,700,1
1477,5908,898,79,899,3,right+B,0.06845840811729431,0.27917492389678955,0.1812780648469925,0.40909722447395325,0.0619913786649704,1.3873851299285889,0.0,576.0,50,2,105,0,0,0,700,700,1
1478,5912,898,79,899,3,right+B,0.06836956739425659,0.2792288661003113,0.17828601598739624,0.4131554663181305,0.06096005439758301,1.3828119039535522,0.0,576.0,51,2,105,0,0,0,700,700,1
1479,5916,898,79,899,1,right,0.0689275935292244,0.2796679139137268,0.18102501332759857,0.40853962302207947,0.061839811503887177,1.387917399406433,0.0,576.0,52,2,105,0,0,0,700,700,1
1480,5920,898,79,899,1,right,0.06891406327486038,0.2798803150653839,0.17959126830101013,0.40969234704971313,0.061922021210193634,1.386954665184021,-1.0,575.0,53,2,104,0,0,0,700,700,1
1481,5924,898,79,899,3,right+B,0.06845735013484955,0.27817294001579285,0.17792662978172302,0.4144360423088074,0.06100703030824661,1.3823394775390625,0.0,575.0,54,2,104,0,0,0,700,700,1
1482,5928,898,79,899,3,right+B,0.0686713308095932,0.2786029279232025,0.1765807420015335,0.4154950678348541,0.06064986437559128,1.381065845489502,0.0,575.0,55,2,104,0,0,0,700,700,1
1483,5932,898,79,899,0,NOOP,0.06921056658029556,0.2797543406486511,0.18122726678848267,0.4079589247703552,0.061848949640989304,1.388634443283081,0.0,575.0,56,2,104,0,0,0,700,700,1
1484,5936,898,79,899,3,right+B,0.06909029930830002,0.27920281887054443,0.18004365265369415,0.4097609519958496,0.06190229207277298,1.3873448371887207,0.0,575.0,57,2,104,0,0,0,700,700,1
1485,5940,898,93,899,2,right+A,0.0688638910651207,0.2791113555431366,0.18072454631328583,0.4096749424934387,0.061625316739082336,1.3869409561157227,-1.0,574.0,58,2,103,0,0,0,700,700,1
1486,5944,898,108,899,1,right,0.0696282759308815,0.28059086203575134,0.18878017365932465,0.3971638083457947,0.06383688002824783,1.3992366790771484,0.0,574.0,59,2,103,0,0,0,700,700,1
1487,5948,898,112,899,1,right,0.0696578249335289,0.28194281458854675,0.1909855753183365,0.39267969131469727,0.0647340789437294,1.4029903411865234,0.0,574.0,60,2,103,0,0,0,700,700,1
1488,5952,898,106,899,1,right,0.06955158710479736,0.2789596617221832,0.1922185719013214,0.39451149106025696,0.0647587925195694,1.4027273654937744,0.0,574.0,61,2,103,0,0,0,700,700,1
1489,5956,898,89,899,3,right+B,0.0691668912768364,0.2813950777053833,0.19046959280967712,0.39416030049324036,0.06480813771486282,1.401715636253357,0.0,574.0,62,2,103,0,0,0,700,700,1
1490,5960,898,79,899,1,right,0.06904347240924835,0.28169262409210205,0.18185241520404816,0.404893159866333,0.06251832842826843,1.3908162117004395,-1.0,573.0,63,2,102,0,0,0,700,700,1
1491,5964,898,79,899,3,right+B,0.06825554370880127,0.27805885672569275,0.1753166913986206,0.4174324572086334,0.060936521738767624,1.3795584440231323,0.0,573.0,64,2,102,0,0,0,700,700,1
1492,5968,898,93,899,2,right+A,0.06855001300573349,0.279633492231369,0.17681090533733368,0.41460007429122925,0.060405515134334564,1.3809823989868164,0.0,573.0,65,2,102,0,0,0,700,700,1
1493,5972,898,108,899,1,right,0.06865456700325012,0.2785041630268097,0.17988264560699463,0.41062575578689575,0.0623328760266304,1.3869777917861938,0.0,573.0,66,2,102,0,0,0,700,700,1
1494,5976,898,112,899,0,NOOP,0.06893130391836166,0.2796560227870941,0.18407084047794342,0.40431344509124756,0.06302841007709503,1.3925843238830566,0.0,573.0,67,2,102,0,0,0,700,700,1
1495,5980,898,106,899,1,right,0.06928209215402603,0.27826163172721863,0.1877439320087433,0.40094783902168274,0.06376449018716812,1.3968898057937622,-1.0,572.0,68,2,101,0,0,0,700,700,1
1496,5984,898,89,899,1,right,0.0695469081401825,0.28083476424217224,0.1892634779214859,0.39579883217811584,0.0645560622215271,1.4008464813232422,0.0,572.0,69,2,101,0,0,0,700,700,1
1497,5988,898,79,899,1,right,0.06973154097795486,0.28161412477493286,0.18399913609027863,0.40172016620635986,0.06293502449989319,1.3944716453552246,0.0,572.0,70,2,101,0,0,0,700,700,1
1498,5992,898,93,899,2,right+A,0.06917967647314072,0.2791708707809448,0.18074020743370056,0.40903401374816895,0.061875227838754654,1.3880112171173096,0.0,572.0,71,2,101,0,0,0,700,700,1
1499,5996,898,108,899,3,right+B,0.06952041387557983,0.2813512682914734,0.1885114461183548,0.39724162220954895,0.06337520480155945,1.3982659578323364,0.0,572.0,72,2,101,0,0,0,700,700,1
1500,6000,898,112,899,1,right,0.06884343922138214,0.2798791229724884,0.1869552582502365,0.4005962908267975,0.06372594833374023,1.396033525466919,-1.0,571.0,73,2,100,0,0,0,700,700,1
1501,6004,898,106,899,3,right+B,0.06929361075162888,0.2791057825088501,0.1912347674369812,0.39605870842933655,0.06430717557668686,1.40079927444458,0.0,571.0,74,2,100,0,0,0,700,700,1
1502,6008,898,89,899,3,right+B,0.0691852793097496,0.28135818243026733,0.18934082984924316,0.3958422541618347,0.06427349150180817,1.3999398946762085,0.0,571.0,75,2,100,0,0,0,700,700,1
1503,6012,898,79,899,2,right+A,0.06923440098762512,0.2811112403869629,0.18099960684776306,0.4063601791858673,0.0622946098446846,1.3898367881774902,0.0,571.0,76,2,100,0,0,0,700,700,1
1504,6016,898,79,899,0,NOOP,0.06841570883989334,0.27829891443252563,0.1747211366891861,0.41768330335617065,0.06088092550635338,1.3793208599090576,0.0,571.0,77,2,100,0,0,0,700,700,1
1505,6020,898,79,899,1,right,0.0687713772058487,0.27943944931030273,0.17877626419067383,0.4117334485054016,0.06127944588661194,1.3846352100372314,-1.0,570.0,78,2,99,0,0,0,700,700,1
1506,6024,898,79,899,3,right+B,0.0684225931763649,0.2783389389514923,0.17707258462905884,0.4144948124885559,0.061671122908592224,1.3828879594802856,0.0,570.0,79,2,99,0,0,0,700,700,1
1507,6028,898,79,899,1,right,0.0681515485048294,0.27795466780662537,0.17527632415294647,0.4184129536151886,0.06020451337099075,1.3778784275054932,0.0,570.0,80,2,99,0,0,0,700,700,1
1508,6032,898,79,899,1,right,0.0679180696606636,0.2779867649078369,0.17792223393917084,0.41473108530044556,0.06144190952181816,1.38211989402771,0.0,570.0,81,2,99,0,0,0,700,700,1
1509,6036,898,93,899,4,right+A+B,0.06804557889699936,0.2784021198749542,0.18021461367607117,0.4115612804889679,0.06177642568945885,1.3850672245025635,0.0,570.0,82,2,99,0,0,0,700,700,1
1510,6040,898,108,899,3,right+B,0.06846244633197784,0.27972209453582764,0.1854381561279297,0.4032176733016968,0.06315967440605164,1.3930907249450684,-1.0,569.0,83,2,98,0,0,0,700,700,1
1511,6044,898,112,899,3,right+B,0.06844476610422134,0.2807771861553192,0.18813906610012054,0.3984750509262085,0.06416396051645279,1.397347331047058,0.0,569.0,84,2,98,0,0,0,700,700,1
1512,6048,898,106,899,3,right+B,0.06856854259967804,0.2784847021102905,0.18970072269439697,0.3986561894416809,0.06458986550569534,1.3986952304840088,0.0,569.0,85,2,98,0,0,0,700,700,1
1513,6052,898,89,899,1,right,0.06816624104976654,0.2808365225791931,0.18711605668067932,0.39952951669692993,0.06435173749923706,1.3964476585388184,0.0,569.0,86,2,98,0,0,0,700,700,1
1514,6056,898,79,899,3,right+B,0.06803587824106216,0.28107449412345886,0.17861858010292053,0.41021445393562317,0.06205664202570915,1.3852852582931519,0.0,569.0,87,2,98,0,0,0,700,700,1
1515,6060,898,79,899,3,right+B,0.06735949963331223,0.2774654030799866,0.1726168543100357,0.4219738841056824,0.06058428809046745,1.3746217489242554,-1.0,568.0,88,2,97,0,0,0,700,700,1
1516,6064,898,93,899,2,right+A,0.06778476387262344,0.2791520357131958,0.17484082281589508,0.4180310070514679,0.06019134074449539,1.3772940635681152,0.0,568.0,89,2,97,0,0,0,700,700,1
1517,6068,898,109,899,2,right+A,0.06794936209917068,0.27819910645484924,0.17802397906780243,0.4136893153190613,0.06213832274079323,1.3836721181869507,0.0,568.0,90,2,97,0,0,0,700,700,1
1518,6072,898,121,899,0,NOOP,0.06825461238622665,0.279325008392334,0.18284747004508972,0.4066285192966461,0.06294441223144531,1.390131950378418,0.0,568.0,91,2,97,0,0,0,700,700,1
1519,6076,898,122,899,2,right+A,0.06951935589313507,0.2794745862483978,0.1929740309715271,0.39123332500457764,0.06679874658584595,1.407031774520874,0.0,568.0,92,2,97,0,0,0,700,700,1
1520,6080,898,113,899,2,right+A,0.06850488483905792,0.28126949071884155,0.1859728991985321,0.4000023603439331,0.0642504096031189,1.3961416482925415,-1.0,567.0,93,2,96,0,0,0,700,700,1
1521,6084,898,94,899,1,right,0.06982816010713577,0.2797582447528839,0.18590620160102844,0.3996431827545166,0.06486420333385468,1.398996114730835,0.0,567.0,94,2,96,0,0,0,700,700,1
1522,6088,898,79,899,2,right+A,0.06790657341480255,0.27982833981513977,0.18178609013557434,0.40763285756111145,0.0628461092710495,1.388662338256836,0.0,567.0,95,2,96,0,0,0,700,700,1
1523,6092,898,79,899,3,right+B,0.06923539191484451,0.2802037298679352,0.18245723843574524,0.40610480308532715,0.06199890375137329,1.390120267868042,0.0,567.0,96,2,96,0,0,0,700,700,1
1524,6096,898,79,899,0,NOOP,0.06781676411628723,0.27844253182411194,0.176348477602005,0.4167613685131073,0.06063079461455345,1.3792204856872559,0.0,567.0,97,2,96,0,0,0,700,700,1
1525,6100,898,79,899,3,right+B,0.06825467199087143,0.27985233068466187,0.18109719455242157,0.4083922803401947,0.06240353733301163,1.3879070281982422,-1.0,566.0,98,2,95,0,0,0,700,700,1
1526,6104,898,79,899,3,right+B,0.06812673062086105,0.27932822704315186,0.17735445499420166,0.414074182510376,0.061116378754377365,1.38192617893219,0.0,566.0,99,2,95,0,0,0,700,700,1
1527,6108,898,79,899,3,right+B,0.06784361600875854,0.277890682220459,0.17464643716812134,0.4195893108844757,0.06002996489405632,1.3764033317565918,0.0,566.0,100,2,95,0,0,0,700,700,1
1528,6112,898,79,899,1,right,0.06774615496397018,0.27828449010849,0.17582128942012787,0.4173654317855835,0.0607825331389904,1.378866195678711,0.0,566.0,101,2,95,0,0,0,700,700,1
1529,6116,898,79,899,3,right+B,0.06776680797338486,0.2776581943035126,0.1766015589237213,0.4170466959476471,0.06092677637934685,1.379599690437317,0.0,566.0,102,2,95,0,0,0,700,700,1
1530,6120,898,79,899,1,right,0.06784530729055405,0.2779167592525482,0.1753452867269516,0.41850340366363525,0.06038926914334297,1.3777244091033936,-1.0,565.0,103,2,94,0,0,0,700,700,1
1531,6124,898,79,899,3,right+B,0.06842269003391266,0.27924349904060364,0.17986205220222473,0.41070544719696045,0.061766237020492554,1.3857611417770386,0.0,565.0,104,2,94,0,0,0,700,700,1
1532,6128,898,79,899,3,right+B,0.0685247853398323,0.2793290913105011,0.18039296567440033,0.4094838798046112,0.062269292771816254,1.3873636722564697,0.0,565.0,105,2,94,0,0,0,700,700,1
1533,6132,898,79,899,3,right+B,0.0681336298584938,0.2785975933074951,0.18056543171405792,0.41104814410209656,0.061655111610889435,1.3853609561920166,0.0,565.0,106,2,94,0,0,0,700,700,1
1534,6136,898,79,899,3,right+B,0.06837423145771027,0.27924466133117676,0.1803000420331955,0.4106598496437073,0.06142124533653259,1.3853811025619507,0.0,565.0,107,2,94,0,0,0,700,700,1
1535,6140,898,79,899,3,right+B,0.06862518191337585,0.2802748382091522,0.18398688733577728,0.40462517738342285,0.0624878816306591,1.3911961317062378,-1.0,564.0,108,2,93,0,0,0,700,700,1
1536,6144,898,79,899,1,right,0.06806512922048569,0.27902281284332275,0.18083630502223969,0.4100578725337982,0.062017831951379776,1.3863115310668945,0.0,564.0,109,2,93,0,0,0,700,700,1
1537,6148,898,93,899,4,right+A+B,0.0675191730260849,0.27876222133636475,0.1777818650007248,0.41464847326278687,0.061288248747587204,1.381293535232544,0.0,564.0,110,2,93,0,0,0,700,700,1
1538,6152,898,108,899,0,NOOP,0.06816832721233368,0.27997374534606934,0.1827363222837448,0.40626591444015503,0.06285568326711655,1.3899662494659424,0.0,564.0,111,2,93,0,0,0,700,700,1
1539,6156,898,112,899,3,right+B,0.06861122697591782,0.28057464957237244,0.18507589399814606,0.4021592438220978,0.06357906758785248,1.3941580057144165,0.0,564.0,112,2,93,0,0,0,700,700,1
1540,6160,898,106,899,3,right+B,0.0688791275024414,0.278610497713089,0.18634453415870667,0.4023306369781494,0.06383532285690308,1.3953694105148315,-1.0,563.0,113,2,92,0,0,0,700,700,1
1541,6164,898,89,899,2,right+A,0.06841731816530228,0.2800018787384033,0.1853436976671219,0.4025929272174835,0.06364420801401138,1.3939354419708252,0.0,563.0,114,2,92,0,0,0,700,700,1
1542,6168,898,79,899,1,right,0.0683489441871643,0.2802625894546509,0.17808958888053894,0.41149410605430603,0.06180474907159805,1.384620189666748,0.0,563.0,115,2,92,0,0,0,700,700,1
1543,6172,898,79,899,1,right,0.06763191521167755,0.27749305963516235,0.17346611618995667,0.42067885398864746,0.06073002889752388,1.3761701583862305,0.0,563.0,116,2,92,0,0,0,700,700,1
1544,6176,898,79,899,1,right,0.06795965135097504,0.27894267439842224,0.17652030289173126,0.41601037979125977,0.06056693568825722,1.3797049522399902,0.0,563.0,117,2,92,0,0,0,700,700,1
1545,6180,898,79,899,1,right,0.06797865778207779,0.27890917658805847,0.1790790855884552,0.4118887186050415,0.062144339084625244,1.3848997354507446,-1.0,562.0,118,2,91,0,0,0,700,700,1
1546,6184,898,79,899,1,right,0.06832893937826157,0.27887001633644104,0.18244239687919617,0.4082852303981781,0.06207340210676193,1.3881348371505737,0.0,562.0,119,2,91,0,0,0,700,700,1
1547,6188,898,79,899,0,NOOP,0.06842745840549469,0.2794789969921112,0.18118785321712494,0.4093979299068451,0.0615077018737793,1.3864575624465942,0.0,562.0,120,2,91,0,0,0,700,700,1
1548,6192,898,93,899,2,right+A,0.06870116293430328,0.279812216758728,0.18454237282276154,0.4043043553829193,0.06263986229896545,1.3918811082839966,0.0,562.0,121,2,91,0,0,0,700,700,1
1549,6196,898,108,899,3,right+B,0.0687098577618599,0.28047505021095276,0.18493244051933289,0.4024830460548401,0.06339962035417557,1.3938534259796143,0.0,562.0,122,2,91,0,0,0,700,700,1
1550,6200,898,112,899,2,right+A,0.06834466755390167,0.2802911102771759,0.18407464027404785,0.4043607711791992,0.06292890757322311,1.3915952444076538,-1.0,561.0,123,2,90,0,0,0,700,700,1
1551,6204,898,106,899,4,right+A+B,0.06842537224292755,0.2777748107910156,0.1863810122013092,0.40409401059150696,0.06332471966743469,1.3933407068252563,0.0,561.0,124,2,90,0,0,0,700,700,1
1552,6208,898,89,899,2,right+A,0.06866171211004257,0.2805604636669159,0.1865604668855667,0.40045082569122314,0.0637664645910263,1.395729660987854,0.0,561.0,125,2,90,0,0,0,700,700,1
1553,6212,898,79,899,3,right+B,0.06853653490543365,0.2802702784538269,0.17899826169013977,0.4102793335914612,0.06191560626029968,1.385926604270935,0.0,561.0,126,2,90,0,0,0,700,700,1
1554,6216,898,79,899,1,right,0.06762101501226425,0.27719607949256897,0.1731976568698883,0.42139968276023865,0.060585539788007736,1.375508189201355,0.0,561.0,127,2,90,0,0,0,700,700,1
1555,6220,898,79,899,1,right,0.06797961890697479,0.27883943915367126,0.1762193739414215,0.41658854484558105,0.06037302687764168,1.3790671825408936,-1.0,560.0,128,2,89,0,0,0,700,700,1
1556,6224,898,93,899,2,right+A,0.06799798458814621,0.2784546911716461,0.17784705758094788,0.4137403666973114,0.06195992976427078,1.383373498916626,0.0,560.0,129,2,89,0,0,0,700,700,1
1557,6228,898,108,899,3,right+B,0.0683019608259201,0.27915990352630615,0.18442682921886444,0.4050634503364563,0.06304793059825897,1.3916001319885254,0.0,560.0,130,2,89,0,0,0,700,700,1
1558,6232,898,112,899,3,right+B,0.06828884035348892,0.28010106086730957,0.18726076185703278,0.4006973206996918,0.06365209817886353,1.3952305316925049,0.0,560.0,131,2,89,0,0,0,700,700,1
1559,6236,898,106,899,3,right+B,0.06853426247835159,0.2785051167011261,0.18879759311676025,0.3999844789505005,0.06417858600616455,1.3972171545028687,0.0,560.0,132,2,89,0,0,0,700,700,1
1560,6240,898,89,899,3,right+B,0.06826122850179672,0.28040042519569397,0.18885348737239838,0.3979378640651703,0.06454699486494064,1.3981246948242188,-1.0,559.0,133,2,88,0,0,0,700,700,1
1561,6244,898,79,899,4,right+A+B,0.06800360977649689,0.2809710204601288,0.17916756868362427,0.40959596633911133,0.062261875718832016,1.3860305547714233,0.0,559.0,134,2,88,0,0,0,700,700,1
1562,6248,898,79,899,4,right+A+B,0.0671795904636383,0.2779230773448944,0.1723661571741104,0.4220113456249237,0.06051985174417496,1.374133586883545,0.0,559.0,135,2,88,0,0,0,700,700,1
1563,6252,898,79,899,1,right,0.06750891357660294,0.27868854999542236,0.17419517040252686,0.4196808636188507,0.05992656573653221,1.3755229711532593,0.0,559.0,136,2,88,0,0,0,700,700,1
1564,6256,898,79,899,1,right,0.06745844334363937,0.2783363163471222,0.1743258386850357,0.41880670189857483,0.061072736978530884,1.3776202201843262,0.0,559.0,137,2,88,0,0,0,700,700,1
1565,6260,898,79,899,3,right+B,0.06748988479375839,0.2773721218109131,0.1754559725522995,0.41911154985427856,0.06057047098875046,1.3772995471954346,-1.0,558.0,138,2,87,0,0,0,700,700,1
1566,6264,898,93,899,4,right+A+B,0.06772013008594513,0.2777775228023529,0.17484056949615479,0.41945624351501465,0.06020558252930641,1.3766428232192993,0.0,558.0,139,2,87,0,0,0,700,700,1
1567,6268,898,108,899,3,right+B,0.06842993944883347,0.279209703207016,0.18227273225784302,0.4075372517108917,0.06255035847425461,1.389203667640686,0.0,558.0,140,2,87,0,0,0,700,700,1
1568,6272,898,112,899,3,right+B,0.06860687583684921,0.28024956583976746,0.18451501429080963,0.4031793773174286,0.06344914436340332,1.3933554887771606,0.0,558.0,141,2,87,0,0,0,700,700,1
1569,6276,898,106,899,4,right+A+B,0.0689438208937645,0.278330534696579,0.19146138429641724,0.3967662453651428,0.06449805945158005,1.4004271030426025,0.0,558.0,142,2,87,0,0,0,700,700,1
1570,6280,898,89,899,2,right+A,0.06882236152887344,0.2808031141757965,0.19182507693767548,0.39369142055511475,0.06485802680253983,1.4019858837127686,-1.0,557.0,143,2,86,0,0,0,700,700,1
1571,6284,898,79,899,0,NOOP,0.06860244274139404,0.2812580466270447,0.1834838092327118,0.4038701057434082,0.06278560310602188,1.3916728496551514,0.0,557.0,144,2,86,0,0,0,700,700,1
1572,6288,898,79,899,3,right+B,0.06778504699468613,0.2780066132545471,0.17788060009479523,0.41469648480415344,0.06163131818175316,1.3822134733200073,0.0,557.0,145,2,86,0,0,0,700,700,1
1573,6292,898,79,899,3,right+B,0.06769916415214539,0.2792818248271942,0.17803233861923218,0.414040744304657,0.06094585359096527,1.3813817501068115,0.0,557.0,146,2,86,0,0,0,700,700,1
1574,6296,898,79,899,1,right,0.06747377663850784,0.27882519364356995,0.17491035163402557,0.4177308678627014,0.06105983629822731,1.3783326148986816,0.0,557.0,147,2,86,0,0,0,700,700,1
1575,6300,898,79,899,1,right,0.06818291544914246,0.2789955735206604,0.17967906594276428,0.41177812218666077,0.06136433780193329,1.38431978225708,-1.0,556.0,148,2,85,0,0,0,700,700,1
1576,6304,898,93,899,2,right+A,0.06786666065454483,0.27848684787750244,0.1759224236011505,0.4169216454029083,0.0608023926615715,1.379292607307434,0.0,556.0,149,2,85,0,0,0,700,700,1
1577,6308,898,108,899,3,right+B,0.0679868534207344,0.27857694029808044,0.17978425323963165,0.411854088306427,0.06179790198802948,1.3847146034240723,0.0,556.0,150,2,85,0,0,0,700,700,1
1578,6312,898,112,899,1,right,0.0681082159280777,0.27946823835372925,0.18271933495998383,0.40689581632614136,0.06280837953090668,1.3895679712295532,0.0,556.0,151,2,85,0,0,0,700,700,1
1579,6316,898,106,899,3,right+B,0.068787582218647,0.27824175357818604,0.18656817078590393,0.4026238024234772,0.06377870589494705,1.3951395750045776,0.0,556.0,152,2,85,0,0,0,700,700,1
1580,6320,898,89,899,3,right+B,0.06856437027454376,0.2802697420120239,0.18694445490837097,0.4002523422241211,0.06396906822919846,1.3961191177368164,-1.0,555.0,153,2,84,0,0,0,700,700,1
1581,6324,898,79,899,0,NOOP,0.06870924681425095,0.2810702621936798,0.18260689079761505,0.4050043225288391,0.06260938197374344,1.3907701969146729,0.0,555.0,154,2,84,0,0,0,700,700,1
1582,6328,898,79,899,3,right+B,0.0681261420249939,0.2786366045475006,0.18032345175743103,0.41045546531677246,0.0624583475291729,1.3866816759109497,0.0,555.0,155,2,84,0,0,0,700,700,1
1583,6332,898,79,899,3,right+B,0.06816893815994263,0.28005799651145935,0.18106286227703094,0.4092627465724945,0.06144744157791138,1.3859989643096924,0.0,555.0,156,2,84,0,0,0,700,700,1
1584,6336,898,93,899,2,right+A,0.06761609762907028,0.2784201502799988,0.17686063051223755,0.4158720374107361,0.06123116984963417,1.38044011592865,0.0,555.0,157,2,84,0,0,0,700,700,1
1585,6340,898,108,899,1,right,0.0680278018116951,0.2792471945285797,0.18131707608699799,0.40905728936195374,0.06235070154070854,1.38735032081604,-1.0,554.0,158,2,83,0,0,0,700,700,1
1586,6344,898,112,899,3,right+B,0.06814908981323242,0.2802571654319763,0.18322545289993286,0.4053890109062195,0.06297919154167175,1.3906567096710205,0.0,554.0,159,2,83,0,0,0,700,700,1
1587,6348,898,106,899,1,right,0.06838580220937729,0.27791038155555725,0.1856456696987152,0.4046711027622223,0.06338700652122498,1.3928656578063965,0.0,554.0,160,2,83,0,0,0,700,700,1
1588,6352,898,89,899,1,right,0.06836463510990143,0.28033989667892456,0.18489888310432434,0.4028959572315216,0.06350059062242508,1.3933535814285278,0.0,554.0,161,2,83,0,0,0,700,700,1
1589,6356,898,79,899,3,right+B,0.06844943016767502,0.28019464015960693,0.1785329431295395,0.4110165238380432,0.061806436628103256,1.3851478099822998,0.0,554.0,162,2,83,0,0,0,700,700,1
1590,6360,898,79,899,3,right+B,0.06766320765018463,0.27718237042427063,0.1731436401605606,0.4215250015258789,0.060485828667879105,1.3753381967544556,-1.0,553.0,163,2,82,0,0,0,700,700,1
1591,6364,898,79,899,3,right+B,0.06791453808546066,0.27881866693496704,0.17609348893165588,0.4169071912765503,0.060266125947237015,1.3786258697509766,0.0,553.0,164,2,82,0,0,0,700,700,1
1592,6368,898,93,899,2,right+A,0.06789986789226532,0.2784341871738434,0.17729361355304718,0.4147048890590668,0.061667464673519135,1.3821628093719482,0.0,553.0,165,2,82,0,0,0,700,700,1
1593,6372,898,109,899,2,right+A,0.06842612475156784,0.279208779335022,0.1853337287902832,0.4039769172668457,0.06305444985628128,1.3925611972808838,0.0,553.0,166,2,82,0,0,0,700,700,1
1594,6376,898,121,899,3,right+B,0.06834492087364197,0.2801949381828308,0.18749597668647766,0.40044787526130676,0.06351619958877563,1.3952921628952026,0.0,553.0,167,2,82,0,0,0,700,700,1
1595,6380,898,122,899,2,right+A,0.06915942579507828,0.2799209952354431,0.19424554705619812,0.38984745740890503,0.06682663410902023,1.4075002670288086,-1.0,552.0,168,2,81,0,0,0,700,700,1
1596,6384,898,113,899,3,right+B,0.06813917309045792,0.281502902507782,0.18733300268650055,0.39861372113227844,0.06441119313240051,1.396905779838562,0.0,552.0,169,2,81,0,0,0,700,700,1
1597,6388,898,94,899,1,right,0.06940013915300369,0.2800007164478302,0.18332013487815857,0.4029340445995331,0.06434497982263565,1.395377516746521,0.0,552.0,170,2,81,0,0,0,700,700,1
1598,6392,898,79,899,3,right+B,0.06739585101604462,0.27978816628456116,0.17662164568901062,0.41442054510116577,0.06177375838160515,1.3814150094985962,0.0,552.0,171,2,81,0,0,0,700,700,1
1599,6396,898,79,899,3,right+B,0.0688454806804657,0.2792034447193146,0.17760948836803436,0.4134616255760193,0.060879968106746674,1.3829331398010254,0.0,552.0,172,2,81,0,0,0,700,700,1
1600,6400,898,93,899,4,right+A+B,0.0678848922252655,0.2781807482242584,0.17221471667289734,0.4221084713935852,0.05961119756102562,1.3736262321472168,-1.0,551.0,173,2,80,0,0,0,700,700,1
1601,6404,898,108,899,1,right,0.06838932633399963,0.27888840436935425,0.1817248910665512,0.4088158905506134,0.062181439250707626,1.3878734111785889,0.0,551.0,174,2,80,0,0,0,700,700,1
1602,6408,898,112,899,1,right,0.06861858814954758,0.2799394726753235,0.18320727348327637,0.4054394066333771,0.0627952367067337,1.3910176753997803,0.0,551.0,175,2,80,0,0,0,700,700,1
1603,6412,898,106,899,0,NOOP,0.0687578022480011,0.2778763771057129,0.18749909102916718,0.40224725008010864,0.06361944228410721,1.395371437072754,0.0,551.0,176,2,80,0,0,0,700,700,1
1604,6416,898,89,899,2,right+A,0.06858079880475998,0.28016915917396545,0.18726451694965363,0.3999943435192108,0.06399115175008774,1.3963961601257324,0.0,551.0,177,2,80,0,0,0,700,700,1
1605,6420,898,79,899,1,right,0.0686754584312439,0.2809765338897705,0.18275703489780426,0.4050203859806061,0.06257060915231705,1.3907231092453003,-1.0,550.0,178,2,79,0,0,0,700,700,1
1606,6424,898,93,899,2,right+A,0.068138986825943,0.2783864438533783,0.178856760263443,0.41296830773353577,0.061649519950151443,1.3838597536087036,0.0,550.0,179,2,79,0,0,0,700,700,1
1607,6428,898,109,899,4,right+A+B,0.06859848648309708,0.2802751362323761,0.18609049916267395,0.4019094705581665,0.06312640011310577,1.3939753770828247,0.0,550.0,180,2,79,0,0,0,700,700,1
1608,6432,898,121,899,3,right+B,0.06814184039831161,0.27936750650405884,0.18480783700942993,0.40382689237594604,0.06385596096515656,1.393187403678894,0.0,550.0,181,2,79,0,0,0,700,700,1
1609,6436,898,122,899,3,right+B,0.06952159851789474,0.28022339940071106,0.1939118206501007,0.3893948197364807,0.06694840639829636,1.4082069396972656,0.0,550.0,182,2,79,0,0,0,700,700,1
1610,6440,898,113,899,3,right+B,0.06837895512580872,0.2819784879684448,0.18444958329200745,0.40147507190704346,0.06371787190437317,1.3940166234970093,-1.0,549.0,183,2,78,0,0,0,700,700,1
1611,6444,898,94,899,4,right+A+B,0.06968331336975098,0.2796269953250885,0.181996688246727,0.404773473739624,0.0639195516705513,1.3939056396484375,0.0,549.0,184,2,78,0,0,0,700,700,1
1612,6448,898,79,899,1,right,0.06760968267917633,0.279376745223999,0.17566758394241333,0.41580379009246826,0.06154217571020126,1.380381464958191,0.0,549.0,185,2,78,0,0,0,700,700,1
1613,6452,898,79,899,1,right,0.06907305121421814,0.2789815664291382,0.17712999880313873,0.4139993190765381,0.06081612780690193,1.3827252388000488,0.0,549.0,186,2,78,0,0,0,700,700,1
1614,6456,898,79,899,0,NOOP,0.06805821508169174,0.27779915928840637,0.17212656140327454,0.4223369359970093,0.05967910587787628,1.3738369941711426,0.0,549.0,187,2,78,0,0,0,700,700,1
1615,6460,898,79,899,3,right+B,0.06881766766309738,0.27948644757270813,0.18062248826026917,0.4090997278690338,0.061973609030246735,1.3875770568847656,-1.0,548.0,188,2,77,0,0,0,700,700,1
1616,6464,898,79,899,3,right+B,0.06888965517282486,0.27908554673194885,0.17940576374530792,0.4111863672733307,0.061432644724845886,1.3855249881744385,0.0,548.0,189,2,77,0,0,0,700,700,1
1617,6468,898,79,899,0,NOOP,0.06883241981267929,0.2790324091911316,0.1810070425271988,0.41017022728919983,0.06095779314637184,1.385817050933838,0.0,548.0,190,2,77,0,0,0,700,700,1
1618,6472,898,79,899,3,right+B,0.0689765065908432,0.27976974844932556,0.18370302021503448,0.40535426139831543,0.06219647079706192,1.390863060951233,0.0,548.0,191,2,77,0,0,0,700,700,1
1619,6476,898,79,899,3,right+B,0.06878238171339035,0.27932488918304443,0.18316201865673065,0.4070754647254944,0.061655331403017044,1.3889045715332031,0.0,548.0,192,2,77,0,0,0,700,700,1
1620,6480,898,79,899,1,right,0.0684901624917984,0.27903318405151367,0.18023622035980225,0.4111943542957306,0.0610460601747036,1.3847403526306152,-1.0,547.0,193,2,76,0,0,0,700,700,1
1621,6484,898,79,899,1,right,0.06819987297058105,0.27909228205680847,0.1794905662536621,0.41183266043663025,0.06138462573289871,1.3842699527740479,0.0,547.0,194,2,76,0,0,0,700,700,1
1622,6488,898,93,899,2,right+A,0.06831172853708267,0.27891072630882263,0.17928507924079895,0.41219836473464966,0.06129411235451698,1.3840571641921997,0.0,547.0,195,2,76,0,0,0,700,700,1
1623,6492,898,108,899,3,right+B,0.06880409270524979,0.2796747386455536,0.18253453075885773,0.40670540928840637,0.06228122115135193,1.3897502422332764,0.0,547.0,196,2,76,0,0,0,700,700,1
1624,6496,898,112,899,1,right,0.06891584396362305,0.28037795424461365,0.18499206006526947,0.4026903510093689,0.06302379071712494,1.393532633781433,0.0,547.0,197,2,76,0,0,0,700,700,1
1625,6500,898,106,899,3,right+B,0.06930981576442719,0.2784295380115509,0.1872677356004715,0.4014471769332886,0.06354565173387527,1.3962348699569702,-1.0,546.0,198,2,75,0,0,0,700,700,1
1626,6504,898,89,899,3,right+B,0.06899897009134293,0.28030261397361755,0.18696638941764832,0.4001137912273407,0.06361819803714752,1.3962688446044922,0.0,546.0,199,2,75,0,0,0,700,700,1
1627,6508,898,79,899,3,right+B,0.06912418454885483,0.2810410261154175,0.1813707798719406,0.4060675799846649,0.062396466732025146,1.3901063203811646,0.0,546.0,200,2,75,0,0,0,700,700,1
1628,6512,898,93,899,2,right+A,0.06833753734827042,0.27802136540412903,0.1764107048511505,0.4160454571247101,0.06118497624993324,1.381112813949585,0.0,546.0,201,2,75,0,0,0,700,700,1
1629,6516,898,108,899,3,right+B,0.06907188147306442,0.28055065870285034,0.1869545578956604,0.4003583788871765,0.06306450814008713,1.3954553604125977,0.0,546.0,202,2,75,0,0,0,700,700,1
1630,6520,898,112,899,3,right+B,0.06868158280849457,0.28018760681152344,0.18670594692230225,0.40058523416519165,0.06383964419364929,1.395877480506897,-1.0,545.0,203,2,74,0,0,0,700,700,1
1631,6524,898,106,899,2,right+A,0.06917006522417068,0.27893757820129395,0.19216370582580566,0.3953978717327118,0.06433069705963135,1.4012410640716553,0.0,545.0,204,2,74,0,0,0,700,700,1
1632,6528,898,89,899,4,right+A+B,0.06895186007022858,0.2812398076057434,0.19106408953666687,0.3939010500907898,0.06484319269657135,1.4017832279205322,0.0,545.0,205,2,74,0,0,0,700,700,1
1633,6532,898,79,899,2,right+A,0.06878950446844101,0.2815649211406708,0.18144580721855164,0.40577414631843567,0.062425628304481506,1.3898202180862427,0.0,545.0,206,2,74,0,0,0,700,700,1
1634,6536,898,79,899,3,right+B,0.06808602064847946,0.2785845398902893,0.17483219504356384,0.4176987111568451,0.06079849228262901,1.3787777423858643,0.0,545.0,207,2,74,0,0,0,700,700,1
1635,6540,898,79,899,3,right+B,0.06836111843585968,0.27941733598709106,0.17664313316345215,0.41535496711730957,0.06022341176867485,1.380062222480774,-1.0,544.0,208,2,73,0,0,0,700,700,1
1636,6544,898,79,899,1,right,0.0683387890458107,0.2789437472820282,0.17704002559185028,0.41429516673088074,0.061382222920656204,1.3823978900909424,0.0,544.0,209,2,73,0,0,0,700,700,1
1637,6548,898,93,899,2,right+A,0.06826501339673996,0.2780052125453949,0.1778898984193802,0.4149766266345978,0.06086330860853195,1.3816192150115967,0.0,544.0,210,2,73,0,0,0,700,700,1
1638,6552,898,109,899,2,right+A,0.06866330653429031,0.27915769815444946,0.1817629188299179,0.4083942472934723,0.06202185899019241,1.388195276260376,0.0,544.0,211,2,73,0,0,0,700,700,1
1639,6556,898,122,899,2,right+A,0.06912998110055923,0.2804246246814728,0.18730975687503815,0.39950990676879883,0.06362570077180862,1.396816611289978,0.0,544.0,212,2,73,0,0,0,700,700,1
1640,6560,898,130,899,3,right+B,0.07023809105157852,0.28025931119918823,0.19500213861465454,0.387452632188797,0.06704786419868469,1.410377025604248,-1.0,543.0,213,2,72,0,0,0,700,700,1
1641,6564,898,129,899,2,right+A,0.06796222180128098,0.2816349267959595,0.190875843167305,0.3953912854194641,0.06413572281599045,1.398764967918396,0.0,543.0,214,2,72,0,0,0,700,700,1
1642,6568,898,117,899,3,right+B,0.06811664998531342,0.2804800570011139,0.1922873556613922,0.39315512776374817,0.06596072763204575,1.4029525518417358,0.0,543.0,215,2,72,0,0,0,700,700,1
1643,6572,898,97,899,2,right+A,0.06854452192783356,0.2790563404560089,0.1892644464969635,0.39737632870674133,0.06575829535722733,1.400646686553955,0.0,543.0,216,2,72,0,0,0,700,700,1
1644,6576,898,79,899,1,right,0.06786520779132843,0.2804737687110901,0.18794116377830505,0.39884352684020996,0.06487636268138885,1.3973658084869385,0.0,543.0,217,2,72,0,0,0,700,700,1
1645,6580,898,79,899,0,NOOP,0.0678732693195343,0.27857112884521484,0.17954473197460175,0.41172438859939575,0.06228639557957649,1.3852336406707764,-1.0,542.0,218,2,71,0,0,0,700,700,1
1646,6584,898,79,899,1,right,0.06880588829517365,0.2796863615512848,0.17896832525730133,0.4111703038215637,0.06136913597583771,1.3851232528686523,0.0,542.0,219,2,71,0,0,0,700,700,1
1647,6588,898,79,899,1,right,0.06912107765674591,0.2798808813095093,0.1784839779138565,0.4111645221710205,0.0613495297729969,1.3853199481964111,0.0,542.0,220,2,71,0,0,0,700,700,1
1648,6592,898,79,899,3,right+B,0.0686502456665039,0.2793722450733185,0.1748812347650528,0.41754209995269775,0.05955416336655617,1.3777482509613037,0.0,542.0,221,2,71,0,0,0,700,700,1
1649,6596,898,79,899,3,right+B,0.06856277585029602,0.27853214740753174,0.17841261625289917,0.4138304591178894,0.060662101954221725,1.3824204206466675,0.0,542.0,222,2,71,0,0,0,700,700,1
1650,6600,898,93,899,4,right+A+B,0.06849607080221176,0.2783333361148834,0.1790587306022644,0.4132653772830963,0.06084636226296425,1.3831170797348022,-1.0,541.0,223,2,70,0,0,0,700,700,1
1651,6604,898,108,899,1,right,0.06894367188215256,0.2796022891998291,0.18416377902030945,0.40492141246795654,0.062368884682655334,1.3914296627044678,0.0,541.0,224,2,70,0,0,0,700,700,1
1652,6608,898,112,899,1,right,0.0692652016878128,0.2804233133792877,0.1885291337966919,0.39812999963760376,0.06365234404802322,1.3980194330215454,0.0,541.0,225,2,70,0,0,0,700,700,1
1653,6612,898,106,899,3,right+B,0.06968983262777328,0.2792763411998749,0.1928841918706894,0.39359405636787415,0.06455562263727188,1.4031857252120972,0.0,541.0,226,2,70,0,0,0,700,700,1
1654,6616,898,89,899,1,right,0.06927517801523209,0.2813534438610077,0.1927170604467392,0.39194151759147644,0.06471288949251175,1.403333067893982,0.0,541.0,227,2,70,0,0,0,700,700,1
1655,6620,898,79,899,3,right+B,0.0690302848815918,0.28153204917907715,0.18455766141414642,0.4022168517112732,0.06266312301158905,1.3931413888931274,-1.0,540.0,228,2,69,0,0,0,700,700,1
1656,6624,898,79,899,3,right+B,0.0680672824382782,0.2786206901073456,0.1781022846698761,0.4136480689048767,0.06156167387962341,1.3830221891403198,0.0,540.0,229,2,69,0,0,0,700,700,1
1657,6628,898,93,899,2,right+A,0.06769701838493347,0.27955979108810425,0.17647051811218262,0.4158707857131958,0.06040186434984207,1.3791135549545288,0.0,540.0,230,2,69,0,0,0,700,700,1
1658,6632,898,108,899,3,right+B,0.0679062157869339,0.2790779173374176,0.1787937581539154,0.41186678409576416,0.062355294823646545,1.384995698928833,0.0,540.0,231,2,69,0,0,0,700,700,1
1659,6636,898,112,899,0,NOOP,0.06830479204654694,0.27971890568733215,0.18282803893089294,0.4062117040157318,0.06293649971485138,1.390338659286499,0.0,540.0,232,2,69,0,0,0,700,700,1
1660,6640,898,106,899,2,right+A,0.0686136931180954,0.27801448106765747,0.18571481108665466,0.40426063537597656,0.06339633464813232,1.3933806419372559,-1.0,539.0,233,2,68,0,0,0,700,700,1
1661,6644,898,89,899,1,right,0.06843721121549606,0.27993661165237427,0.1849992871284485,0.4030958414077759,0.06353111565113068,1.3934705257415771,0.0,539.0,234,2,68,0,0,0,700,700,1
1662,6648,898,79,899,3,right+B,0.06837181001901627,0.28017744421958923,0.17799264192581177,0.41171950101852417,0.061738573014736176,1.3844215869903564,0.0,539.0,235,2,68,0,0,0,700,700,1
1663,6652,898,79,899,1,right,0.06787346303462982,0.2776859402656555,0.1744546890258789,0.41906866431236267,0.06091728061437607,1.377923607826233,0.0,539.0,236,2,68,0,0,0,700,700,1
1664,6656,898,79,899,3,right+B,0.06811772286891937,0.27897047996520996,0.1770840883255005,0.4153086245059967,0.060519102960824966,1.3803919553756714,0.0,539.0,237,2,68,0,0,0,700,700,1
1665,6660,898,93,899,2,right+A,0.06819131970405579,0.2791338264942169,0.18050667643547058,0.4099505841732025,0.062217600643634796,1.3866876363754272,-1.0,538.0,238,2,67,0,0,0,700,700,1
1666,6664,898,109,899,2,right+A,0.06877391040325165,0.27984920144081116,0.1875598132610321,0.40028563141822815,0.0635315328836441,1.3960022926330566,0.0,538.0,239,2,67,0,0,0,700,700,1
1667,6668,898,121,899,3,right+B,0.06846420466899872,0.2802967429161072,0.18770337104797363,0.3999535143375397,0.06358220428228378,1.3958178758621216,0.0,538.0,240,2,67,0,0,0,700,700,1
1668,6672,898,122,899,1,right,0.06934879720211029,0.27990537881851196,0.1952437460422516,0.38808852434158325,0.06741361320018768,1.4095436334609985,0.0,538.0,241,2,67,0,0,0,700,700,1
1669,6676,898,113,899,1,right,0.06819035857915878,0.28169673681259155,0.1857004314661026,0.400296688079834,0.06411579996347427,1.3952810764312744,0.0,538.0,242,2,67,0,0,0,700,700,1
1670,6680,898,94,899,2,right+A,0.06951359659433365,0.2799554467201233,0.18269340693950653,0.40363359451293945,0.06420400738716125,1.3948066234588623,-1.0,537.0,243,2,66,0,0,0,700,700,1
1671,6684,898,79,899,2,right+A,0.06747399270534515,0.27912136912345886,0.1763978749513626,0.41519689559936523,0.06180982664227486,1.3811711072921753,0.0,537.0,244,2,66,0,0,0,700,700,1
1672,6688,898,79,899,3,right+B,0.068997822701931,0.279077410697937,0.1774027943611145,0.41361844539642334,0.06090354546904564,1.3830270767211914,0.0,537.0,245,2,66,0,0,0,700,700,1
1673,6692,898,79,899,0,NOOP,0.06805708259344101,0.277740478515625,0.1726914346218109,0.42177826166152954,0.05973271280527115,1.3744210004806519,0.0,537.0,246,2,66,0,0,0,700,700,1
1674,6696,898,79,899,1,right,0.06846891343593597,0.2788775563240051,0.17878764867782593,0.4123770594596863,0.0614888072013855,1.3842824697494507,0.0,537.0,247,2,66,0,0,0,700,700,1
1675,6700,898,79,899,3,right+B,0.06871679425239563,0.27902084589004517,0.17839518189430237,0.4126088321208954,0.061258457601070404,1.3840159177780151,-1.0,536.0,248,2,65,0,0,0,700,700,1
1676,6704,898,79,899,3,right+B,0.0684647336602211,0.2780991494655609,0.17743879556655884,0.41553056240081787,0.06046667695045471,1.380871295928955,0.0,536.0,249,2,65,0,0,0,700,700,1
1677,6708,898,79,899,3,right+B,0.06845980137586594,0.2790412902832031,0.18171031773090363,0.4090833365917206,0.06170523539185524,1.3871471881866455,0.0,536.0,250,2,65,0,0,0,700,700,1
1678,6712,898,93,899,2,right+A,0.06825798004865646,0.27913111448287964,0.18256790935993195,0.40802592039108276,0.06201707944273949,1.3881020545959473,0.0,536.0,251,2,65,0,0,0,700,700,1
1679,6716,898,109,899,2,right+A,0.06832516193389893,0.27950748801231384,0.1850634664297104,0.4043687880039215,0.06273514032363892,1.3916869163513184,0.0,536.0,252,2,65,0,0,0,700,700,1
1680,6720,898,121,899,1,right,0.06839768588542938,0.2808716297149658,0.18740008771419525,0.39937347173690796,0.06395716965198517,1.396362543106079,-1.0,535.0,253,2,64,0,0,0,700,700,1
1681,6724,898,122,899,2,right+A,0.06939519196748734,0.28032490611076355,0.19246040284633636,0.3910024166107178,0.06681708991527557,1.4067707061767578,0.0,535.0,254,2,64,0,0,0,700,700,1
1682,6728,898,113,899,3,right+B,0.06820986419916153,0.2814694941043854,0.1839728206396103,0.40280643105506897,0.06354144960641861,1.3928383588790894,0.0,535.0,255,2,64,0,0,0,700,700,1
1683,6732,898,94,899,3,right+B,0.06958332657814026,0.27964428067207336,0.1817259043455124,0.40520381927490234,0.06384268403053284,1.3933773040771484,0.0,535.0,256,2,64,0,0,0,700,700,1
1684,6736,898,79,899,2,right+A,0.06750769913196564,0.2788984477519989,0.17563486099243164,0.41647017002105713,0.06148885563015938,1.3798749446868896,0.0,535.0,257,2,64,0,0,0,700,700,1
1685,6740,898,79,899,1,right,0.06890717893838882,0.2787771224975586,0.17689748108386993,0.41464194655418396,0.06077633053064346,1.3820728063583374,-1.0,534.0,258,2,63,0,0,0,700,700,1
1686,6744,898,79,899,1,right,0.06791984289884567,0.27768585085868835,0.17217803001403809,0.4225490689277649,0.059667229652404785,1.3735597133636475,0.0,534.0,259,2,63,0,0,0,700,700,1
1687,6748,898,79,899,3,right+B,0.06864544749259949,0.2793658971786499,0.1805782914161682,0.4093567728996277,0.0620536208152771,1.3873385190963745,0.0,534.0,260,2,63,0,0,0,700,700,1
1688,6752,898,79,899,1,right,0.06843074411153793,0.2786674201488495,0.17943906784057617,0.41176578402519226,0.06169692799448967,1.3850700855255127,0.0,534.0,261,2,63,0,0,0,700,700,1
1689,6756,898,79,899,3,right+B,0.06863443553447723,0.27920404076576233,0.18168477714061737,0.4089948832988739,0.06148188188672066,1.3870776891708374,0.0,534.0,262,2,63,0,0,0,700,700,1
1690,6760,898,79,899,0,NOOP,0.06889394670724869,0.28005334734916687,0.18368230760097504,0.40550628304481506,0.06186412274837494,1.3901816606521606,-1.0,533.0,263,2,62,0,0,0,700,700,1
1691,6764,898,79,899,3,right+B,0.06847453117370605,0.27933603525161743,0.18144287168979645,0.408905029296875,0.061841532588005066,1.3873265981674194,0.0,533.0,264,2,62,0,0,0,700,700,1
1692,6768,898,93,899,4,right+A+B,0.06820867210626602,0.2792411744594574,0.1802196353673935,0.41078412532806396,0.061546433717012405,1.3852542638778687,0.0,533.0,265,2,62,0,0,0,700,700,1
1693,6772,898,108,899,1,right,0.06811585277318954,0.2791402339935303,0.18066690862178802,0.41010862588882446,0.06196832284331322,1.3862155675888062,0.0,533.0,266,2,62,0,0,0,700,700,1
1694,6776,898,112,899,1,right,0.06799323856830597,0.27960482239723206,0.18209411203861237,0.4076404869556427,0.06266732513904572,1.3886475563049316,0.0,533.0,267,2,62,0,0,0,700,700,1
1695,6780,898,106,899,4,right+A+B,0.06856736540794373,0.2781575322151184,0.18594005703926086,0.4039245545864105,0.06341049075126648,1.3935531377792358,-1.0,532.0,268,2,61,0,0,0,700,700,1
1696,6784,898,89,899,1,right,0.06865029782056808,0.28015202283859253,0.18572860956192017,0.4018712639808655,0.06359785795211792,1.394614338874817,0.0,532.0,269,2,61,0,0,0,700,700,1
1697,6788,898,79,899,2,right+A,0.06878506392240524,0.2804766893386841,0.17939148843288422,0.4094962179660797,0.06185055524110794,1.3866515159606934,0.0,532.0,270,2,61,0,0,0,700,700,1
1698,6792,898,79,899,3,right+B,0.06807085126638412,0.277568519115448,0.17434082925319672,0.41946497559547424,0.06055489182472229,1.3774341344833374,0.0,532.0,271,2,61,0,0,0,700,700,1
1699,6796,898,79,899,1,right,0.0685625821352005,0.2794278860092163,0.1785222291946411,0.4128411114215851,0.060646187514066696,1.382833480834961,0.0,532.0,272,2,61,0,0,0,700,700,1
1700,6800,898,93,899,2,right+A,0.0685039833188057,0.2788880169391632,0.17992961406707764,0.41061270236968994,0.06206566095352173,1.3863916397094727,-1.0,531.0,273,2,60,0,0,0,700,700,1
1701,6804,898,108,899,1,right,0.06901205331087112,0.2797914147377014,0.18794269859790802,0.39992693066596985,0.06332696229219437,1.3963134288787842,0.0,531.0,274,2,60,0,0,0,700,700,1
1702,6808,898,112,899,3,right+B,0.06895974278450012,0.2808082401752472,0.1899344027042389,0.3964443504810333,0.06385324150323868,1.399029016494751,0.0,531.0,275,2,60,0,0,0,700,700,1
1703,6812,898,106,899,3,right+B,0.06882837414741516,0.2782680094242096,0.1904517263174057,0.3983986973762512,0.06405318528413773,1.398651361465454,0.0,531.0,276,2,60,0,0,0,700,700,1
1704,6816,898,89,899,3,right+B,0.0684942901134491,0.2810787558555603,0.18920452892780304,0.3967350125312805,0.06448741257190704,1.3989226818084717,0.0,531.0,277,2,60,0,0,0,700,700,1
1705,6820,898,79,899,2,right+A,0.06832186877727509,0.28106212615966797,0.18005405366420746,0.4084379971027374,0.06212400272488594,1.387105107307434,-1.0,530.0,278,2,59,0,0,0,700,700,1
1706,6824,898,79,899,3,right+B,0.06766664236783981,0.2777016758918762,0.17386816442012787,0.42004138231277466,0.060722120106220245,1.3766603469848633,0.0,530.0,279,2,59,0,0,0,700,700,1
1707,6828,898,79,899,0,NOOP,0.06784335523843765,0.2789067327976227,0.17522944509983063,0.4178426265716553,0.06017783284187317,1.3776133060455322,0.0,530.0,280,2,59,0,0,0,700,700,1
1708,6832,898,79,899,3,right+B,0.06778012216091156,0.2779383659362793,0.17560245096683502,0.4172031283378601,0.06147589534521103,1.379930019378662,0.0,530.0,281,2,59,0,0,0,700,700,1
1709,6836,898,79,899,3,right+B,0.06825526058673859,0.2778838574886322,0.17655719816684723,0.4165731370449066,0.060730550438165665,1.3801610469818115,0.0,530.0,282,2,59,0,0,0,700,700,1
1710,6840,898,93,899,2,right+A,0.0680728629231453,0.277538537979126,0.17423653602600098,0.42030104994773865,0.05985102429986,1.3759667873382568,-1.0,529.0,283,2,58,0,0,0,700,700,1
1711,6844,898,108,899,1,right,0.068546824157238,0.2788630425930023,0.18151766061782837,0.40868085622787476,0.06239158660173416,1.3883724212646484,0.0,529.0,284,2,58,0,0,0,700,700,1
1712,6848,898,112,899,1,right,0.06863889843225479,0.2796470820903778,0.1851511299610138,0.4031491279602051,0.06341372430324554,1.3936229944229126,0.0,529.0,285,2,58,0,0,0,700,700,1
1713,6852,898,106,899,3,right+B,0.06912444531917572,0.27869653701782227,0.19139786064624786,0.3963373899459839,0.06444374471902847,1.4007272720336914,0.0,529.0,286,2,58,0,0,0,700,700,1
1714,6856,898,89,899,1,right,0.06889589875936508,0.28124529123306274,0.19105669856071472,0.39404287934303284,0.06475922465324402,1.4015308618545532,0.0,529.0,287,2,58,0,0,0,700,700,1
1715,6860,898,79,899,1,right,0.06853970140218735,0.2809450924396515,0.18261797726154327,0.4054124653339386,0.062484849244356155,1.3901995420455933,-1.0,528.0,288,2,57,0,0,0,700,700,1
1716,6864,898,79,899,1,right,0.06780360639095306,0.2786525785923004,0.17674292623996735,0.4153364300727844,0.06146448105573654,1.3812189102172852,0.0,528.0,289,2,57,0,0,0,700,700,1
1717,6868,898,79,899,1,right,0.06785129010677338,0.27947869896888733,0.17665010690689087,0.4155943691730499,0.060425445437431335,1.3795603513717651,0.0,528.0,290,2,57,0,0,0,700,700,1
1718,6872,898,79,899,1,right,0.06789303570985794,0.2787201702594757,0.17701758444309235,0.41470643877983093,0.06166278198361397,1.3820204734802246,0.0,528.0,291,2,57,0,0,0,700,700,1
1719,6876,898,79,899,3,right+B,0.06811773777008057,0.2782277464866638,0.17817535996437073,0.4142243564128876,0.0612548403441906,1.3824334144592285,0.0,528.0,292,2,57,0,0,0,700,700,1
1720,6880,898,79,899,3,right+B,0.06821347028017044,0.27810487151145935,0.17674043774604797,0.41634681820869446,0.06059440225362778,1.3800697326660156,-1.0,527.0,293,2,56,0,0,0,700,700,1
1721,6884,898,79,899,0,NOOP,0.0686032697558403,0.2789060175418854,0.18006646633148193,0.41081881523132324,0.061605457216501236,1.3858180046081543,0.0,527.0,294,2,56,0,0,0,700,700,1
1722,6888,898,79,899,3,right+B,0.06866718828678131,0.27866870164871216,0.17900435626506805,0.4118487238883972,0.061811041086912155,1.3853495121002197,0.0,527.0,295,2,56,0,0,0,700,700,1
1723,6892,898,79,899,3,right+B,0.06883663684129715,0.27864542603492737,0.17949168384075165,0.4117897152900696,0.06123646721243858,1.3849565982818604,0.0,527.0,296,2,56,0,0,0,700,700,1
1724,6896,898,79,899,1,right,0.06857144832611084,0.27837926149368286,0.17700128257274628,0.41560104489326477,0.06044694036245346,1.3807649612426758,0.0,527.0,297,2,56,0,0,0,700,700,1
1725,6900,898,79,899,3,right+B,0.06868378818035126,0.27916017174720764,0.1821901649236679,0.40824586153030396,0.06172001361846924,1.3880088329315186,-1.0,526.0,298,2,55,0,0,0,700,700,1
1726,6904,898,79,899,3,right+B,0.06854227185249329,0.27925601601600647,0.18333561718463898,0.4068051874637604,0.06206094101071358,1.3893539905548096,0.0,526.0,299,2,55,0,0,0,700,700,1
1727,6908,898,79,899,1,right,0.06818293035030365,0.2787199318408966,0.1805698126554489,0.4114244878292084,0.06110287830233574,1.3844504356384277,0.0,526.0,300,2,55,0,0,0,700,700,1
1728,6912,898,93,899,2,right+A,0.0683647021651268,0.2800963819026947,0.18259897828102112,0.4066612422466278,0.06227865815162659,1.3891724348068237,0.0,526.0,301,2,55,0,0,0,700,700,1
1729,6916,898,108,899,1,right,0.06842070817947388,0.28004980087280273,0.18297024071216583,0.4056398868560791,0.06291933357715607,1.3907495737075806,0.0,526.0,302,2,55,0,0,0,700,700,1
1730,6920,898,112,899,1,right,0.06831352412700653,0.2799171805381775,0.18344402313232422,0.4055136442184448,0.06281156092882156,1.3906850814819336,-1.0,525.0,303,2,54,0,0,0,700,700,1
1731,6924,898,106,899,3,right+B,0.06879005581140518,0.2781994938850403,0.18558378517627716,0.40394920110702515,0.06347749382257462,1.393810510635376,0.0,525.0,304,2,54,0,0,0,700,700,1
1732,6928,898,89,899,1,right,0.06876704096794128,0.28007271885871887,0.1861601173877716,0.40127187967300415,0.0637281984090805,1.3953639268875122,0.0,525.0,305,2,54,0,0,0,700,700,1
1733,6932,898,79,899,3,right+B,0.06876850128173828,0.28039905428886414,0.17921091616153717,0.409670889377594,0.06195065379142761,1.3866324424743652,0.0,525.0,306,2,54,0,0,0,700,700,1
1734,6936,898,79,899,1,right,0.06797782331705093,0.2773897647857666,0.1737394779920578,0.4203053116798401,0.060587625950574875,1.3767247200012207,0.0,525.0,307,2,54,0,0,0,700,700,1
1735,6940,898,79,899,3,right+B,0.06851135194301605,0.2792712152004242,0.17787235975265503,0.41357728838920593,0.060767728835344315,1.3823668956756592,-1.0,524.0,308,2,53,0,0,0,700,700,1
1736,6944,898,93,899,2,right+A,0.06844547390937805,0.27872616052627563,0.17941030859947205,0.41121208667755127,0.06220592185854912,1.3860591650009155,0.0,524.0,309,2,53,0,0,0,700,700,1
1737,6948,898,109,899,2,right+A,0.06899016350507736,0.2797469198703766,0.18740205466747284,0.40032023191452026,0.06354064494371414,1.3962433338165283,0.0,524.0,310,2,53,0,0,0,700,700,1
1738,6952,898,121,899,0,NOOP,0.06891223788261414,0.28087568283081055,0.18952560424804688,0.39661720395088196,0.0640692338347435,1.3990617990493774,0.0,524.0,311,2,53,0,0,0,700,700,1
1739,6956,898,122,899,1,right,0.06956491619348526,0.2796557545661926,0.19591835141181946,0.38787010312080383,0.06699080765247345,1.4095547199249268,0.0,524.0,312,2,53,0,0,0,700,700,1
1740,6960,898,113,899,2,right+A,0.06837499141693115,0.2822067439556122,0.18723164498806,0.39788711071014404,0.06429953128099442,1.3972852230072021,-1.0,523.0,313,2,52,0,0,0,700,700,1
1741,6964,898,94,899,3,right+B,0.06937173008918762,0.27991318702697754,0.1829460710287094,0.4037446677684784,0.06402437388896942,1.3944110870361328,0.0,523.0,314,2,52,0,0,0,700,700,1
1742,6968,898,79,899,1,right,0.0673718973994255,0.279171347618103,0.17606107890605927,0.41584256291389465,0.06155311316251755,1.380226731300354,0.0,523.0,315,2,52,0,0,0,700,700,1
1743,6972,898,79,899,3,right+B,0.06877569109201431,0.2791917026042938,0.17663852870464325,0.4146076440811157,0.06078646332025528,1.3817998170852661,0.0,523.0,316,2,52,0,0,0,700,700,1
1744,6976,898,79,899,0,NOOP,0.06776207685470581,0.2774863541126251,0.17142614722251892,0.42377814650535583,0.05954726040363312,1.3722738027572632,0.0,523.0,317,2,52,0,0,0,700,700,1
1745,6980,898,93,899,2,right+A,0.06835968792438507,0.27874556183815,0.17810304462909698,0.4133106768131256,0.06148111820220947,1.383445382118225,-1.0,522.0,318,2,51,0,0,0,700,700,1
1746,6984,898,108,899,3,right+B,0.0688304677605629,0.2793251872062683,0.18188419938087463,0.4073878526687622,0.06257224828004837,1.3896888494491577,0.0,522.0,319,2,51,0,0,0,700,700,1
1747,6988,898,112,899,3,right+B,0.06900686025619507,0.2798892855644226,0.18503355979919434,0.4028562605381012,0.06321409344673157,1.393900990486145,0.0,522.0,320,2,51,0,0,0,700,700,1
1748,6992,898,106,899,1,right,0.06918834894895554,0.2780579626560211,0.18928426504135132,0.3994885981082916,0.06398078799247742,1.3982079029083252,0.0,522.0,321,2,51,0,0,0,700,700,1
1749,6996,898,89,899,2,right+A,0.06941616535186768,0.2813250720500946,0.1926216334104538,0.39189064502716064,0.06474652141332626,1.4035605192184448,0.0,522.0,322,2,51,0,0,0,700,700,1
1750,7000,898,79,899,1,right,0.06932640820741653,0.2821606993675232,0.1858976036310196,0.39950424432754517,0.06311096251010895,1.3957469463348389,-1.0,521.0,323,2,50,0,0,0,700,700,1
1751,7004,898,93,899,2,right+A,0.06803911179304123,0.2781227231025696,0.17868639528751373,0.4139765202999115,0.06117531657218933,1.3825280666351318,0.0,521.0,324,2,50,0,0,0,700,700,1
1752,7008,898,109,899,2,right+A,0.0685536339879036,0.2806890904903412,0.1853315383195877,0.4026084244251251,0.06281731277704239,1.392885446548462,0.0,521.0,325,2,50,0,0,0,700,700,1
1753,7012,898,121,899,1,right,0.06796709448099136,0.27944740653038025,0.18194125592708588,0.4076809883117676,0.06296323984861374,1.3889714479446411,0.0,521.0,326,2,50,0,0,0,700,700,1
1754,7016,898,122,899,3,right+B,0.06941378861665726,0.27958568930625916,0.19211223721504211,0.3926093280315399,0.06627891212701797,1.4053524732589722,0.0,521.0,327,2,50,0,0,0,700,700,1
1755,7020,898,113,899,3,right+B,0.06835928559303284,0.2813551127910614,0.18370068073272705,0.4031314253807068,0.06345351785421371,1.392686367034912,-1.0,520.0,328,2,49,0,0,0,700,700,1
1756,7024,898,94,899,1,right,0.06941718608140945,0.27908381819725037,0.18093286454677582,0.40693798661231995,0.06362814456224442,1.3918378353118896,0.0,520.0,329,2,49,0,0,0,700,700,1
1757,7028,898,79,899,3,right+B,0.06708991527557373,0.27875325083732605,0.17474758625030518,0.417904794216156,0.06150447204709053,1.3783142566680908,0.0,520.0,330,2,49,0,0,0,700,700,1
1758,7032,898,79,899,3,right+B,0.0683443620800972,0.27868449687957764,0.17525286972522736,0.4170219302177429,0.0606963150203228,1.379454493522644,0.0,520.0,331,2,49,0,0,0,700,700,1
1759,7036,898,79,899,3,right+B,0.06768645346164703,0.2781008183956146,0.1724584698677063,0.42145782709121704,0.06029648333787918,1.3747851848602295,0.0,520.0,332,2,49,0,0,0,700,700,1
1760,7040,898,93,899,4,right+A+B,0.06820685416460037,0.2792426347732544,0.17986264824867249,0.4104701578617096,0.062217649072408676,1.3862274885177612,-1.0,519.0,333,2,48,0,0,0,700,700,1
1761,7044,898,109,899,2,right+A,0.06857611984014511,0.2803512513637543,0.18581001460552216,0.40149247646331787,0.06377013027667999,1.3949350118637085,0.0,519.0,334,2,48,0,0,0,700,700,1
1762,7048,898,121,899,1,right,0.06820734590291977,0.2807464301586151,0.18732640147209167,0.39974164962768555,0.06397823244333267,1.3959648609161377,0.0,519.0,335,2,48,0,0,0,700,700,1
1763,7052,898,122,899,1,right,0.0688505470752716,0.2795868515968323,0.1935788094997406,0.3911129832267761,0.06687077134847641,1.4064645767211914,0.0,519.0,336,2,48,0,0,0,700,700,1
1764,7056,898,113,899,1,right,0.06763293594121933,0.28208091855049133,0.18477103114128113,0.401388555765152,0.06412658840417862,1.3937290906906128,0.0,519.0,337,2,48,0,0,0,700,700,1
1765,7060,898,94,899,2,right+A,0.06872577965259552,0.27980464696884155,0.1807721108198166,0.4067952632904053,0.06390225887298584,1.3912602663040161,-1.0,518.0,338,2,47,0,0,0,700,700,1
1766,7064,898,79,899,3,right+B,0.0669107511639595,0.27921560406684875,0.1748824417591095,0.41732901334762573,0.06166217848658562,1.3785923719406128,0.0,518.0,339,2,47,0,0,0,700,700,1
1767,7068,898,93,899,2,right+A,0.06841815263032913,0.27934470772743225,0.1755712330341339,0.4157460629940033,0.06091979146003723,1.3805570602416992,0.0,518.0,340,2,47,0,0,0,700,700,1
1768,7072,898,108,899,1,right,0.06793968379497528,0.2786165177822113,0.17739199101924896,0.4140378534793854,0.06201393902301788,1.3830499649047852,0.0,518.0,341,2,47,0,0,0,700,700,1
1769,7076,898,112,899,1,right,0.06826107203960419,0.27973729372024536,0.18366597592830658,0.40483930706977844,0.06349635869264603,1.391973853111267,0.0,518.0,342,2,47,0,0,0,700,700,1
1770,7080,898,106,899,3,right+B,0.06869222968816757,0.2780963182449341,0.186061292886734,0.40328705310821533,0.06386308372020721,1.394681453704834,-1.0,517.0,343,2,46,0,0,0,700,700,1
1771,7084,898,89,899,2,right+A,0.0686359629034996,0.28048408031463623,0.18759410083293915,0.39878907799720764,0.06449681520462036,1.3977781534194946,0.0,517.0,344,2,46,0,0,0,700,700,1
1772,7088,898,79,899,1,right,0.06872406601905823,0.28071317076683044,0.18159016966819763,0.4061442017555237,0.06282837688922882,1.3902599811553955,0.0,517.0,345,2,46,0,0,0,700,700,1
1773,7092,898,93,899,2,right+A,0.06819156557321548,0.27873629331588745,0.17866185307502747,0.41260743141174316,0.061802856624126434,1.3842203617095947,0.0,517.0,346,2,46,0,0,0,700,700,1
1774,7096,898,109,899,2,right+A,0.06843931972980499,0.2808646857738495,0.18630702793598175,0.40109920501708984,0.06328973174095154,1.3943732976913452,0.0,517.0,347,2,46,0,0,0,700,700,1
1775,7100,898,121,899,3,right+B,0.06767567992210388,0.27932271361351013,0.18386879563331604,0.4057275354862213,0.06340527534484863,1.3907661437988281,-1.0,516.0,348,2,45,0,0,0,700,700,1
1776,7104,898,122,899,0,NOOP,0.06900443881750107,0.28044456243515015,0.1941959112882614,0.38924622535705566,0.06710883229970932,1.4078669548034668,0.0,516.0,349,2,45,0,0,0,700,700,1
1777,7108,898,113,899,3,right+B,0.0676310732960701,0.2816287577152252,0.18349258601665497,0.4036215543746948,0.06362604349851608,1.3916435241699219,0.0,516.0,350,2,45,0,0,0,700,700,1
1778,7112,898,94,899,3,right+B,0.068924680352211,0.2794554829597473,0.1805882304906845,0.40723687410354614,0.06379467248916626,1.3911337852478027,0.0,516.0,351,2,45,0,0,0,700,700,1
1779,7116,898,79,899,3,right+B,0.06701312214136124,0.27932217717170715,0.17451651394367218,0.41757726669311523,0.061570897698402405,1.3783290386199951,0.0,516.0,352,2,45,0,0,0,700,700,1
1780,7120,898,93,899,4,right+A+B,0.06842922419309616,0.27877500653266907,0.17564669251441956,0.416392058134079,0.06075701117515564,1.3801017999649048,-1.0,515.0,353,2,44,0,0,0,700,700,1
1781,7124,898,108,899,1,right,0.06798183917999268,0.2786608338356018,0.17720775306224823,0.4142332673072815,0.061916373670101166,1.3828020095825195,0.0,515.0,354,2,44,0,0,0,700,700,1
1782,7128,898,112,899,3,right+B,0.06818515807390213,0.2797899842262268,0.18304035067558289,0.4056951701641083,0.06328927725553513,1.3909776210784912,0.0,515.0,355,2,44,0,0,0,700,700,1
1783,7132,898,106,899,3,right+B,0.06894627213478088,0.27865269780158997,0.18756811320781708,0.40052005648612976,0.06431285291910172,1.397314190864563,0.0,515.0,356,2,44,0,0,0,700,700,1
1784,7136,898,89,899,4,right+A+B,0.06859810650348663,0.28044387698173523,0.1876450777053833,0.3988996744155884,0.06441324949264526,1.3975834846496582,0.0,515.0,357,2,44,0,0,0,700,700,1
1785,7140,898,79,899,3,right+B,0.06875865161418915,0.28158411383628845,0.18326516449451447,0.40339574217796326,0.0629962831735611,1.3922860622406006,-1.0,514.0,358,2,43,0,0,0,700,700,1
1786,7144,898,79,899,3,right+B,0.06792232394218445,0.27910369634628296,0.17834167182445526,0.41279351711273193,0.06183883175253868,1.383678913116455,0.0,514.0,359,2,43,0,0,0,700,700,1
1787,7148,898,79,899,1,right,0.06762086600065231,0.27927762269973755,0.1786658614873886,0.4136629104614258,0.060772739350795746,1.3814399242401123,0.0,514.0,360,2,43,0,0,0,700,700,1
1788,7152,898,79,899,3,right+B,0.06750842928886414,0.27959662675857544,0.17845171689987183,0.41219231486320496,0.06225094571709633,1.3839960098266602,0.0,514.0,361,2,43,0,0,0,700,700,1
1789,7156,898,79,899,1,right,0.06749927997589111,0.2785450518131256,0.1778564602136612,0.41479718685150146,0.06130204722285271,1.3812609910964966,0.0,514.0,362,2,43,0,0,0,700,700,1
1790,7160,898,79,899,3,right+B,0.06769920885562897,0.27842167019844055,0.17589958012104034,0.4173952639102936,0.060584332793951035,1.3785220384597778,-1.0,513.0,363,2,42,0,0,0,700,700,1
1791,7164,898,79,899,1,right,0.06802693009376526,0.27951207756996155,0.17832621932029724,0.41264843940734863,0.0614863783121109,1.3833438158035278,0.0,513.0,364,2,42,0,0,0,700,700,1
1792,7168,898,79,899,0,NOOP,0.06789933145046234,0.2788454294204712,0.17692983150482178,0.4149113595485687,0.061414021998643875,1.3815324306488037,0.0,513.0,365,2,42,0,0,0,700,700,1
1793,7172,898,79,899,3,right+B,0.06766489148139954,0.27823686599731445,0.17686471343040466,0.4159310758113861,0.06130238622426987,1.3805948495864868,0.0,513.0,366,2,42,0,0,0,700,700,1
1794,7176,898,93,899,2,right+A,0.06760945916175842,0.2780119776725769,0.174156054854393,0.4198664724826813,0.060356028378009796,1.3762286901474,0.0,513.0,367,2,42,0,0,0,700,700,1
1795,7180,898,109,899,4,right+A+B,0.0682363212108612,0.2792050838470459,0.17984846234321594,0.4104205071926117,0.06228962913155556,1.3863898515701294,-1.0,512.0,368,2,41,0,0,0,700,700,1
1796,7184,898,122,899,2,right+A,0.06823930144309998,0.27964553236961365,0.18411856889724731,0.4045419692993164,0.06345461308956146,1.3921806812286377,0.0,512.0,369,2,41,0,0,0,700,700,1
1797,7188,898,130,899,3,right+B,0.06977023184299469,0.2804143726825714,0.19697578251361847,0.38533589243888855,0.06750372052192688,1.411764144897461,0.0,512.0,370,2,41,0,0,0,700,700,1
1798,7192,898,129,899,2,right+A,0.067646324634552,0.2821097671985626,0.19089822471141815,0.39469465613365173,0.06465102732181549,1.3993196487426758,0.0,512.0,371,2,41,0,0,0,700,700,1
1799,7196,898,117,899,3,right+B,0.06740488857030869,0.27981385588645935,0.19043484330177307,0.39661136269569397,0.06573498994112015,1.3997230529785156,0.0,512.0,372,2,41,0,0,0,700,700,1
1800,7200,898,97,899,0,NOOP,0.06801912933588028,0.27947700023651123,0.18733319640159607,0.3993026614189148,0.06586794555187225,1.3986201286315918,-1.0,511.0,373,2,40,0,0,0,700,700,1
1801,7204,898,79,899,3,right+B,0.06712763011455536,0.28019657731056213,0.18436168134212494,0.4043581783771515,0.06395584344863892,1.3915138244628906,0.0,511.0,374,2,40,0,0,0,700,700,1
1802,7208,898,93,899,2,right+A,0.06751997768878937,0.2779674232006073,0.17806075513362885,0.4146205484867096,0.061831239610910416,1.3822500705718994,0.0,511.0,375,2,40,0,0,0,700,700,1
1803,7212,898,108,899,3,right+B,0.06825392693281174,0.27904799580574036,0.17979563772678375,0.4109956622123718,0.061906810849905014,1.385594129562378,0.0,511.0,376,2,40,0,0,0,700,700,1
1804,7216,898,112,899,0,NOOP,0.0682196393609047,0.2800253927707672,0.18193253874778748,0.4067014455795288,0.06312105059623718,1.3899273872375488,0.0,511.0,377,2,40,0,0,0,700,700,1
1805,7220,898,106,899,3,right+B,0.0681752935051918,0.2782321572303772,0.1837824583053589,0.40676555037498474,0.06304456293582916,1.3905093669891357,-1.0,510.0,378,2,39,0,0,0,700,700,1
1806,7224,898,89,899,2,right+A,0.0683894082903862,0.2798924744129181,0.18521885573863983,0.40277159214019775,0.06372760236263275,1.3939028978347778,0.0,510.0,379,2,39,0,0,0,700,700,1
1807,7228,898,79,899,2,right+A,0.06864199787378311,0.2807423770427704,0.1798151731491089,0.40836840867996216,0.06243205443024635,1.3879404067993164,0.0,510.0,380,2,39,0,0,0,700,700,1
1808,7232,898,79,899,1,right,0.06792918592691422,0.2776753008365631,0.17527253925800323,0.4179735481739044,0.061149418354034424,1.3791812658309937,0.0,510.0,381,2,39,0,0,0,700,700,1
1809,7236,898,79,899,3,right+B,0.06853224337100983,0.2800285518169403,0.18007342517375946,0.41036832332611084,0.06099744886159897,1.3849719762802124,0.0,510.0,382,2,39,0,0,0,700,700,1
1810,7240,898,79,899,3,right+B,0.06838349252939224,0.2799448072910309,0.18118630349636078,0.40799424052238464,0.06249123811721802,1.3884093761444092,-1.0,509.0,383,2,38,0,0,0,700,700,1
1811,7244,898,79,899,1,right,0.06797202676534653,0.2784232199192047,0.18057306110858917,0.411607950925827,0.06142373010516167,1.3845689296722412,0.0,509.0,384,2,38,0,0,0,700,700,1
1812,7248,898,79,899,0,NOOP,0.0679108053445816,0.2793797254562378,0.1780339926481247,0.41377654671669006,0.06089888885617256,1.3817147016525269,0.0,509.0,385,2,38,0,0,0,700,700,1
1813,7252,898,79,899,3,right+B,0.06828227639198303,0.27977922558784485,0.17974500358104706,0.4105970561504364,0.06159647926688194,1.3852965831756592,0.0,509.0,386,2,38,0,0,0,700,700,1
1814,7256,898,79,899,3,right+B,0.06826929748058319,0.27895399928092957,0.17581671476364136,0.41634297370910645,0.060617003589868546,1.3797616958618164,0.0,509.0,387,2,38,0,0,0,700,700,1
1815,7260,898,79,899,1,right,0.06807809323072433,0.2782632112503052,0.17375698685646057,0.42023059725761414,0.059671107679605484,1.375502109527588,-1.0,508.0,388,2,37,0,0,0,700,700,1
1816,7264,898,93,899,2,right+A,0.06814311444759369,0.2781457006931305,0.1760920286178589,0.41705992817878723,0.060559313744306564,1.379333734512329,0.0,508.0,389,2,37,0,0,0,700,700,1
1817,7268,898,108,899,3,right+B,0.06856363266706467,0.2789486050605774,0.18128235638141632,0.4089639484882355,0.06224143132567406,1.3879613876342773,0.0,508.0,390,2,37,0,0,0,700,700,1
1818,7272,898,112,899,2,right+A,0.06849885731935501,0.2796354591846466,0.18301351368427277,0.40620848536491394,0.0626436248421669,1.390254259109497,0.0,508.0,391,2,37,0,0,0,700,700,1
1819,7276,898,106,899,4,right+A+B,0.0692296028137207,0.27846041321754456,0.18802279233932495,0.40023404359817505,0.06405304372310638,1.3976106643676758,0.0,508.0,392,2,37,0,0,0,700,700,1
1820,7280,898,89,899,3,right+B,0.0691336989402771,0.28065285086631775,0.18910902738571167,0.396633118391037,0.06447133421897888,1.3997958898544312,-1.0,507.0,393,2,36,0,0,0,700,700,1
1821,7284,898,79,899,3,right+B,0.06926245242357254,0.281725138425827,0.1845487654209137,0.4014796316623688,0.06298401206731796,1.3942071199417114,0.0,507.0,394,2,36,0,0,0,700,700,1
1822,7288,898,79,899,3,right+B,0.06855855137109756,0.2792508900165558,0.1797625869512558,0.4106123447418213,0.06181566044688225,1.3860185146331787,0.0,507.0,395,2,36,0,0,0,700,700,1
1823,7292,898,79,899,3,right+B,0.0684618279337883,0.27968940138816833,0.18053823709487915,0.4105228781700134,0.06078764423727989,1.3846980333328247,0.0,507.0,396,2,36,0,0,0,700,700,1
1824,7296,898,79,899,1,right,0.06811287999153137,0.2798502445220947,0.1794537454843521,0.4105619788169861,0.06202113255858421,1.3855829238891602,0.0,507.0,397,2,36,0,0,0,700,700,1
1825,7300,898,93,899,2,right+A,0.06800069659948349,0.27877551317214966,0.1785297393798828,0.4136800765991211,0.06101403757929802,1.3822771310806274,-1.0,506.0,398,2,35,0,0,0,700,700,1
1826,7304,898,108,899,1,right,0.06845493614673615,0.2794462740421295,0.18135938048362732,0.4087841212749481,0.06195538118481636,1.387480616569519,0.0,506.0,399,2,35,0,0,0,700,700,1
1827,7308,898,112,899,1,right,0.0686434656381607,0.28040841221809387,0.18391458690166473,0.4040233790874481,0.06301020085811615,1.3921936750411987,0.0,506.0,400,2,35,0,0,0,700,700,1
1828,7312,898,106,899,1,right,0.06898269057273865,0.2782045304775238,0.18568055331707,0.40372422337532043,0.06340792775154114,1.3940995931625366,0.0,506.0,401,2,35,0,0,0,700,700,1
1829,7316,898,89,899,2,right+A,0.06873410940170288,0.2802503705024719,0.18539482355117798,0.4021623134613037,0.0634583830833435,1.3942824602127075,0.0,506.0,402,2,35,0,0,0,700,700,1
1830,7320,898,79,899,1,right,0.06871018558740616,0.28056108951568604,0.17845459282398224,0.4105660617351532,0.061708029359579086,1.3855030536651611,-1.0,505.0,403,2,34,0,0,0,700,700,1
1831,7324,898,93,899,2,right+A,0.06827832013368607,0.278141587972641,0.17520445585250854,0.41728106141090393,0.06109456345438957,1.3798398971557617,0.0,505.0,404,2,34,0,0,0,700,700,1
1832,7328,898,108,899,3,right+B,0.06887347996234894,0.2799508273601532,0.18381190299987793,0.4046354591846466,0.06272826343774796,1.3918278217315674,0.0,505.0,405,2,34,0,0,0,700,700,1
1833,7332,898,112,899,3,right+B,0.06870483607053757,0.2801157534122467,0.1854732781648636,0.40202412009239197,0.06368205696344376,1.3946555852890015,0.0,505.0,406,2,34,0,0,0,700,700,1
1834,7336,898,106,899,2,right+A,0.06937222927808762,0.2794691026210785,0.1923397183418274,0.394216924905777,0.06460199505090714,1.4023953676223755,0.0,505.0,407,2,34,0,0,0,700,700,1
1835,7340,898,89,899,3,right+B,0.06884576380252838,0.2807960510253906,0.19015873968601227,0.3959604799747467,0.06423892825841904,1.3996931314468384,-1.0,504.0,408,2,33,0,0,0,700,700,1
1836,7344,898,79,899,1,right,0.06874178349971771,0.28198060393333435,0.18199773132801056,0.4047389030456543,0.06254100054502487,1.3905450105667114,0.0,504.0,409,2,33,0,0,0,700,700,1
1837,7348,898,79,899,3,right+B,0.06771856546401978,0.27834653854370117,0.1743670403957367,0.41891011595726013,0.060657694935798645,1.377334475517273,0.0,504.0,410,2,33,0,0,0,700,700,1
1838,7352,898,79,899,1,right,0.06812527030706406,0.27933961153030396,0.17608824372291565,0.4163615107536316,0.06008533388376236,1.3788621425628662,0.0,504.0,411,2,33,0,0,0,700,700,1
1839,7356,898,79,899,1,right,0.06819804757833481,0.2790469527244568,0.17662853002548218,0.41469457745552063,0.061431821435689926,1.3819292783737183,0.0,504.0,412,2,33,0,0,0,700,700,1
1840,7360,898,79,899,1,right,0.06823306530714035,0.2780120372772217,0.17749568819999695,0.4154204726219177,0.060838740319013596,1.3811824321746826,-1.0,503.0,413,2,32,0,0,0,700,700,1
1841,7364,898,93,899,2,right+A,0.06818310916423798,0.2782382369041443,0.17583313584327698,0.41754794120788574,0.0601976178586483,1.3785209655761719,0.0,503.0,414,2,32,0,0,0,700,700,1
1842,7368,898,108,899,1,right,0.06868040561676025,0.2792712152004242,0.18169616162776947,0.40825355052948,0.06209857761859894,1.388359546661377,0.0,503.0,415,2,32,0,0,0,700,700,1
1843,7372,898,112,899,1,right,0.06899935007095337,0.2807329297065735,0.18455784022808075,0.4023318290710449,0.06337808072566986,1.394126296043396,0.0,503.0,416,2,32,0,0,0,700,700,1
1844,7376,898,106,899,3,right+B,0.06904646009206772,0.2782588303089142,0.1884971708059311,0.40026742219924927,0.06393010914325714,1.397348403930664,0.0,503.0,417,2,32,0,0,0,700,700,1
1845,7380,898,89,899,3,right+B,0.06907772272825241,0.2812386751174927,0.19049783051013947,0.3947034180164337,0.06448236107826233,1.4009387493133545,-1.0,502.0,418,2,31,0,0,0,700,700,1
1846,7384,898,79,899,1,right,0.06920424848794937,0.2822055518627167,0.18454279005527496,0.4010363817214966,0.06301097571849823,1.3943196535110474,0.0,502.0,419,2,31,0,0,0,700,700,1
1847,7388,898,79,899,1,right,0.06823960691690445,0.27848899364471436,0.1782398372888565,0.41381460428237915,0.06121692433953285,1.3827388286590576,0.0,502.0,420,2,31,0,0,0,700,700,1
1848,7392,898,79,899,1,right,0.06840677559375763,0.2805567681789398,0.1794878989458084,0.41073498129844666,0.060813650488853455,1.3841147422790527,0.0,502.0,421,2,31,0,0,0,700,700,1
1849,7396,898,79,899,3,right+B,0.06814046949148178,0.2795257568359375,0.17839519679546356,0.41237708926200867,0.061561428010463715,1.3837544918060303,0.0,502.0,422,2,31,0,0,0,700,700,1
1850,7400,898,79,899,3,right+B,0.06828878819942474,0.2786395847797394,0.17864935100078583,0.413522332906723,0.06089995428919792,1.382624864578247,-1.0,501.0,423,2,30,0,0,0,700,700,1
1851,7404,898,79,899,3,right+B,0.06832120567560196,0.2788371741771698,0.1767321079969406,0.415844202041626,0.060265302658081055,1.3799164295196533,0.0,501.0,424,2,30,0,0,0,700,700,1
1852,7408,898,93,899,2,right+A,0.06878864765167236,0.2792787551879883,0.18010644614696503,0.4105570614337921,0.06126904860138893,1.3856871128082275,0.0,501.0,425,2,30,0,0,0,700,700,1
1853,7412,898,108,899,1,right,0.06887160241603851,0.27956628799438477,0.18207202851772308,0.40704479813575745,0.062445271760225296,1.389765977859497,0.0,501.0,426,2,30,0,0,0,700,700,1
1854,7416,898,112,899,3,right+B,0.06851909309625626,0.27958840131759644,0.1829526126384735,0.4064169228076935,0.06252296268939972,1.3899987936019897,0.0,501.0,427,2,30,0,0,0,700,700,1
1855,7420,898,106,899,0,NOOP,0.0691450983285904,0.2783820629119873,0.1873803585767746,0.4012886881828308,0.06380379945039749,1.396488904953003,-1.0,500.0,428,2,29,0,0,0,700,700,1
1856,7424,898,89,899,1,right,0.06895273923873901,0.28042280673980713,0.18815144896507263,0.39826181530952454,0.06421119719743729,1.3982114791870117,0.0,500.0,429,2,29,0,0,0,700,700,1
1857,7428,898,79,899,1,right,0.06888483464717865,0.28147444128990173,0.1830427497625351,0.4039855897426605,0.06261242181062698,1.3915801048278809,0.0,500.0,430,2,29,0,0,0,700,700,1
1858,7432,898,79,899,1,right,0.06795395165681839,0.27882474660873413,0.17787142097949982,0.4138481616973877,0.061501771211624146,1.3825892210006714,0.0,500.0,431,2,29,0,0,0,700,700,1
1859,7436,898,79,899,3,right+B,0.06785092502832413,0.2791159451007843,0.1786751002073288,0.4138760268688202,0.06048201024532318,1.3812419176101685,0.0,500.0,432,2,29,0,0,0,700,700,1
1860,7440,898,79,899,1,right,0.06768117100000381,0.2793755829334259,0.17816758155822754,0.41286519169807434,0.061910513788461685,1.383339524269104,-1.0,499.0,433,2,28,0,0,0,700,700,1
1861,7444,898,79,899,3,right+B,0.06752736866474152,0.27827155590057373,0.17706874012947083,0.4162789583206177,0.06085337698459625,1.3796719312667847,0.0,499.0,434,2,28,0,0,0,700,700,1
1862,7448,898,79,899,3,right+B,0.06768803298473358,0.27809250354766846,0.17497633397579193,0.4191538393497467,0.06008926406502724,1.3766064643859863,0.0,499.0,435,2,28,0,0,0,700,700,1
1863,7452,898,79,899,1,right,0.0682113915681839,0.2792942523956299,0.17801426351070404,0.4133598804473877,0.06112018972635269,1.382630467414856,0.0,499.0,436,2,28,0,0,0,700,700,1
1864,7456,898,93,899,4,right+A+B,0.06810513883829117,0.2786376476287842,0.1768437772989273,0.4153067469596863,0.06110670417547226,1.3811607360839844,0.0,499.0,437,2,28,0,0,0,700,700,1
1865,7460,898,108,899,3,right+B,0.06810316443443298,0.27843350172042847,0.18009376525878906,0.41151854395866394,0.06185106560587883,1.3852249383926392,-1.0,498.0,438,2,27,0,0,0,700,700,1
1866,7464,898,112,899,2,right+A,0.06828171759843826,0.27949586510658264,0.1814885437488556,0.408346951007843,0.062386900186538696,1.388107180595398,0.0,498.0,439,2,27,0,0,0,700,700,1
1867,7468,898,106,899,3,right+B,0.06891557574272156,0.27811670303344727,0.18651814758777618,0.40275001525878906,0.06369952112436295,1.3951348066329956,0.0,498.0,440,2,27,0,0,0,700,700,1
1868,7472,898,89,899,3,right+B,0.06881678849458694,0.2802707254886627,0.18805590271949768,0.3986627757549286,0.06419380009174347,1.3978159427642822,0.0,498.0,441,2,27,0,0,0,700,700,1
1869,7476,898,79,899,3,right+B,0.06910767406225204,0.2814740836620331,0.1843775063753128,0.40208545327186584,0.062955342233181,1.3936593532562256,0.0,498.0,442,2,27,0,0,0,700,700,1
1870,7480,898,79,899,3,right+B,0.06826762109994888,0.2789694368839264,0.17931754887104034,0.41166359186172485,0.06178183853626251,1.3849552869796753,-1.0,497.0,443,2,26,0,0,0,700,700,1
1871,7484,898,79,899,1,right,0.06808461248874664,0.27919843792915344,0.17987339198589325,0.4121423363685608,0.06070124730467796,1.3831169605255127,0.0,497.0,444,2,26,0,0,0,700,700,1
1872,7488,898,79,899,0,NOOP,0.06803814321756363,0.2794923484325409,0.17965306341648102,0.41067686676979065,0.06213955208659172,1.3857002258300781,0.0,497.0,445,2,26,0,0,0,700,700,1
1873,7492,898,79,899,3,right+B,0.06799818575382233,0.27856314182281494,0.17873530089855194,0.41362136602401733,0.06108195707201958,1.382491111755371,0.0,497.0,446,2,26,0,0,0,700,700,1
1874,7496,898,79,899,3,right+B,0.06800989806652069,0.27833986282348633,0.17617034912109375,0.41730156540870667,0.06017834320664406,1.3785018920898438,0.0,497.0,447,2,26,0,0,0,700,700,1
1875,7500,898,79,899,3,right+B,0.06843200325965881,0.2790021598339081,0.1772511601448059,0.4148951470851898,0.06041954457759857,1.3809223175048828,-1.0,496.0,448,2,25,0,0,0,700,700,1
1876,7504,898,79,899,3,right+B,0.06839985400438309,0.2787194550037384,0.1767488718032837,0.4154544472694397,0.06067737191915512,1.3808197975158691,0.0,496.0,449,2,25,0,0,0,700,700,1
1877,7508,898,79,899,3,right+B,0.06791272014379501,0.27757614850997925,0.17656327784061432,0.4173404276371002,0.0606074333190918,1.3791831731796265,0.0,496.0,450,2,25,0,0,0,700,700,1
1878,7512,898,79,899,3,right+B,0.0679115504026413,0.2777596712112427,0.17501744627952576,0.4192660450935364,0.060045257210731506,1.376827359199524,0.0,496.0,451,2,25,0,0,0,700,700,1
1879,7516,898,93,899,2,right+A,0.06867621093988419,0.2794187366962433,0.18055441975593567,0.4095762372016907,0.061774350702762604,1.386866569519043,0.0,496.0,452,2,25,0,0,0,700,700,1
1880,7520,898,108,899,1,right,0.06883794069290161,0.27963975071907043,0.1837645173072815,0.404686838388443,0.06307096779346466,1.3922505378723145,-1.0,495.0,453,2,24,0,0,0,700,700,1
1881,7524,898,112,899,3,right+B,0.06883320957422256,0.28044235706329346,0.18797999620437622,0.3991338908672333,0.06361055374145508,1.3967801332473755,0.0,495.0,454,2,24,0,0,0,700,700,1
1882,7528,898,106,899,1,right,0.0691308081150055,0.27910128235816956,0.19114989042282104,0.3961266875267029,0.06449129432439804,1.4007863998413086,0.0,495.0,455,2,24,0,0,0,700,700,1
1883,7532,898,89,899,0,NOOP,0.0686718225479126,0.2805219888687134,0.19001169502735138,0.396593302488327,0.06420131027698517,1.3991172313690186,0.0,495.0,456,2,24,0,0,0,700,700,1
1884,7536,898,79,899,3,right+B,0.06854411214590073,0.28165456652641296,0.18161891400814056,0.40574541687965393,0.062436968088150024,1.3895773887634277,0.0,495.0,457,2,24,0,0,0,700,700,1
1885,7540,898,79,899,1,right,0.06763206422328949,0.278103232383728,0.1743205487728119,0.41934502124786377,0.060599200427532196,1.3769230842590332,-1.0,494.0,458,2,23,0,0,0,700,700,1
1886,7544,898,79,899,1,right,0.06797990947961807,0.2790529429912567,0.17575934529304504,0.41724953055381775,0.059958260506391525,1.3779540061950684,0.0,494.0,459,2,23,0,0,0,700,700,1
1887,7548,898,93,899,2,right+A,0.06787960976362228,0.2785933017730713,0.17557238042354584,0.41676995158195496,0.06118478998541832,1.3797916173934937,0.0,494.0,460,2,23,0,0,0,700,700,1
1888,7552,898,109,899,2,right+A,0.06844358146190643,0.2785840332508087,0.181375652551651,0.40945661067962646,0.062140122056007385,1.387492060661316,0.0,494.0,461,2,23,0,0,0,700,700,1
1889,7556,898,121,899,3,right+B,0.06846955418586731,0.27936840057373047,0.18307417631149292,0.40654197335243225,0.06254588812589645,1.389967918395996,0.0,494.0,462,2,23,0,0,0,700,700,1
1890,7560,898,122,899,1,right,0.06946437060832977,0.27921420335769653,0.1902725100517273,0.3951970636844635,0.0658518597483635,1.403220295906067,-1.0,493.0,463,2,22,0,0,0,700,700,1
1891,7564,898,113,899,2,right+A,0.06852926313877106,0.28134769201278687,0.18487806618213654,0.4015262722969055,0.0637187734246254,1.3943934440612793,0.0,493.0,464,2,22,0,0,0,700,700,1
1892,7568,898,94,899,2,right+A,0.06974368542432785,0.2794070243835449,0.1833849400281906,0.40333232283592224,0.06413207203149796,1.3954243659973145,0.0,493.0,465,2,22,0,0,0,700,700,1
1893,7572,898,79,899,3,right+B,0.06774844229221344,0.2798191010951996,0.17985504865646362,0.41033753752708435,0.06223991513252258,1.3856605291366577,0.0,493.0,466,2,22,0,0,0,700,700,1
1894,7576,898,93,899,2,right+A,0.06903718411922455,0.2801865339279175,0.18134693801403046,0.4077973961830139,0.0616319365799427,1.3881767988204956,0.0,493.0,467,2,22,0,0,0,700,700,1
1895,7580,898,108,899,1,right,0.06814230233430862,0.27905571460723877,0.1813066154718399,0.40924614667892456,0.06224927678704262,1.3872830867767334,-1.0,492.0,468,2,21,0,0,0,700,700,1
1896,7584,898,112,899,3,right+B,0.06842464208602905,0.2809208631515503,0.18659944832324982,0.4001775085926056,0.06387757509946823,1.3956732749938965,0.0,492.0,469,2,21,0,0,0,700,700,1
1897,7588,898,106,899,1,right,0.0688958615064621,0.2789119780063629,0.18756340444087982,0.4009148180484772,0.0637139305472374,1.3962175846099854,0.0,492.0,470,2,21,0,0,0,700,700,1
1898,7592,898,89,899,3,right+B,0.06879287958145142,0.2805655300617218,0.18683719635009766,0.40022730827331543,0.06357710063457489,1.395825743675232,0.0,492.0,471,2,21,0,0,0,700,700,1
1899,7596,898,79,899,2,right+A,0.06884707510471344,0.28107601404190063,0.17960168421268463,0.4086981415748596,0.061777111142873764,1.387021780014038,0.0,492.0,472,2,21,0,0,0,700,700,1
1900,7600,898,79,899,3,right+B,0.0680764839053154,0.27754199504852295,0.1740933060646057,0.41992124915122986,0.06036694347858429,1.3768519163131714,-1.0,491.0,473,2,20,0,0,0,700,700,1
1901,7604,898,79,899,3,right+B,0.06813577562570572,0.27864110469818115,0.17581096291542053,0.41763609647750854,0.05977601930499077,1.3777612447738647,0.0,491.0,474,2,20,0,0,0,700,700,1
1902,7608,898,79,899,1,right,0.06815725564956665,0.2782098352909088,0.17672514915466309,0.4157320559024811,0.061175644397735596,1.3811140060424805,0.0,491.0,475,2,20,0,0,0,700,700,1
1903,7612,898,79,899,3,right+B,0.0683872178196907,0.27820032835006714,0.1791466772556305,0.41294795274734497,0.06131788343191147,1.383844017982483,0.0,491.0,476,2,20,0,0,0,700,700,1
1904,7616,898,79,899,1,right,0.068333700299263,0.2782762050628662,0.17814485728740692,0.4143937826156616,0.06085153669118881,1.3820443153381348,0.0,491.0,477,2,20,0,0,0,700,700,1
1905,7620,898,79,899,0,NOOP,0.06888823956251144,0.2800341248512268,0.1841232180595398,0.4047069251537323,0.06224750727415085,1.391231894493103,-1.0,490.0,478,2,19,0,0,0,700,700,1
1906,7624,898,79,899,1,right,0.06886807829141617,0.2805432975292206,0.18393124639987946,0.4039590060710907,0.06269831955432892,1.392073392868042,0.0,490.0,479,2,19,0,0,0,700,700,1
1907,7628,898,79,899,3,right+B,0.067942775785923,0.2784486413002014,0.1808735430240631,0.4111936092376709,0.061541374772787094,1.384997010231018,0.0,490.0,480,2,19,0,0,0,700,700,1
1908,7632,898,93,899,4,right+A+B,0.06813450157642365,0.27971720695495605,0.1781400889158249,0.41293543577194214,0.06107286736369133,1.3826727867126465,0.0,490.0,481,2,19,0,0,0,700,700,1
1909,7636,898,108,899,1,right,0.068739153444767,0.28026917576789856,0.18350882828235626,0.4048229455947876,0.06265995651483536,1.3913400173187256,0.0,490.0,482,2,19,0,0,0,700,700,1
1910,7640,898,112,899,3,right+B,0.06894609332084656,0.2809079587459564,0.1837618052959442,0.40328139066696167,0.06310269236564636,1.3929623365402222,-1.0,489.0,483,2,18,0,0,0,700,700,1
1911,7644,898,106,899,3,right+B,0.06907237321138382,0.2787262499332428,0.18647389113903046,0.40223386883735657,0.06349369138479233,1.3952223062515259,0.0,489.0,484,2,18,0,0,0,700,700,1
1912,7648,898,89,899,3,right+B,0.0689278393983841,0.2804053723812103,0.18560092151165009,0.4015309512615204,0.06353489309549332,1.394980549812317,0.0,489.0,485,2,18,0,0,0,700,700,1
1913,7652,898,79,899,2,right+A,0.06895381212234497,0.28077077865600586,0.17874948680400848,0.4097273051738739,0.061798594892024994,1.3864339590072632,0.0,489.0,486,2,18,0,0,0,700,700,1
1914,7656,898,79,899,1,right,0.06814376264810562,0.27773624658584595,0.1732850968837738,0.4203839898109436,0.0604509562253952,1.3765037059783936,0.0,489.0,487,2,18,0,0,0,700,700,1
1915,7660,898,79,899,3,right+B,0.06868094950914383,0.2796207666397095,0.17740000784397125,0.41366201639175415,0.06063626706600189,1.3821572065353394,-1.0,488.0,488,2,17,0,0,0,700,700,1
1916,7664,898,79,899,3,right+B,0.06871339678764343,0.2792340815067291,0.17936360836029053,0.41052696108818054,0.06216194108128548,1.3866137266159058,0.0,488.0,489,2,17,0,0,0,700,700,1
1917,7668,898,93,899,2,right+A,0.06894081085920334,0.2795715034008026,0.1829884946346283,0.4064754545688629,0.06202375143766403,1.389833927154541,0.0,488.0,490,2,17,0,0,0,700,700,1
1918,7672,898,108,899,1,right,0.0691586434841156,0.2809000611305237,0.18732422590255737,0.39927932620048523,0.0633377954363823,1.396515965461731,0.0,488.0,491,2,17,0,0,0,700,700,1
1919,7676,898,112,899,3,right+B,0.06901358813047409,0.28076303005218506,0.18994688987731934,0.3963544964790344,0.06392200291156769,1.3992421627044678,0.0,488.0,492,2,17,0,0,0,700,700,1
1920,7680,898,106,899,1,right,0.06931464374065399,0.2798728048801422,0.19078528881072998,0.3954756557941437,0.06455162912607193,1.4012190103530884,-1.0,487.0,493,2,16,0,0,0,700,700,1
1921,7684,898,89,899,2,right+A,0.06885959953069687,0.2812909781932831,0.18818587064743042,0.3976370394229889,0.06402657181024551,1.3980393409729004,0.0,487.0,494,2,16,0,0,0,700,700,1
1922,7688,898,79,899,1,right,0.0690959021449089,0.2813224494457245,0.18068058788776398,0.4068259298801422,0.06207520142197609,1.3889986276626587,0.0,487.0,495,2,16,0,0,0,700,700,1
1923,7692,898,79,899,0,NOOP,0.06851224601268768,0.2786392867565155,0.17483708262443542,0.4172525405883789,0.060758817940950394,1.3794989585876465,0.0,487.0,496,2,16,0,0,0,700,700,1
1924,7696,898,79,899,3,right+B,0.06873666495084763,0.27963462471961975,0.17820075154304504,0.4124685525894165,0.060959383845329285,1.383556604385376,0.0,487.0,497,2,16,0,0,0,700,700,1
1925,7700,898,79,899,1,right,0.06859313696622849,0.27868643403053284,0.17673802375793457,0.41467908024787903,0.06130329892039299,1.3823461532592773,-1.0,486.0,498,2,15,0,0,0,700,700,1
1926,7704,898,79,899,3,right+B,0.06869237869977951,0.27823618054389954,0.1754552125930786,0.41778939962387085,0.059826742857694626,1.378394365310669,0.0,486.0,499,2,15,0,0,0,700,700,1
1927,7708,898,93,899,2,right+A,0.06881458312273026,0.27898314595222473,0.17908532917499542,0.41177040338516235,0.061346497386693954,1.3849204778671265,0.0,486.0,500,2,15,0,0,0,700,700,1
1928,7712,898,108,899,3,right+B,0.06911664456129074,0.27948811650276184,0.1848616898059845,0.4034111201763153,0.06312238425016403,1.393643856048584,0.0,486.0,501,2,15,0,0,0,700,700,1
1929,7716,898,112,899,1,right,0.06931408494710922,0.2810298502445221,0.1890968680381775,0.39672863483428955,0.06383056938648224,1.3990644216537476,0.0,486.0,502,2,15,0,0,0,700,700,1
1930,7720,898,106,899,2,right+A,0.06953956931829453,0.2796705365180969,0.19178013503551483,0.3944026827812195,0.06460709869861603,1.4023618698120117,-1.0,485.0,503,2,14,0,0,0,700,700,1
1931,7724,898,89,899,3,right+B,0.06908359378576279,0.28107210993766785,0.19077208638191223,0.3946901857852936,0.06438200920820236,1.4009101390838623,0.0,485.0,504,2,14,0,0,0,700,700,1
1932,7728,898,79,899,4,right+A+B,0.06901046633720398,0.28228071331977844,0.18272146582603455,0.4032614827156067,0.06272587925195694,1.3920483589172363,0.0,485.0,505,2,14,0,0,0,700,700,1
1933,7732,898,79,899,1,right,0.06813178211450577,0.2787569463253021,0.17545898258686066,0.41679251194000244,0.060859743505716324,1.3795921802520752,0.0,485.0,506,2,14,0,0,0,700,700,1
1934,7736,898,93,899,2,right+A,0.06848371028900146,0.2796441912651062,0.17674030363559723,0.41492605209350586,0.060205768793821335,1.3804218769073486,0.0,485.0,507,2,14,0,0,0,700,700,1
1935,7740,898,108,899,3,right+B,0.06872699409723282,0.2793371379375458,0.1796969473361969,0.4100114405155182,0.06222739815711975,1.387076735496521,-1.0,484.0,508,2,13,0,0,0,700,700,1
1936,7744,898,112,899,4,right+A+B,0.06902869045734406,0.27996575832366943,0.18413373827934265,0.40404969453811646,0.06282220780849457,1.3925361633300781,0.0,484.0,509,2,13,0,0,0,700,700,1
1937,7748,898,106,899,3,right+B,0.06919821351766586,0.2782853841781616,0.1869804412126541,0.4021616578102112,0.06337425112724304,1.3954498767852783,0.0,484.0,510,2,13,0,0,0,700,700,1
1938,7752,898,89,899,1,right,0.06909649074077606,0.28059613704681396,0.1865704506635666,0.4001472592353821,0.06358963996171951,1.3961901664733887,0.0,484.0,511,2,13,0,0,0,700,700,1
1939,7756,898,79,899,2,right+A,0.06941201537847519,0.28148922324180603,0.18186378479003906,0.4047357141971588,0.06249931454658508,1.391366958618164,0.0,484.0,512,2,13,0,0,0,700,700,1
1940,7760,898,79,899,3,right+B,0.06864698231220245,0.2784465551376343,0.17711849510669708,0.4144914150238037,0.061296552419662476,1.3826587200164795,-1.0,483.0,513,2,12,0,0,0,700,700,1
1941,7764,898,79,899,3,right+B,0.06893490254878998,0.28053203225135803,0.18136784434318542,0.4080851376056671,0.061080098152160645,1.3870960474014282,0.0,483.0,514,2,12,0,0,0,700,700,1
1942,7768,898,93,899,4,right+A+B,0.06878872960805893,0.28042057156562805,0.18230901658535004,0.4059337079524994,0.06254800409078598,1.39031982421875,0.0,483.0,515,2,12,0,0,0,700,700,1
1943,7772,898,108,899,1,right,0.0688115805387497,0.27973470091819763,0.18642476201057434,0.4020063281059265,0.06302263587713242,1.3942210674285889,0.0,483.0,516,2,12,0,0,0,700,700,1
1944,7776,898,112,899,2,right+A,0.06863369047641754,0.28114914894104004,0.18634554743766785,0.4004288613796234,0.06344274431467056,1.3951294422149658,0.0,483.0,517,2,12,0,0,0,700,700,1
1945,7780,898,106,899,3,right+B,0.06882759183645248,0.2789153754711151,0.18670183420181274,0.40203988552093506,0.0635153278708458,1.3950748443603516,-1.0,482.0,518,2,11,0,0,0,700,700,1
1946,7784,898,89,899,3,right+B,0.06905937194824219,0.2810248136520386,0.18702995777130127,0.3991178870201111,0.0637679323554039,1.3969531059265137,0.0,482.0,519,2,11,0,0,0,700,700,1
1947,7788,898,79,899,3,right+B,0.06927986443042755,0.28164440393447876,0.18014180660247803,0.4069519639015198,0.06198201701045036,1.3888298273086548,0.0,482.0,520,2,11,0,0,0,700,700,1
1948,7792,898,93,899,2,right+A,0.06856685876846313,0.27822211384773254,0.17491953074932098,0.4177592098712921,0.06053229421377182,1.379063367843628,0.0,482.0,521,2,11,0,0,0,700,700,1
1949,7796,898,108,899,1,right,0.06903959810733795,0.2801573574542999,0.18265646696090698,0.40622323751449585,0.06192335486412048,1.3897736072540283,0.0,482.0,522,2,11,0,0,0,700,700,1
1950,7800,898,112,899,4,right+A+B,0.06868311762809753,0.2795112729072571,0.181823268532753,0.4074130952358246,0.06256930530071259,1.389441967010498,-1.0,481.0,523,2,10,0,0,0,700,700,1
1951,7804,898,106,899,3,right+B,0.0696389228105545,0.2789044678211212,0.19002702832221985,0.397478848695755,0.06395076960325241,1.3997951745986938,0.0,481.0,524,2,10,0,0,0,700,700,1
1952,7808,898,89,899,1,right,0.06954550743103027,0.280989408493042,0.19004394114017487,0.3950933516025543,0.06432780623435974,1.4010565280914307,0.0,481.0,525,2,10,0,0,0,700,700,1
1953,7812,898,79,899,1,right,0.0696256160736084,0.2821027338504791,0.18513813614845276,0.40022337436676025,0.06291016936302185,1.395296335220337,0.0,481.0,526,2,10,0,0,0,700,700,1
1954,7816,898,79,899,3,right+B,0.06872811913490295,0.2795858681201935,0.17975448071956635,0.4101545810699463,0.06177692115306854,1.3863705396652222,0.0,481.0,527,2,10,0,0,0,700,700,1
1955,7820,898,79,899,3,right+B,0.06852086633443832,0.2798580527305603,0.18047305941581726,0.41039738059043884,0.06075059622526169,1.3847441673278809,-1.0,480.0,528,2,9,0,0,0,700,700,1
1956,7824,898,79,899,1,right,0.0681646317243576,0.27998316287994385,0.1794803887605667,0.4102158844470978,0.06215588003396988,1.3860034942626953,0.0,480.0,529,2,9,0,0,0,700,700,1
1957,7828,898,79,899,0,NOOP,0.06785543262958527,0.27876079082489014,0.17821335792541504,0.4140879511833191,0.06108243763446808,1.381873369216919,0.0,480.0,530,2,9,0,0,0,700,700,1
1958,7832,898,79,899,3,right+B,0.06799908727407455,0.27846911549568176,0.17626015841960907,0.4167592227458954,0.06051246449351311,1.3792577981948853,0.0,480.0,531,2,9,0,0,0,700,700,1
1959,7836,898,79,899,3,right+B,0.06840135902166367,0.27908656001091003,0.17730417847633362,0.4144617021083832,0.06074618548154831,1.3815736770629883,0.0,480.0,532,2,9,0,0,0,700,700,1
1960,7840,898,93,899,2,right+A,0.06828690320253372,0.2780994474887848,0.17471858859062195,0.4187285304069519,0.06016654893755913,1.377623200416565,-1.0,479.0,533,2,8,0,0,0,700,700,1
1961,7844,898,108,899,1,right,0.06850668787956238,0.27868595719337463,0.18052951991558075,0.4103102684020996,0.061967529356479645,1.3866266012191772,0.0,479.0,534,2,8,0,0,0,700,700,1
1962,7848,898,112,899,3,right+B,0.06841319054365158,0.27942657470703125,0.18272952735424042,0.4067094326019287,0.06272128224372864,1.3899418115615845,0.0,479.0,535,2,8,0,0,0,700,700,1
1963,7852,898,106,899,1,right,0.0690360888838768,0.27835172414779663,0.1881488859653473,0.4004680812358856,0.06399525701999664,1.3972209692001343,0.0,479.0,536,2,8,0,0,0,700,700,1
1964,7856,898,89,899,3,right+B,0.06887484341859818,0.2804453670978546,0.18808244168758392,0.3983116149902344,0.0642857700586319,1.3981670141220093,0.0,479.0,537,2,8,0,0,0,700,700,1
1965,7860,898,79,899,0,NOOP,0.06903501600027084,0.281587690114975,0.18369098007678986,0.4028143882751465,0.06287194043397903,1.3928799629211426,-1.0,478.0,538,2,7,0,0,0,700,700,1
1966,7864,898,79,899,3,right+B,0.06845727562904358,0.2793686091899872,0.18104633688926697,0.40830329060554504,0.06282449513673782,1.3888341188430786,0.0,478.0,539,2,7,0,0,0,700,700,1
1967,7868,898,79,899,1,right,0.06810294091701508,0.2794690430164337,0.1818206012248993,0.40887242555618286,0.06173495575785637,1.386817216873169,0.0,478.0,540,2,7,0,0,0,700,700,1
1968,7872,898,79,899,1,right,0.06774857640266418,0.2795114815235138,0.17733845114707947,0.4137544631958008,0.06164698302745819,1.3823139667510986,0.0,478.0,541,2,7,0,0,0,700,700,1
1969,7876,898,79,899,3,right+B,0.06826557964086533,0.2795342206954956,0.1811651587486267,0.4093303382396698,0.06170475855469704,1.3865437507629395,0.0,478.0,542,2,7,0,0,0,700,700,1
1970,7880,898,79,899,3,right+B,0.06822054088115692,0.2788325250148773,0.178069606423378,0.4135446548461914,0.06133265420794487,1.382917881011963,-1.0,477.0,543,2,6,0,0,0,700,700,1
1971,7884,898,79,899,3,right+B,0.06825262308120728,0.278612345457077,0.17687693238258362,0.4156179428100586,0.06064021214842796,1.3805491924285889,0.0,477.0,544,2,6,0,0,0,700,700,1
1972,7888,898,93,899,4,right+A+B,0.06870276480913162,0.2786421477794647,0.17856669425964355,0.4132934510707855,0.060794927179813385,1.3830995559692383,0.0,477.0,545,2,6,0,0,0,700,700,1
1973,7892,898,108,899,1,right,0.06904441118240356,0.2795967757701874,0.18187163770198822,0.40722188353538513,0.06226522475481033,1.3895851373672485,0.0,477.0,546,2,6,0,0,0,700,700,1
1974,7896,898,112,899,2,right+A,0.06867548078298569,0.2796019911766052,0.18382684886455536,0.4051506519317627,0.06274498254060745,1.3913905620574951,0.0,477.0,547,2,6,0,0,0,700,700,1
1975,7900,898,106,899,1,right,0.06924201548099518,0.27847689390182495,0.18910132348537445,0.3991692066192627,0.06401047855615616,1.3983709812164307,-1.0,476.0,548,2,5,0,0,0,700,700,1
1976,7904,898,89,899,3,right+B,0.0690939798951149,0.2805376350879669,0.18915864825248718,0.39687350392341614,0.06433626264333725,1.399477481842041,0.0,476.0,549,2,5,0,0,0,700,700,1
1977,7908,898,79,899,1,right,0.06917018443346024,0.28167152404785156,0.18438951671123505,0.4018198549747467,0.06294900178909302,1.393837332725525,0.0,476.0,550,2,5,0,0,0,700,700,1
1978,7912,898,79,899,1,right,0.0682683140039444,0.2790990173816681,0.17910608649253845,0.41175568103790283,0.06177091971039772,1.3848100900650024,0.0,476.0,551,2,5,0,0,0,700,700,1
1979,7916,898,93,899,2,right+A,0.06814053654670715,0.2794863283634186,0.1799071878194809,0.41169992089271545,0.060766011476516724,1.3834812641143799,0.0,476.0,552,2,5,0,0,0,700,700,1
1980,7920,898,109,899,4,right+A+B,0.06818895787000656,0.2797349691390991,0.18205316364765167,0.4070817530155182,0.06294117122888565,1.3895256519317627,-1.0,475.0,553,2,4,0,0,0,700,700,1
1981,7924,898,121,899,3,right+B,0.06838127225637436,0.2803170382976532,0.1847285032272339,0.40340280532836914,0.06317038089036942,1.3926308155059814,0.0,475.0,554,2,4,0,0,0,700,700,1
1982,7928,898,122,899,3,right+B,0.06950124353170395,0.27986082434654236,0.1922614723443985,0.3920391798019409,0.06633727997541428,1.4058070182800293,0.0,475.0,555,2,4,0,0,0,700,700,1
1983,7932,898,113,899,1,right,0.06848082691431046,0.2816406488418579,0.18392357230186462,0.4024445712566376,0.06351041793823242,1.3932842016220093,0.0,475.0,556,2,4,0,0,0,700,700,1
1984,7936,898,94,899,2,right+A,0.06976095587015152,0.2793292701244354,0.18188753724098206,0.40528804063796997,0.06373422592878342,1.393502116203308,0.0,475.0,557,2,4,0,0,0,700,700,1
1985,7940,898,79,899,3,right+B,0.06765908747911453,0.27900174260139465,0.17603977024555206,0.41578033566474915,0.061518967151641846,1.380597710609436,-1.0,474.0,558,2,3,0,0,0,700,700,1
1986,7944,898,79,899,3,right+B,0.06909310072660446,0.2790297567844391,0.1773817092180252,0.4136551022529602,0.06084026023745537,1.3830397129058838,0.0,474.0,559,2,3,0,0,0,700,700,1
1987,7948,898,79,899,3,right+B,0.0683099702000618,0.27837836742401123,0.17411838471889496,0.4188765585422516,0.06031666323542595,1.377544641494751,0.0,474.0,560,2,3,0,0,0,700,700,1
1988,7952,898,79,899,3,right+B,0.06887385994195938,0.2795151174068451,0.18192656338214874,0.4073975384235382,0.062286924570798874,1.3893365859985352,0.0,474.0,561,2,3,0,0,0,700,700,1
1989,7956,898,79,899,1,right,0.06884033977985382,0.27969035506248474,0.18271394073963165,0.40656086802482605,0.062194451689720154,1.389801263809204,0.0,474.0,562,2,3,0,0,0,700,700,1
1990,7960,898,79,899,1,right,0.0687204897403717,0.279828816652298,0.1824590414762497,0.4072788953781128,0.061712682247161865,1.3885290622711182,-1.0,473.0,563,2,2,0,0,0,700,700,1
1991,7964,898,79,899,3,right+B,0.06852669268846512,0.27932941913604736,0.18213197588920593,0.4086591303348541,0.06135275959968567,1.387050747871399,0.0,473.0,564,2,2,0,0,0,700,700,1
1992,7968,898,79,899,3,right+B,0.06835924834012985,0.28031298518180847,0.18022476136684418,0.4093630313873291,0.06174001842737198,1.3863049745559692,0.0,473.0,565,2,2,0,0,0,700,700,1
1993,7972,898,79,899,1,right,0.06777657568454742,0.2785560190677643,0.17828796803951263,0.41424325108528137,0.06113624572753906,1.3818155527114868,0.0,473.0,566,2,2,0,0,0,700,700,1
1994,7976,898,93,899,2,right+A,0.06794342398643494,0.2784086763858795,0.17611581087112427,0.4171369671821594,0.06039503216743469,1.3787811994552612,0.0,473.0,567,2,2,0,0,0,700,700,1
1995,7980,898,109,899,2,right+A,0.06856732070446014,0.2796163856983185,0.18187683820724487,0.40758293867111206,0.062356509268283844,1.3889195919036865,-1.0,472.0,568,2,1,0,0,0,700,700,1
1996,7984,898,122,899,4,right+A+B,0.06886649131774902,0.28026342391967773,0.18339020013809204,0.40448907017707825,0.06299086660146713,1.3920860290527344,0.0,472.0,569,2,1,0,0,0,700,700,1
1997,7988,898,130,899,3,right+B,0.06977029889822006,0.27960577607154846,0.19203048944473267,0.39247971773147583,0.06611374020576477,1.4056236743927002,0.0,472.0,570,2,1,0,0,0,700,700,1
1998,7992,898,129,899,4,right+A+B,0.06768347322940826,0.28083330392837524,0.1855936348438263,0.40278103947639465,0.06310858577489853,1.3921349048614502,0.0,472.0,571,2,1,0,0,0,700,700,1
1999,7996,898,117,899,1,right,0.06814218312501907,0.28000253438949585,0.18877467513084412,0.39764559268951416,0.06543507426977158,1.3993253707885742,0.0,472.0,572,2,1,0,0,0,700,700,1
2000,8000,898,97,899,2,right+A,0.06885220110416412,0.27875176072120667,0.18781551718711853,0.3989640176296234,0.06561648100614548,1.39974045753479,-1.0,471.0,573,2,0,0,0,0,700,700,1
2001,8004,898,79,899,3,right+B,0.06835752725601196,0.28068387508392334,0.18999557197093964,0.39619123935699463,0.06477181613445282,1.3996455669403076,0.0,471.0,574,2,0,0,0,0,700,700,1
2002,8008,898,93,899,2,right+A,0.06852389127016068,0.27934351563453674,0.1846078634262085,0.4045274555683136,0.06299731135368347,1.3921109437942505,0.0,471.0,575,2,0,0,0,0,700,700,1
2003,8012,898,108,899,3,right+B,0.06876438111066818,0.2792775630950928,0.18537481129169464,0.40403226017951965,0.06255104392766953,1.392281174659729,0.0,471.0,576,2,0,0,0,0,700,700,1
2004,8016,898,112,899,1,right,0.06864621490240097,0.28142979741096497,0.18646790087223053,0.3994508981704712,0.06400514394044876,1.396376371383667,0.0,471.0,577,2,0,0,0,0,700,700,1
2005,8019,898,108,899,1,right,0.0684685930609703,0.2791406810283661,0.18626807630062103,0.4027758240699768,0.06334686279296875,1.3938775062561035,-15.0,456.0,578,2,0,0,1,0,700,700,1
