decision,raw_frames,x,y,max_x,action,action_name,prob_0,prob_1,prob_2,prob_3,prob_4,action_entropy_nats,native_reward,native_reward_sum,no_progress_decisions,life,game_time,flag_get,terminated,truncated,game_score,score_gain,coins
1,4,40,79,40,3,right+B,0.03565302491188049,0.21899856626987457,0.10238822549581528,0.6052387356758118,0.0377214178442955,1.1123393774032593,0.0,0.0,1,2,400,0,0,0,0,0,0
2,8,43,79,43,3,right+B,0.035570673644542694,0.21903777122497559,0.10225701332092285,0.605468213558197,0.037666384130716324,1.111759901046753,3.0,3.0,0,2,400,0,0,0,0,0,0
3,12,47,79,47,1,right,0.03556426987051964,0.21905864775180817,0.10242541134357452,0.6051942110061646,0.03775744140148163,1.1123149394989014,4.0,7.0,0,2,400,0,0,0,0,0,0
4,16,52,93,52,2,right+A,0.035867154598236084,0.21983861923217773,0.10368877649307251,0.6025620698928833,0.038043323904275894,1.1169860363006592,5.0,12.0,0,2,400,0,0,0,0,0,0
5,20,59,108,59,3,right+B,0.03575028479099274,0.22014112770557404,0.10315779596567154,0.6027286052703857,0.03822222352027893,1.1165192127227783,6.0,18.0,0,2,399,0,0,0,0,0,0
6,24,66,114,66,3,right+B,0.03624506667256355,0.2217308133840561,0.10588568449020386,0.5969763398170471,0.03916202485561371,1.1268413066864014,7.0,25.0,0,2,399,0,0,0,0,0,0
7,28,73,112,73,3,right+B,0.03530376777052879,0.21901437640190125,0.10248182713985443,0.6051779985427856,0.03802197799086571,1.1123638153076172,7.0,32.0,0,2,399,0,0,0,0,0,0
8,32,80,100,80,0,NOOP,0.035897232592105865,0.22233381867408752,0.1043662577867508,0.5987130403518677,0.03868962079286575,1.122530460357666,7.0,39.0,0,2,399,0,0,0,0,0,0
9,36,87,79,87,2,right+A,0.03562517091631889,0.22189384698867798,0.10511139780282974,0.5985923409461975,0.038777243345975876,1.1228663921356201,7.0,46.0,0,2,399,0,0,0,0,0,0
10,40,95,79,95,3,right+B,0.04035545140504837,0.2448435127735138,0.12725840508937836,0.5410208106040955,0.04652176424860954,1.21148681640625,7.0,53.0,0,2,398,0,0,0,0,0,0
11,44,104,97,104,2,right+A,0.0456530824303627,0.26143166422843933,0.1673177182674408,0.46459251642227173,0.061005111783742905,1.3175626993179321,9.0,62.0,0,2,398,0,0,0,0,0,0
12,48,115,115,115,1,right,0.053724370896816254,0.27153387665748596,0.2515218257904053,0.3272349238395691,0.09598495066165924,1.448724389076233,11.0,73.0,0,2,398,0,0,0,0,0,0
13,52,127,121,127,3,right+B,0.05315063148736954,0.2691550850868225,0.326694518327713,0.22457732260227203,0.12642237544059753,1.4715890884399414,12.0,85.0,0,2,398,0,0,0,0,0,0
14,56,139,114,139,1,right,0.046904705464839935,0.2923177480697632,0.3238229751586914,0.21016012132167816,0.12679453194141388,1.4578466415405273,12.0,97.0,0,2,398,0,0,0,0,0,0
15,60,151,94,151,1,right,0.0442618690431118,0.36084339022636414,0.17284883558750153,0.34815147519111633,0.0738944262266159,1.3690564632415771,11.0,108.0,0,2,397,0,0,0,0,0,0
16,64,162,79,162,2,right+A,0.03676103055477142,0.3348677158355713,0.11353574693202972,0.46045389771461487,0.05438155308365822,1.2502437829971313,11.0,119.0,0,2,397,0,0,0,0,0,0
17,68,170,79,170,3,right+B,0.031023522838950157,0.30958226323127747,0.06244904547929764,0.5557124018669128,0.041232723742723465,1.101891279220581,8.0,127.0,0,2,397,0,0,0,0,0,0
18,72,179,79,179,3,right+B,0.023539908230304718,0.2689867913722992,0.03221534937620163,0.646953821182251,0.02830418385565281,0.9347598552703857,9.0,136.0,0,2,397,0,0,0,0,0,0
19,76,190,79,190,3,right+B,0.0338435173034668,0.2930155098438263,0.05269240587949753,0.5708868503570557,0.049561742693185806,1.098297119140625,11.0,147.0,0,2,397,0,0,0,0,0,0
20,80,202,79,202,3,right+B,0.03999682515859604,0.2917100787162781,0.06735195964574814,0.5231817364692688,0.07775941491127014,1.2073760032653809,11.0,158.0,0,2,396,0,0,0,0,0,0
21,84,214,97,214,2,right+A,0.04411983862519264,0.21997961401939392,0.2668245732784271,0.1963735669851303,0.27270248532295227,1.4972949028015137,12.0,170.0,0,2,396,0,0,0,0,0,0
22,88,226,117,226,2,right+A,0.01487678661942482,0.05241192877292633,0.5296692252159119,0.02535991184413433,0.3776822090148926,1.014687180519104,12.0,182.0,0,2,396,0,0,0,0,0,0
23,92,238,133,238,2,right+A,0.004641166888177395,0.0127310361713171,0.7117063403129578,0.0031668366864323616,0.2677546441555023,0.6935758590698242,12.0,194.0,0,2,396,0,0,0,0,0,0
24,96,250,147,250,2,right+A,0.00937727466225624,0.028351876884698868,0.6556508541107178,0.008078929968178272,0.2985411584377289,0.8213931322097778,12.0,206.0,0,2,396,0,0,0,0,0,0
25,100,262,156,262,2,right+A,0.03038826398551464,0.14458468556404114,0.42815813422203064,0.10310815274715424,0.2937607169151306,1.3430819511413574,11.0,217.0,0,2,395,0,0,0,0,0,0
26,104,274,162,274,4,right+A+B,0.04295726493000984,0.2618982493877411,0.21051302552223206,0.35028380155563354,0.13434761762619019,1.451255202293396,12.0,229.0,0,2,395,0,0,0,0,0,0
27,108,286,163,286,0,NOOP,0.03995826095342636,0.2969949543476105,0.16727112233638763,0.4026850759983063,0.09309066832065582,1.375627040863037,12.0,241.0,0,2,395,0,0,0,0,0,0
28,112,298,151,298,2,right+A,0.0495087094604969,0.28446874022483826,0.24620577692985535,0.29273486137390137,0.12708188593387604,1.4732788801193237,12.0,253.0,0,2,395,0,0,0,0,0,0
29,116,309,131,309,2,right+A,0.037859007716178894,0.11321854591369629,0.5428128838539124,0.046406954526901245,0.25970259308815,1.1948583126068115,11.0,264.0,0,2,395,0,0,0,0,0,0
30,120,307,111,309,4,right+A+B,0.05975143238902092,0.24286262691020966,0.28582707047462463,0.2780038118362427,0.13355514407157898,1.4947848320007324,-1.0,263.0,1,2,394,0,0,0,0,0,0
31,124,309,91,309,1,right,0.050469715148210526,0.24599406123161316,0.14513985812664032,0.4989780783653259,0.05941825360059738,1.2904770374298096,0.0,263.0,2,2,394,0,0,0,0,0,0
32,128,311,102,311,3,right+B,0.04108675941824913,0.2131456583738327,0.09332792460918427,0.6181868314743042,0.03425281122326851,1.0948623418807983,2.0,265.0,0,2,394,0,0,0,0,0,0
33,132,316,101,316,1,right,0.03493403643369675,0.2041652500629425,0.06742417067289352,0.6696839928627014,0.023792637512087822,0.9808436036109924,6.0,271.0,0,2,394,0,0,0,100,100,0
34,136,321,86,321,1,right,0.02769678644835949,0.17846713960170746,0.0506017804145813,0.7270607948303223,0.016173463314771652,0.856330931186676,5.0,276.0,0,2,394,0,0,0,100,100,0
35,140,328,79,328,1,right,0.02247818559408188,0.1599837690591812,0.04107141122221947,0.7645931243896484,0.011873483657836914,0.7674930691719055,6.0,282.0,0,2,393,0,0,0,100,100,0
36,144,336,79,336,3,right+B,0.020834648981690407,0.15680119395256042,0.042278122156858444,0.7689173221588135,0.011168758384883404,0.757166862487793,8.0,290.0,0,2,393,0,0,0,100,100,0
37,148,345,79,345,3,right+B,0.019814956933259964,0.16932828724384308,0.0532197467982769,0.7468206882476807,0.010816394351422787,0.8015064001083374,9.0,299.0,0,2,393,0,0,0,100,100,0
38,152,356,79,356,1,right,0.02509848028421402,0.19735342264175415,0.09588456898927689,0.6634725332260132,0.018190983682870865,0.9826451539993286,11.0,310.0,0,2,393,0,0,0,100,100,0
39,156,368,79,368,1,right,0.026774810627102852,0.18671441078186035,0.10810810327529907,0.6579282879829407,0.02047440968453884,1.005836009979248,12.0,322.0,0,2,393,0,0,0,100,100,0
40,160,378,79,378,1,right,0.03424319624900818,0.20092688500881195,0.13696108758449554,0.6002494692802429,0.027619389817118645,1.1157883405685425,9.0,331.0,0,2,392,0,0,0,100,100,0
41,164,384,79,384,0,NOOP,0.03980642184615135,0.23712216317653656,0.2401711493730545,0.4413640797138214,0.04153618589043617,1.3052868843078613,6.0,337.0,0,2,392,0,0,0,100,100,0
42,168,391,93,391,2,right+A,0.041625019162893295,0.21599717438220978,0.47097185254096985,0.20177061855793,0.0696352943778038,1.3264641761779785,7.0,344.0,0,2,392,0,0,0,100,100,0
43,172,398,109,398,2,right+A,0.024944650009274483,0.12628251314163208,0.6821032762527466,0.07174524664878845,0.09492432326078415,1.0268745422363281,7.0,351.0,0,2,392,0,0,0,100,100,0
44,176,405,123,405,2,right+A,0.015640731900930405,0.08146172016859055,0.7555626630783081,0.020734094083309174,0.12660083174705505,0.8230990171432495,7.0,358.0,0,2,392,0,0,0,100,100,0
45,180,412,133,412,4,right+A+B,0.014557665213942528,0.07244758307933807,0.7565544843673706,0.014743109233677387,0.14169715344905853,0.8018614649772644,6.0,364.0,0,2,391,0,0,0,100,100,0
46,184,419,141,419,2,right+A,0.02282758615911007,0.13352461159229279,0.6443408131599426,0.02952025644481182,0.1697867214679718,1.0433948040008545,7.0,371.0,0,2,391,0,0,0,100,100,0
47,188,426,145,426,4,right+A+B,0.04215267300605774,0.28879058361053467,0.35617372393608093,0.16195794939994812,0.15092507004737854,1.440085530281067,7.0,378.0,0,2,391,0,0,0,100,100,0
48,192,433,147,433,4,right+A+B,0.045818742364645004,0.3370901942253113,0.18093083798885345,0.34372201561927795,0.0924382209777832,1.4043257236480713,7.0,385.0,0,2,391,0,0,0,100,100,0
49,196,440,145,440,3,right+B,0.04033823683857918,0.33523139357566833,0.11660314351320267,0.45295450091362,0.05487274006009102,1.264472484588623,7.0,392.0,0,2,391,0,0,0,100,100,0
50,200,447,135,447,1,right,0.03526352345943451,0.3172428011894226,0.10979717969894409,0.4980735778808594,0.03962286189198494,1.1998084783554077,6.0,398.0,0,2,390,0,0,0,100,100,0
51,204,454,116,454,1,right,0.03264037147164345,0.32924506068229675,0.10040195286273956,0.5051093101501465,0.03260333091020584,1.1648510694503784,7.0,405.0,0,2,390,0,0,0,100,100,0
52,208,461,111,461,1,right,0.030124275013804436,0.3640998899936676,0.10502944886684418,0.47535231709480286,0.025394080206751823,1.156851053237915,7.0,412.0,0,2,390,0,0,0,100,100,0
53,212,468,111,468,1,right,0.0233446154743433,0.327719122171402,0.06243635341525078,0.571039080619812,0.015460868366062641,1.0109068155288696,7.0,419.0,0,2,390,0,0,0,100,100,0
54,216,475,111,475,3,right+B,0.021286550909280777,0.32926711440086365,0.05261145532131195,0.5841522216796875,0.012682664208114147,0.9720845222473145,7.0,426.0,0,2,390,0,0,0,100,100,0
55,220,485,109,485,3,right+B,0.021516228094697,0.34121090173721313,0.04587481915950775,0.5794501900672913,0.011947846971452236,0.9599543809890747,9.0,435.0,0,2,389,0,0,0,100,100,0
56,224,496,99,496,1,right,0.0165632925927639,0.32133087515830994,0.028326118364930153,0.6260204315185547,0.007759295403957367,0.8645861148834229,11.0,446.0,0,2,389,0,0,0,100,100,0
57,228,508,80,508,3,right+B,0.014447090215981007,0.3020572364330292,0.023968398571014404,0.6529077887535095,0.006619472987949848,0.8238091468811035,12.0,458.0,0,2,389,0,0,0,100,100,0
58,232,520,79,520,3,right+B,0.02165064960718155,0.3410928249359131,0.05142733082175255,0.5650455355644226,0.020783692598342896,1.0055385828018188,12.0,470.0,0,2,389,0,0,0,100,100,0
59,236,532,79,532,1,right,0.03455137461423874,0.3704501688480377,0.18666353821754456,0.30422091484069824,0.10411398112773895,1.3950085639953613,12.0,482.0,0,2,389,0,0,0,100,100,0
60,240,544,79,544,1,right,0.030714981257915497,0.20745985209941864,0.33887556195259094,0.12635178864002228,0.2965978682041168,1.421842336654663,11.0,493.0,0,2,388,0,0,0,100,100,0
61,244,556,97,556,4,right+A+B,0.026363003998994827,0.1486784815788269,0.349989116191864,0.13600897789001465,0.33896034955978394,1.384718418121338,12.0,505.0,0,2,388,0,0,0,100,100,0
62,248,568,115,568,3,right+B,0.03632524237036705,0.18696680665016174,0.28680527210235596,0.1862393319606781,0.30366337299346924,1.4670767784118652,12.0,517.0,0,2,388,0,0,0,100,100,0
63,252,580,121,580,1,right,0.027530118823051453,0.22710192203521729,0.06566762179136276,0.620762825012207,0.05893753468990326,1.0772219896316528,12.0,529.0,0,2,388,0,0,0,100,100,0
64,256,592,114,592,3,right+B,0.03622300550341606,0.23354072868824005,0.0690746083855629,0.5875282287597656,0.07363338023424149,1.14900803565979,12.0,541.0,0,2,388,0,0,0,100,100,0
65,260,594,94,594,4,right+A+B,0.03890953212976456,0.2319929003715515,0.07337623089551926,0.5997884273529053,0.05593287572264671,1.1248302459716797,1.0,542.0,0,2,387,0,0,0,100,100,0
66,264,594,79,594,3,right+B,0.03318815678358078,0.21056710183620453,0.05229783058166504,0.6702067255973816,0.03374016284942627,0.9779415130615234,0.0,542.0,1,2,387,0,0,0,100,100,0
67,268,594,79,594,3,right+B,0.026920557022094727,0.18342119455337524,0.0472337007522583,0.720570981502533,0.02185354381799698,0.8722728490829468,0.0,542.0,2,2,387,0,0,0,100,100,0
68,272,594,79,594,3,right+B,0.024891505017876625,0.17931069433689117,0.04484185576438904,0.7330975532531738,0.017858397215604782,0.8388109803199768,0.0,542.0,3,2,387,0,0,0,100,100,0
69,276,594,79,594,0,NOOP,0.026368342339992523,0.1909518539905548,0.05088621750473976,0.7134378552436829,0.01835568994283676,0.8778594136238098,0.0,542.0,4,2,387,0,0,0,100,100,0
70,280,594,79,594,1,right,0.025427740067243576,0.18304944038391113,0.047635555267333984,0.7266667485237122,0.01722056046128273,0.8511567115783691,-1.0,541.0,5,2,386,0,0,0,100,100,0
71,284,594,79,594,1,right,0.024746345356106758,0.1792510747909546,0.04637191817164421,0.7328325510025024,0.01679816097021103,0.8385141491889954,0.0,541.0,6,2,386,0,0,0,100,100,0
72,288,594,79,594,3,right+B,0.02456478402018547,0.1772255301475525,0.04498603567481041,0.7366372346878052,0.016586456447839737,0.8303778171539307,0.0,541.0,7,2,386,0,0,0,100,100,0
73,292,594,79,594,3,right+B,0.023826362565159798,0.1743898093700409,0.04305316507816315,0.7425925731658936,0.01613803394138813,0.8166154623031616,0.0,541.0,8,2,386,0,0,0,100,100,0
74,296,594,79,594,1,right,0.02316296473145485,0.1713465452194214,0.04187486320734024,0.7478637099266052,0.01575186662375927,0.8050148487091064,0.0,541.0,9,2,386,0,0,0,100,100,0
75,300,594,79,594,1,right,0.023270515725016594,0.17039038240909576,0.042114291340112686,0.7482900023460388,0.01593480259180069,0.8053712248802185,-1.0,540.0,10,2,385,0,0,0,100,100,0
76,304,594,79,594,1,right,0.023182345554232597,0.17070284485816956,0.042677853256464005,0.7473131418228149,0.01612371951341629,0.8078704476356506,0.0,540.0,11,2,385,0,0,0,100,100,0
77,308,594,79,594,3,right+B,0.023639900609850883,0.17345041036605835,0.04308226332068443,0.7432908415794373,0.016536546871066093,0.8162133693695068,0.0,540.0,12,2,385,0,0,0,100,100,0
78,312,594,79,594,3,right+B,0.023658178746700287,0.1739075630903244,0.04247528314590454,0.7434541583061218,0.016504894942045212,0.815087616443634,0.0,540.0,13,2,385,0,0,0,100,100,0
79,316,594,79,594,3,right+B,0.022548915818333626,0.16700036823749542,0.040382564067840576,0.7545604705810547,0.015507740899920464,0.7911105751991272,0.0,540.0,14,2,385,0,0,0,100,100,0
80,320,594,93,594,2,right+A,0.023271026089787483,0.17055997252464294,0.04242327809333801,0.7475515604019165,0.01619419828057289,0.8075077533721924,-1.0,539.0,15,2,384,0,0,0,100,100,0
81,324,594,108,594,3,right+B,0.023218909278512,0.17090439796447754,0.04286829009652138,0.7465766072273254,0.01643182523548603,0.8100182414054871,0.0,539.0,16,2,384,0,0,0,100,100,0
82,328,594,112,594,3,right+B,0.023174529895186424,0.1724397838115692,0.04270836338400841,0.7453495264053345,0.01632779650390148,0.8112653493881226,0.0,539.0,17,2,384,0,0,0,100,100,0
83,332,594,106,594,3,right+B,0.022945184260606766,0.16937363147735596,0.04274551197886467,0.7490065097808838,0.015929104760289192,0.8045216798782349,0.0,539.0,18,2,384,0,0,0,100,100,0
84,336,594,89,594,3,right+B,0.022763017565011978,0.1695416271686554,0.042824748903512955,0.7486250996589661,0.016245460137724876,0.8055773377418518,0.0,539.0,19,2,384,0,0,0,100,100,0
85,340,594,79,594,3,right+B,0.02267405018210411,0.16732965409755707,0.042289163917303085,0.751859188079834,0.015847986564040184,0.7988967299461365,-1.0,538.0,20,2,383,0,0,0,100,100,0
86,344,594,79,594,1,right,0.022012336179614067,0.16380202770233154,0.039753418415784836,0.7593687772750854,0.015063471160829067,0.7807716131210327,0.0,538.0,21,2,383,0,0,0,100,100,0
87,348,594,79,594,1,right,0.022462252527475357,0.16620662808418274,0.040423233062028885,0.7556458115577698,0.015262062661349773,0.7887688875198364,0.0,538.0,22,2,383,0,0,0,100,100,0
88,352,594,79,594,3,right+B,0.022221380844712257,0.16563276946544647,0.040525637567043304,0.7560155987739563,0.015604616142809391,0.7886835336685181,0.0,538.0,23,2,383,0,0,0,100,100,0
89,356,594,79,594,3,right+B,0.022531213238835335,0.1673118621110916,0.04102153331041336,0.7534955143928528,0.01563992165029049,0.7938957214355469,0.0,538.0,24,2,383,0,0,0,100,100,0
90,360,594,79,594,3,right+B,0.02198941819369793,0.164273202419281,0.039831507951021194,0.758740246295929,0.01516563817858696,0.7820426821708679,-1.0,537.0,25,2,382,0,0,0,100,100,0
91,364,594,79,594,0,NOOP,0.022762130945920944,0.16785503923892975,0.04127177223563194,0.7522814273834229,0.01582970842719078,0.7969824075698853,0.0,537.0,26,2,382,0,0,0,100,100,0
92,368,594,79,594,3,right+B,0.02320050075650215,0.16968081891536713,0.042003512382507324,0.7489135265350342,0.016201678663492203,0.8047826886177063,0.0,537.0,27,2,382,0,0,0,100,100,0
93,372,594,79,594,3,right+B,0.023096870630979538,0.1685168445110321,0.042016200721263885,0.7502589225769043,0.016111226752400398,0.8023785948753357,0.0,537.0,28,2,382,0,0,0,100,100,0
94,376,594,79,594,3,right+B,0.022965921089053154,0.16842319071292877,0.041387926787137985,0.7516366839408875,0.015586215071380138,0.7979403734207153,0.0,537.0,29,2,382,0,0,0,100,100,0
95,380,594,93,594,2,right+A,0.023645156994462013,0.17250725626945496,0.04263598844408989,0.7450259923934937,0.016185645014047623,0.8122419714927673,-1.0,536.0,30,2,381,0,0,0,100,100,0
96,384,594,108,594,3,right+B,0.02351911924779415,0.17153723537921906,0.04297534003853798,0.7456894516944885,0.016278915107250214,0.8117109537124634,0.0,536.0,31,2,381,0,0,0,100,100,0
97,388,594,112,594,3,right+B,0.023891925811767578,0.17425815761089325,0.04394242540001869,0.7413070201873779,0.01660049520432949,0.8209364414215088,0.0,536.0,32,2,381,0,0,0,100,100,0
98,392,594,106,594,3,right+B,0.024982599541544914,0.17813877761363983,0.04658379778265953,0.7331043481826782,0.01719050109386444,0.8398048877716064,0.0,536.0,33,2,381,0,0,0,100,100,0
99,396,594,89,594,3,right+B,0.024982670322060585,0.1795288324356079,0.04570215940475464,0.7325390577316284,0.017247274518013,0.8395407795906067,0.0,536.0,34,2,381,0,0,0,100,100,0
100,400,594,79,594,3,right+B,0.025319237262010574,0.17822548747062683,0.04659949988126755,0.7326372861862183,0.01721852459013462,0.8412111401557922,-1.0,535.0,35,2,380,0,0,0,100,100,0
101,404,594,79,594,3,right+B,0.024346724152565002,0.17374658584594727,0.04435141757130623,0.7410138249397278,0.016541453078389168,0.8226820826530457,0.0,535.0,36,2,380,0,0,0,100,100,0
102,408,594,79,594,3,right+B,0.025106679648160934,0.1791268140077591,0.04632587730884552,0.7323845624923706,0.017056088894605637,0.8404020667076111,0.0,535.0,37,2,380,0,0,0,100,100,0
103,412,594,79,594,3,right+B,0.025153126567602158,0.1816091239452362,0.0469164177775383,0.7287906408309937,0.017530640587210655,0.8474326133728027,0.0,535.0,38,2,380,0,0,0,100,100,0
104,416,594,79,594,3,right+B,0.02643537148833275,0.18806764483451843,0.04867704585194588,0.718543529510498,0.018276361748576164,0.8680662512779236,0.0,535.0,39,2,380,0,0,0,100,100,0
105,420,594,79,594,3,right+B,0.026686888188123703,0.18922290205955505,0.05009865760803223,0.715499222278595,0.018492387607693672,0.8750324249267578,-1.0,534.0,40,2,379,0,0,0,100,100,0
106,424,594,79,594,1,right,0.026357008144259453,0.1903090476989746,0.05024458095431328,0.714681088924408,0.01840822584927082,0.8754666447639465,0.0,534.0,41,2,379,0,0,0,100,100,0
107,428,594,79,594,1,right,0.026132933795452118,0.19332998991012573,0.04999961704015732,0.7121504545211792,0.01838705688714981,0.8779666423797607,0.0,534.0,42,2,379,0,0,0,100,100,0
108,432,594,93,594,2,right+A,0.025495899841189384,0.18911702930927277,0.04938054457306862,0.7182155251502991,0.017790962010622025,0.866450309753418,0.0,534.0,43,2,379,0,0,0,100,100,0
109,436,594,108,594,3,right+B,0.02629310078918934,0.1946210414171219,0.050697725266218185,0.7098243832588196,0.018563786521553993,0.8826656937599182,0.0,534.0,44,2,379,0,0,0,100,100,0
110,440,594,112,594,3,right+B,0.02490317076444626,0.18748655915260315,0.047888536006212234,0.7218286395072937,0.01789313368499279,0.8586333394050598,-1.0,533.0,45,2,378,0,0,0,100,100,0
111,444,594,106,594,3,right+B,0.024833321571350098,0.18387998640537262,0.04744868353009224,0.7260903716087341,0.017747657373547554,0.8517547845840454,0.0,533.0,46,2,378,0,0,0,100,100,0
112,448,594,89,594,3,right+B,0.024201231077313423,0.18081827461719513,0.04533196985721588,0.732189416885376,0.017459098249673843,0.8384612798690796,0.0,533.0,47,2,378,0,0,0,100,100,0
113,452,594,79,594,3,right+B,0.023779528215527534,0.17528840899467468,0.043681155890226364,0.7408450841903687,0.01640583947300911,0.8205588459968567,0.0,533.0,48,2,378,0,0,0,100,100,0
114,456,594,79,594,1,right,0.023279592394828796,0.17239493131637573,0.04243883490562439,0.7462400197982788,0.015646589919924736,0.808174729347229,0.0,533.0,49,2,378,0,0,0,100,100,0
115,460,594,79,594,3,right+B,0.022638339549303055,0.16930916905403137,0.04084523022174835,0.7520686388015747,0.01513869408518076,0.7947999238967896,-1.0,532.0,50,2,377,0,0,0,100,100,0
116,464,594,79,594,1,right,0.024250995367765427,0.17667022347450256,0.04486170411109924,0.7372831106185913,0.016933996230363846,0.8294833898544312,0.0,532.0,51,2,377,0,0,0,100,100,0
117,468,594,79,594,3,right+B,0.026537761092185974,0.18683645129203796,0.0496031790971756,0.7183377146720886,0.018684856593608856,0.8707295656204224,0.0,532.0,52,2,377,0,0,0,100,100,0
118,472,594,79,594,1,right,0.024866370484232903,0.1798684448003769,0.04589838534593582,0.7324084639549255,0.016958383843302727,0.8390833735466003,0.0,532.0,53,2,377,0,0,0,100,100,0
119,476,594,79,594,3,right+B,0.02483493648469448,0.18049068748950958,0.04558510705828667,0.732338547706604,0.016750654205679893,0.8381972908973694,0.0,532.0,54,2,377,0,0,0,100,100,0
120,480,594,79,594,3,right+B,0.023694563657045364,0.17513281106948853,0.04321717098355293,0.7418498992919922,0.016105592250823975,0.8175787925720215,-1.0,531.0,55,2,376,0,0,0,100,100,0
121,484,594,79,594,3,right+B,0.022602826356887817,0.17141608893871307,0.040741659700870514,0.7500272989273071,0.015212174504995346,0.7977864742279053,0.0,531.0,56,2,376,0,0,0,100,100,0
122,488,594,79,594,3,right+B,0.02265314571559429,0.16840364038944244,0.04053925722837448,0.7532346844673157,0.015169268473982811,0.7927252054214478,0.0,531.0,57,2,376,0,0,0,100,100,0
123,492,594,79,594,3,right+B,0.023884478956460953,0.1759604811668396,0.04420115426182747,0.7394749522209167,0.01647893711924553,0.8236331939697266,0.0,531.0,58,2,376,0,0,0,100,100,0
124,496,594,79,594,0,NOOP,0.024268237873911858,0.17929978668689728,0.04416937008500099,0.7355426549911499,0.016719959676265717,0.8305251002311707,0.0,531.0,59,2,376,0,0,0,100,100,0
125,500,594,79,594,3,right+B,0.023254306986927986,0.1730274111032486,0.04206102341413498,0.7457444667816162,0.01591278426349163,0.8089543581008911,-1.0,530.0,60,2,375,0,0,0,100,100,0
126,504,594,79,594,3,right+B,0.02321888692677021,0.17159903049468994,0.0419914610683918,0.7472003698348999,0.015990182757377625,0.8068348169326782,0.0,530.0,61,2,375,0,0,0,100,100,0
127,508,594,79,594,3,right+B,0.02406965382397175,0.17620593309402466,0.04376751556992531,0.7395855188369751,0.016371414065361023,0.8229870200157166,0.0,530.0,62,2,375,0,0,0,100,100,0
128,512,594,79,594,3,right+B,0.02555191144347191,0.18596875667572021,0.04762686789035797,0.7232117056846619,0.017640722915530205,0.8571099042892456,0.0,530.0,63,2,375,0,0,0,100,100,0
129,516,594,79,594,1,right,0.026709534227848053,0.19236436486244202,0.04998798668384552,0.7124103307723999,0.018527789041399956,0.8790878057479858,0.0,530.0,64,2,375,0,0,0,100,100,0
130,520,594,79,594,3,right+B,0.026632506400346756,0.19258882105350494,0.0512198805809021,0.7111454606056213,0.018413390964269638,0.8819672465324402,-1.0,529.0,65,2,374,0,0,0,100,100,0
131,524,594,79,594,3,right+B,0.02769985795021057,0.19692721962928772,0.05403600260615349,0.7020223140716553,0.019314587116241455,0.9016158580780029,0.0,529.0,66,2,374,0,0,0,100,100,0
132,528,594,79,594,3,right+B,0.027010096237063408,0.19305546581745148,0.05212428420782089,0.7090820670127869,0.018728122115135193,0.887329638004303,0.0,529.0,67,2,374,0,0,0,100,100,0
133,532,594,79,594,3,right+B,0.025932013988494873,0.1884370744228363,0.050125133246183395,0.7176530957221985,0.01785268448293209,0.8692097663879395,0.0,529.0,68,2,374,0,0,0,100,100,0
134,536,594,79,594,3,right+B,0.025887852534651756,0.18607884645462036,0.04889201000332832,0.7216913104057312,0.017449958249926567,0.861094057559967,0.0,529.0,69,2,374,0,0,0,100,100,0
135,540,594,79,594,3,right+B,0.02534751035273075,0.1820736527442932,0.04747752100229263,0.7279086709022522,0.017192624509334564,0.8490031361579895,-1.0,528.0,70,2,373,0,0,0,100,100,0
136,544,594,79,594,3,right+B,0.02540961094200611,0.1812593638896942,0.046602752059698105,0.7294436097145081,0.017284665256738663,0.8460281491279602,0.0,528.0,71,2,373,0,0,0,100,100,0
137,548,594,79,594,1,right,0.024633830413222313,0.17685118317604065,0.04417558014392853,0.7376050353050232,0.016734298318624496,0.8283652663230896,0.0,528.0,72,2,373,0,0,0,100,100,0
138,552,594,79,594,3,right+B,0.023900195956230164,0.17440228164196014,0.04292052611708641,0.742621660232544,0.016155356541275978,0.8165757656097412,0.0,528.0,73,2,373,0,0,0,100,100,0
139,556,594,79,594,1,right,0.02415488101541996,0.17409570515155792,0.04343629628419876,0.7418799996376038,0.016433093696832657,0.8195328712463379,0.0,528.0,74,2,373,0,0,0,100,100,0
140,560,594,79,594,3,right+B,0.023755405098199844,0.17229299247264862,0.04344017803668976,0.7441779971122742,0.0163334421813488,0.8151663541793823,-1.0,527.0,75,2,372,0,0,0,100,100,0
141,564,594,79,594,3,right+B,0.023319169878959656,0.17058970034122467,0.042521849274635315,0.7474997639656067,0.016069509088993073,0.8075231313705444,0.0,527.0,76,2,372,0,0,0,100,100,0
142,568,594,79,594,3,right+B,0.024294570088386536,0.17613334953784943,0.043871667236089706,0.7392172813415527,0.01648317091166973,0.8243719339370728,0.0,527.0,77,2,372,0,0,0,100,100,0
143,572,594,79,594,3,right+B,0.022991497069597244,0.16936643421649933,0.041259802877902985,0.7507957220077515,0.01558657456189394,0.7990671396255493,0.0,527.0,78,2,372,0,0,0,100,100,0
144,576,594,79,594,1,right,0.02267129346728325,0.16747203469276428,0.04145776480436325,0.7528199553489685,0.015579000115394592,0.7956587076187134,0.0,527.0,79,2,372,0,0,0,100,100,0
145,580,594,79,594,3,right+B,0.022677496075630188,0.16785746812820435,0.041173312813043594,0.7527486085891724,0.015543080866336823,0.7952945232391357,-1.0,526.0,80,2,371,0,0,0,100,100,0
146,584,594,79,594,3,right+B,0.022853147238492966,0.16907434165477753,0.04167609661817551,0.7506284713745117,0.01576797291636467,0.8000565767288208,0.0,526.0,81,2,371,0,0,0,100,100,0
147,588,594,79,594,1,right,0.02268257737159729,0.16787081956863403,0.04070151597261429,0.753258228302002,0.01548684574663639,0.7937400341033936,0.0,526.0,82,2,371,0,0,0,100,100,0
148,592,594,79,594,1,right,0.022901704534888268,0.16791322827339172,0.041327767074108124,0.7521870136260986,0.015670275315642357,0.7971035838127136,0.0,526.0,83,2,371,0,0,0,100,100,0
149,596,594,79,594,3,right+B,0.0229710191488266,0.16816985607147217,0.04152435436844826,0.7515969276428223,0.015737775713205338,0.7985610961914062,0.0,526.0,84,2,371,0,0,0,100,100,0
150,600,594,79,594,3,right+B,0.023132357746362686,0.16974036395549774,0.04207480698823929,0.7491100430488586,0.015942424535751343,0.8038434386253357,-1.0,525.0,85,2,370,0,0,0,100,100,0
151,604,594,79,594,1,right,0.02290681004524231,0.16873463988304138,0.041199516505002975,0.7514626383781433,0.015696359798312187,0.7980793714523315,0.0,525.0,86,2,370,0,0,0,100,100,0
152,608,594,79,594,3,right+B,0.02296396717429161,0.1690160185098648,0.04151037335395813,0.750771701335907,0.015737971290946007,0.7997610569000244,0.0,525.0,87,2,370,0,0,0,100,100,0
153,612,594,79,594,3,right+B,0.02318674884736538,0.1697436273097992,0.041997671127319336,0.7492462396621704,0.015825791284441948,0.8033657670021057,0.0,525.0,88,2,370,0,0,0,100,100,0
154,616,594,79,594,3,right+B,0.022583382204174995,0.16746895015239716,0.041297510266304016,0.7532085180282593,0.015441594645380974,0.7943476438522339,0.0,525.0,89,2,370,0,0,0,100,100,0
155,620,594,79,594,3,right+B,0.02258039452135563,0.16696281731128693,0.04085908457636833,0.7541999220848083,0.015397816896438599,0.7921291589736938,-1.0,524.0,90,2,369,0,0,0,100,100,0
156,624,594,93,594,4,right+A+B,0.02273694984614849,0.1668728142976761,0.04117688164114952,0.7537741661071777,0.015439104288816452,0.7936279773712158,0.0,524.0,91,2,369,0,0,0,100,100,0
157,628,594,108,594,3,right+B,0.023216823115944862,0.17092934250831604,0.04324118793010712,0.7461836934089661,0.016428997740149498,0.8111007809638977,0.0,524.0,92,2,369,0,0,0,100,100,0
158,632,594,112,594,3,right+B,0.02353399246931076,0.17341798543930054,0.043074559420347214,0.7433267831802368,0.016646733507514,0.8161978721618652,0.0,524.0,93,2,369,0,0,0,100,100,0
159,636,594,106,594,3,right+B,0.024277811869978905,0.17591030895709991,0.04438764229416847,0.7384788990020752,0.016945289447903633,0.8271998167037964,0.0,524.0,94,2,369,0,0,0,100,100,0
160,640,594,89,594,3,right+B,0.02376614138484001,0.17453019320964813,0.04334355518221855,0.7415620684623718,0.016798049211502075,0.8199506998062134,-1.0,523.0,95,2,368,0,0,0,100,100,0
161,644,594,79,594,3,right+B,0.024275947362184525,0.1729205995798111,0.044344864785671234,0.7416878342628479,0.016770711168646812,0.8220916986465454,0.0,523.0,96,2,368,0,0,0,100,100,0
162,648,594,93,594,4,right+A+B,0.024444090202450752,0.1739601492881775,0.04459211975336075,0.7402768135070801,0.016726825386285782,0.8247047066688538,0.0,523.0,97,2,368,0,0,0,100,100,0
163,652,594,108,594,3,right+B,0.024768274277448654,0.17682674527168274,0.04521265625953674,0.7362840175628662,0.0169083084911108,0.8323513269424438,0.0,523.0,98,2,368,0,0,0,100,100,0
164,656,594,112,594,3,right+B,0.024870766326785088,0.17857344448566437,0.04516451805830002,0.7341811656951904,0.017210086807608604,0.836180567741394,0.0,523.0,99,2,368,0,0,0,100,100,0
165,660,594,106,594,2,right+A,0.02507621794939041,0.17876115441322327,0.04647943377494812,0.7324638962745667,0.01721932925283909,0.8408206701278687,-1.0,522.0,100,2,367,0,0,0,100,100,0
166,664,594,89,594,3,right+B,0.025211747735738754,0.18219412863254547,0.047676943242549896,0.7272156476974487,0.01770150102674961,0.8511561155319214,0.0,522.0,101,2,367,0,0,0,100,100,0
167,668,594,79,594,1,right,0.026166018098592758,0.1851891279220581,0.04998895153403282,0.7206280827522278,0.018027830868959427,0.8658917546272278,0.0,522.0,102,2,367,0,0,0,100,100,0
168,672,594,79,594,3,right+B,0.024646354839205742,0.17803916335105896,0.04554873704910278,0.7351102232933044,0.01665556989610195,0.8336426615715027,0.0,522.0,103,2,367,0,0,0,100,100,0
169,676,594,79,594,3,right+B,0.026477599516510963,0.18690864741802216,0.04921561852097511,0.7194545865058899,0.01794362999498844,0.8668701648712158,0.0,522.0,104,2,367,0,0,0,100,100,0
170,680,594,79,594,3,right+B,0.025346005335450172,0.18507613241672516,0.04798198863863945,0.7238655686378479,0.017730336636304855,0.8565032482147217,-1.0,521.0,105,2,366,0,0,0,100,100,0
171,684,594,79,594,3,right+B,0.026326384395360947,0.19322265684604645,0.05067518725991249,0.7109986543655396,0.01877707429230213,0.881676435470581,0.0,521.0,106,2,366,0,0,0,100,100,0
172,688,594,79,594,3,right+B,0.02583974041044712,0.1914336085319519,0.04982059821486473,0.7146972417831421,0.01820877194404602,0.8733807802200317,0.0,521.0,107,2,366,0,0,0,100,100,0
173,692,594,93,594,2,right+A,0.026680631563067436,0.19466549158096313,0.051162853837013245,0.7085862159729004,0.018904754891991615,0.8864613175392151,0.0,521.0,108,2,366,0,0,0,100,100,0
174,696,594,108,594,3,right+B,0.025627588853240013,0.18967273831367493,0.04884131997823715,0.7174658179283142,0.018392564728856087,0.8683981895446777,0.0,521.0,109,2,366,0,0,0,100,100,0
175,700,594,112,594,3,right+B,0.02472907118499279,0.18550017476081848,0.04714091122150421,0.724703848361969,0.01792597584426403,0.8534396886825562,-1.0,520.0,110,2,365,0,0,0,100,100,0
176,704,594,106,594,3,right+B,0.024934478104114532,0.18284791707992554,0.047160737216472626,0.7271811366081238,0.017875708639621735,0.8503633141517639,0.0,520.0,111,2,365,0,0,0,100,100,0
177,708,594,89,594,3,right+B,0.023916544392704964,0.1787746101617813,0.04496820643544197,0.7351714372634888,0.01716921664774418,0.8325141668319702,0.0,520.0,112,2,365,0,0,0,100,100,0
178,712,594,79,594,3,right+B,0.023932162672281265,0.1755760759115219,0.04472464323043823,0.7393683791160583,0.016398800536990166,0.8244110345840454,0.0,520.0,113,2,365,0,0,0,100,100,0
179,716,594,79,594,3,right+B,0.022685060277581215,0.16940690577030182,0.041613660752773285,0.7511350512504578,0.015159289352595806,0.7974205017089844,0.0,520.0,114,2,365,0,0,0,100,100,0
180,720,594,79,594,3,right+B,0.022446446120738983,0.16800187528133392,0.0410953164100647,0.7534143924713135,0.015042015351355076,0.7925213575363159,-1.0,519.0,115,2,364,0,0,0,100,100,0
181,724,594,79,594,3,right+B,0.024630513042211533,0.1787807196378708,0.04617147147655487,0.7329832315444946,0.01743410713970661,0.8392940163612366,0.0,519.0,116,2,364,0,0,0,100,100,0
182,728,594,79,594,3,right+B,0.025189723819494247,0.1815830022096634,0.04705202952027321,0.7284818291664124,0.01769345812499523,0.8484971523284912,0.0,519.0,117,2,364,0,0,0,100,100,0
183,732,594,79,594,1,right,0.024216178804636,0.17786905169487,0.04415813088417053,0.7372876405715942,0.01646898128092289,0.827336847782135,0.0,519.0,118,2,364,0,0,0,100,100,0
184,736,594,79,594,3,right+B,0.024225350469350815,0.1780826300382614,0.044315584003925323,0.7366782426834106,0.016698220744729042,0.828984260559082,0.0,519.0,119,2,364,0,0,0,100,100,0
185,740,594,79,594,3,right+B,0.02380640245974064,0.17722472548484802,0.042707450687885284,0.7400128841400146,0.01624850556254387,0.8200634717941284,-1.0,518.0,120,2,363,0,0,0,100,100,0
186,744,594,79,594,3,right+B,0.022610705345869064,0.1697702556848526,0.04078996181488037,0.7513939738273621,0.01543510239571333,0.7963836193084717,0.0,518.0,121,2,363,0,0,0,100,100,0
187,748,594,79,594,1,right,0.022998536005616188,0.17032775282859802,0.041617799550294876,0.7493054866790771,0.01575041003525257,0.8021898865699768,0.0,518.0,122,2,363,0,0,0,100,100,0
188,752,594,79,594,3,right+B,0.02407158724963665,0.1777576059103012,0.045010484755039215,0.7363873720169067,0.016773037612438202,0.8302278518676758,0.0,518.0,123,2,363,0,0,0,100,100,0
189,756,594,79,594,3,right+B,0.024477416649460793,0.17987658083438873,0.044732123613357544,0.7340230345726013,0.016890881583094597,0.8342744708061218,0.0,518.0,124,2,363,0,0,0,100,100,0
190,760,594,79,594,3,right+B,0.022740576416254044,0.17022617161273956,0.04096502065658569,0.7505722045898438,0.015496013686060905,0.7982614040374756,-1.0,517.0,125,2,362,0,0,0,100,100,0
191,764,594,79,594,3,right+B,0.022847916930913925,0.17020699381828308,0.04172276332974434,0.7495948076248169,0.015627535060048103,0.8013139963150024,0.0,517.0,126,2,362,0,0,0,100,100,0
192,768,594,79,594,3,right+B,0.023939630016684532,0.17756392061710358,0.044606227427721024,0.7376019358634949,0.01628829538822174,0.8265278339385986,0.0,517.0,127,2,362,0,0,0,100,100,0
193,772,594,79,594,3,right+B,0.02495151199400425,0.1841050088405609,0.04654404893517494,0.7272135615348816,0.017185771837830544,0.8478906750679016,0.0,517.0,128,2,362,0,0,0,100,100,0
194,776,594,79,594,3,right+B,0.02617025375366211,0.19109031558036804,0.04988689720630646,0.7145600318908691,0.018292495980858803,0.8745071887969971,0.0,517.0,129,2,362,0,0,0,100,100,0
195,780,594,79,594,3,right+B,0.027270758524537086,0.1968556046485901,0.053125180304050446,0.7035185098648071,0.01922992803156376,0.8974849581718445,-1.0,516.0,130,2,361,0,0,0,100,100,0
196,784,594,79,594,1,right,0.027787331491708755,0.19625630974769592,0.05400081351399422,0.7022671699523926,0.019688433036208153,0.9022939205169678,0.0,516.0,131,2,361,0,0,0,100,100,0
197,788,594,79,594,1,right,0.02660435065627098,0.1899653524160385,0.051234982907772064,0.7135193347930908,0.01867593638598919,0.8794229030609131,0.0,516.0,132,2,361,0,0,0,100,100,0
198,792,594,79,594,1,right,0.026408761739730835,0.18983691930770874,0.05068740248680115,0.7148986458778381,0.018168218433856964,0.8753059506416321,0.0,516.0,133,2,361,0,0,0,100,100,0
199,796,594,79,594,3,right+B,0.025816181674599648,0.18519650399684906,0.048526581376791,0.7228801846504211,0.01758049800992012,0.8591567277908325,0.0,516.0,134,2,361,0,0,0,100,100,0
200,800,594,79,594,3,right+B,0.02548231929540634,0.18228720128536224,0.04758131131529808,0.7272512316703796,0.01739797368645668,0.8508020639419556,-1.0,515.0,135,2,360,0,0,0,100,100,0
201,804,594,79,594,3,right+B,0.0253053717315197,0.18012653291225433,0.04621976241469383,0.7311070561408997,0.017241250723600388,0.8428776860237122,0.0,515.0,136,2,360,0,0,0,100,100,0
202,808,594,79,594,3,right+B,0.023965725675225258,0.17441999912261963,0.04290498420596123,0.7426351308822632,0.0160741675645113,0.8164712190628052,0.0,515.0,137,2,360,0,0,0,100,100,0
203,812,594,79,594,1,right,0.023898884654045105,0.1743042767047882,0.04341689497232437,0.742297887802124,0.016082070767879486,0.8175606727600098,0.0,515.0,138,2,360,0,0,0,100,100,0
204,816,594,79,594,3,right+B,0.02320784702897072,0.1697738766670227,0.04230094328522682,0.7489433288574219,0.015773985534906387,0.8041566610336304,0.0,515.0,139,2,360,0,0,0,100,100,0
205,820,594,93,594,4,right+A+B,0.022601526230573654,0.16745181381702423,0.041779596358537674,0.7525941729545593,0.015572883188724518,0.7962920665740967,-1.0,514.0,140,2,359,0,0,0,100,100,0
206,824,594,108,594,3,right+B,0.02351570315659046,0.17389211058616638,0.04344983026385307,0.7425957322120667,0.016546593979001045,0.8175100684165955,0.0,514.0,141,2,359,0,0,0,100,100,0
207,828,594,112,594,3,right+B,0.023815013468265533,0.17605793476104736,0.04326380044221878,0.7399700880050659,0.016893170773983,0.822454035282135,0.0,514.0,142,2,359,0,0,0,100,100,0
208,832,594,106,594,1,right,0.023640019819140434,0.17253205180168152,0.04327935725450516,0.7439615726470947,0.01658698543906212,0.8156273365020752,0.0,514.0,143,2,359,0,0,0,100,100,0
209,836,594,89,594,3,right+B,0.023719124495983124,0.1746486872434616,0.043920230120420456,0.7406010627746582,0.017110977321863174,0.822775661945343,0.0,514.0,144,2,359,0,0,0,100,100,0
210,840,594,79,594,3,right+B,0.02343009226024151,0.1702641248703003,0.043339453637599945,0.7464824318885803,0.016483910381793976,0.8113473653793335,-1.0,513.0,145,2,358,0,0,0,100,100,0
211,844,594,79,594,3,right+B,0.022194819524884224,0.16464658081531525,0.03985993564128876,0.7580568790435791,0.015241824090480804,0.7837212085723877,0.0,513.0,146,2,358,0,0,0,100,100,0
212,848,594,79,594,3,right+B,0.022554699331521988,0.16562999784946442,0.04013385251164436,0.7564687132835388,0.015212724916636944,0.7871783375740051,0.0,513.0,147,2,358,0,0,0,100,100,0
213,852,594,79,594,3,right+B,0.022697582840919495,0.16698631644248962,0.04145127907395363,0.7529042959213257,0.015960562974214554,0.7964762449264526,0.0,513.0,148,2,358,0,0,0,100,100,0
214,856,594,79,594,1,right,0.022859973832964897,0.16874858736991882,0.042127251625061035,0.7503335475921631,0.015930630266666412,0.8015238046646118,0.0,513.0,149,2,358,0,0,0,100,100,0
215,860,594,79,594,3,right+B,0.02242106944322586,0.16650480031967163,0.04059367626905441,0.7552486658096313,0.01523185707628727,0.7894562482833862,-1.0,512.0,150,2,357,0,0,0,100,100,0
216,864,594,79,594,3,right+B,0.022591454908251762,0.16814970970153809,0.041529495269060135,0.7521795630455017,0.015549791045486927,0.7964905500411987,0.0,512.0,151,2,357,0,0,0,100,100,0
217,868,594,79,594,3,right+B,0.02257557399570942,0.16805094480514526,0.04117351397871971,0.7526029944419861,0.01559690572321415,0.7954367995262146,0.0,512.0,152,2,357,0,0,0,100,100,0
218,872,594,79,594,3,right+B,0.02207021974027157,0.165204718708992,0.04049964249134064,0.756966233253479,0.015259204432368279,0.7860784530639648,0.0,512.0,153,2,357,0,0,0,100,100,0
219,876,594,79,594,1,right,0.022306092083454132,0.1657188981771469,0.04042726382613182,0.7562121152877808,0.01533563807606697,0.7877788543701172,0.0,512.0,154,2,357,0,0,0,100,100,0
220,880,594,79,594,3,right+B,0.023193243891000748,0.16965925693511963,0.04220043122768402,0.7488327622413635,0.01611427031457424,0.8049566745758057,-1.0,511.0,155,2,356,0,0,0,100,100,0
221,884,594,79,594,1,right,0.023082107305526733,0.16887547075748444,0.041689690202474594,0.7503070831298828,0.016045641154050827,0.8016677498817444,0.0,511.0,156,2,356,0,0,0,100,100,0
222,888,594,79,594,3,right+B,0.02323880046606064,0.16911625862121582,0.04177195578813553,0.7497308850288391,0.01614205911755562,0.8031796216964722,0.0,511.0,157,2,356,0,0,0,100,100,0
223,892,594,93,594,2,right+A,0.023536086082458496,0.1715395599603653,0.042233362793922424,0.746484637260437,0.016206294298171997,0.8093708753585815,0.0,511.0,158,2,356,0,0,0,100,100,0
224,896,594,108,594,3,right+B,0.024234868586063385,0.1757829785346985,0.04372425749897957,0.7393755912780762,0.01688234880566597,0.8247618675231934,0.0,511.0,159,2,356,0,0,0,100,100,0
225,900,594,112,594,3,right+B,0.024166395887732506,0.17514050006866455,0.04351963847875595,0.7403561472892761,0.016817348077893257,0.8227779865264893,-1.0,510.0,160,2,355,0,0,0,100,100,0
226,904,594,106,594,3,right+B,0.024982687085866928,0.1775391399860382,0.04635040462017059,0.7340089678764343,0.017118828371167183,0.8380424380302429,0.0,510.0,161,2,355,0,0,0,100,100,0
227,908,594,89,594,3,right+B,0.024748725816607475,0.17878912389278412,0.045991308987140656,0.7333912253379822,0.01707962527871132,0.8378792405128479,0.0,510.0,162,2,355,0,0,0,100,100,0
228,912,594,79,594,1,right,0.024786850437521935,0.17547141015529633,0.04518021643161774,0.7378987669944763,0.016662796959280968,0.8294550776481628,0.0,510.0,163,2,355,0,0,0,100,100,0
229,916,594,79,594,1,right,0.02434438467025757,0.17363181710243225,0.04419580101966858,0.7415332794189453,0.01629466563463211,0.8211289048194885,0.0,510.0,164,2,355,0,0,0,100,100,0
230,920,594,79,594,1,right,0.02423606440424919,0.17339348793029785,0.04433723911643028,0.7417404651641846,0.016292691230773926,0.8208034634590149,-1.0,509.0,165,2,354,0,0,0,100,100,0
231,924,594,79,594,1,right,0.025387242436408997,0.18150928616523743,0.04740215465426445,0.7280524373054504,0.017648832872509956,0.8498504757881165,0.0,509.0,166,2,354,0,0,0,100,100,0
232,928,594,79,594,3,right+B,0.025209076702594757,0.18131119012832642,0.04677051678299904,0.7293528318405151,0.017356352880597115,0.84615558385849,0.0,509.0,167,2,354,0,0,0,100,100,0
233,932,594,79,594,3,right+B,0.02629965730011463,0.1866431087255478,0.047997262328863144,0.7211052775382996,0.017954736948013306,0.862679660320282,0.0,509.0,168,2,354,0,0,0,100,100,0
234,936,594,79,594,3,right+B,0.02728876657783985,0.19313612580299377,0.051438700407743454,0.7091302275657654,0.019006142392754555,0.887557864189148,0.0,509.0,169,2,354,0,0,0,100,100,0
235,940,594,79,594,3,right+B,0.026598632335662842,0.19213661551475525,0.05049269273877144,0.7119898200035095,0.018782272934913635,0.8806901574134827,-1.0,508.0,170,2,353,0,0,0,100,100,0
236,944,594,79,594,3,right+B,0.025816284120082855,0.19196778535842896,0.0500006228685379,0.7138720750808716,0.018343230709433556,0.8749773502349854,0.0,508.0,171,2,353,0,0,0,100,100,0
237,948,594,79,594,3,right+B,0.026075806468725204,0.19230645895004272,0.05018298700451851,0.7131586670875549,0.018276091665029526,0.8765203952789307,0.0,508.0,172,2,353,0,0,0,100,100,0
238,952,594,79,594,3,right+B,0.02663763053715229,0.1939571052789688,0.05095788091421127,0.7097837924957275,0.018663564696907997,0.8839879631996155,0.0,508.0,173,2,353,0,0,0,100,100,0
239,956,594,79,594,3,right+B,0.024202920496463776,0.18111535906791687,0.04532597213983536,0.7325153946876526,0.016840387135744095,0.8365428447723389,0.0,508.0,174,2,353,0,0,0,100,100,0
240,960,594,79,594,3,right+B,0.023728692904114723,0.17744755744934082,0.04433479905128479,0.7379645705223083,0.016524359583854675,0.8257739543914795,-1.0,507.0,175,2,352,0,0,0,100,100,0
241,964,594,79,594,3,right+B,0.02389444038271904,0.1783924400806427,0.04407103359699249,0.7370074987411499,0.01663464494049549,0.8273626565933228,0.0,507.0,176,2,352,0,0,0,100,100,0
242,968,594,79,594,3,right+B,0.023168442770838737,0.17349481582641602,0.04274182766675949,0.7446145415306091,0.015980318188667297,0.8115493059158325,0.0,507.0,177,2,352,0,0,0,100,100,0
243,972,594,79,594,1,right,0.023701414465904236,0.17589040100574493,0.043886784464120865,0.7403275966644287,0.01619383692741394,0.8209291100502014,0.0,507.0,178,2,352,0,0,0,100,100,0
244,976,594,79,594,3,right+B,0.022206418216228485,0.1684221625328064,0.04027804359793663,0.7539933919906616,0.015099924057722092,0.7901478409767151,0.0,507.0,179,2,352,0,0,0,100,100,0
245,980,594,79,594,3,right+B,0.023774029687047005,0.1744128316640854,0.043673884123563766,0.7417325377464294,0.016406694427132607,0.8192580938339233,-1.0,506.0,180,2,351,0,0,0,100,100,0
246,984,594,79,594,3,right+B,0.026120765134692192,0.18536493182182312,0.04832727089524269,0.7218562364578247,0.018330883234739304,0.8626327514648438,0.0,506.0,181,2,351,0,0,0,100,100,0
247,988,594,79,594,3,right+B,0.025190487504005432,0.18275046348571777,0.047221917659044266,0.7271779179573059,0.01765921711921692,0.8504548072814941,0.0,506.0,182,2,351,0,0,0,100,100,0
248,992,594,79,594,3,right+B,0.02490866929292679,0.1807020604610443,0.04501854628324509,0.7325952649116516,0.01677541807293892,0.8372594118118286,0.0,506.0,183,2,351,0,0,0,100,100,0
249,996,594,79,594,1,right,0.02432185783982277,0.17826184630393982,0.04438167065382004,0.7364006638526917,0.0166338998824358,0.8295100927352905,0.0,506.0,184,2,351,0,0,0,100,100,0
250,1000,594,79,594,3,right+B,0.023571481928229332,0.17623548209667206,0.042158130556344986,0.7422787547111511,0.015756163746118546,0.8143768310546875,-1.0,505.0,185,2,350,0,0,0,100,100,0
251,1004,594,79,594,3,right+B,0.022676285356283188,0.16908061504364014,0.041061680763959885,0.7519146800041199,0.01526674535125494,0.7957214713096619,0.0,505.0,186,2,350,0,0,0,100,100,0
252,1008,594,79,594,3,right+B,0.023300765082240105,0.17243513464927673,0.04332313686609268,0.7449935078620911,0.015947528183460236,0.8119925260543823,0.0,505.0,187,2,350,0,0,0,100,100,0
253,1012,594,79,594,3,right+B,0.024695979431271553,0.18211905658245087,0.04577673599123955,0.7304468750953674,0.016961360350251198,0.8413240313529968,0.0,505.0,188,2,350,0,0,0,100,100,0
254,1016,594,93,594,2,right+A,0.02307233214378357,0.17272454500198364,0.0415942408144474,0.7467644214630127,0.015844425186514854,0.8062711954116821,0.0,505.0,189,2,350,0,0,0,100,100,0
255,1020,594,109,594,2,right+A,0.023057399317622185,0.17237380146980286,0.04222143813967705,0.7461766600608826,0.016170719638466835,0.8087656497955322,-1.0,504.0,190,2,349,0,0,0,100,100,0
256,1024,594,121,594,3,right+B,0.02402234636247158,0.1783263385295868,0.04466816782951355,0.7360305786132812,0.016952592879533768,0.8305867314338684,0.0,504.0,191,2,349,0,0,0,100,100,0
257,1028,595,122,595,3,right+B,0.025464851409196854,0.18627145886421204,0.04918200150132179,0.7207876443862915,0.018294092267751694,0.8638452887535095,1.0,505.0,0,2,349,0,0,0,100,100,0
258,1032,594,113,595,3,right+B,0.02640490233898163,0.19318872690200806,0.050871461629867554,0.7105727791786194,0.0189620740711689,0.8830801248550415,0.0,505.0,1,2,349,0,0,0,100,100,0
259,1036,594,94,595,3,right+B,0.02799506112933159,0.1989351212978363,0.05448099225759506,0.6987810134887695,0.019807811826467514,0.9080085158348083,0.0,505.0,2,2,349,0,0,0,100,100,0
260,1040,594,79,595,3,right+B,0.02672860585153103,0.1923569142818451,0.05200307071208954,0.7097246050834656,0.019186723977327347,0.8868421912193298,-1.0,504.0,3,2,348,0,0,0,100,100,0
261,1044,594,79,595,3,right+B,0.027504101395606995,0.1942175328731537,0.05342315882444382,0.7056189775466919,0.019236203283071518,0.8956531286239624,0.0,504.0,4,2,348,0,0,0,100,100,0
262,1048,594,79,595,1,right,0.02588748373091221,0.18757082521915436,0.0501030758023262,0.7185930609703064,0.017845576629042625,0.8678159117698669,0.0,504.0,5,2,348,0,0,0,100,100,0
263,1052,594,79,595,3,right+B,0.0254139993339777,0.1854443997144699,0.04870987683534622,0.7231060266494751,0.017325691878795624,0.8576967120170593,0.0,504.0,6,2,348,0,0,0,100,100,0
264,1056,594,79,595,1,right,0.0244572926312685,0.17875617742538452,0.046261031180620193,0.733849287033081,0.0166761577129364,0.8360675573348999,0.0,504.0,7,2,348,0,0,0,100,100,0
265,1060,594,79,595,3,right+B,0.024922793731093407,0.18022684752941132,0.0461549274623394,0.7317312955856323,0.016964141279459,0.8405084013938904,-1.0,503.0,8,2,347,0,0,0,100,100,0
266,1064,594,79,595,3,right+B,0.024243244901299477,0.17633478343486786,0.04383597895503044,0.7390533089637756,0.016532717272639275,0.8245730400085449,0.0,503.0,9,2,347,0,0,0,100,100,0
267,1068,594,79,595,3,right+B,0.023660900071263313,0.1736007183790207,0.04274355247616768,0.7438714504241943,0.016123343259096146,0.8139605522155762,0.0,503.0,10,2,347,0,0,0,100,100,0
268,1072,594,79,595,3,right+B,0.02389620989561081,0.17372296750545502,0.04348381236195564,0.7424415349960327,0.01645546965301037,0.8183245658874512,0.0,503.0,11,2,347,0,0,0,100,100,0
269,1076,594,79,595,3,right+B,0.023172585293650627,0.1695261299610138,0.0425678975880146,0.7487758994102478,0.015957467257976532,0.8051398396492004,0.0,503.0,12,2,347,0,0,0,100,100,0
270,1080,594,79,595,3,right+B,0.023482784628868103,0.17246903479099274,0.04326866939663887,0.7442837953567505,0.016495689749717712,0.8146145939826965,-1.0,502.0,13,2,346,0,0,0,100,100,0
271,1084,594,93,595,2,right+A,0.023775257170200348,0.1741447150707245,0.04292900860309601,0.7424951791763306,0.016655808314681053,0.8177051544189453,0.0,502.0,14,2,346,0,0,0,100,100,0
272,1088,594,108,595,3,right+B,0.02388961799442768,0.174827441573143,0.04374980553984642,0.7406233549118042,0.016909854486584663,0.8223792314529419,0.0,502.0,15,2,346,0,0,0,100,100,0
273,1092,594,112,595,1,right,0.023767422884702682,0.17469961941242218,0.04363323375582695,0.7409772872924805,0.01692252792418003,0.821492612361908,0.0,502.0,16,2,346,0,0,0,100,100,0
274,1096,594,106,595,1,right,0.02355794608592987,0.17245373129844666,0.044331759214401245,0.7429534792900085,0.016703078523278236,0.8186507821083069,0.0,502.0,17,2,346,0,0,0,100,100,0
275,1100,594,89,595,3,right+B,0.022738952189683914,0.17080417275428772,0.042874883860349655,0.7472299933433533,0.016352007165551186,0.8079135417938232,-1.0,501.0,18,2,345,0,0,0,100,100,0
276,1104,594,79,595,1,right,0.022434039041399956,0.16575883328914642,0.04136056452989578,0.7550032138824463,0.015443442389369011,0.7914313673973083,0.0,501.0,19,2,345,0,0,0,100,100,0
277,1108,594,79,595,3,right+B,0.022031502798199654,0.16405761241912842,0.040025416761636734,0.7587668895721436,0.01511858869343996,0.7822482585906982,0.0,501.0,20,2,345,0,0,0,100,100,0
278,1112,594,79,595,3,right+B,0.022232750430703163,0.1649785190820694,0.040673933923244476,0.75678950548172,0.015325283631682396,0.7870756387710571,0.0,501.0,21,2,345,0,0,0,100,100,0
279,1116,594,79,595,3,right+B,0.022087812423706055,0.1652473658323288,0.04050332307815552,0.7565781474113464,0.015583326108753681,0.7874782681465149,0.0,501.0,22,2,345,0,0,0,100,100,0
280,1120,594,79,595,3,right+B,0.02237255871295929,0.16744983196258545,0.04106121137738228,0.7534641027450562,0.015652308240532875,0.7937093377113342,-1.0,500.0,23,2,344,0,0,0,100,100,0
281,1124,594,79,595,3,right+B,0.0227022934705019,0.16823706030845642,0.041348591446876526,0.7519437074661255,0.015768345445394516,0.7973313927650452,0.0,500.0,24,2,344,0,0,0,100,100,0
282,1128,594,79,595,3,right+B,0.022810347378253937,0.1690765768289566,0.04191605746746063,0.750224232673645,0.015972800552845,0.8013932108879089,0.0,500.0,25,2,344,0,0,0,100,100,0
283,1132,594,79,595,3,right+B,0.022504225373268127,0.16775240004062653,0.04129807651042938,0.7526236176490784,0.015821749344468117,0.7959704995155334,0.0,500.0,26,2,344,0,0,0,100,100,0
284,1136,594,79,595,3,right+B,0.022823207080364227,0.1684887856245041,0.041810043156147,0.7508577108383179,0.016020305454730988,0.800437867641449,0.0,500.0,27,2,344,0,0,0,100,100,0
285,1140,594,79,595,3,right+B,0.022842133417725563,0.16782554984092712,0.04140080139040947,0.7521541118621826,0.01577737368643284,0.7973901629447937,-1.0,499.0,28,2,343,0,0,0,100,100,0
286,1144,594,79,595,3,right+B,0.023404045030474663,0.17081132531166077,0.042969781905412674,0.7465046048164368,0.016310270875692368,0.8103481531143188,0.0,499.0,29,2,343,0,0,0,100,100,0
287,1148,594,79,595,1,right,0.02306375280022621,0.16999591886997223,0.04171008989214897,0.7493162155151367,0.01591404154896736,0.8028228878974915,0.0,499.0,30,2,343,0,0,0,100,100,0
288,1152,594,79,595,3,right+B,0.02305508591234684,0.17006897926330566,0.0416848286986351,0.7493365406990051,0.01585458405315876,0.8025989532470703,0.0,499.0,31,2,343,0,0,0,100,100,0
289,1156,594,79,595,3,right+B,0.02283286675810814,0.16837933659553528,0.041193608194589615,0.7519803643226624,0.015613807365298271,0.7969533205032349,0.0,499.0,32,2,343,0,0,0,100,100,0
290,1160,594,79,595,3,right+B,0.023885047063231468,0.1730104386806488,0.04346003755927086,0.7431697845458984,0.016474628821015358,0.8172550201416016,-1.0,498.0,33,2,342,0,0,0,100,100,0
291,1164,594,79,595,1,right,0.024623235687613487,0.17652490735054016,0.04513230919837952,0.7367429733276367,0.016976572573184967,0.8314610719680786,0.0,498.0,34,2,342,0,0,0,100,100,0
292,1168,594,79,595,3,right+B,0.024165157228708267,0.17400264739990234,0.04354420676827431,0.7419136166572571,0.016374344006180763,0.8195152878761292,0.0,498.0,35,2,342,0,0,0,100,100,0
293,1172,594,79,595,3,right+B,0.024669529870152473,0.17579123377799988,0.0444740429520607,0.7383818030357361,0.016683438792824745,0.8276159763336182,0.0,498.0,36,2,342,0,0,0,100,100,0
294,1176,594,79,595,3,right+B,0.024516552686691284,0.17619705200195312,0.044842127710580826,0.7376300692558289,0.01681419089436531,0.829204797744751,0.0,498.0,37,2,342,0,0,0,100,100,0
295,1180,594,79,595,1,right,0.025159474462270737,0.1803886741399765,0.046867676079273224,0.7300512194633484,0.017532953992486,0.8456276655197144,-1.0,497.0,38,2,341,0,0,0,100,100,0
296,1184,594,79,595,3,right+B,0.02543674036860466,0.1826023906469345,0.04742423817515373,0.7270066142082214,0.01752999611198902,0.8511489629745483,0.0,497.0,39,2,341,0,0,0,100,100,0
297,1188,594,79,595,3,right+B,0.025613151490688324,0.18398234248161316,0.04736201465129852,0.7255015969276428,0.017540866509079933,0.8535102605819702,0.0,497.0,40,2,341,0,0,0,100,100,0
298,1192,594,79,595,3,right+B,0.027275286614894867,0.1924787163734436,0.0511796697974205,0.7102054357528687,0.018860844895243645,0.8854502439498901,0.0,497.0,41,2,341,0,0,0,100,100,0
299,1196,594,79,595,3,right+B,0.026132559403777122,0.18996109068393707,0.049966756254434586,0.7158056497573853,0.018133943900465965,0.8725191950798035,0.0,497.0,42,2,341,0,0,0,100,100,0
300,1200,594,79,595,3,right+B,0.025370370596647263,0.18922466039657593,0.04933883622288704,0.718314528465271,0.017751557752490044,0.8659171462059021,-1.0,496.0,43,2,340,0,0,0,100,100,0
301,1204,594,79,595,3,right+B,0.025467561557888985,0.19124102592468262,0.04996591806411743,0.7153105139732361,0.01801498793065548,0.8715628981590271,0.0,496.0,44,2,340,0,0,0,100,100,0
302,1208,594,79,595,3,right+B,0.026229502633213997,0.1918710321187973,0.050233181565999985,0.7131143808364868,0.018551962450146675,0.8775993585586548,0.0,496.0,45,2,340,0,0,0,100,100,0
303,1212,594,79,595,3,right+B,0.024547303095459938,0.1828027069568634,0.046219028532505035,0.7290822267532349,0.017348704859614372,0.8444430828094482,0.0,496.0,46,2,340,0,0,0,100,100,0
304,1216,594,79,595,3,right+B,0.025059593841433525,0.18609794974327087,0.04772775247693062,0.7231920957565308,0.017922652885317802,0.8569536805152893,0.0,496.0,47,2,340,0,0,0,100,100,0
305,1220,594,79,595,3,right+B,0.024894587695598602,0.18359139561653137,0.04687344282865524,0.7267770767211914,0.01786343939602375,0.8504211902618408,-1.0,495.0,48,2,339,0,0,0,100,100,0
306,1224,594,79,595,3,right+B,0.023074503988027573,0.1731005758047104,0.04271190986037254,0.7449052333831787,0.01620778627693653,0.8114349842071533,0.0,495.0,49,2,339,0,0,0,100,100,0
307,1228,594,79,595,3,right+B,0.023288697004318237,0.17315596342086792,0.04266492277383804,0.7449821829795837,0.01590825989842415,0.8109754323959351,0.0,495.0,50,2,339,0,0,0,100,100,0
308,1232,594,79,595,3,right+B,0.023205701261758804,0.1730331927537918,0.04225018247961998,0.7458240985870361,0.0156867653131485,0.8084662556648254,0.0,495.0,51,2,339,0,0,0,100,100,0
309,1236,594,79,595,0,NOOP,0.023054398596286774,0.171438068151474,0.04189540818333626,0.7478554844856262,0.01575668714940548,0.8048499822616577,0.0,495.0,52,2,339,0,0,0,100,100,0
310,1240,594,79,595,3,right+B,0.025090331211686134,0.1808100938796997,0.04689657688140869,0.7297239303588867,0.017479021102190018,0.845861554145813,-1.0,494.0,53,2,338,0,0,0,100,100,0
311,1244,594,79,595,3,right+B,0.025272022932767868,0.18249039351940155,0.04733151197433472,0.7274949550628662,0.017411159351468086,0.8497446775436401,0.0,494.0,54,2,338,0,0,0,100,100,0
312,1248,594,93,595,2,right+A,0.024498295038938522,0.17913828790187836,0.044687699526548386,0.7352358102798462,0.0164400152862072,0.8314738273620605,0.0,494.0,55,2,338,0,0,0,100,100,0
313,1252,594,108,595,3,right+B,0.02438173070549965,0.1798228621482849,0.04494278132915497,0.7340115904808044,0.016841087490320206,0.8342745304107666,0.0,494.0,56,2,338,0,0,0,100,100,0
314,1256,594,112,595,3,right+B,0.02403823658823967,0.18041491508483887,0.04375211149454117,0.7351589202880859,0.01663588359951973,0.8298159837722778,0.0,494.0,57,2,338,0,0,0,100,100,0
315,1260,594,106,595,3,right+B,0.023535318672657013,0.17572061717510223,0.04302898794412613,0.741645097732544,0.016070028766989708,0.8172057271003723,-1.0,493.0,58,2,337,0,0,0,100,100,0
316,1264,594,89,595,1,right,0.023550886660814285,0.17489390075206757,0.04391670227050781,0.7409774661064148,0.01666107401251793,0.8208391666412354,0.0,493.0,59,2,337,0,0,0,100,100,0
317,1268,594,79,595,3,right+B,0.024617932736873627,0.17911970615386963,0.04618021473288536,0.7329537272453308,0.01712842285633087,0.8386079668998718,0.0,493.0,60,2,337,0,0,0,100,100,0
318,1272,594,79,595,1,right,0.023744748905301094,0.17490412294864655,0.04259529337286949,0.7426102161407471,0.01614568568766117,0.8158020973205566,0.0,493.0,61,2,337,0,0,0,100,100,0
319,1276,594,79,595,3,right+B,0.023414835333824158,0.1729552298784256,0.041695792227983475,0.746023952960968,0.015910141170024872,0.8083429932594299,0.0,493.0,62,2,337,0,0,0,100,100,0
320,1280,594,79,595,1,right,0.022963223978877068,0.17031531035900116,0.041627489030361176,0.7491722702980042,0.015921693295240402,0.8027371168136597,-1.0,492.0,63,2,336,0,0,0,100,100,0
321,1284,594,79,595,3,right+B,0.024294521659612656,0.17790161073207855,0.04491368308663368,0.7362530827522278,0.016637098044157028,0.8304088115692139,0.0,492.0,64,2,336,0,0,0,100,100,0
322,1288,594,79,595,3,right+B,0.025772420689463615,0.18753944337368011,0.048259250819683075,0.720917284488678,0.017511574551463127,0.8612050414085388,0.0,492.0,65,2,336,0,0,0,100,100,0
323,1292,594,79,595,3,right+B,0.02725175954401493,0.19621874392032623,0.05206069350242615,0.7056096792221069,0.018859125673770905,0.8925089836120605,0.0,492.0,66,2,336,0,0,0,100,100,0
324,1296,594,79,595,3,right+B,0.026897244155406952,0.1942095309495926,0.05206909030675888,0.7080511450767517,0.018772972747683525,0.8884766697883606,0.0,492.0,67,2,336,0,0,0,100,100,0
325,1300,594,79,595,3,right+B,0.027395756915211678,0.19552329182624817,0.053157318383455276,0.7047420740127563,0.019181646406650543,0.8960976600646973,-1.0,491.0,68,2,335,0,0,0,100,100,0
326,1304,594,79,595,1,right,0.0265218373388052,0.19020088016986847,0.05129360407590866,0.7135513424873352,0.01843232661485672,0.8787282705307007,0.0,491.0,69,2,335,0,0,0,100,100,0
327,1308,594,93,595,4,right+A+B,0.02562836743891239,0.1867407113313675,0.049412619322538376,0.7205822467803955,0.017635995522141457,0.863214373588562,0.0,491.0,70,2,335,0,0,0,100,100,0
328,1312,594,108,595,3,right+B,0.02565469779074192,0.18684418499469757,0.04859324172139168,0.7212152481079102,0.01769266091287136,0.8614493608474731,0.0,491.0,71,2,335,0,0,0,100,100,0
329,1316,594,112,595,3,right+B,0.025985604152083397,0.18630625307559967,0.04869237542152405,0.7209123969078064,0.01810339279472828,0.8636091351509094,0.0,491.0,72,2,335,0,0,0,100,100,0
330,1320,594,106,595,2,right+A,0.02580166421830654,0.18326187133789062,0.04756728932261467,0.7255955934524536,0.017773570492863655,0.8545742034912109,-1.0,490.0,73,2,334,0,0,0,100,100,0
331,1324,594,89,595,3,right+B,0.02450842596590519,0.17889730632305145,0.04468477889895439,0.7348602414131165,0.017049290239810944,0.8334639072418213,0.0,490.0,74,2,334,0,0,0,100,100,0
332,1328,594,79,595,3,right+B,0.0248913262039423,0.17748107016086578,0.045393362641334534,0.7353460192680359,0.016888225451111794,0.8341278433799744,0.0,490.0,75,2,334,0,0,0,100,100,0
333,1332,594,79,595,3,right+B,0.023359477519989014,0.1690397560596466,0.04218354821205139,0.7497250437736511,0.015692245215177536,0.8029381632804871,0.0,490.0,76,2,334,0,0,0,100,100,0
334,1336,594,79,595,3,right+B,0.023311445489525795,0.1689365655183792,0.04240722954273224,0.7496889233589172,0.015655778348445892,0.8031198978424072,0.0,490.0,77,2,334,0,0,0,100,100,0
335,1340,594,79,595,3,right+B,0.02344861440360546,0.17224952578544617,0.04242042452096939,0.745678186416626,0.016203347593545914,0.8106362223625183,-1.0,489.0,78,2,333,0,0,0,100,100,0
336,1344,594,79,595,3,right+B,0.023698890581727028,0.1728334128856659,0.04275926947593689,0.7444683313369751,0.01624007150530815,0.813464879989624,0.0,489.0,79,2,333,0,0,0,100,100,0
337,1348,594,79,595,3,right+B,0.02303634211421013,0.16921626031398773,0.041091419756412506,0.7510107159614563,0.01564525067806244,0.7987381219863892,0.0,489.0,80,2,333,0,0,0,100,100,0
338,1352,594,79,595,3,right+B,0.023165611550211906,0.17051470279693604,0.04212498664855957,0.7481465935707092,0.016048112884163857,0.8056572675704956,0.0,489.0,81,2,333,0,0,0,100,100,0
339,1356,594,79,595,3,right+B,0.02292974852025509,0.1692216545343399,0.04201226308941841,0.7497405409812927,0.016095781698822975,0.8027762770652771,0.0,489.0,82,2,333,0,0,0,100,100,0
340,1360,594,79,595,3,right+B,0.02248811163008213,0.1671653538942337,0.04065508022904396,0.754159688949585,0.015531782992184162,0.7920359969139099,-1.0,488.0,83,2,332,0,0,0,100,100,0
341,1364,594,79,595,3,right+B,0.022716471925377846,0.1673027127981186,0.04059077426791191,0.7538965344429016,0.015493504703044891,0.7927073836326599,0.0,488.0,84,2,332,0,0,0,100,100,0
342,1368,594,79,595,3,right+B,0.023120524361729622,0.16956458985805511,0.04226529225707054,0.7489573359489441,0.016092311590909958,0.8046655654907227,0.0,488.0,85,2,332,0,0,0,100,100,0
343,1372,594,93,595,2,right+A,0.02297140285372734,0.16899290680885315,0.041765447705984116,0.7502223253250122,0.0160478837788105,0.8016847372055054,0.0,488.0,86,2,332,0,0,0,100,100,0
344,1376,594,108,595,0,NOOP,0.02270360291004181,0.16875901818275452,0.04181911423802376,0.7507905960083008,0.015927674248814583,0.8000929355621338,0.0,488.0,87,2,332,0,0,0,100,100,0
345,1380,594,112,595,3,right+B,0.02338678017258644,0.1733110398054123,0.04343949630856514,0.7432165741920471,0.016646085307002068,0.8165687322616577,-1.0,487.0,88,2,331,0,0,0,100,100,0
346,1384,594,106,595,3,right+B,0.0234555471688509,0.17142538726329803,0.04355471581220627,0.7452650666236877,0.01629936695098877,0.8130543828010559,0.0,487.0,89,2,331,0,0,0,100,100,0
347,1388,594,89,595,3,right+B,0.023051666095852852,0.17115281522274017,0.042928360402584076,0.7466639280319214,0.016203174367547035,0.8091006278991699,0.0,487.0,90,2,331,0,0,0,100,100,0
348,1392,594,79,595,3,right+B,0.02313951402902603,0.16839197278022766,0.0426437146961689,0.7499393224716187,0.015885502099990845,0.8032755851745605,0.0,487.0,91,2,331,0,0,0,100,100,0
349,1396,594,79,595,3,right+B,0.02224537543952465,0.1640681028366089,0.04007348790764809,0.7585849761962891,0.015028070658445358,0.7828069925308228,0.0,487.0,92,2,331,0,0,0,100,100,0
350,1400,594,79,595,1,right,0.022896315902471542,0.16643059253692627,0.04087424650788307,0.7544094920158386,0.015389434061944485,0.7924436330795288,-1.0,486.0,93,2,330,0,0,0,100,100,0
351,1404,594,93,595,4,right+A+B,0.023021092638373375,0.16875630617141724,0.04126550629734993,0.7509526610374451,0.01600440964102745,0.7998906373977661,0.0,486.0,94,2,330,0,0,0,100,100,0
352,1408,594,108,595,0,NOOP,0.02376921847462654,0.17394064366817474,0.04328770935535431,0.7423632740974426,0.016639044508337975,0.818345308303833,0.0,486.0,95,2,330,0,0,0,100,100,0
353,1412,594,112,595,3,right+B,0.023745877668261528,0.17397050559520721,0.04267621785402298,0.7430859208106995,0.01652146317064762,0.8161189556121826,0.0,486.0,96,2,330,0,0,0,100,100,0
354,1416,594,106,595,3,right+B,0.02426081895828247,0.17428889870643616,0.0442824624478817,0.7403914332389832,0.016776449978351593,0.8238714933395386,0.0,486.0,97,2,330,0,0,0,100,100,0
355,1420,594,89,595,3,right+B,0.024935344234108925,0.1784641146659851,0.04585546255111694,0.7333147525787354,0.017430279403924942,0.8389902710914612,-1.0,485.0,98,2,329,0,0,0,100,100,0
356,1424,594,79,595,3,right+B,0.025201356038451195,0.17735832929611206,0.04622781649231911,0.7339870929718018,0.01722535863518715,0.8385852575302124,0.0,485.0,99,2,329,0,0,0,100,100,0
357,1428,594,93,595,2,right+A,0.02467859722673893,0.1742652952671051,0.04403545334935188,0.740484893321991,0.016535773873329163,0.8236523866653442,0.0,485.0,100,2,329,0,0,0,100,100,0
358,1432,594,108,595,3,right+B,0.024848826229572296,0.1767997294664383,0.045623596757650375,0.735927402973175,0.01680046133697033,0.8333232402801514,0.0,485.0,101,2,329,0,0,0,100,100,0
359,1436,594,112,595,3,right+B,0.024729236960411072,0.17859689891338348,0.045973651111125946,0.7335568070411682,0.017143333330750465,0.8377322554588318,0.0,485.0,102,2,329,0,0,0,100,100,0
360,1440,594,106,595,3,right+B,0.02555984817445278,0.18243959546089172,0.04842955991625786,0.7259989976882935,0.01757187768816948,0.8542251586914062,-1.0,484.0,103,2,328,0,0,0,100,100,0
361,1444,594,89,595,1,right,0.024626580998301506,0.18111898005008698,0.046215057373046875,0.7309651970863342,0.017074167728424072,0.8413327932357788,0.0,484.0,104,2,328,0,0,0,100,100,0
362,1448,594,79,595,3,right+B,0.026327887549996376,0.1873837113380432,0.04904443770647049,0.7191421389579773,0.018101822584867477,0.8671386241912842,0.0,484.0,105,2,328,0,0,0,100,100,0
363,1452,594,79,595,3,right+B,0.026403868570923805,0.18853113055229187,0.04944125935435295,0.7174285650253296,0.01819518394768238,0.8703351616859436,0.0,484.0,106,2,328,0,0,0,100,100,0
364,1456,594,79,595,1,right,0.02554974891245365,0.18613854050636292,0.04821362346410751,0.7225275635719299,0.0175704974681139,0.858664333820343,0.0,484.0,107,2,328,0,0,0,100,100,0
365,1460,594,79,595,3,right+B,0.025456439703702927,0.18962359428405762,0.04917999729514122,0.7174769043922424,0.01826312206685543,0.8681960701942444,-1.0,483.0,108,2,327,0,0,0,100,100,0
366,1464,594,79,595,1,right,0.026426665484905243,0.19310340285301208,0.05108807235956192,0.7105464339256287,0.018835395574569702,0.8831517696380615,0.0,483.0,109,2,327,0,0,0,100,100,0
367,1468,594,79,595,3,right+B,0.026471570134162903,0.1919749677181244,0.04963834211230278,0.7132735848426819,0.018641553819179535,0.8772790431976318,0.0,483.0,110,2,327,0,0,0,100,100,0
368,1472,594,79,595,3,right+B,0.025498608127236366,0.18821804225444794,0.04845517873764038,0.7196863889694214,0.01814170926809311,0.8640636205673218,0.0,483.0,111,2,327,0,0,0,100,100,0
369,1476,594,79,595,3,right+B,0.024690816178917885,0.18207672238349915,0.0465300977230072,0.7292243242263794,0.01747797802090645,0.8452632427215576,0.0,483.0,112,2,327,0,0,0,100,100,0
370,1480,594,93,595,2,right+A,0.023714985698461533,0.1762656420469284,0.04406225308775902,0.7393475770950317,0.01660958305001259,0.8235933780670166,-1.0,482.0,113,2,326,0,0,0,100,100,0
371,1484,594,108,595,1,right,0.023001190274953842,0.17301110923290253,0.043274275958538055,0.744733989238739,0.015979357063770294,0.8117775321006775,0.0,482.0,114,2,326,0,0,0,100,100,0
372,1488,594,112,595,3,right+B,0.02354257181286812,0.17651548981666565,0.0438847690820694,0.7398506999015808,0.01620638556778431,0.8213212490081787,0.0,482.0,115,2,326,0,0,0,100,100,0
373,1492,594,106,595,1,right,0.022648638114333153,0.17125900089740753,0.042123399674892426,0.7485000491142273,0.01546889916062355,0.8027135729789734,0.0,482.0,116,2,326,0,0,0,100,100,0
374,1496,594,89,595,3,right+B,0.02358219400048256,0.17602132260799408,0.044400446116924286,0.7392929196357727,0.016703153029084206,0.8240931630134583,0.0,482.0,117,2,326,0,0,0,100,100,0
375,1500,594,79,595,3,right+B,0.02629084140062332,0.1862495243549347,0.05024297162890434,0.7186351418495178,0.01858142390847206,0.8704507350921631,-1.0,481.0,118,2,325,0,0,0,100,100,0
376,1504,594,93,595,2,right+A,0.024927638471126556,0.18101540207862854,0.04610424116253853,0.7307332754135132,0.017219437286257744,0.8424463868141174,0.0,481.0,119,2,325,0,0,0,100,100,0
377,1508,594,108,595,3,right+B,0.025354860350489616,0.18311846256256104,0.04648531973361969,0.7275991439819336,0.017442211508750916,0.8486863970756531,0.0,481.0,120,2,325,0,0,0,100,100,0
378,1512,594,112,595,3,right+B,0.025427037850022316,0.18504874408245087,0.047314103692770004,0.7240170836448669,0.018193013966083527,0.8566304445266724,0.0,481.0,121,2,325,0,0,0,100,100,0
379,1516,594,106,595,1,right,0.023986628279089928,0.1777193695306778,0.044110409915447235,0.7376835942268372,0.016500040888786316,0.8263224363327026,0.0,481.0,122,2,325,0,0,0,100,100,0
380,1520,594,89,595,3,right+B,0.02322215400636196,0.1734626740217209,0.04282708093523979,0.7441776990890503,0.01631040684878826,0.8131969571113586,-1.0,480.0,123,2,324,0,0,0,100,100,0
381,1524,594,79,595,3,right+B,0.024413863196969032,0.17676806449890137,0.04597859084606171,0.7357667684555054,0.01707274466753006,0.8338130116462708,0.0,480.0,124,2,324,0,0,0,100,100,0
382,1528,594,79,595,1,right,0.024204323068261147,0.17757774889469147,0.04398272559046745,0.7379010319709778,0.016334159299731255,0.825874388217926,0.0,480.0,125,2,324,0,0,0,100,100,0
383,1532,594,79,595,3,right+B,0.023455757647752762,0.17413300275802612,0.04194469377398491,0.7447516918182373,0.015714894980192184,0.8101657629013062,0.0,480.0,126,2,324,0,0,0,100,100,0
384,1536,594,79,595,1,right,0.02198139764368534,0.16581463813781738,0.03990025445818901,0.7571707367897034,0.015133059583604336,0.784438967704773,0.0,480.0,127,2,324,0,0,0,100,100,0
385,1540,594,93,595,2,right+A,0.023081045597791672,0.17202192544937134,0.04224274680018425,0.7469314336776733,0.015722788870334625,0.8066699504852295,-1.0,479.0,128,2,323,0,0,0,100,100,0
386,1544,594,108,595,3,right+B,0.025221683084964752,0.18592223525047302,0.047711875289678574,0.7235425710678101,0.01760159432888031,0.8560264110565186,0.0,479.0,129,2,323,0,0,0,100,100,0
387,1548,594,112,595,3,right+B,0.026534348726272583,0.1937277615070343,0.05095237120985985,0.7098813652992249,0.01890418864786625,0.8842105865478516,0.0,479.0,130,2,323,0,0,0,100,100,0
388,1552,594,106,595,0,NOOP,0.027221545577049255,0.19589780271053314,0.052964311093091965,0.7046127915382385,0.019303536042571068,0.8959510922431946,0.0,479.0,131,2,323,0,0,0,100,100,0
389,1556,594,89,595,3,right+B,0.027600761502981186,0.19769558310508728,0.05401815101504326,0.7008344531059265,0.01985100470483303,0.9041438102722168,0.0,479.0,132,2,323,0,0,0,100,100,0
390,1560,594,79,595,3,right+B,0.02746553346514702,0.19351434707641602,0.05359362065792084,0.7060508728027344,0.01937558874487877,0.8955608010292053,-1.0,478.0,133,2,322,0,0,0,100,100,0
391,1564,594,79,595,3,right+B,0.025124169886112213,0.1831464320421219,0.04835435748100281,0.7260310053825378,0.01734396629035473,0.8526851534843445,0.0,478.0,134,2,322,0,0,0,100,100,0
392,1568,594,79,595,1,right,0.025153208523988724,0.1827981024980545,0.047204453498125076,0.7280471324920654,0.016797056421637535,0.8471199870109558,0.0,478.0,135,2,322,0,0,0,100,100,0
393,1572,594,93,595,4,right+A+B,0.024966955184936523,0.1801452487707138,0.04679613560438156,0.7309224605560303,0.017169203609228134,0.843080997467041,0.0,478.0,136,2,322,0,0,0,100,100,0
394,1576,594,108,595,3,right+B,0.025652077049016953,0.1836613416671753,0.0477820560336113,0.725249707698822,0.0176547858864069,0.8547676205635071,0.0,478.0,137,2,322,0,0,0,100,100,0
395,1580,594,112,595,2,right+A,0.024691225960850716,0.17975299060344696,0.04495089873671532,0.7336670160293579,0.01693781651556492,0.8356153964996338,-1.0,477.0,138,2,321,0,0,0,100,100,0
396,1584,594,106,595,3,right+B,0.02401787042617798,0.17458471655845642,0.04424053058028221,0.7409287095069885,0.016228219494223595,0.8212640285491943,0.0,477.0,139,2,321,0,0,0,100,100,0
397,1588,594,89,595,3,right+B,0.02354777604341507,0.1738574504852295,0.04333285242319107,0.7430418133735657,0.016220103949308395,0.815993070602417,0.0,477.0,140,2,321,0,0,0,100,100,0
398,1592,594,79,595,3,right+B,0.023673484101891518,0.1707129031419754,0.04383086413145065,0.7455987930297852,0.016184041276574135,0.8131005167961121,0.0,477.0,141,2,321,0,0,0,100,100,0
399,1596,594,79,595,3,right+B,0.02320830337703228,0.169629767537117,0.04209074750542641,0.7490808963775635,0.01599028892815113,0.8041732907295227,0.0,477.0,142,2,321,0,0,0,100,100,0
400,1600,594,79,595,3,right+B,0.023732071742415428,0.17170745134353638,0.04226163774728775,0.7462043762207031,0.01609450951218605,0.80994713306427,-1.0,476.0,143,2,320,0,0,0,100,100,0
401,1604,594,79,595,3,right+B,0.023486049845814705,0.17173166573047638,0.04201371595263481,0.7464374899864197,0.016330979764461517,0.8093259334564209,0.0,476.0,144,2,320,0,0,0,100,100,0
402,1608,594,79,595,3,right+B,0.02310830168426037,0.16957798600196838,0.04154345765709877,0.7497967481613159,0.01597355492413044,0.8021047711372375,0.0,476.0,145,2,320,0,0,0,100,100,0
403,1612,594,79,595,3,right+B,0.023107271641492844,0.169138103723526,0.04183899238705635,0.7498409152030945,0.016074789687991142,0.8026900291442871,0.0,476.0,146,2,320,0,0,0,100,100,0
404,1616,594,79,595,3,right+B,0.022961420938372612,0.16952310502529144,0.04182754456996918,0.7496875524520874,0.016000326722860336,0.8024356961250305,0.0,476.0,147,2,320,0,0,0,100,100,0
405,1620,594,79,595,3,right+B,0.022924302145838737,0.16866421699523926,0.041233304888010025,0.751403272151947,0.015774935483932495,0.7984371781349182,-1.0,475.0,148,2,319,0,0,0,100,100,0
406,1624,594,79,595,3,right+B,0.022829405963420868,0.1679355502128601,0.04159224405884743,0.7519542574882507,0.01568853110074997,0.7977216243743896,0.0,475.0,149,2,319,0,0,0,100,100,0
407,1628,594,79,595,0,NOOP,0.02293102629482746,0.1685941517353058,0.041808709502220154,0.7509399652481079,0.01572609506547451,0.799833357334137,0.0,475.0,150,2,319,0,0,0,100,100,0
408,1632,594,79,595,3,right+B,0.02250228263437748,0.1666911393404007,0.04123372957110405,0.7541311383247375,0.015441635623574257,0.7927060723304749,0.0,475.0,151,2,319,0,0,0,100,100,0
409,1636,594,79,595,3,right+B,0.022631380707025528,0.16800764203071594,0.04074188321828842,0.7532246708869934,0.015394461341202259,0.7935246229171753,0.0,475.0,152,2,319,0,0,0,100,100,0
410,1640,594,79,595,3,right+B,0.02313348464667797,0.16940127313137054,0.041654620319604874,0.7500835657119751,0.015727100893855095,0.8013005256652832,-1.0,474.0,153,2,318,0,0,0,100,100,0
411,1644,594,79,595,1,right,0.022567134350538254,0.1672441065311432,0.041133683174848557,0.7534433007240295,0.01561178918927908,0.7941371202468872,0.0,474.0,154,2,318,0,0,0,100,100,0
412,1648,594,79,595,3,right+B,0.023004401475191116,0.16950391232967377,0.04159707576036453,0.7499790787696838,0.015915527939796448,0.8015645146369934,0.0,474.0,155,2,318,0,0,0,100,100,0
413,1652,594,79,595,1,right,0.02290288731455803,0.16807614266872406,0.04109012335538864,0.7522127628326416,0.015718096867203712,0.796846866607666,0.0,474.0,156,2,318,0,0,0,100,100,0
414,1656,594,93,595,2,right+A,0.023358410224318504,0.1703362762928009,0.04204607009887695,0.7481387853622437,0.01612044684588909,0.8061132431030273,0.0,474.0,157,2,318,0,0,0,100,100,0
415,1660,594,108,595,3,right+B,0.024007515981793404,0.17409220337867737,0.04345444217324257,0.741551399230957,0.016894442960619926,0.8208252787590027,-1.0,473.0,158,2,317,0,0,0,100,100,0
416,1664,594,112,595,1,right,0.024130916222929955,0.17603428661823273,0.04389490559697151,0.7388966083526611,0.017043326050043106,0.8258569240570068,0.0,473.0,159,2,317,0,0,0,100,100,0
417,1668,594,106,595,3,right+B,0.02407822012901306,0.17372924089431763,0.04398632049560547,0.7415422201156616,0.016664018854498863,0.8211740851402283,0.0,473.0,160,2,317,0,0,0,100,100,0
418,1672,594,89,595,3,right+B,0.024134589359164238,0.175587460398674,0.0441083200275898,0.739433228969574,0.016736414283514023,0.8246701955795288,0.0,473.0,161,2,317,0,0,0,100,100,0
419,1676,594,79,595,1,right,0.0248437337577343,0.1749609410762787,0.04557952284812927,0.7377593517303467,0.01685645617544651,0.8307607769966125,0.0,473.0,162,2,317,0,0,0,100,100,0
420,1680,594,79,595,3,right+B,0.024454494938254356,0.17334513366222382,0.044622939079999924,0.7411643862724304,0.01641303300857544,0.822742223739624,-1.0,472.0,163,2,316,0,0,0,100,100,0
421,1684,594,79,595,1,right,0.024400293827056885,0.17345041036605835,0.04376265034079552,0.7422634959220886,0.016123156994581223,0.819176435470581,0.0,472.0,164,2,316,0,0,0,100,100,0
422,1688,594,79,595,3,right+B,0.024493861943483353,0.1738949716091156,0.04416804015636444,0.7408463358879089,0.01659681275486946,0.8230929970741272,0.0,472.0,165,2,316,0,0,0,100,100,0
423,1692,594,93,595,4,right+A+B,0.02513827569782734,0.17828576266765594,0.04604298621416092,0.7334384322166443,0.017094586044549942,0.8386843800544739,0.0,472.0,166,2,316,0,0,0,100,100,0
424,1696,594,108,595,3,right+B,0.025897962972521782,0.183958038687706,0.048078473657369614,0.7241004109382629,0.01796502247452736,0.8579497933387756,0.0,472.0,167,2,316,0,0,0,100,100,0
425,1700,594,112,595,1,right,0.025871602818369865,0.18602274358272552,0.04851338267326355,0.7215501070022583,0.018042176961898804,0.8621376752853394,-1.0,471.0,168,2,315,0,0,0,100,100,0
426,1704,594,106,595,3,right+B,0.026539271697402,0.18835240602493286,0.04910525307059288,0.7177866697311401,0.018216388300061226,0.8697207570075989,0.0,471.0,169,2,315,0,0,0,100,100,0
427,1708,594,89,595,3,right+B,0.028087550774216652,0.19860228896141052,0.05290910601615906,0.700515627861023,0.019885368645191193,0.9041277170181274,0.0,471.0,170,2,315,0,0,0,100,100,0
428,1712,594,79,595,1,right,0.026682693511247635,0.1904631108045578,0.0509830042719841,0.7133747339248657,0.018496394157409668,0.879019558429718,0.0,471.0,171,2,315,0,0,0,100,100,0
429,1716,594,79,595,3,right+B,0.02601761557161808,0.188987135887146,0.0498952679336071,0.7168468832969666,0.01825314573943615,0.8710906505584717,0.0,471.0,172,2,315,0,0,0,100,100,0
430,1720,594,79,595,3,right+B,0.026335282251238823,0.19181549549102783,0.05021220073103905,0.7135504484176636,0.018086649477481842,0.8761159181594849,-1.0,470.0,173,2,314,0,0,0,100,100,0
431,1724,594,79,595,3,right+B,0.026627087965607643,0.19260874390602112,0.05035989731550217,0.7117623090744019,0.01864195242524147,0.8805394172668457,0.0,470.0,174,2,314,0,0,0,100,100,0
432,1728,594,79,595,3,right+B,0.025583850219845772,0.18801915645599365,0.0483647957444191,0.7201869487762451,0.01784524694085121,0.8627437353134155,0.0,470.0,175,2,314,0,0,0,100,100,0
433,1732,594,79,595,0,NOOP,0.02475961670279503,0.18400070071220398,0.046973612159490585,0.7270423173904419,0.017223797738552094,0.8484206199645996,0.0,470.0,176,2,314,0,0,0,100,100,0
434,1736,594,79,595,3,right+B,0.024822939187288284,0.18301250040531158,0.046780623495578766,0.7278183102607727,0.0175656508654356,0.8480206727981567,0.0,470.0,177,2,314,0,0,0,100,100,0
435,1740,594,79,595,3,right+B,0.022807123139500618,0.1716703176498413,0.042150259017944336,0.7476121783256531,0.01576007902622223,0.805077075958252,-1.0,469.0,178,2,313,0,0,0,100,100,0
436,1744,594,79,595,3,right+B,0.023052183911204338,0.17162661254405975,0.041448529809713364,0.7484138011932373,0.015458817593753338,0.8026768565177917,0.0,469.0,179,2,313,0,0,0,100,100,0
437,1748,594,79,595,1,right,0.023151468485593796,0.17315348982810974,0.042258862406015396,0.7457385063171387,0.015697691589593887,0.8085209131240845,0.0,469.0,180,2,313,0,0,0,100,100,0
438,1752,594,79,595,3,right+B,0.02302161417901516,0.17166143655776978,0.04174787923693657,0.7478756904602051,0.015693455934524536,0.8043951392173767,0.0,469.0,181,2,313,0,0,0,100,100,0
439,1756,594,79,595,3,right+B,0.02537151239812374,0.1820002645254135,0.04714889079332352,0.7278532981872559,0.01762600988149643,0.8497017025947571,0.0,469.0,182,2,313,0,0,0,100,100,0
440,1760,594,79,595,1,right,0.026781516149640083,0.18893258273601532,0.05015537142753601,0.7154593467712402,0.018671121448278427,0.875760555267334,-1.0,468.0,183,2,312,0,0,0,100,100,0
441,1764,594,79,595,3,right+B,0.0254881139844656,0.1834319680929184,0.04598880559206009,0.7278239727020264,0.017267070710659027,0.8475428819656372,0.0,468.0,184,2,312,0,0,0,100,100,0
442,1768,594,79,595,3,right+B,0.024674853309988976,0.1795971542596817,0.04524848237633705,0.7336534857749939,0.016826016828417778,0.8357487916946411,0.0,468.0,185,2,312,0,0,0,100,100,0
443,1772,594,79,595,3,right+B,0.023767957463860512,0.17610810697078705,0.04276194050908089,0.741416335105896,0.015945684164762497,0.8173266649246216,0.0,468.0,186,2,312,0,0,0,100,100,0
444,1776,594,79,595,3,right+B,0.022853782400488853,0.17190435528755188,0.04135716333985329,0.7484796643257141,0.015405100770294666,0.8019212484359741,0.0,468.0,187,2,312,0,0,0,100,100,0
445,1780,594,79,595,3,right+B,0.02283979021012783,0.16975221037864685,0.04167689010500908,0.7501955032348633,0.015535533428192139,0.8001214265823364,-1.0,467.0,188,2,311,0,0,0,100,100,0
446,1784,594,79,595,1,right,0.02411549538373947,0.17723287642002106,0.0443437434732914,0.737762451171875,0.016545381397008896,0.8268993496894836,0.0,467.0,189,2,311,0,0,0,100,100,0
447,1788,594,79,595,3,right+B,0.023839201778173447,0.17615781724452972,0.042685866355895996,0.7411262392997742,0.01619083434343338,0.8183655142784119,0.0,467.0,190,2,311,0,0,0,100,100,0
448,1792,594,93,595,4,right+A+B,0.023676158860325813,0.1747247278690338,0.042736418545246124,0.742632269859314,0.016230417415499687,0.8160336017608643,0.0,467.0,191,2,311,0,0,0,100,100,0
449,1796,594,109,595,2,right+A,0.02364467643201351,0.17417295277118683,0.04297829791903496,0.7428351640701294,0.01636895164847374,0.8163449168205261,0.0,467.0,192,2,311,0,0,0,100,100,0
450,1800,594,121,595,3,right+B,0.025451693683862686,0.18567146360874176,0.04749471694231033,0.7236591577529907,0.017722928896546364,0.8563159704208374,-1.0,466.0,193,2,310,0,0,0,100,100,0
451,1804,595,122,595,2,right+A,0.026976328343153,0.19427333772182465,0.052497364580631256,0.7070931792259216,0.01915976218879223,0.8913331031799316,0.0,466.0,194,2,310,0,0,0,100,100,0
452,1808,594,113,595,3,right+B,0.027726128697395325,0.1992071568965912,0.05306825786828995,0.7003223896026611,0.01967603713274002,0.9033886790275574,0.0,466.0,195,2,310,0,0,0,100,100,0
453,1812,594,94,595,1,right,0.028394512832164764,0.1983439028263092,0.054679762572050095,0.6989536285400391,0.01962817646563053,0.9084128141403198,0.0,466.0,196,2,310,0,0,0,100,100,0
454,1816,594,79,595,3,right+B,0.02704542875289917,0.1921578198671341,0.05225087329745293,0.709503173828125,0.01904265210032463,0.8877454996109009,0.0,466.0,197,2,310,0,0,0,100,100,0
455,1820,594,79,595,1,right,0.02728300541639328,0.19351862370967865,0.05351076275110245,0.706972062587738,0.018715573474764824,0.8923740983009338,-1.0,465.0,198,2,309,0,0,0,100,100,0
456,1824,594,79,595,3,right+B,0.025386448949575424,0.18373547494411469,0.04859933629631996,0.725239634513855,0.017039112746715546,0.853897750377655,0.0,465.0,199,2,309,0,0,0,100,100,0
457,1828,594,79,595,3,right+B,0.025573082268238068,0.1856037825345993,0.04858270287513733,0.7228776216506958,0.017362842336297035,0.8582410216331482,0.0,465.0,200,2,309,0,0,0,100,100,0
458,1832,594,79,595,3,right+B,0.025160836055874825,0.18077176809310913,0.0467626117169857,0.7301279902458191,0.017176751047372818,0.8445469737052917,0.0,465.0,201,2,309,0,0,0,100,100,0
459,1836,594,79,595,3,right+B,0.02489372156560421,0.17872413992881775,0.04536537826061249,0.7341001629829407,0.01691662147641182,0.83592689037323,0.0,465.0,202,2,309,0,0,0,100,100,0
460,1840,594,79,595,3,right+B,0.02458607405424118,0.17687997221946716,0.04433130472898483,0.7376084923744202,0.01659412868320942,0.828150749206543,-1.0,464.0,203,2,308,0,0,0,100,100,0
461,1844,594,79,595,1,right,0.024123279377818108,0.17539751529693604,0.04341793432831764,0.7407023310661316,0.016358936205506325,0.8209710121154785,0.0,464.0,204,2,308,0,0,0,100,100,0
462,1848,594,79,595,3,right+B,0.023501891642808914,0.17136991024017334,0.042503803968429565,0.7465503811836243,0.016073983162641525,0.8092716932296753,0.0,464.0,205,2,308,0,0,0,100,100,0
463,1852,594,79,595,3,right+B,0.02342539094388485,0.17127066850662231,0.04267926141619682,0.7464237809181213,0.016200942918658257,0.8098503351211548,0.0,464.0,206,2,308,0,0,0,100,100,0
464,1856,594,93,595,4,right+A+B,0.023875262588262558,0.1749386340379715,0.043328240513801575,0.7412176728248596,0.01664014160633087,0.8202738761901855,0.0,464.0,207,2,308,0,0,0,100,100,0
465,1860,594,108,595,3,right+B,0.024571670219302177,0.1787167489528656,0.044639475643634796,0.73481285572052,0.01725919544696808,0.8340855240821838,-1.0,463.0,208,2,307,0,0,0,100,100,0
466,1864,594,112,595,3,right+B,0.023625368252396584,0.17404936254024506,0.04297580569982529,0.7428420186042786,0.01650739461183548,0.8166192770004272,0.0,463.0,209,2,307,0,0,0,100,100,0
467,1868,594,106,595,3,right+B,0.023680200800299644,0.17248331010341644,0.04413615167140961,0.7430890202522278,0.016611315310001373,0.8182152509689331,0.0,463.0,210,2,307,0,0,0,100,100,0
468,1872,594,89,595,4,right+A+B,0.022812113165855408,0.16990980505943298,0.04308168590068817,0.7477924823760986,0.016403933987021446,0.8076353669166565,0.0,463.0,211,2,307,0,0,0,100,100,0
469,1876,594,79,595,3,right+B,0.022870518267154694,0.16799239814281464,0.04206886887550354,0.7513113617897034,0.015756739303469658,0.7995908856391907,0.0,463.0,212,2,307,0,0,0,100,100,0
470,1880,594,79,595,1,right,0.022301537916064262,0.1646186262369156,0.04014212638139725,0.7577661275863647,0.015171576291322708,0.7846105694770813,-1.0,462.0,213,2,306,0,0,0,100,100,0
471,1884,594,79,595,3,right+B,0.022571882233023643,0.16547942161560059,0.04068788141012192,0.7559819221496582,0.015278968028724194,0.7888914346694946,0.0,462.0,214,2,306,0,0,0,100,100,0
472,1888,594,79,595,3,right+B,0.022611835971474648,0.16701412200927734,0.041270699352025986,0.7532151937484741,0.015888139605522156,0.7954145669937134,0.0,462.0,215,2,306,0,0,0,100,100,0
473,1892,594,79,595,3,right+B,0.02259320393204689,0.16735948622226715,0.04119638353586197,0.7531635761260986,0.01568729057908058,0.7948768138885498,0.0,462.0,216,2,306,0,0,0,100,100,0
474,1896,594,79,595,3,right+B,0.022933930158615112,0.1689029186964035,0.04146746173501015,0.750922441482544,0.015773318707942963,0.7994998693466187,0.0,462.0,217,2,306,0,0,0,100,100,0
475,1900,594,79,595,3,right+B,0.022810861468315125,0.16861562430858612,0.04167630150914192,0.7510611414909363,0.015836110338568687,0.7994880676269531,-1.0,461.0,218,2,305,0,0,0,100,100,0
476,1904,594,79,595,3,right+B,0.023092228919267654,0.16998523473739624,0.04182747006416321,0.7491316199302673,0.015963494777679443,0.8034353852272034,0.0,461.0,219,2,305,0,0,0,100,100,0
477,1908,594,79,595,1,right,0.02264718897640705,0.16733430325984955,0.041261207312345505,0.7530550956726074,0.01570218987762928,0.7952740788459778,0.0,461.0,220,2,305,0,0,0,100,100,0
478,1912,594,79,595,3,right+B,0.022485285997390747,0.16601423919200897,0.040401797741651535,0.7558465600013733,0.015252149663865566,0.7884572148323059,0.0,461.0,221,2,305,0,0,0,100,100,0
479,1916,594,79,595,3,right+B,0.023442408069968224,0.17061284184455872,0.04255914315581322,0.7473030090332031,0.01608264073729515,0.8081415891647339,0.0,461.0,222,2,305,0,0,0,100,100,0
480,1920,594,79,595,3,right+B,0.022817429155111313,0.16822728514671326,0.04131654277443886,0.751889169216156,0.01574951410293579,0.7975536584854126,-1.0,460.0,223,2,304,0,0,0,100,100,0
481,1924,594,79,595,3,right+B,0.022547036409378052,0.16751553118228912,0.040943123400211334,0.7534953951835632,0.015498852357268333,0.7934821844100952,0.0,460.0,224,2,304,0,0,0,100,100,0
482,1928,594,79,595,1,right,0.023326585069298744,0.17058266699314117,0.0418735109269619,0.7483412027359009,0.01587599329650402,0.8049301505088806,0.0,460.0,225,2,304,0,0,0,100,100,0
483,1932,594,79,595,1,right,0.02379804477095604,0.17239677906036377,0.04298920929431915,0.7444829940795898,0.016333017498254776,0.8141799569129944,0.0,460.0,226,2,304,0,0,0,100,100,0
484,1936,594,79,595,1,right,0.02432200312614441,0.17378279566764832,0.04405265301465988,0.74113929271698,0.016703272238373756,0.8224223852157593,0.0,460.0,227,2,304,0,0,0,100,100,0
485,1940,594,93,595,2,right+A,0.024606624618172646,0.17545245587825775,0.04466173052787781,0.7385358810424805,0.016743365675210953,0.8276693224906921,-1.0,459.0,228,2,303,0,0,0,100,100,0
486,1944,594,108,595,3,right+B,0.025576604530215263,0.18046081066131592,0.04637870565056801,0.7300064563751221,0.01757737807929516,0.8459504246711731,0.0,459.0,229,2,303,0,0,0,100,100,0
487,1948,594,112,595,1,right,0.02518666349351406,0.1803153157234192,0.04587329179048538,0.7312713861465454,0.01735331490635872,0.8422039747238159,0.0,459.0,230,2,303,0,0,0,100,100,0
488,1952,594,106,595,3,right+B,0.025668863207101822,0.18160757422447205,0.04760349169373512,0.7274557948112488,0.017664233222603798,0.85153728723526,0.0,459.0,231,2,303,0,0,0,100,100,0
489,1956,594,89,595,3,right+B,0.025601482018828392,0.18439139425754547,0.048182521015405655,0.7238618731498718,0.017962761223316193,0.8578274250030518,0.0,459.0,232,2,303,0,0,0,100,100,0
490,1960,594,79,595,3,right+B,0.025763588026165962,0.18379159271717072,0.04882192611694336,0.7240530252456665,0.01756986789405346,0.8578190803527832,-1.0,458.0,233,2,302,0,0,0,100,100,0
491,1964,594,79,595,0,NOOP,0.026238316670060158,0.18668104708194733,0.04837597534060478,0.7209410667419434,0.017763564363121986,0.8628453612327576,0.0,458.0,234,2,302,0,0,0,100,100,0
492,1968,594,79,595,3,right+B,0.02635245770215988,0.18716226518154144,0.04946481063961983,0.7191811203956604,0.01783929020166397,0.867080569267273,0.0,458.0,235,2,302,0,0,0,100,100,0
493,1972,594,79,595,3,right+B,0.02465534210205078,0.18169386684894562,0.04687261953949928,0.7295083999633789,0.01726975105702877,0.8447746634483337,0.0,458.0,236,2,302,0,0,0,100,100,0
494,1976,594,79,595,1,right,0.025609398260712624,0.1894753873348236,0.0487603135406971,0.7181603908538818,0.017994549125432968,0.8663941025733948,0.0,458.0,237,2,302,0,0,0,100,100,0
495,1980,594,79,595,3,right+B,0.026135051622986794,0.19155530631542206,0.05030007287859917,0.71352618932724,0.018483374267816544,0.8767992854118347,-1.0,457.0,238,2,301,0,0,0,100,100,0
496,1984,594,79,595,3,right+B,0.026393841952085495,0.19305722415447235,0.04976857453584671,0.7121198177337646,0.01866048388183117,0.8788553476333618,0.0,457.0,239,2,301,0,0,0,100,100,0
497,1988,594,79,595,1,right,0.025786330923438072,0.19031064212322235,0.049217600375413895,0.7163114547729492,0.018374016508460045,0.8707150220870972,0.0,457.0,240,2,301,0,0,0,100,100,0
498,1992,594,79,595,3,right+B,0.02441317029297352,0.1813933402299881,0.04613092541694641,0.7308884859085083,0.017174098640680313,0.8411337733268738,0.0,457.0,241,2,301,0,0,0,100,100,0
499,1996,594,79,595,3,right+B,0.023498235270380974,0.1756807416677475,0.04321841895580292,0.7411466836929321,0.01645590551197529,0.8190332055091858,0.0,457.0,242,2,301,0,0,0,100,100,0
500,2000,594,79,595,3,right+B,0.023098528385162354,0.1724841296672821,0.041988082230091095,0.7466152906417847,0.01581399515271187,0.8070283532142639,-1.0,456.0,243,2,300,0,0,0,100,100,0
501,2004,594,79,595,3,right+B,0.023086439818143845,0.17203062772750854,0.04179775342345238,0.7476467490196228,0.01543845608830452,0.8043200969696045,0.0,456.0,244,2,300,0,0,0,100,100,0
502,2008,594,79,595,3,right+B,0.022864656522870064,0.17140182852745056,0.04182635247707367,0.7486372590065002,0.015269803814589977,0.8020493388175964,0.0,456.0,245,2,300,0,0,0,100,100,0
503,2012,594,79,595,3,right+B,0.024160102009773254,0.17702031135559082,0.04458744823932648,0.7377983331680298,0.01643378473818302,0.8270089030265808,0.0,456.0,246,2,300,0,0,0,100,100,0
504,2016,594,79,595,3,right+B,0.02598114311695099,0.18518765270709991,0.04943850636482239,0.7211143970489502,0.018278278410434723,0.8647260069847107,0.0,456.0,247,2,300,0,0,0,100,100,0
505,2020,594,79,595,3,right+B,0.024720488116145134,0.17998933792114258,0.045880451798439026,0.7323797941207886,0.0170299019664526,0.8389785885810852,-1.0,455.0,248,2,299,0,0,0,100,100,0
506,2024,594,79,595,1,right,0.024660078808665276,0.1799953430891037,0.04532065615057945,0.7331035733222961,0.016920385882258415,0.836815357208252,0.0,455.0,249,2,299,0,0,0,100,100,0
507,2028,594,79,595,3,right+B,0.024965083226561546,0.18175764381885529,0.04622049257159233,0.7294178009033203,0.017639026045799255,0.8454943895339966,0.0,455.0,250,2,299,0,0,0,100,100,0
508,2032,594,79,595,1,right,0.022773096337914467,0.1717272400856018,0.04163019731640816,0.7480821013450623,0.015787428244948387,0.8036487698554993,0.0,455.0,251,2,299,0,0,0,100,100,0
509,2036,594,79,595,3,right+B,0.022400932386517525,0.16746200621128082,0.040336571633815765,0.7545182108879089,0.015282243490219116,0.7902737855911255,0.0,455.0,252,2,299,0,0,0,100,100,0
510,2040,594,79,595,3,right+B,0.024192826822400093,0.17752166092395782,0.045005131512880325,0.73627769947052,0.017002565786242485,0.8311583399772644,-1.0,454.0,253,2,298,0,0,0,100,100,0
511,2044,594,79,595,3,right+B,0.024019401520490646,0.17801351845264435,0.0439576618373394,0.7371996641159058,0.016809750348329544,0.8275964260101318,0.0,454.0,254,2,298,0,0,0,100,100,0
512,2048,594,79,595,3,right+B,0.02318897843360901,0.17368927597999573,0.04211961105465889,0.7448857426643372,0.016116393730044365,0.810643196105957,0.0,454.0,255,2,298,0,0,0,100,100,0
513,2052,594,79,595,0,NOOP,0.022593887522816658,0.1689748913049698,0.04118805751204491,0.751573920249939,0.01566927321255207,0.7972055077552795,0.0,454.0,256,2,298,0,0,0,100,100,0
514,2056,594,79,595,1,right,0.024069827049970627,0.1772921085357666,0.04471845552325249,0.7372596859931946,0.01665986329317093,0.8283135890960693,0.0,454.0,257,2,298,0,0,0,100,100,0
515,2060,594,79,595,3,right+B,0.02551596611738205,0.18728229403495789,0.047950372099876404,0.7217027544975281,0.017548635601997375,0.8593039512634277,-1.0,453.0,258,2,297,0,0,0,100,100,0
516,2064,594,79,595,3,right+B,0.026526855304837227,0.19167105853557587,0.050098396837711334,0.7134333848953247,0.018270298838615417,0.8769292831420898,0.0,453.0,259,2,297,0,0,0,100,100,0
517,2068,594,79,595,1,right,0.025981631129980087,0.19011043012142181,0.05028112232685089,0.7153669595718384,0.018259892240166664,0.8735156059265137,0.0,453.0,260,2,297,0,0,0,100,100,0
518,2072,594,79,595,3,right+B,0.02697625383734703,0.193739116191864,0.05296626314520836,0.7071053981781006,0.019212961196899414,0.8920511603355408,0.0,453.0,261,2,297,0,0,0,100,100,0
519,2076,594,79,595,3,right+B,0.026835599914193153,0.1921853870153427,0.05212272331118584,0.7099873423576355,0.018868865445256233,0.8861311674118042,0.0,453.0,262,2,297,0,0,0,100,100,0
520,2080,594,79,595,3,right+B,0.025969846174120903,0.1892743706703186,0.050550516694784164,0.7159988284111023,0.01820640079677105,0.8728845715522766,-1.0,452.0,263,2,296,0,0,0,100,100,0
521,2084,594,79,595,1,right,0.026136476546525955,0.18874789774417877,0.049812380224466324,0.7172111868858337,0.018092144280672073,0.8703526854515076,0.0,452.0,264,2,296,0,0,0,100,100,0
522,2088,594,79,595,1,right,0.025478621944785118,0.18234801292419434,0.04791705682873726,0.7266579866409302,0.01759842224419117,0.8525350093841553,0.0,452.0,265,2,296,0,0,0,100,100,0
523,2092,594,79,595,3,right+B,0.02526210807263851,0.18070748448371887,0.046612080186605453,0.7301279902458191,0.017290251329541206,0.8448094129562378,0.0,452.0,266,2,296,0,0,0,100,100,0
524,2096,594,79,595,1,right,0.025079665705561638,0.17954881489276886,0.0456380695104599,0.7325243949890137,0.017209071666002274,0.8395755290985107,0.0,452.0,267,2,296,0,0,0,100,100,0
525,2100,594,79,595,3,right+B,0.023794468492269516,0.17371734976768494,0.04310464486479759,0.7431867122650146,0.016196824610233307,0.815901517868042,-1.0,451.0,268,2,295,0,0,0,100,100,0
526,2104,594,79,595,1,right,0.02334744855761528,0.17079339921474457,0.042331840842962265,0.7476905584335327,0.0158368106931448,0.8064815402030945,0.0,451.0,269,2,295,0,0,0,100,100,0
527,2108,594,79,595,3,right+B,0.023518649861216545,0.17190827429294586,0.043306246399879456,0.7451602220535278,0.016106538474559784,0.8125370144844055,0.0,451.0,270,2,295,0,0,0,100,100,0
528,2112,594,79,595,3,right+B,0.022893313318490982,0.17010952532291412,0.04209297522902489,0.7489412426948547,0.015963008627295494,0.8036900162696838,0.0,451.0,271,2,295,0,0,0,100,100,0
529,2116,594,79,595,3,right+B,0.02382374368607998,0.17512808740139008,0.04332182556390762,0.7411630749702454,0.016563251614570618,0.8200600147247314,0.0,451.0,272,2,295,0,0,0,100,100,0
530,2120,594,79,595,3,right+B,0.022946221753954887,0.16988739371299744,0.04132456332445145,0.7500203847885132,0.015821443870663643,0.8007798194885254,-1.0,450.0,273,2,294,0,0,0,100,100,0
531,2124,594,79,595,0,NOOP,0.022976770997047424,0.16923797130584717,0.0418943390250206,0.7499617338180542,0.01592917926609516,0.8019837141036987,0.0,450.0,274,2,294,0,0,0,100,100,0
532,2128,594,79,595,3,right+B,0.02332635596394539,0.17081037163734436,0.04268648847937584,0.7467000484466553,0.01647675409913063,0.8099039196968079,0.0,450.0,275,2,294,0,0,0,100,100,0
533,2132,594,79,595,3,right+B,0.022971952334046364,0.16915957629680634,0.041653670370578766,0.7502313256263733,0.015983514487743378,0.8013644814491272,0.0,450.0,276,2,294,0,0,0,100,100,0
534,2136,594,79,595,3,right+B,0.022908812388777733,0.16812936961650848,0.04111310467123985,0.7521451115608215,0.01570366881787777,0.7969582080841064,0.0,450.0,277,2,294,0,0,0,100,100,0
535,2140,594,79,595,3,right+B,0.02274474687874317,0.1675795614719391,0.041524503380060196,0.7522560954093933,0.01589508168399334,0.7974933385848999,-1.0,449.0,278,2,293,0,0,0,100,100,0
536,2144,594,79,595,3,right+B,0.02310204692184925,0.16985249519348145,0.04253669083118439,0.7482317686080933,0.016276976093649864,0.8065160512924194,0.0,449.0,279,2,293,0,0,0,100,100,0
537,2148,594,79,595,3,right+B,0.022420790046453476,0.16630399227142334,0.04091190919280052,0.7548144459724426,0.015548855997622013,0.7913146615028381,0.0,449.0,280,2,293,0,0,0,100,100,0
538,2152,594,93,595,4,right+A+B,0.023142892867326736,0.17054815590381622,0.04240909963846207,0.7478852868080139,0.01601456105709076,0.8063151836395264,0.0,449.0,281,2,293,0,0,0,100,100,0
539,2156,594,108,595,3,right+B,0.0232827290892601,0.1720879077911377,0.04316214099526405,0.7451215982437134,0.01634564995765686,0.8124885559082031,0.0,449.0,282,2,293,0,0,0,100,100,0
540,2160,594,112,595,3,right+B,0.022723473608493805,0.1698862910270691,0.0424528531730175,0.7488527297973633,0.016084633767604828,0.8042681217193604,-1.0,448.0,283,2,292,0,0,0,100,100,0
541,2164,594,106,595,3,right+B,0.022618087008595467,0.16851197183132172,0.042377106845378876,0.7506092190742493,0.01588362827897072,0.8008626103401184,0.0,448.0,284,2,292,0,0,0,100,100,0
542,2168,594,89,595,3,right+B,0.022228620946407318,0.16774019598960876,0.04157654196023941,0.7525095343589783,0.01594512164592743,0.7962663769721985,0.0,448.0,285,2,292,0,0,0,100,100,0
543,2172,594,79,595,1,right,0.02324429154396057,0.16907507181167603,0.04271312057971954,0.748708963394165,0.01625852659344673,0.8062902688980103,0.0,448.0,286,2,292,0,0,0,100,100,0
544,2176,594,79,595,1,right,0.022838188335299492,0.16732919216156006,0.04131575673818588,0.7526311874389648,0.0158857274800539,0.7968026995658875,0.0,448.0,287,2,292,0,0,0,100,100,0
545,2180,594,79,595,3,right+B,0.022790776565670967,0.16677597165107727,0.04110611230134964,0.7536413669586182,0.01568579487502575,0.7944216728210449,-1.0,447.0,288,2,291,0,0,0,100,100,0
546,2184,594,79,595,3,right+B,0.02304069697856903,0.16908638179302216,0.04152979329228401,0.7502615451812744,0.016081582754850388,0.8015137910842896,0.0,447.0,289,2,291,0,0,0,100,100,0
547,2188,594,79,595,3,right+B,0.0238084364682436,0.17255643010139465,0.043010637164115906,0.744100034236908,0.01652444526553154,0.8152400851249695,0.0,447.0,290,2,291,0,0,0,100,100,0
548,2192,594,79,595,3,right+B,0.024182753637433052,0.17261166870594025,0.04369017854332924,0.7429501414299011,0.016565272584557533,0.818692684173584,0.0,447.0,291,2,291,0,0,0,100,100,0
549,2196,594,79,595,1,right,0.024794084951281548,0.17669296264648438,0.04565015435218811,0.7358080744743347,0.017054706811904907,0.8340182304382324,0.0,447.0,292,2,291,0,0,0,100,100,0
550,2200,594,79,595,3,right+B,0.025151683017611504,0.17846772074699402,0.04587453976273537,0.7334210276603699,0.017085019499063492,0.8384844660758972,-1.0,446.0,293,2,290,0,0,0,100,100,0
551,2204,594,79,595,3,right+B,0.024486953392624855,0.17499014735221863,0.044631730765104294,0.7394130825996399,0.016478125005960464,0.8255056142807007,0.0,446.0,294,2,290,0,0,0,100,100,0
552,2208,594,79,595,3,right+B,0.02441517263650894,0.17478878796100616,0.0446995384991169,0.7396686673164368,0.016427800059318542,0.8249695301055908,0.0,446.0,295,2,290,0,0,0,100,100,0
553,2212,594,79,595,3,right+B,0.02499392256140709,0.18004310131072998,0.046664655208587646,0.7310529947280884,0.017245370894670486,0.8429528474807739,0.0,446.0,296,2,290,0,0,0,100,100,0
554,2216,594,79,595,3,right+B,0.025199834257364273,0.18177947402000427,0.047294024378061295,0.728309690952301,0.017416920512914658,0.8484360575675964,0.0,446.0,297,2,290,0,0,0,100,100,0
555,2220,594,79,595,3,right+B,0.02539978362619877,0.18383455276489258,0.04694361612200737,0.7262840270996094,0.017538048326969147,0.8514384031295776,-1.0,445.0,298,2,289,0,0,0,100,100,0
556,2224,594,79,595,1,right,0.02725769206881523,0.19301192462444305,0.05107863247394562,0.7096124291419983,0.019039345905184746,0.8864691257476807,0.0,445.0,299,2,289,0,0,0,100,100,0
557,2228,594,79,595,1,right,0.025775881484150887,0.18744701147079468,0.048808541148900986,0.7198804020881653,0.01808818429708481,0.8647077083587646,0.0,445.0,300,2,289,0,0,0,100,100,0
558,2232,594,79,595,3,right+B,0.026170901954174042,0.1913687139749527,0.05000985413789749,0.7136242985725403,0.018826227635145187,0.8771512508392334,0.0,445.0,301,2,289,0,0,0,100,100,0
559,2236,594,79,595,3,right+B,0.026097284629940987,0.1925705373287201,0.050053805112838745,0.7126399874687195,0.018638378009200096,0.8779181241989136,0.0,445.0,302,2,289,0,0,0,100,100,0
560,2240,594,79,595,1,right,0.026525231078267097,0.19399923086166382,0.05057252570986748,0.7101982235908508,0.018704770132899284,0.8828067183494568,-1.0,444.0,303,2,288,0,0,0,100,100,0
561,2244,594,79,595,3,right+B,0.026061629876494408,0.19219154119491577,0.0497259683907032,0.7134544849395752,0.01856634020805359,0.8761690258979797,0.0,444.0,304,2,288,0,0,0,100,100,0
562,2248,594,79,595,3,right+B,0.023997697979211807,0.18077145516872406,0.0459713377058506,0.7322644591331482,0.01699504628777504,0.8377351760864258,0.0,444.0,305,2,288,0,0,0,100,100,0
563,2252,594,79,595,3,right+B,0.023837745189666748,0.17847910523414612,0.04459243267774582,0.7363423705101013,0.016748396679759026,0.829187273979187,0.0,444.0,306,2,288,0,0,0,100,100,0
564,2256,594,79,595,3,right+B,0.022351648658514023,0.17024603486061096,0.04159841313958168,0.7503374814987183,0.015466440469026566,0.7986498475074768,0.0,444.0,307,2,288,0,0,0,100,100,0
565,2260,594,79,595,1,right,0.022358648478984833,0.17003841698169708,0.040715355426073074,0.7516268491744995,0.015260719694197178,0.7950018048286438,-1.0,443.0,308,2,287,0,0,0,100,100,0
566,2264,594,79,595,3,right+B,0.022470947355031967,0.17023298144340515,0.04188369959592819,0.750005841255188,0.01540655829012394,0.7996411323547363,0.0,443.0,309,2,287,0,0,0,100,100,0
567,2268,594,79,595,3,right+B,0.02255227603018284,0.16979357600212097,0.04124156013131142,0.7509939670562744,0.01541853416711092,0.7974622249603271,0.0,443.0,310,2,287,0,0,0,100,100,0
568,2272,594,79,595,3,right+B,0.025431698188185692,0.1827826201915741,0.04819628223776817,0.7253836989402771,0.018205702304840088,0.8559846878051758,0.0,443.0,311,2,287,0,0,0,100,100,0
569,2276,594,79,595,3,right+B,0.026311414316296577,0.18608854711055756,0.04947274178266525,0.7192503213882446,0.01887699030339718,0.8693238496780396,0.0,443.0,312,2,287,0,0,0,100,100,0
570,2280,594,79,595,3,right+B,0.024298982694745064,0.1779673844575882,0.044553570449352264,0.7363645434379578,0.01681547984480858,0.8301839232444763,-1.0,442.0,313,2,286,0,0,0,100,100,0
571,2284,594,79,595,3,right+B,0.024392034858465195,0.17832233011722565,0.0447007492184639,0.7356381416320801,0.01694679446518421,0.8319129943847656,0.0,442.0,314,2,286,0,0,0,100,100,0
572,2288,594,79,595,3,right+B,0.02396799996495247,0.17712470889091492,0.04344397783279419,0.7389718890190125,0.016491372138261795,0.8234947919845581,0.0,442.0,315,2,286,0,0,0,100,100,0
573,2292,594,79,595,0,NOOP,0.022521911188960075,0.16909344494342804,0.04077547416090965,0.7521225810050964,0.01548660546541214,0.795221745967865,0.0,442.0,316,2,286,0,0,0,100,100,0
574,2296,594,79,595,3,right+B,0.023163488134741783,0.17121225595474243,0.04247884079813957,0.7472599744796753,0.015885476022958755,0.8070704340934753,0.0,442.0,317,2,286,0,0,0,100,100,0
575,2300,594,79,595,3,right+B,0.02383991703391075,0.17673416435718536,0.044520482420921326,0.7384790182113647,0.01642640307545662,0.8252869844436646,-1.0,441.0,318,2,285,0,0,0,100,100,0
576,2304,594,93,595,4,right+A+B,0.023622015491127968,0.1759565770626068,0.042884279042482376,0.7414333820343018,0.016103727743029594,0.8175612688064575,0.0,441.0,319,2,285,0,0,0,100,100,0
577,2308,594,108,595,3,right+B,0.02225840650498867,0.16887788474559784,0.040869392454624176,0.7524887919425964,0.0155055345967412,0.7943208813667297,0.0,441.0,320,2,285,0,0,0,100,100,0
578,2312,594,112,595,1,right,0.02313382364809513,0.17359964549541473,0.04269276186823845,0.7441616654396057,0.016412006691098213,0.8130940794944763,0.0,441.0,321,2,285,0,0,0,100,100,0
579,2316,594,106,595,3,right+B,0.02500545233488083,0.183114156126976,0.04784511774778366,0.7265011072158813,0.01753411628305912,0.8515677452087402,0.0,441.0,322,2,285,0,0,0,100,100,0
580,2320,594,89,595,3,right+B,0.026488767936825752,0.19356480240821838,0.05095721408724785,0.7098796367645264,0.019109612330794334,0.8846054077148438,-1.0,440.0,323,2,284,0,0,0,100,100,0
581,2324,594,79,595,3,right+B,0.027322953566908836,0.19595064222812653,0.05276782810688019,0.7045231461524963,0.019435381516814232,0.8963133096694946,0.0,440.0,324,2,284,0,0,0,100,100,0
582,2328,594,79,595,3,right+B,0.026927562430500984,0.19368071854114532,0.05234372243285179,0.7079247832298279,0.019123222678899765,0.8898752927780151,0.0,440.0,325,2,284,0,0,0,100,100,0
583,2332,594,79,595,3,right+B,0.027016200125217438,0.19118599593639374,0.05207591876387596,0.7108350992202759,0.018886711448431015,0.8853554725646973,0.0,440.0,326,2,284,0,0,0,100,100,0
584,2336,594,79,595,3,right+B,0.026104792952537537,0.189215287566185,0.0505620576441288,0.7156050205230713,0.018512919545173645,0.874406635761261,0.0,440.0,327,2,284,0,0,0,100,100,0
585,2340,594,79,595,1,right,0.026401009410619736,0.19075334072113037,0.05107152462005615,0.7134157419204712,0.018358297646045685,0.8782038688659668,-1.0,439.0,328,2,283,0,0,0,100,100,0
586,2344,594,79,595,3,right+B,0.02552098035812378,0.18360860645771027,0.048079900443553925,0.7255392670631409,0.01725132390856743,0.8535621166229248,0.0,439.0,329,2,283,0,0,0,100,100,0
587,2348,594,79,595,3,right+B,0.024934956803917885,0.18027755618095398,0.046923547983169556,0.7309213280677795,0.016942588612437248,0.8426565527915955,0.0,439.0,330,2,283,0,0,0,100,100,0
588,2352,594,79,595,3,right+B,0.024546928703784943,0.17756915092468262,0.04518288001418114,0.7359750866889954,0.016725989058613777,0.8318846821784973,0.0,439.0,331,2,283,0,0,0,100,100,0
589,2356,594,79,595,3,right+B,0.02357240952551365,0.17303402721881866,0.04276411235332489,0.7445908188819885,0.016038687899708748,0.8125635385513306,0.0,439.0,332,2,283,0,0,0,100,100,0
590,2360,594,79,595,3,right+B,0.023169001564383507,0.17102663218975067,0.041872281581163406,0.7482497096061707,0.015682416036725044,0.804288387298584,-1.0,438.0,333,2,282,0,0,0,100,100,0
591,2364,594,79,595,3,right+B,0.023611903190612793,0.1722821146249771,0.04302778095006943,0.7448354959487915,0.01624268852174282,0.8131350874900818,0.0,438.0,334,2,282,0,0,0,100,100,0
592,2368,594,79,595,3,right+B,0.02312042936682701,0.17031392455101013,0.042511362582445145,0.7478763461112976,0.016178008168935776,0.8068116903305054,0.0,438.0,335,2,282,0,0,0,100,100,0
593,2372,594,79,595,3,right+B,0.023313062265515327,0.17161902785301208,0.04247253015637398,0.7462581396102905,0.016337234526872635,0.8099028468132019,0.0,438.0,336,2,282,0,0,0,100,100,0
594,2376,594,79,595,3,right+B,0.02371453493833542,0.17418907582759857,0.04275971278548241,0.7428126335144043,0.016524063423275948,0.8165766000747681,0.0,438.0,337,2,282,0,0,0,100,100,0
595,2380,594,79,595,3,right+B,0.02274814248085022,0.16860029101371765,0.04106646776199341,0.7517518997192383,0.015833158046007156,0.7974663376808167,-1.0,437.0,338,2,281,0,0,0,100,100,0
596,2384,594,79,595,3,right+B,0.023192495107650757,0.1703353077173233,0.042346373200416565,0.7477659583091736,0.016359888017177582,0.8073163032531738,0.0,437.0,339,2,281,0,0,0,100,100,0
597,2388,594,79,595,3,right+B,0.022851604968309402,0.16809897124767303,0.04171188920736313,0.7514603734016418,0.015877174213528633,0.7991189956665039,0.0,437.0,340,2,281,0,0,0,100,100,0
598,2392,594,93,595,4,right+A+B,0.022843843325972557,0.1684563308954239,0.04152074456214905,0.7515971660614014,0.015581967309117317,0.7979322075843811,0.0,437.0,341,2,281,0,0,0,100,100,0
599,2396,594,108,595,3,right+B,0.022811559960246086,0.16886268556118011,0.041784558445215225,0.7507640719413757,0.01577712967991829,0.7999444603919983,0.0,437.0,342,2,281,0,0,0,100,100,0
600,2400,594,112,595,1,right,0.023113038390874863,0.1711108684539795,0.04302382841706276,0.746427595615387,0.016324667260050774,0.8099896907806396,-1.0,436.0,343,2,280,0,0,0,100,100,0
601,2404,594,106,595,1,right,0.022793283686041832,0.16907908022403717,0.04316331446170807,0.7488170266151428,0.016147255897521973,0.8055863380432129,0.0,436.0,344,2,280,0,0,0,100,100,0
602,2408,594,89,595,3,right+B,0.02277475781738758,0.17022983729839325,0.042497601360082626,0.7482044696807861,0.016293330118060112,0.8058850765228271,0.0,436.0,345,2,280,0,0,0,100,100,0
603,2412,594,79,595,1,right,0.023307092487812042,0.1702624410390854,0.043053507804870605,0.7471106648445129,0.016266267746686935,0.8092725276947021,0.0,436.0,346,2,280,0,0,0,100,100,0
604,2416,594,79,595,3,right+B,0.0223170705139637,0.16515815258026123,0.040498342365026474,0.7566185593605042,0.015407878905534744,0.7874547243118286,0.0,436.0,347,2,280,0,0,0,100,100,0
605,2420,594,79,595,3,right+B,0.022380122914910316,0.16529138386249542,0.04030398279428482,0.7567770481109619,0.015247457660734653,0.7866843938827515,-1.0,435.0,348,2,279,0,0,0,100,100,0
606,2424,594,79,595,3,right+B,0.021977225318551064,0.16408343613147736,0.04009848088026047,0.7583558559417725,0.015484927222132683,0.7837406396865845,0.0,435.0,349,2,279,0,0,0,100,100,0
607,2428,594,79,595,3,right+B,0.022889748215675354,0.16811707615852356,0.04141183942556381,0.7516210079193115,0.015960391610860825,0.7987315654754639,0.0,435.0,350,2,279,0,0,0,100,100,0
608,2432,594,79,595,3,right+B,0.023316966369748116,0.16960293054580688,0.041972581297159195,0.7490296959877014,0.016077833250164986,0.8045069575309753,0.0,435.0,351,2,279,0,0,0,100,100,0
609,2436,594,79,595,3,right+B,0.023632116615772247,0.17124269902706146,0.04320404306054115,0.7453868985176086,0.01653420552611351,0.8132945895195007,0.0,435.0,352,2,279,0,0,0,100,100,0
610,2440,594,79,595,1,right,0.023390531539916992,0.17108477652072906,0.04240841791033745,0.7470618486404419,0.016054436564445496,0.8081178665161133,-1.0,434.0,353,2,278,0,0,0,100,100,0
611,2444,594,79,595,3,right+B,0.02393035776913166,0.17354249954223633,0.043169643729925156,0.7430202960968018,0.016337094828486443,0.8168356418609619,0.0,434.0,354,2,278,0,0,0,100,100,0
612,2448,594,79,595,3,right+B,0.023350397124886513,0.16915898025035858,0.04196185991168022,0.7497233152389526,0.01580541953444481,0.8028827905654907,0.0,434.0,355,2,278,0,0,0,100,100,0
613,2452,594,79,595,3,right+B,0.023907039314508438,0.17276808619499207,0.043788567185401917,0.7431816458702087,0.01635461486876011,0.8174511194229126,0.0,434.0,356,2,278,0,0,0,100,100,0
614,2456,594,79,595,3,right+B,0.024632085114717484,0.176165372133255,0.045093368738889694,0.7372608780860901,0.016848357394337654,0.830384373664856,0.0,434.0,357,2,278,0,0,0,100,100,0
615,2460,594,79,595,1,right,0.024782249704003334,0.176479309797287,0.04451647028326988,0.7374835014343262,0.016738472506403923,0.8293119668960571,-1.0,433.0,358,2,277,0,0,0,100,100,0
616,2464,594,79,595,3,right+B,0.02518710121512413,0.17853407561779022,0.045772943645715714,0.7334623336791992,0.017043549567461014,0.8382598161697388,0.0,433.0,359,2,277,0,0,0,100,100,0
617,2468,594,79,595,3,right+B,0.025062568485736847,0.17827863991260529,0.0457114614546299,0.7337914705276489,0.017155880108475685,0.8377302289009094,0.0,433.0,360,2,277,0,0,0,100,100,0
618,2472,594,79,595,3,right+B,0.02558588609099388,0.18212419748306274,0.047410741448402405,0.7271992564201355,0.017679879441857338,0.851507842540741,0.0,433.0,361,2,277,0,0,0,100,100,0
619,2476,594,79,595,3,right+B,0.02575603686273098,0.18379151821136475,0.047933004796504974,0.7248473167419434,0.017672160640358925,0.8557683229446411,0.0,433.0,362,2,277,0,0,0,100,100,0
620,2480,594,79,595,3,right+B,0.027004815638065338,0.18980063498020172,0.04963340237736702,0.7151384353637695,0.01842275820672512,0.8753498196601868,-1.0,432.0,363,2,276,0,0,0,100,100,0
621,2484,594,79,595,1,right,0.027284396812319756,0.19130784273147583,0.05113823339343071,0.711399257183075,0.018870271742343903,0.8838720321655273,0.0,432.0,364,2,276,0,0,0,100,100,0
622,2488,594,79,595,3,right+B,0.026481283828616142,0.18989357352256775,0.05032038688659668,0.714870274066925,0.018434468656778336,0.8756234645843506,0.0,432.0,365,2,276,0,0,0,100,100,0
623,2492,594,79,595,3,right+B,0.0262802392244339,0.19296729564666748,0.0501006618142128,0.7124044299125671,0.01824740692973137,0.8777368068695068,0.0,432.0,366,2,276,0,0,0,100,100,0
624,2496,594,79,595,1,right,0.025898145511746407,0.19121940433979034,0.050232142210006714,0.7146114706993103,0.018038813024759293,0.873762309551239,0.0,432.0,367,2,276,0,0,0,100,100,0
625,2500,594,79,595,3,right+B,0.02617260068655014,0.19312487542629242,0.0500541552901268,0.7123232483863831,0.018325068056583405,0.8777481913566589,-1.0,431.0,368,2,275,0,0,0,100,100,0
626,2504,594,79,595,3,right+B,0.02451583743095398,0.18344232439994812,0.04664193466305733,0.728133499622345,0.017266444861888885,0.8460764288902283,0.0,431.0,369,2,275,0,0,0,100,100,0
627,2508,594,79,595,3,right+B,0.024233946576714516,0.18099769949913025,0.0452679842710495,0.7325276136398315,0.016972774639725685,0.8368216753005981,0.0,431.0,370,2,275,0,0,0,100,100,0
628,2512,594,79,595,3,right+B,0.023928113281726837,0.17815355956554413,0.04407814145088196,0.7370437979698181,0.016796447336673737,0.8277718424797058,0.0,431.0,371,2,275,0,0,0,100,100,0
629,2516,594,79,595,3,right+B,0.023517191410064697,0.17468978464603424,0.04252127185463905,0.7430621385574341,0.016209673136472702,0.8147404789924622,0.0,431.0,372,2,275,0,0,0,100,100,0
630,2520,594,79,595,1,right,0.023550231009721756,0.1746920347213745,0.043337199836969376,0.7423773407936096,0.01604318618774414,0.8165462017059326,-1.0,430.0,373,2,274,0,0,0,100,100,0
631,2524,594,79,595,3,right+B,0.022947706282138824,0.1717492640018463,0.041880566626787186,0.7478084564208984,0.01561393216252327,0.8043422698974609,0.0,430.0,374,2,274,0,0,0,100,100,0
632,2528,594,79,595,3,right+B,0.024775369092822075,0.17958109080791473,0.04590756446123123,0.7325042486190796,0.017231766134500504,0.8394244313240051,0.0,430.0,375,2,274,0,0,0,100,100,0
633,2532,594,79,595,3,right+B,0.02668800950050354,0.18742959201335907,0.04979301244020462,0.717281699180603,0.018807705491781235,0.872976541519165,0.0,430.0,376,2,274,0,0,0,100,100,0
634,2536,594,79,595,3,right+B,0.024977775290608406,0.18033461272716522,0.04616890102624893,0.7314482927322388,0.01707041636109352,0.8412833213806152,0.0,430.0,377,2,274,0,0,0,100,100,0
635,2540,594,79,595,3,right+B,0.02476498857140541,0.17989936470985413,0.045234501361846924,0.7335196137428284,0.01658155582845211,0.8355159759521484,-1.0,429.0,378,2,273,0,0,0,100,100,0
636,2544,594,79,595,3,right+B,0.023723682388663292,0.1750565767288208,0.04314609616994858,0.7419897317886353,0.01608389802277088,0.8172838687896729,0.0,429.0,379,2,273,0,0,0,100,100,0
637,2548,594,79,595,1,right,0.022665992379188538,0.17173896729946136,0.0408598817884922,0.7494428157806396,0.015292331576347351,0.7991399765014648,0.0,429.0,380,2,273,0,0,0,100,100,0
638,2552,594,79,595,3,right+B,0.022603271529078484,0.16826333105564117,0.04058875888586044,0.7533502578735352,0.015194382518529892,0.7925828695297241,0.0,429.0,381,2,273,0,0,0,100,100,0
639,2556,594,79,595,3,right+B,0.02383423037827015,0.17574931681156158,0.04424676671624184,0.7396619915962219,0.0165077056735754,0.8233951926231384,0.0,429.0,382,2,273,0,0,0,100,100,0
640,2560,594,79,595,1,right,0.02443252131342888,0.1803884357213974,0.044658493250608444,0.7336094379425049,0.016911117359995842,0.834710955619812,-1.0,428.0,383,2,272,0,0,0,100,100,0
641,2564,594,79,595,3,right+B,0.02311883680522442,0.17234911024570465,0.04204415902495384,0.7466016411781311,0.015886208042502403,0.8073404431343079,0.0,428.0,384,2,272,0,0,0,100,100,0
642,2568,594,79,595,3,right+B,0.02289755269885063,0.1698743999004364,0.04123545065522194,0.750263512134552,0.015729069709777832,0.7999754548072815,0.0,428.0,385,2,272,0,0,0,100,100,0
643,2572,594,93,595,2,right+A,0.02412261813879013,0.17736278474330902,0.044616516679525375,0.7372074723243713,0.016690580174326897,0.828425407409668,0.0,428.0,386,2,272,0,0,0,100,100,0
644,2576,594,109,595,2,right+A,0.02593972720205784,0.18883593380451202,0.048748984932899475,0.7182887196540833,0.018186578527092934,0.867316722869873,0.0,428.0,387,2,272,0,0,0,100,100,0
645,2580,594,121,595,3,right+B,0.026951085776090622,0.1951560378074646,0.05090627074241638,0.7079091668128967,0.01907750405371189,0.8879299163818359,-1.0,427.0,388,2,271,0,0,0,100,100,0
646,2584,595,122,595,1,right,0.027654383331537247,0.19818036258220673,0.055544331669807434,0.6986581087112427,0.019962871447205544,0.9092150926589966,0.0,427.0,389,2,271,0,0,0,100,100,0
647,2588,594,113,595,2,right+A,0.02773864194750786,0.19753573834896088,0.054615896195173264,0.700488269329071,0.019621506333351135,0.9050964117050171,0.0,427.0,390,2,271,0,0,0,100,100,0
648,2592,594,94,595,3,right+B,0.02814912609755993,0.19600284099578857,0.05456061661243439,0.7019850611686707,0.01930237002670765,0.9031862020492554,0.0,427.0,391,2,271,0,0,0,100,100,0
649,2596,594,79,595,3,right+B,0.02542855031788349,0.1853426694869995,0.04911091551184654,0.7224059700965881,0.017711825668811798,0.8601232767105103,0.0,427.0,392,2,271,0,0,0,100,100,0
650,2600,594,79,595,3,right+B,0.026528947055339813,0.18800492584705353,0.050872232764959335,0.7166958451271057,0.017898079007864,0.8727563619613647,-1.0,426.0,393,2,270,0,0,0,100,100,0
651,2604,594,93,595,2,right+A,0.025091370567679405,0.17902353405952454,0.04665304720401764,0.7324212193489075,0.016810867935419083,0.8401831984519958,0.0,426.0,394,2,270,0,0,0,100,100,0
652,2608,594,108,595,1,right,0.025974687188863754,0.18443451821804047,0.04854675382375717,0.7231688499450684,0.01787520758807659,0.8597924709320068,0.0,426.0,395,2,270,0,0,0,100,100,0
653,2612,594,112,595,3,right+B,0.0254223570227623,0.1822637915611267,0.04589786380529404,0.7288387417793274,0.01757722906768322,0.8466144800186157,0.0,426.0,396,2,270,0,0,0,100,100,0
654,2616,594,106,595,1,right,0.02446054108440876,0.17720568180084229,0.04477599263191223,0.7367951273918152,0.01676258258521557,0.8300741314888,0.0,426.0,397,2,270,0,0,0,100,100,0
655,2620,594,89,595,3,right+B,0.024332014843821526,0.17663100361824036,0.044526368379592896,0.7375268340110779,0.0169837549328804,0.8289516568183899,-1.0,425.0,398,2,269,0,0,0,100,100,0
656,2624,594,79,595,3,right+B,0.024223854765295982,0.17363250255584717,0.04511754959821701,0.740267813205719,0.016758350655436516,0.8250702619552612,0.0,425.0,399,2,269,0,0,0,100,100,0
657,2628,594,79,595,1,right,0.0231610219925642,0.1690206676721573,0.04240994155406952,0.7493651509284973,0.01604318618774414,0.80422443151474,0.0,425.0,400,2,269,0,0,0,100,100,0
658,2632,594,79,595,3,right+B,0.023915095254778862,0.1735360026359558,0.04301208630204201,0.7433199286460876,0.016216902062296867,0.8158658146858215,0.0,425.0,401,2,269,0,0,0,100,100,0
659,2636,594,79,595,3,right+B,0.02252907119691372,0.16724362969398499,0.04078510403633118,0.7538250684738159,0.015617148950695992,0.7930082678794861,0.0,425.0,402,2,269,0,0,0,100,100,0
660,2640,594,79,595,0,NOOP,0.022646088153123856,0.1675846427679062,0.04169419780373573,0.7523267269134521,0.015748269855976105,0.797079861164093,-1.0,424.0,403,2,268,0,0,0,100,100,0
661,2644,594,79,595,3,right+B,0.02266666293144226,0.16829507052898407,0.041626714169979095,0.7515257000923157,0.01588585041463375,0.7985528111457825,0.0,424.0,404,2,268,0,0,0,100,100,0
662,2648,594,79,595,3,right+B,0.022624293342232704,0.16819453239440918,0.04148240014910698,0.7519170641899109,0.0157817080616951,0.7974342107772827,0.0,424.0,405,2,268,0,0,0,100,100,0
663,2652,594,79,595,1,right,0.022383913397789,0.16589635610580444,0.04000050947070122,0.7564554214477539,0.015263796783983707,0.7867896556854248,0.0,424.0,406,2,268,0,0,0,100,100,0
664,2656,594,79,595,0,NOOP,0.022686682641506195,0.1674382984638214,0.04129394143819809,0.7527616024017334,0.015819484367966652,0.7961175441741943,0.0,424.0,407,2,268,0,0,0,100,100,0
665,2660,594,79,595,3,right+B,0.022951258346438408,0.1690804660320282,0.04241165146231651,0.7492712140083313,0.016285499557852745,0.8045176267623901,-1.0,423.0,408,2,267,0,0,0,100,100,0
666,2664,594,79,595,1,right,0.02283637970685959,0.16821414232254028,0.04160609096288681,0.7514234185218811,0.015919944271445274,0.7990971207618713,0.0,423.0,409,2,267,0,0,0,100,100,0
667,2668,594,79,595,3,right+B,0.022948917001485825,0.16852089762687683,0.04128159582614899,0.7515000700950623,0.015748541802167892,0.7983471751213074,0.0,423.0,410,2,267,0,0,0,100,100,0
668,2672,594,79,595,3,right+B,0.02301599830389023,0.16944152116775513,0.042042605578899384,0.7494340538978577,0.01606587879359722,0.8033767342567444,0.0,423.0,411,2,267,0,0,0,100,100,0
669,2676,594,79,595,1,right,0.02303829789161682,0.16919146478176117,0.042138319462537766,0.7496048808097839,0.016027022153139114,0.8032084703445435,0.0,423.0,412,2,267,0,0,0,100,100,0
670,2680,594,79,595,3,right+B,0.022240061312913895,0.16544464230537415,0.040687695145606995,0.7563910484313965,0.015236577950417995,0.7875047922134399,-1.0,422.0,413,2,266,0,0,0,100,100,0
671,2684,594,79,595,1,right,0.022679688408970833,0.16777774691581726,0.04160550236701965,0.7522830963134766,0.0156539473682642,0.7968656420707703,0.0,422.0,414,2,266,0,0,0,100,100,0
672,2688,594,79,595,1,right,0.022866498678922653,0.1680554449558258,0.0418282188475132,0.7514024972915649,0.015847356989979744,0.7993269562721252,0.0,422.0,415,2,266,0,0,0,100,100,0
673,2692,594,79,595,3,right+B,0.022813115268945694,0.1679464429616928,0.04197407886385918,0.7513030171394348,0.015963304787874222,0.7998452186584473,0.0,422.0,416,2,266,0,0,0,100,100,0
674,2696,594,79,595,3,right+B,0.022859061136841774,0.167688250541687,0.04136276990175247,0.7523369193077087,0.015753064304590225,0.7970390319824219,0.0,422.0,417,2,266,0,0,0,100,100,0
675,2700,594,79,595,0,NOOP,0.023907272145152092,0.17401209473609924,0.043190568685531616,0.7423318028450012,0.016558237373828888,0.8183403611183167,-1.0,421.0,418,2,265,0,0,0,100,100,0
676,2704,594,79,595,3,right+B,0.023639794439077377,0.171624094247818,0.042472269386053085,0.7458623647689819,0.016401484608650208,0.8112853169441223,0.0,421.0,419,2,265,0,0,0,100,100,0
677,2708,594,79,595,1,right,0.02401668019592762,0.1721450835466385,0.043392010033130646,0.7439119815826416,0.016534307971596718,0.8164775371551514,0.0,421.0,420,2,265,0,0,0,100,100,0
678,2712,594,79,595,3,right+B,0.024837791919708252,0.17622646689414978,0.04530557617545128,0.736641526222229,0.016988562420010567,0.8322913646697998,0.0,421.0,421,2,265,0,0,0,100,100,0
679,2716,594,79,595,3,right+B,0.02471320889890194,0.17631258070468903,0.044814758002758026,0.7372914552688599,0.016867998987436295,0.8301652073860168,0.0,421.0,422,2,265,0,0,0,100,100,0
680,2720,594,79,595,3,right+B,0.024955034255981445,0.17744117975234985,0.04515913501381874,0.7354727387428284,0.016971930861473083,0.8339494466781616,-1.0,420.0,423,2,264,0,0,0,100,100,0
681,2724,594,79,595,1,right,0.024746224284172058,0.17630910873413086,0.04505329206585884,0.7370985746383667,0.01679273135960102,0.8306554555892944,0.0,420.0,424,2,264,0,0,0,100,100,0
682,2728,594,79,595,3,right+B,0.025294387713074684,0.18083550035953522,0.047387197613716125,0.7290477752685547,0.017435168847441673,0.8477638363838196,0.0,420.0,425,2,264,0,0,0,100,100,0
683,2732,594,79,595,3,right+B,0.02596980333328247,0.18529464304447174,0.04900713637471199,0.7218160033226013,0.017912372946739197,0.8623269200325012,0.0,420.0,426,2,264,0,0,0,100,100,0
684,2736,594,93,595,2,right+A,0.02494633197784424,0.18061302602291107,0.04640568047761917,0.7309801578521729,0.017054786905646324,0.8421615362167358,0.0,420.0,427,2,264,0,0,0,100,100,0
685,2740,594,108,595,3,right+B,0.02688748762011528,0.19125844538211823,0.0508868470788002,0.7121461033821106,0.018821081146597862,0.8816682696342468,-1.0,419.0,428,2,263,0,0,0,100,100,0
686,2744,594,112,595,3,right+B,0.02601390704512596,0.1907583326101303,0.049915485084056854,0.7148138880729675,0.018498459830880165,0.8743811845779419,0.0,419.0,429,2,263,0,0,0,100,100,0
687,2748,594,106,595,3,right+B,0.02675735205411911,0.19563379883766174,0.05229891091585159,0.7060062289237976,0.019303740933537483,0.8923715949058533,0.0,419.0,430,2,263,0,0,0,100,100,0
688,2752,594,89,595,2,right+A,0.026247268542647362,0.19588248431682587,0.052016764879226685,0.7065960764884949,0.019257457926869392,0.8901141881942749,0.0,419.0,431,2,263,0,0,0,100,100,0
689,2756,594,79,595,3,right+B,0.026905322447419167,0.19470420479774475,0.052191611379384995,0.7070553302764893,0.019143491983413696,0.8908026218414307,0.0,419.0,432,2,263,0,0,0,100,100,0
690,2760,594,79,595,3,right+B,0.024984844028949738,0.18415221571922302,0.04708118364214897,0.7262241244316101,0.017557688057422638,0.8509294986724854,-1.0,418.0,433,2,262,0,0,0,100,100,0
691,2764,594,79,595,3,right+B,0.02417726442217827,0.1799498051404953,0.04518163576722145,0.7338210940361023,0.0168701633810997,0.8345320820808411,0.0,418.0,434,2,262,0,0,0,100,100,0
692,2768,594,79,595,3,right+B,0.02403075248003006,0.1784684658050537,0.04462030902504921,0.7357141971588135,0.01716630347073078,0.8314874172210693,0.0,418.0,435,2,262,0,0,0,100,100,0
693,2772,594,79,595,3,right+B,0.023388000205159187,0.17455138266086578,0.0430738590657711,0.7426590323448181,0.01632774993777275,0.8161219954490662,0.0,418.0,436,2,262,0,0,0,100,100,0
694,2776,594,79,595,0,NOOP,0.023342005908489227,0.17351034283638,0.04282800480723381,0.7444990277290344,0.015820546075701714,0.8118051886558533,0.0,418.0,437,2,262,0,0,0,100,100,0
695,2780,594,79,595,1,right,0.02325744926929474,0.17345397174358368,0.04337327927350998,0.7440755367279053,0.015839707106351852,0.813057541847229,-1.0,417.0,438,2,261,0,0,0,100,100,0
696,2784,594,79,595,3,right+B,0.022777250036597252,0.17038138210773468,0.04174762964248657,0.7495885491371155,0.015505104325711727,0.8009229302406311,0.0,417.0,439,2,261,0,0,0,100,100,0
697,2788,594,79,595,3,right+B,0.02495584823191166,0.1798386573791504,0.046446867287158966,0.7314226031303406,0.017336087301373482,0.8422775864601135,0.0,417.0,440,2,261,0,0,0,100,100,0
698,2792,594,93,595,2,right+A,0.025326522067189217,0.18181057274341583,0.04726872965693474,0.727830171585083,0.017764005810022354,0.8501282334327698,0.0,417.0,441,2,261,0,0,0,100,100,0
699,2796,594,108,595,3,right+B,0.02475450001657009,0.18115568161010742,0.04612206667661667,0.7306810021400452,0.017286742106080055,0.8423579931259155,0.0,417.0,442,2,261,0,0,0,100,100,0
700,2800,594,112,595,3,right+B,0.024555005133152008,0.1808343529701233,0.04530903697013855,0.732083261013031,0.017218410968780518,0.8387226462364197,-1.0,416.0,443,2,260,0,0,0,100,100,0
701,2804,594,106,595,1,right,0.024276334792375565,0.17923197150230408,0.04468243196606636,0.7350830435752869,0.0167263001203537,0.831920862197876,0.0,416.0,444,2,260,0,0,0,100,100,0
702,2808,594,89,595,3,right+B,0.02357153408229351,0.17609156668186188,0.04333706572651863,0.7404896020889282,0.016510222107172012,0.8204203844070435,0.0,416.0,445,2,260,0,0,0,100,100,0
703,2812,594,79,595,3,right+B,0.02386065572500229,0.17396950721740723,0.044106390327215195,0.7415285110473633,0.016534872353076935,0.8206241726875305,0.0,416.0,446,2,260,0,0,0,100,100,0
704,2816,594,79,595,3,right+B,0.023675665259361267,0.1749032735824585,0.043872568756341934,0.7412117123603821,0.016336776316165924,0.819923996925354,0.0,416.0,447,2,260,0,0,0,100,100,0
705,2820,594,79,595,3,right+B,0.02443358302116394,0.17885586619377136,0.04455246776342392,0.7355400323867798,0.016618115827441216,0.83115154504776,-1.0,415.0,448,2,259,0,0,0,100,100,0
706,2824,594,79,595,3,right+B,0.022836465388536453,0.1706380695104599,0.04128703102469444,0.7494622468948364,0.01577618159353733,0.8012260794639587,0.0,415.0,449,2,259,0,0,0,100,100,0
707,2828,594,79,595,3,right+B,0.023002760484814644,0.17082196474075317,0.042136289179325104,0.7481295466423035,0.015909459441900253,0.8050442337989807,0.0,415.0,450,2,259,0,0,0,100,100,0
708,2832,594,79,595,3,right+B,0.02380989119410515,0.17666581273078918,0.04430723190307617,0.7390439510345459,0.016173070296645164,0.8235204815864563,0.0,415.0,451,2,259,0,0,0,100,100,0
709,2836,594,93,595,2,right+A,0.025296296924352646,0.18606677651405334,0.0475444421172142,0.723625123500824,0.017467347905039787,0.8555179834365845,0.0,415.0,452,2,259,0,0,0,100,100,0
710,2840,594,108,595,3,right+B,0.026847418397665024,0.1954709142446518,0.05172218382358551,0.706784725189209,0.01917475089430809,0.8904878497123718,-1.0,414.0,453,2,258,0,0,0,100,100,0
711,2844,594,112,595,3,right+B,0.02761230617761612,0.20009450614452362,0.054444409906864166,0.6977973580360413,0.020051369443535805,0.9089996814727783,0.0,414.0,454,2,258,0,0,0,100,100,0
712,2848,594,106,595,1,right,0.028253775089979172,0.1983805000782013,0.055980220437049866,0.6970587968826294,0.020326755940914154,0.9137871265411377,0.0,414.0,455,2,258,0,0,0,100,100,0
713,2852,594,89,595,1,right,0.026747368276119232,0.1928226500749588,0.05238471180200577,0.7086890935897827,0.019356243312358856,0.889117956161499,0.0,414.0,456,2,258,0,0,0,100,100,0
714,2856,594,79,595,2,right+A,0.02671511285007,0.19133372604846954,0.052290916442871094,0.7109699249267578,0.01869030110538006,0.8844109773635864,0.0,414.0,457,2,258,0,0,0,100,100,0
715,2860,594,79,595,3,right+B,0.025211531668901443,0.1812814623117447,0.04707128554582596,0.7293100953102112,0.017125610262155533,0.846083402633667,-1.0,413.0,458,2,257,0,0,0,100,100,0
716,2864,594,79,595,3,right+B,0.025190657004714012,0.17970794439315796,0.046717625111341476,0.7314432263374329,0.016940509900450706,0.8421468138694763,0.0,413.0,459,2,257,0,0,0,100,100,0
717,2868,594,93,595,2,right+A,0.025172213092446327,0.17935281991958618,0.04583113268017769,0.7323207855224609,0.01732298731803894,0.8405741453170776,0.0,413.0,460,2,257,0,0,0,100,100,0
718,2872,594,108,595,1,right,0.024353381246328354,0.1773683726787567,0.04425004497170448,0.7372868061065674,0.016741417348384857,0.8283845782279968,0.0,413.0,461,2,257,0,0,0,100,100,0
719,2876,594,112,595,2,right+A,0.024100322276353836,0.1765679121017456,0.044024791568517685,0.7387881875038147,0.01651882566511631,0.824898362159729,0.0,413.0,462,2,257,0,0,0,100,100,0
720,2880,594,106,595,3,right+B,0.023796485736966133,0.17254087328910828,0.04414846748113632,0.7432277798652649,0.01628640480339527,0.8174964189529419,-1.0,412.0,463,2,256,0,0,0,100,100,0
721,2884,594,89,595,3,right+B,0.02305649220943451,0.17131492495536804,0.043408188968896866,0.7459414005279541,0.016278976574540138,0.8110137581825256,0.0,412.0,464,2,256,0,0,0,100,100,0
722,2888,594,79,595,3,right+B,0.02384769730269909,0.17315691709518433,0.04415709525346756,0.7422348260879517,0.016603518277406693,0.8198035955429077,0.0,412.0,465,2,256,0,0,0,100,100,0
723,2892,594,79,595,3,right+B,0.023316022008657455,0.1695367842912674,0.04175722599029541,0.749381959438324,0.016007982194423676,0.8035156726837158,0.0,412.0,466,2,256,0,0,0,100,100,0
724,2896,594,79,595,3,right+B,0.0230032317340374,0.167605921626091,0.04093911126255989,0.7528300285339355,0.015621785074472427,0.7956793308258057,0.0,412.0,467,2,256,0,0,0,100,100,0
725,2900,594,79,595,3,right+B,0.02308313176035881,0.16945843398571014,0.041792452335357666,0.7493903636932373,0.016275670379400253,0.8037189245223999,-1.0,411.0,468,2,255,0,0,0,100,100,0
726,2904,594,79,595,3,right+B,0.02300219051539898,0.16933128237724304,0.04217415302991867,0.7493066787719727,0.016185659915208817,0.8040030598640442,0.0,411.0,469,2,255,0,0,0,100,100,0
727,2908,594,79,595,3,right+B,0.022470392286777496,0.16690026223659515,0.04050326719880104,0.7546192407608032,0.015506821684539318,0.7910334467887878,0.0,411.0,470,2,255,0,0,0,100,100,0
728,2912,594,79,595,3,right+B,0.023045113310217857,0.16944079101085663,0.04177568480372429,0.7497761845588684,0.01596217043697834,0.8023082613945007,0.0,411.0,471,2,255,0,0,0,100,100,0
729,2916,594,79,595,1,right,0.023208145052194595,0.16992412507534027,0.042466603219509125,0.7481392621994019,0.016261877492070198,0.8067320585250854,0.0,411.0,472,2,255,0,0,0,100,100,0
730,2920,594,79,595,3,right+B,0.022911332547664642,0.16875191032886505,0.042359814047813416,0.7499557733535767,0.016021082177758217,0.8027251958847046,-1.0,410.0,473,2,254,0,0,0,100,100,0
731,2924,594,79,595,3,right+B,0.022582722827792168,0.16705955564975739,0.040886759757995605,0.7541080713272095,0.015362877398729324,0.7922279238700867,0.0,410.0,474,2,254,0,0,0,100,100,0
732,2928,594,79,595,1,right,0.022724144160747528,0.16871190071105957,0.041830793023109436,0.7510554194450378,0.01567775011062622,0.7991631627082825,0.0,410.0,475,2,254,0,0,0,100,100,0
733,2932,594,79,595,3,right+B,0.022590043023228645,0.16779638826847076,0.041152141988277435,0.7528566122055054,0.015604769811034203,0.7950739860534668,0.0,410.0,476,2,254,0,0,0,100,100,0
734,2936,594,79,595,3,right+B,0.02205904945731163,0.16512177884578705,0.04028959199786186,0.7572948932647705,0.015234689228236675,0.7852012515068054,0.0,410.0,477,2,254,0,0,0,100,100,0
735,2940,594,79,595,3,right+B,0.022479085251688957,0.16700777411460876,0.04105439782142639,0.7538690567016602,0.015589604154229164,0.793155312538147,-1.0,409.0,478,2,253,0,0,0,100,100,0
736,2944,594,93,595,2,right+A,0.023142440244555473,0.16949428617954254,0.04200077801942825,0.749243974685669,0.016118569299578667,0.803976833820343,0.0,409.0,479,2,253,0,0,0,100,100,0
737,2948,594,108,595,3,right+B,0.023431310430169106,0.17155098915100098,0.04301777109503746,0.7453720569610596,0.0166278388351202,0.812879204750061,0.0,409.0,480,2,253,0,0,0,100,100,0
738,2952,594,112,595,3,right+B,0.023879840970039368,0.17409059405326843,0.0437130331993103,0.7412375807762146,0.017078958451747894,0.8218144178390503,0.0,409.0,481,2,253,0,0,0,100,100,0
739,2956,594,106,595,1,right,0.023990076035261154,0.17389652132987976,0.0439540296792984,0.7413319945335388,0.016827372834086418,0.8216423988342285,0.0,409.0,482,2,253,0,0,0,100,100,0
740,2960,594,89,595,3,right+B,0.024263743311166763,0.17706094682216644,0.04428493231534958,0.7371990084648132,0.01719135232269764,0.8294355869293213,-1.0,408.0,483,2,252,0,0,0,100,100,0
741,2964,594,79,595,3,right+B,0.024098848924040794,0.17182530462741852,0.04386712983250618,0.7436124086380005,0.016596337780356407,0.817874550819397,0.0,408.0,484,2,252,0,0,0,100,100,0
742,2968,594,79,595,3,right+B,0.02425604872405529,0.17253845930099487,0.04421141371130943,0.7425671219825745,0.016426928341388702,0.8197838068008423,0.0,408.0,485,2,252,0,0,0,100,100,0
743,2972,594,79,595,3,right+B,0.02440403774380684,0.17376886308193207,0.04437531530857086,0.7412185072898865,0.01623324677348137,0.8218024969100952,0.0,408.0,486,2,252,0,0,0,100,100,0
744,2976,594,79,595,3,right+B,0.024088073521852493,0.17288464307785034,0.04339510574936867,0.7433223128318787,0.01630990207195282,0.8169561624526978,0.0,408.0,487,2,252,0,0,0,100,100,0
745,2980,594,79,595,3,right+B,0.024504253640770912,0.17576061189174652,0.04476518929004669,0.7383350133895874,0.01663486659526825,0.8276425004005432,-1.0,407.0,488,2,251,0,0,0,100,100,0
746,2984,594,79,595,3,right+B,0.024452097713947296,0.1753939539194107,0.04509652405977249,0.7383639216423035,0.016693470999598503,0.8280879259109497,0.0,407.0,489,2,251,0,0,0,100,100,0
747,2988,594,79,595,3,right+B,0.025989897549152374,0.18446281552314758,0.04875343292951584,0.722808301448822,0.01798548921942711,0.8608471155166626,0.0,407.0,490,2,251,0,0,0,100,100,0
748,2992,594,79,595,3,right+B,0.02538502961397171,0.18196333944797516,0.04707738012075424,0.7280701994895935,0.017504027113318443,0.8490457534790039,0.0,407.0,491,2,251,0,0,0,100,100,0
749,2996,594,93,595,2,right+A,0.026384277269244194,0.18688884377479553,0.04852163419127464,0.7200484871864319,0.01815677620470524,0.865453839302063,0.0,407.0,492,2,251,0,0,0,100,100,0
750,3000,594,108,595,3,right+B,0.027550281956791878,0.19468852877616882,0.05234213545918465,0.7060078978538513,0.019411111250519753,0.8942383527755737,-1.0,406.0,493,2,250,0,0,0,100,100,0
751,3004,594,112,595,3,right+B,0.026889188215136528,0.19514907896518707,0.05177510157227516,0.7068520784378052,0.019334550946950912,0.8909245729446411,0.0,406.0,494,2,250,0,0,0,100,100,0
752,3008,594,106,595,3,right+B,0.026529088616371155,0.19518953561782837,0.05201200395822525,0.7072593569755554,0.01901007443666458,0.8892452716827393,0.0,406.0,495,2,250,0,0,0,100,100,0
753,3012,594,89,595,3,right+B,0.026810646057128906,0.19771216809749603,0.05318428575992584,0.7026699185371399,0.01962289959192276,0.8986372947692871,0.0,406.0,496,2,250,0,0,0,100,100,0
754,3016,594,79,595,1,right,0.02713770605623722,0.19504007697105408,0.0527038536965847,0.7059338092803955,0.019184570759534836,0.8934738636016846,0.0,406.0,497,2,250,0,0,0,100,100,0
755,3020,594,79,595,3,right+B,0.024000514298677444,0.1789950430393219,0.04502130299806595,0.7353555560112,0.016627531498670578,0.831217885017395,-1.0,405.0,498,2,249,0,0,0,100,100,0
756,3024,594,79,595,3,right+B,0.023772740736603737,0.17672409117221832,0.04416799172759056,0.7389974594116211,0.016337713226675987,0.8237125873565674,0.0,405.0,499,2,249,0,0,0,100,100,0
757,3028,594,79,595,3,right+B,0.02370242401957512,0.17752088606357574,0.044064056128263474,0.737838089466095,0.016874557361006737,0.8263527154922485,0.0,405.0,500,2,249,0,0,0,100,100,0
758,3032,594,79,595,3,right+B,0.02305477485060692,0.17340925335884094,0.04302408918738365,0.7443769574165344,0.01613491214811802,0.8124288320541382,0.0,405.0,501,2,249,0,0,0,100,100,0
759,3036,594,93,595,2,right+A,0.023608563467860222,0.1758168339729309,0.04398588463664055,0.740393877029419,0.016194768249988556,0.8207870721817017,0.0,405.0,502,2,249,0,0,0,100,100,0
760,3040,594,108,595,1,right,0.022823844105005264,0.1727064996957779,0.04266221821308136,0.745711624622345,0.016095833852887154,0.8094156980514526,-1.0,404.0,503,2,248,0,0,0,100,100,0
761,3044,594,112,595,2,right+A,0.024203462526202202,0.1788553148508072,0.0452750138938427,0.7342450022697449,0.017421158030629158,0.8354097604751587,0.0,404.0,504,2,248,0,0,0,100,100,0
762,3048,594,106,595,3,right+B,0.026297079399228096,0.18724273145198822,0.0507831908762455,0.7165794968605042,0.019097477197647095,0.8751204013824463,0.0,404.0,505,2,248,0,0,0,100,100,0
763,3052,594,89,595,3,right+B,0.02568162977695465,0.1879902333021164,0.05009548366069794,0.7172961235046387,0.01893657259643078,0.8716714978218079,0.0,404.0,506,2,248,0,0,0,100,100,0
764,3056,594,79,595,3,right+B,0.02534870244562626,0.1835119128227234,0.047386884689331055,0.7261273264884949,0.0176251120865345,0.8523595333099365,0.0,404.0,507,2,248,0,0,0,100,100,0
765,3060,594,79,595,3,right+B,0.02360963076353073,0.17467200756072998,0.042958471924066544,0.7425447106361389,0.01621508225798607,0.8163026571273804,-1.0,403.0,508,2,247,0,0,0,100,100,0
766,3064,594,79,595,3,right+B,0.023253684863448143,0.17431043088436127,0.04153333604335785,0.7454139590263367,0.015488583594560623,0.8076634407043457,0.0,403.0,509,2,247,0,0,0,100,100,0
767,3068,594,79,595,1,right,0.022590627893805504,0.16942918300628662,0.041154343634843826,0.7512848973274231,0.01554097793996334,0.7972766160964966,0.0,403.0,510,2,247,0,0,0,100,100,0
768,3072,594,79,595,3,right+B,0.02327756956219673,0.17299924790859222,0.044103626161813736,0.7432727813720703,0.016346711665391922,0.8164774179458618,0.0,403.0,511,2,247,0,0,0,100,100,0
769,3076,594,79,595,3,right+B,0.024371011182665825,0.18055959045886993,0.0451689250767231,0.7331101894378662,0.016790298745036125,0.8357114791870117,0.0,403.0,512,2,247,0,0,0,100,100,0
770,3080,594,79,595,1,right,0.023227650672197342,0.17419235408306122,0.04250466451048851,0.7439454197883606,0.016129925847053528,0.8126646876335144,-1.0,402.0,513,2,246,0,0,0,100,100,0
771,3084,594,79,595,3,right+B,0.022828228771686554,0.17121894657611847,0.041633836925029755,0.748332679271698,0.015986334532499313,0.8038691282272339,0.0,402.0,514,2,246,0,0,0,100,100,0
772,3088,594,79,595,3,right+B,0.023408157750964165,0.17381209135055542,0.043287504464387894,0.7432160377502441,0.01627621054649353,0.8155303001403809,0.0,402.0,515,2,246,0,0,0,100,100,0
773,3092,594,79,595,1,right,0.0248334389179945,0.18234142661094666,0.046305350959300995,0.7292813658714294,0.017238464206457138,0.844598650932312,0.0,402.0,516,2,246,0,0,0,100,100,0
774,3096,594,79,595,3,right+B,0.026401814073324203,0.1921762079000473,0.05046270042657852,0.7122675180435181,0.018691785633563995,0.8796858787536621,0.0,402.0,517,2,246,0,0,0,100,100,0
775,3100,594,79,595,3,right+B,0.026907598599791527,0.19512426853179932,0.05213861167430878,0.7065776586532593,0.019251860678195953,0.891603946685791,-1.0,401.0,518,2,245,0,0,0,100,100,0
776,3104,594,79,595,3,right+B,0.027282293885946274,0.19529730081558228,0.05323883891105652,0.7047412991523743,0.019440259784460068,0.8965798616409302,0.0,401.0,519,2,245,0,0,0,100,100,0
777,3108,594,93,595,2,right+A,0.0271765049546957,0.19408561289310455,0.052556563168764114,0.7070016264915466,0.019179722294211388,0.8919696807861328,0.0,401.0,520,2,245,0,0,0,100,100,0
778,3112,594,108,595,3,right+B,0.02653823047876358,0.19288752973079681,0.05230183154344559,0.7094574570655823,0.018814897164702415,0.886343240737915,0.0,401.0,521,2,245,0,0,0,100,100,0
779,3116,594,112,595,2,right+A,0.02583594247698784,0.1890908032655716,0.049531854689121246,0.7176173329353333,0.01792406290769577,0.8684446215629578,0.0,401.0,522,2,245,0,0,0,100,100,0
780,3120,594,106,595,4,right+A+B,0.02521267719566822,0.18280130624771118,0.04888513684272766,0.725734293460846,0.017366643995046616,0.854026734828949,-1.0,400.0,523,2,244,0,0,0,100,100,0
781,3124,594,89,595,3,right+B,0.02543007954955101,0.1845865249633789,0.04797746613621712,0.7241786122322083,0.017827240750193596,0.8564633727073669,0.0,400.0,524,2,244,0,0,0,100,100,0
782,3128,594,79,595,3,right+B,0.024617977440357208,0.17732784152030945,0.04522988945245743,0.7358532547950745,0.016971003264188766,0.8328394293785095,0.0,400.0,525,2,244,0,0,0,100,100,0
783,3132,594,79,595,3,right+B,0.023494912311434746,0.17146405577659607,0.04255882650613785,0.7465418577194214,0.01594030298292637,0.8090301156044006,0.0,400.0,526,2,244,0,0,0,100,100,0
784,3136,594,79,595,3,right+B,0.023789089173078537,0.17178240418434143,0.04291141778230667,0.7454231381416321,0.016093946993350983,0.8121117353439331,0.0,400.0,527,2,244,0,0,0,100,100,0
785,3140,594,79,595,3,right+B,0.02297631837427616,0.16878466308116913,0.04242778569459915,0.7497410178184509,0.01607012003660202,0.8033844232559204,-1.0,399.0,528,2,243,0,0,0,100,100,0
786,3144,594,79,595,3,right+B,0.023297283798456192,0.17166347801685333,0.042957454919815063,0.7456501722335815,0.01643160544335842,0.811660885810852,0.0,399.0,529,2,243,0,0,0,100,100,0
787,3148,594,79,595,3,right+B,0.023559115827083588,0.1725701242685318,0.04242774844169617,0.745040237903595,0.016402781009674072,0.8122707605361938,0.0,399.0,530,2,243,0,0,0,100,100,0
788,3152,594,79,595,3,right+B,0.023711955174803734,0.1735842376947403,0.043036799877882004,0.7430896162986755,0.016577396541833878,0.8166823387145996,0.0,399.0,531,2,243,0,0,0,100,100,0
789,3156,594,79,595,3,right+B,0.023330293595790863,0.17133165895938873,0.04237798601388931,0.7466309666633606,0.016329118981957436,0.8092377185821533,0.0,399.0,532,2,243,0,0,0,100,100,0
790,3160,594,79,595,1,right,0.0229929331690073,0.1695721298456192,0.04251307621598244,0.7487879991531372,0.016133882105350494,0.8051040172576904,-1.0,398.0,533,2,242,0,0,0,100,100,0
791,3164,594,93,595,4,right+A+B,0.022318029776215553,0.16672369837760925,0.04091223329305649,0.7546032071113586,0.015442757867276669,0.7911761403083801,0.0,398.0,534,2,242,0,0,0,100,100,0
792,3168,594,108,595,3,right+B,0.022448815405368805,0.16772912442684174,0.04159019887447357,0.7525337338447571,0.015698140487074852,0.7961098551750183,0.0,398.0,535,2,242,0,0,0,100,100,0
793,3172,594,112,595,3,right+B,0.02291308529675007,0.1714526116847992,0.042422302067279816,0.7468730807304382,0.016338903456926346,0.8081307411193848,0.0,398.0,536,2,242,0,0,0,100,100,0
794,3176,594,106,595,3,right+B,0.023038243874907494,0.17038387060165405,0.04389649257063866,0.7461220622062683,0.016559334471821785,0.8120338916778564,0.0,398.0,537,2,242,0,0,0,100,100,0
795,3180,594,89,595,3,right+B,0.022689374163746834,0.17028222978115082,0.04279326647520065,0.7477592825889587,0.0164758563041687,0.8072085976600647,-1.0,397.0,538,2,241,0,0,0,100,100,0
796,3184,594,79,595,3,right+B,0.022930901497602463,0.16886483132839203,0.04260507598519325,0.7494965195655823,0.016102667897939682,0.8039795160293579,0.0,397.0,539,2,241,0,0,0,100,100,0
797,3188,594,79,595,3,right+B,0.022592416033148766,0.16656696796417236,0.04107910767197609,0.7540985941886902,0.01566290110349655,0.7932440638542175,0.0,397.0,540,2,241,0,0,0,100,100,0
798,3192,594,79,595,3,right+B,0.02250409871339798,0.16579082608222961,0.04061414301395416,0.7557184100151062,0.015372499823570251,0.7892751693725586,0.0,397.0,541,2,241,0,0,0,100,100,0
799,3196,594,79,595,1,right,0.02219998836517334,0.1654890477657318,0.040804456919431686,0.7557894587516785,0.01571698486804962,0.7896401882171631,0.0,397.0,542,2,241,0,0,0,100,100,0
800,3200,594,79,595,3,right+B,0.023020874708890915,0.16932952404022217,0.04217901453375816,0.7493231892585754,0.016147425398230553,0.8039329051971436,-1.0,396.0,543,2,240,0,0,0,100,100,0
801,3204,594,79,595,3,right+B,0.022865835577249527,0.16780497133731842,0.04158095642924309,0.7519439458847046,0.015804216265678406,0.7980678081512451,0.0,396.0,544,2,240,0,0,0,100,100,0
802,3208,594,79,595,3,right+B,0.023529883474111557,0.17112520337104797,0.043275170028209686,0.745674192905426,0.016395611688494682,0.8124427199363708,0.0,396.0,545,2,240,0,0,0,100,100,0
803,3212,594,79,595,3,right+B,0.023377615958452225,0.17157484591007233,0.04246481508016586,0.7464040517807007,0.01617860607802868,0.8094325065612793,0.0,396.0,546,2,240,0,0,0,100,100,0
804,3216,594,79,595,3,right+B,0.023280100896954536,0.17114108800888062,0.042373862117528915,0.7471117377281189,0.01609320007264614,0.8078675866127014,0.0,396.0,547,2,240,0,0,0,100,100,0
805,3220,594,79,595,3,right+B,0.022772103548049927,0.16770941019058228,0.040981099009513855,0.7529692649841309,0.015568098053336143,0.794941246509552,-1.0,395.0,548,2,239,0,0,0,100,100,0
806,3224,594,79,595,3,right+B,0.02408878318965435,0.17388276755809784,0.04402438551187515,0.741341233253479,0.01666286028921604,0.8215360641479492,0.0,395.0,549,2,239,0,0,0,100,100,0
807,3228,594,79,595,3,right+B,0.024831846356391907,0.17718592286109924,0.04542618244886398,0.7354322075843811,0.01712392270565033,0.8344858884811401,0.0,395.0,550,2,239,0,0,0,100,100,0
808,3232,594,79,595,1,right,0.024256205186247826,0.1742940992116928,0.04367230087518692,0.7412748336791992,0.016502533107995987,0.8211004734039307,0.0,395.0,551,2,239,0,0,0,100,100,0
809,3236,594,79,595,1,right,0.024927886202931404,0.17669592797756195,0.04481047764420509,0.7366948127746582,0.016870921477675438,0.831440269947052,0.0,395.0,552,2,239,0,0,0,100,100,0
810,3240,594,79,595,3,right+B,0.024892210960388184,0.17749695479869843,0.045471321791410446,0.735095739364624,0.017043795436620712,0.8349568247795105,-1.0,394.0,553,2,238,0,0,0,100,100,0
811,3244,594,79,595,3,right+B,0.025458568707108498,0.181028813123703,0.04701380059123039,0.7288548946380615,0.017644003033638,0.8483408689498901,0.0,394.0,554,2,238,0,0,0,100,100,0
812,3248,594,79,595,3,right+B,0.02559145726263523,0.18287070095539093,0.04751720651984215,0.7264451384544373,0.017575450241565704,0.8524603247642517,0.0,394.0,555,2,238,0,0,0,100,100,0
813,3252,594,79,595,1,right,0.025639327242970467,0.18343427777290344,0.0470413975417614,0.7265210151672363,0.017363958060741425,0.8513086438179016,0.0,394.0,556,2,238,0,0,0,100,100,0
814,3256,594,79,595,3,right+B,0.027381349354982376,0.19254592061042786,0.0510425940155983,0.710220217704773,0.018809927627444267,0.8853380084037781,0.0,394.0,557,2,238,0,0,0,100,100,0
815,3260,594,79,595,3,right+B,0.026310624554753304,0.1906512826681137,0.05004904419183731,0.7147476673126221,0.018241431564092636,0.8746353387832642,-1.0,393.0,558,2,237,0,0,0,100,100,0
816,3264,594,79,595,3,right+B,0.025564532727003098,0.18975912034511566,0.049561332911252975,0.7172278165817261,0.017887219786643982,0.868373692035675,0.0,393.0,559,2,237,0,0,0,100,100,0
817,3268,594,79,595,3,right+B,0.02578471414744854,0.19226358830928802,0.050301000475883484,0.7134514451026917,0.018199216574430466,0.8755307197570801,0.0,393.0,560,2,237,0,0,0,100,100,0
818,3272,594,79,595,3,right+B,0.026597095653414726,0.19348809123039246,0.0508878231048584,0.7102099657058716,0.01881709322333336,0.883618950843811,0.0,393.0,561,2,237,0,0,0,100,100,0
819,3276,594,79,595,3,right+B,0.02490062452852726,0.18383125960826874,0.046905823051929474,0.726775586605072,0.01758671924471855,0.8498325943946838,0.0,393.0,562,2,237,0,0,0,100,100,0
820,3280,594,79,595,0,NOOP,0.025239139795303345,0.18581929802894592,0.04751616343855858,0.7235656976699829,0.017859693616628647,0.8563697934150696,-1.0,392.0,563,2,236,0,0,0,100,100,0
821,3284,594,79,595,1,right,0.025230124592781067,0.18438571691513062,0.047443099319934845,0.7249186635017395,0.018022414296865463,0.8547863364219666,0.0,392.0,564,2,236,0,0,0,100,100,0
822,3288,594,79,595,3,right+B,0.02344290167093277,0.17407433688640594,0.04301881417632103,0.7431694269180298,0.016294486820697784,0.8153365850448608,0.0,392.0,565,2,236,0,0,0,100,100,0
823,3292,594,79,595,3,right+B,0.02378726750612259,0.17459321022033691,0.043291088193655014,0.7422504425048828,0.01607801578938961,0.8172223567962646,0.0,392.0,566,2,236,0,0,0,100,100,0
824,3296,594,79,595,3,right+B,0.023365231230854988,0.1735612004995346,0.042695898562669754,0.7444530725479126,0.015924563631415367,0.8119825124740601,0.0,392.0,567,2,236,0,0,0,100,100,0
825,3300,594,79,595,3,right+B,0.02302989922463894,0.17129595577716827,0.04224018007516861,0.7476022243499756,0.015831738710403442,0.805837094783783,-1.0,391.0,568,2,235,0,0,0,100,100,0
826,3304,594,79,595,3,right+B,0.025042271241545677,0.1803203672170639,0.046586450189352036,0.7307494282722473,0.017301494255661964,0.8434993028640747,0.0,391.0,569,2,235,0,0,0,100,100,0
827,3308,594,93,595,2,right+A,0.025733472779393196,0.1849951595067978,0.04885556548833847,0.7224310636520386,0.017984703183174133,0.8609917163848877,0.0,391.0,570,2,235,0,0,0,100,100,0
828,3312,594,108,595,3,right+B,0.024813611060380936,0.18145889043807983,0.04596533253788948,0.7306501269340515,0.017112012952566147,0.8418921828269958,0.0,391.0,571,2,235,0,0,0,100,100,0
829,3316,594,112,595,4,right+A+B,0.02439347840845585,0.1809019297361374,0.04517238959670067,0.7325155735015869,0.017016656696796417,0.8371300101280212,0.0,391.0,572,2,235,0,0,0,100,100,0
830,3320,594,106,595,3,right+B,0.024103518575429916,0.1789100617170334,0.04445713013410568,0.7359442114830017,0.016585052013397217,0.8297094106674194,-1.0,390.0,573,2,234,0,0,0,100,100,0
831,3324,594,89,595,3,right+B,0.02383081242442131,0.17858919501304626,0.04355192184448242,0.7374358773231506,0.016592152416706085,0.825796902179718,0.0,390.0,574,2,234,0,0,0,100,100,0
832,3328,594,79,595,3,right+B,0.023520199581980705,0.172389954328537,0.04358145594596863,0.7442508339881897,0.01625753939151764,0.8146078586578369,0.0,390.0,575,2,234,0,0,0,100,100,0
833,3332,594,79,595,3,right+B,0.023864829912781715,0.17508438229560852,0.04385702684521675,0.7408122420310974,0.016381552442908287,0.8209628462791443,0.0,390.0,576,2,234,0,0,0,100,100,0
834,3336,594,79,595,1,right,0.023954883217811584,0.17579253017902374,0.04288102686405182,0.7411880493164062,0.016183530911803246,0.818766176700592,0.0,390.0,577,2,234,0,0,0,100,100,0
835,3340,594,79,595,3,right+B,0.02334846369922161,0.1735859513282776,0.04202674701809883,0.7447234988212585,0.016315314918756485,0.8115400671958923,-1.0,389.0,578,2,233,0,0,0,100,100,0
836,3344,594,79,595,3,right+B,0.023261722177267075,0.17190484702587128,0.042253777384757996,0.7465071678161621,0.016072474420070648,0.8085032105445862,0.0,389.0,579,2,233,0,0,0,100,100,0
837,3348,594,79,595,0,NOOP,0.024177316576242447,0.17723822593688965,0.044577110558748245,0.7375195026397705,0.01648784801363945,0.8275550603866577,0.0,389.0,580,2,233,0,0,0,100,100,0
838,3352,594,79,595,0,NOOP,0.025949086993932724,0.18878547847270966,0.04907478392124176,0.7183471322059631,0.017843516543507576,0.8668910264968872,0.0,389.0,581,2,233,0,0,0,100,100,0
839,3356,594,79,595,3,right+B,0.027189308777451515,0.19555425643920898,0.0517277792096138,0.7065861821174622,0.018942516297101974,0.8908863067626953,0.0,389.0,582,2,233,0,0,0,100,100,0
840,3360,594,79,595,3,right+B,0.027090415358543396,0.19408799707889557,0.052294954657554626,0.7077004909515381,0.018826203420758247,0.8897325992584229,-1.0,388.0,583,2,232,0,0,0,100,100,0
841,3364,594,79,595,3,right+B,0.027392897754907608,0.19466716051101685,0.05284310504794121,0.7060557007789612,0.019041119143366814,0.8936676979064941,0.0,388.0,584,2,232,0,0,0,100,100,0
842,3368,594,79,595,3,right+B,0.02661179006099701,0.19059666991233826,0.0518542118370533,0.7122246623039246,0.018712714314460754,0.8820418119430542,0.0,388.0,585,2,232,0,0,0,100,100,0
843,3372,594,79,595,0,NOOP,0.025471147149801254,0.1856178641319275,0.04906216636300087,0.7222568988800049,0.01759190298616886,0.8600638508796692,0.0,388.0,586,2,232,0,0,0,100,100,0
844,3376,594,79,595,3,right+B,0.025312364101409912,0.18425863981246948,0.04771960899233818,0.7253819108009338,0.017327452078461647,0.8530603647232056,0.0,388.0,587,2,232,0,0,0,100,100,0
845,3380,594,79,595,3,right+B,0.02583005465567112,0.18388614058494568,0.04828552156686783,0.724270224571228,0.017728013917803764,0.8573082685470581,-1.0,387.0,588,2,231,0,0,0,100,100,0
846,3384,594,79,595,3,right+B,0.025578008964657784,0.18076744675636292,0.04609358683228493,0.7301918864250183,0.017369069159030914,0.844819188117981,0.0,387.0,589,2,231,0,0,0,100,100,0
847,3388,594,79,595,1,right,0.02457071654498577,0.17669732868671417,0.04426704719662666,0.7376779317855835,0.016787005588412285,0.8283875584602356,0.0,387.0,590,2,231,0,0,0,100,100,0
848,3392,594,79,595,3,right+B,0.02465324103832245,0.1770595908164978,0.04453151673078537,0.7370142936706543,0.01674138754606247,0.8297560811042786,0.0,387.0,591,2,231,0,0,0,100,100,0
849,3396,594,79,595,3,right+B,0.023602541536092758,0.17097464203834534,0.0427563339471817,0.7467449307441711,0.015921493992209435,0.8091743588447571,0.0,387.0,592,2,231,0,0,0,100,100,0
850,3400,594,79,595,3,right+B,0.02380288578569889,0.1725836843252182,0.04399368539452553,0.7433077096939087,0.01631207764148712,0.8172417283058167,-1.0,386.0,593,2,230,0,0,0,100,100,0
851,3404,594,79,595,3,right+B,0.023779023438692093,0.17416022717952728,0.04315759986639023,0.7425281405448914,0.0163749847561121,0.8173226118087769,0.0,386.0,594,2,230,0,0,0,100,100,0
852,3408,594,79,595,3,right+B,0.023727165535092354,0.1726294457912445,0.042955417186021805,0.7444109916687012,0.016277018934488297,0.8139654994010925,0.0,386.0,595,2,230,0,0,0,100,100,0
853,3412,594,79,595,3,right+B,0.02315395325422287,0.16958492994308472,0.041336193680763245,0.7501768469810486,0.01574805937707424,0.8008041381835938,0.0,386.0,596,2,230,0,0,0,100,100,0
854,3416,594,79,595,3,right+B,0.02327835187315941,0.17099036276340485,0.04244218021631241,0.7470855116844177,0.01620353013277054,0.808258593082428,0.0,386.0,597,2,230,0,0,0,100,100,0
855,3420,594,93,595,2,right+A,0.022903576493263245,0.16877973079681396,0.041961658746004105,0.7502297163009644,0.016125328838825226,0.8019942045211792,-1.0,385.0,598,2,229,0,0,0,100,100,0
856,3424,594,108,595,3,right+B,0.022814307361841202,0.16953793168067932,0.04178021475672722,0.7498008012771606,0.016066716983914375,0.8020629286766052,0.0,385.0,599,2,229,0,0,0,100,100,0
857,3428,594,112,595,3,right+B,0.02342030592262745,0.17296135425567627,0.043067816644907,0.7438581585884094,0.01669236458837986,0.8152936697006226,0.0,385.0,600,2,229,0,0,0,100,100,0
858,3432,594,106,595,1,right,0.02341534197330475,0.17106354236602783,0.04377499595284462,0.7450716495513916,0.016674546524882317,0.8144380450248718,0.0,385.0,601,2,229,0,0,0,100,100,0
859,3436,594,89,595,3,right+B,0.02330085076391697,0.1723536252975464,0.04372979328036308,0.7436525225639343,0.016963236033916473,0.8168999552726746,0.0,385.0,602,2,229,0,0,0,100,100,0
860,3440,594,79,595,3,right+B,0.022888753563165665,0.1678445041179657,0.04232481122016907,0.750954270362854,0.015987683087587357,0.8010607957839966,-1.0,384.0,603,2,228,0,0,0,100,100,0
861,3444,594,79,595,3,right+B,0.022394612431526184,0.1654754877090454,0.04066598042845726,0.756040096282959,0.015423785895109177,0.7887626886367798,0.0,384.0,604,2,228,0,0,0,100,100,0
862,3448,594,79,595,3,right+B,0.02242411859333515,0.16532273590564728,0.04048354923725128,0.7566056847572327,0.015163873322308064,0.7870864868164062,0.0,384.0,605,2,228,0,0,0,100,100,0
863,3452,594,79,595,3,right+B,0.02211388759315014,0.1650213748216629,0.04045921191573143,0.7570539116859436,0.015351599082350731,0.7861956357955933,0.0,384.0,606,2,228,0,0,0,100,100,0
864,3456,594,79,595,3,right+B,0.022387778386473656,0.1664862334728241,0.04107222333550453,0.7545236945152283,0.015530072152614594,0.7918681502342224,0.0,384.0,607,2,228,0,0,0,100,100,0
865,3460,594,79,595,3,right+B,0.022171182557940483,0.16505171358585358,0.040176860988140106,0.7573999762535095,0.015200228430330753,0.7850252389907837,-1.0,383.0,608,2,227,0,0,0,100,100,0
866,3464,594,79,595,3,right+B,0.02306392602622509,0.16917240619659424,0.04193522036075592,0.7498276233673096,0.016000837087631226,0.8025833964347839,0.0,383.0,609,2,227,0,0,0,100,100,0
867,3468,594,79,595,3,right+B,0.02328062616288662,0.17076873779296875,0.04180923476815224,0.7479129433631897,0.016228443011641502,0.8062143325805664,0.0,383.0,610,2,227,0,0,0,100,100,0
868,3472,594,79,595,3,right+B,0.0231635719537735,0.17026327550411224,0.04188631847500801,0.7485635280609131,0.016123343259096146,0.8048796653747559,0.0,383.0,611,2,227,0,0,0,100,100,0
869,3476,594,79,595,1,right,0.023095740005373955,0.16861295700073242,0.04104463756084442,0.7514773011207581,0.01576930657029152,0.7983882427215576,0.0,383.0,612,2,227,0,0,0,100,100,0
870,3480,594,79,595,3,right+B,0.02389281801879406,0.17252497375011444,0.04319635033607483,0.7438952326774597,0.01649068295955658,0.8158850073814392,-1.0,382.0,613,2,226,0,0,0,100,100,0
871,3484,594,79,595,3,right+B,0.024588236585259438,0.1748494952917099,0.04453134536743164,0.7391123175621033,0.016918562352657318,0.8270353078842163,0.0,382.0,614,2,226,0,0,0,100,100,0
872,3488,594,79,595,3,right+B,0.024584880098700523,0.1753282994031906,0.044544994831085205,0.7387357354164124,0.016806060448288918,0.8273264169692993,0.0,382.0,615,2,226,0,0,0,100,100,0
873,3492,594,79,595,1,right,0.025081008672714233,0.1770099699497223,0.04487305507063866,0.7360954284667969,0.016940569505095482,0.8328441381454468,0.0,382.0,616,2,226,0,0,0,100,100,0
874,3496,594,79,595,3,right+B,0.024888141080737114,0.1769399493932724,0.045337434858083725,0.7360557913780212,0.01677866093814373,0.8327772617340088,0.0,382.0,617,2,226,0,0,0,100,100,0
875,3500,594,79,595,3,right+B,0.024738222360610962,0.1770600527524948,0.04558722674846649,0.7357944250106812,0.016820168122649193,0.8332923054695129,-1.0,381.0,618,2,225,0,0,0,100,100,0
876,3504,594,79,595,1,right,0.02509221062064171,0.17968913912773132,0.04674629494547844,0.7313846945762634,0.01708768866956234,0.8424210548400879,0.0,381.0,619,2,225,0,0,0,100,100,0
877,3508,594,79,595,3,right+B,0.024596288800239563,0.17888320982456207,0.04565908759832382,0.7342498898506165,0.01661156304180622,0.8348068594932556,0.0,381.0,620,2,225,0,0,0,100,100,0
878,3512,594,79,595,1,right,0.026194114238023758,0.18743859231472015,0.04807975888252258,0.7203245162963867,0.01796303503215313,0.8636571764945984,0.0,381.0,621,2,225,0,0,0,100,100,0
879,3516,594,79,595,1,right,0.026880303397774696,0.19187574088573456,0.05067862942814827,0.711816668510437,0.01874859817326069,0.8816419243812561,0.0,381.0,622,2,225,0,0,0,100,100,0
880,3520,594,79,595,3,right+B,0.025810465216636658,0.1883748471736908,0.04908489063382149,0.7186679244041443,0.018061937764286995,0.8667141199111938,-1.0,380.0,623,2,224,0,0,0,100,100,0
881,3524,594,79,595,1,right,0.02614392340183258,0.1932278573513031,0.05073881149291992,0.711208164691925,0.01868118718266487,0.8809003233909607,0.0,380.0,624,2,224,0,0,0,100,100,0
882,3528,594,79,595,3,right+B,0.02660464495420456,0.19428682327270508,0.051462627947330475,0.7085974812507629,0.019048430025577545,0.8870294094085693,0.0,380.0,625,2,224,0,0,0,100,100,0
883,3532,594,79,595,3,right+B,0.026546619832515717,0.1925153136253357,0.050252195447683334,0.7117598056793213,0.01892610266804695,0.8809000253677368,0.0,380.0,626,2,224,0,0,0,100,100,0
884,3536,594,79,595,3,right+B,0.025338660925626755,0.1869896501302719,0.0477762296795845,0.721963107585907,0.017932292073965073,0.8592650294303894,0.0,380.0,627,2,224,0,0,0,100,100,0
885,3540,594,79,595,3,right+B,0.024799471721053123,0.18269503116607666,0.047050591558218,0.727852463722229,0.017602387815713882,0.8483796119689941,-1.0,379.0,628,2,223,0,0,0,100,100,0
886,3544,594,79,595,3,right+B,0.023803068324923515,0.17680682241916656,0.04402822628617287,0.7386526465415955,0.016709255054593086,0.8249529600143433,0.0,379.0,629,2,223,0,0,0,100,100,0
887,3548,594,79,595,3,right+B,0.022605836391448975,0.17044922709465027,0.04203491285443306,0.7493975162506104,0.015512538142502308,0.8012815117835999,0.0,379.0,630,2,223,0,0,0,100,100,0
888,3552,594,79,595,1,right,0.022978967055678368,0.17216435074806213,0.04219066724181175,0.7472326159477234,0.015433437190949917,0.8052542209625244,0.0,379.0,631,2,223,0,0,0,100,100,0
889,3556,594,79,595,1,right,0.022146468982100487,0.1688876450061798,0.04047771915793419,0.7534701824188232,0.015018004924058914,0.7908970713615417,0.0,379.0,632,2,223,0,0,0,100,100,0
890,3560,594,79,595,3,right+B,0.02308659255504608,0.17203038930892944,0.04253121465444565,0.7464154958724976,0.015936244279146194,0.8083517551422119,-1.0,378.0,633,2,222,0,0,0,100,100,0
891,3564,594,79,595,3,right+B,0.025535326451063156,0.18334224820137024,0.047939520329236984,0.7253095507621765,0.017873382195830345,0.8551774621009827,0.0,378.0,634,2,222,0,0,0,100,100,0
892,3568,594,79,595,3,right+B,0.02534245140850544,0.18383155763149261,0.047487661242485046,0.7256335020065308,0.017704777419567108,0.8533486723899841,0.0,378.0,635,2,222,0,0,0,100,100,0
893,3572,594,79,595,3,right+B,0.025110460817813873,0.18200968205928802,0.04537445679306984,0.730323314666748,0.017182081937789917,0.8422853946685791,0.0,378.0,636,2,222,0,0,0,100,100,0
894,3576,594,79,595,3,right+B,0.02499403804540634,0.18158581852912903,0.04618369787931442,0.729712724685669,0.01752375066280365,0.844822108745575,0.0,378.0,637,2,222,0,0,0,100,100,0
895,3580,594,79,595,3,right+B,0.023304706439375877,0.17423950135707855,0.04180970415472984,0.7448211312294006,0.015825066715478897,0.809833824634552,-1.0,377.0,638,2,221,0,0,0,100,100,0
896,3584,594,79,595,1,right,0.02285027876496315,0.17008210718631744,0.041475314646959305,0.7499255537986755,0.015666762366890907,0.8005731105804443,0.0,377.0,639,2,221,0,0,0,100,100,0
897,3588,594,79,595,1,right,0.024036677554249763,0.17545388638973236,0.044560499489307404,0.7391805052757263,0.01676839217543602,0.8255364298820496,0.0,377.0,640,2,221,0,0,0,100,100,0
898,3592,594,79,595,1,right,0.02450510859489441,0.17943540215492249,0.0449218675494194,0.734369695186615,0.016767943277955055,0.8338140249252319,0.0,377.0,641,2,221,0,0,0,100,100,0
899,3596,594,79,595,3,right+B,0.023610159754753113,0.17547869682312012,0.04251686856150627,0.74238121509552,0.016013063490390778,0.8154354691505432,0.0,377.0,642,2,221,0,0,0,100,100,0
900,3600,594,79,595,3,right+B,0.02253459393978119,0.16868780553340912,0.04114408791065216,0.7522094249725342,0.015424140729010105,0.7954905033111572,-1.0,376.0,643,2,220,0,0,0,100,100,0
901,3604,594,79,595,3,right+B,0.02308233268558979,0.17194482684135437,0.04215553402900696,0.7470806241035461,0.015736686065793037,0.8063641786575317,0.0,376.0,644,2,220,0,0,0,100,100,0
902,3608,594,79,595,1,right,0.024894563481211662,0.1832568347454071,0.046691443771123886,0.7279788255691528,0.017178256064653397,0.8469076156616211,0.0,376.0,645,2,220,0,0,0,100,100,0
903,3612,594,79,595,3,right+B,0.026295151561498642,0.19095508754253387,0.049829836934804916,0.7146589756011963,0.018260924145579338,0.8744735717773438,0.0,376.0,646,2,220,0,0,0,100,100,0
904,3616,594,79,595,3,right+B,0.02695765160024166,0.19485127925872803,0.05179726332426071,0.7073590755462646,0.019034702330827713,0.8897411227226257,0.0,376.0,647,2,220,0,0,0,100,100,0
905,3620,594,79,595,3,right+B,0.02732492983341217,0.1946641504764557,0.052667852491140366,0.7060085535049438,0.019334502518177032,0.8940459489822388,-1.0,375.0,648,2,219,0,0,0,100,100,0
906,3624,594,79,595,3,right+B,0.02715151570737362,0.19272835552692413,0.05222358927130699,0.7087979912757874,0.019098544493317604,0.888966977596283,0.0,375.0,649,2,219,0,0,0,100,100,0
907,3628,594,79,595,3,right+B,0.025885334238409996,0.1878877729177475,0.05008787289261818,0.7181636691093445,0.01797538250684738,0.868672788143158,0.0,375.0,650,2,219,0,0,0,100,100,0
908,3632,594,79,595,3,right+B,0.025892892852425575,0.18722817301750183,0.04889126121997833,0.7203608751296997,0.017626816406846046,0.8633191585540771,0.0,375.0,651,2,219,0,0,0,100,100,0
909,3636,594,79,595,1,right,0.025838973000645638,0.18392719328403473,0.04851619154214859,0.7240402102470398,0.017677463591098785,0.8578308820724487,0.0,375.0,652,2,219,0,0,0,100,100,0
910,3640,594,79,595,3,right+B,0.02575748600065708,0.18262365460395813,0.04739220440387726,0.7268067598342896,0.017419954761862755,0.851753830909729,-1.0,374.0,653,2,218,0,0,0,100,100,0
911,3644,594,79,595,3,right+B,0.025053992867469788,0.17956362664699554,0.04548291862010956,0.7329356074333191,0.01696384884417057,0.8381567001342773,0.0,374.0,654,2,218,0,0,0,100,100,0
912,3648,594,79,595,3,right+B,0.02394161932170391,0.17402805387973785,0.04344760254025459,0.7424540519714355,0.016128646209836006,0.8175724148750305,0.0,374.0,655,2,218,0,0,0,100,100,0
913,3652,594,79,595,3,right+B,0.023565050214529037,0.1720035970211029,0.04290846735239029,0.7455465793609619,0.015976374968886375,0.8112037181854248,0.0,374.0,656,2,218,0,0,0,100,100,0
914,3656,594,93,595,2,right+A,0.023425353690981865,0.1703214943408966,0.042694613337516785,0.7476078867912292,0.015950674191117287,0.8075326681137085,0.0,374.0,657,2,218,0,0,0,100,100,0
915,3660,594,108,595,1,right,0.02397129125893116,0.17545175552368164,0.04413599520921707,0.7395017743110657,0.01693914644420147,0.8247604370117188,-1.0,373.0,658,2,217,0,0,0,100,100,0
916,3664,594,112,595,3,right+B,0.02474052831530571,0.17998044192790985,0.04476388543844223,0.7330427169799805,0.01747247390449047,0.8375859260559082,0.0,373.0,659,2,217,0,0,0,100,100,0
917,3668,594,106,595,3,right+B,0.024758659303188324,0.17811298370361328,0.045243579894304276,0.7345051765441895,0.017379622906446457,0.836004912853241,0.0,373.0,660,2,217,0,0,0,100,100,0
918,3672,594,89,595,3,right+B,0.023789135739207268,0.1744426190853119,0.043714817613363266,0.7410377264022827,0.017015667632222176,0.8217785954475403,0.0,373.0,661,2,217,0,0,0,100,100,0
919,3676,594,79,595,3,right+B,0.024056967347860336,0.17248328030109406,0.04438501596450806,0.7421180009841919,0.01695670187473297,0.8215212821960449,0.0,373.0,662,2,217,0,0,0,100,100,0
920,3680,594,79,595,1,right,0.02283715456724167,0.16713616251945496,0.041081804782152176,0.7532680034637451,0.0156768299639225,0.7950213551521301,-1.0,372.0,663,2,216,0,0,0,100,100,0
921,3684,594,79,595,3,right+B,0.023000458255410194,0.16706128418445587,0.04090462252497673,0.7536038756370544,0.015429824590682983,0.7940045595169067,0.0,372.0,664,2,216,0,0,0,100,100,0
922,3688,594,79,595,3,right+B,0.022898487746715546,0.1677125096321106,0.04160613566637039,0.7519474029541016,0.015835436061024666,0.7982363700866699,0.0,372.0,665,2,216,0,0,0,100,100,0
923,3692,594,79,595,1,right,0.02340533584356308,0.1707349419593811,0.04293861240148544,0.746772050857544,0.016149088740348816,0.809533953666687,0.0,372.0,666,2,216,0,0,0,100,100,0
924,3696,594,79,595,3,right+B,0.022386912256479263,0.16572879254817963,0.04066340625286102,0.7560187578201294,0.015202113427221775,0.7882481813430786,0.0,372.0,667,2,216,0,0,0,100,100,0
925,3700,594,79,595,3,right+B,0.022816995158791542,0.1692044734954834,0.041697192937135696,0.7506030201911926,0.01567825861275196,0.7998384237289429,-1.0,371.0,668,2,215,0,0,0,100,100,0
926,3704,594,79,595,3,right+B,0.023177769035100937,0.17056885361671448,0.04220321401953697,0.747993528842926,0.01605670154094696,0.8060375452041626,0.0,371.0,669,2,215,0,0,0,100,100,0
927,3708,594,79,595,3,right+B,0.022530244663357735,0.16711407899856567,0.041281573474407196,0.7534332275390625,0.015640849247574806,0.7943543195724487,0.0,371.0,670,2,215,0,0,0,100,100,0
928,3712,594,79,595,3,right+B,0.02296089380979538,0.16885705292224884,0.04126859828829765,0.7511541843414307,0.015759307891130447,0.7988949418067932,0.0,371.0,671,2,215,0,0,0,100,100,0
929,3716,594,79,595,3,right+B,0.023287078365683556,0.17028947174549103,0.04227065667510033,0.7479779124259949,0.016174841672182083,0.8066509366035461,0.0,371.0,672,2,215,0,0,0,100,100,0
930,3720,594,93,595,2,right+A,0.023224681615829468,0.1693885326385498,0.041566044092178345,0.7497786283493042,0.016042083501815796,0.8025566339492798,-1.0,370.0,673,2,214,0,0,0,100,100,0
931,3724,594,108,595,3,right+B,0.02402707003057003,0.17377719283103943,0.043628666549921036,0.7416547536849976,0.016912242397665977,0.8209969997406006,0.0,370.0,674,2,214,0,0,0,100,100,0
932,3728,594,112,595,3,right+B,0.02432694472372532,0.17710885405540466,0.04458317533135414,0.7366632223129272,0.01731780357658863,0.8310319781303406,0.0,370.0,675,2,214,0,0,0,100,100,0
933,3732,594,106,595,3,right+B,0.024163126945495605,0.1741580367088318,0.04412275552749634,0.740805983543396,0.01675003208220005,0.8227977752685547,0.0,370.0,676,2,214,0,0,0,100,100,0
934,3736,594,89,595,1,right,0.024227604269981384,0.17598332464694977,0.04436199739575386,0.738564670085907,0.016862453892827034,0.8267480134963989,0.0,370.0,677,2,214,0,0,0,100,100,0
935,3740,594,79,595,3,right+B,0.024888498708605766,0.17520266771316528,0.0457133911550045,0.7372520565986633,0.016943415626883507,0.831960916519165,-1.0,369.0,678,2,213,0,0,0,100,100,0
936,3744,594,79,595,3,right+B,0.02448749542236328,0.17351455986499786,0.04473953694105148,0.7407712340354919,0.016487188637256622,0.8237105011940002,0.0,369.0,679,2,213,0,0,0,100,100,0
937,3748,594,79,595,3,right+B,0.024386072531342506,0.17339317500591278,0.04378041252493858,0.7422783374786377,0.01616196520626545,0.8192434906959534,0.0,369.0,680,2,213,0,0,0,100,100,0
938,3752,594,79,595,3,right+B,0.024424107745289803,0.1737324446439743,0.0441201776266098,0.7411205768585205,0.01660272665321827,0.8225069046020508,0.0,369.0,681,2,213,0,0,0,100,100,0
939,3756,594,79,595,3,right+B,0.025038903579115868,0.17793413996696472,0.04596496745944023,0.7339835166931152,0.017078395932912827,0.837574303150177,0.0,369.0,682,2,213,0,0,0,100,100,0
940,3760,594,79,595,3,right+B,0.025696465745568275,0.18185164034366608,0.047228794544935226,0.7276440262794495,0.017579006031155586,0.8506278395652771,-1.0,368.0,683,2,212,0,0,0,100,100,0
941,3764,594,79,595,3,right+B,0.02557232603430748,0.18293914198875427,0.04769504442811012,0.7262333631515503,0.017560137435793877,0.852918267250061,0.0,368.0,684,2,212,0,0,0,100,100,0
942,3768,594,79,595,1,right,0.02607552520930767,0.18619967997074127,0.04772480949759483,0.7221081256866455,0.017891868948936462,0.8603646755218506,0.0,368.0,685,2,212,0,0,0,100,100,0
943,3772,594,79,595,3,right+B,0.027650974690914154,0.19446104764938354,0.05155881866812706,0.7070617079734802,0.019267378374934196,0.8917098045349121,0.0,368.0,686,2,212,0,0,0,100,100,0
944,3776,594,79,595,3,right+B,0.026176610961556435,0.18870586156845093,0.049216773360967636,0.7178288698196411,0.018071897327899933,0.8687626123428345,0.0,368.0,687,2,212,0,0,0,100,100,0
945,3780,594,79,595,3,right+B,0.026538975536823273,0.19320182502269745,0.051426514983177185,0.7099452018737793,0.018887508660554886,0.8847281336784363,-1.0,367.0,688,2,211,0,0,0,100,100,0
946,3784,594,79,595,1,right,0.02668089233338833,0.19441623985767365,0.05121816322207451,0.7089278697967529,0.018756862729787827,0.8857486248016357,0.0,367.0,689,2,211,0,0,0,100,100,0
947,3788,594,79,595,3,right+B,0.026948049664497375,0.1939408779144287,0.05091115087270737,0.7094637155532837,0.0187362190335989,0.8851251006126404,0.0,367.0,690,2,211,0,0,0,100,100,0
948,3792,594,79,595,0,NOOP,0.02576625347137451,0.1888076663017273,0.048750534653663635,0.7187658548355103,0.017909638583660126,0.8656858801841736,0.0,367.0,691,2,211,0,0,0,100,100,0
949,3796,594,79,595,1,right,0.02509530819952488,0.18583735823631287,0.04795664921402931,0.7235122323036194,0.017598411068320274,0.8561394214630127,0.0,367.0,692,2,211,0,0,0,100,100,0
950,3800,594,79,595,3,right+B,0.024827444925904274,0.18244631588459015,0.04642646014690399,0.7288653254508972,0.01743442192673683,0.8457900285720825,-1.0,366.0,693,2,210,0,0,0,100,100,0
951,3804,594,79,595,3,right+B,0.022817321121692657,0.171129509806633,0.042201705276966095,0.748255729675293,0.015595776960253716,0.8038286566734314,0.0,366.0,694,2,210,0,0,0,100,100,0
952,3808,594,93,595,4,right+A+B,0.023410851135849953,0.173377126455307,0.04230209067463875,0.7451152801513672,0.01579461060464382,0.8102443218231201,0.0,366.0,695,2,210,0,0,0,100,100,0
953,3812,594,108,595,1,right,0.023506635800004005,0.17516513168811798,0.04329162463545799,0.7418509721755981,0.016185691580176353,0.8174956440925598,0.0,366.0,696,2,210,0,0,0,100,100,0
954,3816,594,112,595,3,right+B,0.023564353585243225,0.1758275330066681,0.043385498225688934,0.7407864332199097,0.01643618941307068,0.8198717832565308,0.0,366.0,697,2,210,0,0,0,100,100,0
955,3820,594,106,595,1,right,0.02606697380542755,0.18532851338386536,0.04958260431885719,0.7204787731170654,0.018543127924203873,0.8665597438812256,-1.0,365.0,698,2,209,0,0,0,100,100,0
956,3824,594,89,595,3,right+B,0.02737516723573208,0.1940404325723648,0.05312598869204521,0.7053403854370117,0.02011798694729805,0.8973948359489441,0.0,365.0,699,2,209,0,0,0,100,100,0
957,3828,594,79,595,3,right+B,0.026035742834210396,0.18585816025733948,0.048360101878643036,0.7217769622802734,0.017969023436307907,0.8617761135101318,0.0,365.0,700,2,209,0,0,0,100,100,0
958,3832,594,79,595,1,right,0.024305623024702072,0.17677143216133118,0.04427698999643326,0.7381595969200134,0.016486333683133125,0.8264780640602112,0.0,365.0,701,2,209,0,0,0,100,100,0
959,3836,594,79,595,1,right,0.02369188331067562,0.17506709694862366,0.04258840158581734,0.7427919507026672,0.0158606618642807,0.8147419691085815,0.0,365.0,702,2,209,0,0,0,100,100,0
960,3840,594,79,595,1,right,0.022399529814720154,0.16956262290477753,0.04075523838400841,0.7519165277481079,0.015366028994321823,0.7949639558792114,-1.0,364.0,703,2,208,0,0,0,100,100,0
961,3844,594,79,595,3,right+B,0.022570744156837463,0.168563574552536,0.04165106266736984,0.7517179250717163,0.015496761538088322,0.7971835136413574,0.0,364.0,704,2,208,0,0,0,100,100,0
962,3848,594,79,595,3,right+B,0.023728515952825546,0.1758192628622055,0.043689124286174774,0.7404526472091675,0.016310499981045723,0.8208067417144775,0.0,364.0,705,2,208,0,0,0,100,100,0
963,3852,594,79,595,3,right+B,0.023726506158709526,0.17670612037181854,0.043178290128707886,0.7399348020553589,0.016454320400953293,0.8211718797683716,0.0,364.0,706,2,208,0,0,0,100,100,0
964,3856,594,79,595,3,right+B,0.023129424080252647,0.17277704179286957,0.0418214276432991,0.746204137802124,0.016067976132035255,0.808061420917511,0.0,364.0,707,2,208,0,0,0,100,100,0
965,3860,594,79,595,3,right+B,0.022877462208271027,0.1701509952545166,0.04167167469859123,0.7494078874588013,0.01589202880859375,0.802207887172699,-1.0,363.0,708,2,207,0,0,0,100,100,0
966,3864,594,79,595,3,right+B,0.024751994758844376,0.18115739524364471,0.04589849337935448,0.7311338186264038,0.017058251425623894,0.8408764004707336,0.0,363.0,709,2,207,0,0,0,100,100,0
967,3868,594,79,595,3,right+B,0.026326090097427368,0.19114689528942108,0.0499950647354126,0.7141498327255249,0.018382152542471886,0.8757126331329346,0.0,363.0,710,2,207,0,0,0,100,100,0
968,3872,594,79,595,3,right+B,0.02736116386950016,0.19650761783123016,0.05179363489151001,0.7050480246543884,0.019289493560791016,0.894091010093689,0.0,363.0,711,2,207,0,0,0,100,100,0
969,3876,594,79,595,3,right+B,0.02694297768175602,0.19342108070850372,0.05203070864081383,0.7086386680603027,0.018966499716043472,0.8882058262825012,0.0,363.0,712,2,207,0,0,0,100,100,0
970,3880,594,79,595,3,right+B,0.027487706393003464,0.19507750868797302,0.053517237305641174,0.7046524286270142,0.019265158101916313,0.8970539569854736,-1.0,362.0,713,2,206,0,0,0,100,100,0
971,3884,594,79,595,1,right,0.026825353503227234,0.19287055730819702,0.052553556859493256,0.7091000080108643,0.018650498241186142,0.8873210549354553,0.0,362.0,714,2,206,0,0,0,100,100,0
972,3888,594,79,595,3,right+B,0.025414476171135902,0.1850743293762207,0.04902596399188042,0.7231146097183228,0.01737060770392418,0.858213484287262,0.0,362.0,715,2,206,0,0,0,100,100,0
973,3892,594,79,595,3,right+B,0.025410957634449005,0.18429161608219147,0.048086993396282196,0.7250247597694397,0.01718573272228241,0.853904664516449,0.0,362.0,716,2,206,0,0,0,100,100,0
974,3896,594,79,595,1,right,0.025351569056510925,0.18154075741767883,0.04741988703608513,0.7284700274467468,0.01721779629588127,0.8482142686843872,0.0,362.0,717,2,206,0,0,0,100,100,0
975,3900,594,79,595,3,right+B,0.025117436423897743,0.1798827201128006,0.045897986739873886,0.7319344878196716,0.01716737076640129,0.8407360911369324,-1.0,361.0,718,2,205,0,0,0,100,100,0
976,3904,594,79,595,3,right+B,0.024540243670344353,0.17687378823757172,0.044516999274492264,0.7373048663139343,0.016764111816883087,0.8291518092155457,0.0,361.0,719,2,205,0,0,0,100,100,0
977,3908,594,79,595,3,right+B,0.024003682658076286,0.1744876652956009,0.04331053048372269,0.7419272065162659,0.016270888969302177,0.818606436252594,0.0,361.0,720,2,205,0,0,0,100,100,0
978,3912,594,79,595,1,right,0.0237375870347023,0.17258784174919128,0.04310380667448044,0.7443007230758667,0.016269972547888756,0.8143366575241089,0.0,361.0,721,2,205,0,0,0,100,100,0
979,3916,594,79,595,3,right+B,0.02367505617439747,0.17287811636924744,0.04336969181895256,0.7435259819030762,0.016551220789551735,0.8163743019104004,0.0,361.0,722,2,205,0,0,0,100,100,0
980,3920,594,79,595,3,right+B,0.023739879950881004,0.17385846376419067,0.04311101511120796,0.7426926493644714,0.01659799925982952,0.8174666166305542,-1.0,360.0,723,2,204,0,0,0,100,100,0
981,3924,594,79,595,1,right,0.024309154599905014,0.17586655914783478,0.04363669455051422,0.7394378185272217,0.01674973964691162,0.8243863582611084,0.0,360.0,724,2,204,0,0,0,100,100,0
982,3928,594,79,595,3,right+B,0.02344648912549019,0.17161157727241516,0.04238749295473099,0.7464723587036133,0.01608206145465374,0.809132993221283,0.0,360.0,725,2,204,0,0,0,100,100,0
983,3932,594,79,595,3,right+B,0.023160848766565323,0.169977068901062,0.042220693081617355,0.7485899329185486,0.016051514074206352,0.8051332235336304,0.0,360.0,726,2,204,0,0,0,100,100,0
984,3936,594,79,595,0,NOOP,0.022376464679837227,0.16603422164916992,0.04121222347021103,0.754798948764801,0.015578191727399826,0.7917386293411255,0.0,360.0,727,2,204,0,0,0,100,100,0
985,3940,594,93,595,2,right+A,0.022491609677672386,0.16762666404247284,0.04108098894357681,0.7532081007957458,0.015592674724757671,0.7942197918891907,-1.0,359.0,728,2,203,0,0,0,100,100,0
986,3944,594,108,595,3,right+B,0.023021120578050613,0.17040251195430756,0.04241771996021271,0.7479268908500671,0.016231771558523178,0.8065345287322998,0.0,359.0,729,2,203,0,0,0,100,100,0
987,3948,594,112,595,3,right+B,0.02330871671438217,0.1719442456960678,0.04292643070220947,0.7452337145805359,0.01658686064183712,0.8126155138015747,0.0,359.0,730,2,203,0,0,0,100,100,0
988,3952,594,106,595,2,right+A,0.023349542170763016,0.1709381341934204,0.04387912154197693,0.7451963424682617,0.016636928543448448,0.8141774535179138,0.0,359.0,731,2,203,0,0,0,100,100,0
989,3956,594,89,595,3,right+B,0.022846896201372147,0.17032286524772644,0.04274740442633629,0.7476361989974976,0.016446631401777267,0.8075758218765259,0.0,359.0,732,2,203,0,0,0,100,100,0
990,3960,594,79,595,3,right+B,0.023557482287287712,0.17092174291610718,0.043465252965688705,0.7455946803092957,0.01646086387336254,0.81302809715271,-1.0,358.0,733,2,202,0,0,0,100,100,0
991,3964,594,79,595,1,right,0.022274808958172798,0.16463792324066162,0.04032861813902855,0.7574290633201599,0.015329566784203053,0.7857102751731873,0.0,358.0,734,2,202,0,0,0,100,100,0
992,3968,594,79,595,3,right+B,0.02279829792678356,0.16702087223529816,0.040908243507146835,0.7538374066352844,0.015435121953487396,0.7932685017585754,0.0,358.0,735,2,202,0,0,0,100,100,0
993,3972,594,79,595,3,right+B,0.0224052295088768,0.16592168807983398,0.040801312774419785,0.755161702632904,0.015710080042481422,0.7909837961196899,0.0,358.0,736,2,202,0,0,0,100,100,0
994,3976,594,79,595,3,right+B,0.02261817827820778,0.16706553101539612,0.04109136760234833,0.753652811050415,0.01557203195989132,0.7937698364257812,0.0,358.0,737,2,202,0,0,0,100,100,0
995,3980,594,79,595,3,right+B,0.023111967369914055,0.1685943901538849,0.04168655350804329,0.7508325576782227,0.015774520114064217,0.8002982139587402,-1.0,357.0,738,2,201,0,0,0,100,100,0
996,3984,594,79,595,3,right+B,0.02316751889884472,0.16998611390590668,0.04235842078924179,0.7484169602394104,0.016071027144789696,0.805640459060669,0.0,357.0,739,2,201,0,0,0,100,100,0
997,3988,594,79,595,3,right+B,0.02294311486184597,0.16953502595424652,0.041823990643024445,0.7498242259025574,0.015873661264777184,0.8018913269042969,0.0,357.0,740,2,201,0,0,0,100,100,0
998,3992,594,79,595,3,right+B,0.023349644616246223,0.17026890814304352,0.0420832522213459,0.7483047842979431,0.01599341444671154,0.8056020140647888,0.0,357.0,741,2,201,0,0,0,100,100,0
999,3996,594,79,595,3,right+B,0.023661812767386436,0.17091865837574005,0.042645931243896484,0.74662184715271,0.01615173928439617,0.8098649978637695,0.0,357.0,742,2,201,0,0,0,100,100,0
1000,4000,594,79,595,3,right+B,0.02465568296611309,0.17529143393039703,0.0450923927128315,0.7380011081695557,0.01695932075381279,0.8296270370483398,-1.0,356.0,743,2,200,0,0,0,100,100,0
1001,4004,594,79,595,3,right+B,0.024648642167448997,0.1757274568080902,0.04488102346658707,0.7378454804420471,0.016897359862923622,0.8294041156768799,0.0,356.0,744,2,200,0,0,0,100,100,0
1002,4008,594,79,595,3,right+B,0.025144662708044052,0.17745214700698853,0.04517604038119316,0.7351382374763489,0.01708889752626419,0.8350936770439148,0.0,356.0,745,2,200,0,0,0,100,100,0
1003,4012,594,79,595,3,right+B,0.02503322623670101,0.17763684689998627,0.045617204159498215,0.7347410917282104,0.01697171851992607,0.8357669711112976,0.0,356.0,746,2,200,0,0,0,100,100,0
1004,4016,594,79,595,3,right+B,0.02545778825879097,0.18038465082645416,0.04653894156217575,0.7301687002182007,0.017449907958507538,0.8454113602638245,0.0,356.0,747,2,200,0,0,0,100,100,0
1005,4020,594,79,595,3,right+B,0.025466257706284523,0.18163809180259705,0.04715833440423012,0.7281769514083862,0.017560379579663277,0.8492984771728516,-1.0,355.0,748,2,199,0,0,0,100,100,0
1006,4024,594,79,595,3,right+B,0.02538466639816761,0.18262720108032227,0.04724328592419624,0.7275546789169312,0.017190154641866684,0.8492447137832642,0.0,355.0,749,2,199,0,0,0,100,100,0
1007,4028,594,79,595,3,right+B,0.0268683023750782,0.19071711599826813,0.04962873086333275,0.7145925760269165,0.018193211406469345,0.8752616047859192,0.0,355.0,750,2,199,0,0,0,100,100,0
1008,4032,594,79,595,3,right+B,0.026848891749978065,0.19074304401874542,0.05061456561088562,0.7133272290229797,0.018466245383024216,0.8788509368896484,0.0,355.0,751,2,199,0,0,0,100,100,0
1009,4036,594,79,595,1,right,0.025346610695123672,0.18551383912563324,0.048372719436883926,0.7230770587921143,0.017689798027276993,0.8580095767974854,0.0,355.0,752,2,199,0,0,0,100,100,0
1010,4040,594,79,595,3,right+B,0.02570720762014389,0.18986038863658905,0.04891069605946541,0.7174694538116455,0.018052197992801666,0.8678489923477173,-1.0,354.0,753,2,198,0,0,0,100,100,0
1011,4044,594,79,595,3,right+B,0.026261724531650543,0.19237551093101501,0.05053354427218437,0.7122529745101929,0.01857621595263481,0.8792511820793152,0.0,354.0,754,2,198,0,0,0,100,100,0
1012,4048,594,79,595,3,right+B,0.02645893767476082,0.19399845600128174,0.05004911869764328,0.7107343673706055,0.018759123980998993,0.8813995122909546,0.0,354.0,755,2,198,0,0,0,100,100,0
1013,4052,594,79,595,3,right+B,0.025784553959965706,0.1907232254743576,0.04949483275413513,0.7155088782310486,0.018488524481654167,0.8724158406257629,0.0,354.0,756,2,198,0,0,0,100,100,0
1014,4056,594,79,595,3,right+B,0.02422170527279377,0.18058200180530548,0.045601338148117065,0.7325389385223389,0.017055992037057877,0.83743816614151,0.0,354.0,757,2,198,0,0,0,100,100,0
1015,4060,594,79,595,3,right+B,0.02344989962875843,0.17593084275722504,0.04332808405160904,0.7407689094543457,0.016522306948900223,0.8197903633117676,-1.0,353.0,758,2,197,0,0,0,100,100,0
1016,4064,594,79,595,3,right+B,0.02308865264058113,0.17277774214744568,0.04199725762009621,0.7462498545646667,0.01588648185133934,0.8077294826507568,0.0,353.0,759,2,197,0,0,0,100,100,0
1017,4068,594,79,595,1,right,0.023105109110474586,0.17245043814182281,0.041980113834142685,0.7468494176864624,0.015614946372807026,0.8062103390693665,0.0,353.0,760,2,197,0,0,0,100,100,0
1018,4072,594,79,595,3,right+B,0.022769631817936897,0.17135068774223328,0.04178046062588692,0.7487467527389526,0.015352523885667324,0.8018315434455872,0.0,353.0,761,2,197,0,0,0,100,100,0
1019,4076,594,79,595,1,right,0.024304505437612534,0.17790928483009338,0.04505399614572525,0.7361222505569458,0.016609884798526764,0.8307428359985352,0.0,353.0,762,2,197,0,0,0,100,100,0
1020,4080,594,93,595,2,right+A,0.0261048786342144,0.1856163591146469,0.049352601170539856,0.7206056714057922,0.018320437520742416,0.8656436204910278,-1.0,352.0,763,2,196,0,0,0,100,100,0
1021,4084,594,108,595,3,right+B,0.02521018125116825,0.18311963975429535,0.047732871025800705,0.7261127829551697,0.017824457958340645,0.8530373573303223,0.0,352.0,764,2,196,0,0,0,100,100,0
1022,4088,594,112,595,3,right+B,0.02531162090599537,0.18441925942897797,0.04694670811295509,0.7256283760070801,0.017694059759378433,0.8525334596633911,0.0,352.0,765,2,196,0,0,0,100,100,0
1023,4092,594,106,595,3,right+B,0.025813527405261993,0.18510593473911285,0.048415783792734146,0.7224779725074768,0.01818671263754368,0.8609675765037537,0.0,352.0,766,2,196,0,0,0,100,100,0
1024,4096,594,89,595,1,right,0.02381061762571335,0.17817892134189606,0.04401650279760361,0.7372438907623291,0.016749978065490723,0.8270552754402161,0.0,352.0,767,2,196,0,0,0,100,100,0
1025,4100,594,79,595,3,right+B,0.023337997496128082,0.1713142693042755,0.04268071800470352,0.74673992395401,0.01592709682881832,0.8085645437240601,-1.0,351.0,768,2,195,0,0,0,100,100,0
1026,4104,594,79,595,1,right,0.023865152150392532,0.1743367314338684,0.043536558747291565,0.7418920993804932,0.016369393095374107,0.8189296126365662,0.0,351.0,769,2,195,0,0,0,100,100,0
1027,4108,594,79,595,3,right+B,0.024103274568915367,0.17722271382808685,0.04359038919210434,0.7387253642082214,0.016358142718672752,0.824005663394928,0.0,351.0,770,2,195,0,0,0,100,100,0
1028,4112,594,93,595,2,right+A,0.02335282973945141,0.17409607768058777,0.04227299243211746,0.7440540194511414,0.01622404158115387,0.8126551508903503,0.0,351.0,771,2,195,0,0,0,100,100,0
1029,4116,594,108,595,3,right+B,0.023211553692817688,0.17213544249534607,0.042505521327257156,0.7459031939506531,0.016244253143668175,0.8100480437278748,0.0,351.0,772,2,195,0,0,0,100,100,0
1030,4120,594,112,595,1,right,0.024601388722658157,0.18084518611431122,0.04579756036400795,0.731600821018219,0.017155084758996964,0.8400141596794128,-1.0,350.0,773,2,194,0,0,0,100,100,0
1031,4124,594,106,595,3,right+B,0.026203328743577003,0.1897912174463272,0.05027700960636139,0.7155782580375671,0.018150117248296738,0.8734121322631836,0.0,350.0,774,2,194,0,0,0,100,100,0
1032,4128,594,89,595,3,right+B,0.027128171175718307,0.1965627670288086,0.05237811803817749,0.7046306133270264,0.019300272688269615,0.894964873790741,0.0,350.0,775,2,194,0,0,0,100,100,0
1033,4132,594,79,595,2,right+A,0.026695651933550835,0.1925637573003769,0.05209018290042877,0.7100508213043213,0.01859963685274124,0.8851029872894287,0.0,350.0,776,2,194,0,0,0,100,100,0
1034,4136,594,79,595,3,right+B,0.026825057342648506,0.19133533537387848,0.05191124230623245,0.71121746301651,0.01871090568602085,0.8838562369346619,0.0,350.0,777,2,194,0,0,0,100,100,0
1035,4140,594,79,595,3,right+B,0.026826273649930954,0.1907871514558792,0.05149895325303078,0.7124436497688293,0.018444014713168144,0.8810850977897644,-1.0,349.0,778,2,193,0,0,0,100,100,0
1036,4144,594,79,595,3,right+B,0.025517480447888374,0.18637122213840485,0.04922359064221382,0.7210156321525574,0.017872072756290436,0.8627122640609741,0.0,349.0,779,2,193,0,0,0,100,100,0
1037,4148,594,79,595,1,right,0.02618458867073059,0.1885329782962799,0.049690887331962585,0.7176365852355957,0.01795504055917263,0.8693956136703491,0.0,349.0,780,2,193,0,0,0,100,100,0
1038,4152,594,79,595,3,right+B,0.025562558323144913,0.18253327906131744,0.047593988478183746,0.7269238233566284,0.01738632842898369,0.8514020442962646,0.0,349.0,781,2,193,0,0,0,100,100,0
1039,4156,594,79,595,3,right+B,0.02569420076906681,0.18304361402988434,0.04758080840110779,0.7260910868644714,0.017590325325727463,0.853270947933197,0.0,349.0,782,2,193,0,0,0,100,100,0
1040,4160,594,79,595,3,right+B,0.025257879868149757,0.18004582822322845,0.045589838176965714,0.7318858504295349,0.01722056046128273,0.8407831192016602,-1.0,348.0,783,2,192,0,0,0,100,100,0
1041,4164,594,79,595,1,right,0.023935528472065926,0.17419523000717163,0.04341421648859978,0.7422503232955933,0.016204673796892166,0.8179903626441956,0.0,348.0,784,2,192,0,0,0,100,100,0
1042,4168,594,79,595,3,right+B,0.023644864559173584,0.17172761261463165,0.042567212134599686,0.7462354898452759,0.01582479476928711,0.809515118598938,0.0,348.0,785,2,192,0,0,0,100,100,0
1043,4172,594,79,595,3,right+B,0.023876439779996872,0.17345039546489716,0.04392951354384422,0.7424452900886536,0.016298381611704826,0.8185241222381592,0.0,348.0,786,2,192,0,0,0,100,100,0
1044,4176,594,79,595,3,right+B,0.022984888404607773,0.17008446156978607,0.04193675145506859,0.7490860819816589,0.015907766297459602,0.8033093810081482,0.0,348.0,787,2,192,0,0,0,100,100,0
1045,4180,594,79,595,3,right+B,0.02382982149720192,0.17484480142593384,0.043192554265260696,0.7417037487030029,0.016429072245955467,0.8187938332557678,-1.0,347.0,788,2,191,0,0,0,100,100,0
1046,4184,594,79,595,3,right+B,0.02334888093173504,0.17176802456378937,0.04201628267765045,0.7468556761741638,0.016011226922273636,0.8076865077018738,0.0,347.0,789,2,191,0,0,0,100,100,0
1047,4188,594,79,595,3,right+B,0.023309627547860146,0.17078499495983124,0.0422767698764801,0.7475010752677917,0.01612747088074684,0.8072975873947144,0.0,347.0,790,2,191,0,0,0,100,100,0
1048,4192,594,79,595,3,right+B,0.023429812863469124,0.17103537917137146,0.04259932413697243,0.7465465068817139,0.016388967633247375,0.8100093007087708,0.0,347.0,791,2,191,0,0,0,100,100,0
1049,4196,594,79,595,3,right+B,0.02300858683884144,0.16880962252616882,0.04139797016978264,0.7510157823562622,0.015768082812428474,0.7993992567062378,0.0,347.0,792,2,191,0,0,0,100,100,0
1050,4200,594,79,595,3,right+B,0.023215552791953087,0.16967862844467163,0.041675783693790436,0.7496485114097595,0.01578156277537346,0.8022697567939758,-1.0,346.0,793,2,190,0,0,0,100,100,0
1051,4204,594,79,595,3,right+B,0.023004787042737007,0.16854454576969147,0.041495874524116516,0.75115966796875,0.01579512283205986,0.7993783950805664,0.0,346.0,794,2,190,0,0,0,100,100,0
1052,4208,594,79,595,3,right+B,0.02335391752421856,0.1705789715051651,0.04268966615200043,0.7471365332603455,0.01624087616801262,0.8087654113769531,0.0,346.0,795,2,190,0,0,0,100,100,0
1053,4212,594,79,595,1,right,0.022720159962773323,0.16733594238758087,0.04115331545472145,0.7532200813293457,0.01557052880525589,0.7947086691856384,0.0,346.0,796,2,190,0,0,0,100,100,0
1054,4216,594,79,595,1,right,0.023350466042757034,0.1712683141231537,0.04251733422279358,0.746851921081543,0.016012007370591164,0.8083988428115845,0.0,346.0,797,2,190,0,0,0,100,100,0
1055,4220,594,79,595,3,right+B,0.023185258731245995,0.1708008497953415,0.04228745400905609,0.7477850914001465,0.015941383317112923,0.8062050938606262,-1.0,345.0,798,2,189,0,0,0,100,100,0
1056,4224,594,79,595,3,right+B,0.02233230322599411,0.16605719923973083,0.04103103280067444,0.7552223205566406,0.015357105061411858,0.7902311086654663,0.0,345.0,799,2,189,0,0,0,100,100,0
1057,4228,594,79,595,3,right+B,0.022097192704677582,0.1654428094625473,0.03993957117199898,0.7574601769447327,0.01506014820188284,0.7841134667396545,0.0,345.0,800,2,189,0,0,0,100,100,0
1058,4232,594,79,595,3,right+B,0.022208457812666893,0.16594545543193817,0.04051583260297775,0.7559713125228882,0.01535887736827135,0.7881280183792114,0.0,345.0,801,2,189,0,0,0,100,100,0
1059,4236,594,79,595,3,right+B,0.022910328581929207,0.16829688847064972,0.04109889641404152,0.7518656849861145,0.015828249976038933,0.7976544499397278,0.0,345.0,802,2,189,0,0,0,100,100,0
1060,4240,594,79,595,3,right+B,0.023086970672011375,0.16938278079032898,0.04161618649959564,0.7498572468757629,0.016056830063462257,0.802270770072937,-1.0,344.0,803,2,188,0,0,0,100,100,0
1061,4244,594,79,595,3,right+B,0.023172739893198013,0.16964377462863922,0.041956931352615356,0.7491321563720703,0.01609436795115471,0.8040850162506104,0.0,344.0,804,2,188,0,0,0,100,100,0
1062,4248,594,79,595,3,right+B,0.02343807928264141,0.1713206171989441,0.04201669245958328,0.747102677822113,0.016121935099363327,0.8077633380889893,0.0,344.0,805,2,188,0,0,0,100,100,0
1063,4252,594,79,595,3,right+B,0.02366953156888485,0.17194420099258423,0.0423613041639328,0.7456912398338318,0.0163336843252182,0.8112807273864746,0.0,344.0,806,2,188,0,0,0,100,100,0
1064,4256,594,79,595,3,right+B,0.02405300736427307,0.17221499979496002,0.04325086623430252,0.7440736889839172,0.016407404094934464,0.8158196210861206,0.0,344.0,807,2,188,0,0,0,100,100,0
1065,4260,594,79,595,3,right+B,0.024627311155200005,0.17557170987129211,0.04483915492892265,0.7382347583770752,0.01672707311809063,0.828346848487854,-1.0,343.0,808,2,187,0,0,0,100,100,0
1066,4264,594,79,595,3,right+B,0.02516782097518444,0.17831426858901978,0.045526523143053055,0.7340410351753235,0.016950370743870735,0.8368487358093262,0.0,343.0,809,2,187,0,0,0,100,100,0
1067,4268,594,79,595,3,right+B,0.024672530591487885,0.17583763599395752,0.04463377594947815,0.7383278012275696,0.01652829349040985,0.827552318572998,0.0,343.0,810,2,187,0,0,0,100,100,0
1068,4272,594,79,595,0,NOOP,0.024424269795417786,0.17472559213638306,0.04453074932098389,0.7399367094039917,0.016382653266191483,0.8242633938789368,0.0,343.0,811,2,187,0,0,0,100,100,0
1069,4276,594,79,595,3,right+B,0.02509278431534767,0.179892435669899,0.046604521572589874,0.7311850786209106,0.017225142568349838,0.842833936214447,0.0,343.0,812,2,187,0,0,0,100,100,0
1070,4280,594,79,595,3,right+B,0.02550663985311985,0.18248721957206726,0.0474616214632988,0.7271187901496887,0.017425745725631714,0.8509373664855957,-1.0,342.0,813,2,186,0,0,0,100,100,0
1071,4284,594,79,595,3,right+B,0.02583475038409233,0.18454480171203613,0.047340597957372665,0.724725604057312,0.01755424402654171,0.8550118207931519,0.0,342.0,814,2,186,0,0,0,100,100,0
1072,4288,594,79,595,3,right+B,0.027458123862743378,0.19279438257217407,0.051173340529203415,0.709459125995636,0.01911494880914688,0.8873608112335205,0.0,342.0,815,2,186,0,0,0,100,100,0
1073,4292,594,79,595,3,right+B,0.026008985936641693,0.18743465840816498,0.04899315908551216,0.7194746136665344,0.018088532611727715,0.8659636974334717,0.0,342.0,816,2,186,0,0,0,100,100,0
1074,4296,594,79,595,3,right+B,0.02641678787767887,0.1918347328901291,0.05022132396697998,0.7128292918205261,0.018697895109653473,0.8786699771881104,0.0,342.0,817,2,186,0,0,0,100,100,0
1075,4300,594,79,595,3,right+B,0.0266568623483181,0.19521409273147583,0.051294855773448944,0.7078595757484436,0.01897462271153927,0.8876907229423523,-1.0,341.0,818,2,185,0,0,0,100,100,0
1076,4304,594,79,595,1,right,0.026803962886333466,0.1951122283935547,0.05088527500629425,0.7082761526107788,0.018922394141554832,0.8867757320404053,0.0,341.0,819,2,185,0,0,0,100,100,0
1077,4308,594,93,595,2,right+A,0.026100799441337585,0.1917755901813507,0.049875397235155106,0.7137386202812195,0.01850951835513115,0.8759427666664124,0.0,341.0,820,2,185,0,0,0,100,100,0
1078,4312,594,108,595,1,right,0.024525638669729233,0.18380220234394073,0.047183308750391006,0.7270774245262146,0.017411407083272934,0.8486309051513672,0.0,341.0,821,2,185,0,0,0,100,100,0
1079,4316,594,112,595,3,right+B,0.02460334822535515,0.1835971623659134,0.0466143824160099,0.7275226712226868,0.017662353813648224,0.847987174987793,0.0,341.0,822,2,185,0,0,0,100,100,0
1080,4320,594,106,595,3,right+B,0.02311115339398384,0.1735011488199234,0.043471746146678925,0.7438859343528748,0.016030050814151764,0.8136301040649414,-1.0,340.0,823,2,184,0,0,0,100,100,0
1081,4324,594,89,595,3,right+B,0.023080211132764816,0.17430943250656128,0.04273918271064758,0.7438404560089111,0.016030743718147278,0.8126134276390076,0.0,340.0,824,2,184,0,0,0,100,100,0
1082,4328,594,79,595,1,right,0.023348502814769745,0.1734670102596283,0.04374854266643524,0.7435629963874817,0.015872890129685402,0.8145843744277954,0.0,340.0,825,2,184,0,0,0,100,100,0
1083,4332,594,79,595,1,right,0.022595716640353203,0.16875334084033966,0.04095662757754326,0.7524706721305847,0.01522356178611517,0.7944763898849487,0.0,340.0,826,2,184,0,0,0,100,100,0
1084,4336,594,79,595,3,right+B,0.02531963773071766,0.18104679882526398,0.046749047935009,0.7293779253959656,0.017506645992398262,0.8466611504554749,0.0,340.0,827,2,184,0,0,0,100,100,0
1085,4340,594,79,595,3,right+B,0.026285629719495773,0.1857452392578125,0.04924905300140381,0.7199308276176453,0.018789250403642654,0.8678550720214844,-1.0,339.0,828,2,183,0,0,0,100,100,0
1086,4344,594,79,595,3,right+B,0.02462686225771904,0.1793210208415985,0.044873639941215515,0.7342693209648132,0.016909159719944,0.8344647884368896,0.0,339.0,829,2,183,0,0,0,100,100,0
1087,4348,594,79,595,3,right+B,0.024346008896827698,0.17764732241630554,0.04413464665412903,0.7371770739555359,0.01669491082429886,0.8282557725906372,0.0,339.0,830,2,183,0,0,0,100,100,0
1088,4352,594,79,595,3,right+B,0.024080539122223854,0.17747454345226288,0.0435713529586792,0.7384399175643921,0.016433633863925934,0.8245205879211426,0.0,339.0,831,2,183,0,0,0,100,100,0
1089,4356,594,79,595,3,right+B,0.022777734324336052,0.17035380005836487,0.04109753295779228,0.7502309679985046,0.015539940446615219,0.7991362810134888,0.0,339.0,832,2,183,0,0,0,100,100,0
1090,4360,594,79,595,3,right+B,0.02334156632423401,0.17149712145328522,0.042657651007175446,0.7466565370559692,0.015847116708755493,0.8084721565246582,-1.0,338.0,833,2,182,0,0,0,100,100,0
1091,4364,594,79,595,3,right+B,0.023710092529654503,0.1756126433610916,0.04378122836351395,0.7408044338226318,0.016091590747237206,0.8198698163032532,0.0,338.0,834,2,182,0,0,0,100,100,0
1092,4368,594,79,595,3,right+B,0.02394043654203415,0.17808330059051514,0.043934281915426254,0.7376445531845093,0.016397438943386078,0.8257948756217957,0.0,338.0,835,2,182,0,0,0,100,100,0
1093,4372,594,79,595,3,right+B,0.022119060158729553,0.16730214655399323,0.03976444900035858,0.7557833790779114,0.015031016431748867,0.7863773703575134,0.0,338.0,836,2,182,0,0,0,100,100,0
1094,4376,594,79,595,1,right,0.022557538002729416,0.1686788946390152,0.040968865156173706,0.7522616982460022,0.015533026307821274,0.7954708337783813,0.0,338.0,837,2,182,0,0,0,100,100,0
1095,4380,594,79,595,3,right+B,0.024625664576888084,0.18154320120811462,0.04594136029481888,0.7310215830802917,0.016868170350790024,0.8403895497322083,-1.0,337.0,838,2,181,0,0,0,100,100,0
1096,4384,594,79,595,3,right+B,0.02646365389227867,0.19131191074848175,0.049550216645002365,0.7143452763557434,0.018328892067074776,0.8750038146972656,0.0,337.0,839,2,181,0,0,0,100,100,0
1097,4388,594,79,595,3,right+B,0.02717471495270729,0.19505350291728973,0.051209647208452225,0.7074755430221558,0.019086625427007675,0.8893580436706543,0.0,337.0,840,2,181,0,0,0,100,100,0
1098,4392,594,79,595,3,right+B,0.027556823566555977,0.19689835608005524,0.05336038023233414,0.7027503252029419,0.01943422481417656,0.8998087644577026,0.0,337.0,841,2,181,0,0,0,100,100,0
1099,4396,594,93,595,2,right+A,0.02764715813100338,0.19459080696105957,0.05344383418560028,0.7049574851989746,0.019360698759555817,0.8970993161201477,0.0,337.0,842,2,181,0,0,0,100,100,0
1100,4400,594,108,595,3,right+B,0.027366358786821365,0.1952841877937317,0.05288930609822273,0.7052633762359619,0.019196726381778717,0.895056426525116,-1.0,336.0,843,2,180,0,0,0,100,100,0
1101,4404,594,112,595,3,right+B,0.027047447860240936,0.1949969381093979,0.05236475169658661,0.7066749334335327,0.018915938213467598,0.8912723064422607,0.0,336.0,844,2,180,0,0,0,100,100,0
1102,4408,594,106,595,3,right+B,0.026551079005002975,0.18854770064353943,0.050969626754522324,0.7159148454666138,0.01801677979528904,0.8742498159408569,0.0,336.0,845,2,180,0,0,0,100,100,0
1103,4412,594,89,595,1,right,0.0253476370126009,0.18318136036396027,0.04782535880804062,0.7262253165245056,0.017420362681150436,0.8523330688476562,0.0,336.0,846,2,180,0,0,0,100,100,0
1104,4416,594,79,595,4,right+A+B,0.025075247511267662,0.17855407297611237,0.04653747379779816,0.7328622341156006,0.016970952972769737,0.839751660823822,0.0,336.0,847,2,180,0,0,0,100,100,0
1105,4420,594,79,595,2,right+A,0.02364286780357361,0.17208334803581238,0.04255097731947899,0.7459012269973755,0.015821564942598343,0.8099714517593384,-1.0,335.0,848,2,179,0,0,0,100,100,0
1106,4424,594,79,595,3,right+B,0.023386992514133453,0.17061935365200043,0.04183637350797653,0.7486286163330078,0.01552865095436573,0.8037446737289429,0.0,335.0,849,2,179,0,0,0,100,100,0
1107,4428,594,79,595,0,NOOP,0.02362961508333683,0.17139773070812225,0.042664770036935806,0.7460818886756897,0.0162260290235281,0.8107976913452148,0.0,335.0,850,2,179,0,0,0,100,100,0
1108,4432,594,79,595,3,right+B,0.023780200630426407,0.17295239865779877,0.0437876395881176,0.742935061454773,0.01654479093849659,0.8180058598518372,0.0,335.0,851,2,179,0,0,0,100,100,0
1109,4436,594,79,595,3,right+B,0.02424350008368492,0.17482516169548035,0.0438910573720932,0.7403080463409424,0.01673225685954094,0.8233157396316528,0.0,335.0,852,2,179,0,0,0,100,100,0
1110,4440,594,79,595,3,right+B,0.024395255371928215,0.1756187081336975,0.04336400702595711,0.7399987578392029,0.01662319339811802,0.8230714797973633,-1.0,334.0,853,2,178,0,0,0,100,100,0
1111,4444,594,79,595,3,right+B,0.02317461185157299,0.16950267553329468,0.04149128496646881,0.7499256730079651,0.015905728563666344,0.8018113970756531,0.0,334.0,854,2,178,0,0,0,100,100,0
1112,4448,594,79,595,1,right,0.02361118420958519,0.17186926305294037,0.04285769537091255,0.7452556490898132,0.016406208276748657,0.8126670718193054,0.0,334.0,855,2,178,0,0,0,100,100,0
1113,4452,594,79,595,3,right+B,0.023189540952444077,0.16936606168746948,0.04194246605038643,0.7496112585067749,0.01589065045118332,0.8029053807258606,0.0,334.0,856,2,178,0,0,0,100,100,0
1114,4456,594,79,595,3,right+B,0.023243336006999016,0.17055661976337433,0.042170725762844086,0.7481899261474609,0.01583941839635372,0.8053175806999207,0.0,334.0,857,2,178,0,0,0,100,100,0
1115,4460,594,79,595,0,NOOP,0.022855244576931,0.1685236543416977,0.04122170805931091,0.7518971562385559,0.01550225354731083,0.7968963384628296,-1.0,333.0,858,2,177,0,0,0,100,100,0
1116,4464,594,79,595,3,right+B,0.02301129885017872,0.16834372282028198,0.042122580111026764,0.7507627606391907,0.01575963757932186,0.8007739782333374,0.0,333.0,859,2,177,0,0,0,100,100,0
1117,4468,594,79,595,3,right+B,0.02281489409506321,0.1681084930896759,0.04149216413497925,0.7520004510879517,0.01558399572968483,0.7972354888916016,0.0,333.0,860,2,177,0,0,0,100,100,0
1118,4472,594,79,595,3,right+B,0.022955887019634247,0.1681385189294815,0.04103708639740944,0.7524139285087585,0.015454580076038837,0.795949399471283,0.0,333.0,861,2,177,0,0,0,100,100,0
1119,4476,594,79,595,1,right,0.023299431428313255,0.17063404619693756,0.04213928431272507,0.7479647397994995,0.015962466597557068,0.8060100674629211,0.0,333.0,862,2,177,0,0,0,100,100,0
1120,4480,594,79,595,1,right,0.023124713450670242,0.16961313784122467,0.04190632328391075,0.7494749426841736,0.01588081568479538,0.8029050230979919,-1.0,332.0,863,2,176,0,0,0,100,100,0
1121,4484,594,79,595,3,right+B,0.022959666326642036,0.16847363114356995,0.041208114475011826,0.7517834305763245,0.015575092285871506,0.797429084777832,0.0,332.0,864,2,176,0,0,0,100,100,0
1122,4488,594,79,595,0,NOOP,0.022874882444739342,0.16838696599006653,0.04151256009936333,0.7515090107917786,0.015716688707470894,0.7984347343444824,0.0,332.0,865,2,176,0,0,0,100,100,0
1123,4492,594,79,595,3,right+B,0.023403584957122803,0.16997584700584412,0.041867174208164215,0.7486850023269653,0.016068391501903534,0.8050206899642944,0.0,332.0,866,2,176,0,0,0,100,100,0
1124,4496,594,79,595,3,right+B,0.023825647309422493,0.17147183418273926,0.0427103117108345,0.7457313537597656,0.016260892152786255,0.8118462562561035,0.0,332.0,867,2,176,0,0,0,100,100,0
1125,4500,594,79,595,3,right+B,0.023743202909827232,0.1704263985157013,0.042556457221508026,0.7471035122871399,0.016170449554920197,0.809234619140625,-1.0,331.0,868,2,175,0,0,0,100,100,0
1126,4504,594,79,595,1,right,0.023618008941411972,0.1713288575410843,0.04265068098902702,0.7463652491569519,0.01603720337152481,0.809891939163208,0.0,331.0,869,2,175,0,0,0,100,100,0
1127,4508,594,79,595,3,right+B,0.024319201707839966,0.17516377568244934,0.043704625219106674,0.7403212785720825,0.01649109646677971,0.8226200342178345,0.0,331.0,870,2,175,0,0,0,100,100,0
1128,4512,594,79,595,3,right+B,0.02366158738732338,0.17038078606128693,0.04244774580001831,0.7475920915603638,0.015917791053652763,0.8076033592224121,0.0,331.0,871,2,175,0,0,0,100,100,0
1129,4516,594,79,595,3,right+B,0.02420615218579769,0.17384397983551025,0.04418569430708885,0.7413147687911987,0.016449393704533577,0.8215255737304688,0.0,331.0,872,2,175,0,0,0,100,100,0
1130,4520,594,79,595,1,right,0.02504962496459484,0.17805786430835724,0.0458378940820694,0.7340065240859985,0.01704811304807663,0.8373197317123413,-1.0,330.0,873,2,174,0,0,0,100,100,0
1131,4524,594,79,595,3,right+B,0.025257017463445663,0.17830298840999603,0.045446038246154785,0.7340150475502014,0.016978902742266655,0.837017297744751,0.0,330.0,874,2,174,0,0,0,100,100,0
1132,4528,594,79,595,3,right+B,0.025350848212838173,0.1786470115184784,0.04570963978767395,0.7333195805549622,0.016972821205854416,0.8385289311408997,0.0,330.0,875,2,174,0,0,0,100,100,0
1133,4532,594,79,595,3,right+B,0.025391370058059692,0.17961670458316803,0.04636180028319359,0.7313593029975891,0.01727081462740898,0.8429545164108276,0.0,330.0,876,2,174,0,0,0,100,100,0
1134,4536,594,79,595,3,right+B,0.0258990079164505,0.18338966369628906,0.047820478677749634,0.7251220941543579,0.01776876673102379,0.8557458519935608,0.0,330.0,877,2,174,0,0,0,100,100,0
1135,4540,594,79,595,3,right+B,0.025861211121082306,0.18446238338947296,0.0479908250272274,0.7239656448364258,0.017719954252243042,0.8573724031448364,-1.0,329.0,878,2,173,0,0,0,100,100,0
1136,4544,594,79,595,3,right+B,0.027122050523757935,0.1906658262014389,0.04972602427005768,0.7140025496482849,0.018483618274331093,0.8773479461669922,0.0,329.0,879,2,173,0,0,0,100,100,0
1137,4548,594,93,595,2,right+A,0.027481192722916603,0.19241175055503845,0.05150476098060608,0.7096684575080872,0.018933851271867752,0.887151837348938,0.0,329.0,880,2,173,0,0,0,100,100,0
1138,4552,594,108,595,1,right,0.02702777460217476,0.19347089529037476,0.051414523273706436,0.7092055082321167,0.01888135075569153,0.8866260647773743,0.0,329.0,881,2,173,0,0,0,100,100,0
1139,4556,594,112,595,1,right,0.026752905920147896,0.19703437387943268,0.051420386880636215,0.7059215307235718,0.018870888277888298,0.8902928829193115,0.0,329.0,882,2,173,0,0,0,100,100,0
1140,4560,594,106,595,3,right+B,0.026471639052033424,0.19313503801822662,0.05202641710639,0.7098405957221985,0.01852630078792572,0.8846776485443115,-1.0,328.0,883,2,172,0,0,0,100,100,0
1141,4564,594,89,595,3,right+B,0.02667292393743992,0.19705070555210114,0.051966529339551926,0.705277681350708,0.019032184034585953,0.8920627236366272,0.0,328.0,884,2,172,0,0,0,100,100,0
1142,4568,594,79,595,3,right+B,0.025209221988916397,0.18589772284030914,0.04836830869317055,0.7228956818580627,0.017629025503993034,0.8578330874443054,0.0,328.0,885,2,172,0,0,0,100,100,0
1143,4572,594,79,595,3,right+B,0.02422179840505123,0.17951726913452148,0.04507554695010185,0.7343891859054565,0.01679619960486889,0.8335004448890686,0.0,328.0,886,2,172,0,0,0,100,100,0
1144,4576,594,79,595,0,NOOP,0.02385539934039116,0.17596343159675598,0.043151531368494034,0.7407705783843994,0.016259100288152695,0.8197290897369385,0.0,328.0,887,2,172,0,0,0,100,100,0
1145,4580,594,79,595,3,right+B,0.023439135402441025,0.17382009327411652,0.04234689846634865,0.7442474961280823,0.016146346926689148,0.8124669790267944,-1.0,327.0,888,2,171,0,0,0,100,100,0
1146,4584,594,79,595,3,right+B,0.024255545809864998,0.1774771362543106,0.044259920716285706,0.7376787662506104,0.016328593716025352,0.8266656994819641,0.0,327.0,889,2,171,0,0,0,100,100,0
1147,4588,594,93,595,2,right+A,0.023384127765893936,0.17259755730628967,0.04217430204153061,0.7462003231048584,0.015643635764718056,0.8080630898475647,0.0,327.0,890,2,171,0,0,0,100,100,0
1148,4592,594,108,595,3,right+B,0.02530597895383835,0.18158140778541565,0.04714116081595421,0.7283602356910706,0.01761120744049549,0.8488242030143738,0.0,327.0,891,2,171,0,0,0,100,100,0
1149,4596,594,112,595,3,right+B,0.027490897104144096,0.1924535036087036,0.05162105709314346,0.7089329957962036,0.019501514732837677,0.8895909786224365,0.0,327.0,892,2,171,0,0,0,100,100,0
1150,4600,594,106,595,1,right,0.026007212698459625,0.18520501255989075,0.04913368821144104,0.7217596173286438,0.01789444498717785,0.8626033663749695,-1.0,326.0,893,2,170,0,0,0,100,100,0
1151,4604,594,89,595,3,right+B,0.02557160146534443,0.18506130576133728,0.04733727499842644,0.7244805097579956,0.01754932291805744,0.8548115491867065,0.0,326.0,894,2,170,0,0,0,100,100,0
1152,4608,594,79,595,3,right+B,0.02441732957959175,0.17733021080493927,0.04508885741233826,0.7366514205932617,0.01651214435696602,0.8300303220748901,0.0,326.0,895,2,170,0,0,0,100,100,0
1153,4612,594,79,595,3,right+B,0.022708019241690636,0.1707632690668106,0.04032246768474579,0.7512122392654419,0.01499401219189167,0.7951135635375977,0.0,326.0,896,2,170,0,0,0,100,100,0
1154,4616,594,79,595,3,right+B,0.02292202040553093,0.168800488114357,0.04071345925331116,0.7524454593658447,0.015118495561182499,0.794569730758667,0.0,326.0,897,2,170,0,0,0,100,100,0
1155,4620,594,79,595,3,right+B,0.02364755980670452,0.1743655949831009,0.04354261979460716,0.7420848608016968,0.016359344124794006,0.8182015419006348,-1.0,325.0,898,2,169,0,0,0,100,100,0
1156,4624,594,79,595,3,right+B,0.024515118449926376,0.18031954765319824,0.044771887362003326,0.7335132956504822,0.016880126670002937,0.8350956439971924,0.0,325.0,899,2,169,0,0,0,100,100,0
1157,4628,594,79,595,3,right+B,0.02322540059685707,0.17269288003444672,0.041846927255392075,0.7464497685432434,0.01578500121831894,0.8072561621665955,0.0,325.0,900,2,169,0,0,0,100,100,0
1158,4632,594,79,595,1,right,0.023318300023674965,0.17231328785419464,0.04233362525701523,0.7458575963973999,0.016177264973521233,0.8099294304847717,0.0,325.0,901,2,169,0,0,0,100,100,0
1159,4636,594,79,595,3,right+B,0.024158764630556107,0.17752735316753387,0.04437822848558426,0.7372145056724548,0.016721220687031746,0.828230619430542,0.0,325.0,902,2,169,0,0,0,100,100,0
1160,4640,594,79,595,3,right+B,0.02554064802825451,0.1859409660100937,0.04760532081127167,0.7232543230056763,0.01765875145792961,0.8570427894592285,-1.0,324.0,903,2,168,0,0,0,100,100,0
1161,4644,594,79,595,1,right,0.026675136759877205,0.19222189486026764,0.04965567961335182,0.7130393981933594,0.018407927826046944,0.877466082572937,0.0,324.0,904,2,168,0,0,0,100,100,0
1162,4648,594,79,595,3,right+B,0.02691200189292431,0.19446498155593872,0.05213254317641258,0.7077103853225708,0.01878003217279911,0.889046311378479,0.0,324.0,905,2,168,0,0,0,100,100,0
1163,4652,594,79,595,3,right+B,0.027522096410393715,0.1956833153963089,0.05342477560043335,0.7040997743606567,0.01927008293569088,0.8977217674255371,0.0,324.0,906,2,168,0,0,0,100,100,0
1164,4656,594,79,595,3,right+B,0.026669703423976898,0.19136059284210205,0.05142780393362045,0.7120346426963806,0.018507301807403564,0.881369948387146,0.0,324.0,907,2,168,0,0,0,100,100,0
1165,4660,594,79,595,3,right+B,0.025996284559369087,0.1892438679933548,0.05019756406545639,0.7166681289672852,0.01789417490363121,0.8708455562591553,-1.0,323.0,908,2,167,0,0,0,100,100,0
1166,4664,594,79,595,3,right+B,0.026193516328930855,0.18799257278442383,0.04974857717752457,0.7182061672210693,0.017859138548374176,0.8685019016265869,0.0,323.0,909,2,167,0,0,0,100,100,0
1167,4668,594,79,595,1,right,0.02517182007431984,0.1807461678981781,0.04674365743994713,0.7302314639091492,0.017106832936406136,0.8442339301109314,0.0,323.0,910,2,167,0,0,0,100,100,0
1168,4672,594,79,595,3,right+B,0.025437410920858383,0.18116800487041473,0.04671346768736839,0.729439914226532,0.017241185531020164,0.8461357355117798,0.0,323.0,911,2,167,0,0,0,100,100,0
1169,4676,594,79,595,3,right+B,0.025159599259495735,0.17879533767700195,0.045136500149965286,0.7339085340499878,0.01700008101761341,0.836602509021759,0.0,323.0,912,2,167,0,0,0,100,100,0
1170,4680,594,79,595,3,right+B,0.024169277399778366,0.1753050833940506,0.043261751532554626,0.7408846020698547,0.016379278153181076,0.8206294775009155,-1.0,322.0,913,2,166,0,0,0,100,100,0
1171,4684,594,79,595,1,right,0.0241813063621521,0.17401541769504547,0.0435652956366539,0.7417105436325073,0.016527432948350906,0.8202319145202637,0.0,322.0,914,2,166,0,0,0,100,100,0
1172,4688,594,79,595,3,right+B,0.023902682587504387,0.17256750166416168,0.043715156614780426,0.7434394359588623,0.016375187784433365,0.8170140385627747,0.0,322.0,915,2,166,0,0,0,100,100,0
1173,4692,594,79,595,0,NOOP,0.023893598467111588,0.17348617315292358,0.04386795684695244,0.7421422004699707,0.016610074788331985,0.8196481466293335,0.0,322.0,916,2,166,0,0,0,100,100,0
1174,4696,594,79,595,3,right+B,0.02450587972998619,0.1772633045911789,0.04433915764093399,0.7370384931564331,0.01685318537056446,0.8294277191162109,0.0,322.0,917,2,166,0,0,0,100,100,0
1175,4700,594,79,595,3,right+B,0.02322993241250515,0.16982869803905487,0.04176296666264534,0.7494360208511353,0.015742456540465355,0.802643358707428,-1.0,321.0,918,2,165,0,0,0,100,100,0
1176,4704,594,79,595,3,right+B,0.022977013140916824,0.16778342425823212,0.04155964404344559,0.7521148324012756,0.015565101057291031,0.7974364161491394,0.0,321.0,919,2,165,0,0,0,100,100,0
1177,4708,594,79,595,3,right+B,0.022979503497481346,0.16930928826332092,0.042012859135866165,0.7497634291648865,0.015934938564896584,0.8024632334709167,0.0,321.0,920,2,165,0,0,0,100,100,0
1178,4712,594,79,595,3,right+B,0.022645732387900352,0.16799551248550415,0.041273534297943115,0.7523929476737976,0.015692297369241714,0.7962595224380493,0.0,321.0,921,2,165,0,0,0,100,100,0
1179,4716,594,79,595,3,right+B,0.022496910765767097,0.1665274202823639,0.040245383977890015,0.7554575204849243,0.015272758901119232,0.788896918296814,0.0,321.0,922,2,165,0,0,0,100,100,0
1180,4720,594,79,595,3,right+B,0.02315911091864109,0.16956661641597748,0.041991859674453735,0.7493117451667786,0.015970692038536072,0.8035483360290527,-1.0,320.0,923,2,164,0,0,0,100,100,0
1181,4724,594,79,595,3,right+B,0.023214738816022873,0.17002016305923462,0.042355939745903015,0.7481756210327148,0.016233600676059723,0.8064714670181274,0.0,320.0,924,2,164,0,0,0,100,100,0
1182,4728,594,79,595,3,right+B,0.022929590195417404,0.16859856247901917,0.041721027344465256,0.7508150339126587,0.0159357450902462,0.8003907203674316,0.0,320.0,925,2,164,0,0,0,100,100,0
1183,4732,594,79,595,3,right+B,0.02300446107983589,0.1688687652349472,0.0412273183465004,0.751201331615448,0.015698080882430077,0.7987077236175537,0.0,320.0,926,2,164,0,0,0,100,100,0
1184,4736,594,79,595,3,right+B,0.023449596017599106,0.1715996414422989,0.04265855625271797,0.7460843920707703,0.016207827255129814,0.81038498878479,0.0,320.0,927,2,164,0,0,0,100,100,0
1185,4740,594,79,595,3,right+B,0.023158159106969833,0.16950854659080505,0.04180193692445755,0.7496029138565063,0.015928521752357483,0.8027486801147461,-1.0,319.0,928,2,163,0,0,0,100,100,0
1186,4744,594,79,595,3,right+B,0.02228469029068947,0.16569377481937408,0.04060810059309006,0.7561835646629333,0.01522988174110651,0.7877817749977112,0.0,319.0,929,2,163,0,0,0,100,100,0
1187,4748,594,79,595,3,right+B,0.022650854662060738,0.16729053854942322,0.04109581932425499,0.753549337387085,0.015413379296660423,0.7936198711395264,0.0,319.0,930,2,163,0,0,0,100,100,0
1188,4752,594,79,595,3,right+B,0.023083103820681572,0.168836310505867,0.04199698194861412,0.750266432762146,0.0158171895891428,0.8016197681427002,0.0,319.0,931,2,163,0,0,0,100,100,0
1189,4756,594,79,595,3,right+B,0.023008890450000763,0.16869018971920013,0.04182307422161102,0.7505608201026917,0.015916967764496803,0.8010262250900269,0.0,319.0,932,2,163,0,0,0,100,100,0
1190,4760,594,79,595,3,right+B,0.023179706186056137,0.1688377559185028,0.041778817772865295,0.7503603100776672,0.01584341563284397,0.8014298677444458,-1.0,318.0,933,2,162,0,0,0,100,100,0
1191,4764,594,79,595,3,right+B,0.02408234030008316,0.17406043410301208,0.043089497834444046,0.7423688769340515,0.016398878768086433,0.818117082118988,0.0,318.0,934,2,162,0,0,0,100,100,0
1192,4768,594,79,595,3,right+B,0.02386462315917015,0.17243078351020813,0.042586419731378555,0.7447687983512878,0.016349349170923233,0.8133706450462341,0.0,318.0,935,2,162,0,0,0,100,100,0
1193,4772,594,79,595,3,right+B,0.024157563224434853,0.17305779457092285,0.043600838631391525,0.7425758838653564,0.01660795323550701,0.8191660642623901,0.0,318.0,936,2,162,0,0,0,100,100,0
1194,4776,594,79,595,3,right+B,0.024931831285357475,0.17686301469802856,0.045418161898851395,0.7357733845710754,0.01701362058520317,0.8339269757270813,0.0,318.0,937,2,162,0,0,0,100,100,0
1195,4780,594,79,595,1,right,0.025056064128875732,0.17799676954746246,0.04536323994398117,0.7346082925796509,0.0169756468385458,0.8356627821922302,-1.0,317.0,938,2,161,0,0,0,100,100,0
1196,4784,594,79,595,3,right+B,0.025400551036000252,0.17919078469276428,0.0457226037979126,0.7325247526168823,0.017161326482892036,0.840207576751709,0.0,317.0,939,2,161,0,0,0,100,100,0
1197,4788,594,79,595,3,right+B,0.025170713663101196,0.17789264023303986,0.04590148478746414,0.7339624762535095,0.017072727903723717,0.8377630710601807,0.0,317.0,940,2,161,0,0,0,100,100,0
1198,4792,594,79,595,3,right+B,0.025438809767365456,0.18027745187282562,0.047094523906707764,0.7299415469169617,0.01724768616259098,0.8459675908088684,0.0,317.0,941,2,161,0,0,0,100,100,0
1199,4796,594,79,595,3,right+B,0.026486050337553024,0.18722496926784515,0.050101589411497116,0.7180891036987305,0.01809820532798767,0.8702611327171326,0.0,317.0,942,2,161,0,0,0,100,100,0
1200,4800,594,79,595,3,right+B,0.02543909288942814,0.18220390379428864,0.04689117521047592,0.7282555103302002,0.017210252583026886,0.847952663898468,-1.0,316.0,943,2,160,0,0,0,100,100,0
1201,4804,594,79,595,3,right+B,0.026712968945503235,0.18892578780651093,0.049815207719802856,0.7162343263626099,0.018311673775315285,0.8733064532279968,0.0,316.0,944,2,160,0,0,0,100,100,0
1202,4808,594,93,595,2,right+A,0.026028862223029137,0.188361257314682,0.04917129874229431,0.7185285091400146,0.017910052090883255,0.8670933246612549,0.0,316.0,945,2,160,0,0,0,100,100,0
1203,4812,594,108,595,1,right,0.027100931853055954,0.19763509929180145,0.052330583333969116,0.703518271446228,0.019415246322751045,0.8965311050415039,0.0,316.0,946,2,160,0,0,0,100,100,0
1204,4816,594,112,595,3,right+B,0.026545710861682892,0.19672994315624237,0.05145202949643135,0.7061859369277954,0.019086463376879692,0.8900874853134155,0.0,316.0,947,2,160,0,0,0,100,100,0
1205,4820,594,106,595,2,right+A,0.027207793667912483,0.19653241336345673,0.052999600768089294,0.7038102149963379,0.01944993995130062,0.8973345756530762,-1.0,315.0,948,2,159,0,0,0,100,100,0
1206,4824,594,89,595,3,right+B,0.025936752557754517,0.1915121078491211,0.04997498542070389,0.713739812374115,0.018836360424757004,0.8765090107917786,0.0,315.0,949,2,159,0,0,0,100,100,0
1207,4828,594,79,595,3,right+B,0.02504708059132099,0.18440981209278107,0.04773113504052162,0.72501540184021,0.017796628177165985,0.8541527390480042,0.0,315.0,950,2,159,0,0,0,100,100,0
1208,4832,594,79,595,3,right+B,0.024122387170791626,0.17787623405456543,0.04417141526937485,0.737068772315979,0.016761217266321182,0.8281720876693726,0.0,315.0,951,2,159,0,0,0,100,100,0
1209,4836,594,79,595,1,right,0.0235289316624403,0.17383043467998505,0.04257307946681976,0.7441418766975403,0.015925703570246696,0.8125934600830078,0.0,315.0,952,2,159,0,0,0,100,100,0
1210,4840,594,79,595,1,right,0.023502657189965248,0.17385117709636688,0.042985524982213974,0.7436631321907043,0.015997519716620445,0.8139866590499878,-1.0,314.0,953,2,158,0,0,0,100,100,0
1211,4844,594,79,595,3,right+B,0.023331593722105026,0.17338062822818756,0.043087974190711975,0.7444810271263123,0.015718884766101837,0.8119299411773682,0.0,314.0,954,2,158,0,0,0,100,100,0
1212,4848,594,79,595,3,right+B,0.02267386205494404,0.1697067767381668,0.04147077724337578,0.7508721947669983,0.015276484191417694,0.7978710532188416,0.0,314.0,955,2,158,0,0,0,100,100,0
1213,4852,594,79,595,3,right+B,0.025160279124975204,0.1814492791891098,0.04702748358249664,0.7287914156913757,0.017571469768881798,0.8476910591125488,0.0,314.0,956,2,158,0,0,0,100,100,0
1214,4856,594,79,595,1,right,0.02548772282898426,0.1830510050058365,0.04723184183239937,0.726419985294342,0.017809422686696053,0.8524516820907593,0.0,314.0,957,2,158,0,0,0,100,100,0
1215,4860,594,79,595,3,right+B,0.02435784973204136,0.17855781316757202,0.04457712918519974,0.7358538508415222,0.0166533924639225,0.8306746482849121,-1.0,313.0,958,2,157,0,0,0,100,100,0
1216,4864,594,79,595,1,right,0.024206675589084625,0.1773071438074112,0.04369476065039635,0.7383601665496826,0.016431275755167007,0.8250533938407898,0.0,313.0,959,2,157,0,0,0,100,100,0
1217,4868,594,79,595,1,right,0.024168945848941803,0.17864492535591125,0.04330692067742348,0.7375144958496094,0.016364680603146553,0.8254756331443787,0.0,313.0,960,2,157,0,0,0,100,100,0
1218,4872,594,79,595,3,right+B,0.023026229813694954,0.17151780426502228,0.04108332097530365,0.7487853765487671,0.015587256290018559,0.8018654584884644,0.0,313.0,961,2,157,0,0,0,100,100,0
1219,4876,594,79,595,1,right,0.0233494620770216,0.1715879589319229,0.04232390224933624,0.7467459440231323,0.015992730855941772,0.8082368969917297,0.0,313.0,962,2,157,0,0,0,100,100,0
1220,4880,594,79,595,3,right+B,0.024304356426000595,0.17836743593215942,0.04504985362291336,0.7355387806892395,0.016739558428525925,0.8318716287612915,-1.0,312.0,963,2,156,0,0,0,100,100,0
1221,4884,594,79,595,3,right+B,0.024954903870821,0.18210206925868988,0.04561832919716835,0.730182409286499,0.01714235357940197,0.8424170613288879,0.0,312.0,964,2,156,0,0,0,100,100,0
1222,4888,594,79,595,3,right+B,0.02329816296696663,0.17238794267177582,0.041626233607530594,0.7468928098678589,0.015794787555933,0.8064630627632141,0.0,312.0,965,2,156,0,0,0,100,100,0
1223,4892,594,79,595,3,right+B,0.02325475588440895,0.1713184416294098,0.04205721989274025,0.7476411461830139,0.015728425234556198,0.8057267665863037,0.0,312.0,966,2,156,0,0,0,100,100,0
1224,4896,594,79,595,1,right,0.024314675480127335,0.17859861254692078,0.045056749135255814,0.7357355952262878,0.01629437692463398,0.8305634260177612,0.0,312.0,967,2,156,0,0,0,100,100,0
1225,4900,594,93,595,2,right+A,0.02556494250893593,0.1865561157464981,0.0475090891122818,0.722944974899292,0.017424920573830605,0.8568267822265625,-1.0,311.0,968,2,155,0,0,0,100,100,0
1226,4904,594,108,595,1,right,0.027133021503686905,0.19613990187644958,0.05218169465661049,0.7053402662277222,0.01920512318611145,0.8935865163803101,0.0,311.0,969,2,155,0,0,0,100,100,0
1227,4908,594,112,595,0,NOOP,0.027867980301380157,0.20078372955322266,0.05467579513788223,0.6966434121131897,0.020029161125421524,0.9111940860748291,0.0,311.0,970,2,155,0,0,0,100,100,0
1228,4912,594,106,595,1,right,0.028486812487244606,0.19909317791461945,0.056151024997234344,0.6959755420684814,0.02029343694448471,0.9157394170761108,0.0,311.0,971,2,155,0,0,0,100,100,0
1229,4916,594,89,595,3,right+B,0.02702220343053341,0.19359804689884186,0.052618395537137985,0.707401692867279,0.019359638914465904,0.8916441202163696,0.0,311.0,972,2,155,0,0,0,100,100,0
1230,4920,594,79,595,2,right+A,0.02702142857015133,0.19221831858158112,0.05263661965727806,0.7093956470489502,0.01872793585062027,0.8876098394393921,-1.0,310.0,973,2,154,0,0,0,100,100,0
1231,4924,594,79,595,3,right+B,0.02554488554596901,0.18236462771892548,0.04748276621103287,0.7274174094200134,0.01719033531844616,0.850073516368866,0.0,310.0,974,2,154,0,0,0,100,100,0
1232,4928,594,79,595,1,right,0.025482574477791786,0.18074433505535126,0.047050755470991135,0.7297152280807495,0.017007019370794296,0.8457438349723816,0.0,310.0,975,2,154,0,0,0,100,100,0
1233,4932,594,79,595,3,right+B,0.025454018265008926,0.18036940693855286,0.046178705990314484,0.7306055426597595,0.017392359673976898,0.8441692590713501,0.0,310.0,976,2,154,0,0,0,100,100,0
1234,4936,594,79,595,0,NOOP,0.02434743382036686,0.17638856172561646,0.043689124286174774,0.7391534447669983,0.016421476379036903,0.8241675496101379,0.0,310.0,977,2,154,0,0,0,100,100,0
1235,4940,594,79,595,3,right+B,0.023935476318001747,0.1737065613269806,0.04304701089859009,0.7433817982673645,0.015929188579320908,0.815180242061615,-1.0,309.0,978,2,153,0,0,0,100,100,0
1236,4944,594,79,595,3,right+B,0.023664094507694244,0.17135287821292877,0.043052736669778824,0.7460651993751526,0.015865042805671692,0.8105732202529907,0.0,309.0,979,2,153,0,0,0,100,100,0
1237,4948,594,79,595,3,right+B,0.023101160302758217,0.16904914379119873,0.04227886348962784,0.749888002872467,0.015682825818657875,0.8022923469543457,0.0,309.0,980,2,153,0,0,0,100,100,0
1238,4952,594,79,595,1,right,0.02371794730424881,0.1734563112258911,0.043242331594228745,0.7432081699371338,0.016375211998820305,0.8163318634033203,0.0,309.0,981,2,153,0,0,0,100,100,0
1239,4956,594,79,595,3,right+B,0.02367754466831684,0.17259475588798523,0.042502764612436295,0.7449190020561218,0.0163059514015913,0.8125606775283813,0.0,309.0,982,2,153,0,0,0,100,100,0
1240,4960,594,79,595,3,right+B,0.023366767913103104,0.17002975940704346,0.04166612774133682,0.7490028738975525,0.01593453250825405,0.8038778901100159,-1.0,308.0,983,2,152,0,0,0,100,100,0
1241,4964,594,79,595,3,right+B,0.023749742656946182,0.17293930053710938,0.04299941658973694,0.7438362240791321,0.016475239768624306,0.8153775334358215,0.0,308.0,984,2,152,0,0,0,100,100,0
1242,4968,594,79,595,3,right+B,0.02322952076792717,0.17044761776924133,0.04227558895945549,0.7478436827659607,0.01620362512767315,0.8068098425865173,0.0,308.0,985,2,152,0,0,0,100,100,0
1243,4972,594,79,595,1,right,0.022649290040135384,0.16772456467151642,0.04094479978084564,0.753030002117157,0.015651380643248558,0.7947511672973633,0.0,308.0,986,2,152,0,0,0,100,100,0
1244,4976,594,79,595,1,right,0.022910092025995255,0.1679999977350235,0.040828075259923935,0.752712070941925,0.015549720264971256,0.7953426837921143,0.0,308.0,987,2,152,0,0,0,100,100,0
1245,4980,594,93,595,2,right+A,0.02347969263792038,0.17087562382221222,0.042896319180727005,0.7464770674705505,0.01627124473452568,0.8103458285331726,-1.0,307.0,988,2,151,0,0,0,100,100,0
1246,4984,594,108,595,3,right+B,0.023613177239894867,0.17273016273975372,0.04372456297278404,0.7433620691299438,0.016570037230849266,0.8170234560966492,0.0,307.0,989,2,151,0,0,0,100,100,0
1247,4988,594,112,595,3,right+B,0.023467471823096275,0.17283718287944794,0.04296356067061424,0.7444804310798645,0.016251303255558014,0.813297688961029,0.0,307.0,990,2,151,0,0,0,100,100,0
1248,4992,594,106,595,3,right+B,0.023360105231404305,0.17107166349887848,0.043434496968984604,0.7460504174232483,0.016083337366580963,0.8110346794128418,0.0,307.0,991,2,151,0,0,0,100,100,0
1249,4996,594,89,595,3,right+B,0.023239482194185257,0.1721849888563156,0.04321157559752464,0.7450039982795715,0.01636001467704773,0.8126765489578247,0.0,307.0,992,2,151,0,0,0,100,100,0
1250,5000,594,79,595,3,right+B,0.023020900785923004,0.16822925209999084,0.04242028668522835,0.7505631446838379,0.015766460448503494,0.801518976688385,-1.0,306.0,993,2,150,0,0,0,100,100,0
1251,5004,594,79,595,3,right+B,0.022328339517116547,0.16453947126865387,0.040250953286886215,0.7576982975006104,0.015182917937636375,0.7849482893943787,0.0,306.0,994,2,150,0,0,0,100,100,0
1252,5008,594,79,595,3,right+B,0.02302730269730091,0.16703197360038757,0.041048698127269745,0.7533835172653198,0.015508503653109074,0.7947791814804077,0.0,306.0,995,2,150,0,0,0,100,100,0
1253,5012,594,79,595,3,right+B,0.023065712302923203,0.16819250583648682,0.041557468473911285,0.7511353492736816,0.016048960387706757,0.8002206683158875,0.0,306.0,996,2,150,0,0,0,100,100,0
1254,5016,594,79,595,3,right+B,0.023605527356266975,0.17090046405792236,0.042455848306417465,0.7466594576835632,0.016378726810216904,0.8099679350852966,0.0,306.0,997,2,150,0,0,0,100,100,0
1255,5020,594,79,595,3,right+B,0.023559445515275,0.17116017639636993,0.04200069606304169,0.7471637725830078,0.016115957871079445,0.8078780174255371,-1.0,305.0,998,2,149,0,0,0,100,100,0
1256,5024,594,79,595,1,right,0.024265814572572708,0.17523540556430817,0.043423961848020554,0.7404018044471741,0.016672983765602112,0.822436511516571,0.0,305.0,999,2,149,0,0,0,100,100,0
1257,5028,594,79,595,3,right+B,0.023911572992801666,0.17251327633857727,0.04295549914240837,0.7441696524620056,0.01644989475607872,0.8150906562805176,0.0,305.0,1000,2,149,0,0,0,100,100,0
1258,5032,594,79,595,3,right+B,0.02449806220829487,0.17524759471416473,0.044835545122623444,0.7386859059333801,0.01673291064798832,0.8274528980255127,0.0,305.0,1001,2,149,0,0,0,100,100,0
1259,5036,594,79,595,3,right+B,0.024612190201878548,0.17600440979003906,0.04485701769590378,0.7379733920097351,0.01655292510986328,0.8283059000968933,0.0,305.0,1002,2,149,0,0,0,100,100,0
1260,5040,594,79,595,3,right+B,0.02466493472456932,0.17627671360969543,0.04456312581896782,0.7379136085510254,0.01658165082335472,0.828160285949707,-1.0,304.0,1003,2,148,0,0,0,100,100,0
1261,5044,594,79,595,3,right+B,0.024557853117585182,0.17620296776294708,0.04462867230176926,0.7379716634750366,0.016638897359371185,0.8280917406082153,0.0,304.0,1004,2,148,0,0,0,100,100,0
1262,5048,594,79,595,3,right+B,0.024243244901299477,0.175223708152771,0.04475820064544678,0.7391339540481567,0.016640864312648773,0.8259835243225098,0.0,304.0,1005,2,148,0,0,0,100,100,0
1263,5052,594,79,595,1,right,0.025656312704086304,0.1836072951555252,0.0479898564517498,0.7250230312347412,0.01772340200841427,0.8555271029472351,0.0,304.0,1006,2,148,0,0,0,100,100,0
1264,5056,594,79,595,3,right+B,0.02524605207145214,0.18223980069160461,0.046891238540410995,0.7281990051269531,0.017423953860998154,0.8481533527374268,0.0,304.0,1007,2,148,0,0,0,100,100,0
1265,5060,594,79,595,3,right+B,0.026279285550117493,0.1871277093887329,0.048002537339925766,0.7204746007919312,0.01811591535806656,0.8638750314712524,-1.0,303.0,1008,2,147,0,0,0,100,100,0
1266,5064,594,79,595,1,right,0.027080340310931206,0.19195334613323212,0.05080264061689377,0.7113443613052368,0.018819373100996017,0.8829828500747681,0.0,303.0,1009,2,147,0,0,0,100,100,0
1267,5068,594,79,595,3,right+B,0.02667231112718582,0.1923559308052063,0.050631795078516006,0.711655855178833,0.01868412457406521,0.8812302947044373,0.0,303.0,1010,2,147,0,0,0,100,100,0
1268,5072,594,79,595,3,right+B,0.026130517944693565,0.19371481239795685,0.050401490181684494,0.7112129926681519,0.018540119752287865,0.8800843954086304,0.0,303.0,1011,2,147,0,0,0,100,100,0
1269,5076,594,79,595,3,right+B,0.02642662636935711,0.1940695196390152,0.05127702280879021,0.7094959020614624,0.018730897456407547,0.8845245838165283,0.0,303.0,1012,2,147,0,0,0,100,100,0
1270,5080,594,79,595,1,right,0.026605598628520966,0.1933196634054184,0.050563085824251175,0.7109598517417908,0.018551824614405632,0.8816054463386536,-1.0,302.0,1013,2,146,0,0,0,100,100,0
1271,5084,594,79,595,3,right+B,0.0245481226593256,0.1834423691034317,0.046424493193626404,0.728421688079834,0.017163407057523727,0.8452019691467285,0.0,302.0,1014,2,146,0,0,0,100,100,0
1272,5088,594,79,595,3,right+B,0.024227570742368698,0.18026967346668243,0.045432500541210175,0.7330641150474548,0.017006175592541695,0.8363638520240784,0.0,302.0,1015,2,146,0,0,0,100,100,0
1273,5092,594,79,595,0,NOOP,0.024140942841768265,0.17936930060386658,0.044679250568151474,0.7348796725273132,0.016930831596255302,0.8324159979820251,0.0,302.0,1016,2,146,0,0,0,100,100,0
1274,5096,594,79,595,3,right+B,0.023213813081383705,0.17382793128490448,0.042939938604831696,0.7439368367195129,0.01608152501285076,0.8131453990936279,0.0,302.0,1017,2,146,0,0,0,100,100,0
1275,5100,594,79,595,3,right+B,0.024122603237628937,0.1781616508960724,0.04488736391067505,0.7363656163215637,0.016462719067931175,0.8294554948806763,-1.0,301.0,1018,2,145,0,0,0,100,100,0
1276,5104,594,79,595,3,right+B,0.022585293278098106,0.16989493370056152,0.040743641555309296,0.7514703869819641,0.01530586089938879,0.7958424091339111,0.0,301.0,1019,2,145,0,0,0,100,100,0
1277,5108,594,79,595,3,right+B,0.02389865554869175,0.1752232015132904,0.04419129341840744,0.7399798631668091,0.01670696586370468,0.8234595060348511,0.0,301.0,1020,2,145,0,0,0,100,100,0
1278,5112,594,93,595,4,right+A+B,0.025970036163926125,0.18504489958286285,0.04862590506672859,0.7219367623329163,0.018422303721308708,0.862838625907898,0.0,301.0,1021,2,145,0,0,0,100,100,0
1279,5116,594,108,595,3,right+B,0.025413265451788902,0.18496644496917725,0.04844179004430771,0.722984254360199,0.018194224685430527,0.8595386743545532,0.0,301.0,1022,2,145,0,0,0,100,100,0
1280,5120,594,112,595,3,right+B,0.025662759318947792,0.18679262697696686,0.047390006482601166,0.7222234010696411,0.017931243404746056,0.859028160572052,-1.0,300.0,1023,2,144,0,0,0,100,100,0
1281,5124,594,106,595,3,right+B,0.024791831150650978,0.18083971738815308,0.04614603519439697,0.7309616208076477,0.01726069115102291,0.8420116901397705,0.0,300.0,1024,2,144,0,0,0,100,100,0
1282,5128,594,89,595,3,right+B,0.024171767756342888,0.1811724305152893,0.04422936961054802,0.7337431311607361,0.016683252528309822,0.8328569531440735,0.0,300.0,1025,2,144,0,0,0,100,100,0
1283,5132,594,79,595,1,right,0.02358582429587841,0.17349980771541595,0.04326499626040459,0.7436771392822266,0.015972213819622993,0.814461350440979,0.0,300.0,1026,2,144,0,0,0,100,100,0
1284,5136,594,79,595,3,right+B,0.023191189393401146,0.1716623306274414,0.043073948472738266,0.7461852431297302,0.015887267887592316,0.8095375299453735,0.0,300.0,1027,2,144,0,0,0,100,100,0
1285,5140,594,79,595,3,right+B,0.024457501247525215,0.1800881177186966,0.044808562844991684,0.7341469526290894,0.01649891398847103,0.8332349061965942,-1.0,299.0,1028,2,143,0,0,0,100,100,0
1286,5144,594,79,595,1,right,0.022992068901658058,0.17267568409442902,0.04168819636106491,0.7467129230499268,0.015931138768792152,0.8065254092216492,0.0,299.0,1029,2,143,0,0,0,100,100,0
1287,5148,594,79,595,3,right+B,0.022847076877951622,0.17081519961357117,0.04152305796742439,0.748936653137207,0.01587805151939392,0.8026015758514404,0.0,299.0,1030,2,143,0,0,0,100,100,0
1288,5152,594,79,595,3,right+B,0.023477664217352867,0.17388103902339935,0.04299856722354889,0.7435463666915894,0.016096331179142,0.814359724521637,0.0,299.0,1031,2,143,0,0,0,100,100,0
1289,5156,594,79,595,3,right+B,0.025182731449604034,0.18414625525474548,0.04712380841374397,0.7260780930519104,0.017469055950641632,0.8513737320899963,0.0,299.0,1032,2,143,0,0,0,100,100,0
1290,5160,594,79,595,3,right+B,0.026585418730974197,0.19249460101127625,0.05027507245540619,0.711969792842865,0.01867513172328472,0.8801491856575012,-1.0,298.0,1033,2,142,0,0,0,100,100,0
1291,5164,594,79,595,3,right+B,0.02706116996705532,0.19546400010585785,0.052472203969955444,0.705781877040863,0.01922074519097805,0.8932980298995972,0.0,298.0,1034,2,142,0,0,0,100,100,0
1292,5168,594,79,595,3,right+B,0.027587801218032837,0.1961779147386551,0.05338297039270401,0.703478217124939,0.019373081624507904,0.8988296389579773,0.0,298.0,1035,2,142,0,0,0,100,100,0
1293,5172,594,79,595,0,NOOP,0.02755764126777649,0.19545425474643707,0.053180087357759476,0.704445481300354,0.019362548366189003,0.8972444534301758,0.0,298.0,1036,2,142,0,0,0,100,100,0
1294,5176,594,79,595,3,right+B,0.026318637654185295,0.1902039796113968,0.05096802860498428,0.7142487168312073,0.018260672688484192,0.8765757083892822,0.0,298.0,1037,2,142,0,0,0,100,100,0
1295,5180,594,79,595,3,right+B,0.025350719690322876,0.18445715308189392,0.04810827970504761,0.7249653935432434,0.01711850054562092,0.8537353277206421,-1.0,297.0,1038,2,141,0,0,0,100,100,0
1296,5184,594,79,595,3,right+B,0.02500814199447632,0.18100467324256897,0.04737772047519684,0.7297070622444153,0.016902372241020203,0.8450124859809875,0.0,297.0,1039,2,141,0,0,0,100,100,0
1297,5188,594,79,595,3,right+B,0.02572999894618988,0.18352212011814117,0.04761546105146408,0.725627064704895,0.017505384981632233,0.8538272976875305,0.0,297.0,1040,2,141,0,0,0,100,100,0
1298,5192,594,93,595,4,right+A+B,0.024597689509391785,0.17742714285850525,0.044274985790252686,0.7369106411933899,0.016789635643363,0.8295528292655945,0.0,297.0,1041,2,141,0,0,0,100,100,0
1299,5196,594,108,595,3,right+B,0.0241842120885849,0.17625537514686584,0.04416009783744812,0.7388122081756592,0.016588086262345314,0.8253820538520813,0.0,297.0,1042,2,141,0,0,0,100,100,0
1300,5200,594,112,595,1,right,0.02473515085875988,0.17904233932495117,0.04530142992734909,0.7337077260017395,0.01721341721713543,0.8367771506309509,-1.0,296.0,1043,2,140,0,0,0,100,100,0
1301,5204,594,106,595,3,right+B,0.023857247084379196,0.17304879426956177,0.04439361020922661,0.7421901822090149,0.01651020161807537,0.8199908137321472,0.0,296.0,1044,2,140,0,0,0,100,100,0
1302,5208,594,89,595,1,right,0.023806266486644745,0.17547933757305145,0.0442793145775795,0.739461362361908,0.016973720863461494,0.8247678279876709,0.0,296.0,1045,2,140,0,0,0,100,100,0
1303,5212,594,79,595,1,right,0.02440008334815502,0.17537210881710052,0.044361114501953125,0.7389096021652222,0.01695708930492401,0.826813817024231,0.0,296.0,1046,2,140,0,0,0,100,100,0
1304,5216,594,79,595,3,right+B,0.023512262850999832,0.17061035335063934,0.0420512892305851,0.7477057576179504,0.016120359301567078,0.8070659041404724,0.0,296.0,1047,2,140,0,0,0,100,100,0
1305,5220,594,79,595,3,right+B,0.02322194166481495,0.16886207461357117,0.041436608880758286,0.7507255673408508,0.015753811225295067,0.8002769947052002,-1.0,295.0,1048,2,139,0,0,0,100,100,0
1306,5224,594,93,595,2,right+A,0.02301076054573059,0.16906976699829102,0.042028117924928665,0.7498114109039307,0.016079971566796303,0.8028175830841064,0.0,295.0,1049,2,139,0,0,0,100,100,0
1307,5228,594,108,595,3,right+B,0.023096134886145592,0.17116747796535492,0.04271388798952103,0.7468225955963135,0.016199883073568344,0.8086511492729187,0.0,295.0,1050,2,139,0,0,0,100,100,0
1308,5232,594,112,595,3,right+B,0.022765781730413437,0.1695636510848999,0.04150187596678734,0.7503940463066101,0.015774529427289963,0.8000013828277588,0.0,295.0,1051,2,139,0,0,0,100,100,0
1309,5236,594,106,595,3,right+B,0.02332858182489872,0.170735165476799,0.04308552294969559,0.7466828227043152,0.016167934983968735,0.8097598552703857,0.0,295.0,1052,2,139,0,0,0,100,100,0
1310,5240,594,89,595,3,right+B,0.023219067603349686,0.17187555134296417,0.04345424473285675,0.744803786277771,0.016647368669509888,0.8139373660087585,-1.0,294.0,1053,2,138,0,0,0,100,100,0
1311,5244,594,79,595,4,right+A+B,0.023241685703396797,0.16919517517089844,0.04261511191725731,0.7488895654678345,0.016058463603258133,0.8054118156433105,0.0,294.0,1054,2,138,0,0,0,100,100,0
1312,5248,594,79,595,1,right,0.022393956780433655,0.1654762327671051,0.040192753076553345,0.7567098736763,0.015227120369672775,0.7866083383560181,0.0,294.0,1055,2,138,0,0,0,100,100,0
1313,5252,594,79,595,3,right+B,0.022873057052493095,0.1673629730939865,0.04089787229895592,0.7534037232398987,0.015462401323020458,0.7941207885742188,0.0,294.0,1056,2,138,0,0,0,100,100,0
1314,5256,594,79,595,3,right+B,0.022563092410564423,0.16666771471500397,0.04072779417037964,0.7543601393699646,0.015681277960538864,0.7923406362533569,0.0,294.0,1057,2,138,0,0,0,100,100,0
1315,5260,594,79,595,3,right+B,0.022715914994478226,0.16786950826644897,0.041234396398067474,0.7524526715278625,0.015727553516626358,0.7963392734527588,-1.0,293.0,1058,2,137,0,0,0,100,100,0
1316,5264,594,79,595,3,right+B,0.023203913122415543,0.16928742825984955,0.04162471741437912,0.7500134706497192,0.015870513394474983,0.8018432259559631,0.0,293.0,1059,2,137,0,0,0,100,100,0
1317,5268,594,79,595,3,right+B,0.023562118411064148,0.1708708554506302,0.04258960485458374,0.746791660785675,0.01618574745953083,0.8094192147254944,0.0,293.0,1060,2,137,0,0,0,100,100,0
1318,5272,594,79,595,3,right+B,0.023707961663603783,0.17137525975704193,0.042788658291101456,0.7458458542823792,0.016282280907034874,0.8116045594215393,0.0,293.0,1061,2,137,0,0,0,100,100,0
1319,5276,594,79,595,3,right+B,0.023614326491951942,0.17144210636615753,0.04250548779964447,0.7463405728340149,0.016097545623779297,0.8098616600036621,0.0,293.0,1062,2,137,0,0,0,100,100,0
1320,5280,594,79,595,3,right+B,0.023698003962635994,0.17172545194625854,0.04232199117541313,0.7462450265884399,0.016009610146284103,0.8097034692764282,-1.0,292.0,1063,2,136,0,0,0,100,100,0
1321,5284,594,79,595,3,right+B,0.023480959236621857,0.17079459130764008,0.04217115789651871,0.7475936412811279,0.015959637239575386,0.8069570660591125,0.0,292.0,1064,2,136,0,0,0,100,100,0
1322,5288,594,79,595,3,right+B,0.02431878261268139,0.17385056614875793,0.04376078024506569,0.7414625287055969,0.016607359051704407,0.821320652961731,0.0,292.0,1065,2,136,0,0,0,100,100,0
1323,5292,594,79,595,3,right+B,0.02519499696791172,0.17800742387771606,0.0458475686609745,0.733798086643219,0.0171519685536623,0.83815598487854,0.0,292.0,1066,2,136,0,0,0,100,100,0
1324,5296,594,79,595,3,right+B,0.024905823171138763,0.17685703933238983,0.04469189792871475,0.7368179559707642,0.01672733575105667,0.8307204246520996,0.0,292.0,1067,2,136,0,0,0,100,100,0
1325,5300,594,79,595,3,right+B,0.025341467931866646,0.17832857370376587,0.04540887102484703,0.7338514924049377,0.017069613561034203,0.8375759720802307,-1.0,291.0,1068,2,135,0,0,0,100,100,0
1326,5304,594,79,595,3,right+B,0.02504012919962406,0.17754459381103516,0.04543508589267731,0.734969437122345,0.017010750249028206,0.8352996706962585,0.0,291.0,1069,2,135,0,0,0,100,100,0
1327,5308,594,79,595,3,right+B,0.02567068673670292,0.1815463751554489,0.04725923761725426,0.7279629111289978,0.017560740932822227,0.8501332402229309,0.0,291.0,1070,2,135,0,0,0,100,100,0
1328,5312,594,79,595,3,right+B,0.0260683074593544,0.18483547866344452,0.04831055551767349,0.7230497598648071,0.01773589663207531,0.8594963550567627,0.0,291.0,1071,2,135,0,0,0,100,100,0
1329,5316,594,79,595,3,right+B,0.025907941162586212,0.18436938524246216,0.04717450961470604,0.7250419855117798,0.017506223171949387,0.8543835878372192,0.0,291.0,1072,2,135,0,0,0,100,100,0
1330,5320,594,79,595,3,right+B,0.027549846097826958,0.19289128482341766,0.051345985382795334,0.7093494534492493,0.018863467499613762,0.8873281478881836,-1.0,290.0,1073,2,134,0,0,0,100,100,0
1331,5324,594,93,595,2,right+A,0.026516009122133255,0.19095756113529205,0.04994703456759453,0.7144893407821655,0.018090061843395233,0.8748899102210999,0.0,290.0,1074,2,134,0,0,0,100,100,0
1332,5328,594,108,595,3,right+B,0.026324527338147163,0.19409865140914917,0.051403846591711044,0.7095904350280762,0.018582534044981003,0.8840196132659912,0.0,290.0,1075,2,134,0,0,0,100,100,0
1333,5332,594,112,595,3,right+B,0.026232095435261726,0.19557198882102966,0.050848428159952164,0.7087103724479675,0.018637092784047127,0.8843563795089722,0.0,290.0,1076,2,134,0,0,0,100,100,0
1334,5336,594,106,595,3,right+B,0.027209682390093803,0.19584935903549194,0.05286303535103798,0.7048066854476929,0.019271189346909523,0.8954716920852661,0.0,290.0,1077,2,134,0,0,0,100,100,0
1335,5340,594,89,595,3,right+B,0.02552630938589573,0.18855994939804077,0.04862084612250328,0.7189583778381348,0.018334468826651573,0.8657692670822144,-1.0,289.0,1078,2,133,0,0,0,100,100,0
1336,5344,594,79,595,3,right+B,0.025937095284461975,0.1882079690694809,0.04946049302816391,0.718023419380188,0.018371036276221275,0.869053840637207,0.0,289.0,1079,2,133,0,0,0,100,100,0
1337,5348,594,79,595,1,right,0.024774353951215744,0.1808706521987915,0.04571753740310669,0.7313616871833801,0.01727578043937683,0.8408665657043457,0.0,289.0,1080,2,133,0,0,0,100,100,0
1338,5352,594,79,595,3,right+B,0.02324427105486393,0.17219498753547668,0.04237280786037445,0.7463927268981934,0.01579519733786583,0.8081434965133667,0.0,289.0,1081,2,133,0,0,0,100,100,0
1339,5356,594,79,595,3,right+B,0.023493841290473938,0.1734771877527237,0.042899806052446365,0.7440526485443115,0.016076529398560524,0.8134708404541016,0.0,289.0,1082,2,133,0,0,0,100,100,0
1340,5360,594,79,595,3,right+B,0.02352440357208252,0.17409946024417877,0.042804278433322906,0.7436560988426208,0.015915779396891594,0.8135914206504822,-1.0,288.0,1083,2,132,0,0,0,100,100,0
1341,5364,594,79,595,3,right+B,0.02303457260131836,0.17100463807582855,0.04178107902407646,0.748598039150238,0.015581699088215828,0.8031356334686279,0.0,288.0,1084,2,132,0,0,0,100,100,0
1342,5368,594,79,595,3,right+B,0.025505514815449715,0.18260660767555237,0.047572433948516846,0.7266931533813477,0.017622293904423714,0.8521327972412109,0.0,288.0,1085,2,132,0,0,0,100,100,0
1343,5372,594,79,595,3,right+B,0.0257735513150692,0.18497334420681,0.048281360417604446,0.7231479287147522,0.01782381534576416,0.8589501976966858,0.0,288.0,1086,2,132,0,0,0,100,100,0
1344,5376,594,79,595,3,right+B,0.024480624124407768,0.17882508039474487,0.04474286362528801,0.735460102558136,0.01649128645658493,0.8313205242156982,0.0,288.0,1087,2,132,0,0,0,100,100,0
1345,5380,594,79,595,3,right+B,0.024033397436141968,0.17715691030025482,0.043570708483457565,0.7390512824058533,0.016187751665711403,0.822966456413269,-1.0,287.0,1088,2,131,0,0,0,100,100,0
1346,5384,594,79,595,1,right,0.02399202436208725,0.17821785807609558,0.043135203421115875,0.7384752035140991,0.016179705038666725,0.8230708837509155,0.0,287.0,1089,2,131,0,0,0,100,100,0
1347,5388,594,79,595,1,right,0.023528290912508965,0.1748204380273819,0.04170247167348862,0.7441770434379578,0.01577180065214634,0.8109359741210938,0.0,287.0,1090,2,131,0,0,0,100,100,0
1348,5392,594,79,595,1,right,0.02313990704715252,0.17039191722869873,0.042096979916095734,0.7485973834991455,0.015773845836520195,0.80424964427948,0.0,287.0,1091,2,131,0,0,0,100,100,0
1349,5396,594,79,595,3,right+B,0.024476785212755203,0.17858652770519257,0.04505308344960213,0.7351295351982117,0.016754010692238808,0.8328327536582947,0.0,287.0,1092,2,131,0,0,0,100,100,0
1350,5400,594,79,595,1,right,0.02450728602707386,0.17918571829795837,0.04405210539698601,0.735552966594696,0.016701916232705116,0.8307800889015198,-1.0,286.0,1093,2,130,0,0,0,100,100,0
1351,5404,594,79,595,3,right+B,0.02374732680618763,0.17496803402900696,0.04242397099733353,0.7425217032432556,0.016338912770152092,0.8161519765853882,0.0,286.0,1094,2,130,0,0,0,100,100,0
1352,5408,594,79,595,3,right+B,0.023384056985378265,0.17184840142726898,0.04211390018463135,0.7467777729034424,0.01587587222456932,0.8076865673065186,0.0,286.0,1095,2,130,0,0,0,100,100,0
1353,5412,594,79,595,3,right+B,0.024617332965135574,0.17900139093399048,0.045201484113931656,0.734590470790863,0.016589287668466568,0.8336873650550842,0.0,286.0,1096,2,130,0,0,0,100,100,0
1354,5416,594,79,595,3,right+B,0.026148339733481407,0.18930917978286743,0.048803191632032394,0.7179761528968811,0.017763148993253708,0.8672243356704712,0.0,286.0,1097,2,130,0,0,0,100,100,0
1355,5420,594,79,595,3,right+B,0.02720548026263714,0.19543364644050598,0.05167503282427788,0.7069138884544373,0.018771933391690254,0.8900278806686401,-1.0,285.0,1098,2,129,0,0,0,100,100,0
1356,5424,594,79,595,3,right+B,0.026905562728643417,0.19354219734668732,0.05169790983200073,0.7092903256416321,0.01856395974755287,0.8859084248542786,0.0,285.0,1099,2,129,0,0,0,100,100,0
1357,5428,594,79,595,3,right+B,0.027720510959625244,0.19732671976089478,0.05368947610259056,0.7019127607345581,0.019350511953234673,0.9014294743537903,0.0,285.0,1100,2,129,0,0,0,100,100,0
1358,5432,594,79,595,3,right+B,0.026696182787418365,0.19137407839298248,0.051728956401348114,0.7114647030830383,0.01873607188463211,0.8830987215042114,0.0,285.0,1101,2,129,0,0,0,100,100,0
1359,5436,594,79,595,1,right,0.02540162391960621,0.185045525431633,0.048713568598032,0.7233913540840149,0.017447995021939278,0.8575778007507324,0.0,285.0,1102,2,129,0,0,0,100,100,0
1360,5440,594,79,595,0,NOOP,0.02527891844511032,0.18370813131332397,0.04718349874019623,0.7267928123474121,0.017036642879247665,0.8496408462524414,-1.0,284.0,1103,2,128,0,0,0,100,100,0
1361,5444,594,79,595,3,right+B,0.025813739746809006,0.18373171985149384,0.04810069501399994,0.7246829867362976,0.017670830711722374,0.8563290238380432,0.0,284.0,1104,2,128,0,0,0,100,100,0
1362,5448,594,79,595,3,right+B,0.025461440905928612,0.18095538020133972,0.04581600800156593,0.7304430603981018,0.01732412353157997,0.843754768371582,0.0,284.0,1105,2,128,0,0,0,100,100,0
1363,5452,594,79,595,3,right+B,0.024427853524684906,0.1755436211824417,0.043511565774679184,0.7400805950164795,0.016436366364359856,0.8227827548980713,0.0,284.0,1106,2,128,0,0,0,100,100,0
1364,5456,594,79,595,1,right,0.024451278150081635,0.17619562149047852,0.04394816607236862,0.7388428449630737,0.016562098637223244,0.8255118131637573,0.0,284.0,1107,2,128,0,0,0,100,100,0
1365,5460,594,79,595,3,right+B,0.02348395064473152,0.17103533446788788,0.04252424091100693,0.7470269203186035,0.015929605811834335,0.8082205653190613,-1.0,283.0,1108,2,127,0,0,0,100,100,0
1366,5464,594,79,595,1,right,0.02342611365020275,0.17046962678432465,0.04278738796710968,0.7474132776260376,0.015903586521744728,0.8078385591506958,0.0,283.0,1109,2,127,0,0,0,100,100,0
1367,5468,594,79,595,1,right,0.023902546614408493,0.1746479719877243,0.04326658323407173,0.7418056726455688,0.016377154737710953,0.8187718391418457,0.0,283.0,1110,2,127,0,0,0,100,100,0
1368,5472,594,79,595,3,right+B,0.023793671280145645,0.17326515913009644,0.042758066207170486,0.7438845634460449,0.016298478469252586,0.814640998840332,0.0,283.0,1111,2,127,0,0,0,100,100,0
1369,5476,594,93,595,2,right+A,0.023204240947961807,0.16994324326515198,0.041566744446754456,0.7494361996650696,0.015849564224481583,0.8025705218315125,0.0,283.0,1112,2,127,0,0,0,100,100,0
1370,5480,594,108,595,3,right+B,0.02333790250122547,0.1714252382516861,0.04262782260775566,0.7462856769561768,0.0163232684135437,0.8100956678390503,-1.0,282.0,1113,2,126,0,0,0,100,100,0
1371,5484,594,112,595,3,right+B,0.023574581369757652,0.17366929352283478,0.043920762836933136,0.741888165473938,0.01694718934595585,0.820242702960968,0.0,282.0,1114,2,126,0,0,0,100,100,0
1372,5488,594,106,595,3,right+B,0.023325197398662567,0.17096973955631256,0.042784836143255234,0.7466585040092468,0.01626173034310341,0.8095946907997131,0.0,282.0,1115,2,126,0,0,0,100,100,0
1373,5492,594,89,595,3,right+B,0.023480745032429695,0.17249372601509094,0.043041128665208817,0.7443699836730957,0.01661447063088417,0.8144475817680359,0.0,282.0,1116,2,126,0,0,0,100,100,0
1374,5496,594,79,595,3,right+B,0.023583736270666122,0.17008858919143677,0.04331996664404869,0.7466244101524353,0.016383297741413116,0.8111798167228699,0.0,282.0,1117,2,126,0,0,0,100,100,0
1375,5500,594,79,595,3,right+B,0.02291596122086048,0.16712434589862823,0.04130660742521286,0.7529183626174927,0.01573478803038597,0.7961563467979431,-1.0,281.0,1118,2,125,0,0,0,100,100,0
1376,5504,594,79,595,3,right+B,0.022473353892564774,0.16525499522686005,0.040233153849840164,0.7569167613983154,0.01512172631919384,0.7862578630447388,0.0,281.0,1119,2,125,0,0,0,100,100,0
1377,5508,594,79,595,3,right+B,0.02261863276362419,0.16713270545005798,0.04109453037381172,0.753423273563385,0.015730882063508034,0.7944974303245544,0.0,281.0,1120,2,125,0,0,0,100,100,0
1378,5512,594,79,595,1,right,0.02284737303853035,0.16840872168540955,0.041562769562006,0.7515183091163635,0.01566288061439991,0.7983083724975586,0.0,281.0,1121,2,125,0,0,0,100,100,0
1379,5516,594,79,595,3,right+B,0.022569602355360985,0.16685640811920166,0.040768466889858246,0.7545807957649231,0.015224786475300789,0.790992259979248,0.0,281.0,1122,2,125,0,0,0,100,100,0
1380,5520,594,79,595,3,right+B,0.022822486236691475,0.1682947427034378,0.041659969836473465,0.7515666484832764,0.01565619744360447,0.7983063459396362,-1.0,280.0,1123,2,124,0,0,0,100,100,0
1381,5524,594,79,595,3,right+B,0.022604817524552345,0.16728556156158447,0.040879976004362106,0.753725528717041,0.015504144132137299,0.7931753396987915,0.0,280.0,1124,2,124,0,0,0,100,100,0
1382,5528,594,79,595,3,right+B,0.023003490641713142,0.16831351816654205,0.041456010192632675,0.7514288425445557,0.015798166394233704,0.7989246845245361,0.0,280.0,1125,2,124,0,0,0,100,100,0
1383,5532,594,79,595,3,right+B,0.023317700251936913,0.16989938914775848,0.041452862322330475,0.7493773102760315,0.0159526988863945,0.8029674291610718,0.0,280.0,1126,2,124,0,0,0,100,100,0
1384,5536,594,79,595,3,right+B,0.023641567677259445,0.17253103852272034,0.04255015403032303,0.7449752688407898,0.016301900148391724,0.812463641166687,0.0,280.0,1127,2,124,0,0,0,100,100,0
1385,5540,594,79,595,3,right+B,0.023363405838608742,0.1701555699110031,0.04140301048755646,0.7491186857223511,0.015959322452545166,0.8033868074417114,-1.0,279.0,1128,2,123,0,0,0,100,100,0
1386,5544,594,79,595,3,right+B,0.023722121492028236,0.17129291594028473,0.04244840890169144,0.7463087439537048,0.016227761283516884,0.810349702835083,0.0,279.0,1129,2,123,0,0,0,100,100,0
1387,5548,594,79,595,3,right+B,0.024820933118462563,0.17584756016731262,0.0448642261326313,0.7375838756561279,0.016883425414562225,0.8300616145133972,0.0,279.0,1130,2,123,0,0,0,100,100,0
1388,5552,594,79,595,3,right+B,0.02500377595424652,0.17739923298358917,0.04516763985157013,0.7354439496994019,0.01698543131351471,0.8341294527053833,0.0,279.0,1131,2,123,0,0,0,100,100,0
1389,5556,594,79,595,3,right+B,0.025142870843410492,0.1770593672990799,0.04467879980802536,0.7362173795700073,0.01690155826508999,0.8324324488639832,0.0,279.0,1132,2,123,0,0,0,100,100,0
1390,5560,594,79,595,3,right+B,0.024947514757514,0.17637687921524048,0.04512267932295799,0.7369493842124939,0.016603533178567886,0.8309119343757629,-1.0,278.0,1133,2,122,0,0,0,100,100,0
1391,5564,594,79,595,3,right+B,0.025040868669748306,0.17804895341396332,0.04600779712200165,0.7341281175613403,0.016774261370301247,0.836715817451477,0.0,278.0,1134,2,122,0,0,0,100,100,0
1392,5568,594,79,595,3,right+B,0.025471925735473633,0.18139663338661194,0.047236379235982895,0.7286116480827332,0.017283393070101738,0.8481615781784058,0.0,278.0,1135,2,122,0,0,0,100,100,0
1393,5572,594,79,595,3,right+B,0.02468729577958584,0.17912989854812622,0.04573291167616844,0.7337268590927124,0.016723083332180977,0.8360909223556519,0.0,278.0,1136,2,122,0,0,0,100,100,0
1394,5576,594,79,595,3,right+B,0.026197252795100212,0.1870788037776947,0.04791050776839256,0.7210345268249512,0.01777886226773262,0.8620433807373047,0.0,278.0,1137,2,122,0,0,0,100,100,0
1395,5580,594,79,595,3,right+B,0.027203816920518875,0.19358405470848083,0.05123147740960121,0.7091513276100159,0.01882929727435112,0.8866780996322632,-1.0,277.0,1138,2,121,0,0,0,100,100,0
1396,5584,594,79,595,3,right+B,0.026244204491376877,0.19036361575126648,0.049823179841041565,0.7152150869369507,0.01835397630929947,0.8738471269607544,0.0,277.0,1139,2,121,0,0,0,100,100,0
1397,5588,594,79,595,1,right,0.026232246309518814,0.19257310032844543,0.05058588832616806,0.7120423316955566,0.018566396087408066,0.8795151710510254,0.0,277.0,1140,2,121,0,0,0,100,100,0
1398,5592,594,79,595,3,right+B,0.026783188804984093,0.1938842386007309,0.05126509815454483,0.7093148231506348,0.018752597272396088,0.8855026960372925,0.0,277.0,1141,2,121,0,0,0,100,100,0
1399,5596,594,79,595,1,right,0.027168408036231995,0.19516026973724365,0.05125707387924194,0.7072939872741699,0.0191202349960804,0.8897210955619812,0.0,277.0,1142,2,121,0,0,0,100,100,0
1400,5600,594,79,595,1,right,0.025729866698384285,0.18823017179965973,0.04834654554724693,0.7195548415184021,0.018138527870178223,0.8645464181900024,-1.0,276.0,1143,2,120,0,0,0,100,100,0
1401,5604,594,79,595,3,right+B,0.02457861788570881,0.1809074878692627,0.046001505106687546,0.7313663363456726,0.017146078869700432,0.8405547142028809,0.0,276.0,1144,2,120,0,0,0,100,100,0
1402,5608,594,79,595,3,right+B,0.024038005620241165,0.1776341050863266,0.0442984439432621,0.7374232411384583,0.016606202349066734,0.827309250831604,0.0,276.0,1145,2,120,0,0,0,100,100,0
1403,5612,594,79,595,3,right+B,0.023157930001616478,0.17288614809513092,0.042728688567876816,0.7454928755760193,0.015734294429421425,0.8096401691436768,0.0,276.0,1146,2,120,0,0,0,100,100,0
1404,5616,594,79,595,3,right+B,0.023215897381305695,0.17289787530899048,0.042265843600034714,0.746083676815033,0.015536744147539139,0.8077687621116638,0.0,276.0,1147,2,120,0,0,0,100,100,0
1405,5620,594,79,595,3,right+B,0.022046133875846863,0.16766506433486938,0.03994039446115494,0.7555714249610901,0.014776995405554771,0.786186933517456,-1.0,275.0,1148,2,119,0,0,0,100,100,0
1406,5624,594,79,595,3,right+B,0.023468393832445145,0.17353419959545135,0.042927149683237076,0.7441757321357727,0.015894483774900436,0.8128447532653809,0.0,275.0,1149,2,119,0,0,0,100,100,0
1407,5628,594,79,595,3,right+B,0.026168832555413246,0.1862199455499649,0.04877185821533203,0.720555305480957,0.018284013494849205,0.8649792075157166,0.0,275.0,1150,2,119,0,0,0,100,100,0
1408,5632,594,79,595,3,right+B,0.025615932419896126,0.1847948133945465,0.047894641757011414,0.723781943321228,0.01791265606880188,0.8574609160423279,0.0,275.0,1151,2,119,0,0,0,100,100,0
1409,5636,594,79,595,3,right+B,0.025403987616300583,0.1826840192079544,0.045573584735393524,0.7292516231536865,0.01708669774234295,0.8444029688835144,0.0,275.0,1152,2,119,0,0,0,100,100,0
1410,5640,594,79,595,3,right+B,0.025759615004062653,0.18482427299022675,0.047051187604665756,0.7245863080024719,0.017778588458895683,0.8551859855651855,-1.0,274.0,1153,2,118,0,0,0,100,100,0
1411,5644,594,79,595,3,right+B,0.02409476228058338,0.17803563177585602,0.04297441616654396,0.7385774254798889,0.016317754983901978,0.823233425617218,0.0,274.0,1154,2,118,0,0,0,100,100,0
1412,5648,594,79,595,3,right+B,0.02287832833826542,0.16954879462718964,0.04119893163442612,0.7508450746536255,0.01552882045507431,0.7985432744026184,0.0,274.0,1155,2,118,0,0,0,100,100,0
1413,5652,594,79,595,3,right+B,0.024109935387969017,0.17540308833122253,0.04418252035975456,0.7398213148117065,0.016483213752508163,0.8235686421394348,0.0,274.0,1156,2,118,0,0,0,100,100,0
1414,5656,594,79,595,1,right,0.02509140409529209,0.18243424594402313,0.045777060091495514,0.7296689748764038,0.01702827215194702,0.8433498740196228,0.0,274.0,1157,2,118,0,0,0,100,100,0
1415,5660,594,79,595,3,right+B,0.024006197229027748,0.1772250384092331,0.042975831776857376,0.7394767999649048,0.016316115856170654,0.8217723369598389,-1.0,273.0,1158,2,117,0,0,0,100,100,0
1416,5664,594,79,595,0,NOOP,0.022556491196155548,0.1681293249130249,0.04069037362933159,0.7533240914344788,0.015299683436751366,0.7929251790046692,0.0,273.0,1159,2,117,0,0,0,100,100,0
1417,5668,594,79,595,3,right+B,0.023681068792939186,0.17475982010364532,0.04333408176898956,0.7421019077301025,0.016123056411743164,0.8173924684524536,0.0,273.0,1160,2,117,0,0,0,100,100,0
1418,5672,594,79,595,3,right+B,0.025684840977191925,0.18659046292304993,0.04789744317531586,0.7222810387611389,0.017546186223626137,0.858780562877655,0.0,273.0,1161,2,117,0,0,0,100,100,0
1419,5676,594,79,595,1,right,0.02694198116660118,0.19214822351932526,0.050300922244787216,0.7122541666030884,0.018354739993810654,0.8797649145126343,0.0,273.0,1162,2,117,0,0,0,100,100,0
1420,5680,594,79,595,1,right,0.02741951122879982,0.19570374488830566,0.0524936318397522,0.7052335739135742,0.01914948597550392,0.8945705890655518,-1.0,272.0,1163,2,116,0,0,0,100,100,0
1421,5684,594,79,595,3,right+B,0.027958480641245842,0.1968611776828766,0.053872473537921906,0.701719343662262,0.019588515162467957,0.9029294848442078,0.0,272.0,1164,2,116,0,0,0,100,100,0
1422,5688,594,79,595,1,right,0.027679840102791786,0.19421347975730896,0.052998851984739304,0.7058556079864502,0.01925218477845192,0.8951784372329712,0.0,272.0,1165,2,116,0,0,0,100,100,0
1423,5692,594,93,595,2,right+A,0.026525022462010384,0.19013133645057678,0.05131774768233299,0.713707447052002,0.018318500369787216,0.8782938718795776,0.0,272.0,1166,2,116,0,0,0,100,100,0
1424,5696,594,108,595,3,right+B,0.026512213051319122,0.19053523242473602,0.05037207156419754,0.7144297957420349,0.018150728195905685,0.8756716847419739,0.0,272.0,1167,2,116,0,0,0,100,100,0
1425,5700,594,112,595,4,right+A+B,0.026460127905011177,0.18815605342388153,0.04978105425834656,0.7173997759819031,0.018203001469373703,0.8709557056427002,-1.0,271.0,1168,2,115,0,0,0,100,100,0
1426,5704,594,106,595,3,right+B,0.026610447093844414,0.18672454357147217,0.04975663498044014,0.718845009803772,0.018063364550471306,0.8689495921134949,0.0,271.0,1169,2,115,0,0,0,100,100,0
1427,5708,594,89,595,3,right+B,0.02528633177280426,0.18221622705459595,0.04629615694284439,0.7288662791252136,0.017335044220089912,0.8462873697280884,0.0,271.0,1170,2,115,0,0,0,100,100,0
1428,5712,594,79,595,3,right+B,0.024537425488233566,0.1753278523683548,0.04495755583047867,0.7387657761573792,0.016411395743489265,0.826823353767395,0.0,271.0,1171,2,115,0,0,0,100,100,0
1429,5716,594,79,595,0,NOOP,0.023689869791269302,0.17100201547145844,0.042748626321554184,0.746776282787323,0.0157831571996212,0.8089612722396851,0.0,271.0,1172,2,115,0,0,0,100,100,0
1430,5720,594,79,595,3,right+B,0.023639585822820663,0.1702669858932495,0.04292913153767586,0.7472308278083801,0.015933455899357796,0.8087973594665527,-1.0,270.0,1173,2,114,0,0,0,100,100,0
1431,5724,594,79,595,0,NOOP,0.023735063150525093,0.17283953726291656,0.04301050677895546,0.7438734173774719,0.016541436314582825,0.8154652714729309,0.0,270.0,1174,2,114,0,0,0,100,100,0
1432,5728,594,79,595,3,right+B,0.024673573672771454,0.17656564712524414,0.04419868439435959,0.7376078367233276,0.016954243183135986,0.8289886116981506,0.0,270.0,1175,2,114,0,0,0,100,100,0
1433,5732,594,79,595,3,right+B,0.024486953392624855,0.17571035027503967,0.0436137318611145,0.7394019365310669,0.01678706891834736,0.8248446583747864,0.0,270.0,1176,2,114,0,0,0,100,100,0
1434,5736,594,79,595,3,right+B,0.023766230791807175,0.17124643921852112,0.042178425937891006,0.7466676831245422,0.016141243278980255,0.8093268871307373,0.0,270.0,1177,2,114,0,0,0,100,100,0
1435,5740,594,79,595,3,right+B,0.023787789046764374,0.1720203161239624,0.043063532561063766,0.7445712089538574,0.016557134687900543,0.8146598935127258,-1.0,269.0,1178,2,113,0,0,0,100,100,0
1436,5744,594,79,595,3,right+B,0.023316655308008194,0.170589417219162,0.04208844527602196,0.7479304671287537,0.01607501320540905,0.8062903881072998,0.0,269.0,1179,2,113,0,0,0,100,100,0
1437,5748,594,79,595,3,right+B,0.023241767659783363,0.16908128559589386,0.04137330874800682,0.7506507039070129,0.01565288007259369,0.8000990748405457,0.0,269.0,1180,2,113,0,0,0,100,100,0
1438,5752,594,79,595,3,right+B,0.02352605015039444,0.17106099426746368,0.04272608086466789,0.7466684579849243,0.016018373891711235,0.8093233108520508,0.0,269.0,1181,2,113,0,0,0,100,100,0
1439,5756,594,79,595,3,right+B,0.023517342284321785,0.17139634490013123,0.042875733226537704,0.7460974454879761,0.016113106161355972,0.8105784058570862,0.0,269.0,1182,2,113,0,0,0,100,100,0
1440,5760,594,79,595,3,right+B,0.02256418764591217,0.16654954850673676,0.04112105816602707,0.754410982131958,0.015354262664914131,0.7920418977737427,-1.0,268.0,1183,2,112,0,0,0,100,100,0
1441,5764,594,79,595,3,right+B,0.022605150938034058,0.16749823093414307,0.040694694966077805,0.7539386749267578,0.015263236127793789,0.7920185923576355,0.0,268.0,1184,2,112,0,0,0,100,100,0
1442,5768,594,79,595,3,right+B,0.023396525532007217,0.17141219973564148,0.04259539023041725,0.7465589642524719,0.016036897897720337,0.8090893626213074,0.0,268.0,1185,2,112,0,0,0,100,100,0
1443,5772,594,79,595,3,right+B,0.022717172279953957,0.16785505414009094,0.04113376513123512,0.752686619758606,0.015607395209372044,0.7955641746520996,0.0,268.0,1186,2,112,0,0,0,100,100,0
1444,5776,594,79,595,3,right+B,0.02301553264260292,0.16916213929653168,0.04130012169480324,0.7507660984992981,0.01575603522360325,0.799619197845459,0.0,268.0,1187,2,112,0,0,0,100,100,0
1445,5780,594,79,595,3,right+B,0.023248208686709404,0.16976946592330933,0.041785743087530136,0.749272346496582,0.015924306586384773,0.8033862113952637,-1.0,267.0,1188,2,111,0,0,0,100,100,0
1446,5784,594,79,595,3,right+B,0.02368759736418724,0.17140528559684753,0.04235101863741875,0.746342658996582,0.016213420778512955,0.8100616335868835,0.0,267.0,1189,2,111,0,0,0,100,100,0
1447,5788,594,79,595,3,right+B,0.02412279322743416,0.17292310297489166,0.04302947223186493,0.743337869644165,0.016586806625127792,0.8171463012695312,0.0,267.0,1190,2,111,0,0,0,100,100,0
1448,5792,594,79,595,3,right+B,0.023992400616407394,0.17248058319091797,0.04288143292069435,0.7443013191223145,0.016344264149665833,0.8147062659263611,0.0,267.0,1191,2,111,0,0,0,100,100,0
1449,5796,594,79,595,3,right+B,0.02404812164604664,0.17266930639743805,0.043025944381952286,0.7441086173057556,0.016148017719388008,0.8148350119590759,0.0,267.0,1192,2,111,0,0,0,100,100,0
1450,5800,594,79,595,3,right+B,0.02442537434399128,0.17425380647182465,0.04378442466259003,0.741104245185852,0.01643216982483864,0.8216693997383118,-1.0,266.0,1193,2,110,0,0,0,100,100,0
1451,5804,594,79,595,3,right+B,0.024635929614305496,0.17468036711215973,0.04461930692195892,0.7394298911094666,0.016634486615657806,0.8261253833770752,0.0,266.0,1194,2,110,0,0,0,100,100,0
1452,5808,594,79,595,3,right+B,0.02490910142660141,0.17602145671844482,0.045293357223272324,0.7370817065238953,0.016694361343979836,0.831093966960907,0.0,266.0,1195,2,110,0,0,0,100,100,0
1453,5812,594,79,595,1,right,0.025035720318555832,0.1775185614824295,0.04531954601407051,0.7352914810180664,0.016834724694490433,0.834261953830719,0.0,266.0,1196,2,110,0,0,0,100,100,0
1454,5816,594,79,595,3,right+B,0.024965019896626472,0.1766470968723297,0.044933393597602844,0.7366838455200195,0.016770580783486366,0.8314608335494995,0.0,266.0,1197,2,110,0,0,0,100,100,0
1455,5820,594,79,595,3,right+B,0.02516881935298443,0.17829404771327972,0.046068232506513596,0.7333795428276062,0.01708938553929329,0.8388495445251465,-1.0,265.0,1198,2,109,0,0,0,100,100,0
1456,5824,594,79,595,3,right+B,0.025767995044589043,0.18221887946128845,0.04714321345090866,0.727348268032074,0.017521563917398453,0.8509275913238525,0.0,265.0,1199,2,109,0,0,0,100,100,0
1457,5828,594,79,595,3,right+B,0.02566784992814064,0.183344766497612,0.04771031439304352,0.7257280945777893,0.017549075186252594,0.8537968993186951,0.0,265.0,1200,2,109,0,0,0,100,100,0
1458,5832,594,79,595,3,right+B,0.025994373485445976,0.1855897456407547,0.04730832576751709,0.7233505249023438,0.017757028341293335,0.8576338887214661,0.0,265.0,1201,2,109,0,0,0,100,100,0
1459,5836,594,79,595,1,right,0.02757847309112549,0.19430308043956757,0.05107181519269943,0.7079601287841797,0.019086504355072975,0.8893400430679321,0.0,265.0,1202,2,109,0,0,0,100,100,0
1460,5840,594,79,595,3,right+B,0.026258768513798714,0.18942679464817047,0.04954339936375618,0.7166529893875122,0.01811802200973034,0.8710393309593201,-1.0,264.0,1203,2,108,0,0,0,100,100,0
1461,5844,594,79,595,3,right+B,0.026433104649186134,0.19266380369663239,0.05094089359045029,0.7113093733787537,0.018652841448783875,0.881548285484314,0.0,264.0,1204,2,108,0,0,0,100,100,0
1462,5848,594,79,595,3,right+B,0.02645779959857464,0.19352343678474426,0.050759006291627884,0.7106990218162537,0.01856076531112194,0.8819347023963928,0.0,264.0,1205,2,108,0,0,0,100,100,0
1463,5852,594,93,595,2,right+A,0.02668972685933113,0.1929766833782196,0.050291646271944046,0.7115803360939026,0.018461640924215317,0.8803871870040894,0.0,264.0,1206,2,108,0,0,0,100,100,0
1464,5856,594,108,595,1,right,0.025914320722222328,0.19080112874507904,0.049614131450653076,0.7152988910675049,0.01837155967950821,0.8728402256965637,0.0,264.0,1207,2,108,0,0,0,100,100,0
1465,5860,594,112,595,3,right+B,0.025154970586299896,0.18780986964702606,0.04836481437087059,0.720583975315094,0.018086327239871025,0.8619171380996704,-1.0,263.0,1208,2,107,0,0,0,100,100,0
1466,5864,594,106,595,3,right+B,0.02527257427573204,0.1850396692752838,0.048531945794820786,0.7230351567268372,0.018120767548680305,0.859140157699585,0.0,263.0,1209,2,107,0,0,0,100,100,0
1467,5868,594,89,595,1,right,0.023270124569535255,0.17572788894176483,0.04426083713769913,0.7401121258735657,0.016629016026854515,0.8219201564788818,0.0,263.0,1210,2,107,0,0,0,100,100,0
1468,5872,594,79,595,3,right+B,0.02344926819205284,0.17295461893081665,0.04294076934456825,0.7447589039802551,0.015896491706371307,0.8119800686836243,0.0,263.0,1211,2,107,0,0,0,100,100,0
1469,5876,594,79,595,3,right+B,0.022798070684075356,0.16986626386642456,0.04129887372255325,0.7507520318031311,0.015284774824976921,0.7980766296386719,0.0,263.0,1212,2,107,0,0,0,100,100,0
1470,5880,594,79,595,3,right+B,0.022997092455625534,0.17043985426425934,0.04147693142294884,0.749697208404541,0.015388836152851582,0.8005425930023193,-1.0,262.0,1213,2,106,0,0,0,100,100,0
1471,5884,594,79,595,3,right+B,0.025406908243894577,0.18205948173999786,0.047461774200201035,0.7271380424499512,0.01793372817337513,0.8518995642662048,0.0,262.0,1214,2,106,0,0,0,100,100,0
1472,5888,594,79,595,3,right+B,0.026777518913149834,0.18883399665355682,0.05051463097333908,0.7149477601051331,0.018926121294498444,0.8774973154067993,0.0,262.0,1215,2,106,0,0,0,100,100,0
1473,5892,594,79,595,3,right+B,0.025486275553703308,0.182936429977417,0.04607298970222473,0.7283779382705688,0.01712638884782791,0.8465586304664612,0.0,262.0,1216,2,106,0,0,0,100,100,0
1474,5896,594,79,595,1,right,0.02508973889052868,0.18151628971099854,0.04611225798726082,0.7301957011222839,0.01708599366247654,0.8432128429412842,0.0,262.0,1217,2,106,0,0,0,100,100,0
1475,5900,594,79,595,3,right+B,0.024072615429759026,0.17769593000411987,0.0434100516140461,0.7385414838790894,0.016279999166727066,0.8237667083740234,-1.0,261.0,1218,2,105,0,0,0,100,100,0
1476,5904,594,79,595,3,right+B,0.022633004933595657,0.17029881477355957,0.04093523323535919,0.7508557438850403,0.01527717337012291,0.7970554232597351,0.0,261.0,1219,2,105,0,0,0,100,100,0
1477,5908,594,79,595,3,right+B,0.02269517444074154,0.16854868829250336,0.041326794773340225,0.7520897388458252,0.01533960085362196,0.7960468530654907,0.0,261.0,1220,2,105,0,0,0,100,100,0
1478,5912,594,79,595,3,right+B,0.02428280934691429,0.17869187891483307,0.04479428008198738,0.7355732321739197,0.016657808795571327,0.8312336802482605,0.0,261.0,1221,2,105,0,0,0,100,100,0
1479,5916,594,79,595,3,right+B,0.023805154487490654,0.17641787230968475,0.04275199770927429,0.7406792044639587,0.01634572073817253,0.8194018602371216,0.0,261.0,1222,2,105,0,0,0,100,100,0
1480,5920,594,79,595,3,right+B,0.023071052506566048,0.17176832258701324,0.041438307613134384,0.7478909492492676,0.015831358730793,0.8043621778488159,-1.0,260.0,1223,2,104,0,0,0,100,100,0
1481,5924,594,79,595,3,right+B,0.02322321943938732,0.1716061681509018,0.04198668152093887,0.7472922801971436,0.015891587361693382,0.8064672350883484,0.0,260.0,1224,2,104,0,0,0,100,100,0
1482,5928,594,79,595,3,right+B,0.0251765139400959,0.18318280577659607,0.04668489843606949,0.727649986743927,0.017305875197052956,0.8482154607772827,0.0,260.0,1225,2,104,0,0,0,100,100,0
1483,5932,594,79,595,3,right+B,0.02642207220196724,0.1909080147743225,0.049590371549129486,0.7148406505584717,0.018238838762044907,0.8741109371185303,0.0,260.0,1226,2,104,0,0,0,100,100,0
1484,5936,594,79,595,1,right,0.027589885517954826,0.19708606600761414,0.05195259302854538,0.7042255997657776,0.019145792350172997,0.8954681158065796,0.0,260.0,1227,2,104,0,0,0,100,100,0
1485,5940,594,79,595,3,right+B,0.027385810390114784,0.19514526426792145,0.05253346636891365,0.7060503363609314,0.01888507604598999,0.8928920030593872,-1.0,259.0,1228,2,103,0,0,0,100,100,0
1486,5944,594,79,595,3,right+B,0.027807334437966347,0.19599975645542145,0.05370524153113365,0.7031192779541016,0.019368385896086693,0.90012526512146,0.0,259.0,1229,2,103,0,0,0,100,100,0
1487,5948,594,79,595,3,right+B,0.026763124391436577,0.19191117584705353,0.052144091576337814,0.7106900811195374,0.01849154755473137,0.8842179775238037,0.0,259.0,1230,2,103,0,0,0,100,100,0
1488,5952,594,79,595,1,right,0.02547566220164299,0.18518605828285217,0.048956774175167084,0.723198652267456,0.01718289777636528,0.8576834797859192,0.0,259.0,1231,2,103,0,0,0,100,100,0
1489,5956,594,79,595,1,right,0.02582451142370701,0.186519593000412,0.04904935136437416,0.7210884690284729,0.017518172040581703,0.862156867980957,0.0,259.0,1232,2,103,0,0,0,100,100,0
1490,5960,594,79,595,3,right+B,0.025537986308336258,0.1824869066476822,0.04754624515771866,0.7270509004592896,0.017377890646457672,0.851094126701355,-1.0,258.0,1233,2,102,0,0,0,100,100,0
1491,5964,594,79,595,3,right+B,0.025145120918750763,0.1798580437898636,0.046051185578107834,0.7317783832550049,0.017167335376143456,0.8412184119224548,0.0,258.0,1234,2,102,0,0,0,100,100,0
1492,5968,594,79,595,3,right+B,0.024614538997411728,0.17670464515686035,0.04420352727174759,0.737930178642273,0.016547057777643204,0.827458918094635,0.0,258.0,1235,2,102,0,0,0,100,100,0
1493,5972,594,79,595,3,right+B,0.02447253093123436,0.17693820595741272,0.04428327456116676,0.737717866897583,0.01658809930086136,0.8276894688606262,0.0,258.0,1236,2,102,0,0,0,100,100,0
1494,5976,594,79,595,3,right+B,0.023777736350893974,0.17219486832618713,0.04271872714161873,0.7451406121253967,0.01616804301738739,0.8124109506607056,0.0,258.0,1237,2,102,0,0,0,100,100,0
1495,5980,594,79,595,3,right+B,0.023641081526875496,0.17218834161758423,0.04305967688560486,0.744769811630249,0.01634110137820244,0.8135656118392944,-1.0,257.0,1238,2,101,0,0,0,100,100,0
1496,5984,594,79,595,3,right+B,0.024188797920942307,0.17560385167598724,0.04365527257323265,0.7398586869239807,0.016693364828824997,0.8234362602233887,0.0,257.0,1239,2,101,0,0,0,100,100,0
1497,5988,594,79,595,3,right+B,0.02493986114859581,0.17881615459918976,0.04479363560676575,0.7343627214431763,0.01708758808672428,0.8352611660957336,0.0,257.0,1240,2,101,0,0,0,100,100,0
1498,5992,594,79,595,3,right+B,0.02359744720160961,0.17132647335529327,0.04214024543762207,0.74693363904953,0.016002124175429344,0.8082184791564941,0.0,257.0,1241,2,101,0,0,0,100,100,0
1499,5996,594,79,595,3,right+B,0.023327287286520004,0.1699822098016739,0.04211510345339775,0.748744010925293,0.015831375494599342,0.8045674562454224,0.0,257.0,1242,2,101,0,0,0,100,100,0
1500,6000,594,79,595,3,right+B,0.023034239187836647,0.16852876543998718,0.04215678945183754,0.7505560517311096,0.01572413556277752,0.8010914921760559,-1.0,256.0,1243,2,100,0,0,0,100,100,0
1501,6004,594,79,595,3,right+B,0.02272026799619198,0.16801053285598755,0.04094894602894783,0.7528597712516785,0.015460516326129436,0.7947007417678833,0.0,256.0,1244,2,100,0,0,0,100,100,0
1502,6008,594,79,595,3,right+B,0.022819455713033676,0.16830334067344666,0.0412224642932415,0.7520730495452881,0.015581676736474037,0.7967519760131836,0.0,256.0,1245,2,100,0,0,0,100,100,0
1503,6012,594,79,595,3,right+B,0.023016221821308136,0.16834703087806702,0.041564151644706726,0.7513619661331177,0.015710512176156044,0.7989935874938965,0.0,256.0,1246,2,100,0,0,0,100,100,0
1504,6016,594,79,595,1,right,0.02329167164862156,0.17060989141464233,0.042494338005781174,0.7474506497383118,0.01615339145064354,0.807700514793396,0.0,256.0,1247,2,100,0,0,0,100,100,0
1505,6020,594,79,595,3,right+B,0.02280939184129238,0.16847528517246246,0.04137667268514633,0.7515401244163513,0.015798594802618027,0.7982608079910278,-1.0,255.0,1248,2,99,0,0,0,100,100,0
1506,6024,594,79,595,3,right+B,0.02313815988600254,0.16999047994613647,0.042108263820409775,0.7486932873725891,0.016069836914539337,0.8048209547996521,0.0,255.0,1249,2,99,0,0,0,100,100,0
1507,6028,594,79,595,1,right,0.02253700979053974,0.16696321964263916,0.04077429696917534,0.754205048084259,0.015520386397838593,0.7922066450119019,0.0,255.0,1250,2,99,0,0,0,100,100,0
1508,6032,594,79,595,3,right+B,0.023041127249598503,0.16992175579071045,0.04214249178767204,0.7488910555839539,0.01600359007716179,0.8042253255844116,0.0,255.0,1251,2,99,0,0,0,100,100,0
1509,6036,594,79,595,1,right,0.022580988705158234,0.1672830581665039,0.04095087945461273,0.7536088228225708,0.01557626947760582,0.7935746312141418,0.0,255.0,1252,2,99,0,0,0,100,100,0
1510,6040,594,79,595,3,right+B,0.022321052849292755,0.1655191034078598,0.0403292216360569,0.7565787434577942,0.015251812525093555,0.7869136333465576,-1.0,254.0,1253,2,98,0,0,0,100,100,0
1511,6044,594,79,595,3,right+B,0.022992316633462906,0.16858051717281342,0.04157470911741257,0.7511435151100159,0.015708910301327705,0.7992836833000183,0.0,254.0,1254,2,98,0,0,0,100,100,0
1512,6048,594,79,595,3,right+B,0.02285468392074108,0.1689874678850174,0.04155542328953743,0.7507689595222473,0.01583343744277954,0.7998361587524414,0.0,254.0,1255,2,98,0,0,0,100,100,0
1513,6052,594,79,595,3,right+B,0.022577261552214622,0.16787274181842804,0.04102887213230133,0.7528765797615051,0.01564454846084118,0.7949394583702087,0.0,254.0,1256,2,98,0,0,0,100,100,0
1514,6056,594,79,595,3,right+B,0.0230021383613348,0.1690812110900879,0.041123054921627045,0.7511691451072693,0.015624376013875008,0.7984285950660706,0.0,254.0,1257,2,98,0,0,0,100,100,0
1515,6060,594,79,595,3,right+B,0.023614970967173576,0.17145730555057526,0.04260100796818733,0.7461913228034973,0.016135364770889282,0.8103049993515015,-1.0,253.0,1258,2,97,0,0,0,100,100,0
1516,6064,594,93,595,2,right+A,0.024324828758835793,0.1740330308675766,0.04408823326230049,0.7408764362335205,0.016677526757121086,0.8227975368499756,0.0,253.0,1259,2,97,0,0,0,100,100,0
1517,6068,594,108,595,3,right+B,0.02484159916639328,0.1779065728187561,0.04568089172244072,0.7343255877494812,0.017245352268218994,0.8367069959640503,0.0,253.0,1260,2,97,0,0,0,100,100,0
1518,6072,594,112,595,1,right,0.025388285517692566,0.1806642860174179,0.045940566807985306,0.7304513454437256,0.017555542290210724,0.8443115949630737,0.0,253.0,1261,2,97,0,0,0,100,100,0
1519,6076,594,106,595,4,right+A+B,0.02536340057849884,0.17941266298294067,0.0468539223074913,0.7310513257980347,0.017318684607744217,0.8441078066825867,0.0,253.0,1262,2,97,0,0,0,100,100,0
1520,6080,594,89,595,3,right+B,0.025390749797225,0.18185272812843323,0.047060418874025345,0.727968156337738,0.017727864906191826,0.8496981263160706,-1.0,252.0,1263,2,96,0,0,0,100,100,0
1521,6084,594,79,595,1,right,0.025708552449941635,0.1821473389863968,0.04840393736958504,0.7260826230049133,0.017657605931162834,0.8545680642127991,0.0,252.0,1264,2,96,0,0,0,100,100,0
1522,6088,594,93,595,4,right+A+B,0.025137966498732567,0.18035686016082764,0.04690571501851082,0.7306095361709595,0.016989897936582565,0.8435813188552856,0.0,252.0,1265,2,96,0,0,0,100,100,0
1523,6092,594,108,595,3,right+B,0.026860136538743973,0.19068843126296997,0.050217293202877045,0.7138475775718689,0.018386563286185265,0.8774716854095459,0.0,252.0,1266,2,96,0,0,0,100,100,0
1524,6096,594,112,595,1,right,0.026537854224443436,0.1910824328660965,0.05072807893157005,0.7129094004631042,0.01874230057001114,0.8795831203460693,0.0,252.0,1267,2,96,0,0,0,100,100,0
1525,6100,594,106,595,1,right,0.025740256533026695,0.18739192187786102,0.050075460225343704,0.7186282277107239,0.01816404052078724,0.8681861162185669,-1.0,251.0,1268,2,95,0,0,0,100,100,0
1526,6104,594,89,595,3,right+B,0.025960011407732964,0.19333752989768982,0.05050823464989662,0.7113969326019287,0.01879722997546196,0.8802477121353149,0.0,251.0,1269,2,95,0,0,0,100,100,0
1527,6108,594,79,595,1,right,0.026392899453639984,0.1919773370027542,0.05141659080982208,0.7114680409431458,0.018745118752121925,0.8821055293083191,0.0,251.0,1270,2,95,0,0,0,100,100,0
1528,6112,594,79,595,1,right,0.025936182588338852,0.19024063646793365,0.048916708678007126,0.716718852519989,0.01818765327334404,0.8696295022964478,0.0,251.0,1271,2,95,0,0,0,100,100,0
1529,6116,594,79,595,3,right+B,0.025536660104990005,0.18823790550231934,0.048428889364004135,0.7199105620384216,0.017886025831103325,0.8632035255432129,0.0,251.0,1272,2,95,0,0,0,100,100,0
1530,6120,594,79,595,1,right,0.023878825828433037,0.17882883548736572,0.04529067501425743,0.7349069714546204,0.017094707116484642,0.8330812454223633,-1.0,250.0,1273,2,94,0,0,0,100,100,0
1531,6124,594,79,595,3,right+B,0.023293793201446533,0.1749456375837326,0.04296198859810829,0.7424219250679016,0.016376685351133347,0.8162343502044678,0.0,250.0,1274,2,94,0,0,0,100,100,0
1532,6128,594,93,595,4,right+A+B,0.022849243134260178,0.17144662141799927,0.04156813025474548,0.7485509514808655,0.015585068613290787,0.802539587020874,0.0,250.0,1275,2,94,0,0,0,100,100,0
1533,6132,594,109,595,2,right+A,0.023569855839014053,0.17551849782466888,0.043611589819192886,0.7411688566207886,0.016131184995174408,0.8189225196838379,0.0,250.0,1276,2,94,0,0,0,100,100,0
1534,6136,594,121,595,3,right+B,0.023199228569865227,0.17520885169506073,0.04286230355501175,0.7427641153335571,0.015965476632118225,0.814429521560669,0.0,250.0,1277,2,94,0,0,0,100,100,0
1535,6140,595,122,595,3,right+B,0.02435377612709999,0.17881695926189423,0.046943455934524536,0.732718825340271,0.01716693304479122,0.8395315408706665,-1.0,249.0,1278,2,93,0,0,0,100,100,0
1536,6144,594,113,595,3,right+B,0.02631194144487381,0.18825381994247437,0.050796981900930405,0.715745210647583,0.01889214664697647,0.8758144378662109,0.0,249.0,1279,2,93,0,0,0,100,100,0
1537,6148,594,94,595,3,right+B,0.025904839858412743,0.18474875390529633,0.04841140657663345,0.7229350805282593,0.017999941483139992,0.8600844144821167,0.0,249.0,1280,2,93,0,0,0,100,100,0
1538,6152,594,79,595,3,right+B,0.023829935118556023,0.175824373960495,0.04390040412545204,0.7399133443832397,0.01653190888464451,0.8226032257080078,0.0,249.0,1281,2,93,0,0,0,100,100,0
1539,6156,594,79,595,1,right,0.025571657344698906,0.18347114324569702,0.04749087244272232,0.7257043719291687,0.017761945724487305,0.8538420796394348,0.0,249.0,1282,2,93,0,0,0,100,100,0
1540,6160,594,79,595,3,right+B,0.023022297769784927,0.17196621000766754,0.04130424186587334,0.7481884360313416,0.015518773347139359,0.8028872013092041,-1.0,248.0,1283,2,92,0,0,0,100,100,0
1541,6164,594,79,595,3,right+B,0.022746624425053596,0.1693052500486374,0.04115104302763939,0.7512869834899902,0.015510119497776031,0.797508716583252,0.0,248.0,1284,2,92,0,0,0,100,100,0
1542,6168,594,79,595,3,right+B,0.02388610504567623,0.17550046741962433,0.043801937252283096,0.7402381300926208,0.016573302447795868,0.8222094774246216,0.0,248.0,1285,2,92,0,0,0,100,100,0
1543,6172,594,79,595,3,right+B,0.023894159123301506,0.17713621258735657,0.043447937816381454,0.7391111254692078,0.016410645097494125,0.8229619860649109,0.0,248.0,1286,2,92,0,0,0,100,100,0
1544,6176,594,93,595,2,right+A,0.023442594334483147,0.17453256249427795,0.04238737374544144,0.743630051612854,0.016007330268621445,0.8130963444709778,0.0,248.0,1287,2,92,0,0,0,100,100,0
1545,6180,594,108,595,3,right+B,0.02290751039981842,0.1706668734550476,0.0417279452085495,0.748833954334259,0.015863733366131783,0.803130030632019,-1.0,247.0,1288,2,91,0,0,0,100,100,0
1546,6184,594,112,595,3,right+B,0.024578234180808067,0.18075762689113617,0.045765940099954605,0.7317714095115662,0.017126789316534996,0.8396193385124207,0.0,247.0,1289,2,91,0,0,0,100,100,0
1547,6188,594,106,595,3,right+B,0.02595759928226471,0.18856246769428253,0.049839671701192856,0.7176893949508667,0.01795082725584507,0.8690640926361084,0.0,247.0,1290,2,91,0,0,0,100,100,0
1548,6192,594,89,595,3,right+B,0.027004869654774666,0.19591443240642548,0.052105385810136795,0.7057850360870361,0.019190320745110512,0.8926277160644531,0.0,247.0,1291,2,91,0,0,0,100,100,0
1549,6196,594,79,595,3,right+B,0.026635684072971344,0.19192470610141754,0.05212157219648361,0.7107093930244446,0.018608590587973595,0.8841854333877563,0.0,247.0,1292,2,91,0,0,0,100,100,0
1550,6200,594,79,595,3,right+B,0.0267424825578928,0.19088324904441833,0.05181662365794182,0.7119433879852295,0.0186142735183239,0.8823916912078857,-1.0,246.0,1293,2,90,0,0,0,100,100,0
1551,6204,594,79,595,3,right+B,0.026660161092877388,0.18993397057056427,0.05129973590373993,0.713758647441864,0.018347391858696938,0.8785355091094971,0.0,246.0,1294,2,90,0,0,0,100,100,0
1552,6208,594,79,595,3,right+B,0.02535991556942463,0.18553410470485687,0.04897816851735115,0.7224130630493164,0.017714770510792732,0.8598079085350037,0.0,246.0,1295,2,90,0,0,0,100,100,0
1553,6212,594,79,595,3,right+B,0.026058631017804146,0.18795403838157654,0.04949970543384552,0.7186353802680969,0.017852207645773888,0.8673124313354492,0.0,246.0,1296,2,90,0,0,0,100,100,0
1554,6216,594,79,595,3,right+B,0.025351237505674362,0.1817002147436142,0.047223351895809174,0.7284705638885498,0.017254654318094254,0.8480350971221924,0.0,246.0,1297,2,90,0,0,0,100,100,0
1555,6220,594,79,595,3,right+B,0.025487346574664116,0.1823519766330719,0.04722331836819649,0.7274914979934692,0.017445901408791542,0.8501099348068237,-1.0,245.0,1298,2,89,0,0,0,100,100,0
1556,6224,594,79,595,3,right+B,0.024947714060544968,0.17876479029655457,0.04506639391183853,0.7342000007629395,0.01702110283076763,0.8357270956039429,0.0,245.0,1299,2,89,0,0,0,100,100,0
1557,6228,594,79,595,3,right+B,0.02358951047062874,0.1729034185409546,0.04279705882072449,0.7447844743728638,0.015925629064440727,0.8120918273925781,0.0,245.0,1300,2,89,0,0,0,100,100,0
1558,6232,594,79,595,3,right+B,0.0232830960303545,0.17023934423923492,0.04194825887680054,0.7489067912101746,0.015622547827661037,0.8035078644752502,0.0,245.0,1301,2,89,0,0,0,100,100,0
1559,6236,594,79,595,3,right+B,0.023420028388500214,0.17133204638957977,0.04301003739237785,0.7462413311004639,0.01599646732211113,0.8100828528404236,0.0,245.0,1302,2,89,0,0,0,100,100,0
1560,6240,594,79,595,3,right+B,0.022718876600265503,0.16904273629188538,0.04135953634977341,0.7511133551597595,0.01576552353799343,0.7986144423484802,-1.0,244.0,1303,2,88,0,0,0,100,100,0
1561,6244,594,79,595,3,right+B,0.02358580194413662,0.1736413687467575,0.042722247540950775,0.7437072396278381,0.016343336552381516,0.814541220664978,0.0,244.0,1304,2,88,0,0,0,100,100,0
1562,6248,594,79,595,3,right+B,0.02292768470942974,0.17025095224380493,0.04117768257856369,0.7498959898948669,0.01574765518307686,0.8005437850952148,0.0,244.0,1305,2,88,0,0,0,100,100,0
1563,6252,594,79,595,3,right+B,0.02288188599050045,0.16917291283607483,0.04160163179039955,0.7503805160522461,0.015962999314069748,0.8008404970169067,0.0,244.0,1306,2,88,0,0,0,100,100,0
1564,6256,594,79,595,3,right+B,0.022860491648316383,0.16884908080101013,0.041667383164167404,0.7505223155021667,0.016100740060210228,0.801003098487854,0.0,244.0,1307,2,88,0,0,0,100,100,0
1565,6260,594,79,595,3,right+B,0.022465407848358154,0.16671080887317657,0.040492232888936996,0.7548343539237976,0.015497137792408466,0.7906599640846252,-1.0,243.0,1308,2,87,0,0,0,100,100,0
1566,6264,594,79,595,3,right+B,0.022764256224036217,0.16788320243358612,0.040928978472948074,0.7528548240661621,0.015568775124847889,0.7950255870819092,0.0,243.0,1309,2,87,0,0,0,100,100,0
1567,6268,594,79,595,3,right+B,0.022751301527023315,0.16764509677886963,0.04105820134282112,0.7528688907623291,0.01567649468779564,0.7954164743423462,0.0,243.0,1310,2,87,0,0,0,100,100,0
1568,6272,594,79,595,3,right+B,0.022925257682800293,0.1686232089996338,0.04202483221888542,0.7504087686538696,0.01601794734597206,0.8016056418418884,0.0,243.0,1311,2,87,0,0,0,100,100,0
1569,6276,594,79,595,3,right+B,0.02239159494638443,0.16594792902469635,0.04069054499268532,0.7556672096252441,0.015302765183150768,0.7890692353248596,0.0,243.0,1312,2,87,0,0,0,100,100,0
1570,6280,594,79,595,3,right+B,0.02310832217335701,0.169963538646698,0.04215674102306366,0.7489171028137207,0.015854278579354286,0.8039872050285339,-1.0,242.0,1313,2,86,0,0,0,100,100,0
1571,6284,594,79,595,1,right,0.022715499624609947,0.16846174001693726,0.04146023094654083,0.7517367005348206,0.01562581956386566,0.7974861264228821,0.0,242.0,1314,2,86,0,0,0,100,100,0
1572,6288,594,79,595,3,right+B,0.022144682705402374,0.16521672904491425,0.04067831113934517,0.756690263748169,0.015269977040588856,0.7869245409965515,0.0,242.0,1315,2,86,0,0,0,100,100,0
1573,6292,594,79,595,3,right+B,0.022134076803922653,0.16516178846359253,0.03997901454567909,0.7576124668121338,0.015112651512026787,0.7841379046440125,0.0,242.0,1316,2,86,0,0,0,100,100,0
1574,6296,594,93,595,2,right+A,0.02214953675866127,0.16567741334438324,0.04034425690770149,0.7565535306930542,0.015275190584361553,0.786684513092041,0.0,242.0,1317,2,86,0,0,0,100,100,0
1575,6300,594,108,595,3,right+B,0.023231415078043938,0.17080247402191162,0.04229151830077171,0.7473456859588623,0.01632896065711975,0.8078662157058716,-1.0,241.0,1318,2,85,0,0,0,100,100,0
1576,6304,594,112,595,3,right+B,0.02361927181482315,0.17374339699745178,0.04332311451435089,0.7424677610397339,0.016846464946866035,0.8184295892715454,0.0,241.0,1319,2,85,0,0,0,100,100,0
1577,6308,594,106,595,3,right+B,0.02353694476187229,0.17136992514133453,0.04365122690796852,0.7447744011878967,0.01666746847331524,0.8149310350418091,0.0,241.0,1320,2,85,0,0,0,100,100,0
1578,6312,594,89,595,3,right+B,0.023491274565458298,0.1734038144350052,0.04302573204040527,0.7434545159339905,0.016624679788947105,0.8158067464828491,0.0,241.0,1321,2,85,0,0,0,100,100,0
1579,6316,594,79,595,3,right+B,0.024054881185293198,0.17282812297344208,0.043690793216228485,0.7428394556045532,0.016586823388934135,0.8186541199684143,0.0,241.0,1322,2,85,0,0,0,100,100,0
1580,6320,594,79,595,1,right,0.023728888481855392,0.16959474980831146,0.042703039944171906,0.7478415369987488,0.016131781041622162,0.8082253336906433,-1.0,240.0,1323,2,84,0,0,0,100,100,0
1581,6324,594,79,595,3,right+B,0.024195406585931778,0.17266932129859924,0.043833475559949875,0.7431454062461853,0.016156412661075592,0.8176659345626831,0.0,240.0,1324,2,84,0,0,0,100,100,0
1582,6328,594,79,595,1,right,0.024596713483333588,0.17549659311771393,0.044687774032354355,0.7385035157203674,0.016715478152036667,0.8276665210723877,0.0,240.0,1325,2,84,0,0,0,100,100,0
1583,6332,594,79,595,3,right+B,0.024324877187609673,0.17435351014137268,0.04406575858592987,0.740973174571991,0.01628260128200054,0.8216952085494995,0.0,240.0,1326,2,84,0,0,0,100,100,0
1584,6336,594,79,595,3,right+B,0.024292852729558945,0.17451563477516174,0.04425191506743431,0.7406203746795654,0.01631922647356987,0.8224848508834839,0.0,240.0,1327,2,84,0,0,0,100,100,0
1585,6340,594,79,595,3,right+B,0.02494443953037262,0.17954081296920776,0.04634472727775574,0.7319855690002441,0.017184479162096977,0.840971052646637,-1.0,239.0,1328,2,83,0,0,0,100,100,0
1586,6344,594,79,595,3,right+B,0.025288406759500504,0.18250246345996857,0.04730274900794029,0.7275164723396301,0.017389941960573196,0.8496586084365845,0.0,239.0,1329,2,83,0,0,0,100,100,0
1587,6348,594,79,595,3,right+B,0.025441257283091545,0.18379195034503937,0.04693787544965744,0.7262919545173645,0.017536960542201996,0.8514991402626038,0.0,239.0,1330,2,83,0,0,0,100,100,0
1588,6352,594,79,595,3,right+B,0.027006126940250397,0.19125781953334808,0.05005228519439697,0.713023841381073,0.01865989714860916,0.8792601227760315,0.0,239.0,1331,2,83,0,0,0,100,100,0
1589,6356,594,79,595,3,right+B,0.025881364941596985,0.18748517334461212,0.04893066734075546,0.7197004556655884,0.018002333119511604,0.8651219606399536,0.0,239.0,1332,2,83,0,0,0,100,100,0
1590,6360,594,79,595,1,right,0.02627125382423401,0.19123411178588867,0.049922212958335876,0.7138608694076538,0.018711553886532784,0.8766552209854126,-1.0,238.0,1333,2,82,0,0,0,100,100,0
1591,6364,594,93,595,2,right+A,0.026084071025252342,0.19241639971733093,0.049889374524354935,0.7130882740020752,0.018521880730986595,0.876810610294342,0.0,238.0,1334,2,82,0,0,0,100,100,0
1592,6368,594,108,595,1,right,0.026725448668003082,0.19574978947639465,0.0515601746737957,0.7068248987197876,0.01913965865969658,0.8898962736129761,0.0,238.0,1335,2,82,0,0,0,100,100,0
1593,6372,594,112,595,3,right+B,0.026329241693019867,0.1951991617679596,0.050858274102211,0.7086353898048401,0.018977927044034004,0.8854588270187378,0.0,238.0,1336,2,82,0,0,0,100,100,0
1594,6376,594,106,595,1,right,0.024560578167438507,0.1829397827386856,0.04767795652151108,0.7273806929588318,0.01744096539914608,0.849021852016449,0.0,238.0,1337,2,82,0,0,0,100,100,0
1595,6380,594,89,595,1,right,0.024210341274738312,0.18155622482299805,0.046376440674066544,0.730323851108551,0.017533078789711,0.8426905870437622,-1.0,237.0,1338,2,81,0,0,0,100,100,0
1596,6384,594,79,595,1,right,0.02279588207602501,0.17117314040660858,0.04261414334177971,0.7477301955223083,0.015686625614762306,0.8053534030914307,0.0,237.0,1339,2,81,0,0,0,100,100,0
1597,6388,594,79,595,3,right+B,0.02229975536465645,0.1674211174249649,0.040082819759845734,0.755302906036377,0.01489344984292984,0.7875908017158508,0.0,237.0,1340,2,81,0,0,0,100,100,0
1598,6392,594,79,595,3,right+B,0.022656438872218132,0.16967114806175232,0.04130298271775246,0.7513743042945862,0.01499509159475565,0.7961717844009399,0.0,237.0,1341,2,81,0,0,0,100,100,0
1599,6396,594,79,595,3,right+B,0.02274484932422638,0.17025375366210938,0.0415424145758152,0.7498487234115601,0.01561026182025671,0.8004348874092102,0.0,237.0,1342,2,81,0,0,0,100,100,0
1600,6400,594,79,595,3,right+B,0.025405872613191605,0.18215224146842957,0.04763004183769226,0.7268698811531067,0.017941974103450775,0.85251384973526,-1.0,236.0,1343,2,80,0,0,0,100,100,0
1601,6404,594,79,595,3,right+B,0.026038456708192825,0.18453837931156158,0.04846964776515961,0.7226793169975281,0.018274137750267982,0.8614094257354736,0.0,236.0,1344,2,80,0,0,0,100,100,0
1602,6408,594,79,595,3,right+B,0.024760697036981583,0.18018567562103271,0.04523665830492973,0.7328471541404724,0.016969822347164154,0.8373761773109436,0.0,236.0,1345,2,80,0,0,0,100,100,0
1603,6412,594,79,595,3,right+B,0.024548066779971123,0.17913849651813507,0.04462578892707825,0.73471999168396,0.016967639327049255,0.8334667086601257,0.0,236.0,1346,2,80,0,0,0,100,100,0
1604,6416,594,79,595,3,right+B,0.02346711978316307,0.1743481308221817,0.04251454398036003,0.7436250448226929,0.016045168042182922,0.8134230375289917,0.0,236.0,1347,2,80,0,0,0,100,100,0
1605,6420,594,79,595,3,right+B,0.022233571857213974,0.16776898503303528,0.039990831166505814,0.7550483345985413,0.014958278276026249,0.7878652811050415,-1.0,235.0,1348,2,79,0,0,0,100,100,0
1606,6424,594,79,595,1,right,0.023473091423511505,0.17250898480415344,0.0430157333612442,0.7450641989707947,0.015938038006424904,0.8117847442626953,0.0,235.0,1349,2,79,0,0,0,100,100,0
1607,6428,594,79,595,3,right+B,0.023578491061925888,0.17491775751113892,0.043521199375391006,0.7418772578239441,0.01610523834824562,0.8177300691604614,0.0,235.0,1350,2,79,0,0,0,100,100,0
1608,6432,594,79,595,3,right+B,0.023542478680610657,0.17588889598846436,0.04288402572274208,0.7416031956672668,0.01608148403465748,0.8171038031578064,0.0,235.0,1351,2,79,0,0,0,100,100,0
1609,6436,594,79,595,3,right+B,0.022338809445500374,0.16801689565181732,0.04019830748438835,0.7543387413024902,0.015107261948287487,0.7898010611534119,0.0,235.0,1352,2,79,0,0,0,100,100,0
1610,6440,594,79,595,1,right,0.023016508668661118,0.17099487781524658,0.04175397381186485,0.7484642863273621,0.015770323574543,0.8037092685699463,-1.0,234.0,1353,2,78,0,0,0,100,100,0
1611,6444,594,79,595,3,right+B,0.0247745793312788,0.18176907300949097,0.04594907909631729,0.7305307984352112,0.016976425424218178,0.841637372970581,0.0,234.0,1354,2,78,0,0,0,100,100,0
1612,6448,594,79,595,0,NOOP,0.026131441816687584,0.18917393684387207,0.04860692843794823,0.7181931734085083,0.017894567921757698,0.866945743560791,0.0,234.0,1355,2,78,0,0,0,100,100,0
1613,6452,594,79,595,3,right+B,0.02721862494945526,0.19560089707374573,0.05161314457654953,0.7064892649650574,0.019078006967902184,0.8912317752838135,0.0,234.0,1356,2,78,0,0,0,100,100,0
1614,6456,594,79,595,3,right+B,0.027600456029176712,0.19712552428245544,0.05320883169770241,0.7026152014732361,0.01944996416568756,0.8999044895172119,0.0,234.0,1357,2,78,0,0,0,100,100,0
1615,6460,594,93,595,2,right+A,0.02766224555671215,0.1942107379436493,0.0531516931951046,0.7057198286056519,0.019255448132753372,0.8955252170562744,-1.0,233.0,1358,2,77,0,0,0,100,100,0
1616,6464,594,108,595,3,right+B,0.02715294435620308,0.19405101239681244,0.05273206904530525,0.7070218920707703,0.019042115658521652,0.8918071985244751,0.0,233.0,1359,2,77,0,0,0,100,100,0
1617,6468,594,112,595,3,right+B,0.027028385549783707,0.1948864758014679,0.052263569086790085,0.7071421146392822,0.01867937482893467,0.8899463415145874,0.0,233.0,1360,2,77,0,0,0,100,100,0
1618,6472,594,106,595,1,right,0.02648337185382843,0.1881500780582428,0.050865959376096725,0.7166296243667603,0.01787090301513672,0.8726835250854492,0.0,233.0,1361,2,77,0,0,0,100,100,0
1619,6476,594,89,595,3,right+B,0.025134868919849396,0.1818939745426178,0.0475274920463562,0.7282636761665344,0.01718001253902912,0.8481283187866211,0.0,233.0,1362,2,77,0,0,0,100,100,0
1620,6480,594,79,595,3,right+B,0.025221537798643112,0.17921116948127747,0.04680895060300827,0.731743574142456,0.01701478473842144,0.8420835733413696,-1.0,232.0,1363,2,76,0,0,0,100,100,0
1621,6484,594,79,595,1,right,0.02385668084025383,0.17253370583057404,0.04294465482234955,0.7447100281715393,0.01595492847263813,0.8130064606666565,0.0,232.0,1364,2,76,0,0,0,100,100,0
1622,6488,594,79,595,3,right+B,0.02355530485510826,0.1712961047887802,0.04212970659136772,0.7474389672279358,0.01557991560548544,0.8063694834709167,0.0,232.0,1365,2,76,0,0,0,100,100,0
1623,6492,594,79,595,1,right,0.023829134181141853,0.17205266654491425,0.043013669550418854,0.7447831630706787,0.016321400180459023,0.8138085007667542,0.0,232.0,1366,2,76,0,0,0,100,100,0
1624,6496,594,79,595,3,right+B,0.023588409647345543,0.17201608419418335,0.04331447556614876,0.7447569966316223,0.016323959454894066,0.8137915134429932,0.0,232.0,1367,2,76,0,0,0,100,100,0
1625,6500,594,79,595,3,right+B,0.023888474330306053,0.17339447140693665,0.0432012565433979,0.7430877089500427,0.016428081318736076,0.8169134855270386,-1.0,231.0,1368,2,75,0,0,0,100,100,0
1626,6504,594,79,595,3,right+B,0.024293668568134308,0.17628192901611328,0.04366312921047211,0.7390312552452087,0.016730008646845818,0.8249294757843018,0.0,231.0,1369,2,75,0,0,0,100,100,0
1627,6508,594,93,595,2,right+A,0.023125378414988518,0.16993463039398193,0.04137839749455452,0.7497113347053528,0.015850307419896126,0.801741361618042,0.0,231.0,1370,2,75,0,0,0,100,100,0
1628,6512,594,108,595,3,right+B,0.023678556084632874,0.17285779118537903,0.04374445602297783,0.7429968118667603,0.016722358763217926,0.8180701732635498,0.0,231.0,1371,2,75,0,0,0,100,100,0
1629,6516,594,112,595,3,right+B,0.02351309359073639,0.1730950027704239,0.043490421026945114,0.7433793544769287,0.01652202568948269,0.8163633346557617,0.0,231.0,1372,2,75,0,0,0,100,100,0
1630,6520,594,106,595,3,right+B,0.0233899038285017,0.17124556005001068,0.04332560673356056,0.7459308505058289,0.016108065843582153,0.8111789226531982,-1.0,230.0,1373,2,74,0,0,0,100,100,0
1631,6524,594,89,595,3,right+B,0.022663386538624763,0.16902248561382294,0.04192635789513588,0.7505775094032288,0.0158102847635746,0.8002021312713623,0.0,230.0,1374,2,74,0,0,0,100,100,0
1632,6528,594,79,595,3,right+B,0.02319960854947567,0.16856016218662262,0.042778369039297104,0.7495679259300232,0.01589392125606537,0.8041540384292603,0.0,230.0,1375,2,74,0,0,0,100,100,0
1633,6532,594,79,595,3,right+B,0.022303186357021332,0.164661705493927,0.04045962914824486,0.7573700547218323,0.01520544197410345,0.7857460975646973,0.0,230.0,1376,2,74,0,0,0,100,100,0
1634,6536,594,79,595,1,right,0.022542839869856834,0.16578085720539093,0.04016720503568649,0.7564506530761719,0.015058421529829502,0.7868600487709045,0.0,230.0,1377,2,74,0,0,0,100,100,0
1635,6540,594,79,595,3,right+B,0.022863216698169708,0.16854222118854523,0.04125819355249405,0.7515279054641724,0.015808429569005966,0.7982431650161743,-1.0,229.0,1378,2,73,0,0,0,100,100,0
1636,6544,594,79,595,1,right,0.022905807942152023,0.1686892807483673,0.041462596505880356,0.7512216567993164,0.015720734372735023,0.7988654971122742,0.0,229.0,1379,2,73,0,0,0,100,100,0
1637,6548,594,79,595,1,right,0.022677794098854065,0.16726045310497284,0.04069434478878975,0.7539883255958557,0.015379034914076328,0.792365312576294,0.0,229.0,1380,2,73,0,0,0,100,100,0
1638,6552,594,79,595,3,right+B,0.02256528101861477,0.1670718938112259,0.04097575694322586,0.7538802027702332,0.015506879426538944,0.7930044531822205,0.0,229.0,1381,2,73,0,0,0,100,100,0
1639,6556,594,79,595,3,right+B,0.02313287742435932,0.16930359601974487,0.041469890624284744,0.7502387762069702,0.015854887664318085,0.8011119365692139,0.0,229.0,1382,2,73,0,0,0,100,100,0
1640,6560,594,79,595,3,right+B,0.023314258083701134,0.1694881021976471,0.0421052947640419,0.7490880489349365,0.016004318371415138,0.8044265508651733,-1.0,228.0,1383,2,72,0,0,0,100,100,0
1641,6564,594,79,595,1,right,0.023144854232668877,0.1684759557247162,0.04173819720745087,0.7509012818336487,0.015739681199193,0.8002505302429199,0.0,228.0,1384,2,72,0,0,0,100,100,0
1642,6568,594,79,595,1,right,0.023407984524965286,0.17095589637756348,0.042517442256212234,0.7472378611564636,0.01588081754744053,0.8076332807540894,0.0,228.0,1385,2,72,0,0,0,100,100,0
1643,6572,594,79,595,3,right+B,0.023693136870861053,0.17224475741386414,0.04243933781981468,0.7455760836601257,0.016046687960624695,0.8109272122383118,0.0,228.0,1386,2,72,0,0,0,100,100,0
1644,6576,594,79,595,3,right+B,0.023299800232052803,0.1693415343761444,0.041835956275463104,0.7497168183326721,0.0158059261739254,0.8026177883148193,0.0,228.0,1387,2,72,0,0,0,100,100,0
1645,6580,594,79,595,1,right,0.023893512785434723,0.17209142446517944,0.04348142072558403,0.7442793250083923,0.016254356130957603,0.8151615262031555,-1.0,227.0,1388,2,71,0,0,0,100,100,0
1646,6584,594,79,595,3,right+B,0.025087034329771996,0.17817522585391998,0.045854344964027405,0.7338453531265259,0.01703810878098011,0.8376200795173645,0.0,227.0,1389,2,71,0,0,0,100,100,0
1647,6588,594,79,595,0,NOOP,0.025370340794324875,0.17858318984508514,0.04535846784710884,0.7336494326591492,0.017038537189364433,0.837775707244873,0.0,227.0,1390,2,71,0,0,0,100,100,0
1648,6592,594,79,595,3,right+B,0.0252983495593071,0.17833760380744934,0.04577437788248062,0.7335575819015503,0.017032146453857422,0.8383181095123291,0.0,227.0,1391,2,71,0,0,0,100,100,0
1649,6596,594,79,595,3,right+B,0.02528156340122223,0.17876221239566803,0.04610970988869667,0.7327321171760559,0.017114369198679924,0.8400992751121521,0.0,227.0,1392,2,71,0,0,0,100,100,0
1650,6600,594,79,595,3,right+B,0.025841034948825836,0.18226100504398346,0.0475020557641983,0.7269017100334167,0.017494121566414833,0.8521078824996948,-1.0,226.0,1393,2,70,0,0,0,100,100,0
1651,6604,594,79,595,3,right+B,0.02594306319952011,0.1847180426120758,0.048315875232219696,0.7232678532600403,0.01775514706969261,0.8590054512023926,0.0,226.0,1394,2,70,0,0,0,100,100,0
1652,6608,594,79,595,3,right+B,0.02685520611703396,0.1889917254447937,0.0493592843413353,0.7164764404296875,0.0183173306286335,0.8726651668548584,0.0,226.0,1395,2,70,0,0,0,100,100,0
1653,6612,594,93,595,2,right+A,0.027031973004341125,0.19026684761047363,0.05064037814736366,0.7136699557304382,0.018390832468867302,0.8786144852638245,0.0,226.0,1396,2,70,0,0,0,100,100,0
1654,6616,594,108,595,3,right+B,0.026818152517080307,0.19255930185317993,0.051355309784412384,0.7105315327644348,0.018735665827989578,0.8840683698654175,0.0,226.0,1397,2,70,0,0,0,100,100,0
1655,6620,594,112,595,1,right,0.02629106678068638,0.19505411386489868,0.05032805725932121,0.7097821831703186,0.018544627353549004,0.8821722269058228,-1.0,225.0,1398,2,69,0,0,0,100,100,0
1656,6624,594,106,595,2,right+A,0.026194361969828606,0.19238880276679993,0.05159777030348778,0.7113451957702637,0.01847386546432972,0.8814767003059387,0.0,225.0,1399,2,69,0,0,0,100,100,0
1657,6628,594,89,595,3,right+B,0.02639009989798069,0.1957755982875824,0.05163859203457832,0.7071104645729065,0.019085250794887543,0.8888378143310547,0.0,225.0,1400,2,69,0,0,0,100,100,0
1658,6632,594,79,595,3,right+B,0.024913838133215904,0.1850249469280243,0.047895196825265884,0.7245711088180542,0.017594976350665092,0.8542425632476807,0.0,225.0,1401,2,69,0,0,0,100,100,0
1659,6636,594,79,595,3,right+B,0.023952173069119453,0.17855721712112427,0.044618044048547745,0.736099362373352,0.016773195937275887,0.8298557996749878,0.0,225.0,1402,2,69,0,0,0,100,100,0
1660,6640,594,79,595,3,right+B,0.023448407649993896,0.17436674237251282,0.04248938336968422,0.7435965538024902,0.016098881140351295,0.8135192394256592,-1.0,224.0,1403,2,68,0,0,0,100,100,0
1661,6644,594,79,595,3,right+B,0.02304704301059246,0.17251554131507874,0.04181670397520065,0.7466186881065369,0.016002098098397255,0.8071256875991821,0.0,224.0,1404,2,68,0,0,0,100,100,0
1662,6648,594,79,595,3,right+B,0.02354389801621437,0.17485445737838745,0.04338163882493973,0.7421210408210754,0.01609901525080204,0.8170995712280273,0.0,224.0,1405,2,68,0,0,0,100,100,0
1663,6652,594,79,595,3,right+B,0.022673213854432106,0.17044031620025635,0.04117238521575928,0.750352144241333,0.015361983329057693,0.7984251976013184,0.0,224.0,1406,2,68,0,0,0,100,100,0
1664,6656,594,79,595,3,right+B,0.024364640936255455,0.1776813417673111,0.04532737657427788,0.735672116279602,0.016954537481069565,0.8326899409294128,0.0,224.0,1407,2,68,0,0,0,100,100,0
1665,6660,594,79,595,3,right+B,0.026422765105962753,0.18690159916877747,0.04950927197933197,0.7185883522033691,0.01857803761959076,0.8697962760925293,-1.0,223.0,1408,2,67,0,0,0,100,100,0
1666,6664,594,79,595,3,right+B,0.0247854795306921,0.17978604137897491,0.046199679374694824,0.7321063876152039,0.01712242141366005,0.8401444554328918,0.0,223.0,1409,2,67,0,0,0,100,100,0
1667,6668,594,79,595,3,right+B,0.024108635261654854,0.17678210139274597,0.04390556737780571,0.7390369772911072,0.016166653484106064,0.8235543966293335,0.0,223.0,1410,2,67,0,0,0,100,100,0
1668,6672,594,79,595,3,right+B,0.023574253544211388,0.17483651638031006,0.04320192337036133,0.7422621250152588,0.01612517237663269,0.8167677521705627,0.0,223.0,1411,2,67,0,0,0,100,100,0
1669,6676,594,79,595,3,right+B,0.022772330790758133,0.17195801436901093,0.04082624614238739,0.7490178346633911,0.015425548888742924,0.800254225730896,0.0,223.0,1412,2,67,0,0,0,100,100,0
1670,6680,594,79,595,1,right,0.022522391751408577,0.16798995435237885,0.04054925590753555,0.7536865472793579,0.015251901932060719,0.7919980883598328,-1.0,222.0,1413,2,66,0,0,0,100,100,0
1671,6684,594,79,595,3,right+B,0.02366725169122219,0.1747998148202896,0.04367412254214287,0.7414915561676025,0.016367310658097267,0.8193005919456482,0.0,222.0,1414,2,66,0,0,0,100,100,0
1672,6688,594,79,595,3,right+B,0.02440793439745903,0.18016138672828674,0.04460093006491661,0.7339555621147156,0.01687418669462204,0.8340083360671997,0.0,222.0,1415,2,66,0,0,0,100,100,0
1673,6692,594,79,595,1,right,0.023234350606799126,0.1726793497800827,0.04191457852721214,0.7462471127510071,0.015924545004963875,0.8079999089241028,0.0,222.0,1416,2,66,0,0,0,100,100,0
1674,6696,594,79,595,3,right+B,0.022834867238998413,0.1695292443037033,0.04113805294036865,0.7508097290992737,0.015688059851527214,0.798802375793457,0.0,222.0,1417,2,66,0,0,0,100,100,0
1675,6700,594,93,595,2,right+A,0.024105628952383995,0.17704074084758759,0.044257499277591705,0.7381492853164673,0.016446908935904503,0.8259745836257935,-1.0,221.0,1418,2,65,0,0,0,100,100,0
1676,6704,594,108,595,3,right+B,0.025792866945266724,0.18758131563663483,0.048255160450935364,0.7204487323760986,0.017921889200806618,0.8628387451171875,0.0,221.0,1419,2,65,0,0,0,100,100,0
1677,6708,594,112,595,1,right,0.026866676285862923,0.1950887143611908,0.05072713643312454,0.7084639668464661,0.018853476271033287,0.8862839341163635,0.0,221.0,1420,2,65,0,0,0,100,100,0
1678,6712,594,106,595,3,right+B,0.027100984007120132,0.19496889412403107,0.05362171307206154,0.7051483988761902,0.019160006195306778,0.8955475091934204,0.0,221.0,1421,2,65,0,0,0,100,100,0
1679,6716,594,89,595,3,right+B,0.027425646781921387,0.19677501916885376,0.054405469447374344,0.7017091512680054,0.01968473754823208,0.9028072357177734,0.0,221.0,1422,2,65,0,0,0,100,100,0
1680,6720,594,79,595,1,right,0.027216391637921333,0.19350150227546692,0.05326676741242409,0.7070432901382446,0.018972123041749,0.8924347758293152,-1.0,220.0,1423,2,64,0,0,0,100,100,0
1681,6724,594,79,595,1,right,0.02560655027627945,0.18553526699543,0.0492420457303524,0.7220104932785034,0.017605680972337723,0.8609386682510376,0.0,220.0,1424,2,64,0,0,0,100,100,0
1682,6728,594,79,595,3,right+B,0.02579217217862606,0.18476685881614685,0.04847751557826996,0.7236810922622681,0.017282389104366302,0.8572477698326111,0.0,220.0,1425,2,64,0,0,0,100,100,0
1683,6732,594,79,595,3,right+B,0.024858949705958366,0.17932748794555664,0.04630787670612335,0.7324463725090027,0.017059344798326492,0.8398104906082153,0.0,220.0,1426,2,64,0,0,0,100,100,0
1684,6736,594,93,595,2,right+A,0.025397051125764847,0.18125443160533905,0.046781424432992935,0.7292125821113586,0.01735444739460945,0.8467311263084412,0.0,220.0,1427,2,64,0,0,0,100,100,0
1685,6740,594,108,595,3,right+B,0.02499590627849102,0.17937932908535004,0.045328717678785324,0.7330759167671204,0.017220081761479378,0.8382353782653809,-1.0,219.0,1428,2,63,0,0,0,100,100,0
1686,6744,594,112,595,3,right+B,0.024226002395153046,0.17794090509414673,0.04399407282471657,0.7370481491088867,0.0167908426374197,0.8282308578491211,0.0,219.0,1429,2,63,0,0,0,100,100,0
1687,6748,594,106,595,3,right+B,0.024432217702269554,0.1757236123085022,0.044436074793338776,0.7386795282363892,0.016728561371564865,0.8267751932144165,0.0,219.0,1430,2,63,0,0,0,100,100,0
1688,6752,594,89,595,3,right+B,0.023779049515724182,0.17426744103431702,0.04437694698572159,0.7408360242843628,0.016740523278713226,0.8223186135292053,0.0,219.0,1431,2,63,0,0,0,100,100,0
1689,6756,594,79,595,3,right+B,0.023780755698680878,0.17221617698669434,0.04416126385331154,0.7433997988700867,0.016442039981484413,0.8175979256629944,0.0,219.0,1432,2,63,0,0,0,100,100,0
1690,6760,594,79,595,3,right+B,0.023900562897324562,0.1731669306755066,0.04313404858112335,0.7435709834098816,0.016227424144744873,0.8156662583351135,-1.0,218.0,1433,2,62,0,0,0,100,100,0
1691,6764,594,79,595,3,right+B,0.022382458671927452,0.1650160700082779,0.04000197350978851,0.7576146125793457,0.014984958805143833,0.7843590974807739,0.0,218.0,1434,2,62,0,0,0,100,100,0
1692,6768,594,79,595,1,right,0.022310994565486908,0.1658427119255066,0.04065932705998421,0.7556848526000977,0.015502178110182285,0.7893109917640686,0.0,218.0,1435,2,62,0,0,0,100,100,0
1693,6772,594,79,595,3,right+B,0.022803055122494698,0.16859544813632965,0.04169221222400665,0.7510195374488831,0.015889810398221016,0.7996839284896851,0.0,218.0,1436,2,62,0,0,0,100,100,0
1694,6776,594,79,595,3,right+B,0.02246243879199028,0.1668168306350708,0.04060797765851021,0.7546759247779846,0.015436776913702488,0.7909132838249207,0.0,218.0,1437,2,62,0,0,0,100,100,0
1695,6780,594,79,595,1,right,0.022645002231001854,0.1678517460823059,0.04090597480535507,0.7530134320259094,0.015583821572363377,0.794552206993103,-1.0,217.0,1438,2,61,0,0,0,100,100,0
1696,6784,594,79,595,3,right+B,0.022927694022655487,0.16842858493328094,0.04141424968838692,0.7513713240623474,0.01585806906223297,0.7989426851272583,0.0,217.0,1439,2,61,0,0,0,100,100,0
1697,6788,594,79,595,3,right+B,0.022959621623158455,0.16838638484477997,0.042045708745718,0.7505780458450317,0.016030292958021164,0.8014794588088989,0.0,217.0,1440,2,61,0,0,0,100,100,0
1698,6792,594,93,595,2,right+A,0.022761208936572075,0.1674201488494873,0.041016992181539536,0.753194272518158,0.015607350505888462,0.7947251796722412,0.0,217.0,1441,2,61,0,0,0,100,100,0
1699,6796,594,108,595,1,right,0.023600520566105843,0.17280738055706024,0.043320346623659134,0.7438075542449951,0.016464179381728172,0.815542459487915,0.0,217.0,1442,2,61,0,0,0,100,100,0
1700,6800,594,112,595,3,right+B,0.023632895201444626,0.1739131361246109,0.04329206794500351,0.7425401210784912,0.016621781513094902,0.8177825808525085,-1.0,216.0,1443,2,60,0,0,0,100,100,0
1701,6804,594,106,595,3,right+B,0.023526469245553017,0.17168040573596954,0.0438840277493,0.7446200251579285,0.016289006918668747,0.8145681023597717,0.0,216.0,1444,2,60,0,0,0,100,100,0
1702,6808,594,89,595,3,right+B,0.022610638290643692,0.16911959648132324,0.04235908016562462,0.749975860118866,0.01593480072915554,0.801888108253479,0.0,216.0,1445,2,60,0,0,0,100,100,0
1703,6812,594,79,595,1,right,0.02265092357993126,0.16604383289813995,0.04171081259846687,0.7540664076805115,0.015527999959886074,0.7939688563346863,0.0,216.0,1446,2,60,0,0,0,100,100,0
1704,6816,594,79,595,3,right+B,0.022406037896871567,0.16482824087142944,0.04039264842867851,0.7571470141410828,0.015226129442453384,0.7862470746040344,0.0,216.0,1447,2,60,0,0,0,100,100,0
1705,6820,594,79,595,3,right+B,0.02269398234784603,0.1658230572938919,0.04087575525045395,0.755160927772522,0.015446255914866924,0.791041374206543,-1.0,215.0,1448,2,59,0,0,0,100,100,0
1706,6824,594,79,595,3,right+B,0.022838814184069633,0.16766072809696198,0.041231412440538406,0.7523729801177979,0.015896102413535118,0.79709792137146,0.0,215.0,1449,2,59,0,0,0,100,100,0
1707,6828,594,79,595,1,right,0.023854617029428482,0.17356304824352264,0.042738258838653564,0.7433648109436035,0.016479305922985077,0.8159176707267761,0.0,215.0,1450,2,59,0,0,0,100,100,0
1708,6832,594,79,595,3,right+B,0.023419367149472237,0.1701539307832718,0.041707031428813934,0.7486982345581055,0.016021516174077988,0.8046969175338745,0.0,215.0,1451,2,59,0,0,0,100,100,0
1709,6836,594,79,595,3,right+B,0.024164311587810516,0.1732957810163498,0.0436229445040226,0.7423200607299805,0.016596833243966103,0.8195557594299316,0.0,215.0,1452,2,59,0,0,0,100,100,0
1710,6840,594,79,595,3,right+B,0.02490363083779812,0.17742110788822174,0.04545893147587776,0.7350808382034302,0.01713552512228489,0.8351984620094299,-1.0,214.0,1453,2,58,0,0,0,100,100,0
1711,6844,594,79,595,3,right+B,0.024751799181103706,0.17658381164073944,0.044719450175762177,0.7371914982795715,0.016753559932112694,0.8299846649169922,0.0,214.0,1454,2,58,0,0,0,100,100,0
1712,6848,594,79,595,3,right+B,0.024804286658763885,0.17600324749946594,0.044449448585510254,0.7381495833396912,0.016593361273407936,0.8279668092727661,0.0,214.0,1455,2,58,0,0,0,100,100,0
1713,6852,594,79,595,3,right+B,0.024916578084230423,0.1777193248271942,0.04554362967610359,0.7350168228149414,0.016803639009594917,0.8346505761146545,0.0,214.0,1456,2,58,0,0,0,100,100,0
1714,6856,594,79,595,3,right+B,0.024968426674604416,0.17887552082538605,0.046241145581007004,0.7328639626502991,0.01705092191696167,0.8393276333808899,0.0,214.0,1457,2,58,0,0,0,100,100,0
1715,6860,594,79,595,3,right+B,0.025341182947158813,0.18209998309612274,0.04763414338231087,0.727583646774292,0.01734105683863163,0.8500008583068848,-1.0,213.0,1458,2,57,0,0,0,100,100,0
1716,6864,594,79,595,3,right+B,0.025136319920420647,0.18210525810718536,0.04645355045795441,0.7292589545249939,0.01704595237970352,0.8449792861938477,0.0,213.0,1459,2,57,0,0,0,100,100,0
1717,6868,594,79,595,3,right+B,0.026923654600977898,0.1900891363620758,0.05022887513041496,0.7141865491867065,0.018571849912405014,0.8775954246520996,0.0,213.0,1460,2,57,0,0,0,100,100,0
1718,6872,594,79,595,3,right+B,0.02580791339278221,0.18717768788337708,0.048507850617170334,0.7206145524978638,0.017891986295580864,0.8629173040390015,0.0,213.0,1461,2,57,0,0,0,100,100,0
1719,6876,594,79,595,1,right,0.026507433503866196,0.19350361824035645,0.05058687552809715,0.7106878757476807,0.018714163452386856,0.8821762800216675,0.0,213.0,1462,2,57,0,0,0,100,100,0
1720,6880,594,79,595,1,right,0.02609938010573387,0.19233018159866333,0.050223205238580704,0.7130767703056335,0.018270429223775864,0.8767155408859253,-1.0,212.0,1463,2,56,0,0,0,100,100,0
1721,6884,594,79,595,3,right+B,0.02666127122938633,0.19398079812526703,0.050575483590364456,0.7100523114204407,0.018730051815509796,0.8833293318748474,0.0,212.0,1464,2,56,0,0,0,100,100,0
1722,6888,594,79,595,1,right,0.025468876585364342,0.18727241456508636,0.04811902716755867,0.7211704850196838,0.01796923764050007,0.8611483573913574,0.0,212.0,1465,2,56,0,0,0,100,100,0
1723,6892,594,79,595,3,right+B,0.024719126522541046,0.18318778276443481,0.046230725944042206,0.7285827398300171,0.01727965474128723,0.8453313708305359,0.0,212.0,1466,2,56,0,0,0,100,100,0
1724,6896,594,79,595,3,right+B,0.02451617270708084,0.18080100417137146,0.045485835522413254,0.7319989204406738,0.01719808205962181,0.8389595150947571,0.0,212.0,1467,2,56,0,0,0,100,100,0
1725,6900,594,79,595,3,right+B,0.02356642112135887,0.17560064792633057,0.04310167580842972,0.7415726780891418,0.016158532351255417,0.817686140537262,-1.0,211.0,1468,2,55,0,0,0,100,100,0
1726,6904,594,79,595,3,right+B,0.023482825607061386,0.17399737238883972,0.04312718287110329,0.7435430288314819,0.015849607065320015,0.8139654994010925,0.0,211.0,1469,2,55,0,0,0,100,100,0
1727,6908,594,79,595,0,NOOP,0.02271580696105957,0.17016251385211945,0.0417124442756176,0.7502517700195312,0.015157438814640045,0.7989296317100525,0.0,211.0,1470,2,55,0,0,0,100,100,0
1728,6912,594,79,595,3,right+B,0.022840386256575584,0.1712241768836975,0.04212715104222298,0.7482346296310425,0.01557373721152544,0.8037492632865906,0.0,211.0,1471,2,55,0,0,0,100,100,0
1729,6916,594,79,595,3,right+B,0.02505364455282688,0.18032582104206085,0.04626093804836273,0.7309183478355408,0.017441296949982643,0.843170702457428,0.0,211.0,1472,2,55,0,0,0,100,100,0
1730,6920,594,79,595,3,right+B,0.025436921045184135,0.18191014230251312,0.04673798382282257,0.7283923029899597,0.017522625625133514,0.8482846617698669,-1.0,210.0,1473,2,54,0,0,0,100,100,0
1731,6924,594,79,595,3,right+B,0.024571307003498077,0.17938660085201263,0.044798605144023895,0.7344537973403931,0.016789663583040237,0.8337076306343079,0.0,210.0,1474,2,54,0,0,0,100,100,0
1732,6928,594,79,595,3,right+B,0.02418750710785389,0.17721430957317352,0.04403090476989746,0.7379506826400757,0.016616640612483025,0.8265087008476257,0.0,210.0,1475,2,54,0,0,0,100,100,0
1733,6932,594,79,595,3,right+B,0.023683056235313416,0.1761072874069214,0.04218049347400665,0.7421171069145203,0.01591201312839985,0.8152408003807068,0.0,210.0,1476,2,54,0,0,0,100,100,0
1734,6936,594,79,595,3,right+B,0.023098817095160484,0.17226120829582214,0.04150066897273064,0.7475045323371887,0.01563473418354988,0.8046042919158936,0.0,210.0,1477,2,54,0,0,0,100,100,0
1735,6940,594,79,595,3,right+B,0.023575376719236374,0.17330439388751984,0.04270492494106293,0.7442590594291687,0.016156189143657684,0.8132494688034058,-1.0,209.0,1478,2,53,0,0,0,100,100,0
1736,6944,594,79,595,3,right+B,0.02386191487312317,0.1759302020072937,0.044440388679504395,0.7392675876617432,0.0164999607950449,0.8242654204368591,0.0,209.0,1479,2,53,0,0,0,100,100,0
1737,6948,594,79,595,3,right+B,0.024380551651120186,0.1793900579214096,0.04446576535701752,0.7352522611618042,0.016511380672454834,0.8310773372650146,0.0,209.0,1480,2,53,0,0,0,100,100,0
1738,6952,594,79,595,3,right+B,0.023114090785384178,0.17227746546268463,0.041686613112688065,0.747253954410553,0.015667876228690147,0.8053463697433472,0.0,209.0,1481,2,53,0,0,0,100,100,0
1739,6956,594,79,595,3,right+B,0.022715019062161446,0.16893985867500305,0.04122018441557884,0.7516207695007324,0.015504159964621067,0.7970309257507324,0.0,209.0,1482,2,53,0,0,0,100,100,0
1740,6960,594,79,595,3,right+B,0.02384260855615139,0.17692546546459198,0.04416607692837715,0.7389076352119446,0.016158241778612137,0.8235501646995544,-1.0,208.0,1483,2,52,0,0,0,100,100,0
1741,6964,594,79,595,3,right+B,0.025234585627913475,0.1850525438785553,0.04711586982011795,0.7253164052963257,0.01728062331676483,0.8520635366439819,0.0,208.0,1484,2,52,0,0,0,100,100,0
1742,6968,594,79,595,3,right+B,0.02669612132012844,0.19359681010246277,0.050874534994363785,0.7101399898529053,0.018692538142204285,0.8835979104042053,0.0,208.0,1485,2,52,0,0,0,100,100,0
1743,6972,594,79,595,3,right+B,0.027473999187350273,0.1973426640033722,0.05336030572652817,0.7023299336433411,0.01949305832386017,0.9003159999847412,0.0,208.0,1486,2,52,0,0,0,100,100,0
1744,6976,594,79,595,3,right+B,0.027560677379369736,0.19474835693836212,0.053397346287965775,0.7049009799957275,0.01939263939857483,0.8970166444778442,0.0,208.0,1487,2,52,0,0,0,100,100,0
1745,6980,594,79,595,1,right,0.026608021929860115,0.19003793597221375,0.05101585015654564,0.7139017581939697,0.018436335027217865,0.8780790567398071,-1.0,207.0,1488,2,51,0,0,0,100,100,0
1746,6984,594,79,595,3,right+B,0.026659801602363586,0.19109021127223969,0.05105817690491676,0.7128192782402039,0.01837247423827648,0.8795161247253418,0.0,207.0,1489,2,51,0,0,0,100,100,0
1747,6988,594,79,595,1,right,0.02592829428613186,0.18508507311344147,0.04838501289486885,0.7230499982833862,0.017551584169268608,0.8588882684707642,0.0,207.0,1490,2,51,0,0,0,100,100,0
1748,6992,594,79,595,3,right+B,0.02544298581779003,0.18112115561962128,0.04733317717909813,0.7289732694625854,0.01712944358587265,0.8473692536354065,0.0,207.0,1491,2,51,0,0,0,100,100,0
1749,6996,594,79,595,0,NOOP,0.025822067633271217,0.1827106773853302,0.04725676402449608,0.7268218994140625,0.017388466745615005,0.8516021370887756,0.0,207.0,1492,2,51,0,0,0,100,100,0
1750,7000,594,79,595,3,right+B,0.02428301051259041,0.1760159134864807,0.04361580312252045,0.7397521734237671,0.016333075240254402,0.822868824005127,-1.0,206.0,1493,2,50,0,0,0,100,100,0
1751,7004,594,79,595,1,right,0.023620272055268288,0.171843484044075,0.04270555451512337,0.7460704445838928,0.015760226175189018,0.8097472190856934,0.0,206.0,1494,2,50,0,0,0,100,100,0
1752,7008,594,79,595,3,right+B,0.023565368726849556,0.17071157693862915,0.042636286467313766,0.7473289966583252,0.015757733955979347,0.8076832294464111,0.0,206.0,1495,2,50,0,0,0,100,100,0
1753,7012,594,79,595,3,right+B,0.023087825626134872,0.16904640197753906,0.042660146951675415,0.7492916584014893,0.015913940966129303,0.8042284846305847,0.0,206.0,1496,2,50,0,0,0,100,100,0
1754,7016,594,79,595,3,right+B,0.023523082956671715,0.17278032004833221,0.042869869619607925,0.744517982006073,0.01630869321525097,0.813358724117279,0.0,206.0,1497,2,50,0,0,0,100,100,0
1755,7020,594,79,595,3,right+B,0.023481763899326324,0.17138224840164185,0.04185166954994202,0.747199296951294,0.016085010021924973,0.8073883056640625,-1.0,205.0,1498,2,49,0,0,0,100,100,0
1756,7024,594,79,595,3,right+B,0.023366140201687813,0.17089496552944183,0.04200127720832825,0.7476091980934143,0.016128433868288994,0.8068673014640808,0.0,205.0,1499,2,49,0,0,0,100,100,0
1757,7028,594,79,595,3,right+B,0.02333729900419712,0.17164644598960876,0.04227935150265694,0.7463954091072083,0.01634158380329609,0.8094896674156189,0.0,205.0,1500,2,49,0,0,0,100,100,0
1758,7032,594,79,595,1,right,0.022729359567165375,0.1683468073606491,0.041785214096307755,0.7511366009712219,0.01600196585059166,0.7997552752494812,0.0,205.0,1501,2,49,0,0,0,100,100,0
1759,7036,594,79,595,3,right+B,0.022417491301894188,0.16705630719661713,0.040399037301540375,0.7546846866607666,0.015442478470504284,0.7905277013778687,0.0,205.0,1502,2,49,0,0,0,100,100,0
1760,7040,594,79,595,3,right+B,0.022814258933067322,0.1684557944536209,0.04145359620451927,0.7515085339546204,0.015767835080623627,0.7983527183532715,-1.0,204.0,1503,2,48,0,0,0,100,100,0
1761,7044,594,79,595,3,right+B,0.022811206057667732,0.16841502487659454,0.04180324077606201,0.7511178255081177,0.015852661803364754,0.7996201515197754,0.0,204.0,1504,2,48,0,0,0,100,100,0
1762,7048,594,79,595,3,right+B,0.02242845669388771,0.16707642376422882,0.04130849987268448,0.7535952925682068,0.015591359697282314,0.7938264012336731,0.0,204.0,1505,2,48,0,0,0,100,100,0
1763,7052,594,79,595,3,right+B,0.022130867466330528,0.16569390892982483,0.040510933846235275,0.7564807534217834,0.015183561481535435,0.7867740988731384,0.0,204.0,1506,2,48,0,0,0,100,100,0
1764,7056,594,79,595,3,right+B,0.022326478734612465,0.16786450147628784,0.040957629680633545,0.7533988952636719,0.01545250229537487,0.7930935621261597,0.0,204.0,1507,2,48,0,0,0,100,100,0
1765,7060,594,79,595,3,right+B,0.02236953005194664,0.1670645773410797,0.0408056378364563,0.7542151808738708,0.015545159578323364,0.7919586896896362,-1.0,203.0,1508,2,47,0,0,0,100,100,0
1766,7064,594,79,595,3,right+B,0.022129090502858162,0.16564509272575378,0.040351465344429016,0.7566414475440979,0.015232917852699757,0.7864193916320801,0.0,203.0,1509,2,47,0,0,0,100,100,0
1767,7068,594,79,595,0,NOOP,0.022501682862639427,0.1671687662601471,0.04096174240112305,0.7538279294967651,0.01553987804800272,0.7930145263671875,0.0,203.0,1510,2,47,0,0,0,100,100,0
1768,7072,594,79,595,3,right+B,0.022974342107772827,0.1682930886745453,0.041515808552503586,0.7512428760528564,0.015973873436450958,0.7996432185173035,0.0,203.0,1511,2,47,0,0,0,100,100,0
1769,7076,594,79,595,3,right+B,0.023208461701869965,0.16948486864566803,0.04198349639773369,0.7492299675941467,0.01609325036406517,0.8040454983711243,0.0,203.0,1512,2,47,0,0,0,100,100,0
1770,7080,594,79,595,3,right+B,0.0234528798609972,0.16966915130615234,0.04205181822180748,0.7486423850059509,0.01618376187980175,0.8057110905647278,-1.0,202.0,1513,2,46,0,0,0,100,100,0
1771,7084,594,79,595,3,right+B,0.023500625044107437,0.17170771956443787,0.042362309992313385,0.7461296916007996,0.016299627721309662,0.8102227449417114,0.0,202.0,1514,2,46,0,0,0,100,100,0
1772,7088,594,79,595,3,right+B,0.0238154586404562,0.17302346229553223,0.04285489022731781,0.7438631057739258,0.01644315756857395,0.8151921033859253,0.0,202.0,1515,2,46,0,0,0,100,100,0
1773,7092,594,79,595,3,right+B,0.023634402081370354,0.17073364555835724,0.0425122007727623,0.7470819354057312,0.016037816181778908,0.8086771368980408,0.0,202.0,1516,2,46,0,0,0,100,100,0
1774,7096,594,79,595,0,NOOP,0.024480730295181274,0.1756732016801834,0.04501109942793846,0.7381314635276794,0.016703493893146515,0.8283854722976685,0.0,202.0,1517,2,46,0,0,0,100,100,0
1775,7100,594,79,595,3,right+B,0.02432171255350113,0.17487414181232452,0.04470040276646614,0.739569902420044,0.016533907502889633,0.8251796960830688,-1.0,201.0,1518,2,45,0,0,0,100,100,0
1776,7104,594,93,595,4,right+A+B,0.024454539641737938,0.17520426213741302,0.04400293529033661,0.7399343848228455,0.016403837129473686,0.8236509561538696,0.0,201.0,1519,2,45,0,0,0,100,100,0
1777,7108,594,108,595,3,right+B,0.02490195445716381,0.1778286099433899,0.04565604776144028,0.7345569729804993,0.0170564204454422,0.8360217809677124,0.0,201.0,1520,2,45,0,0,0,100,100,0
1778,7112,594,112,595,3,right+B,0.02467198483645916,0.1791411191225052,0.0459459125995636,0.7329506874084473,0.017290299758315086,0.838780403137207,0.0,201.0,1521,2,45,0,0,0,100,100,0
1779,7116,594,106,595,3,right+B,0.026110339909791946,0.1856469213962555,0.04958471655845642,0.7204387187957764,0.01821938529610634,0.8659535646438599,0.0,201.0,1522,2,45,0,0,0,100,100,0
1780,7120,594,89,595,3,right+B,0.02522052824497223,0.18352335691452026,0.047387223690748215,0.7260873317718506,0.01778155006468296,0.8525267839431763,-1.0,200.0,1523,2,44,0,0,0,100,100,0
1781,7124,594,79,595,0,NOOP,0.02653970941901207,0.18757958710193634,0.04937838017940521,0.718180775642395,0.018321560695767403,0.8698045015335083,0.0,200.0,1524,2,44,0,0,0,100,100,0
1782,7128,594,79,595,3,right+B,0.026682505384087563,0.18918563425540924,0.05023247003555298,0.7152275443077087,0.018671851605176926,0.8759793043136597,0.0,200.0,1525,2,44,0,0,0,100,100,0
1783,7132,594,79,595,3,right+B,0.02648642472922802,0.19084066152572632,0.050156302750110626,0.7141076326370239,0.018408969044685364,0.8763641715049744,0.0,200.0,1526,2,44,0,0,0,100,100,0
1784,7136,594,79,595,3,right+B,0.025287598371505737,0.1887596994638443,0.04875227063894272,0.7192788124084473,0.017921634018421173,0.8640727996826172,0.0,200.0,1527,2,44,0,0,0,100,100,0
1785,7140,594,79,595,1,right,0.026122717186808586,0.1930149793624878,0.05080024525523186,0.7116928100585938,0.018369274213910103,0.8795769214630127,-1.0,199.0,1528,2,43,0,0,0,100,100,0
1786,7144,594,79,595,3,right+B,0.026313604786992073,0.19260677695274353,0.05031801387667656,0.7123084664344788,0.018453145399689674,0.8787049651145935,0.0,199.0,1529,2,43,0,0,0,100,100,0
1787,7148,594,79,595,1,right,0.02372431755065918,0.1790335327386856,0.0446794331073761,0.7360524535179138,0.0165102481842041,0.8289239406585693,0.0,199.0,1530,2,43,0,0,0,100,100,0
1788,7152,594,79,595,3,right+B,0.02397993579506874,0.1799091398715973,0.04524102807044983,0.7339745163917542,0.01689537614583969,0.8340612649917603,0.0,199.0,1531,2,43,0,0,0,100,100,0
1789,7156,594,79,595,3,right+B,0.02412186563014984,0.179519921541214,0.04454134404659271,0.7348020672798157,0.017014697194099426,0.8324926495552063,0.0,199.0,1532,2,43,0,0,0,100,100,0
1790,7160,594,79,595,3,right+B,0.023126836866140366,0.17330142855644226,0.04293639957904816,0.7445591688156128,0.016076190397143364,0.8120465874671936,-1.0,198.0,1533,2,42,0,0,0,100,100,0
1791,7164,594,79,595,3,right+B,0.023634864017367363,0.17567802965641022,0.043659813702106476,0.7409629225730896,0.01606440544128418,0.8192571401596069,0.0,198.0,1534,2,42,0,0,0,100,100,0
1792,7168,594,79,595,3,right+B,0.022442737594246864,0.17008216679096222,0.041094109416007996,0.7509653568267822,0.015415720641613007,0.7970676422119141,0.0,198.0,1535,2,42,0,0,0,100,100,0
1793,7172,594,79,595,3,right+B,0.02352915145456791,0.1737142950296402,0.043382879346609116,0.742921769618988,0.016451925039291382,0.8167477250099182,0.0,198.0,1536,2,42,0,0,0,100,100,0
1794,7176,594,79,595,3,right+B,0.02549414336681366,0.1830778419971466,0.047669947147369385,0.7257172465324402,0.018040763214230537,0.8545617461204529,0.0,198.0,1537,2,42,0,0,0,100,100,0
1795,7180,594,79,595,3,right+B,0.02510138601064682,0.18341320753097534,0.04730565473437309,0.7265687584877014,0.01761109009385109,0.8511186838150024,-1.0,197.0,1538,2,41,0,0,0,100,100,0
1796,7184,594,79,595,3,right+B,0.024989131838083267,0.18183551728725433,0.045603927224874496,0.7305194735527039,0.017051925882697105,0.8417826890945435,0.0,197.0,1539,2,41,0,0,0,100,100,0
1797,7188,594,79,595,3,right+B,0.024030402302742004,0.17729827761650085,0.043912772089242935,0.7383323907852173,0.016426168382167816,0.8250340223312378,0.0,197.0,1540,2,41,0,0,0,100,100,0
1798,7192,594,79,595,3,right+B,0.023158231750130653,0.17428316175937653,0.04135943949222565,0.7458430528640747,0.0153560945764184,0.8062761425971985,0.0,197.0,1541,2,41,0,0,0,100,100,0
1799,7196,594,79,595,3,right+B,0.022667545825242996,0.16921034455299377,0.04095263406634331,0.7520143985748291,0.015155091881752014,0.7951318025588989,0.0,197.0,1542,2,41,0,0,0,100,100,0
1800,7200,594,79,595,3,right+B,0.023496372625231743,0.17423276603221893,0.04380875080823898,0.7422090172767639,0.016253100708127022,0.8178357481956482,-1.0,196.0,1543,2,40,0,0,0,100,100,0
1801,7204,594,79,595,3,right+B,0.024476375430822372,0.18080724775791168,0.04535035789012909,0.7324478626251221,0.016918178647756577,0.837404191493988,0.0,196.0,1544,2,40,0,0,0,100,100,0
1802,7208,594,79,595,3,right+B,0.023097572848200798,0.17280995845794678,0.041691817343235016,0.7466164827346802,0.015784205868840218,0.8065334558486938,0.0,196.0,1545,2,40,0,0,0,100,100,0
1803,7212,594,79,595,3,right+B,0.023024098947644234,0.1719849705696106,0.041952427476644516,0.7470276951789856,0.01601083017885685,0.8066921830177307,0.0,196.0,1546,2,40,0,0,0,100,100,0
1804,7216,594,93,595,2,right+A,0.02348688617348671,0.1743805706501007,0.04314760863780975,0.7427093982696533,0.016275547444820404,0.8162270188331604,0.0,196.0,1547,2,40,0,0,0,100,100,0
1805,7220,594,108,595,3,right+B,0.025121551007032394,0.18456575274467468,0.047511372715234756,0.7250864505767822,0.01771490089595318,0.853715181350708,-1.0,195.0,1548,2,39,0,0,0,100,100,0
1806,7224,594,112,595,3,right+B,0.026601770892739296,0.1938863843679428,0.050842639058828354,0.7096410989761353,0.01902802102267742,0.884797215461731,0.0,195.0,1549,2,39,0,0,0,100,100,0
1807,7228,594,106,595,4,right+A+B,0.02766837179660797,0.19820132851600647,0.05430400371551514,0.7000525593757629,0.019773731008172035,0.905457615852356,0.0,195.0,1550,2,39,0,0,0,100,100,0
1808,7232,594,89,595,3,right+B,0.027773937210440636,0.198237344622612,0.05467827618122101,0.6992958188056946,0.020014606416225433,0.9076569080352783,0.0,195.0,1551,2,39,0,0,0,100,100,0
1809,7236,594,79,595,1,right,0.027778180316090584,0.1949494183063507,0.05388195440173149,0.7041519284248352,0.019238485023379326,0.8986728191375732,0.0,195.0,1552,2,39,0,0,0,100,100,0
1810,7240,594,79,595,3,right+B,0.02583754062652588,0.1866353303194046,0.04975498467683792,0.7201939821243286,0.01757805049419403,0.864470362663269,-1.0,194.0,1553,2,38,0,0,0,100,100,0
1811,7244,594,79,595,3,right+B,0.02495547942817211,0.1808953434228897,0.046926360577344894,0.7307536602020264,0.01646912284195423,0.8418081402778625,0.0,194.0,1554,2,38,0,0,0,100,100,0
1812,7248,594,79,595,3,right+B,0.02442631497979164,0.17813749611377716,0.04586770012974739,0.7349197268486023,0.0166487880051136,0.8338941931724548,0.0,194.0,1555,2,38,0,0,0,100,100,0
1813,7252,594,79,595,3,right+B,0.02544805034995079,0.18174244463443756,0.04689710959792137,0.7285829782485962,0.0173293836414814,0.8478045463562012,0.0,194.0,1556,2,38,0,0,0,100,100,0
1814,7256,594,79,595,3,right+B,0.02437174879014492,0.17628523707389832,0.04356684535741806,0.7392805814743042,0.01649562641978264,0.8240386247634888,0.0,194.0,1557,2,38,0,0,0,100,100,0
1815,7260,594,79,595,3,right+B,0.024036141112446785,0.1750592440366745,0.043339502066373825,0.7412773966789246,0.01628776825964451,0.8196907639503479,-1.0,193.0,1558,2,37,0,0,0,100,100,0
1816,7264,594,79,595,1,right,0.024250593036413193,0.17480047047138214,0.04369202256202698,0.7407062649726868,0.01655069924890995,0.8220522403717041,0.0,193.0,1559,2,37,0,0,0,100,100,0
1817,7268,594,79,595,3,right+B,0.02335105463862419,0.17005838453769684,0.04277315363287926,0.7477805614471436,0.016036901623010635,0.807442307472229,0.0,193.0,1560,2,37,0,0,0,100,100,0
1818,7272,594,79,595,3,right+B,0.023409638553857803,0.17100851237773895,0.04245743900537491,0.7469743490219116,0.016150081530213356,0.8085792064666748,0.0,193.0,1561,2,37,0,0,0,100,100,0
1819,7276,594,79,595,3,right+B,0.024277694523334503,0.1756335347890854,0.043615810573101044,0.739732027053833,0.016740914434194565,0.8238513469696045,0.0,193.0,1562,2,37,0,0,0,100,100,0
1820,7280,594,79,595,3,right+B,0.023664748296141624,0.17188823223114014,0.04222201183438301,0.7459884881973267,0.016236437484622,0.8104103803634644,-1.0,192.0,1563,2,36,0,0,0,100,100,0
1821,7284,594,79,595,3,right+B,0.023181891068816185,0.1696251928806305,0.04162059724330902,0.7497788071632385,0.015793494880199432,0.8019598722457886,0.0,192.0,1564,2,36,0,0,0,100,100,0
1822,7288,594,79,595,3,right+B,0.023236941546201706,0.17016515135765076,0.04226239025592804,0.7484632730484009,0.01587223820388317,0.8051061630249023,0.0,192.0,1565,2,36,0,0,0,100,100,0
1823,7292,594,79,595,3,right+B,0.022631295025348663,0.16772449016571045,0.04124719649553299,0.7528776526451111,0.015519434586167336,0.7950558066368103,0.0,192.0,1566,2,36,0,0,0,100,100,0
1824,7296,594,79,595,3,right+B,0.02223402075469494,0.1657390147447586,0.03980667516589165,0.7571563720703125,0.015063931234180927,0.7846707701683044,0.0,192.0,1567,2,36,0,0,0,100,100,0
1825,7300,594,79,595,3,right+B,0.02268415130674839,0.16704221069812775,0.04075578600168228,0.7541015148162842,0.015416290611028671,0.7923832535743713,-1.0,191.0,1568,2,35,0,0,0,100,100,0
1826,7304,594,79,595,3,right+B,0.023063696920871735,0.16908426582813263,0.04201950132846832,0.7499825358390808,0.015849940478801727,0.8021130561828613,0.0,191.0,1569,2,35,0,0,0,100,100,0
1827,7308,594,79,595,3,right+B,0.022865381091833115,0.16853192448616028,0.04120870679616928,0.7516825795173645,0.015711374580860138,0.7977166771888733,0.0,191.0,1570,2,35,0,0,0,100,100,0
1828,7312,594,79,595,3,right+B,0.02259877696633339,0.167603000998497,0.04099982976913452,0.753191351890564,0.015606977045536041,0.7943796515464783,0.0,191.0,1571,2,35,0,0,0,100,100,0
1829,7316,594,79,595,1,right,0.02285158261656761,0.1682915836572647,0.04117219150066376,0.7520233392715454,0.015661388635635376,0.7970095276832581,0.0,191.0,1572,2,35,0,0,0,100,100,0
1830,7320,594,79,595,3,right+B,0.02294486202299595,0.16899830102920532,0.041656494140625,0.7505620718002319,0.015838367864489555,0.8004783391952515,-1.0,190.0,1573,2,34,0,0,0,100,100,0
1831,7324,594,79,595,3,right+B,0.022804757580161095,0.16856013238430023,0.041369978338479996,0.7514814734458923,0.015783676877617836,0.7982943058013916,0.0,190.0,1574,2,34,0,0,0,100,100,0
1832,7328,594,79,595,1,right,0.022963320836424828,0.1681920289993286,0.041666507720947266,0.7513158321380615,0.01586233638226986,0.7994598150253296,0.0,190.0,1575,2,34,0,0,0,100,100,0
1833,7332,594,79,595,3,right+B,0.02298765815794468,0.16790936887264252,0.04131428897380829,0.7522481679916382,0.015540522523224354,0.7968558073043823,0.0,190.0,1576,2,34,0,0,0,100,100,0
1834,7336,594,79,595,3,right+B,0.02355336770415306,0.17084640264511108,0.042741693556308746,0.7467412948608398,0.01611717976629734,0.8095254302024841,0.0,190.0,1577,2,34,0,0,0,100,100,0
1835,7340,594,79,595,3,right+B,0.02313161827623844,0.16933773458003998,0.04152282699942589,0.750224769115448,0.015783075243234634,0.8010344505310059,-1.0,189.0,1578,2,33,0,0,0,100,100,0
1836,7344,594,79,595,1,right,0.023400194942951202,0.17136725783348083,0.04187670722603798,0.7474033832550049,0.015952493995428085,0.8066468834877014,0.0,189.0,1579,2,33,0,0,0,100,100,0
1837,7348,594,79,595,3,right+B,0.023177845403552055,0.16907146573066711,0.041445016860961914,0.7505574822425842,0.015748191624879837,0.8004385828971863,0.0,189.0,1580,2,33,0,0,0,100,100,0
1838,7352,594,79,595,3,right+B,0.024318665266036987,0.17430314421653748,0.04385272413492203,0.740899384021759,0.01662614569067955,0.8223073482513428,0.0,189.0,1581,2,33,0,0,0,100,100,0
1839,7356,594,93,595,2,right+A,0.02516200765967369,0.1780727207660675,0.045710790902376175,0.7338635921478271,0.017190953716635704,0.8379042148590088,0.0,189.0,1582,2,33,0,0,0,100,100,0
1840,7360,594,109,595,4,right+A+B,0.024822864681482315,0.17705394327640533,0.04490352049469948,0.7362895011901855,0.0169302336871624,0.8320792317390442,-1.0,188.0,1583,2,32,0,0,0,100,100,0
1841,7364,595,121,595,1,right,0.025285378098487854,0.18016910552978516,0.04581620916724205,0.7313523888587952,0.017376886680722237,0.8422614932060242,0.0,188.0,1584,2,32,0,0,0,100,100,0
1842,7368,597,127,597,3,right+B,0.025247178971767426,0.17984427511692047,0.047017890959978104,0.7303627729415894,0.01752789132297039,0.845554530620575,2.0,190.0,0,2,32,0,0,0,100,100,0
1843,7372,600,127,600,1,right,0.025269677862524986,0.18123826384544373,0.04703887924551964,0.728978157043457,0.01747506484389305,0.8474375009536743,3.0,193.0,0,2,32,0,0,0,100,100,0
1844,7376,605,127,605,3,right+B,0.025769894942641258,0.18246884644031525,0.04825484752655029,0.7259086966514587,0.017597759142518044,0.8545907735824585,5.0,198.0,0,2,32,0,0,0,100,100,0
1845,7380,612,127,612,1,right,0.026117177680134773,0.18846330046653748,0.051805417984724045,0.7150876522064209,0.01852654293179512,0.8767751455307007,6.0,204.0,0,2,31,0,0,0,100,100,0
1846,7384,621,127,621,3,right+B,0.02411782741546631,0.18370242416858673,0.0557013563811779,0.7178511619567871,0.018627198413014412,0.8741152882575989,9.0,213.0,0,2,31,0,0,0,100,100,0
1847,7388,631,127,631,3,right+B,0.025137588381767273,0.1821552962064743,0.086382657289505,0.6825577616691589,0.02376669831573963,0.9638806581497192,10.0,223.0,0,2,31,0,0,0,100,100,0
1848,7392,643,145,643,2,right+A,0.03146190568804741,0.1590276062488556,0.489411324262619,0.2353803515434265,0.08471887558698654,1.3005479574203491,12.0,235.0,0,2,31,0,0,0,100,100,0
1849,7396,655,163,655,1,right,0.013629976660013199,0.04314763844013214,0.7990139722824097,0.02399621158838272,0.12021221965551376,0.7176178693771362,12.0,247.0,0,2,31,0,0,0,100,100,0
1850,7400,667,169,667,2,right+A,0.031662385910749435,0.0920616090297699,0.6383132934570312,0.06369851529598236,0.17426417768001556,1.0953395366668701,11.0,258.0,0,2,30,0,0,0,100,100,0
1851,7404,679,162,679,4,right+A+B,0.05676594376564026,0.22025759518146515,0.31561657786369324,0.2376222461462021,0.16973763704299927,1.502579689025879,12.0,270.0,0,2,30,0,0,0,100,100,0
1852,7408,691,142,691,1,right,0.03943539410829544,0.21066321432590485,0.11141394078731537,0.5780186057090759,0.060468874871730804,1.1865967512130737,12.0,282.0,0,2,30,0,0,0,100,100,0
1853,7412,703,120,703,2,right+A,0.04661057889461517,0.19262123107910156,0.31966495513916016,0.2834833860397339,0.157619908452034,1.4733028411865234,12.0,294.0,0,2,30,0,0,0,100,100,0
1854,7416,715,100,715,2,right+A,0.029280509799718857,0.0959148108959198,0.577889084815979,0.08172330260276794,0.21519221365451813,1.1803885698318481,12.0,306.0,0,2,30,0,0,0,100,100,0
1855,7420,722,80,723,0,NOOP,0.041227009147405624,0.145067498087883,0.4814950227737427,0.14699392020702362,0.18521663546562195,1.3575835227966309,7.0,313.0,0,2,29,0,0,0,100,100,0
1856,7424,722,97,723,4,right+A+B,0.057013679295778275,0.23651695251464844,0.303005576133728,0.29233235120773315,0.111131452023983,1.469787836074829,0.0,313.0,1,2,29,0,0,0,100,100,0
1857,7428,722,115,723,3,right+B,0.06185818463563919,0.2642092704772949,0.2016175091266632,0.38818252086639404,0.08413244783878326,1.4222662448883057,0.0,313.0,2,2,29,0,0,0,100,100,0
1858,7432,722,121,723,2,right+A,0.06334178894758224,0.25710007548332214,0.1651083379983902,0.4408186078071594,0.0736311674118042,1.3745399713516235,0.0,313.0,3,2,29,0,0,0,100,100,0
1859,7436,722,114,723,3,right+B,0.06242356449365616,0.26366686820983887,0.1535288691520691,0.45206907391548157,0.0683116465806961,1.3545631170272827,0.0,313.0,4,2,29,0,0,0,100,100,0
1860,7440,722,94,723,3,right+B,0.062004849314689636,0.2655622959136963,0.15597347915172577,0.446248322725296,0.07021105289459229,1.3608940839767456,-1.0,312.0,5,2,28,0,0,0,100,100,0
1861,7444,722,79,723,2,right+A,0.06243787333369255,0.264697790145874,0.15427261590957642,0.4495488107204437,0.06904292851686478,1.357317566871643,0.0,312.0,6,2,28,0,0,0,100,100,0
1862,7448,722,79,723,3,right+B,0.060757528990507126,0.26192712783813477,0.139133021235466,0.4728866517543793,0.06529565155506134,1.327815294265747,0.0,312.0,7,2,28,0,0,0,100,100,0
1863,7452,722,93,723,2,right+A,0.06138322874903679,0.2640942633152008,0.14227356016635895,0.4659847021102905,0.06626415252685547,1.3360340595245361,0.0,312.0,8,2,28,0,0,0,100,100,0
1864,7456,722,108,723,3,right+B,0.06322196125984192,0.2682681977748871,0.15719330310821533,0.4404056966304779,0.07091082632541656,1.3672046661376953,0.0,312.0,9,2,28,0,0,0,100,100,0
1865,7460,722,112,723,3,right+B,0.06279293447732925,0.26962748169898987,0.16191466152668,0.4351513683795929,0.07051359117031097,1.3710768222808838,-1.0,311.0,10,2,27,0,0,0,100,100,0
1866,7464,722,106,723,3,right+B,0.06237606704235077,0.26740434765815735,0.15709803998470306,0.44450506567955017,0.06861650198698044,1.3607831001281738,0.0,311.0,11,2,27,0,0,0,100,100,0
1867,7468,722,89,723,2,right+A,0.06285833567380905,0.2650694251060486,0.15837638080120087,0.4438648819923401,0.06983093172311783,1.3641135692596436,0.0,311.0,12,2,27,0,0,0,100,100,0
1868,7472,722,79,723,3,right+B,0.06367570161819458,0.26929280161857605,0.1668238639831543,0.42806699872016907,0.0721406415104866,1.380283236503601,0.0,311.0,13,2,27,0,0,0,100,100,0
1869,7476,722,79,723,3,right+B,0.06452972441911697,0.26750117540359497,0.16430889070034027,0.43152981996536255,0.07213036715984344,1.3786470890045166,0.0,311.0,14,2,27,0,0,0,100,100,0
1870,7480,722,93,723,2,right+A,0.06274326145648956,0.2669525742530823,0.14965176582336426,0.45323604345321655,0.06741631776094437,1.3510105609893799,-1.0,310.0,15,2,26,0,0,0,100,100,0
1871,7484,722,108,723,0,NOOP,0.06550738215446472,0.2697271406650543,0.16507777571678162,0.428304523229599,0.07138323783874512,1.3809411525726318,0.0,310.0,16,2,26,0,0,0,100,100,0
1872,7488,722,112,723,3,right+B,0.06673119217157364,0.26743146777153015,0.16813890635967255,0.4224468767642975,0.07525153458118439,1.3918343782424927,0.0,310.0,17,2,26,0,0,0,100,100,0
1873,7492,722,106,723,1,right,0.06820259988307953,0.26919570565223694,0.1710824966430664,0.41458871960639954,0.07693050056695938,1.400825023651123,0.0,310.0,18,2,26,0,0,0,100,100,0
1874,7496,722,89,723,1,right,0.06973594427108765,0.2721846401691437,0.17083942890167236,0.409723162651062,0.07751677185297012,1.4055907726287842,0.0,310.0,19,2,26,0,0,0,100,100,0
1875,7500,722,79,723,3,right+B,0.07072325795888901,0.2787191569805145,0.16805443167686462,0.4046708941459656,0.07783230394124985,1.4079612493515015,-1.0,309.0,20,2,25,0,0,0,100,100,0
1876,7504,722,79,723,1,right,0.07228986918926239,0.2808946371078491,0.16399194300174713,0.40530925989151,0.07751429826021194,1.4073346853256226,0.0,309.0,21,2,25,0,0,0,100,100,0
1877,7508,722,93,723,4,right+A+B,0.0718955248594284,0.2853035032749176,0.16244284808635712,0.4023369550704956,0.07802117615938187,1.4076528549194336,0.0,309.0,22,2,25,0,0,0,100,100,0
1878,7512,722,109,723,4,right+A+B,0.07329866290092468,0.29123014211654663,0.18030038475990295,0.37226805090904236,0.08290274441242218,1.4339852333068848,0.0,309.0,23,2,25,0,0,0,100,100,0
1879,7516,722,121,723,1,right,0.07457238435745239,0.29415756464004517,0.17632949352264404,0.3715421259403229,0.08339846134185791,1.4345675706863403,0.0,309.0,24,2,25,0,0,0,100,100,0
1880,7520,722,122,723,2,right+A,0.07498304545879364,0.2933938205242157,0.19072696566581726,0.3549920618534088,0.0859040915966034,1.4485366344451904,-1.0,308.0,25,2,24,0,0,0,100,100,0
1881,7524,722,113,723,1,right,0.07313413172960281,0.2917528450489044,0.1757195144891739,0.3796103298664093,0.07978316396474838,1.4256489276885986,0.0,308.0,26,2,24,0,0,0,100,100,0
1882,7528,722,94,723,0,NOOP,0.07111193984746933,0.29080694913864136,0.17538383603096008,0.38482046127319336,0.07787685096263885,1.4187490940093994,0.0,308.0,27,2,24,0,0,0,100,100,0
1883,7532,722,79,723,1,right,0.06938321143388748,0.28532934188842773,0.17237260937690735,0.3941497802734375,0.07876504212617874,1.4131320714950562,0.0,308.0,28,2,24,0,0,0,100,100,0
1884,7536,722,79,723,1,right,0.06742611527442932,0.2842215895652771,0.16584166884422302,0.4088040292263031,0.07370661199092865,1.3952372074127197,0.0,308.0,29,2,24,0,0,0,100,100,0
1885,7540,722,79,723,3,right+B,0.06527241319417953,0.27586907148361206,0.16302883625030518,0.42522305250167847,0.07060663402080536,1.379896879196167,-1.0,307.0,30,2,23,0,0,0,100,100,0
1886,7544,722,79,723,1,right,0.06121118739247322,0.26977717876434326,0.1541551798582077,0.4494078457355499,0.06544859707355499,1.3505706787109375,0.0,307.0,31,2,23,0,0,0,100,100,0
1887,7548,722,79,723,1,right,0.06186160817742348,0.2708343267440796,0.15480779111385345,0.44610071182250977,0.06639555841684341,1.3549038171768188,0.0,307.0,32,2,23,0,0,0,100,100,0
1888,7552,722,93,723,2,right+A,0.06141560897231102,0.2711041569709778,0.15428800880908966,0.4460301101207733,0.06716207414865494,1.3550605773925781,0.0,307.0,33,2,23,0,0,0,100,100,0
1889,7556,722,109,723,2,right+A,0.06370604783296585,0.27292340993881226,0.1642765998840332,0.4279578924179077,0.07113601267337799,1.3777835369110107,0.0,307.0,34,2,23,0,0,0,100,100,0
1890,7560,722,122,723,2,right+A,0.06355641037225723,0.26947686076164246,0.16516993939876556,0.4296902120113373,0.07210662215948105,1.3785107135772705,-1.0,306.0,35,2,22,0,0,0,100,100,0
1891,7564,722,130,723,3,right+B,0.06356745213270187,0.26947465538978577,0.17304985225200653,0.4199683368206024,0.07393971085548401,1.3890175819396973,0.0,306.0,36,2,22,0,0,0,100,100,0
1892,7568,722,129,723,1,right,0.06342995911836624,0.27077898383140564,0.17499564588069916,0.41612938046455383,0.07466603815555573,1.3922878503799438,0.0,306.0,37,2,22,0,0,0,100,100,0
1893,7572,722,117,723,1,right,0.06228858232498169,0.2690466344356537,0.16971847414970398,0.4253508150577545,0.07359546422958374,1.38278067111969,0.0,306.0,38,2,22,0,0,0,100,100,0
1894,7576,722,97,723,1,right,0.06337743997573853,0.2696349024772644,0.1767086535692215,0.4123924970626831,0.0778864175081253,1.3986178636550903,0.0,306.0,39,2,22,0,0,0,100,100,0
1895,7580,722,79,723,3,right+B,0.06313566118478775,0.2702135145664215,0.1787766069173813,0.4103505611419678,0.07752358168363571,1.399539589881897,-1.0,305.0,40,2,21,0,0,0,100,100,0
1896,7584,722,79,723,3,right+B,0.06289977580308914,0.2702295184135437,0.16726142168045044,0.4261646568775177,0.073444664478302,1.3819503784179688,0.0,305.0,41,2,21,0,0,0,100,100,0
1897,7588,722,79,723,3,right+B,0.0616905502974987,0.26768672466278076,0.1514911949634552,0.45220616459846497,0.06692531704902649,1.350395917892456,0.0,305.0,42,2,21,0,0,0,100,100,0
1898,7592,722,93,723,4,right+A+B,0.06165873631834984,0.27007192373275757,0.14580628275871277,0.45798033475875854,0.06448264420032501,1.340498924255371,0.0,305.0,43,2,21,0,0,0,100,100,0
1899,7596,722,108,723,3,right+B,0.06424303352832794,0.2701426148414612,0.1604200005531311,0.4359908103942871,0.06920347362756729,1.3702315092086792,0.0,305.0,44,2,21,0,0,0,100,100,0
1900,7600,722,112,723,3,right+B,0.06526120007038116,0.2721732556819916,0.1620190590620041,0.4286668002605438,0.07187975198030472,1.379541277885437,-1.0,304.0,45,2,20,0,0,0,100,100,0
1901,7604,722,106,723,3,right+B,0.06394404917955399,0.2740272581577301,0.15673983097076416,0.4342522621154785,0.07103658467531204,1.3711142539978027,0.0,304.0,46,2,20,0,0,0,100,100,0
1902,7608,722,89,723,3,right+B,0.06812606006860733,0.27784717082977295,0.16060149669647217,0.41791975498199463,0.07550550997257233,1.3922535181045532,0.0,304.0,47,2,20,0,0,0,100,100,0
1903,7612,722,79,723,4,right+A+B,0.07103463262319565,0.28314945101737976,0.16375869512557983,0.4053102731704712,0.07674694806337357,1.404492974281311,0.0,304.0,48,2,20,0,0,0,100,100,0
1904,7616,722,79,723,1,right,0.07210004329681396,0.28460419178009033,0.16609878838062286,0.3983819782733917,0.07881499081850052,1.4123170375823975,0.0,304.0,49,2,20,0,0,0,100,100,0
1905,7620,722,79,723,3,right+B,0.0741310641169548,0.28952810168266296,0.16952981054782867,0.3873886466026306,0.07942239195108414,1.4211690425872803,-1.0,303.0,50,2,19,0,0,0,100,100,0
1906,7624,722,79,723,1,right,0.07554861903190613,0.2852611243724823,0.18428389728069305,0.37311679124832153,0.08178956061601639,1.4372442960739136,0.0,303.0,51,2,19,0,0,0,100,100,0
1907,7628,722,79,723,3,right+B,0.07528812438249588,0.2841896116733551,0.17969542741775513,0.38019299507141113,0.08063382655382156,1.4314147233963013,0.0,303.0,52,2,19,0,0,0,100,100,0
1908,7632,722,79,723,1,right,0.0746903195977211,0.2841167747974396,0.17256812751293182,0.3897828757762909,0.07884185016155243,1.422019600868225,0.0,303.0,53,2,19,0,0,0,100,100,0
1909,7636,722,79,723,1,right,0.07315186411142349,0.28403985500335693,0.1687878519296646,0.3958470821380615,0.07817336916923523,1.4151973724365234,0.0,303.0,54,2,19,0,0,0,100,100,0
1910,7640,722,93,723,2,right+A,0.07252480834722519,0.2828156352043152,0.1693018674850464,0.3961203098297119,0.07923738658428192,1.4158828258514404,-1.0,302.0,55,2,18,0,0,0,100,100,0
1911,7644,722,108,723,0,NOOP,0.07167880982160568,0.2758994400501251,0.17417483031749725,0.39914649724960327,0.07910038530826569,1.415866732597351,0.0,302.0,56,2,18,0,0,0,100,100,0
1912,7648,722,112,723,2,right+A,0.0694003626704216,0.26725271344184875,0.17279843986034393,0.4135996401309967,0.07694884389638901,1.403670310974121,0.0,302.0,57,2,18,0,0,0,100,100,0
1913,7652,722,106,723,1,right,0.06698326766490936,0.2629571259021759,0.16808700561523438,0.42862170934677124,0.07335086166858673,1.3868197202682495,0.0,302.0,58,2,18,0,0,0,100,100,0
1914,7656,722,89,723,1,right,0.06353642791509628,0.2582862079143524,0.16119912266731262,0.44806814193725586,0.06891007721424103,1.3630058765411377,0.0,302.0,59,2,18,0,0,0,100,100,0
1915,7660,722,79,723,3,right+B,0.06283340603113174,0.2588801383972168,0.15721659362316132,0.4527668058872223,0.06830310821533203,1.356670618057251,-1.0,301.0,60,2,17,0,0,0,100,100,0
1916,7664,722,93,723,2,right+A,0.0616028718650341,0.2568405866622925,0.15701362490653992,0.45657724142074585,0.06796564906835556,1.352210283279419,0.0,301.0,61,2,17,0,0,0,100,100,0
1917,7668,722,109,723,2,right+A,0.0617305263876915,0.2589711844921112,0.16081970930099487,0.45220309495925903,0.06627538055181503,1.3544377088546753,0.0,301.0,62,2,17,0,0,0,100,100,0
1918,7672,722,121,723,3,right+B,0.06364502757787704,0.26285335421562195,0.1630963683128357,0.4409199655056,0.06948524713516235,1.3686391115188599,0.0,301.0,63,2,17,0,0,0,100,100,0
1919,7676,722,122,723,0,NOOP,0.06359366327524185,0.2654164135456085,0.1656436026096344,0.4344753324985504,0.07087100297212601,1.374866008758545,0.0,301.0,64,2,17,0,0,0,100,100,0
1920,7680,722,113,723,3,right+B,0.06309957802295685,0.26512274146080017,0.16099853813648224,0.44077250361442566,0.0700066015124321,1.3676066398620605,-1.0,300.0,65,2,16,0,0,0,100,100,0
1921,7684,722,94,723,3,right+B,0.06259811669588089,0.26538971066474915,0.15727059543132782,0.44668853282928467,0.06805306673049927,1.3593060970306396,0.0,300.0,66,2,16,0,0,0,100,100,0
1922,7688,722,79,723,3,right+B,0.06188131123781204,0.26027911901474,0.14978042244911194,0.46099838614463806,0.06706074625253677,1.3450813293457031,0.0,300.0,67,2,16,0,0,0,100,100,0
1923,7692,722,79,723,3,right+B,0.06221192330121994,0.2624054551124573,0.1467135101556778,0.4633733928203583,0.06529568135738373,1.3400394916534424,0.0,300.0,68,2,16,0,0,0,100,100,0
1924,7696,722,79,723,3,right+B,0.06115113943815231,0.25843173265457153,0.143375962972641,0.47387203574180603,0.06316904723644257,1.327413558959961,0.0,300.0,69,2,16,0,0,0,100,100,0
1925,7700,722,79,723,3,right+B,0.062170542776584625,0.25863686203956604,0.1460508108139038,0.4677662253379822,0.06537556648254395,1.3371583223342896,-1.0,299.0,70,2,15,0,0,0,100,100,0
1926,7704,722,79,723,3,right+B,0.06212395802140236,0.2606717646121979,0.1447100043296814,0.4676247537136078,0.06486957520246506,1.3356976509094238,0.0,299.0,71,2,15,0,0,0,100,100,0
1927,7708,722,79,723,3,right+B,0.06266174465417862,0.2619646191596985,0.1484781801700592,0.46111196279525757,0.06578347831964493,1.3436577320098877,0.0,299.0,72,2,15,0,0,0,100,100,0
1928,7712,722,79,723,3,right+B,0.06238403543829918,0.26318085193634033,0.14964987337589264,0.45975667238235474,0.06502856314182281,1.3436342477798462,0.0,299.0,73,2,15,0,0,0,100,100,0
1929,7716,722,79,723,3,right+B,0.06370460242033005,0.26501166820526123,0.15593455731868744,0.44804033637046814,0.06730884313583374,1.3584668636322021,0.0,299.0,74,2,15,0,0,0,100,100,0
1930,7720,722,79,723,1,right,0.0632062554359436,0.26560720801353455,0.15270136296749115,0.45355093479156494,0.0649341493844986,1.3497810363769531,-1.0,298.0,75,2,14,0,0,0,100,100,0
1931,7724,722,79,723,3,right+B,0.06271447241306305,0.26349398493766785,0.15146303176879883,0.45758843421936035,0.06474003940820694,1.3459222316741943,0.0,298.0,76,2,14,0,0,0,100,100,0
1932,7728,722,79,723,3,right+B,0.06178061291575432,0.26416826248168945,0.15196336805820465,0.45751047134399414,0.0645773634314537,1.3446645736694336,0.0,298.0,77,2,14,0,0,0,100,100,0
1933,7732,722,79,723,0,NOOP,0.061949655413627625,0.26247483491897583,0.1517876535654068,0.4572834074497223,0.06650449335575104,1.3476179838180542,0.0,298.0,78,2,14,0,0,0,100,100,0
1934,7736,722,79,723,3,right+B,0.06264002621173859,0.2633221745491028,0.14957545697689056,0.45736172795295715,0.06710062175989151,1.348154067993164,0.0,298.0,79,2,14,0,0,0,100,100,0
1935,7740,722,79,723,3,right+B,0.06285641342401505,0.26333558559417725,0.1497582495212555,0.4571461081504822,0.06690371781587601,1.3484175205230713,-1.0,297.0,80,2,13,0,0,0,100,100,0
1936,7744,722,79,723,1,right,0.06497374176979065,0.26225757598876953,0.15544408559799194,0.4494851231575012,0.06783938407897949,1.3599520921707153,0.0,297.0,81,2,13,0,0,0,100,100,0
1937,7748,722,79,723,0,NOOP,0.06617745012044907,0.26366177201271057,0.1546669751405716,0.445830374956131,0.06966341286897659,1.3656049966812134,0.0,297.0,82,2,13,0,0,0,100,100,0
1938,7752,722,79,723,3,right+B,0.0681401938199997,0.26665571331977844,0.1580878049135208,0.43480759859085083,0.07230868190526962,1.379183053970337,0.0,297.0,83,2,13,0,0,0,100,100,0
1939,7756,722,93,723,2,right+A,0.06993535161018372,0.27401918172836304,0.15929724276065826,0.4227088391780853,0.07403940707445145,1.3901195526123047,0.0,297.0,84,2,13,0,0,0,100,100,0
1940,7760,722,108,723,3,right+B,0.07106538116931915,0.27547162771224976,0.16580966114997864,0.41266578435897827,0.07498758286237717,1.4005191326141357,-1.0,296.0,85,2,12,0,0,0,100,100,0
1941,7764,722,112,723,3,right+B,0.07277914881706238,0.28015145659446716,0.17163389921188354,0.39802244305610657,0.07741301506757736,1.4144089221954346,0.0,296.0,86,2,12,0,0,0,100,100,0
1942,7768,722,106,723,1,right,0.07172873616218567,0.2836553454399109,0.17052945494651794,0.39730149507522583,0.07678499817848206,1.4118610620498657,0.0,296.0,87,2,12,0,0,0,100,100,0
1943,7772,722,89,723,3,right+B,0.07194089889526367,0.2845723032951355,0.16968131065368652,0.39625346660614014,0.07755206525325775,1.4130676984786987,0.0,296.0,88,2,12,0,0,0,100,100,0
1944,7776,722,79,723,3,right+B,0.07415254414081573,0.2891280949115753,0.17894864082336426,0.3765343725681305,0.08123637735843658,1.4313151836395264,0.0,296.0,89,2,12,0,0,0,100,100,0
1945,7780,722,79,723,1,right,0.07274828851222992,0.2870292365550995,0.17209774255752563,0.3906198740005493,0.07750483602285385,1.417158603668213,-1.0,295.0,90,2,11,0,0,0,100,100,0
1946,7784,722,93,723,2,right+A,0.06970271468162537,0.28260698914527893,0.16208693385124207,0.412803590297699,0.07279980182647705,1.3937015533447266,0.0,295.0,91,2,11,0,0,0,100,100,0
1947,7788,722,108,723,1,right,0.06971421837806702,0.27873098850250244,0.17286226153373718,0.40230095386505127,0.07639159262180328,1.4079601764678955,0.0,295.0,92,2,11,0,0,0,100,100,0
1948,7792,722,112,723,3,right+B,0.06994935125112534,0.2786315679550171,0.172507181763649,0.40259960293769836,0.07631225883960724,1.4079031944274902,0.0,295.0,93,2,11,0,0,0,100,100,0
1949,7796,722,106,723,1,right,0.06586374342441559,0.26905351877212524,0.17029361426830292,0.4228617548942566,0.07192742824554443,1.3871263265609741,0.0,295.0,94,2,11,0,0,0,100,100,0
1950,7800,722,89,723,0,NOOP,0.0642012357711792,0.2647194564342499,0.16938820481300354,0.4300154447555542,0.07167564332485199,1.3806867599487305,-1.0,294.0,95,2,10,0,0,0,100,100,0
1951,7804,722,79,723,2,right+A,0.06327608972787857,0.26706305146217346,0.16602906584739685,0.433819979429245,0.06981177628040314,1.3735034465789795,0.0,294.0,96,2,10,0,0,0,100,100,0
1952,7808,722,79,723,3,right+B,0.062301155179739,0.2646465301513672,0.15985548496246338,0.4458684027194977,0.06732840090990067,1.3596426248550415,0.0,294.0,97,2,10,0,0,0,100,100,0
1953,7810,722,79,723,0,NOOP,0.06252943724393845,0.2657604217529297,0.15463018417358398,0.4503021240234375,0.06677787750959396,1.3541592359542847,-15.0,279.0,98,2,10,0,1,0,100,100,0
