decision,raw_frames,x,y,max_x,action,action_name,prob_0,prob_1,prob_2,prob_3,prob_4,action_entropy_nats,native_reward,native_reward_sum,no_progress_decisions,life,game_time,flag_get,terminated,truncated,game_score,score_gain,coins
1,4,40,79,40,3,right+B,0.03565302491188049,0.21899856626987457,0.10238822549581528,0.6052387356758118,0.0377214178442955,1.1123393774032593,0.0,0.0,1,2,400,0,0,0,0,0,0
2,8,43,79,43,1,right,0.035570673644542694,0.21903777122497559,0.10225701332092285,0.605468213558197,0.037666384130716324,1.111759901046753,3.0,3.0,0,2,400,0,0,0,0,0,0
3,12,47,79,47,3,right+B,0.03556426987051964,0.21905864775180817,0.10242541134357452,0.6051942110061646,0.03775744140148163,1.1123149394989014,4.0,7.0,0,2,400,0,0,0,0,0,0
4,16,53,79,53,3,right+B,0.035867154598236084,0.21983861923217773,0.10368877649307251,0.6025620698928833,0.038043323904275894,1.1169860363006592,6.0,13.0,0,2,400,0,0,0,0,0,0
5,20,60,93,60,2,right+A,0.03536425530910492,0.21860559284687042,0.10199443995952606,0.6065622568130493,0.03747342526912689,1.109729528427124,6.0,19.0,0,2,399,0,0,0,0,0,0
6,24,67,109,67,2,right+A,0.03504738584160805,0.2184624820947647,0.10132037103176117,0.6072914600372314,0.03787827864289284,1.1086020469665527,7.0,26.0,0,2,399,0,0,0,0,0,0
7,28,74,121,74,3,right+B,0.035015400499105453,0.21692965924739838,0.10410457104444504,0.6054580807685852,0.03849228471517563,1.1135821342468262,7.0,33.0,0,2,399,0,0,0,0,0,0
8,32,81,125,81,2,right+A,0.03516743704676628,0.22112952172756195,0.10360676795244217,0.6015133857727051,0.03858296945691109,1.1176446676254272,7.0,40.0,0,2,399,0,0,0,0,0,0
9,36,88,119,88,3,right+B,0.035114504396915436,0.22082193195819855,0.1030963808298111,0.6029176712036133,0.038049452006816864,1.1148165464401245,7.0,47.0,0,2,399,0,0,0,0,0,0
10,40,95,105,95,2,right+A,0.03886928781867027,0.24037805199623108,0.12343567609786987,0.552123486995697,0.045193497091531754,1.1950384378433228,6.0,53.0,0,2,398,0,0,0,0,0,0
11,44,102,85,102,1,right,0.04507185146212578,0.26196879148483276,0.1650102287530899,0.46756160259246826,0.0603875070810318,1.3128795623779297,7.0,60.0,0,2,398,0,0,0,0,0,0
12,48,109,79,109,4,right+A+B,0.0534232072532177,0.27266058325767517,0.23422572016716003,0.34732910990715027,0.09236133843660355,1.4381089210510254,7.0,67.0,0,2,398,0,0,0,0,0,0
13,52,118,79,118,2,right+A,0.05097111314535141,0.27913886308670044,0.24060435593128204,0.33619076013565063,0.09309489279985428,1.4381682872772217,9.0,76.0,0,2,398,0,0,0,0,0,0
14,56,128,79,128,1,right,0.05156942456960678,0.26819872856140137,0.3550741374492645,0.20423920452594757,0.12091846019029617,1.4533886909484863,10.0,86.0,0,2,398,0,0,0,0,0,0
15,60,138,79,138,1,right,0.046777404844760895,0.2929116487503052,0.3114127814769745,0.22311986982822418,0.12577837705612183,1.4616740942001343,9.0,95.0,0,2,397,0,0,0,0,0,0
16,64,145,79,145,1,right,0.045874353498220444,0.3636518716812134,0.18882273137569427,0.32439950108528137,0.07725157588720322,1.3870097398757935,7.0,102.0,0,2,397,0,0,0,0,0,0
17,68,152,93,152,2,right+A,0.04265966638922691,0.33659985661506653,0.15283025801181793,0.39927318692207336,0.06863702088594437,1.3386106491088867,7.0,109.0,0,2,397,0,0,0,0,0,0
18,72,159,108,159,1,right,0.0343768373131752,0.3522666394710541,0.10334758460521698,0.46215882897377014,0.04785006865859032,1.2201344966888428,7.0,116.0,0,2,397,0,0,0,0,0,0
19,76,166,114,166,1,right,0.03751101717352867,0.34396377205848694,0.08603083342313766,0.4881038963794708,0.04439042881131172,1.1896213293075562,7.0,123.0,0,2,397,0,0,0,0,0,0
20,80,173,112,173,3,right+B,0.028766479343175888,0.29117661714553833,0.05069773644208908,0.5881643295288086,0.04119478538632393,1.056070327758789,6.0,129.0,0,2,396,0,0,0,0,0,0
21,84,180,100,180,3,right+B,0.026418201625347137,0.2676634192466736,0.0367143414914608,0.6336566209793091,0.03554743155837059,0.9778310656547546,7.0,136.0,0,2,396,0,0,0,0,0,0
22,88,187,79,187,3,right+B,0.03186164051294327,0.2839334309101105,0.0454833060503006,0.59028160572052,0.04843996837735176,1.0656636953353882,7.0,143.0,0,2,396,0,0,0,0,0,0
23,92,195,79,195,1,right,0.041752710938453674,0.3039713501930237,0.06861338019371033,0.5093953609466553,0.07626713067293167,1.2182927131652832,8.0,151.0,0,2,396,0,0,0,0,0,0
24,96,205,79,205,3,right+B,0.042591292411088943,0.2856224775314331,0.09802350401878357,0.47849494218826294,0.09526778012514114,1.2966797351837158,10.0,161.0,0,2,396,0,0,0,0,0,0
25,100,216,97,216,4,right+A+B,0.03904445469379425,0.22558563947677612,0.22708730399608612,0.3393067717552185,0.168975830078125,1.4663505554199219,10.0,171.0,0,2,395,0,0,0,0,0,0
26,104,228,117,228,2,right+A,0.01857391558587551,0.07324359565973282,0.5611204504966736,0.05055297538638115,0.2965089976787567,1.101064682006836,12.0,183.0,0,2,395,0,0,0,0,0,0
27,108,240,133,240,4,right+A+B,0.011131469160318375,0.0358457937836647,0.6620466709136963,0.014422575011849403,0.27655351161956787,0.8590287566184998,12.0,195.0,0,2,395,0,0,0,0,0,0
28,112,252,147,252,2,right+A,0.01608843170106411,0.05379994586110115,0.6151401996612549,0.019109882414340973,0.2958615720272064,0.9585162401199341,12.0,207.0,0,2,395,0,0,0,0,0,0
29,116,264,154,264,1,right,0.036860499531030655,0.16210170090198517,0.4125250279903412,0.1140916720032692,0.2744211256504059,1.3844016790390015,12.0,219.0,0,2,395,0,0,0,0,0,0
30,120,276,150,276,2,right+A,0.049974068999290466,0.2770117223262787,0.23408138751983643,0.30141741037368774,0.1375153511762619,1.4795507192611694,11.0,230.0,0,2,394,0,0,0,0,0,0
31,124,288,133,288,3,right+B,0.0479806549847126,0.294376939535141,0.19880041480064392,0.34128502011299133,0.11755696684122086,1.4454238414764404,12.0,242.0,0,2,394,0,0,0,0,0,0
32,128,300,113,300,1,right,0.053149860352277756,0.23520562052726746,0.3667050898075104,0.15832680463790894,0.1866125613451004,1.469346523284912,12.0,254.0,0,2,394,0,0,0,0,0,0
33,132,312,93,312,1,right,0.03992675244808197,0.12175219506025314,0.5342206358909607,0.05053733289241791,0.2535630464553833,1.2186827659606934,12.0,266.0,0,2,394,0,0,0,0,0,0
34,136,324,90,324,1,right,0.040204837918281555,0.2171824872493744,0.09690213948488235,0.6018871068954468,0.0438234768807888,1.129656195640564,12.0,278.0,0,2,394,0,0,0,0,0,0
35,140,336,94,336,3,right+B,0.020457040518522263,0.1528814136981964,0.04200955480337143,0.7719463109970093,0.01270567998290062,0.7551361322402954,12.0,290.0,0,2,393,0,0,0,100,100,0
36,144,348,86,348,3,right+B,0.013526574708521366,0.12233622372150421,0.03174625337123871,0.8251181840896606,0.0072726896032691,0.6191756725311279,12.0,302.0,0,2,393,0,0,0,100,100,0
37,148,360,79,360,3,right+B,0.017964884638786316,0.16276514530181885,0.073999784886837,0.7328907251358032,0.012379401363432407,0.8424900770187378,12.0,314.0,0,2,393,0,0,0,100,100,0
38,152,372,79,372,3,right+B,0.02836225926876068,0.20174701511859894,0.13100719451904297,0.6144669651985168,0.02441665716469288,1.0801554918289185,12.0,326.0,0,2,393,0,0,0,100,100,0
39,156,384,79,384,3,right+B,0.0374671071767807,0.23391324281692505,0.2775481045246124,0.4030041992664337,0.048067398369312286,1.3307790756225586,12.0,338.0,0,2,393,0,0,0,100,100,0
40,160,396,97,396,2,right+A,0.029986940324306488,0.1566484570503235,0.6236005425453186,0.09500740468502045,0.09475662559270859,1.1369608640670776,11.0,349.0,0,2,392,0,0,0,100,100,0
41,164,408,117,408,2,right+A,0.01764662005007267,0.08868078142404556,0.7466467022895813,0.033327993005514145,0.11369790136814117,0.8647972941398621,12.0,361.0,0,2,392,0,0,0,100,100,0
42,168,420,132,420,3,right+B,0.03555266931653023,0.19520805776119232,0.5430987477302551,0.10150163620710373,0.12463881820440292,1.2608249187469482,12.0,373.0,0,2,392,0,0,0,100,100,0
43,172,432,134,432,3,right+B,0.05039802938699722,0.29942113161087036,0.28035831451416016,0.2710607051849365,0.09876182675361633,1.4506646394729614,12.0,385.0,0,2,392,0,0,0,100,100,0
44,176,444,123,444,1,right,0.04651753976941109,0.3504423201084137,0.19676923751831055,0.3336394429206848,0.07263148576021194,1.3867639303207397,12.0,397.0,0,2,392,0,0,0,100,100,0
45,180,455,111,455,1,right,0.037499912083148956,0.3653668165206909,0.12806174159049988,0.42814749479293823,0.0409240759909153,1.2481839656829834,10.0,407.0,0,2,391,0,0,0,100,100,0
46,184,463,111,463,3,right+B,0.023066217079758644,0.34980151057243347,0.06075824797153473,0.5506978631019592,0.015676071867346764,1.0182210206985474,8.0,415.0,0,2,391,0,0,0,100,100,0
47,188,472,111,472,3,right+B,0.016476670280098915,0.301047682762146,0.039223283529281616,0.633674681186676,0.009577641263604164,0.8896924257278442,9.0,424.0,0,2,391,0,0,0,100,100,0
48,192,483,110,483,3,right+B,0.01651657558977604,0.326133131980896,0.03385867178440094,0.6150186657905579,0.0084729865193367,0.887205958366394,11.0,435.0,0,2,391,0,0,0,100,100,0
49,196,495,99,495,3,right+B,0.014644543640315533,0.31461983919143677,0.026642177253961563,0.6371662616729736,0.006927212700247765,0.8438929319381714,12.0,447.0,0,2,391,0,0,0,100,100,0
50,200,507,79,507,3,right+B,0.016273178160190582,0.30872902274131775,0.030411943793296814,0.6347323060035706,0.009853565134108067,0.8701313138008118,11.0,458.0,0,2,390,0,0,0,100,100,0
51,204,519,79,519,3,right+B,0.027812616899609566,0.3813753128051758,0.1084461361169815,0.43586277961730957,0.046503156423568726,1.212815523147583,12.0,470.0,0,2,390,0,0,0,100,100,0
52,208,531,79,531,3,right+B,0.03127549961209297,0.2594372034072876,0.3201978802680969,0.16046079993247986,0.22862857580184937,1.4540300369262695,12.0,482.0,0,2,390,0,0,0,100,100,0
53,212,543,79,543,1,right,0.025871681049466133,0.15427759289741516,0.34827470779418945,0.10630997270345688,0.3652660846710205,1.3563963174819946,12.0,494.0,0,2,390,0,0,0,100,100,0
54,216,555,97,555,4,right+A+B,0.029434693977236748,0.16617420315742493,0.32340577244758606,0.15962933003902435,0.32135605812072754,1.424795389175415,12.0,506.0,0,2,390,0,0,0,100,100,0
55,220,567,115,567,3,right+B,0.03333193436264992,0.24674014747142792,0.07895847409963608,0.5498904585838318,0.0910789966583252,1.206207513809204,11.0,517.0,0,2,389,0,0,0,100,100,0
56,224,579,121,579,3,right+B,0.03961694613099098,0.27133169770240784,0.07258707284927368,0.5403035283088684,0.07616069167852402,1.2009562253952026,12.0,529.0,0,2,389,0,0,0,100,100,0
57,228,591,114,591,3,right+B,0.042130157351493835,0.2516126036643982,0.06250278651714325,0.5859077572822571,0.057846736162900925,1.1319918632507324,12.0,541.0,0,2,389,0,0,0,100,100,0
58,232,594,94,596,3,right+B,0.03876863047480583,0.23078350722789764,0.06125493720173836,0.6264941096305847,0.04269888624548912,1.0630760192871094,5.0,546.0,0,2,389,0,0,0,100,100,0
59,236,594,79,596,3,right+B,0.026670578867197037,0.18275751173496246,0.04527398943901062,0.719773530960083,0.025524403899908066,0.8776986002922058,0.0,546.0,1,2,389,0,0,0,100,100,0
60,240,594,79,596,3,right+B,0.029087243601679802,0.21002478897571564,0.0720989927649498,0.6632310152053833,0.02555795945227146,0.9863044619560242,-1.0,545.0,2,2,388,0,0,0,100,100,0
61,244,594,79,596,3,right+B,0.03076881542801857,0.22438684105873108,0.11024725437164307,0.6043534874916077,0.03024357743561268,1.0956889390945435,0.0,545.0,3,2,388,0,0,0,100,100,0
62,248,594,79,596,3,right+B,0.03268088027834892,0.2268538624048233,0.14171473681926727,0.5601764917373657,0.03857412561774254,1.1754180192947388,0.0,545.0,4,2,388,0,0,0,100,100,0
63,252,594,79,596,1,right,0.03476662561297417,0.2325727939605713,0.16433900594711304,0.52385014295578,0.04447149857878685,1.2299022674560547,0.0,545.0,5,2,388,0,0,0,100,100,0
64,256,594,79,596,3,right+B,0.034236304461956024,0.23371531069278717,0.14630968868732452,0.5459802746772766,0.039758387953042984,1.1951121091842651,0.0,545.0,6,2,388,0,0,0,100,100,0
65,260,594,79,596,3,right+B,0.033521197736263275,0.2325013130903244,0.13136646151542664,0.5660095810890198,0.03660150617361069,1.1628601551055908,-1.0,544.0,7,2,387,0,0,0,100,100,0
66,264,594,79,596,1,right,0.03348532319068909,0.22870300710201263,0.12615324556827545,0.5758782625198364,0.035780154168605804,1.1492847204208374,0.0,544.0,8,2,387,0,0,0,100,100,0
67,268,594,79,596,1,right,0.03259316831827164,0.2256912738084793,0.11745830625295639,0.5903183221817017,0.03393891826272011,1.1250808238983154,0.0,544.0,9,2,387,0,0,0,100,100,0
68,272,594,93,596,2,right+A,0.030849382281303406,0.221053808927536,0.11125355213880539,0.6041967868804932,0.032646480947732925,1.1014125347137451,0.0,544.0,10,2,387,0,0,0,100,100,0
69,276,594,108,596,3,right+B,0.030819740146398544,0.22343172132968903,0.11404386162757874,0.5981869101524353,0.03351782262325287,1.1108906269073486,0.0,544.0,11,2,387,0,0,0,100,100,0
70,280,594,112,596,3,right+B,0.030508102849125862,0.22227971255779266,0.11318842321634293,0.6008210182189941,0.03320278599858284,1.106490969657898,-1.0,543.0,12,2,386,0,0,0,100,100,0
71,284,594,106,596,3,right+B,0.031529445201158524,0.2256743311882019,0.1292266696691513,0.5767117738723755,0.036857858300209045,1.148452639579773,0.0,543.0,13,2,386,0,0,0,100,100,0
72,288,594,89,596,3,right+B,0.03117741271853447,0.22610925137996674,0.13372519612312317,0.5705593228340149,0.03842882066965103,1.1587412357330322,0.0,543.0,14,2,386,0,0,0,100,100,0
73,292,594,79,596,3,right+B,0.03081195056438446,0.22321292757987976,0.1252083033323288,0.5846933126449585,0.03607349470257759,1.135741949081421,0.0,543.0,15,2,386,0,0,0,100,100,0
74,296,594,79,596,1,right,0.031293150037527084,0.22526702284812927,0.12125759571790695,0.5867351293563843,0.03544707968831062,1.1312174797058105,0.0,543.0,16,2,386,0,0,0,100,100,0
75,300,594,79,596,1,right,0.02988402359187603,0.21774539351463318,0.1162707731127739,0.6020252704620361,0.03407451510429382,1.1076844930648804,-1.0,542.0,17,2,385,0,0,0,100,100,0
76,304,594,79,596,3,right+B,0.03002024069428444,0.21796633303165436,0.11501207947731018,0.6027929782867432,0.03420837223529816,1.1066248416900635,0.0,542.0,18,2,385,0,0,0,100,100,0
77,308,594,93,596,2,right+A,0.030605431646108627,0.21837443113327026,0.12036066502332687,0.5947577357292175,0.0359017439186573,1.1222906112670898,0.0,542.0,19,2,385,0,0,0,100,100,0
78,312,594,109,596,2,right+A,0.03050803951919079,0.21852271258831024,0.12105568498373032,0.5935150980949402,0.03639857843518257,1.1246484518051147,0.0,542.0,20,2,385,0,0,0,100,100,0
79,316,594,121,596,3,right+B,0.03076903335750103,0.2198195606470108,0.12015431374311447,0.5929956436157227,0.03626135364174843,1.1248937845230103,0.0,542.0,21,2,385,0,0,0,100,100,0
80,320,595,122,596,3,right+B,0.03113694302737713,0.2207050323486328,0.12718930840492249,0.5829681754112244,0.03800061345100403,1.1426197290420532,-1.0,541.0,22,2,384,0,0,0,100,100,0
81,324,594,113,596,1,right,0.03110356628894806,0.22174115478992462,0.1257045716047287,0.5845091938972473,0.03694154694676399,1.13834810256958,0.0,541.0,23,2,384,0,0,0,100,100,0
82,328,594,94,596,1,right,0.03146788477897644,0.22391223907470703,0.129686176776886,0.5774655938148499,0.03746810182929039,1.1489728689193726,0.0,541.0,24,2,384,0,0,0,100,100,0
83,332,594,79,596,3,right+B,0.030427811667323112,0.2195032835006714,0.12026820331811905,0.5947545170783997,0.03504623845219612,1.1203314065933228,0.0,541.0,25,2,384,0,0,0,100,100,0
84,336,594,93,596,2,right+A,0.03002299554646015,0.21961291134357452,0.11688335239887238,0.5996696352958679,0.033811088651418686,1.110236406326294,0.0,541.0,26,2,384,0,0,0,100,100,0
85,340,594,108,596,1,right,0.030026618391275406,0.2186051607131958,0.11956866085529327,0.5966209769248962,0.035178571939468384,1.1174901723861694,-1.0,540.0,27,2,383,0,0,0,100,100,0
86,344,594,112,596,3,right+B,0.031833358108997345,0.22466792166233063,0.12464462965726852,0.5817362070083618,0.03711787611246109,1.1421444416046143,0.0,540.0,28,2,383,0,0,0,100,100,0
87,348,594,106,596,3,right+B,0.030974941328167915,0.22022373974323273,0.12476126104593277,0.5882194638252258,0.035820722579956055,1.1319172382354736,0.0,540.0,29,2,383,0,0,0,100,100,0
88,352,594,89,596,3,right+B,0.030718522146344185,0.2202809453010559,0.11558099836111069,0.5993664264678955,0.03405310586094856,1.1115392446517944,0.0,540.0,30,2,383,0,0,0,100,100,0
89,356,594,79,596,3,right+B,0.03076080046594143,0.21903996169567108,0.10976409167051315,0.6084598302841187,0.03197532892227173,1.0946038961410522,0.0,540.0,31,2,383,0,0,0,100,100,0
90,360,594,79,596,3,right+B,0.031744927167892456,0.2216005176305771,0.11059915274381638,0.6042035818099976,0.03185174986720085,1.1011743545532227,-1.0,539.0,32,2,382,0,0,0,100,100,0
91,364,594,79,596,3,right+B,0.03239494189620018,0.22303897142410278,0.11099975556135178,0.6012952923774719,0.03227098286151886,1.1064244508743286,0.0,539.0,33,2,382,0,0,0,100,100,0
92,368,594,79,596,1,right,0.03262665495276451,0.22547166049480438,0.11076734960079193,0.5987570881843567,0.032377198338508606,1.1094119548797607,0.0,539.0,34,2,382,0,0,0,100,100,0
93,372,594,79,596,3,right+B,0.03260050341486931,0.22388918697834015,0.11302299797534943,0.5973708033561707,0.03311658650636673,1.113715648651123,0.0,539.0,35,2,382,0,0,0,100,100,0
94,376,594,79,596,1,right,0.033220503479242325,0.22988691926002502,0.11873500049114227,0.583702027797699,0.034455616027116776,1.1343762874603271,0.0,539.0,36,2,382,0,0,0,100,100,0
95,380,594,79,596,3,right+B,0.03439102694392204,0.23550772666931152,0.12293399125337601,0.5707483291625977,0.03641894832253456,1.1548495292663574,-1.0,538.0,37,2,381,0,0,0,100,100,0
96,384,594,79,596,1,right,0.03345216438174248,0.23177464306354523,0.12075264751911163,0.5787332057952881,0.035287290811538696,1.1423089504241943,0.0,538.0,38,2,381,0,0,0,100,100,0
97,388,594,93,596,2,right+A,0.032550711184740067,0.23096908628940582,0.1140756905078888,0.5893477201461792,0.03305684030056,1.1219288110733032,0.0,538.0,39,2,381,0,0,0,100,100,0
98,392,594,108,596,3,right+B,0.03268018364906311,0.2299831211566925,0.11048120260238647,0.5937975645065308,0.03305792808532715,1.1154042482376099,0.0,538.0,40,2,381,0,0,0,100,100,0
99,396,594,112,596,2,right+A,0.031147535890340805,0.22317174077033997,0.11120686680078506,0.6020547151565552,0.032419197261333466,1.1036704778671265,0.0,538.0,41,2,381,0,0,0,100,100,0
100,400,594,106,596,3,right+B,0.032207753509283066,0.22714723646640778,0.13258697092533112,0.5711891055107117,0.036868877708911896,1.1567806005477905,-1.0,537.0,42,2,380,0,0,0,100,100,0
101,404,594,89,596,2,right+A,0.032057348638772964,0.22783471643924713,0.12805697321891785,0.5752822160720825,0.03676870837807655,1.1499972343444824,0.0,537.0,43,2,380,0,0,0,100,100,0
102,408,594,79,596,2,right+A,0.03155168890953064,0.2248804271221161,0.12789924442768097,0.5799738764762878,0.03569471091032028,1.1425518989562988,0.0,537.0,44,2,380,0,0,0,100,100,0
103,412,594,79,596,3,right+B,0.032840095460414886,0.23128090798854828,0.12707188725471497,0.5739575028419495,0.034849535673856735,1.1485995054244995,0.0,537.0,45,2,380,0,0,0,100,100,0
104,416,594,79,596,3,right+B,0.030618516728281975,0.22246624529361725,0.12279032170772552,0.5906693339347839,0.03345557302236557,1.123281478881836,0.0,537.0,46,2,380,0,0,0,100,100,0
105,420,594,79,596,0,NOOP,0.03182378038764,0.22781699895858765,0.13078325986862183,0.5730805993080139,0.03649540990591049,1.152616024017334,-1.0,536.0,47,2,379,0,0,0,100,100,0
106,424,594,93,596,2,right+A,0.035151656717061996,0.23961693048477173,0.15657922625541687,0.5256853103637695,0.042966797947883606,1.2236367464065552,0.0,536.0,48,2,379,0,0,0,100,100,0
107,428,594,109,596,2,right+A,0.03421316295862198,0.2351962924003601,0.15788544714450836,0.5297382473945618,0.04296688362956047,1.219132423400879,0.0,536.0,49,2,379,0,0,0,100,100,0
108,432,594,121,596,1,right,0.03279336914420128,0.2293151617050171,0.1500963568687439,0.5475471615791321,0.04024794325232506,1.1935251951217651,0.0,536.0,50,2,379,0,0,0,100,100,0
109,436,594,122,596,3,right+B,0.0337991863489151,0.233437642455101,0.1557842493057251,0.5343505144119263,0.04262847080826759,1.2131322622299194,0.0,536.0,51,2,379,0,0,0,100,100,0
110,440,594,113,596,0,NOOP,0.035346560180187225,0.2416255921125412,0.16980481147766113,0.5073293447494507,0.04589365795254707,1.2481154203414917,-1.0,535.0,52,2,378,0,0,0,100,100,0
111,444,594,94,596,0,NOOP,0.03591085225343704,0.2427813559770584,0.17563506960868835,0.4980526864528656,0.04762004315853119,1.2607817649841309,0.0,535.0,53,2,378,0,0,0,100,100,0
112,448,594,79,596,4,right+A+B,0.035184234380722046,0.23823921382427216,0.16600148379802704,0.5147567987442017,0.045818183571100235,1.2407054901123047,0.0,535.0,54,2,378,0,0,0,100,100,0
113,452,594,79,596,3,right+B,0.03368065133690834,0.23364999890327454,0.1536283791065216,0.5375345945358276,0.04150640591979027,1.207446813583374,0.0,535.0,55,2,378,0,0,0,100,100,0
114,456,594,79,596,3,right+B,0.03525692597031593,0.24140430986881256,0.15038934350013733,0.5316444039344788,0.04130503162741661,1.2134703397750854,0.0,535.0,56,2,378,0,0,0,100,100,0
115,460,594,79,596,3,right+B,0.03552074730396271,0.2416694015264511,0.15332606434822083,0.5270102620124817,0.04247356206178665,1.2210230827331543,-1.0,534.0,57,2,377,0,0,0,100,100,0
116,464,594,79,596,3,right+B,0.03462700918316841,0.23780585825443268,0.15524093806743622,0.529927134513855,0.04239904135465622,1.217714548110962,0.0,534.0,58,2,377,0,0,0,100,100,0
117,468,594,79,596,1,right,0.032668910920619965,0.2302691489458084,0.138800710439682,0.5598498582839966,0.038411371409893036,1.1739742755889893,0.0,534.0,59,2,377,0,0,0,100,100,0
118,472,594,79,596,1,right,0.032748643308877945,0.22933317720890045,0.12357835471630096,0.5792230367660522,0.035116761922836304,1.141966700553894,0.0,534.0,60,2,377,0,0,0,100,100,0
119,476,594,79,596,3,right+B,0.03369438648223877,0.2340991497039795,0.12661050260066986,0.5700691342353821,0.03552686795592308,1.154758334159851,0.0,534.0,61,2,377,0,0,0,100,100,0
120,480,594,79,596,3,right+B,0.0324430912733078,0.23146331310272217,0.11803917586803436,0.5848160982131958,0.033238328993320465,1.1290247440338135,-1.0,533.0,62,2,376,0,0,0,100,100,0
121,484,594,79,596,1,right,0.031250566244125366,0.2224297672510147,0.10508963465690613,0.6105175614356995,0.030712418258190155,1.0876432657241821,0.0,533.0,63,2,376,0,0,0,100,100,0
122,488,594,79,596,3,right+B,0.030547140166163445,0.217389777302742,0.09552370011806488,0.6279253363609314,0.02861405722796917,1.0565252304077148,0.0,533.0,64,2,376,0,0,0,100,100,0
123,492,594,79,596,3,right+B,0.03141112998127937,0.22052700817584991,0.10460410267114639,0.612761378288269,0.030696429312229156,1.0852832794189453,0.0,533.0,65,2,376,0,0,0,100,100,0
124,496,594,93,596,2,right+A,0.03322017937898636,0.2303246706724167,0.11942852288484573,0.582895815372467,0.03413083776831627,1.134963870048523,0.0,533.0,66,2,376,0,0,0,100,100,0
125,500,594,108,596,3,right+B,0.03617562726140022,0.24564574658870697,0.140091210603714,0.5384655594825745,0.03962183743715286,1.2015190124511719,-1.0,532.0,67,2,375,0,0,0,100,100,0
126,504,594,112,596,1,right,0.034397535026073456,0.23434685170650482,0.14152079820632935,0.5506989359855652,0.039035897701978683,1.1877877712249756,0.0,532.0,68,2,375,0,0,0,100,100,0
127,508,594,106,596,2,right+A,0.03493195399641991,0.2322261929512024,0.17077578604221344,0.5167460441589355,0.04532000422477722,1.239441990852356,0.0,532.0,69,2,375,0,0,0,100,100,0
128,512,594,89,596,1,right,0.03591814264655113,0.23877941071987152,0.16762086749076843,0.5121440887451172,0.04553748667240143,1.2442210912704468,0.0,532.0,70,2,375,0,0,0,100,100,0
129,516,594,79,596,1,right,0.03394244238734245,0.23412764072418213,0.13744761049747467,0.5568285584449768,0.03765375167131424,1.1770247220993042,0.0,532.0,71,2,375,0,0,0,100,100,0
130,520,594,93,596,2,right+A,0.03365204855799675,0.23148468136787415,0.12536309659481049,0.5752731561660767,0.0342269241809845,1.146757960319519,-1.0,531.0,72,2,374,0,0,0,100,100,0
131,524,594,108,596,3,right+B,0.03306860104203224,0.22925737500190735,0.12082105875015259,0.5830351114273071,0.03381788358092308,1.1348459720611572,0.0,531.0,73,2,374,0,0,0,100,100,0
132,528,594,112,596,3,right+B,0.031207073479890823,0.22135378420352936,0.1124579980969429,0.6026971936225891,0.03228404000401497,1.103745937347412,0.0,531.0,74,2,374,0,0,0,100,100,0
133,532,594,106,596,1,right,0.030940456315875053,0.2236068993806839,0.11977168917655945,0.5915534496307373,0.034127525985240936,1.1224865913391113,0.0,531.0,75,2,374,0,0,0,100,100,0
134,536,594,89,596,3,right+B,0.03048126958310604,0.22451817989349365,0.11407477408647537,0.5973954796791077,0.033530302345752716,1.1110384464263916,0.0,531.0,76,2,374,0,0,0,100,100,0
135,540,594,79,596,2,right+A,0.030850686132907867,0.22310756146907806,0.11167845129966736,0.6017169952392578,0.032646294683218,1.1041842699050903,-1.0,530.0,77,2,373,0,0,0,100,100,0
136,544,594,79,596,1,right,0.031618881970644,0.2263496369123459,0.11643080413341522,0.5915141701698303,0.034086521714925766,1.1216325759887695,0.0,530.0,78,2,373,0,0,0,100,100,0
137,548,594,79,596,0,NOOP,0.030985761433839798,0.22264419496059418,0.11780136078596115,0.5941730737686157,0.03439556062221527,1.1192762851715088,0.0,530.0,79,2,373,0,0,0,100,100,0
138,552,594,79,596,1,right,0.031929001212120056,0.22666394710540771,0.12009438127279282,0.5857442617416382,0.035568442195653915,1.1329079866409302,0.0,530.0,80,2,373,0,0,0,100,100,0
139,556,594,79,596,3,right+B,0.031055379658937454,0.2215481400489807,0.11867266893386841,0.5935705900192261,0.03515327349305153,1.1219600439071655,0.0,530.0,81,2,373,0,0,0,100,100,0
140,560,594,79,596,1,right,0.030883366242051125,0.2205767184495926,0.11932946741580963,0.5940515995025635,0.03515881672501564,1.1215635538101196,-1.0,529.0,82,2,372,0,0,0,100,100,0
141,564,594,79,596,3,right+B,0.030776837840676308,0.21983924508094788,0.11951876431703568,0.594700813293457,0.035164278000593185,1.1208350658416748,0.0,529.0,83,2,372,0,0,0,100,100,0
142,568,594,79,596,3,right+B,0.030649889260530472,0.2189030945301056,0.12081986665725708,0.594685435295105,0.03494173660874367,1.1209760904312134,0.0,529.0,84,2,372,0,0,0,100,100,0
143,572,594,79,596,3,right+B,0.03091500699520111,0.2199818640947342,0.12161058932542801,0.5923354029655457,0.035157084465026855,1.124699354171753,0.0,529.0,85,2,372,0,0,0,100,100,0
144,576,594,79,596,3,right+B,0.03072352707386017,0.21986211836338043,0.1198950707912445,0.5948361754417419,0.03468317165970802,1.1199395656585693,0.0,529.0,86,2,372,0,0,0,100,100,0
145,580,594,79,596,3,right+B,0.030827926471829414,0.21976731717586517,0.12107908725738525,0.592998206615448,0.03532745689153671,1.1238670349121094,-1.0,528.0,87,2,371,0,0,0,100,100,0
146,584,594,79,596,3,right+B,0.030999870970845222,0.22043128311634064,0.1198202446103096,0.5932981371879578,0.03545048087835312,1.1233733892440796,0.0,528.0,88,2,371,0,0,0,100,100,0
147,588,594,79,596,3,right+B,0.031604450196027756,0.22386471927165985,0.1206214427947998,0.5883792042732239,0.03553016111254692,1.1300079822540283,0.0,528.0,89,2,371,0,0,0,100,100,0
148,592,594,79,596,1,right,0.031241025775671005,0.22382397949695587,0.11568616330623627,0.5949010252952576,0.03434774652123451,1.1176053285598755,0.0,528.0,90,2,371,0,0,0,100,100,0
149,596,594,79,596,3,right+B,0.030370788648724556,0.2174234837293625,0.11244732141494751,0.6060755252838135,0.03368291258811951,1.1013236045837402,0.0,528.0,91,2,371,0,0,0,100,100,0
150,600,594,79,596,3,right+B,0.03133901208639145,0.2215876579284668,0.11959578096866608,0.5922092795372009,0.03526826202869415,1.1246402263641357,-1.0,527.0,92,2,370,0,0,0,100,100,0
151,604,594,93,596,4,right+A+B,0.03244342282414436,0.22613875567913055,0.11872194707393646,0.5880987048149109,0.03459714353084564,1.128979206085205,0.0,527.0,93,2,370,0,0,0,100,100,0
152,608,594,108,596,0,NOOP,0.030987998470664024,0.22079135477542877,0.11177695542573929,0.6035919189453125,0.03285177797079086,1.1030429601669312,0.0,527.0,94,2,370,0,0,0,100,100,0
153,612,594,112,596,1,right,0.031403589993715286,0.22047428786754608,0.11199502646923065,0.6032652854919434,0.032861705869436264,1.1043514013290405,0.0,527.0,95,2,370,0,0,0,100,100,0
154,616,594,106,596,3,right+B,0.03183430805802345,0.22349339723587036,0.1213473305106163,0.5892927050590515,0.03403232991695404,1.1272310018539429,0.0,527.0,96,2,370,0,0,0,100,100,0
155,620,594,89,596,1,right,0.03252273052930832,0.22502076625823975,0.12269812822341919,0.5851510167121887,0.034607358276844025,1.1344558000564575,-1.0,526.0,97,2,369,0,0,0,100,100,0
156,624,594,79,596,3,right+B,0.03258785232901573,0.22431820631027222,0.11385048925876617,0.5969026684761047,0.03234075754880905,1.1132205724716187,0.0,526.0,98,2,369,0,0,0,100,100,0
157,628,594,79,596,1,right,0.03139796108007431,0.22051170468330383,0.1056276261806488,0.6121165752410889,0.030346140265464783,1.0859819650650024,0.0,526.0,99,2,369,0,0,0,100,100,0
158,632,594,79,596,1,right,0.03286762908101082,0.22820249199867249,0.1119336262345314,0.5943711400032043,0.03262518718838692,1.115431547164917,0.0,526.0,100,2,369,0,0,0,100,100,0
159,636,594,79,596,3,right+B,0.03414323925971985,0.2360009253025055,0.11998367309570312,0.5743315815925598,0.03554052114486694,1.147584080696106,0.0,526.0,101,2,369,0,0,0,100,100,0
160,640,594,79,596,3,right+B,0.0342089869081974,0.23304623365402222,0.12181159853935242,0.5742232799530029,0.036709900945425034,1.1512064933776855,-1.0,525.0,102,2,368,0,0,0,100,100,0
161,644,594,79,596,3,right+B,0.033632922917604446,0.23295006155967712,0.11968811601400375,0.5782349109649658,0.03549395874142647,1.1428006887435913,0.0,525.0,103,2,368,0,0,0,100,100,0
162,648,594,79,596,3,right+B,0.033962007611989975,0.23641766607761383,0.11516547948122025,0.579962432384491,0.0344923734664917,1.1368401050567627,0.0,525.0,104,2,368,0,0,0,100,100,0
163,652,594,93,596,2,right+A,0.03240789845585823,0.22812628746032715,0.11362218856811523,0.5923793315887451,0.03346434235572815,1.119252324104309,0.0,525.0,105,2,368,0,0,0,100,100,0
164,656,594,108,596,3,right+B,0.0323776975274086,0.22886916995048523,0.1240437850356102,0.57889723777771,0.0358121283352375,1.1431288719177246,0.0,525.0,106,2,368,0,0,0,100,100,0
165,660,594,112,596,3,right+B,0.03255495801568031,0.22858600318431854,0.13117006421089172,0.5705158114433289,0.03717312961816788,1.157854437828064,-1.0,524.0,107,2,367,0,0,0,100,100,0
166,664,594,106,596,3,right+B,0.03147141635417938,0.22383758425712585,0.1302790641784668,0.5782677531242371,0.036144182085990906,1.1461513042449951,0.0,524.0,108,2,367,0,0,0,100,100,0
167,668,594,89,596,1,right,0.032042551785707474,0.2273915559053421,0.14471974968910217,0.5568115711212158,0.039034586399793625,1.17940092086792,0.0,524.0,109,2,367,0,0,0,100,100,0
168,672,594,79,596,3,right+B,0.03161869943141937,0.22737917304039001,0.12706857919692993,0.5799623727798462,0.0339711531996727,1.1389944553375244,0.0,524.0,110,2,367,0,0,0,100,100,0
169,676,594,79,596,3,right+B,0.02983350306749344,0.22021301090717316,0.11895548552274704,0.5988600254058838,0.0321379229426384,1.1087864637374878,0.0,524.0,111,2,367,0,0,0,100,100,0
170,680,594,79,596,1,right,0.03298092633485794,0.23326663672924042,0.13870589435100555,0.5569649338722229,0.03808154538273811,1.1764782667160034,-1.0,523.0,112,2,366,0,0,0,100,100,0
171,684,594,79,596,3,right+B,0.03515448421239853,0.24058955907821655,0.15031588077545166,0.5322595834732056,0.04168048873543739,1.2134120464324951,0.0,523.0,113,2,366,0,0,0,100,100,0
172,688,594,79,596,1,right,0.033877260982990265,0.2340213656425476,0.15036457777023315,0.540509045124054,0.04122772067785263,1.2034541368484497,0.0,523.0,114,2,366,0,0,0,100,100,0
173,692,594,79,596,3,right+B,0.033727798610925674,0.23323476314544678,0.14749282598495483,0.5449366569519043,0.040607959032058716,1.1970607042312622,0.0,523.0,115,2,366,0,0,0,100,100,0
174,696,594,79,596,1,right,0.03450249880552292,0.23701655864715576,0.15384085476398468,0.5321558713912964,0.04248419031500816,1.2152256965637207,0.0,523.0,116,2,366,0,0,0,100,100,0
175,700,594,79,596,3,right+B,0.03645585849881172,0.24377040565013885,0.1740407645702362,0.49815404415130615,0.04757891967892647,1.2611541748046875,-1.0,522.0,117,2,365,0,0,0,100,100,0
176,704,594,93,596,2,right+A,0.03651316091418266,0.24201472103595734,0.17796966433525085,0.4946344792842865,0.04886794835329056,1.2671278715133667,0.0,522.0,118,2,365,0,0,0,100,100,0
177,708,594,108,596,3,right+B,0.034954242408275604,0.23530015349388123,0.1704559624195099,0.5125207304954529,0.04676886275410652,1.2450722455978394,0.0,522.0,119,2,365,0,0,0,100,100,0
178,712,594,112,596,0,NOOP,0.03410356491804123,0.23564645648002625,0.1635410189628601,0.5229691863059998,0.04373979941010475,1.2278343439102173,0.0,522.0,120,2,365,0,0,0,100,100,0
179,716,594,106,596,3,right+B,0.034708451479673386,0.2379484623670578,0.16860432922840118,0.513857364654541,0.04488141089677811,1.2398505210876465,0.0,522.0,121,2,365,0,0,0,100,100,0
180,720,594,89,596,3,right+B,0.03513630852103233,0.24074719846248627,0.17283089458942413,0.5051960945129395,0.04608946666121483,1.250652551651001,-1.0,521.0,122,2,364,0,0,0,100,100,0
181,724,594,79,596,3,right+B,0.032965037971735,0.23266205191612244,0.15517114102840424,0.5376518964767456,0.04154990613460541,1.206667423248291,0.0,521.0,123,2,364,0,0,0,100,100,0
182,728,594,79,596,3,right+B,0.03178787976503372,0.2279207408428192,0.12584401667118073,0.5789196491241455,0.035527780652046204,1.1425082683563232,0.0,521.0,124,2,364,0,0,0,100,100,0
183,732,594,79,596,3,right+B,0.03315318003296852,0.23065796494483948,0.11922664940357208,0.5820440649986267,0.03491804748773575,1.136985421180725,0.0,521.0,125,2,364,0,0,0,100,100,0
184,736,594,79,596,1,right,0.033049486577510834,0.23438622057437897,0.12464049458503723,0.5726994276046753,0.03522435203194618,1.149356722831726,0.0,521.0,126,2,364,0,0,0,100,100,0
185,740,594,79,596,3,right+B,0.03281674534082413,0.23082421720027924,0.11359953880310059,0.5893964767456055,0.03336299955844879,1.1226599216461182,-1.0,520.0,127,2,363,0,0,0,100,100,0
186,744,594,79,596,3,right+B,0.030006151646375656,0.21393582224845886,0.09445605427026749,0.6328157186508179,0.028786228969693184,1.0496892929077148,0.0,520.0,128,2,363,0,0,0,100,100,0
187,748,594,79,596,3,right+B,0.03105316311120987,0.21913768351078033,0.09881807118654251,0.6211432814598083,0.02984783612191677,1.0697927474975586,0.0,520.0,129,2,363,0,0,0,100,100,0
188,752,594,79,596,3,right+B,0.03062516450881958,0.21579135954380035,0.10364971309900284,0.6196331977844238,0.030300559476017952,1.0751299858093262,0.0,520.0,130,2,363,0,0,0,100,100,0
189,756,594,79,596,3,right+B,0.033578965812921524,0.23234577476978302,0.12972700595855713,0.568024218082428,0.03632408007979393,1.1597158908843994,0.0,520.0,131,2,363,0,0,0,100,100,0
190,760,594,93,596,2,right+A,0.034827981144189835,0.23939982056617737,0.14424492418766022,0.5427619814872742,0.03876533731818199,1.1961427927017212,-1.0,519.0,132,2,362,0,0,0,100,100,0
191,764,594,108,596,1,right,0.03399719297885895,0.23164969682693481,0.15274834632873535,0.5408689975738525,0.04073571041226387,1.2035506963729858,0.0,519.0,133,2,362,0,0,0,100,100,0
192,768,594,112,596,2,right+A,0.03509582579135895,0.23413686454296112,0.16642262041568756,0.5198640823364258,0.04448055103421211,1.23446786403656,0.0,519.0,134,2,362,0,0,0,100,100,0
193,772,594,106,596,3,right+B,0.034511711448431015,0.23526710271835327,0.15394394099712372,0.5345691442489624,0.04170810803771019,1.2119832038879395,0.0,519.0,135,2,362,0,0,0,100,100,0
194,776,594,89,596,3,right+B,0.0336432084441185,0.2346220165491104,0.1435687094926834,0.5488642454147339,0.039301853626966476,1.1893903017044067,0.0,519.0,136,2,362,0,0,0,100,100,0
195,780,594,79,596,3,right+B,0.032683875411748886,0.22741150856018066,0.1220788061618805,0.5835356116294861,0.034290190786123276,1.1353235244750977,-1.0,518.0,137,2,361,0,0,0,100,100,0
196,784,594,79,596,0,NOOP,0.032315392047166824,0.22484225034713745,0.11268982291221619,0.59772789478302,0.03242461010813713,1.1112542152404785,0.0,518.0,138,2,361,0,0,0,100,100,0
197,788,594,93,596,2,right+A,0.03167298808693886,0.2231810986995697,0.11169207096099854,0.6004848480224609,0.03296898305416107,1.1076494455337524,0.0,518.0,139,2,361,0,0,0,100,100,0
198,792,594,108,596,3,right+B,0.030724914744496346,0.2222893387079239,0.10876413434743881,0.6057425737380981,0.03247904032468796,1.0975492000579834,0.0,518.0,140,2,361,0,0,0,100,100,0
199,796,594,112,596,3,right+B,0.031169546768069267,0.22323447465896606,0.11291687190532684,0.5988438129425049,0.033835336565971375,1.1107711791992188,0.0,518.0,141,2,361,0,0,0,100,100,0
200,800,594,106,596,3,right+B,0.03232712671160698,0.2282121479511261,0.12610527873039246,0.5767024159431458,0.03665312007069588,1.1478573083877563,-1.0,517.0,142,2,360,0,0,0,100,100,0
201,804,594,89,596,3,right+B,0.03141152858734131,0.22618316113948822,0.1304687112569809,0.5738611221313477,0.038075558841228485,1.153760552406311,0.0,517.0,143,2,360,0,0,0,100,100,0
202,808,594,79,596,3,right+B,0.03141028434038162,0.2252662181854248,0.12639905512332916,0.5806862115859985,0.03623826056718826,1.1417392492294312,0.0,517.0,144,2,360,0,0,0,100,100,0
203,812,594,79,596,3,right+B,0.03137675300240517,0.22421662509441376,0.1225743517279625,0.5863922834396362,0.035439908504486084,1.1325031518936157,0.0,517.0,145,2,360,0,0,0,100,100,0
204,816,594,79,596,3,right+B,0.03029104322195053,0.21916858851909637,0.11961694806814194,0.5965515375137329,0.03437189385294914,1.1166291236877441,0.0,517.0,146,2,360,0,0,0,100,100,0
205,820,594,79,596,1,right,0.02974347583949566,0.2172609269618988,0.11514043062925339,0.6042174696922302,0.03363768756389618,1.1036434173583984,-1.0,516.0,147,2,359,0,0,0,100,100,0
206,824,594,79,596,1,right,0.03029392845928669,0.21764516830444336,0.11962185055017471,0.5970840454101562,0.035355061292648315,1.1179068088531494,0.0,516.0,148,2,359,0,0,0,100,100,0
207,828,594,79,596,3,right+B,0.030531177297234535,0.21895478665828705,0.12004584819078445,0.5950257182121277,0.03544248268008232,1.1208550930023193,0.0,516.0,149,2,359,0,0,0,100,100,0
208,832,594,79,596,1,right,0.030677879229187965,0.2199801504611969,0.11699380725622177,0.597430408000946,0.03491773083806038,1.1158995628356934,0.0,516.0,150,2,359,0,0,0,100,100,0
209,836,594,79,596,3,right+B,0.03105100430548191,0.21995756030082703,0.12101953476667404,0.5918921828269958,0.036079734563827515,1.1267328262329102,0.0,516.0,151,2,359,0,0,0,100,100,0
210,840,594,79,596,3,right+B,0.030989767983555794,0.21943336725234985,0.1210876926779747,0.5922380685806274,0.03625112026929855,1.126619815826416,-1.0,515.0,152,2,358,0,0,0,100,100,0
211,844,594,79,596,3,right+B,0.03151857480406761,0.22244678437709808,0.1222376748919487,0.5873607993125916,0.03643614798784256,1.1334630250930786,0.0,515.0,153,2,358,0,0,0,100,100,0
212,848,594,79,596,1,right,0.03110697865486145,0.22271330654621124,0.11999408900737762,0.5904520153999329,0.03573359176516533,1.127004861831665,0.0,515.0,154,2,358,0,0,0,100,100,0
213,852,594,79,596,1,right,0.03020559810101986,0.2175614982843399,0.11590354144573212,0.6018052697181702,0.034524112939834595,1.109145164489746,0.0,515.0,155,2,358,0,0,0,100,100,0
214,856,594,93,596,4,right+A+B,0.030608687549829483,0.21984943747520447,0.12167737632989883,0.5924121737480164,0.03545232489705086,1.1246005296707153,0.0,515.0,156,2,358,0,0,0,100,100,0
215,860,594,108,596,3,right+B,0.03204106539487839,0.22542604804039001,0.1274074912071228,0.5781930685043335,0.03693237900733948,1.1471712589263916,-1.0,514.0,157,2,357,0,0,0,100,100,0
216,864,594,112,596,2,right+A,0.030855800956487656,0.22013911604881287,0.11956094205379486,0.5950837135314941,0.03436039388179779,1.1191520690917969,0.0,514.0,158,2,357,0,0,0,100,100,0
217,868,594,106,596,1,right,0.031016789376735687,0.22072817385196686,0.12106019258499146,0.5926079154014587,0.034586913883686066,1.123249888420105,0.0,514.0,159,2,357,0,0,0,100,100,0
218,872,594,89,596,1,right,0.03085475228726864,0.2209278643131256,0.11658076196908951,0.5978159308433533,0.03382069990038872,1.1135621070861816,0.0,514.0,160,2,357,0,0,0,100,100,0
219,876,594,79,596,3,right+B,0.03187793120741844,0.22276975214481354,0.11495878547430038,0.5976294875144958,0.03276398032903671,1.1126892566680908,0.0,514.0,161,2,357,0,0,0,100,100,0
220,880,594,79,596,3,right+B,0.03253114968538284,0.22378970682621002,0.10855396091938019,0.6033528447151184,0.03177228569984436,1.1019399166107178,-1.0,513.0,162,2,356,0,0,0,100,100,0
221,884,594,79,596,3,right+B,0.03204302862286568,0.2219972163438797,0.10748984664678574,0.6072263717651367,0.031243445351719856,1.095321536064148,0.0,513.0,163,2,356,0,0,0,100,100,0
222,888,594,79,596,3,right+B,0.0326848030090332,0.22534506022930145,0.1068328395485878,0.6033861041069031,0.03175118565559387,1.1008973121643066,0.0,513.0,164,2,356,0,0,0,100,100,0
223,892,594,79,596,1,right,0.03401521220803261,0.2330673635005951,0.11749318242073059,0.5804399251937866,0.03498438000679016,1.139085292816162,0.0,513.0,165,2,356,0,0,0,100,100,0
224,896,594,79,596,0,NOOP,0.03401028737425804,0.23110416531562805,0.11754567176103592,0.5818546414375305,0.035485271364450455,1.1387572288513184,0.0,513.0,166,2,356,0,0,0,100,100,0
225,900,594,79,596,3,right+B,0.033983200788497925,0.2330773025751114,0.11944900453090668,0.5778006315231323,0.03568980470299721,1.1440799236297607,-1.0,512.0,167,2,355,0,0,0,100,100,0
226,904,594,79,596,3,right+B,0.03388873487710953,0.23463556170463562,0.11759159713983536,0.5796413421630859,0.034242741763591766,1.1382174491882324,0.0,512.0,168,2,355,0,0,0,100,100,0
227,908,594,79,596,3,right+B,0.033299289643764496,0.23115289211273193,0.1154489815235138,0.5863859057426453,0.033712975680828094,1.1283835172653198,0.0,512.0,169,2,355,0,0,0,100,100,0
228,912,594,79,596,3,right+B,0.031796645373106,0.2277051955461502,0.11823324114084244,0.5889938473701477,0.033271074295043945,1.1240243911743164,0.0,512.0,170,2,355,0,0,0,100,100,0
229,916,594,79,596,3,right+B,0.03171449527144432,0.225885272026062,0.12837181985378265,0.5787639617919922,0.03526453301310539,1.1434855461120605,0.0,512.0,171,2,355,0,0,0,100,100,0
230,920,594,79,596,3,right+B,0.031199373304843903,0.22409620881080627,0.11989130079746246,0.5909437537193298,0.03386934474110603,1.123178243637085,-1.0,511.0,172,2,354,0,0,0,100,100,0
231,924,594,93,596,2,right+A,0.03140254691243172,0.22584685683250427,0.12353655695915222,0.5849428176879883,0.0342712327837944,1.1323416233062744,0.0,511.0,173,2,354,0,0,0,100,100,0
232,928,594,108,596,1,right,0.031965773552656174,0.22911986708641052,0.11917407065629959,0.5864062905311584,0.033334001898765564,1.1275397539138794,0.0,511.0,174,2,354,0,0,0,100,100,0
233,932,594,112,596,3,right+B,0.03057806007564068,0.2217433750629425,0.1173378974199295,0.5974562168121338,0.03288440406322479,1.1120836734771729,0.0,511.0,175,2,354,0,0,0,100,100,0
234,936,594,106,596,3,right+B,0.03197072818875313,0.22629526257514954,0.13814140856266022,0.5652400851249695,0.03835250809788704,1.167313575744629,0.0,511.0,176,2,354,0,0,0,100,100,0
235,940,594,89,596,1,right,0.035733673721551895,0.24188587069511414,0.16385093331336975,0.5127460956573486,0.045783333480358124,1.242421269416809,-1.0,510.0,177,2,353,0,0,0,100,100,0
236,944,594,79,596,2,right+A,0.034979965537786484,0.23817361891269684,0.1611388772726059,0.5217723846435547,0.04393506422638893,1.2298893928527832,0.0,510.0,178,2,353,0,0,0,100,100,0
237,948,594,79,596,1,right,0.03339448571205139,0.23261988162994385,0.1436508595943451,0.551291286945343,0.03904348611831665,1.1864075660705566,0.0,510.0,179,2,353,0,0,0,100,100,0
238,952,594,79,596,3,right+B,0.03428914025425911,0.23635274171829224,0.15198135375976562,0.5364744663238525,0.04090220853686333,1.2077385187149048,0.0,510.0,180,2,353,0,0,0,100,100,0
239,956,594,93,596,2,right+A,0.03582463413476944,0.24140901863574982,0.16996552050113678,0.507354736328125,0.04544612020254135,1.2483234405517578,0.0,510.0,181,2,353,0,0,0,100,100,0
240,960,594,108,596,3,right+B,0.03626934811472893,0.24193580448627472,0.18206416070461273,0.4906662106513977,0.0490645132958889,1.2710126638412476,-1.0,509.0,182,2,352,0,0,0,100,100,0
241,964,594,112,596,2,right+A,0.0358666330575943,0.23986192047595978,0.18038958311080933,0.4948214590549469,0.04906049370765686,1.266791820526123,0.0,509.0,183,2,352,0,0,0,100,100,0
242,968,594,106,596,1,right,0.0330570712685585,0.22999200224876404,0.15852780640125275,0.5356078743934631,0.04281529411673546,1.2120243310928345,0.0,509.0,184,2,352,0,0,0,100,100,0
243,972,594,89,596,3,right+B,0.03429337963461876,0.23882286250591278,0.16089540719985962,0.5223389267921448,0.04364943876862526,1.227541208267212,0.0,509.0,185,2,352,0,0,0,100,100,0
244,976,594,79,596,3,right+B,0.03542665019631386,0.2421245574951172,0.15841256082057953,0.520713210105896,0.04332299157977104,1.2294131517410278,0.0,509.0,186,2,352,0,0,0,100,100,0
245,980,594,79,596,3,right+B,0.034137874841690063,0.23654904961585999,0.1513710767030716,0.5367079377174377,0.041234053671360016,1.2075648307800293,-1.0,508.0,187,2,351,0,0,0,100,100,0
246,984,594,93,596,4,right+A+B,0.033059027045965195,0.2328825294971466,0.13844890892505646,0.5570655465126038,0.0385439433157444,1.1772444248199463,0.0,508.0,188,2,351,0,0,0,100,100,0
247,988,594,108,596,3,right+B,0.032996710389852524,0.2289961874485016,0.11891412734985352,0.5835315585136414,0.035561416298151016,1.1362990140914917,0.0,508.0,189,2,351,0,0,0,100,100,0
248,992,594,112,596,3,right+B,0.034022413194179535,0.2348504215478897,0.12811562418937683,0.5657875537872314,0.037224069237709045,1.163262128829956,0.0,508.0,190,2,351,0,0,0,100,100,0
249,996,594,106,596,2,right+A,0.033500902354717255,0.23440128564834595,0.12605977058410645,0.5700073838233948,0.036030713468790054,1.1550440788269043,0.0,508.0,191,2,351,0,0,0,100,100,0
250,1000,594,89,596,3,right+B,0.030876748263835907,0.22027939558029175,0.10455945879220963,0.6131601333618164,0.031124217435717583,1.0846365690231323,-1.0,507.0,192,2,350,0,0,0,100,100,0
251,1004,594,79,596,3,right+B,0.03072328492999077,0.21808725595474243,0.10080726444721222,0.6207665801048279,0.029615581035614014,1.0706363916397095,0.0,507.0,193,2,350,0,0,0,100,100,0
252,1008,594,79,596,3,right+B,0.02991948276758194,0.21349242329597473,0.09942866861820221,0.628634512424469,0.0285248514264822,1.057450294494629,0.0,507.0,194,2,350,0,0,0,100,100,0
253,1012,594,79,596,3,right+B,0.03253970295190811,0.2276884764432907,0.12093620747327805,0.5851522088050842,0.033683378249406815,1.131648302078247,0.0,507.0,195,2,350,0,0,0,100,100,0
254,1016,594,93,596,2,right+A,0.03515757992863655,0.24266140162944794,0.139093279838562,0.5448766946792603,0.03821108117699623,1.1913032531738281,0.0,507.0,196,2,350,0,0,0,100,100,0
255,1020,594,108,596,3,right+B,0.03486769646406174,0.236492320895195,0.14985938370227814,0.537467360496521,0.041313208639621735,1.207802653312683,-1.0,506.0,197,2,349,0,0,0,100,100,0
256,1024,594,112,596,2,right+A,0.03472961112856865,0.23354431986808777,0.1599193662405014,0.5279811024665833,0.04382559657096863,1.2237908840179443,0.0,506.0,198,2,349,0,0,0,100,100,0
257,1028,594,106,596,1,right,0.035807013511657715,0.23871739208698273,0.16607066988945007,0.5142550468444824,0.045149821788072586,1.2411954402923584,0.0,506.0,199,2,349,0,0,0,100,100,0
258,1032,594,89,596,3,right+B,0.034048549830913544,0.23496948182582855,0.15319037437438965,0.5357932448387146,0.04199836030602455,1.2102644443511963,0.0,506.0,200,2,349,0,0,0,100,100,0
259,1036,594,79,596,2,right+A,0.032701581716537476,0.2276565432548523,0.12693741917610168,0.5773059129714966,0.03539852052927017,1.146201252937317,0.0,506.0,201,2,349,0,0,0,100,100,0
260,1040,594,79,596,3,right+B,0.032264143228530884,0.2253599464893341,0.11666907370090485,0.5926716923713684,0.03303517401218414,1.1199324131011963,-1.0,505.0,202,2,348,0,0,0,100,100,0
261,1044,594,79,596,1,right,0.03178057819604874,0.22439876198768616,0.11416131258010864,0.5965023636817932,0.03315700590610504,1.1138259172439575,0.0,505.0,203,2,348,0,0,0,100,100,0
262,1048,594,79,596,3,right+B,0.030306123197078705,0.2216615378856659,0.1122683510184288,0.6034153699874878,0.03234861046075821,1.101243257522583,0.0,505.0,204,2,348,0,0,0,100,100,0
263,1052,594,79,596,3,right+B,0.03042198158800602,0.22173966467380524,0.11763085424900055,0.5964949727058411,0.0337124839425087,1.1144825220108032,0.0,505.0,205,2,348,0,0,0,100,100,0
264,1056,594,79,596,3,right+B,0.031131686642766,0.2235676497220993,0.11841001361608505,0.5929631590843201,0.03392745926976204,1.1202564239501953,0.0,505.0,206,2,348,0,0,0,100,100,0
265,1060,594,79,596,3,right+B,0.030536945909261703,0.22321638464927673,0.12153442203998566,0.5897284150123596,0.034983862191438675,1.1261448860168457,-1.0,504.0,207,2,347,0,0,0,100,100,0
266,1064,594,79,596,3,right+B,0.030572092160582542,0.2221825271844864,0.12182234972715378,0.5898629426956177,0.035560041666030884,1.1273193359375,0.0,504.0,208,2,347,0,0,0,100,100,0
267,1068,594,79,596,3,right+B,0.03090725839138031,0.22332806885242462,0.1233937069773674,0.5858693718910217,0.03650151565670967,1.134511947631836,0.0,504.0,209,2,347,0,0,0,100,100,0
268,1072,594,79,596,3,right+B,0.030946439132094383,0.22209005057811737,0.12170131504535675,0.5892669558525085,0.035995256155729294,1.1293632984161377,0.0,504.0,210,2,347,0,0,0,100,100,0
269,1076,594,79,596,3,right+B,0.03020625002682209,0.21833857893943787,0.11787264794111252,0.5986533164978027,0.03492917865514755,1.1143102645874023,0.0,504.0,211,2,347,0,0,0,100,100,0
270,1080,594,93,596,4,right+A+B,0.030357271432876587,0.21727968752384186,0.12117575109004974,0.5952195525169373,0.03596767410635948,1.1219377517700195,-1.0,503.0,212,2,346,0,0,0,100,100,0
271,1084,594,108,596,3,right+B,0.030834423378109932,0.21992498636245728,0.12462370842695236,0.587179958820343,0.037436895072460175,1.1354821920394897,0.0,503.0,213,2,346,0,0,0,100,100,0
272,1088,594,112,596,2,right+A,0.03105161525309086,0.22080980241298676,0.12195001542568207,0.5894965529441833,0.03669201210141182,1.1307530403137207,0.0,503.0,214,2,346,0,0,0,100,100,0
273,1092,594,106,596,2,right+A,0.03123343549668789,0.221150204539299,0.13056021928787231,0.5786394476890564,0.038416627794504166,1.149539589881897,0.0,503.0,215,2,346,0,0,0,100,100,0
274,1096,594,89,596,3,right+B,0.031073732301592827,0.22219054400920868,0.13069403171539307,0.5777198076248169,0.03832182660698891,1.150012493133545,0.0,503.0,216,2,346,0,0,0,100,100,0
275,1100,594,79,596,3,right+B,0.03084016777575016,0.21979083120822906,0.12603901326656342,0.5868786573410034,0.036451324820518494,1.134826898574829,-1.0,502.0,217,2,345,0,0,0,100,100,0
276,1104,594,79,596,1,right,0.030490493401885033,0.21986477077007294,0.1206805557012558,0.5940781235694885,0.034886084496974945,1.121081829071045,0.0,502.0,218,2,345,0,0,0,100,100,0
277,1108,594,79,596,1,right,0.030132725834846497,0.21967358887195587,0.11911607533693314,0.5964997410774231,0.0345778651535511,1.116443157196045,0.0,502.0,219,2,345,0,0,0,100,100,0
278,1112,594,79,596,1,right,0.029670288786292076,0.21687506139278412,0.11047136038541794,0.6100379824638367,0.03294534981250763,1.0931566953659058,0.0,502.0,220,2,345,0,0,0,100,100,0
279,1116,594,93,596,4,right+A+B,0.030676189810037613,0.2201835662126541,0.12106546759605408,0.5924404859542847,0.03563424199819565,1.1246731281280518,0.0,502.0,221,2,345,0,0,0,100,100,0
280,1120,594,108,596,0,NOOP,0.031767264008522034,0.22522203624248505,0.1225421354174614,0.5838095545768738,0.03665895387530327,1.1379525661468506,-1.0,501.0,222,2,344,0,0,0,100,100,0
281,1124,594,112,596,3,right+B,0.03132549673318863,0.22206394374370575,0.11714441329240799,0.594631552696228,0.03483463451266289,1.1198906898498535,0.0,501.0,223,2,344,0,0,0,100,100,0
282,1128,594,106,596,1,right,0.030986543744802475,0.21834130585193634,0.11969788372516632,0.5961718559265137,0.034802429378032684,1.1192201375961304,0.0,501.0,224,2,344,0,0,0,100,100,0
283,1132,594,89,596,2,right+A,0.03157249838113785,0.22284218668937683,0.12127228826284409,0.5891357064247131,0.03517727181315422,1.1289608478546143,0.0,501.0,225,2,344,0,0,0,100,100,0
284,1136,594,79,596,3,right+B,0.032315030694007874,0.22358237206935883,0.11481162160634995,0.5959394574165344,0.03335155174136162,1.1162235736846924,0.0,501.0,226,2,344,0,0,0,100,100,0
285,1140,594,79,596,3,right+B,0.03220370039343834,0.2225145846605301,0.10816413164138794,0.6056162118911743,0.0315014012157917,1.0982413291931152,-1.0,500.0,227,2,343,0,0,0,100,100,0
286,1144,594,79,596,3,right+B,0.03151187300682068,0.2212008833885193,0.10647699236869812,0.6102981567382812,0.030512090772390366,1.0890069007873535,0.0,500.0,228,2,343,0,0,0,100,100,0
287,1148,594,79,596,3,right+B,0.03324083238840103,0.22971226274967194,0.11550267040729523,0.5880700945854187,0.033474165946245193,1.1262720823287964,0.0,500.0,229,2,343,0,0,0,100,100,0
288,1152,594,79,596,3,right+B,0.03316490724682808,0.22983644902706146,0.1226227805018425,0.5788960456848145,0.03547973558306694,1.1431610584259033,0.0,500.0,230,2,343,0,0,0,100,100,0
289,1156,594,79,596,1,right,0.03318833187222481,0.22874078154563904,0.1226390153169632,0.579293966293335,0.036137938499450684,1.1440701484680176,0.0,500.0,231,2,343,0,0,0,100,100,0
290,1160,594,79,596,3,right+B,0.03428295627236366,0.23703251779079437,0.11782734096050262,0.5755307674407959,0.03532646223902702,1.1449000835418701,-1.0,499.0,232,2,342,0,0,0,100,100,0
291,1164,594,79,596,3,right+B,0.03396941348910332,0.23625358939170837,0.11871993541717529,0.5758908987045288,0.03516620770096779,1.1442866325378418,0.0,499.0,233,2,342,0,0,0,100,100,0
292,1168,594,79,596,3,right+B,0.03296384960412979,0.23224249482154846,0.11864091455936432,0.5812816619873047,0.03487116098403931,1.136841058731079,0.0,499.0,234,2,342,0,0,0,100,100,0
293,1172,594,79,596,3,right+B,0.03242018073797226,0.2297821044921875,0.12503138184547424,0.577319860458374,0.0354464165866375,1.14459228515625,0.0,499.0,235,2,342,0,0,0,100,100,0
294,1176,594,79,596,3,right+B,0.03165178373456001,0.22647219896316528,0.12759676575660706,0.5785250663757324,0.035754136741161346,1.1440515518188477,0.0,499.0,236,2,342,0,0,0,100,100,0
295,1180,594,93,596,2,right+A,0.031074902042746544,0.22270016372203827,0.11949262022972107,0.5928493142127991,0.03388306871056557,1.1208534240722656,-1.0,498.0,237,2,341,0,0,0,100,100,0
296,1184,594,108,596,3,right+B,0.031068528071045876,0.22435243427753448,0.12504643201828003,0.5844536423683167,0.035078976303339005,1.134556531906128,0.0,498.0,238,2,341,0,0,0,100,100,0
297,1188,594,112,596,1,right,0.03173120319843292,0.22822828590869904,0.11931636184453964,0.5874242782592773,0.033299826085567474,1.1261444091796875,0.0,498.0,239,2,341,0,0,0,100,100,0
298,1192,594,106,596,3,right+B,0.030572516843676567,0.2214292734861374,0.1371537744998932,0.5745816826820374,0.03626266494393349,1.151606559753418,0.0,498.0,240,2,341,0,0,0,100,100,0
299,1196,594,89,596,3,right+B,0.03392732888460159,0.23662671446800232,0.15887443721294403,0.5277130603790283,0.042858418077230453,1.2204227447509766,0.0,498.0,241,2,341,0,0,0,100,100,0
300,1200,594,79,596,3,right+B,0.03537306562066078,0.24030664563179016,0.1651667058467865,0.5146986246109009,0.04445495083928108,1.2385307550430298,-1.0,497.0,242,2,340,0,0,0,100,100,0
301,1204,594,79,596,3,right+B,0.03357648104429245,0.23550894856452942,0.15005889534950256,0.5408024787902832,0.040053192526102066,1.2004294395446777,0.0,497.0,243,2,340,0,0,0,100,100,0
302,1208,594,93,596,2,right+A,0.03342202678322792,0.23387444019317627,0.1489919275045395,0.5435476899147034,0.040163978934288025,1.197545051574707,0.0,497.0,244,2,340,0,0,0,100,100,0
303,1212,594,108,596,1,right,0.034911736845970154,0.23864570260047913,0.1590208262205124,0.5234054923057556,0.04401633143424988,1.2277705669403076,0.0,497.0,245,2,340,0,0,0,100,100,0
304,1216,594,112,596,2,right+A,0.03564894571900368,0.23986361920833588,0.17556364834308624,0.5006451606750488,0.048278603702783585,1.259438395500183,0.0,497.0,246,2,340,0,0,0,100,100,0
305,1220,594,106,596,3,right+B,0.03595603629946709,0.2387373149394989,0.18888650834560394,0.4848051071166992,0.05161501094698906,1.2803223133087158,-1.0,496.0,247,2,339,0,0,0,100,100,0
306,1224,594,89,596,2,right+A,0.0338812880218029,0.23241129517555237,0.16744782030582428,0.5201607942581177,0.0460987463593483,1.2349035739898682,0.0,496.0,248,2,339,0,0,0,100,100,0
307,1228,594,79,596,3,right+B,0.033577241003513336,0.23269203305244446,0.15410840511322021,0.5372015237808228,0.04242072254419327,1.209291934967041,0.0,496.0,249,2,339,0,0,0,100,100,0
308,1232,594,93,596,2,right+A,0.035142406821250916,0.24168136715888977,0.1540708988904953,0.5271233916282654,0.04198192432522774,1.21968674659729,0.0,496.0,250,2,339,0,0,0,100,100,0
309,1236,594,108,596,3,right+B,0.03562456741929054,0.24250613152980804,0.1598404049873352,0.5183559060096741,0.04367290809750557,1.2327924966812134,0.0,496.0,251,2,339,0,0,0,100,100,0
310,1240,594,112,596,3,right+B,0.034032177180051804,0.23653461039066315,0.15700633823871613,0.529739499092102,0.042687445878982544,1.217949628829956,-1.0,495.0,252,2,338,0,0,0,100,100,0
311,1244,594,106,596,2,right+A,0.0325423963367939,0.22955158352851868,0.139920175075531,0.5586613416671753,0.039324477314949036,1.1769672632217407,0.0,495.0,253,2,338,0,0,0,100,100,0
312,1248,594,89,596,1,right,0.03278240188956261,0.2290528565645218,0.12925668060779572,0.5715305805206299,0.03737754747271538,1.1566617488861084,0.0,495.0,254,2,338,0,0,0,100,100,0
313,1252,594,79,596,0,NOOP,0.03274856135249138,0.2336055040359497,0.13024626672267914,0.5672466158866882,0.036153074353933334,1.1587740182876587,0.0,495.0,255,2,338,0,0,0,100,100,0
314,1256,594,79,596,3,right+B,0.0313882939517498,0.22500766813755035,0.10300643742084503,0.6102402210235596,0.03035740926861763,1.0858906507492065,0.0,495.0,256,2,338,0,0,0,100,100,0
315,1260,594,79,596,3,right+B,0.029829705134034157,0.21381239593029022,0.0913119986653328,0.6371128559112549,0.027933036908507347,1.0403200387954712,-1.0,494.0,257,2,337,0,0,0,100,100,0
316,1264,594,79,596,3,right+B,0.030243510380387306,0.21378915011882782,0.09513147175312042,0.6322841048240662,0.028551725670695305,1.050809383392334,0.0,494.0,258,2,337,0,0,0,100,100,0
317,1268,594,79,596,3,right+B,0.03056524507701397,0.21520812809467316,0.1027003824710846,0.6213757395744324,0.03015049360692501,1.072176218032837,0.0,494.0,259,2,337,0,0,0,100,100,0
318,1272,594,79,596,1,right,0.03384305164217949,0.23382362723350525,0.13220660388469696,0.563379168510437,0.03674756735563278,1.166559100151062,0.0,494.0,260,2,337,0,0,0,100,100,0
319,1276,594,93,596,2,right+A,0.03582362085580826,0.2413739562034607,0.1483014076948166,0.5337932705879211,0.040707703679800034,1.210793375968933,0.0,494.0,261,2,337,0,0,0,100,100,0
320,1280,594,108,596,3,right+B,0.03391362726688385,0.23077838122844696,0.14601363241672516,0.5491583943367004,0.04013584926724434,1.1922940015792847,-1.0,493.0,262,2,336,0,0,0,100,100,0
321,1284,594,112,596,1,right,0.03579718619585037,0.23749792575836182,0.16144244372844696,0.5210792422294617,0.04418313875794411,1.2325267791748047,0.0,493.0,263,2,336,0,0,0,100,100,0
322,1288,594,106,596,0,NOOP,0.03512325882911682,0.23639678955078125,0.15814077854156494,0.5279716849327087,0.04236746206879616,1.2213815450668335,0.0,493.0,264,2,336,0,0,0,100,100,0
323,1292,594,89,596,3,right+B,0.03347428888082504,0.23275098204612732,0.14185500144958496,0.5537448525428772,0.0381748303771019,1.1820027828216553,0.0,493.0,265,2,336,0,0,0,100,100,0
324,1296,594,79,596,2,right+A,0.03274117037653923,0.2285754680633545,0.12387044727802277,0.5810968279838562,0.03371606767177582,1.13773512840271,0.0,493.0,266,2,336,0,0,0,100,100,0
325,1300,594,79,596,1,right,0.03257817402482033,0.226518914103508,0.11554981768131256,0.5927929878234863,0.03256012871861458,1.1187630891799927,-1.0,492.0,267,2,335,0,0,0,100,100,0
326,1304,594,79,596,1,right,0.031120216473937035,0.22310112416744232,0.11065726727247238,0.6028848886489868,0.032236527651548386,1.1020550727844238,0.0,492.0,268,2,335,0,0,0,100,100,0
327,1308,594,79,596,1,right,0.03041330724954605,0.22174853086471558,0.10842014849185944,0.6076694130897522,0.03174860402941704,1.0933362245559692,0.0,492.0,269,2,335,0,0,0,100,100,0
328,1312,594,79,596,3,right+B,0.031273551285266876,0.22400398552417755,0.1104469746351242,0.6015759110450745,0.03269956633448601,1.1043994426727295,0.0,492.0,270,2,335,0,0,0,100,100,0
329,1316,594,79,596,3,right+B,0.03125501796603203,0.22356244921684265,0.11397593468427658,0.5977710485458374,0.03343560919165611,1.11195707321167,0.0,492.0,271,2,335,0,0,0,100,100,0
330,1320,594,93,596,2,right+A,0.03151129186153412,0.22587953507900238,0.12040501087903976,0.5866845846176147,0.035519544035196304,1.1312978267669678,-1.0,491.0,272,2,334,0,0,0,100,100,0
331,1324,594,108,596,1,right,0.03148619085550308,0.22516204416751862,0.12298601865768433,0.5835199952125549,0.03684573248028755,1.13828444480896,0.0,491.0,273,2,334,0,0,0,100,100,0
332,1328,594,112,596,3,right+B,0.03217291086912155,0.2272132784128189,0.12775607407093048,0.5745243430137634,0.03833341971039772,1.1535717248916626,0.0,491.0,274,2,334,0,0,0,100,100,0
333,1332,594,106,596,3,right+B,0.03116205520927906,0.22236762940883636,0.1259477138519287,0.5835546255111694,0.03696807473897934,1.1395716667175293,0.0,491.0,275,2,334,0,0,0,100,100,0
334,1336,594,89,596,3,right+B,0.030304038897156715,0.21991528570652008,0.12608680129051208,0.5870136618614197,0.0366801843047142,1.1340737342834473,0.0,491.0,276,2,334,0,0,0,100,100,0
335,1340,594,79,596,0,NOOP,0.03076552227139473,0.21944187581539154,0.12423674017190933,0.5895999670028687,0.035955917090177536,1.1300923824310303,-1.0,490.0,277,2,333,0,0,0,100,100,0
336,1344,594,79,596,3,right+B,0.03044707514345646,0.21811014413833618,0.11709557473659515,0.600395917892456,0.033951256424188614,1.1107378005981445,0.0,490.0,278,2,333,0,0,0,100,100,0
337,1348,594,93,596,2,right+A,0.03073059394955635,0.22050723433494568,0.11819031089544296,0.5959477424621582,0.034624066203832626,1.1176899671554565,0.0,490.0,279,2,333,0,0,0,100,100,0
338,1352,594,108,596,3,right+B,0.030829569324851036,0.21980081498622894,0.11776070296764374,0.5963646173477173,0.03524426743388176,1.1183429956436157,0.0,490.0,280,2,333,0,0,0,100,100,0
339,1356,594,112,596,3,right+B,0.031117573380470276,0.22074536979198456,0.1209929883480072,0.5908945202827454,0.03624952957034111,1.1281390190124512,0.0,490.0,281,2,333,0,0,0,100,100,0
340,1360,594,106,596,2,right+A,0.03138510510325432,0.22208906710147858,0.1269722580909729,0.5818498730659485,0.03770368918776512,1.1435422897338867,-1.0,489.0,282,2,332,0,0,0,100,100,0
341,1364,594,89,596,3,right+B,0.031191786751151085,0.22352460026741028,0.126112163066864,0.5814223289489746,0.03774913772940636,1.1431671380996704,0.0,489.0,283,2,332,0,0,0,100,100,0
342,1368,594,79,596,3,right+B,0.03041038103401661,0.21881428360939026,0.11458888649940491,0.6021115183830261,0.034074969589710236,1.1075685024261475,0.0,489.0,284,2,332,0,0,0,100,100,0
343,1372,594,79,596,1,right,0.03069731593132019,0.22008156776428223,0.11387525498867035,0.6015142798423767,0.03383159637451172,1.1078165769577026,0.0,489.0,285,2,332,0,0,0,100,100,0
344,1376,594,79,596,3,right+B,0.03145846724510193,0.2232922911643982,0.11919887363910675,0.5911054611206055,0.03494490310549736,1.1251099109649658,0.0,489.0,286,2,332,0,0,0,100,100,0
345,1380,594,79,596,1,right,0.03134826198220253,0.2226233333349228,0.11419971287250519,0.5983544588088989,0.03347417712211609,1.1117881536483765,-1.0,488.0,287,2,331,0,0,0,100,100,0
346,1384,594,79,596,3,right+B,0.03151274099946022,0.22207637131214142,0.11568917334079742,0.5975885987281799,0.03313308581709862,1.1132025718688965,0.0,488.0,288,2,331,0,0,0,100,100,0
347,1388,594,79,596,3,right+B,0.03163474053144455,0.22199532389640808,0.11504508554935455,0.5988489389419556,0.03247591108083725,1.1105129718780518,0.0,488.0,289,2,331,0,0,0,100,100,0
348,1392,594,79,596,3,right+B,0.03196817263960838,0.22325463593006134,0.11012701690196991,0.6034256219863892,0.031224623322486877,1.1008294820785522,0.0,488.0,290,2,331,0,0,0,100,100,0
349,1396,594,79,596,1,right,0.032316628843545914,0.22395114600658417,0.11109437048435211,0.6007153391838074,0.031922392547130585,1.1062365770339966,0.0,488.0,291,2,331,0,0,0,100,100,0
350,1400,594,79,596,3,right+B,0.03152184188365936,0.2201765775680542,0.10420875251293182,0.6137201189994812,0.03037274442613125,1.0835825204849243,-1.0,487.0,292,2,330,0,0,0,100,100,0
351,1404,594,79,596,3,right+B,0.03306792303919792,0.2282382845878601,0.11129266023635864,0.5948308110237122,0.03257032856345177,1.1148134469985962,0.0,487.0,293,2,330,0,0,0,100,100,0
352,1408,594,79,596,3,right+B,0.033767543733119965,0.23272310197353363,0.11439608782529831,0.5851361751556396,0.033977095037698746,1.1302158832550049,0.0,487.0,294,2,330,0,0,0,100,100,0
353,1412,594,93,596,2,right+A,0.03330592066049576,0.2260478138923645,0.11492517590522766,0.5909947752952576,0.034726325422525406,1.125602126121521,0.0,487.0,295,2,330,0,0,0,100,100,0
354,1416,594,108,596,1,right,0.0353178009390831,0.23780089616775513,0.1183578297495842,0.5716406106948853,0.036882802844047546,1.1536202430725098,0.0,487.0,296,2,330,0,0,0,100,100,0
355,1420,594,112,596,3,right+B,0.0343436561524868,0.2357570230960846,0.11497599631547928,0.5800535082817078,0.03486981987953186,1.138084053993225,-1.0,486.0,297,2,329,0,0,0,100,100,0
356,1424,594,106,596,3,right+B,0.03422757238149643,0.23524971306324005,0.12868642807006836,0.5642058849334717,0.037630461156368256,1.1661369800567627,0.0,486.0,298,2,329,0,0,0,100,100,0
357,1428,594,89,596,1,right,0.03314034268260002,0.2347859889268875,0.12977539002895355,0.565144956111908,0.03715328127145767,1.1629756689071655,0.0,486.0,299,2,329,0,0,0,100,100,0
358,1432,594,79,596,3,right+B,0.03078538551926613,0.22263820469379425,0.12650734186172485,0.5855196118354797,0.034549470990896225,1.132826328277588,0.0,486.0,300,2,329,0,0,0,100,100,0
359,1436,594,79,596,3,right+B,0.030812183395028114,0.22265096008777618,0.11603888124227524,0.5981828570365906,0.03231516852974892,1.1098991632461548,0.0,486.0,301,2,329,0,0,0,100,100,0
360,1440,594,79,596,1,right,0.030244363471865654,0.2216360867023468,0.11713894456624985,0.5988724231719971,0.03210810571908951,1.1083977222442627,-1.0,485.0,302,2,328,0,0,0,100,100,0
361,1444,594,79,596,3,right+B,0.031141042709350586,0.2272946685552597,0.11489804834127426,0.5951352715492249,0.03153090924024582,1.1112313270568848,0.0,485.0,303,2,328,0,0,0,100,100,0
362,1448,594,79,596,3,right+B,0.029863715171813965,0.21881800889968872,0.11894939094781876,0.5999205708503723,0.03244827315211296,1.1083725690841675,0.0,485.0,304,2,328,0,0,0,100,100,0
363,1452,594,79,596,3,right+B,0.03215041011571884,0.22940830886363983,0.1353352814912796,0.5657851696014404,0.037320833653211594,1.163885235786438,0.0,485.0,305,2,328,0,0,0,100,100,0
364,1456,594,79,596,1,right,0.03577028959989548,0.2440822422504425,0.15588387846946716,0.5206740498542786,0.04358955845236778,1.2294588088989258,0.0,485.0,306,2,328,0,0,0,100,100,0
365,1460,594,79,596,3,right+B,0.0351342037320137,0.23962977528572083,0.15877395868301392,0.5227901339530945,0.0436718575656414,1.2279942035675049,-1.0,484.0,307,2,327,0,0,0,100,100,0
366,1464,594,93,596,2,right+A,0.03328973054885864,0.23118956387043,0.14983731508255005,0.5444878339767456,0.041195571422576904,1.1986613273620605,0.0,484.0,308,2,327,0,0,0,100,100,0
367,1468,594,108,596,3,right+B,0.03486500307917595,0.23693174123764038,0.16067683696746826,0.5226634740829468,0.044862858951091766,1.2303431034088135,0.0,484.0,309,2,327,0,0,0,100,100,0
368,1472,594,112,596,3,right+B,0.035198722034692764,0.2372865080833435,0.167789489030838,0.5134720206260681,0.04625321924686432,1.2430710792541504,0.0,484.0,310,2,327,0,0,0,100,100,0
369,1476,594,106,596,1,right,0.0360797643661499,0.239043191075325,0.18735955655574799,0.48668375611305237,0.05083369463682175,1.2776552438735962,0.0,484.0,311,2,327,0,0,0,100,100,0
370,1480,594,89,596,4,right+A+B,0.03495226055383682,0.23656637966632843,0.17789341509342194,0.5026455521583557,0.0479423962533474,1.2567763328552246,-1.0,483.0,312,2,326,0,0,0,100,100,0
371,1484,594,79,596,4,right+A+B,0.03287849947810173,0.22848263382911682,0.15440617501735687,0.5425509214401245,0.041681718081235886,1.2022497653961182,0.0,483.0,313,2,326,0,0,0,100,100,0
372,1488,594,79,596,3,right+B,0.03412262350320816,0.2378046065568924,0.15395575761795044,0.5336539149284363,0.04046313464641571,1.2098033428192139,0.0,483.0,314,2,326,0,0,0,100,100,0
373,1492,594,79,596,1,right,0.03536117821931839,0.24343417584896088,0.15610089898109436,0.5234875082969666,0.04161620885133743,1.2231833934783936,0.0,483.0,315,2,326,0,0,0,100,100,0
374,1496,594,93,596,4,right+A+B,0.03386268392205238,0.2368568778038025,0.14923658967018127,0.5391711592674255,0.04087265580892563,1.2034060955047607,0.0,483.0,316,2,326,0,0,0,100,100,0
375,1500,594,108,596,3,right+B,0.03344041109085083,0.23537074029445648,0.1391790509223938,0.5521265864372253,0.03988321125507355,1.1850230693817139,-1.0,482.0,317,2,325,0,0,0,100,100,0
376,1504,594,112,596,1,right,0.032521527260541916,0.22677195072174072,0.12154621630907059,0.5829787850379944,0.036181461066007614,1.1387262344360352,0.0,482.0,318,2,325,0,0,0,100,100,0
377,1508,594,106,596,1,right,0.03275608271360397,0.22938185930252075,0.12938664853572845,0.5716266632080078,0.03684871271252632,1.1556339263916016,0.0,482.0,319,2,325,0,0,0,100,100,0
378,1512,594,89,596,1,right,0.03296659514307976,0.23351708054542542,0.12268316745758057,0.5749816298484802,0.03585159778594971,1.1470807790756226,0.0,482.0,320,2,325,0,0,0,100,100,0
379,1516,594,79,596,3,right+B,0.03043096326291561,0.21787679195404053,0.09686661511659622,0.6250967979431152,0.02972889505326748,1.0626245737075806,0.0,482.0,321,2,325,0,0,0,100,100,0
380,1520,594,79,596,1,right,0.030260561034083366,0.21506160497665405,0.09438484907150269,0.6318612098693848,0.028431834653019905,1.0504481792449951,-1.0,481.0,322,2,324,0,0,0,100,100,0
381,1524,594,79,596,1,right,0.02978544309735298,0.21204523742198944,0.09809433668851852,0.6313462853431702,0.028728628531098366,1.0536279678344727,0.0,481.0,323,2,324,0,0,0,100,100,0
382,1528,594,79,596,3,right+B,0.03300957381725311,0.2299313247203827,0.12372489273548126,0.5790600180625916,0.034274205565452576,1.1411231756210327,0.0,481.0,324,2,324,0,0,0,100,100,0
383,1532,594,79,596,3,right+B,0.035933610051870346,0.2431827038526535,0.15247386693954468,0.5274264216423035,0.04098338261246681,1.218475580215454,0.0,481.0,325,2,324,0,0,0,100,100,0
384,1536,594,79,596,3,right+B,0.03405904397368431,0.23239447176456451,0.14771555364131927,0.5462809205055237,0.039549991488456726,1.1947941780090332,0.0,481.0,326,2,324,0,0,0,100,100,0
385,1540,594,79,596,3,right+B,0.03397635370492935,0.23305493593215942,0.1504732221364975,0.5422495007514954,0.04024601727724075,1.2005157470703125,-1.0,480.0,327,2,323,0,0,0,100,100,0
386,1544,594,79,596,1,right,0.03524138405919075,0.23790274560451508,0.15294846892356873,0.5322391390800476,0.04166829586029053,1.2147743701934814,0.0,480.0,328,2,323,0,0,0,100,100,0
387,1548,594,79,596,3,right+B,0.03288182243704796,0.22919735312461853,0.13582290709018707,0.5650885105133057,0.03700932487845421,1.1656317710876465,0.0,480.0,329,2,323,0,0,0,100,100,0
388,1552,594,79,596,0,NOOP,0.03297751024365425,0.22970259189605713,0.12088867276906967,0.5826916694641113,0.03373948112130165,1.1348824501037598,0.0,480.0,330,2,323,0,0,0,100,100,0
389,1556,594,79,596,1,right,0.033318791538476944,0.22940468788146973,0.119766004383564,0.5834147334098816,0.03409578651189804,1.1348251104354858,0.0,480.0,331,2,323,0,0,0,100,100,0
390,1560,594,93,596,2,right+A,0.0320255272090435,0.22514303028583527,0.11235801875591278,0.5975666046142578,0.03290676325559616,1.1115484237670898,-1.0,479.0,332,2,322,0,0,0,100,100,0
391,1564,594,108,596,3,right+B,0.03068692237138748,0.22277547419071198,0.11355932056903839,0.599295437335968,0.033682845532894135,1.1095188856124878,0.0,479.0,333,2,322,0,0,0,100,100,0
392,1568,594,112,596,3,right+B,0.03162425383925438,0.22604529559612274,0.11537675559520721,0.5928725600242615,0.0340811163187027,1.119620680809021,0.0,479.0,334,2,322,0,0,0,100,100,0
393,1572,594,106,596,3,right+B,0.0310372207313776,0.22254273295402527,0.11634018272161484,0.5960155129432678,0.03406431898474693,1.1160067319869995,0.0,479.0,335,2,322,0,0,0,100,100,0
394,1576,594,89,596,3,right+B,0.031173571944236755,0.22562389075756073,0.12860064208507538,0.5776491165161133,0.036952778697013855,1.1466913223266602,0.0,479.0,336,2,322,0,0,0,100,100,0
395,1580,594,79,596,1,right,0.030775228515267372,0.22283850610256195,0.12462323904037476,0.5859317183494568,0.03583130985498428,1.1336930990219116,-1.0,478.0,337,2,321,0,0,0,100,100,0
396,1584,594,79,596,1,right,0.03094024956226349,0.2228839099407196,0.1208670511841774,0.5906661152839661,0.03464275225996971,1.1249909400939941,0.0,478.0,338,2,321,0,0,0,100,100,0
397,1588,594,79,596,3,right+B,0.030955566093325615,0.22335195541381836,0.12008436024188995,0.5908229947090149,0.03478504717350006,1.1246507167816162,0.0,478.0,339,2,321,0,0,0,100,100,0
398,1592,594,79,596,1,right,0.0295933336019516,0.21583014726638794,0.11134377121925354,0.6104379296302795,0.03279487416148186,1.0928887128829956,0.0,478.0,340,2,321,0,0,0,100,100,0
399,1596,594,93,596,4,right+A+B,0.030427388846874237,0.2180413007736206,0.11847799271345139,0.5979053378105164,0.03514798358082771,1.1162726879119873,0.0,478.0,341,2,321,0,0,0,100,100,0
400,1600,594,108,596,3,right+B,0.030963243916630745,0.22062407433986664,0.12084049731492996,0.5912832617759705,0.03628896549344063,1.127432942390442,-1.0,477.0,342,2,320,0,0,0,100,100,0
401,1604,594,112,596,3,right+B,0.03112112358212471,0.22087019681930542,0.11849848926067352,0.5937778353691101,0.03573240712285042,1.1228364706039429,0.0,477.0,343,2,320,0,0,0,100,100,0
402,1608,594,106,596,3,right+B,0.031096482649445534,0.22038863599300385,0.12634769082069397,0.5847435593605042,0.03742365539073944,1.139327049255371,0.0,477.0,344,2,320,0,0,0,100,100,0
403,1612,594,89,596,3,right+B,0.03116275556385517,0.22148466110229492,0.12462785094976425,0.585116982460022,0.037607789039611816,1.1384470462799072,0.0,477.0,345,2,320,0,0,0,100,100,0
404,1616,594,79,596,3,right+B,0.030954178422689438,0.21973010897636414,0.12138459086418152,0.5918928384780884,0.03603823482990265,1.1266849040985107,0.0,477.0,346,2,320,0,0,0,100,100,0
405,1620,594,79,596,3,right+B,0.03083111345767975,0.22002889215946198,0.1171189695596695,0.5973080992698669,0.0347130186855793,1.1160247325897217,-1.0,476.0,347,2,319,0,0,0,100,100,0
406,1624,594,79,596,0,NOOP,0.030950304120779037,0.2223179042339325,0.11888860911130905,0.5935115814208984,0.03433162346482277,1.120422601699829,0.0,476.0,348,2,319,0,0,0,100,100,0
407,1628,594,79,596,3,right+B,0.030703764408826828,0.220858633518219,0.11581982672214508,0.598686695098877,0.03393100947141647,1.1121149063110352,0.0,476.0,349,2,319,0,0,0,100,100,0
408,1632,594,79,596,3,right+B,0.03083084709942341,0.22048410773277283,0.12234554439783096,0.5911187529563904,0.03522064536809921,1.1262872219085693,0.0,476.0,350,2,319,0,0,0,100,100,0
409,1636,594,79,596,1,right,0.03173736110329628,0.22527362406253815,0.12059016525745392,0.5873566269874573,0.03504227474331856,1.1303300857543945,0.0,476.0,351,2,319,0,0,0,100,100,0
410,1640,594,79,596,3,right+B,0.03125486150383949,0.2226240336894989,0.11496163159608841,0.5979011654853821,0.0332583487033844,1.1121493577957153,-1.0,475.0,352,2,318,0,0,0,100,100,0
411,1644,594,79,596,1,right,0.0308499988168478,0.21855542063713074,0.10853008925914764,0.6103715896606445,0.03169296309351921,1.0914180278778076,0.0,475.0,353,2,318,0,0,0,100,100,0
412,1648,594,79,596,1,right,0.031570177525281906,0.2221672534942627,0.1086125373840332,0.6059604287147522,0.03168962895870209,1.097355604171753,0.0,475.0,354,2,318,0,0,0,100,100,0
413,1652,594,79,596,3,right+B,0.03244687616825104,0.22422482073307037,0.10951270163059235,0.6016120910644531,0.032203447073698044,1.1050288677215576,0.0,475.0,355,2,318,0,0,0,100,100,0
414,1656,594,79,596,3,right+B,0.03260002285242081,0.22324606776237488,0.10730897635221481,0.6053270101547241,0.03151794895529747,1.098705530166626,0.0,475.0,356,2,318,0,0,0,100,100,0
415,1660,594,79,596,3,right+B,0.032687243074178696,0.2251405417919159,0.10870238393545151,0.6011679768562317,0.03230177238583565,1.1055361032485962,-1.0,474.0,357,2,317,0,0,0,100,100,0
416,1664,594,79,596,3,right+B,0.03423857316374779,0.23211783170700073,0.11580553650856018,0.5836695432662964,0.034168582409620285,1.1338318586349487,0.0,474.0,358,2,317,0,0,0,100,100,0
417,1668,594,79,596,3,right+B,0.03353217616677284,0.23039327561855316,0.11449843645095825,0.5875972509384155,0.033978819847106934,1.1275506019592285,0.0,474.0,359,2,317,0,0,0,100,100,0
418,1672,594,79,596,3,right+B,0.03496888279914856,0.23608192801475525,0.12339457124471664,0.5689146518707275,0.036639999598264694,1.1582865715026855,0.0,474.0,360,2,317,0,0,0,100,100,0
419,1676,594,79,596,3,right+B,0.035080112516880035,0.23825205862522125,0.1214328482747078,0.5693991184234619,0.035835787653923035,1.1552668809890747,0.0,474.0,361,2,317,0,0,0,100,100,0
420,1680,594,79,596,3,right+B,0.03388899564743042,0.23634256422519684,0.11999693512916565,0.5755398869514465,0.03423155099153519,1.143522024154663,-1.0,473.0,362,2,316,0,0,0,100,100,0
421,1684,594,79,596,3,right+B,0.03280267119407654,0.23345309495925903,0.1177293062210083,0.5824156403541565,0.03359935060143471,1.1324304342269897,0.0,473.0,363,2,316,0,0,0,100,100,0
422,1688,594,79,596,3,right+B,0.030941780656576157,0.22315029799938202,0.1136564165353775,0.6001133322715759,0.03213820606470108,1.106324315071106,0.0,473.0,364,2,316,0,0,0,100,100,0
423,1692,594,79,596,3,right+B,0.03209169581532478,0.2291496992111206,0.12284267693758011,0.5814874768257141,0.03442850708961487,1.1368236541748047,0.0,473.0,365,2,316,0,0,0,100,100,0
424,1696,594,79,596,1,right,0.03193312883377075,0.22965794801712036,0.11356493830680847,0.592349648475647,0.03249436244368553,1.1164295673370361,0.0,473.0,366,2,316,0,0,0,100,100,0
425,1700,594,93,596,2,right+A,0.03206191956996918,0.22912956774234772,0.12169817835092545,0.5832175612449646,0.03389282524585724,1.1334128379821777,-1.0,472.0,367,2,315,0,0,0,100,100,0
426,1704,594,108,596,1,right,0.032421741634607315,0.2300211638212204,0.12027173489332199,0.5836144685745239,0.033670879900455475,1.1324098110198975,0.0,472.0,368,2,315,0,0,0,100,100,0
427,1708,594,112,596,3,right+B,0.031740713864564896,0.22668880224227905,0.13322776556015015,0.5714383125305176,0.036904312670230865,1.1560423374176025,0.0,472.0,369,2,315,0,0,0,100,100,0
428,1712,594,106,596,1,right,0.03513246402144432,0.24041351675987244,0.16170814633369446,0.5181325078010559,0.044613342732191086,1.2343757152557373,0.0,472.0,370,2,315,0,0,0,100,100,0
429,1716,594,89,596,2,right+A,0.03652360290288925,0.24446934461593628,0.17070232331752777,0.5007809996604919,0.04752376303076744,1.258150339126587,0.0,472.0,371,2,315,0,0,0,100,100,0
430,1720,594,79,596,1,right,0.0343371219933033,0.23702485859394073,0.1552802324295044,0.5318080186843872,0.04154973849654198,1.214186668395996,-1.0,471.0,372,2,314,0,0,0,100,100,0
431,1724,594,79,596,3,right+B,0.03351346403360367,0.23265375196933746,0.14920297265052795,0.5449297428131104,0.03970009833574295,1.1958272457122803,0.0,471.0,373,2,314,0,0,0,100,100,0
432,1728,594,93,596,2,right+A,0.03398961201310158,0.2348671704530716,0.15406394004821777,0.5360226631164551,0.04105659946799278,1.208700180053711,0.0,471.0,374,2,314,0,0,0,100,100,0
433,1732,594,109,596,4,right+A+B,0.03516925871372223,0.2396215945482254,0.1602732390165329,0.5211141705513,0.043821729719638824,1.2302311658859253,0.0,471.0,375,2,314,0,0,0,100,100,0
434,1736,595,121,596,3,right+B,0.03627818077802658,0.24299030005931854,0.1732029765844345,0.49991703033447266,0.04761144891381264,1.2593207359313965,0.0,471.0,376,2,314,0,0,0,100,100,0
435,1740,597,127,597,3,right+B,0.03392377868294716,0.23249422013759613,0.1615801304578781,0.5275413393974304,0.04446050152182579,1.2242801189422607,0.0,471.0,0,2,313,0,0,0,100,100,0
436,1744,600,127,600,0,NOOP,0.034198611974716187,0.23704808950424194,0.15913334488868713,0.526481032371521,0.04313886538147926,1.2225161790847778,3.0,474.0,0,2,313,0,0,0,100,100,0
437,1748,603,141,603,2,right+A,0.035531431436538696,0.24274544417858124,0.1598636507987976,0.5184728503227234,0.0433865524828434,1.232042670249939,3.0,477.0,0,2,313,0,0,0,100,100,0
438,1752,606,156,606,1,right,0.03348572552204132,0.22671695053577423,0.17870491743087769,0.5146484971046448,0.046443939208984375,1.2423583269119263,3.0,480.0,0,2,313,0,0,0,100,100,0
439,1756,611,160,611,3,right+B,0.030351532623171806,0.20776315033435822,0.20750992000102997,0.5056040287017822,0.0487714484333992,1.2510135173797607,5.0,485.0,0,2,313,0,0,0,100,100,0
440,1760,616,154,616,2,right+A,0.027373554185032845,0.18336127698421478,0.2852766811847687,0.44810500741004944,0.055883508175611496,1.2882529497146606,4.0,489.0,0,2,312,0,0,0,100,100,0
441,1764,623,137,623,2,right+A,0.023333897814154625,0.12094246596097946,0.5819153189659119,0.1795639544725418,0.09424445033073425,1.1891796588897705,7.0,496.0,0,2,312,0,0,0,100,100,0
442,1768,630,127,630,2,right+A,0.01908646523952484,0.08427593857049942,0.7151147723197937,0.0908760204911232,0.09064678102731705,0.9593833684921265,7.0,503.0,0,2,312,0,0,0,100,100,0
443,1772,638,127,638,3,right+B,0.011628322303295135,0.03467853367328644,0.8226731419563293,0.0176724661141634,0.11334756761789322,0.6470683813095093,8.0,511.0,0,2,312,0,0,0,100,100,0
444,1776,647,123,647,2,right+A,0.024692505598068237,0.07197881489992142,0.6971245408058167,0.04343842342495918,0.1627657264471054,0.9640462398529053,9.0,520.0,0,2,312,0,0,0,100,100,0
445,1780,658,109,658,2,right+A,0.042096562683582306,0.1253724992275238,0.5387524962425232,0.10040943324565887,0.1933690309524536,1.2754287719726562,10.0,530.0,0,2,311,0,0,0,100,100,0
446,1784,670,89,670,1,right,0.05822816491127014,0.2473422735929489,0.19881051778793335,0.3921089470386505,0.10351002216339111,1.4341250658035278,12.0,542.0,0,2,311,0,0,0,100,100,0
447,1788,682,101,682,3,right+B,0.05066312849521637,0.2173430174589157,0.2588863670825958,0.36202922463417053,0.11107826232910156,1.4446113109588623,12.0,554.0,0,2,311,0,0,0,100,100,0
448,1792,694,102,694,1,right,0.045918386429548264,0.18460078537464142,0.3510269820690155,0.2600017488002777,0.1584520936012268,1.4630074501037598,13.0,567.0,0,2,311,0,0,0,200,200,0
449,1796,706,93,706,2,right+A,0.040055323392152786,0.14145955443382263,0.4849696755409241,0.14544834196567535,0.18806707859039307,1.3511601686477661,12.0,579.0,0,2,311,0,0,0,200,200,0
450,1800,718,79,718,2,right+A,0.04459511488676071,0.17660459876060486,0.4231944680213928,0.1988380402326584,0.15676778554916382,1.4204810857772827,11.0,590.0,0,2,310,0,0,0,200,200,0
451,1804,722,79,722,1,right,0.055755387991666794,0.24620461463928223,0.22029681503772736,0.3901507556438446,0.08759249001741409,1.4198040962219238,4.0,594.0,0,2,310,0,0,0,200,200,0
452,1808,722,79,722,3,right+B,0.05634084343910217,0.262788325548172,0.13722626864910126,0.4753607213497162,0.06828383356332779,1.32259202003479,0.0,594.0,1,2,310,0,0,0,200,200,0
453,1812,722,79,722,1,right,0.061007238924503326,0.2663750946521759,0.14101512730121613,0.4651051163673401,0.06649737805128098,1.335511326789856,0.0,594.0,2,2,310,0,0,0,200,200,0
454,1816,722,79,722,3,right+B,0.06040593236684799,0.2686271369457245,0.12147413194179535,0.4858660101890564,0.06362677365541458,1.3046882152557373,0.0,594.0,3,2,310,0,0,0,200,200,0
455,1820,722,79,722,3,right+B,0.06515010446310043,0.280315101146698,0.1328333169221878,0.4537123739719391,0.06798913329839706,1.3439382314682007,-1.0,593.0,4,2,309,0,0,0,200,200,0
456,1824,722,79,722,3,right+B,0.06342677772045135,0.2799707353115082,0.13354985415935516,0.45698124170303345,0.06607139855623245,1.3376038074493408,0.0,593.0,5,2,309,0,0,0,200,200,0
457,1828,722,79,722,3,right+B,0.06414945423603058,0.2814955413341522,0.14318647980690002,0.4403603672981262,0.07080814242362976,1.3599733114242554,0.0,593.0,6,2,309,0,0,0,200,200,0
458,1832,722,79,722,3,right+B,0.06470784544944763,0.2844456434249878,0.14457806944847107,0.4339101016521454,0.07235835492610931,1.366676688194275,0.0,593.0,7,2,309,0,0,0,200,200,0
459,1836,722,79,722,1,right,0.06477534025907516,0.2840407192707062,0.14052961766719818,0.43953484296798706,0.07111947983503342,1.359861135482788,0.0,593.0,8,2,309,0,0,0,200,200,0
460,1840,722,93,722,2,right+A,0.06303591281175613,0.2806819677352905,0.13546006381511688,0.45313116908073425,0.06769084185361862,1.342610239982605,-1.0,592.0,9,2,308,0,0,0,200,200,0
461,1844,722,108,722,3,right+B,0.06500374525785446,0.2825712561607361,0.14068914949893951,0.4413851499557495,0.07035073637962341,1.3584264516830444,0.0,592.0,10,2,308,0,0,0,200,200,0
462,1848,722,112,722,3,right+B,0.06514184176921844,0.28076282143592834,0.14040349423885345,0.4418790340423584,0.07181277126073837,1.3602209091186523,0.0,592.0,11,2,308,0,0,0,200,200,0
463,1852,722,106,722,0,NOOP,0.06508700549602509,0.27852708101272583,0.14250615239143372,0.4402157962322235,0.07366388291120529,1.3648250102996826,0.0,592.0,12,2,308,0,0,0,200,200,0
464,1856,722,89,722,1,right,0.06568879634141922,0.28032344579696655,0.14612644910812378,0.43350598216056824,0.07435525208711624,1.3720080852508545,0.0,592.0,13,2,308,0,0,0,200,200,0
465,1860,722,79,722,3,right+B,0.06520862877368927,0.2802736759185791,0.14047011733055115,0.44188106060028076,0.07216660678386688,1.3608448505401611,-1.0,591.0,14,2,307,0,0,0,200,200,0
466,1864,722,79,722,0,NOOP,0.06373617053031921,0.27733418345451355,0.13449500501155853,0.4565141499042511,0.06792055070400238,1.3416192531585693,0.0,591.0,15,2,307,0,0,0,200,200,0
467,1868,722,93,722,2,right+A,0.06471240520477295,0.28174689412117004,0.14428380131721497,0.4392525553703308,0.07000438123941422,1.3609213829040527,0.0,591.0,16,2,307,0,0,0,200,200,0
468,1872,722,109,722,4,right+A+B,0.06820877641439438,0.28396281599998474,0.16405680775642395,0.40481385588645935,0.07895775139331818,1.4037226438522339,0.0,591.0,17,2,307,0,0,0,200,200,0
469,1876,722,121,722,3,right+B,0.06675902009010315,0.28251054883003235,0.1602495163679123,0.4133273661136627,0.07715347409248352,1.3940644264221191,0.0,591.0,18,2,307,0,0,0,200,200,0
470,1880,722,122,722,2,right+A,0.06617892533540726,0.281496524810791,0.15778711438179016,0.4181124269962311,0.07642495632171631,1.3890106678009033,-1.0,590.0,19,2,306,0,0,0,200,200,0
471,1884,722,113,722,3,right+B,0.06578303873538971,0.2797219753265381,0.15103816986083984,0.42763185501098633,0.07582490146160126,1.3797191381454468,0.0,590.0,20,2,306,0,0,0,200,200,0
472,1888,722,94,722,3,right+B,0.06442850828170776,0.2788292467594147,0.13842949271202087,0.44752001762390137,0.07079272717237473,1.3537940979003906,0.0,590.0,21,2,306,0,0,0,200,200,0
473,1892,722,79,722,2,right+A,0.06371507793664932,0.2745465338230133,0.13654682040214539,0.4542044699192047,0.0709870383143425,1.3484346866607666,0.0,590.0,22,2,306,0,0,0,200,200,0
474,1896,722,79,722,1,right,0.06472629308700562,0.27822545170783997,0.1395566463470459,0.4460611939430237,0.07143039256334305,1.3565728664398193,0.0,590.0,23,2,306,0,0,0,200,200,0
475,1900,722,79,722,3,right+B,0.06557577103376389,0.2805326581001282,0.14360293745994568,0.43777579069137573,0.07251285761594772,1.3658275604248047,-1.0,589.0,24,2,305,0,0,0,200,200,0
476,1904,722,79,722,1,right,0.06597151607275009,0.2827379107475281,0.14718833565711975,0.4311025142669678,0.07299976050853729,1.3723249435424805,0.0,589.0,25,2,305,0,0,0,200,200,0
477,1908,722,79,722,3,right+B,0.06462080031633377,0.277297705411911,0.14053374528884888,0.4467882215976715,0.07075957953929901,1.355829119682312,0.0,589.0,26,2,305,0,0,0,200,200,0
478,1912,722,79,722,3,right+B,0.06425533443689346,0.27771174907684326,0.1362416297197342,0.45318278670310974,0.06860852241516113,1.346245527267456,0.0,589.0,27,2,305,0,0,0,200,200,0
479,1916,722,79,722,1,right,0.06624315679073334,0.28313276171684265,0.14156216382980347,0.4382864534854889,0.07077549397945404,1.3628020286560059,0.0,589.0,28,2,305,0,0,0,200,200,0
480,1920,722,79,722,1,right,0.0645739734172821,0.2814204692840576,0.14186859130859375,0.44240614771842957,0.06973086297512054,1.3572876453399658,-1.0,588.0,29,2,304,0,0,0,200,200,0
481,1924,722,79,722,1,right,0.06553412228822708,0.28346309065818787,0.14792165160179138,0.4308060109615326,0.07227517664432526,1.3713034391403198,0.0,588.0,30,2,304,0,0,0,200,200,0
482,1928,722,79,722,1,right,0.06470971554517746,0.2810974717140198,0.14037862420082092,0.44399091601371765,0.06982332468032837,1.355867624282837,0.0,588.0,31,2,304,0,0,0,200,200,0
483,1932,722,79,722,1,right,0.063527412712574,0.27836874127388,0.13439729809761047,0.4558667242527008,0.0678398534655571,1.3414478302001953,0.0,588.0,32,2,304,0,0,0,200,200,0
484,1936,722,79,722,3,right+B,0.06426821649074554,0.28268712759017944,0.13240376114845276,0.4516247808933258,0.06901605427265167,1.3447610139846802,0.0,588.0,33,2,304,0,0,0,200,200,0
485,1940,722,79,722,3,right+B,0.06419552117586136,0.2831306457519531,0.13328905403614044,0.4502136707305908,0.06917115300893784,1.3461991548538208,-1.0,587.0,34,2,303,0,0,0,200,200,0
486,1944,722,93,722,2,right+A,0.06239129602909088,0.27901506423950195,0.12550659477710724,0.46776720881462097,0.06531979888677597,1.3233546018600464,0.0,587.0,35,2,303,0,0,0,200,200,0
487,1948,722,108,722,1,right,0.06314225494861603,0.2807122468948364,0.1335115134716034,0.45389658212661743,0.06873735785484314,1.3424485921859741,0.0,587.0,36,2,303,0,0,0,200,200,0
488,1952,722,112,722,2,right+A,0.06333065032958984,0.277593731880188,0.13820023834705353,0.45092421770095825,0.06995124369859695,1.3492310047149658,0.0,587.0,37,2,303,0,0,0,200,200,0
489,1956,722,106,722,1,right,0.06336945295333862,0.2782750129699707,0.1361178606748581,0.45302921533584595,0.06920837610960007,1.3457651138305664,0.0,587.0,38,2,303,0,0,0,200,200,0
490,1960,722,89,722,3,right+B,0.06126926839351654,0.2753814160823822,0.12879517674446106,0.46887171268463135,0.06568244099617004,1.3241782188415527,-1.0,586.0,39,2,302,0,0,0,200,200,0
491,1964,722,79,722,3,right+B,0.06183476746082306,0.2749040722846985,0.12753380835056305,0.4702261984348297,0.06550106406211853,1.3230770826339722,0.0,586.0,40,2,302,0,0,0,200,200,0
492,1968,722,79,722,3,right+B,0.06112690269947052,0.2732756435871124,0.12385306507349014,0.47834527492523193,0.06339913606643677,1.3116545677185059,0.0,586.0,41,2,302,0,0,0,200,200,0
493,1972,722,79,722,1,right,0.06294403970241547,0.2773404121398926,0.12862123548984528,0.46580109000205994,0.06529318541288376,1.327597975730896,0.0,586.0,42,2,302,0,0,0,200,200,0
494,1976,722,79,722,1,right,0.06327306479215622,0.2773111164569855,0.125656858086586,0.4679189622402191,0.06583995372056961,1.3254585266113281,0.0,586.0,43,2,302,0,0,0,200,200,0
495,1980,722,79,722,3,right+B,0.06324057281017303,0.27580970525741577,0.1260673552751541,0.46884220838546753,0.06604023277759552,1.325534701347351,-1.0,585.0,44,2,301,0,0,0,200,200,0
496,1984,722,79,722,3,right+B,0.06361565738916397,0.2768954038619995,0.12601912021636963,0.467054545879364,0.06641529500484467,1.3275260925292969,0.0,585.0,45,2,301,0,0,0,200,200,0
497,1988,722,79,722,3,right+B,0.06280834227800369,0.27594780921936035,0.12519270181655884,0.46971163153648376,0.06633953005075455,1.3241736888885498,0.0,585.0,46,2,301,0,0,0,200,200,0
498,1992,722,79,722,3,right+B,0.06435398012399673,0.2779552638530731,0.1306266337633133,0.4589836001396179,0.06808048486709595,1.3386555910110474,0.0,585.0,47,2,301,0,0,0,200,200,0
499,1996,722,79,722,3,right+B,0.06397107243537903,0.2769051492214203,0.1298603117465973,0.461775541305542,0.06748791038990021,1.335266351699829,0.0,585.0,48,2,301,0,0,0,200,200,0
500,2000,722,79,722,0,NOOP,0.06367946416139603,0.27646902203559875,0.12956511974334717,0.46331751346588135,0.06696882843971252,1.3330882787704468,-1.0,584.0,49,2,300,0,0,0,200,200,0
501,2004,722,79,722,3,right+B,0.06412768363952637,0.27717211842536926,0.12998414039611816,0.4609440267086029,0.06777207553386688,1.3364142179489136,0.0,584.0,50,2,300,0,0,0,200,200,0
502,2008,722,79,722,3,right+B,0.0651879832148552,0.276364266872406,0.13412541151046753,0.4553694725036621,0.06895285099744797,1.3454816341400146,0.0,584.0,51,2,300,0,0,0,200,200,0
503,2012,722,79,722,1,right,0.06510252505540848,0.2769378125667572,0.1339832991361618,0.4555712342262268,0.06840517371892929,1.3443912267684937,0.0,584.0,52,2,300,0,0,0,200,200,0
504,2016,722,79,722,1,right,0.06438475102186203,0.2755260169506073,0.13259673118591309,0.45954108238220215,0.06795137375593185,1.3397011756896973,0.0,584.0,53,2,300,0,0,0,200,200,0
505,2020,722,79,722,3,right+B,0.06437284499406815,0.2767121195793152,0.1328716278076172,0.45757704973220825,0.06846632063388824,1.3416014909744263,-1.0,583.0,54,2,299,0,0,0,200,200,0
506,2024,722,93,722,2,right+A,0.06406065821647644,0.2760297358036041,0.13155612349510193,0.4596967101097107,0.0686567947268486,1.3393677473068237,0.0,583.0,55,2,299,0,0,0,200,200,0
507,2028,722,108,722,0,NOOP,0.0635812059044838,0.27674779295921326,0.1311882883310318,0.4591684937477112,0.06931419670581818,1.3395721912384033,0.0,583.0,56,2,299,0,0,0,200,200,0
508,2032,722,112,722,1,right,0.0640573725104332,0.27698349952697754,0.13495703041553497,0.4533003568649292,0.07070162147283554,1.3478708267211914,0.0,583.0,57,2,299,0,0,0,200,200,0
509,2036,722,106,722,1,right,0.06422318518161774,0.27664676308631897,0.13668809831142426,0.45069676637649536,0.07174517959356308,1.352039098739624,0.0,583.0,58,2,299,0,0,0,200,200,0
510,2040,722,89,722,0,NOOP,0.06311162561178207,0.27389538288116455,0.13369068503379822,0.45867809653282166,0.0706242248415947,1.3427587747573853,-1.0,582.0,59,2,298,0,0,0,200,200,0
511,2044,722,79,722,1,right,0.06234686076641083,0.27215227484703064,0.12860238552093506,0.46845266222953796,0.06844589859247208,1.3297489881515503,0.0,582.0,60,2,298,0,0,0,200,200,0
512,2048,722,93,722,4,right+A+B,0.06178101524710655,0.27147376537323,0.12527883052825928,0.4750994145870209,0.06636699289083481,1.3198187351226807,0.0,582.0,61,2,298,0,0,0,200,200,0
513,2052,722,108,722,3,right+B,0.06352759152650833,0.275723934173584,0.13471148908138275,0.4562387764453888,0.06979820877313614,1.3442169427871704,0.0,582.0,62,2,298,0,0,0,200,200,0
514,2056,722,112,722,1,right,0.06400296837091446,0.2761940062046051,0.13964147865772247,0.4485984444618225,0.0715629830956459,1.3545403480529785,0.0,582.0,63,2,298,0,0,0,200,200,0
515,2060,722,106,722,1,right,0.06455062329769135,0.2765294015407562,0.14369109272956848,0.44222813844680786,0.07300066202878952,1.3630138635635376,-1.0,581.0,64,2,297,0,0,0,200,200,0
516,2064,722,89,722,1,right,0.06320129334926605,0.2738373577594757,0.13818630576133728,0.4541805684566498,0.07059439271688461,1.3482962846755981,0.0,581.0,65,2,297,0,0,0,200,200,0
517,2068,722,79,722,3,right+B,0.06269107013940811,0.2733284831047058,0.1323893964290619,0.46287643909454346,0.06871463358402252,1.3364018201828003,0.0,581.0,66,2,297,0,0,0,200,200,0
518,2072,722,79,722,3,right+B,0.061596162617206573,0.271166056394577,0.12587489187717438,0.47552910447120667,0.06583379209041595,1.3190104961395264,0.0,581.0,67,2,297,0,0,0,200,200,0
519,2076,722,79,722,3,right+B,0.06246807798743248,0.2735014855861664,0.12881073355674744,0.4683915674686432,0.06682814657688141,1.3278611898422241,0.0,581.0,68,2,297,0,0,0,200,200,0
520,2080,722,93,722,2,right+A,0.06322964280843735,0.27546775341033936,0.13177542388439178,0.4606534540653229,0.06887377053499222,1.338122844696045,-1.0,580.0,69,2,296,0,0,0,200,200,0
521,2084,722,108,722,1,right,0.06396165490150452,0.2771069407463074,0.1357429325580597,0.4522024095058441,0.0709860622882843,1.349220633506775,0.0,580.0,70,2,296,0,0,0,200,200,0
522,2088,722,112,722,3,right+B,0.06375602632761002,0.2752394676208496,0.13669148087501526,0.4533318281173706,0.07098117470741272,1.349025011062622,0.0,580.0,71,2,296,0,0,0,200,200,0
523,2092,722,106,722,3,right+B,0.06390006095170975,0.2752770781517029,0.1392969787120819,0.4494495391845703,0.07207630574703217,1.3544306755065918,0.0,580.0,72,2,296,0,0,0,200,200,0
524,2096,722,89,722,4,right+A+B,0.0633436068892479,0.2742615044116974,0.13672329485416412,0.45456331968307495,0.07110819220542908,1.3479969501495361,0.0,580.0,73,2,296,0,0,0,200,200,0
525,2100,722,79,722,3,right+B,0.0628054141998291,0.2725459039211273,0.13214364647865295,0.4634849727153778,0.0690200924873352,1.3364907503128052,-1.0,579.0,74,2,295,0,0,0,200,200,0
526,2104,722,79,722,3,right+B,0.062263090163469315,0.27167460322380066,0.12833791971206665,0.4712742567062378,0.06645014882087708,1.325101613998413,0.0,579.0,75,2,295,0,0,0,200,200,0
527,2108,722,79,722,1,right,0.06317900121212006,0.27467450499534607,0.13257750868797302,0.46209263801574707,0.067476287484169,1.335942268371582,0.0,579.0,76,2,295,0,0,0,200,200,0
528,2112,722,79,722,3,right+B,0.06319734454154968,0.27539917826652527,0.13401402533054352,0.4589596688747406,0.06842978298664093,1.3399580717086792,0.0,579.0,77,2,295,0,0,0,200,200,0
529,2116,722,79,722,1,right,0.06343009322881699,0.2761007249355316,0.13468214869499207,0.4564816355705261,0.06930538266897202,1.343251347541809,0.0,579.0,78,2,295,0,0,0,200,200,0
530,2120,722,79,722,0,NOOP,0.06351473182439804,0.2757113575935364,0.13217653334140778,0.4598839581012726,0.06871340423822403,1.3390092849731445,-1.0,578.0,79,2,294,0,0,0,200,200,0
531,2124,722,79,722,1,right,0.06335517019033432,0.2763214707374573,0.12964901328086853,0.4621942341327667,0.06848010420799255,1.3353793621063232,0.0,578.0,80,2,294,0,0,0,200,200,0
532,2128,722,79,722,1,right,0.06376498937606812,0.2755574584007263,0.13029591739177704,0.4618678689002991,0.06851374357938766,1.3366830348968506,0.0,578.0,81,2,294,0,0,0,200,200,0
533,2132,722,93,722,2,right+A,0.06370607018470764,0.2754574716091156,0.12811659276485443,0.4648374319076538,0.06788238883018494,1.3325213193893433,0.0,578.0,82,2,294,0,0,0,200,200,0
534,2136,722,109,722,2,right+A,0.06477447599172592,0.27760079503059387,0.13352231681346893,0.4532131850719452,0.07088911533355713,1.3481756448745728,0.0,578.0,83,2,294,0,0,0,200,200,0
535,2140,722,122,722,2,right+A,0.06426619738340378,0.27637916803359985,0.1350766122341156,0.4531557857990265,0.07112228870391846,1.3489060401916504,-1.0,577.0,84,2,293,0,0,0,200,200,0
536,2144,722,130,722,3,right+B,0.06540856510400772,0.27940499782562256,0.13887302577495575,0.44347283244132996,0.0728406012058258,1.3602063655853271,0.0,577.0,85,2,293,0,0,0,200,200,0
537,2148,722,129,722,1,right,0.06390935182571411,0.2755606770515442,0.1362779289484024,0.45343077182769775,0.07082121819257736,1.3486924171447754,0.0,577.0,86,2,293,0,0,0,200,200,0
538,2152,722,117,722,3,right+B,0.06437429040670395,0.2746618390083313,0.1400071382522583,0.44951894879341125,0.07143782079219818,1.354710578918457,0.0,577.0,87,2,293,0,0,0,200,200,0
539,2156,722,97,722,1,right,0.06577333062887192,0.27617570757865906,0.14204780757427216,0.4419160485267639,0.07408704608678818,1.365281105041504,0.0,577.0,88,2,293,0,0,0,200,200,0
540,2160,722,79,722,1,right,0.06364560127258301,0.27645042538642883,0.13817138969898224,0.4510385990142822,0.07069399952888489,1.3506373167037964,-1.0,576.0,89,2,292,0,0,0,200,200,0
541,2164,722,79,722,3,right+B,0.06384510546922684,0.2780781686306,0.1377800852060318,0.45020952820777893,0.07008710503578186,1.3502283096313477,0.0,576.0,90,2,292,0,0,0,200,200,0
542,2168,722,79,722,3,right+B,0.0631890520453453,0.2738088071346283,0.12705692648887634,0.4694231152534485,0.06652209907770157,1.3266007900238037,0.0,576.0,91,2,292,0,0,0,200,200,0
543,2172,722,79,722,1,right,0.06410159170627594,0.2779567837715149,0.128386989235878,0.4609459638595581,0.06860872358083725,1.3363280296325684,0.0,576.0,92,2,292,0,0,0,200,200,0
544,2176,722,93,722,4,right+A+B,0.06359382718801498,0.27864333987236023,0.1255592405796051,0.4644358158111572,0.06776777654886246,1.3304046392440796,0.0,576.0,93,2,292,0,0,0,200,200,0
545,2180,722,108,722,1,right,0.06390354782342911,0.2783786356449127,0.12845858931541443,0.46065476536750793,0.06860441714525223,1.3362332582473755,-1.0,575.0,94,2,291,0,0,0,200,200,0
546,2184,722,112,722,1,right,0.06285231560468674,0.2757187783718109,0.12819518148899078,0.4650559723377228,0.0681777223944664,1.3316240310668945,0.0,575.0,95,2,291,0,0,0,200,200,0
547,2188,722,106,722,3,right+B,0.06268580257892609,0.27506762742996216,0.1296633630990982,0.4642336964607239,0.06834949553012848,1.3331619501113892,0.0,575.0,96,2,291,0,0,0,200,200,0
548,2192,722,89,722,0,NOOP,0.06301762908697128,0.2755240201950073,0.1296015977859497,0.46354013681411743,0.06831669062376022,1.3339219093322754,0.0,575.0,97,2,291,0,0,0,200,200,0
549,2196,722,79,722,1,right,0.062034159898757935,0.27379918098449707,0.12753333151340485,0.4702664911746979,0.06636680662631989,1.3245861530303955,0.0,575.0,98,2,291,0,0,0,200,200,0
550,2200,722,79,722,3,right+B,0.06184685602784157,0.2743920385837555,0.12477495521306992,0.4753420352935791,0.06364408135414124,1.3154817819595337,-1.0,574.0,99,2,290,0,0,0,200,200,0
551,2204,722,93,722,4,right+A+B,0.062361814081668854,0.27822795510292053,0.12820254266262054,0.46722477674484253,0.06398288160562515,1.3237593173980713,0.0,574.0,100,2,290,0,0,0,200,200,0
552,2208,722,108,722,3,right+B,0.0631498172879219,0.27894583344459534,0.1345318853855133,0.45536261796951294,0.06800992041826248,1.3414745330810547,0.0,574.0,101,2,290,0,0,0,200,200,0
553,2212,722,112,722,1,right,0.06453568488359451,0.2817283570766449,0.1396351009607315,0.44240763783454895,0.07169327139854431,1.3583935499191284,0.0,574.0,102,2,290,0,0,0,200,200,0
554,2216,722,106,722,4,right+A+B,0.06320956349372864,0.2793452739715576,0.13558346033096313,0.45164284110069275,0.07021878659725189,1.3472152948379517,0.0,574.0,103,2,290,0,0,0,200,200,0
555,2220,722,89,722,1,right,0.06113085150718689,0.27571040391921997,0.13098935782909393,0.46446841955184937,0.06770101934671402,1.3308037519454956,-1.0,573.0,104,2,289,0,0,0,200,200,0
556,2224,722,79,722,3,right+B,0.061201658099889755,0.27530139684677124,0.12837065756320953,0.4685097932815552,0.06661657243967056,1.3252780437469482,0.0,573.0,105,2,289,0,0,0,200,200,0
557,2228,722,79,722,3,right+B,0.06200679391622543,0.2783346176147461,0.12991556525230408,0.4630475342273712,0.0666954517364502,1.3306204080581665,0.0,573.0,106,2,289,0,0,0,200,200,0
558,2232,722,79,722,0,NOOP,0.06347552686929703,0.2815472185611725,0.13477706909179688,0.45113295316696167,0.06906719505786896,1.3456610441207886,0.0,573.0,107,2,289,0,0,0,200,200,0
559,2236,722,93,722,2,right+A,0.06301838159561157,0.28012537956237793,0.134556382894516,0.45358365774154663,0.06871619820594788,1.343156099319458,0.0,573.0,108,2,289,0,0,0,200,200,0
560,2240,722,108,722,3,right+B,0.0654008686542511,0.2828826308250427,0.1418658196926117,0.4383324384689331,0.07151824235916138,1.3627889156341553,-1.0,572.0,109,2,288,0,0,0,200,200,0
561,2244,722,112,722,3,right+B,0.0643707811832428,0.27897077798843384,0.1385396271944046,0.4464680552482605,0.07165072113275528,1.3554539680480957,0.0,572.0,110,2,288,0,0,0,200,200,0
562,2248,722,106,722,1,right,0.06508238613605499,0.27851641178131104,0.14569297432899475,0.4360581338405609,0.0746501162648201,1.3701070547103882,0.0,572.0,111,2,288,0,0,0,200,200,0
563,2252,722,89,722,3,right+B,0.06577597558498383,0.28013840317726135,0.14846360683441162,0.43080803751945496,0.07481390237808228,1.375413417816162,0.0,572.0,112,2,288,0,0,0,200,200,0
564,2256,722,79,722,1,right,0.06360664963722229,0.27803805470466614,0.13703811168670654,0.45129984617233276,0.07001739740371704,1.3487311601638794,0.0,572.0,113,2,288,0,0,0,200,200,0
565,2260,722,79,722,1,right,0.06233901157975197,0.27661949396133423,0.12959621846675873,0.4650403559207916,0.06640491634607315,1.329434871673584,-1.0,571.0,114,2,287,0,0,0,200,200,0
566,2264,722,79,722,3,right+B,0.06417308747768402,0.2806720435619354,0.14031945168972015,0.44479912519454956,0.07003629952669144,1.3549622297286987,0.0,571.0,115,2,287,0,0,0,200,200,0
567,2268,722,93,722,4,right+A+B,0.0667773112654686,0.2829860746860504,0.15482421219348907,0.41817429661750793,0.07723809033632278,1.3891587257385254,0.0,571.0,116,2,287,0,0,0,200,200,0
568,2272,722,108,722,1,right,0.0668463334441185,0.28356027603149414,0.16187423467636108,0.4081694185733795,0.07954971492290497,1.4001049995422363,0.0,571.0,117,2,287,0,0,0,200,200,0
569,2276,722,112,722,3,right+B,0.06571557372808456,0.2794744372367859,0.15618261694908142,0.42231935262680054,0.07630795240402222,1.3855557441711426,0.0,571.0,118,2,287,0,0,0,200,200,0
570,2280,722,106,722,3,right+B,0.06595341861248016,0.2783048450946808,0.1591385155916214,0.4181559085845947,0.07844734191894531,1.3920352458953857,-1.0,570.0,119,2,286,0,0,0,200,200,0
571,2284,722,89,722,3,right+B,0.06480614095926285,0.2784684896469116,0.14780780673027039,0.43377920985221863,0.07513837516307831,1.3727167844772339,0.0,570.0,120,2,286,0,0,0,200,200,0
572,2288,722,79,722,1,right,0.06444878876209259,0.2755906879901886,0.14281250536441803,0.4438478946685791,0.07330002635717392,1.3619208335876465,0.0,570.0,121,2,286,0,0,0,200,200,0
573,2292,722,79,722,1,right,0.06420250982046127,0.27666550874710083,0.1384863704442978,0.4504503011703491,0.07019531726837158,1.3512766361236572,0.0,570.0,122,2,286,0,0,0,200,200,0
574,2296,722,79,722,0,NOOP,0.06609460711479187,0.2827751636505127,0.14853248000144958,0.4296308159828186,0.07296694070100784,1.3739492893218994,0.0,570.0,123,2,286,0,0,0,200,200,0
575,2300,722,79,722,3,right+B,0.06565390527248383,0.28229302167892456,0.14731347560882568,0.43227332830429077,0.07246626168489456,1.3707234859466553,-1.0,569.0,124,2,285,0,0,0,200,200,0
576,2304,722,79,722,1,right,0.0635330080986023,0.27691420912742615,0.1346629559993744,0.4568588435649872,0.06803099811077118,1.3414247035980225,0.0,569.0,125,2,285,0,0,0,200,200,0
577,2308,722,79,722,3,right+B,0.06477537006139755,0.2792934775352478,0.1361933946609497,0.45012375712394714,0.0696140006184578,1.3498520851135254,0.0,569.0,126,2,285,0,0,0,200,200,0
578,2312,722,79,722,0,NOOP,0.0658259391784668,0.28222373127937317,0.14245852828025818,0.436541348695755,0.07295045256614685,1.3665529489517212,0.0,569.0,127,2,285,0,0,0,200,200,0
579,2316,722,79,722,3,right+B,0.06388655304908752,0.2810390591621399,0.14011098444461823,0.444671094417572,0.07029230892658234,1.3548074960708618,0.0,569.0,128,2,285,0,0,0,200,200,0
580,2320,722,79,722,1,right,0.06452637910842896,0.28070518374443054,0.1387796849012375,0.4453573226928711,0.07063136994838715,1.3549726009368896,-1.0,568.0,129,2,284,0,0,0,200,200,0
581,2324,722,93,722,2,right+A,0.06387290358543396,0.27941322326660156,0.13427963852882385,0.4534783661365509,0.06895583122968674,1.3446078300476074,0.0,568.0,130,2,284,0,0,0,200,200,0
582,2328,722,109,722,2,right+A,0.06536950916051865,0.28299880027770996,0.14168451726436615,0.4377497434616089,0.07219745218753815,1.3638031482696533,0.0,568.0,131,2,284,0,0,0,200,200,0
583,2332,722,121,722,3,right+B,0.06406337022781372,0.283345490694046,0.13570041954517365,0.44620150327682495,0.07068923115730286,1.3517636060714722,0.0,568.0,132,2,284,0,0,0,200,200,0
584,2336,722,122,722,1,right,0.06431397050619125,0.2857867181301117,0.1381395310163498,0.43984460830688477,0.07191518694162369,1.3584320545196533,0.0,568.0,133,2,284,0,0,0,200,200,0
585,2340,722,113,722,4,right+A+B,0.06290054321289062,0.280686616897583,0.13186345994472504,0.4548831284046173,0.0696663185954094,1.3416783809661865,-1.0,567.0,134,2,283,0,0,0,200,200,0
586,2344,722,94,722,0,NOOP,0.061735983937978745,0.27591338753700256,0.13059212267398834,0.4651778042316437,0.06658072024583817,1.3294627666473389,0.0,567.0,135,2,283,0,0,0,200,200,0
587,2348,722,79,722,1,right,0.062173690646886826,0.2740630507469177,0.13384445011615753,0.46164122223854065,0.06827764213085175,1.3367278575897217,0.0,567.0,136,2,283,0,0,0,200,200,0
588,2352,722,93,722,2,right+A,0.0598137192428112,0.27286991477012634,0.12141196429729462,0.4829271137714386,0.06297733634710312,1.3045130968093872,0.0,567.0,137,2,283,0,0,0,200,200,0
589,2356,722,108,722,3,right+B,0.061227358877658844,0.276574045419693,0.12677662074565887,0.4701560139656067,0.06526602804660797,1.3212792873382568,0.0,567.0,138,2,283,0,0,0,200,200,0
590,2360,722,112,722,1,right,0.06240803748369217,0.2766423225402832,0.13409557938575745,0.4583897590637207,0.0684642642736435,1.3391858339309692,-1.0,566.0,139,2,282,0,0,0,200,200,0
591,2364,722,106,722,2,right+A,0.06264195591211319,0.27688905596733093,0.134931281208992,0.4558860957622528,0.06965155899524689,1.3430413007736206,0.0,566.0,140,2,282,0,0,0,200,200,0
592,2368,722,89,722,3,right+B,0.06306138634681702,0.2765255272388458,0.13279201090335846,0.4583396315574646,0.06928141415119171,1.3403663635253906,0.0,566.0,141,2,282,0,0,0,200,200,0
593,2372,722,79,722,0,NOOP,0.06241319701075554,0.27312132716178894,0.12294317036867142,0.4751916825771332,0.06633064150810242,1.3188154697418213,0.0,566.0,142,2,282,0,0,0,200,200,0
594,2376,722,79,722,1,right,0.061254214495420456,0.271246999502182,0.11772278696298599,0.4863146245479584,0.06346138566732407,1.302395224571228,0.0,566.0,143,2,282,0,0,0,200,200,0
595,2380,722,93,722,2,right+A,0.061674099415540695,0.2733875513076782,0.12093406170606613,0.4798887073993683,0.06411555409431458,1.310302972793579,-1.0,565.0,144,2,281,0,0,0,200,200,0
596,2384,722,109,722,2,right+A,0.06379556655883789,0.27813923358917236,0.1297179013490677,0.45954012870788574,0.06880715489387512,1.3378857374191284,0.0,565.0,145,2,281,0,0,0,200,200,0
597,2388,722,121,722,3,right+B,0.06478071957826614,0.27821314334869385,0.13547442853450775,0.4507887065410614,0.07074308395385742,1.350581169128418,0.0,565.0,146,2,281,0,0,0,200,200,0
598,2392,722,122,722,0,NOOP,0.06536991894245148,0.2804167866706848,0.13878406584262848,0.4439507722854614,0.07147841900587082,1.3580209016799927,0.0,565.0,147,2,281,0,0,0,200,200,0
599,2396,722,113,722,3,right+B,0.06411690264940262,0.2772817611694336,0.13528123497962952,0.45260947942733765,0.0707106739282608,1.3485429286956787,0.0,565.0,148,2,281,0,0,0,200,200,0
600,2400,722,94,722,4,right+A+B,0.06394875049591064,0.2758888900279999,0.13252776861190796,0.45936352014541626,0.06827113777399063,1.3395529985427856,-1.0,564.0,149,2,280,0,0,0,200,200,0
601,2404,722,79,722,3,right+B,0.06313182413578033,0.27163559198379517,0.13129998743534088,0.4651023745536804,0.068830206990242,1.3352313041687012,0.0,564.0,150,2,280,0,0,0,200,200,0
602,2408,722,79,722,1,right,0.062292322516441345,0.2713513672351837,0.1258673071861267,0.47409191727638245,0.06639709323644638,1.3216326236724854,0.0,564.0,151,2,280,0,0,0,200,200,0
603,2412,722,93,722,4,right+A+B,0.062944695353508,0.2730293571949005,0.12591958045959473,0.4715772271156311,0.06652915477752686,1.3242063522338867,0.0,564.0,152,2,280,0,0,0,200,200,0
604,2416,722,108,722,3,right+B,0.06429510563611984,0.2768130898475647,0.1326524317264557,0.4560556709766388,0.0701836571097374,1.3444669246673584,0.0,564.0,153,2,280,0,0,0,200,200,0
605,2420,722,112,722,3,right+B,0.06412763893604279,0.2756558358669281,0.13520289957523346,0.45350003242492676,0.07151354104280472,1.349152684211731,-1.0,563.0,154,2,279,0,0,0,200,200,0
606,2424,722,106,722,3,right+B,0.06393704563379288,0.27553591132164,0.13546150922775269,0.4539126455783844,0.07115292549133301,1.3483654260635376,0.0,563.0,155,2,279,0,0,0,200,200,0
607,2428,722,89,722,4,right+A+B,0.0633455291390419,0.27490755915641785,0.1326308250427246,0.459415078163147,0.06970096379518509,1.3406975269317627,0.0,563.0,156,2,279,0,0,0,200,200,0
608,2432,722,79,722,3,right+B,0.06324011832475662,0.27364569902420044,0.13019311428070068,0.4643436670303345,0.0685773640871048,1.334632158279419,0.0,563.0,157,2,279,0,0,0,200,200,0
609,2436,722,79,722,1,right,0.06268752366304398,0.2719095051288605,0.1265752911567688,0.4724939167499542,0.06633378565311432,1.3235539197921753,0.0,563.0,158,2,279,0,0,0,200,200,0
610,2440,722,79,722,0,NOOP,0.06375429779291153,0.27488234639167786,0.13187511265277863,0.46216148138046265,0.06732682138681412,1.3360259532928467,-1.0,562.0,159,2,278,0,0,0,200,200,0
611,2444,722,79,722,3,right+B,0.0643237754702568,0.27722084522247314,0.13545159995555878,0.45423653721809387,0.06876721233129501,1.345484733581543,0.0,562.0,160,2,278,0,0,0,200,200,0
612,2448,722,79,722,3,right+B,0.06372921913862228,0.2757553458213806,0.13358508050441742,0.45916447043418884,0.06776586920022964,1.3393964767456055,0.0,562.0,161,2,278,0,0,0,200,200,0
613,2452,722,79,722,1,right,0.06381035596132278,0.2765522599220276,0.1324794441461563,0.4592762887477875,0.06788157671689987,1.338813304901123,0.0,562.0,162,2,278,0,0,0,200,200,0
614,2456,722,79,722,1,right,0.06375617533922195,0.27610135078430176,0.13355626165866852,0.45766642689704895,0.068919837474823,1.3417860269546509,0.0,562.0,163,2,278,0,0,0,200,200,0
615,2460,722,79,722,1,right,0.0633438378572464,0.2753659784793854,0.13265056908130646,0.45991843938827515,0.06872116029262543,1.3390988111495972,-1.0,561.0,164,2,277,0,0,0,200,200,0
616,2464,722,79,722,3,right+B,0.06364917755126953,0.27561646699905396,0.13208186626434326,0.46018537878990173,0.06846712529659271,1.3386399745941162,0.0,561.0,165,2,277,0,0,0,200,200,0
617,2468,722,79,722,3,right+B,0.06330102682113647,0.27530282735824585,0.13126221299171448,0.4616556465625763,0.0684783086180687,1.336782693862915,0.0,561.0,166,2,277,0,0,0,200,200,0
618,2472,722,79,722,1,right,0.06380675733089447,0.27543583512306213,0.13392798602581024,0.4573684334754944,0.06946098804473877,1.34302818775177,0.0,561.0,167,2,277,0,0,0,200,200,0
619,2476,722,79,722,3,right+B,0.06338010728359222,0.27442678809165955,0.13236378133296967,0.46138399839401245,0.06844532489776611,1.3378032445907593,0.0,561.0,168,2,277,0,0,0,200,200,0
620,2480,722,79,722,3,right+B,0.06384596228599548,0.2754477262496948,0.13350115716457367,0.4584367573261261,0.06876838207244873,1.3412764072418213,-1.0,560.0,169,2,276,0,0,0,200,200,0
621,2484,722,93,722,2,right+A,0.06385935097932816,0.27585700154304504,0.13428443670272827,0.45677271485328674,0.06922651082277298,1.343339443206787,0.0,560.0,170,2,276,0,0,0,200,200,0
622,2488,722,108,722,3,right+B,0.06545931100845337,0.27813130617141724,0.1424948126077652,0.4419656991958618,0.07194884121417999,1.3622515201568604,0.0,560.0,171,2,276,0,0,0,200,200,0
623,2492,722,112,722,1,right,0.06518612056970596,0.2768769860267639,0.14288514852523804,0.4435621201992035,0.07148952037096024,1.3607486486434937,0.0,560.0,172,2,276,0,0,0,200,200,0
624,2496,722,106,722,3,right+B,0.06454350799322128,0.2757800817489624,0.14322444796562195,0.4449021518230438,0.07154974341392517,1.3594858646392822,0.0,560.0,173,2,276,0,0,0,200,200,0
625,2500,722,89,722,3,right+B,0.06391562521457672,0.2751889228820801,0.13914363086223602,0.45117905735969543,0.07057279348373413,1.351467251777649,-1.0,559.0,174,2,275,0,0,0,200,200,0
626,2504,722,79,722,2,right+A,0.06304973363876343,0.27312207221984863,0.13248053193092346,0.463062047958374,0.06828562915325165,1.3363033533096313,0.0,559.0,175,2,275,0,0,0,200,200,0
627,2508,722,79,722,0,NOOP,0.061930544674396515,0.27129077911376953,0.12541553378105164,0.47592693567276,0.06543617695569992,1.318363904953003,0.0,559.0,176,2,275,0,0,0,200,200,0
628,2512,722,93,722,4,right+A+B,0.0629156157374382,0.2742191255092621,0.12914273142814636,0.46687060594558716,0.06685196608304977,1.329618215560913,0.0,559.0,177,2,275,0,0,0,200,200,0
629,2516,722,109,722,2,right+A,0.06432264298200607,0.27676329016685486,0.1349453181028366,0.45388326048851013,0.07008548080921173,1.3471187353134155,0.0,559.0,178,2,275,0,0,0,200,200,0
630,2520,722,121,722,3,right+B,0.06430408358573914,0.27585360407829285,0.13498516380786896,0.4542047679424286,0.0706522986292839,1.3477356433868408,-1.0,558.0,179,2,274,0,0,0,200,200,0
631,2524,722,122,722,3,right+B,0.06511291861534119,0.2785513699054718,0.13909517228603363,0.4443439543247223,0.07289648801088333,1.3596018552780151,0.0,558.0,180,2,274,0,0,0,200,200,0
632,2528,722,113,722,3,right+B,0.06464757025241852,0.27684155106544495,0.1355392038822174,0.4509340524673462,0.07203765213489532,1.3521208763122559,0.0,558.0,181,2,274,0,0,0,200,200,0
633,2532,722,94,722,3,right+B,0.06438754498958588,0.27557969093322754,0.13228429853916168,0.45869988203048706,0.06904865801334381,1.3414331674575806,0.0,558.0,182,2,274,0,0,0,200,200,0
634,2536,722,79,722,2,right+A,0.06377144157886505,0.2724230885505676,0.1321365088224411,0.46271616220474243,0.06895279139280319,1.3382108211517334,0.0,558.0,183,2,274,0,0,0,200,200,0
635,2540,722,79,722,0,NOOP,0.0635252594947815,0.273407906293869,0.1298888474702835,0.46608850359916687,0.0670894905924797,1.3318216800689697,-1.0,557.0,184,2,273,0,0,0,200,200,0
636,2544,722,93,722,2,right+A,0.0640077069401741,0.2738664150238037,0.12976385653018951,0.4655288755893707,0.06683309376239777,1.3323678970336914,0.0,557.0,185,2,273,0,0,0,200,200,0
637,2548,722,108,722,1,right,0.06498806178569794,0.27640536427497864,0.13535518944263458,0.4534824788570404,0.06976896524429321,1.3481426239013672,0.0,557.0,186,2,273,0,0,0,200,200,0
638,2552,722,112,722,1,right,0.06499405950307846,0.2755742073059082,0.1370253562927246,0.45112374424934387,0.07128269225358963,1.3525614738464355,0.0,557.0,187,2,273,0,0,0,200,200,0
639,2556,722,106,722,3,right+B,0.06465116143226624,0.27631688117980957,0.13766849040985107,0.44956377148628235,0.07179974764585495,1.3539754152297974,0.0,557.0,188,2,273,0,0,0,200,200,0
640,2560,722,89,722,3,right+B,0.06432777643203735,0.27629512548446655,0.13586822152137756,0.4528566896915436,0.07065214216709137,1.3490681648254395,-1.0,556.0,189,2,272,0,0,0,200,200,0
641,2564,722,79,722,1,right,0.06296601891517639,0.27227118611335754,0.12738826870918274,0.469987154006958,0.06738734990358353,1.327437162399292,0.0,556.0,190,2,272,0,0,0,200,200,0
642,2568,722,79,722,3,right+B,0.06233503296971321,0.2723360061645508,0.1217615082859993,0.47873154282569885,0.06483586877584457,1.3136439323425293,0.0,556.0,191,2,272,0,0,0,200,200,0
643,2572,722,93,722,4,right+A+B,0.06366812437772751,0.27611616253852844,0.12510380148887634,0.4688188135623932,0.06629306823015213,1.3257780075073242,0.0,556.0,192,2,272,0,0,0,200,200,0
644,2576,722,108,722,1,right,0.06498926877975464,0.27979427576065063,0.13165214657783508,0.4544235169887543,0.06914082169532776,1.344094157218933,0.0,556.0,193,2,272,0,0,0,200,200,0
645,2580,722,112,722,3,right+B,0.06413520872592926,0.27746278047561646,0.13108448684215546,0.45859289169311523,0.06872458755970001,1.3397783041000366,-1.0,555.0,194,2,271,0,0,0,200,200,0
646,2584,722,106,722,3,right+B,0.06354348361492157,0.2751348316669464,0.1331852674484253,0.45960351824760437,0.06853292882442474,1.3396811485290527,0.0,555.0,195,2,271,0,0,0,200,200,0
647,2588,722,89,722,1,right,0.06360140442848206,0.2760763466358185,0.13191832602024078,0.46042194962501526,0.06798197329044342,1.3376506567001343,0.0,555.0,196,2,271,0,0,0,200,200,0
648,2592,722,79,722,3,right+B,0.06279867142438889,0.2754461467266083,0.13011053204536438,0.46518754959106445,0.06645709276199341,1.3305025100708008,0.0,555.0,197,2,271,0,0,0,200,200,0
649,2596,722,79,722,1,right,0.062313638627529144,0.27525290846824646,0.1274523288011551,0.47087499499320984,0.06410616636276245,1.3213627338409424,0.0,555.0,198,2,271,0,0,0,200,200,0
650,2600,722,93,722,2,right+A,0.06255558133125305,0.277126669883728,0.1263734996318817,0.47022536396980286,0.06371889263391495,1.3206627368927002,-1.0,554.0,199,2,270,0,0,0,200,200,0
651,2604,722,109,722,2,right+A,0.0635114461183548,0.27993452548980713,0.13174112141132355,0.4575546681880951,0.06725821644067764,1.3378000259399414,0.0,554.0,200,2,270,0,0,0,200,200,0
652,2608,722,121,722,1,right,0.06468755751848221,0.2807449996471405,0.1377536803483963,0.44532546401023865,0.07148830592632294,1.3556747436523438,0.0,554.0,201,2,270,0,0,0,200,200,0
653,2612,722,122,722,3,right+B,0.0639631375670433,0.28259825706481934,0.1354817897081375,0.4481505751609802,0.06980621069669724,1.3493314981460571,0.0,554.0,202,2,270,0,0,0,200,200,0
654,2616,722,113,722,3,right+B,0.062370769679546356,0.27908262610435486,0.13138723373413086,0.45804497599601746,0.06911446899175644,1.338209867477417,0.0,554.0,203,2,270,0,0,0,200,200,0
655,2620,722,94,722,1,right,0.06182580068707466,0.27758869528770447,0.13077183067798615,0.4633927047252655,0.0664210245013237,1.3304286003112793,-1.0,553.0,204,2,269,0,0,0,200,200,0
656,2624,722,79,722,3,right+B,0.06329280138015747,0.2788330316543579,0.136311873793602,0.4519648253917694,0.06959753483533859,1.3468477725982666,0.0,553.0,205,2,269,0,0,0,200,200,0
657,2628,722,79,722,1,right,0.06375354528427124,0.28141891956329346,0.13691046833992004,0.448019802570343,0.06989732384681702,1.350248098373413,0.0,553.0,206,2,269,0,0,0,200,200,0
658,2632,722,93,722,4,right+A+B,0.06385082751512527,0.27985265851020813,0.13707707822322845,0.4507845342159271,0.06843498349189758,1.3471616506576538,0.0,553.0,207,2,269,0,0,0,200,200,0
659,2636,722,108,722,1,right,0.06588605791330338,0.2833831012248993,0.14656490087509155,0.43234479427337646,0.07182113081216812,1.3696603775024414,0.0,553.0,208,2,269,0,0,0,200,200,0
660,2640,722,112,722,3,right+B,0.06569769233465195,0.2807829976081848,0.1462288349866867,0.4342961013317108,0.07299434393644333,1.3699235916137695,-1.0,552.0,209,2,268,0,0,0,200,200,0
661,2644,722,106,722,3,right+B,0.06529799103736877,0.2801806628704071,0.14653709530830383,0.433231383562088,0.07475289702415466,1.3723530769348145,0.0,552.0,210,2,268,0,0,0,200,200,0
662,2648,722,89,722,3,right+B,0.06487821787595749,0.2794593274593353,0.14245156943798065,0.4402969479560852,0.07291384041309357,1.3634443283081055,0.0,552.0,211,2,268,0,0,0,200,200,0
663,2652,722,79,722,3,right+B,0.06382452696561813,0.2777619957923889,0.13574449717998505,0.4519321024417877,0.07073698192834854,1.3488128185272217,0.0,552.0,212,2,268,0,0,0,200,200,0
664,2656,722,79,722,3,right+B,0.06307891756296158,0.27726349234580994,0.1306850016117096,0.46094685792922974,0.06802571564912796,1.3357545137405396,0.0,552.0,213,2,268,0,0,0,200,200,0
665,2660,722,79,722,3,right+B,0.06436526030302048,0.2806180715560913,0.13955360651016235,0.4449220299720764,0.07054094970226288,1.3553544282913208,-1.0,551.0,214,2,267,0,0,0,200,200,0
666,2664,722,79,722,3,right+B,0.06679991632699966,0.28252366185188293,0.15407121181488037,0.41972070932388306,0.07688445597887039,1.387668251991272,0.0,551.0,215,2,267,0,0,0,200,200,0
667,2668,722,79,722,3,right+B,0.06556839495897293,0.279891699552536,0.15300481021404266,0.4252508878707886,0.07628411799669266,1.382209062576294,0.0,551.0,216,2,267,0,0,0,200,200,0
668,2672,722,79,722,3,right+B,0.06575392931699753,0.2797342538833618,0.1507512629032135,0.4299914538860321,0.07376908510923386,1.3757801055908203,0.0,551.0,217,2,267,0,0,0,200,200,0
669,2676,722,93,722,2,right+A,0.06590134650468826,0.2794605493545532,0.15101583302021027,0.42878472805023193,0.0748375654220581,1.3780901432037354,0.0,551.0,218,2,267,0,0,0,200,200,0
670,2680,722,108,722,0,NOOP,0.06686731427907944,0.2818733751773834,0.1522120088338852,0.4226425588130951,0.07640475034713745,1.384833574295044,-1.0,550.0,219,2,266,0,0,0,200,200,0
671,2684,722,112,722,3,right+B,0.06557507812976837,0.27775073051452637,0.14988403022289276,0.43230563402175903,0.07448446750640869,1.3749240636825562,0.0,550.0,220,2,266,0,0,0,200,200,0
672,2688,722,106,722,3,right+B,0.06693403422832489,0.28066810965538025,0.1579444855451584,0.4170939326286316,0.07735937833786011,1.3918037414550781,0.0,550.0,221,2,266,0,0,0,200,200,0
673,2692,722,89,722,3,right+B,0.06641393154859543,0.28259357810020447,0.15416112542152405,0.4209045469760895,0.07592682540416718,1.3854424953460693,0.0,550.0,222,2,266,0,0,0,200,200,0
674,2696,722,79,722,1,right,0.06392376869916916,0.27910369634628296,0.13911941647529602,0.4482768774032593,0.0695762187242508,1.3514970541000366,0.0,550.0,223,2,266,0,0,0,200,200,0
675,2700,722,79,722,3,right+B,0.06261082738637924,0.2744012773036957,0.13009031116962433,0.4658204913139343,0.06707711517810822,1.3307539224624634,-1.0,549.0,224,2,265,0,0,0,200,200,0
676,2704,722,79,722,3,right+B,0.06287405639886856,0.27641019225120544,0.13032370805740356,0.46375036239624023,0.06664171814918518,1.3317850828170776,0.0,549.0,225,2,265,0,0,0,200,200,0
677,2708,722,79,722,3,right+B,0.06560611724853516,0.2810601592063904,0.1395212709903717,0.4423880875110626,0.07142435759305954,1.359521508216858,0.0,549.0,226,2,265,0,0,0,200,200,0
678,2712,722,79,722,1,right,0.06413578987121582,0.281154066324234,0.13784199953079224,0.44595757126808167,0.07091066986322403,1.3538405895233154,0.0,549.0,227,2,265,0,0,0,200,200,0
679,2716,722,79,722,3,right+B,0.06493272632360458,0.2814890146255493,0.14191198348999023,0.4402119815349579,0.07145432382822037,1.3612148761749268,0.0,549.0,228,2,265,0,0,0,200,200,0
680,2720,722,93,722,2,right+A,0.0645817294716835,0.27999135851860046,0.13864848017692566,0.4457581639289856,0.07102029025554657,1.3553110361099243,-1.0,548.0,229,2,264,0,0,0,200,200,0
681,2724,722,108,722,1,right,0.065406933426857,0.2818836271762848,0.14412857592105865,0.43627601861953735,0.072304867208004,1.366312861442566,0.0,548.0,230,2,264,0,0,0,200,200,0
682,2728,722,112,722,1,right,0.0654778927564621,0.2829297184944153,0.1409030556678772,0.438559889793396,0.07212944328784943,1.3629720211029053,0.0,548.0,231,2,264,0,0,0,200,200,0
683,2732,722,106,722,1,right,0.06501033157110214,0.28290173411369324,0.14456160366535187,0.434989869594574,0.07253652811050415,1.3668949604034424,0.0,548.0,232,2,264,0,0,0,200,200,0
684,2736,722,89,722,3,right+B,0.06275581568479538,0.2798675298690796,0.13430173695087433,0.4546673595905304,0.06840760260820389,1.3416187763214111,0.0,548.0,233,2,264,0,0,0,200,200,0
685,2740,722,79,722,3,right+B,0.06173631548881531,0.2755620777606964,0.13001295924186707,0.4659581780433655,0.06673044711351395,1.3288331031799316,-1.0,547.0,234,2,263,0,0,0,200,200,0
686,2744,722,93,722,4,right+A+B,0.06102424114942551,0.2731693983078003,0.12640847265720367,0.47473520040512085,0.06466268748044968,1.3173377513885498,0.0,547.0,235,2,263,0,0,0,200,200,0
687,2748,722,108,722,0,NOOP,0.06266828626394272,0.2783704996109009,0.13009671866893768,0.46208810806274414,0.06677636504173279,1.3323508501052856,0.0,547.0,236,2,263,0,0,0,200,200,0
688,2752,722,112,722,3,right+B,0.06089876964688301,0.27520373463630676,0.12467101216316223,0.4738485813140869,0.06537783890962601,1.3173071146011353,0.0,547.0,237,2,263,0,0,0,200,200,0
689,2756,722,106,722,3,right+B,0.06250906735658646,0.2770977318286896,0.13244661688804626,0.4590771794319153,0.0688694417476654,1.338348627090454,0.0,547.0,238,2,263,0,0,0,200,200,0
690,2760,722,89,722,4,right+A+B,0.0628243088722229,0.27607491612434387,0.13303588330745697,0.45869284868240356,0.0693720206618309,1.3401405811309814,-1.0,546.0,239,2,262,0,0,0,200,200,0
691,2764,722,79,722,1,right,0.062226053327322006,0.2742156386375427,0.12828686833381653,0.468349814414978,0.06692158430814743,1.3272607326507568,0.0,546.0,240,2,262,0,0,0,200,200,0
692,2768,722,79,722,3,right+B,0.06241840124130249,0.27320608496665955,0.12183237820863724,0.477428138256073,0.06511500477790833,1.3149560689926147,0.0,546.0,241,2,262,0,0,0,200,200,0
693,2772,722,79,722,1,right,0.06338010728359222,0.2756274938583374,0.12457086145877838,0.4709295630455017,0.06549195200204849,1.3226611614227295,0.0,546.0,242,2,262,0,0,0,200,200,0
694,2776,722,79,722,3,right+B,0.06322097778320312,0.27695736289024353,0.1279422640800476,0.4653801918029785,0.06649917364120483,1.3294357061386108,0.0,546.0,243,2,262,0,0,0,200,200,0
695,2780,722,79,722,1,right,0.06350232660770416,0.27694055438041687,0.1306789517402649,0.461123526096344,0.06775466352701187,1.3359042406082153,-1.0,545.0,244,2,261,0,0,0,200,200,0
696,2784,722,79,722,3,right+B,0.06384630501270294,0.2776702046394348,0.13099388778209686,0.4602377414703369,0.06725182384252548,1.3363858461380005,0.0,545.0,245,2,261,0,0,0,200,200,0
697,2788,722,79,722,3,right+B,0.06440967321395874,0.27965131402015686,0.13190364837646484,0.4558642506599426,0.06817106902599335,1.3413710594177246,0.0,545.0,246,2,261,0,0,0,200,200,0
698,2792,722,93,722,4,right+A+B,0.06392928957939148,0.2772540748119354,0.13277724385261536,0.4577789604663849,0.06826041638851166,1.3404936790466309,0.0,545.0,247,2,261,0,0,0,200,200,0
699,2796,722,109,722,4,right+A+B,0.06477941572666168,0.27781280875205994,0.13446645438671112,0.4529605209827423,0.06998072564601898,1.3477482795715332,0.0,545.0,248,2,261,0,0,0,200,200,0
700,2800,722,121,722,3,right+B,0.06472422182559967,0.27576151490211487,0.13635656237602234,0.452108770608902,0.07104891538619995,1.3508989810943604,-1.0,544.0,249,2,260,0,0,0,200,200,0
701,2804,722,122,722,4,right+A+B,0.06511185318231583,0.277543842792511,0.13963362574577332,0.4449159801006317,0.0727946013212204,1.3595671653747559,0.0,544.0,250,2,260,0,0,0,200,200,0
702,2808,722,113,722,3,right+B,0.06417115777730942,0.27561500668525696,0.13320837914943695,0.4554775357246399,0.07152795791625977,1.346811294555664,0.0,544.0,251,2,260,0,0,0,200,200,0
703,2812,722,94,722,3,right+B,0.06361693888902664,0.2748927175998688,0.12939463555812836,0.4637047350406647,0.06839091330766678,1.334663987159729,0.0,544.0,252,2,260,0,0,0,200,200,0
704,2816,722,79,722,4,right+A+B,0.06298122555017471,0.2715820074081421,0.12913163006305695,0.4669678211212158,0.06933736801147461,1.3331043720245361,0.0,544.0,253,2,260,0,0,0,200,200,0
705,2820,722,79,722,3,right+B,0.06204626336693764,0.27135759592056274,0.12483842670917511,0.47515302896499634,0.06660471856594086,1.320173978805542,-1.0,543.0,254,2,259,0,0,0,200,200,0
706,2824,722,79,722,3,right+B,0.06356734037399292,0.27448469400405884,0.12939982116222382,0.4652576744556427,0.06729049980640411,1.3322408199310303,0.0,543.0,255,2,259,0,0,0,200,200,0
707,2828,722,79,722,1,right,0.06411723792552948,0.2763439416885376,0.13419553637504578,0.456324964761734,0.06901836395263672,1.3435893058776855,0.0,543.0,256,2,259,0,0,0,200,200,0
708,2832,722,79,722,3,right+B,0.06372048705816269,0.2755557596683502,0.13501417636871338,0.4564993381500244,0.06921029835939407,1.3437749147415161,0.0,543.0,257,2,259,0,0,0,200,200,0
709,2836,722,79,722,3,right+B,0.0639537125825882,0.27679476141929626,0.1334632784128189,0.45693129301071167,0.06885688751935959,1.3422904014587402,0.0,543.0,258,2,259,0,0,0,200,200,0
710,2840,722,79,722,3,right+B,0.06321953982114792,0.2762337923049927,0.13149596750736237,0.4607217609882355,0.06832891702651978,1.3371078968048096,-1.0,542.0,259,2,258,0,0,0,200,200,0
711,2844,722,93,722,2,right+A,0.063485287129879,0.27583467960357666,0.13295607268810272,0.4585290849208832,0.06919481605291367,1.3408952951431274,0.0,542.0,260,2,258,0,0,0,200,200,0
712,2848,722,108,722,3,right+B,0.06408751010894775,0.2777804732322693,0.13572661578655243,0.45149654150009155,0.07090886682271957,1.3496328592300415,0.0,542.0,261,2,258,0,0,0,200,200,0
713,2852,722,112,722,4,right+A+B,0.06363743543624878,0.27537408471107483,0.1358160525560379,0.4544941186904907,0.07067830115556717,1.347243309020996,0.0,542.0,262,2,258,0,0,0,200,200,0
714,2856,722,106,722,3,right+B,0.06370353698730469,0.27528899908065796,0.13831228017807007,0.45090293884277344,0.07179228961467743,1.3523733615875244,0.0,542.0,263,2,258,0,0,0,200,200,0
715,2860,722,89,722,3,right+B,0.06294318288564682,0.2737407684326172,0.13449113070964813,0.4584532082080841,0.07037165760993958,1.3428561687469482,-1.0,541.0,264,2,257,0,0,0,200,200,0
716,2864,722,79,722,4,right+A+B,0.06288818269968033,0.27297908067703247,0.13141661882400513,0.46367666125297546,0.06903955340385437,1.3360083103179932,0.0,541.0,265,2,257,0,0,0,200,200,0
717,2868,722,79,722,3,right+B,0.06205649673938751,0.2713513970375061,0.12637057900428772,0.4739941358566284,0.06622736901044846,1.3214858770370483,0.0,541.0,266,2,257,0,0,0,200,200,0
718,2872,722,79,722,1,right,0.0632292851805687,0.2742588520050049,0.13205744326114655,0.463090181350708,0.06736426055431366,1.334958791732788,0.0,541.0,267,2,257,0,0,0,200,200,0
719,2876,722,79,722,1,right,0.06416767090559006,0.2764456570148468,0.13656383752822876,0.4534786641597748,0.06934421509504318,1.3472230434417725,0.0,541.0,268,2,257,0,0,0,200,200,0
720,2880,722,79,722,1,right,0.06356532126665115,0.27529481053352356,0.13570408523082733,0.4565519094467163,0.06888396292924881,1.343559741973877,-1.0,540.0,269,2,256,0,0,0,200,200,0
721,2884,722,79,722,3,right+B,0.06376173347234726,0.2763097882270813,0.13443009555339813,0.4568208158016205,0.06867755949497223,1.3425157070159912,0.0,540.0,270,2,256,0,0,0,200,200,0
722,2888,722,93,722,2,right+A,0.06349371373653412,0.2759391665458679,0.13335482776165009,0.45842620730400085,0.0687861442565918,1.3406840562820435,0.0,540.0,271,2,256,0,0,0,200,200,0
723,2892,722,108,722,3,right+B,0.06457275152206421,0.2776128649711609,0.13819502294063568,0.4484412670135498,0.07117806375026703,1.353928565979004,0.0,540.0,272,2,256,0,0,0,200,200,0
724,2896,722,112,722,3,right+B,0.06402193754911423,0.275852233171463,0.13715238869190216,0.45214182138442993,0.07083163410425186,1.3501238822937012,0.0,540.0,273,2,256,0,0,0,200,200,0
725,2900,722,106,722,2,right+A,0.06394978612661362,0.27531975507736206,0.13913555443286896,0.44980916380882263,0.07178574055433273,1.3538269996643066,-1.0,539.0,274,2,255,0,0,0,200,200,0
726,2904,722,89,722,1,right,0.06318610161542892,0.2738090753555298,0.13527055084705353,0.4573515057563782,0.07038271427154541,1.344346284866333,0.0,539.0,275,2,255,0,0,0,200,200,0
727,2908,722,79,722,3,right+B,0.06267508864402771,0.2723398804664612,0.12987570464611053,0.4666191339492798,0.06849022209644318,1.3322334289550781,0.0,539.0,276,2,255,0,0,0,200,200,0
728,2912,722,79,722,3,right+B,0.06214360520243645,0.27166053652763367,0.1253698468208313,0.47457143664360046,0.06625458598136902,1.3205615282058716,0.0,539.0,277,2,255,0,0,0,200,200,0
729,2916,722,79,722,1,right,0.06319975852966309,0.27405664324760437,0.12949532270431519,0.46599286794662476,0.06725544482469559,1.3313355445861816,0.0,539.0,278,2,255,0,0,0,200,200,0
730,2920,722,79,722,1,right,0.06422825902700424,0.2763051390647888,0.13401639461517334,0.4564770758152008,0.06897314637899399,1.3434830904006958,-1.0,538.0,279,2,254,0,0,0,200,200,0
731,2924,722,79,722,0,NOOP,0.0646996945142746,0.27666813135147095,0.13516637682914734,0.4541345536708832,0.06933122128248215,1.3466620445251465,0.0,538.0,280,2,254,0,0,0,200,200,0
732,2928,722,93,722,2,right+A,0.0644848570227623,0.2763523459434509,0.13264326751232147,0.4581349194049835,0.06838466227054596,1.341201901435852,0.0,538.0,281,2,254,0,0,0,200,200,0
733,2932,722,108,722,1,right,0.06495780497789383,0.27879247069358826,0.13505035638809204,0.4512024521827698,0.06999693065881729,1.3493070602416992,0.0,538.0,282,2,254,0,0,0,200,200,0
734,2936,722,112,722,3,right+B,0.06490185856819153,0.2765519618988037,0.1361364871263504,0.4517855644226074,0.07062407582998276,1.3505821228027344,0.0,538.0,283,2,254,0,0,0,200,200,0
735,2940,722,106,722,1,right,0.06461719423532486,0.275382936000824,0.1367434859275818,0.45159828662872314,0.07165803760290146,1.3520907163619995,-1.0,537.0,284,2,253,0,0,0,200,200,0
736,2944,722,89,722,1,right,0.06389635801315308,0.2733745276927948,0.1335466355085373,0.458477646112442,0.07070480287075043,1.3440144062042236,0.0,537.0,285,2,253,0,0,0,200,200,0
737,2948,722,79,722,3,right+B,0.06305013597011566,0.2717736065387726,0.12856696546077728,0.4679405391216278,0.06866873055696487,1.3313398361206055,0.0,537.0,286,2,253,0,0,0,200,200,0
738,2952,722,79,722,3,right+B,0.06227171793580055,0.27192509174346924,0.12290268391370773,0.47713953256607056,0.06576104462146759,1.3166801929473877,0.0,537.0,287,2,253,0,0,0,200,200,0
739,2956,722,79,722,3,right+B,0.06362417340278625,0.2760173976421356,0.12705515325069427,0.4667552709579468,0.0665479376912117,1.3286941051483154,0.0,537.0,288,2,253,0,0,0,200,200,0
740,2960,722,79,722,3,right+B,0.06395222246646881,0.2766631841659546,0.13003869354724884,0.46119922399520874,0.06814668327569962,1.336594820022583,-1.0,536.0,289,2,252,0,0,0,200,200,0
741,2964,722,79,722,3,right+B,0.06370975822210312,0.27685749530792236,0.1296723186969757,0.461626261472702,0.06813405454158783,1.3357255458831787,0.0,536.0,290,2,252,0,0,0,200,200,0
742,2968,722,79,722,3,right+B,0.06489407271146774,0.2787616550922394,0.13136906921863556,0.4564349949359894,0.06854015588760376,1.3419172763824463,0.0,536.0,291,2,252,0,0,0,200,200,0
743,2972,722,79,722,3,right+B,0.06423697620630264,0.2778014838695526,0.13176031410694122,0.45789825916290283,0.06830295920372009,1.340191125869751,0.0,536.0,292,2,252,0,0,0,200,200,0
744,2976,722,79,722,0,NOOP,0.06344086676836014,0.2768298387527466,0.12876355648040771,0.46437013149261475,0.06659554690122604,1.331052303314209,0.0,536.0,293,2,252,0,0,0,200,200,0
745,2980,722,79,722,1,right,0.06250566244125366,0.2773066759109497,0.12368165701627731,0.4720153212547302,0.06449072062969208,1.318626046180725,-1.0,535.0,294,2,251,0,0,0,200,200,0
746,2984,722,79,722,0,NOOP,0.0624186173081398,0.2759298086166382,0.12382560223340988,0.4729912281036377,0.06483478844165802,1.3185899257659912,0.0,535.0,295,2,251,0,0,0,200,200,0
747,2988,722,79,722,3,right+B,0.06264680624008179,0.2765534520149231,0.1247568130493164,0.4703444242477417,0.06569845229387283,1.3223345279693604,0.0,535.0,296,2,251,0,0,0,200,200,0
748,2992,722,79,722,1,right,0.0632130578160286,0.2776458263397217,0.12999138236045837,0.4628603458404541,0.06628938019275665,1.3319905996322632,0.0,535.0,297,2,251,0,0,0,200,200,0
749,2996,722,79,722,1,right,0.062364425510168076,0.27685287594795227,0.12571391463279724,0.47031542658805847,0.06475340574979782,1.321323037147522,0.0,535.0,298,2,251,0,0,0,200,200,0
750,3000,722,79,722,3,right+B,0.06294865906238556,0.2773786187171936,0.12850263714790344,0.46450453996658325,0.0666656345129013,1.3301551342010498,-1.0,534.0,299,2,250,0,0,0,200,200,0
751,3004,722,79,722,1,right,0.06428477168083191,0.28004249930381775,0.13280051946640015,0.4534483253955841,0.06942387670278549,1.3447896242141724,0.0,534.0,300,2,250,0,0,0,200,200,0
752,3008,722,93,722,4,right+A+B,0.06300196051597595,0.27938055992126465,0.12800653278827667,0.4631204307079315,0.06649049371480942,1.330305814743042,0.0,534.0,301,2,250,0,0,0,200,200,0
753,3012,722,108,722,1,right,0.06253931671380997,0.2798803746700287,0.13208211958408356,0.4580830931663513,0.06741511076688766,1.3365706205368042,0.0,534.0,302,2,250,0,0,0,200,200,0
754,3016,722,112,722,1,right,0.06359606981277466,0.27908045053482056,0.13996346294879913,0.44716787338256836,0.07019215077161789,1.3529753684997559,0.0,534.0,303,2,250,0,0,0,200,200,0
755,3020,722,106,722,3,right+B,0.06473545730113983,0.2834876477718353,0.15013015270233154,0.4284500479698181,0.07319670170545578,1.3737820386886597,-1.0,533.0,304,2,249,0,0,0,200,200,0
756,3024,722,89,722,1,right,0.06442593783140182,0.2821522057056427,0.14521946012973785,0.4358484745025635,0.07235397398471832,1.365853190422058,0.0,533.0,305,2,249,0,0,0,200,200,0
757,3028,722,79,722,0,NOOP,0.0624595545232296,0.27783963084220886,0.1365053504705429,0.4548738896846771,0.06832154095172882,1.342545986175537,0.0,533.0,306,2,249,0,0,0,200,200,0
758,3032,722,79,722,1,right,0.0631546601653099,0.2786194086074829,0.1325347125530243,0.4584519863128662,0.06723915040493011,1.3373934030532837,0.0,533.0,307,2,249,0,0,0,200,200,0
759,3036,722,93,722,2,right+A,0.06403165310621262,0.2783830463886261,0.13416749238967896,0.45430660247802734,0.06911114603281021,1.3445731401443481,0.0,533.0,308,2,249,0,0,0,200,200,0
760,3040,722,108,722,3,right+B,0.06476492434740067,0.2789084315299988,0.13958798348903656,0.44348418712615967,0.07325438410043716,1.3603157997131348,-1.0,532.0,309,2,248,0,0,0,200,200,0
761,3044,722,112,722,3,right+B,0.06573478877544403,0.2818540036678314,0.14605902135372162,0.4310370683670044,0.07531518489122391,1.3743637800216675,0.0,532.0,310,2,248,0,0,0,200,200,0
762,3048,722,106,722,1,right,0.06519466638565063,0.27978265285491943,0.14606672525405884,0.43353086709976196,0.07542508095502853,1.3726509809494019,0.0,532.0,311,2,248,0,0,0,200,200,0
763,3052,722,89,722,1,right,0.0630539283156395,0.27684810757637024,0.13754335045814514,0.45153167843818665,0.07102292776107788,1.349534511566162,0.0,532.0,312,2,248,0,0,0,200,200,0
764,3056,722,79,722,4,right+A+B,0.06409447640180588,0.27899134159088135,0.14170758426189423,0.4423316717147827,0.07287493348121643,1.3608094453811646,0.0,532.0,313,2,248,0,0,0,200,200,0
765,3060,722,79,722,2,right+A,0.06561433523893356,0.28001707792282104,0.1481061577796936,0.4315306544303894,0.07473181933164597,1.3745317459106445,-1.0,531.0,314,2,247,0,0,0,200,200,0
766,3064,722,79,722,3,right+B,0.06539548188447952,0.280213862657547,0.15136410295963287,0.4286991357803345,0.07432732731103897,1.3769328594207764,0.0,531.0,315,2,247,0,0,0,200,200,0
767,3068,722,79,722,1,right,0.06492076814174652,0.27848419547080994,0.14976689219474792,0.433735191822052,0.07309290021657944,1.371423363685608,0.0,531.0,316,2,247,0,0,0,200,200,0
768,3072,722,79,722,3,right+B,0.06574831157922745,0.27914491295814514,0.15229342877864838,0.4275764226913452,0.07523695379495621,1.3796905279159546,0.0,531.0,317,2,247,0,0,0,200,200,0
769,3076,722,79,722,1,right,0.0648588016629219,0.2790331244468689,0.1430603712797165,0.4403579831123352,0.07268980890512466,1.3634954690933228,0.0,531.0,318,2,247,0,0,0,200,200,0
770,3080,722,79,722,3,right+B,0.06532905995845795,0.2787274420261383,0.1450643539428711,0.4372137784957886,0.07366538792848587,1.3682337999343872,-1.0,530.0,319,2,246,0,0,0,200,200,0
771,3084,722,93,722,4,right+A+B,0.06673157960176468,0.2807043790817261,0.15000450611114502,0.42621949315071106,0.07634013146162033,1.3817108869552612,0.0,530.0,320,2,246,0,0,0,200,200,0
772,3088,722,108,722,1,right,0.06758740544319153,0.28470712900161743,0.15917551517486572,0.4097091853618622,0.07882077991962433,1.3981404304504395,0.0,530.0,321,2,246,0,0,0,200,200,0
773,3092,722,112,722,1,right,0.06573472917079926,0.28136831521987915,0.1505015790462494,0.42802172899246216,0.07437361776828766,1.3772386312484741,0.0,530.0,322,2,246,0,0,0,200,200,0
774,3096,722,106,722,3,right+B,0.06416486948728561,0.2761925458908081,0.1432286649942398,0.44302427768707275,0.07338973134756088,1.3622907400131226,0.0,530.0,323,2,246,0,0,0,200,200,0
775,3100,722,89,722,2,right+A,0.06372860819101334,0.27612823247909546,0.13917943835258484,0.4494871497154236,0.07147660106420517,1.3532741069793701,-1.0,529.0,324,2,245,0,0,0,200,200,0
776,3104,722,79,722,2,right+A,0.06472159177064896,0.27967819571495056,0.14056183397769928,0.4427199959754944,0.07231839746236801,1.3600187301635742,0.0,529.0,325,2,245,0,0,0,200,200,0
777,3108,722,79,722,4,right+A+B,0.0627342015504837,0.27692925930023193,0.1337050348520279,0.4584391713142395,0.06819228082895279,1.3389817476272583,0.0,529.0,326,2,245,0,0,0,200,200,0
778,3112,722,79,722,2,right+A,0.06400920450687408,0.28060656785964966,0.13958993554115295,0.44623270630836487,0.06956162303686142,1.3528895378112793,0.0,529.0,327,2,245,0,0,0,200,200,0
779,3116,722,79,722,3,right+B,0.06436236947774887,0.27965593338012695,0.13811112940311432,0.44852715730667114,0.06934339553117752,1.350993275642395,0.0,529.0,328,2,245,0,0,0,200,200,0
780,3120,722,79,722,3,right+B,0.06394118815660477,0.28069329261779785,0.13900145888328552,0.4471406936645508,0.06922343373298645,1.3514821529388428,-1.0,528.0,329,2,244,0,0,0,200,200,0
781,3124,722,79,722,3,right+B,0.06447461992502213,0.28590676188468933,0.13550446927547455,0.44441017508506775,0.06970399618148804,1.3516530990600586,0.0,528.0,330,2,244,0,0,0,200,200,0
782,3128,722,79,722,1,right,0.06309549510478973,0.28267326951026917,0.13037371635437012,0.4559769034385681,0.06788064539432526,1.3377877473831177,0.0,528.0,331,2,244,0,0,0,200,200,0
783,3132,722,93,722,4,right+A+B,0.06340548396110535,0.28109437227249146,0.13190746307373047,0.45496320724487305,0.06862949579954147,1.340972900390625,0.0,528.0,332,2,244,0,0,0,200,200,0
784,3136,722,108,722,1,right,0.06265246123075485,0.2776476740837097,0.13254469633102417,0.4586268663406372,0.06852826476097107,1.338384985923767,0.0,528.0,333,2,244,0,0,0,200,200,0
785,3140,722,112,722,2,right+A,0.06246532127261162,0.2764103412628174,0.1346367597579956,0.45723336935043335,0.06925422698259354,1.3413429260253906,-1.0,527.0,334,2,243,0,0,0,200,200,0
786,3144,722,106,722,0,NOOP,0.06214698404073715,0.27714255452156067,0.13217788934707642,0.45971494913101196,0.06881766021251678,1.3372149467468262,0.0,527.0,335,2,243,0,0,0,200,200,0
787,3148,722,89,722,2,right+A,0.059176988899707794,0.2715427875518799,0.1223253682255745,0.4823521375656128,0.06460271775722504,1.3069661855697632,0.0,527.0,336,2,243,0,0,0,200,200,0
788,3152,722,79,722,1,right,0.06077609211206436,0.27373677492141724,0.12442831695079803,0.47560274600982666,0.06545606255531311,1.3160815238952637,0.0,527.0,337,2,243,0,0,0,200,200,0
789,3156,722,79,722,0,NOOP,0.06147029623389244,0.27334466576576233,0.12278172373771667,0.47757816314697266,0.06482510268688202,1.3138116598129272,0.0,527.0,338,2,243,0,0,0,200,200,0
790,3160,722,79,722,3,right+B,0.06338189542293549,0.27725139260292053,0.13005782663822174,0.4626452624797821,0.0666636973619461,1.3329354524612427,-1.0,526.0,339,2,242,0,0,0,200,200,0
791,3164,722,93,722,4,right+A+B,0.06389313191175461,0.27673575282096863,0.12920542061328888,0.4635215401649475,0.06664414703845978,1.33256196975708,0.0,526.0,340,2,242,0,0,0,200,200,0
792,3168,722,108,722,3,right+B,0.0645626038312912,0.27787840366363525,0.13005585968494415,0.45965680480003357,0.06784632802009583,1.337860345840454,0.0,526.0,341,2,242,0,0,0,200,200,0
793,3172,722,112,722,3,right+B,0.06359755247831345,0.2776186168193817,0.13242463767528534,0.45699343085289,0.06936577707529068,1.341679573059082,0.0,526.0,342,2,242,0,0,0,200,200,0
794,3176,722,106,722,3,right+B,0.06350581347942352,0.2768900394439697,0.13538599014282227,0.4533560276031494,0.0708620473742485,1.347559928894043,0.0,526.0,343,2,242,0,0,0,200,200,0
795,3180,722,89,722,1,right,0.06315575540065765,0.27587851881980896,0.13154944777488708,0.460096538066864,0.06931973248720169,1.338749647140503,-1.0,525.0,344,2,241,0,0,0,200,200,0
796,3184,722,79,722,3,right+B,0.06258019804954529,0.2743694484233856,0.1256018579006195,0.4702194631099701,0.06722908467054367,1.3251457214355469,0.0,525.0,345,2,241,0,0,0,200,200,0
797,3188,722,79,722,3,right+B,0.06171110272407532,0.271926611661911,0.12100894004106522,0.4804028868675232,0.06495045125484467,1.311331033706665,0.0,525.0,346,2,241,0,0,0,200,200,0
798,3192,722,79,722,1,right,0.06316175311803818,0.27431851625442505,0.12648828327655792,0.4690972864627838,0.06693423539400101,1.3268799781799316,0.0,525.0,347,2,241,0,0,0,200,200,0
799,3196,722,79,722,1,right,0.06414539366960526,0.27555564045906067,0.13120406866073608,0.46019622683525085,0.06889866292476654,1.339310884475708,0.0,525.0,348,2,241,0,0,0,200,200,0
800,3200,722,79,722,3,right+B,0.06435375660657883,0.27548548579216003,0.1332223266363144,0.4573380649089813,0.06960039585828781,1.3435224294662476,-1.0,524.0,349,2,240,0,0,0,200,200,0
801,3204,722,79,722,3,right+B,0.06411318480968475,0.2750425338745117,0.13115070760250092,0.4611467123031616,0.06854691356420517,1.3382469415664673,0.0,524.0,350,2,240,0,0,0,200,200,0
802,3208,722,93,722,4,right+A+B,0.06451281905174255,0.2763725519180298,0.13436377048492432,0.4550502896308899,0.06970050930976868,1.3458681106567383,0.0,524.0,351,2,240,0,0,0,200,200,0
803,3212,722,108,722,3,right+B,0.06545662134885788,0.2782776653766632,0.1392536610364914,0.4450479745864868,0.07196406275033951,1.358625054359436,0.0,524.0,352,2,240,0,0,0,200,200,0
804,3216,722,112,722,4,right+A+B,0.06381805986166,0.2753950357437134,0.1362953782081604,0.45455265045166016,0.06993885338306427,1.3468067646026611,0.0,524.0,353,2,240,0,0,0,200,200,0
805,3220,722,106,722,3,right+B,0.06433384120464325,0.27712374925613403,0.13885237276554108,0.44826725125312805,0.07142279297113419,1.3544524908065796,-1.0,523.0,354,2,239,0,0,0,200,200,0
806,3224,722,89,722,3,right+B,0.06352107226848602,0.2749162018299103,0.1352410614490509,0.4558528959751129,0.0704687312245369,1.3456966876983643,0.0,523.0,355,2,239,0,0,0,200,200,0
807,3228,722,79,722,4,right+A+B,0.062497276812791824,0.2724319100379944,0.1289561539888382,0.46799004077911377,0.06812462210655212,1.3300416469573975,0.0,523.0,356,2,239,0,0,0,200,200,0
808,3232,722,79,722,1,right,0.061722978949546814,0.2713885009288788,0.12388663738965988,0.4773930311203003,0.06560888141393661,1.3162871599197388,0.0,523.0,357,2,239,0,0,0,200,200,0
809,3236,722,79,722,3,right+B,0.06258350610733032,0.2735573351383209,0.12773190438747406,0.4696425199508667,0.06648477911949158,1.3260552883148193,0.0,523.0,358,2,239,0,0,0,200,200,0
810,3240,722,79,722,1,right,0.0631883516907692,0.27538755536079407,0.13067317008972168,0.46250271797180176,0.06824814528226852,1.3354198932647705,-1.0,522.0,359,2,238,0,0,0,200,200,0
811,3244,722,79,722,1,right,0.06310416758060455,0.2750266492366791,0.1312459111213684,0.46197548508644104,0.06864786148071289,1.3365510702133179,0.0,522.0,360,2,238,0,0,0,200,200,0
812,3248,722,93,722,4,right+A+B,0.06353120505809784,0.27569660544395447,0.13186445832252502,0.4602741003036499,0.06863362342119217,1.3384931087493896,0.0,522.0,361,2,238,0,0,0,200,200,0
813,3252,722,108,722,1,right,0.06421621143817902,0.27767759561538696,0.13633134961128235,0.4510814845561981,0.07069335132837296,1.3501598834991455,0.0,522.0,362,2,238,0,0,0,200,200,0
814,3256,722,112,722,3,right+B,0.06469164788722992,0.2766178548336029,0.14140769839286804,0.44536998867988586,0.07191279530525208,1.3587627410888672,0.0,522.0,363,2,238,0,0,0,200,200,0
815,3260,722,106,722,1,right,0.06482185423374176,0.2767481207847595,0.1436503678560257,0.4422624707221985,0.07251725345849991,1.3627198934555054,-1.0,521.0,364,2,237,0,0,0,200,200,0
816,3264,722,89,722,3,right+B,0.0634668841958046,0.2740936875343323,0.1382075995206833,0.45411860942840576,0.07011329382658005,1.3480771780014038,0.0,521.0,365,2,237,0,0,0,200,200,0
817,3268,722,79,722,3,right+B,0.06295984983444214,0.2735669016838074,0.13239692151546478,0.4627892076969147,0.06828705966472626,1.336256504058838,0.0,521.0,366,2,237,0,0,0,200,200,0
818,3272,722,93,722,2,right+A,0.06190544366836548,0.27148371934890747,0.12600737810134888,0.4751013517379761,0.06550201028585434,1.3193387985229492,0.0,521.0,367,2,237,0,0,0,200,200,0
819,3276,722,109,722,2,right+A,0.06359965354204178,0.2757946252822876,0.13382725417613983,0.4579024016857147,0.06887610256671906,1.3415727615356445,0.0,521.0,368,2,237,0,0,0,200,200,0
820,3280,722,122,722,2,right+A,0.0639132410287857,0.2761865258216858,0.13678580522537231,0.4524495303630829,0.0706648975610733,1.3493291139602661,-1.0,520.0,369,2,236,0,0,0,200,200,0
821,3284,722,130,722,3,right+B,0.06452236324548721,0.278236985206604,0.13987982273101807,0.4447489380836487,0.07261186093091965,1.3587117195129395,0.0,520.0,370,2,236,0,0,0,200,200,0
822,3288,722,129,722,3,right+B,0.06348533183336258,0.2756965756416321,0.13851326704025269,0.4513864815235138,0.07091836631298065,1.3507728576660156,0.0,520.0,371,2,236,0,0,0,200,200,0
823,3292,722,117,722,1,right,0.06373776495456696,0.27519840002059937,0.13937990367412567,0.4509797692298889,0.07070420682430267,1.3516454696655273,0.0,520.0,372,2,236,0,0,0,200,200,0
824,3296,722,97,722,2,right+A,0.06510774046182632,0.27663007378578186,0.1414322406053543,0.44330719113349915,0.07352283596992493,1.3625112771987915,0.0,520.0,373,2,236,0,0,0,200,200,0
825,3300,722,79,722,3,right+B,0.06367798149585724,0.2760067284107208,0.13868993520736694,0.4506339132785797,0.07099144905805588,1.3516461849212646,-1.0,519.0,374,2,235,0,0,0,200,200,0
826,3304,722,93,722,2,right+A,0.0640045776963234,0.2767263650894165,0.14013421535491943,0.4485703408718109,0.07056448608636856,1.3535356521606445,0.0,519.0,375,2,235,0,0,0,200,200,0
827,3308,722,108,722,3,right+B,0.06435679644346237,0.27518531680107117,0.1363683044910431,0.45448777079582214,0.06960185617208481,1.3472135066986084,0.0,519.0,376,2,235,0,0,0,200,200,0
828,3312,722,112,722,3,right+B,0.06478085368871689,0.27695006132125854,0.14046435058116913,0.4456215500831604,0.07218312472105026,1.358499526977539,0.0,519.0,377,2,235,0,0,0,200,200,0
829,3316,722,106,722,3,right+B,0.0644269734621048,0.2768910229206085,0.1396934688091278,0.44764548540115356,0.07134302705526352,1.35535728931427,0.0,519.0,378,2,235,0,0,0,200,200,0
830,3320,722,89,722,1,right,0.0638030469417572,0.27461138367652893,0.13502910733222961,0.4565882980823517,0.06996819376945496,1.3449029922485352,-1.0,518.0,379,2,234,0,0,0,200,200,0
831,3324,722,79,722,1,right,0.0632210224866867,0.272563636302948,0.1278790384531021,0.46854493021965027,0.06779136508703232,1.3295297622680664,0.0,518.0,380,2,234,0,0,0,200,200,0
832,3328,722,93,722,2,right+A,0.06250813603401184,0.27209967374801636,0.12336958199739456,0.4764767587184906,0.06554575264453888,1.3174642324447632,0.0,518.0,381,2,234,0,0,0,200,200,0
833,3332,722,109,722,2,right+A,0.0642363429069519,0.27612581849098206,0.1308751106262207,0.4603859782218933,0.06837679445743561,1.338375449180603,0.0,518.0,382,2,234,0,0,0,200,200,0
834,3336,722,121,722,3,right+B,0.06440431624650955,0.27579858899116516,0.13326247036457062,0.45659196376800537,0.06994272023439407,1.3444726467132568,0.0,518.0,383,2,234,0,0,0,200,200,0
835,3340,722,122,722,1,right,0.06501331180334091,0.2774253189563751,0.13639211654663086,0.4489186108112335,0.07225072383880615,1.3545230627059937,-1.0,517.0,384,2,233,0,0,0,200,200,0
836,3344,722,113,722,4,right+A+B,0.06467194855213165,0.2758581042289734,0.1350892037153244,0.45167532563209534,0.07270541787147522,1.3523659706115723,0.0,517.0,385,2,233,0,0,0,200,200,0
837,3348,722,94,722,1,right,0.06383520364761353,0.2751219868659973,0.13211464881896973,0.45972421765327454,0.0692039355635643,1.3401944637298584,0.0,517.0,386,2,233,0,0,0,200,200,0
838,3352,722,79,722,3,right+B,0.06372731178998947,0.27345216274261475,0.13211140036582947,0.4620174169540405,0.06869164854288101,1.3381370306015015,0.0,517.0,387,2,233,0,0,0,200,200,0
839,3356,722,79,722,3,right+B,0.06321640312671661,0.2744634449481964,0.12726116180419922,0.46889999508857727,0.06615899503231049,1.326563835144043,0.0,517.0,388,2,233,0,0,0,200,200,0
840,3360,722,79,722,3,right+B,0.06318362057209015,0.2745806872844696,0.1270494908094406,0.4692015051841736,0.06598474830389023,1.325942873954773,-1.0,516.0,389,2,232,0,0,0,200,200,0
841,3364,722,79,722,1,right,0.0639311820268631,0.2782404124736786,0.127452552318573,0.46358081698417664,0.06679505109786987,1.3314505815505981,0.0,516.0,390,2,232,0,0,0,200,200,0
842,3368,722,79,722,3,right+B,0.06425199657678604,0.2779926359653473,0.1305876225233078,0.4591221511363983,0.06804559379816055,1.3383581638336182,0.0,516.0,391,2,232,0,0,0,200,200,0
843,3372,722,79,722,1,right,0.0628579631447792,0.27568069100379944,0.12558341026306152,0.4699352979660034,0.06594261527061462,1.3238691091537476,0.0,516.0,392,2,232,0,0,0,200,200,0
844,3376,722,79,722,0,NOOP,0.06195163354277611,0.2755945920944214,0.12081342190504074,0.4774734079837799,0.06416693329811096,1.3120357990264893,0.0,516.0,393,2,232,0,0,0,200,200,0
845,3380,722,79,722,3,right+B,0.06272419542074203,0.2768552005290985,0.12359470129013062,0.47139298915863037,0.06543288379907608,1.3205784559249878,-1.0,515.0,394,2,231,0,0,0,200,200,0
846,3384,722,93,722,2,right+A,0.06254586577415466,0.2769637405872345,0.12394008785486221,0.47125527262687683,0.06529506295919418,1.3204658031463623,0.0,515.0,395,2,231,0,0,0,200,200,0
847,3388,722,108,722,3,right+B,0.06366006284952164,0.27906230092048645,0.1305510252714157,0.4594697952270508,0.06725677847862244,1.3361693620681763,0.0,515.0,396,2,231,0,0,0,200,200,0
848,3392,722,112,722,3,right+B,0.06329704076051712,0.27888473868370056,0.13300451636314392,0.45696431398391724,0.06784942001104355,1.339556097984314,0.0,515.0,397,2,231,0,0,0,200,200,0
849,3396,722,106,722,1,right,0.06260719150304794,0.27696800231933594,0.1328733116388321,0.45950114727020264,0.0680503100156784,1.337449312210083,0.0,515.0,398,2,231,0,0,0,200,200,0
850,3400,722,89,722,1,right,0.06490173935890198,0.2787517011165619,0.141057088971138,0.4434869885444641,0.07180240005254745,1.3595677614212036,-1.0,514.0,399,2,230,0,0,0,200,200,0
851,3404,722,79,722,2,right+A,0.06326404213905334,0.27755147218704224,0.13158604502677917,0.4604758322238922,0.06712253391742706,1.3356671333312988,0.0,514.0,400,2,230,0,0,0,200,200,0
852,3408,722,79,722,1,right,0.06043500453233719,0.27389591932296753,0.12238332629203796,0.4807514548301697,0.06253430247306824,1.3068194389343262,0.0,514.0,401,2,230,0,0,0,200,200,0
853,3412,722,79,722,3,right+B,0.06188507750630379,0.2779267728328705,0.13060858845710754,0.4646904170513153,0.06488913297653198,1.3275187015533447,0.0,514.0,402,2,230,0,0,0,200,200,0
854,3416,722,79,722,1,right,0.06383108347654343,0.2827179729938507,0.13702021539211273,0.44767701625823975,0.06875362992286682,1.3489958047866821,0.0,514.0,403,2,230,0,0,0,200,200,0
855,3420,722,79,722,1,right,0.0649297833442688,0.28445273637771606,0.14122700691223145,0.4380253553390503,0.07136508077383041,1.3615741729736328,-1.0,513.0,404,2,229,0,0,0,200,200,0
856,3424,722,79,722,3,right+B,0.06334936618804932,0.28029394149780273,0.1359872817993164,0.4526025354862213,0.06776683777570724,1.343821406364441,0.0,513.0,405,2,229,0,0,0,200,200,0
857,3428,722,79,722,3,right+B,0.06367514282464981,0.2799319922924042,0.13469982147216797,0.4538659453392029,0.06782705336809158,1.3428459167480469,0.0,513.0,406,2,229,0,0,0,200,200,0
858,3432,722,79,722,3,right+B,0.06444692611694336,0.28002211451530457,0.1353979855775833,0.4502352178096771,0.06989777833223343,1.3491371870040894,0.0,513.0,407,2,229,0,0,0,200,200,0
859,3436,722,79,722,3,right+B,0.06444033235311508,0.27751943469047546,0.13549953699111938,0.4516404867172241,0.07090025395154953,1.3499045372009277,0.0,513.0,408,2,229,0,0,0,200,200,0
860,3440,722,79,722,1,right,0.0655384361743927,0.28145021200180054,0.1400385946035385,0.44107356667518616,0.07189921289682388,1.361027479171753,-1.0,512.0,409,2,228,0,0,0,200,200,0
861,3444,722,93,722,2,right+A,0.06613278388977051,0.2826673686504364,0.14322397112846375,0.434477299451828,0.07349853217601776,1.369154691696167,0.0,512.0,410,2,228,0,0,0,200,200,0
862,3448,722,108,722,0,NOOP,0.06630739569664001,0.28243783116340637,0.14822952449321747,0.4287759065628052,0.074249267578125,1.3761452436447144,0.0,512.0,411,2,228,0,0,0,200,200,0
863,3452,722,112,722,1,right,0.06593150645494461,0.2822575867176056,0.15534913539886475,0.4212464690208435,0.07521533221006393,1.3843823671340942,0.0,512.0,412,2,228,0,0,0,200,200,0
864,3456,722,106,722,3,right+B,0.06732530146837234,0.28169745206832886,0.16826757788658142,0.40182992815971375,0.08087978512048721,1.4081883430480957,0.0,512.0,413,2,228,0,0,0,200,200,0
865,3460,722,89,722,3,right+B,0.06552139669656754,0.27998587489128113,0.15868616104125977,0.4189159572124481,0.07689051330089569,1.3888561725616455,-1.0,511.0,414,2,227,0,0,0,200,200,0
866,3464,722,79,722,2,right+A,0.06391629576683044,0.2768358588218689,0.1444673389196396,0.44349074363708496,0.07128972560167313,1.3597004413604736,0.0,511.0,415,2,227,0,0,0,200,200,0
867,3468,722,79,722,1,right,0.06328925490379333,0.2752382755279541,0.13683204352855682,0.45579731464385986,0.06884307414293289,1.3442720174789429,0.0,511.0,416,2,227,0,0,0,200,200,0
868,3472,722,79,722,3,right+B,0.06351346522569656,0.27750369906425476,0.1336316466331482,0.45672810077667236,0.06862301379442215,1.3415415287017822,0.0,511.0,417,2,227,0,0,0,200,200,0
869,3476,722,79,722,3,right+B,0.06413096189498901,0.2771340012550354,0.1370306760072708,0.45107370615005493,0.07063064724206924,1.3504481315612793,0.0,511.0,418,2,227,0,0,0,200,200,0
870,3480,722,79,722,3,right+B,0.06645020842552185,0.28110939264297485,0.14667271077632904,0.4310277998447418,0.07473982870578766,1.375044822692871,-1.0,510.0,419,2,226,0,0,0,200,200,0
871,3484,722,93,722,2,right+A,0.06644944846630096,0.2826043963432312,0.1480497568845749,0.428257554769516,0.07463888078927994,1.3769705295562744,0.0,510.0,420,2,226,0,0,0,200,200,0
872,3488,722,109,722,2,right+A,0.0669095367193222,0.2853624224662781,0.1523822396993637,0.41978919506073,0.07555662095546722,1.3850116729736328,0.0,510.0,421,2,226,0,0,0,200,200,0
873,3492,722,121,722,3,right+B,0.06545691192150116,0.2779711186885834,0.14649760723114014,0.4365829527378082,0.07349139451980591,1.3693987131118774,0.0,510.0,422,2,226,0,0,0,200,200,0
874,3496,722,122,722,0,NOOP,0.06515556573867798,0.27985674142837524,0.14477083086967468,0.43739399313926697,0.07282281666994095,1.3665802478790283,0.0,510.0,423,2,226,0,0,0,200,200,0
875,3500,722,113,722,3,right+B,0.06668675690889359,0.2829408049583435,0.14656853675842285,0.42918992042541504,0.07461397349834442,1.3759267330169678,-1.0,509.0,424,2,225,0,0,0,200,200,0
876,3504,722,94,722,4,right+A+B,0.06354942172765732,0.2802930176258087,0.1395629197359085,0.4477218687534332,0.06887287646532059,1.350531816482544,0.0,509.0,425,2,225,0,0,0,200,200,0
877,3508,722,79,722,0,NOOP,0.06432320177555084,0.2794943153858185,0.14479732513427734,0.439344197511673,0.07204102724790573,1.3634471893310547,0.0,509.0,426,2,225,0,0,0,200,200,0
878,3512,722,93,722,2,right+A,0.06255905330181122,0.2770945131778717,0.1343563050031662,0.45816344022750854,0.06782662868499756,1.3388193845748901,0.0,509.0,427,2,225,0,0,0,200,200,0
879,3516,722,109,722,4,right+A+B,0.06349946558475494,0.27751418948173523,0.13559649884700775,0.4547775387763977,0.0686122253537178,1.3438949584960938,0.0,509.0,428,2,225,0,0,0,200,200,0
880,3520,722,121,722,1,right,0.063752181828022,0.2813808023929596,0.1346902698278427,0.4498206377029419,0.07035611569881439,1.3484245538711548,-1.0,508.0,429,2,224,0,0,0,200,200,0
881,3524,722,122,722,3,right+B,0.06523283571004868,0.2862016558647156,0.14151811599731445,0.43353956937789917,0.07350781559944153,1.3670638799667358,0.0,508.0,430,2,224,0,0,0,200,200,0
882,3528,722,113,722,3,right+B,0.06233279034495354,0.2798539996147156,0.1277858167886734,0.4616127610206604,0.06841463595628738,1.3326268196105957,0.0,508.0,431,2,224,0,0,0,200,200,0
883,3532,722,94,722,1,right,0.06213373318314552,0.2778809368610382,0.12999536097049713,0.4627014398574829,0.06728851795196533,1.3318917751312256,0.0,508.0,432,2,224,0,0,0,200,200,0
884,3536,722,79,722,1,right,0.06123841181397438,0.2722584307193756,0.129277765750885,0.47015535831451416,0.06707009673118591,1.3257691860198975,0.0,508.0,433,2,224,0,0,0,200,200,0
885,3540,722,93,722,2,right+A,0.06111437454819679,0.2743508815765381,0.12425662577152252,0.4754616618156433,0.06481646746397018,1.3156132698059082,-1.0,507.0,434,2,223,0,0,0,200,200,0
886,3544,722,108,722,3,right+B,0.061467599123716354,0.27618107199668884,0.12645135819911957,0.4709457457065582,0.06495418399572372,1.3205158710479736,0.0,507.0,435,2,223,0,0,0,200,200,0
887,3548,722,112,722,3,right+B,0.0626382902264595,0.27698081731796265,0.13319160044193268,0.45928242802619934,0.06790684163570404,1.3376381397247314,0.0,507.0,436,2,223,0,0,0,200,200,0
888,3552,722,106,722,3,right+B,0.0633939579129219,0.2774169147014618,0.1389283984899521,0.4503830671310425,0.06987766176462173,1.3499908447265625,0.0,507.0,437,2,223,0,0,0,200,200,0
889,3556,722,89,722,1,right,0.06346673518419266,0.2768945097923279,0.13571983575820923,0.45486921072006226,0.06904970854520798,1.3444989919662476,0.0,507.0,438,2,223,0,0,0,200,200,0
890,3560,722,79,722,2,right+A,0.06255889683961868,0.27388182282447815,0.12472735345363617,0.472860187292099,0.065971739590168,1.3212171792984009,-1.0,506.0,439,2,222,0,0,0,200,200,0
891,3564,722,79,722,0,NOOP,0.0616169311106205,0.27100512385368347,0.11949107050895691,0.4846137762069702,0.06327306479215622,1.3051127195358276,0.0,506.0,440,2,222,0,0,0,200,200,0
892,3568,722,93,722,4,right+A+B,0.062394533306360245,0.27484315633773804,0.12211677432060242,0.4762364625930786,0.06440916657447815,1.3147928714752197,0.0,506.0,441,2,222,0,0,0,200,200,0
893,3572,722,108,722,3,right+B,0.06301794201135635,0.27662429213523865,0.12683826684951782,0.46620452404022217,0.06731491535902023,1.3290083408355713,0.0,506.0,442,2,222,0,0,0,200,200,0
894,3576,722,112,722,3,right+B,0.06379180401563644,0.2776188850402832,0.1302308738231659,0.45958366990089417,0.0687747523188591,1.3382028341293335,0.0,506.0,443,2,222,0,0,0,200,200,0
895,3580,722,106,722,3,right+B,0.0640338882803917,0.2773427665233612,0.1345037817955017,0.4536207914352417,0.07049887627363205,1.3470747470855713,-1.0,505.0,444,2,221,0,0,0,200,200,0
896,3584,722,89,722,3,right+B,0.06309185922145844,0.2752282917499542,0.13168607652187347,0.4610459804534912,0.06894779950380325,1.337754487991333,0.0,505.0,445,2,221,0,0,0,200,200,0
897,3588,722,79,722,3,right+B,0.0634634718298912,0.2734740674495697,0.12904155254364014,0.46589094400405884,0.06812997162342072,1.3326570987701416,0.0,505.0,446,2,221,0,0,0,200,200,0
898,3592,722,79,722,1,right,0.0633782371878624,0.27213314175605774,0.12729676067829132,0.47068873047828674,0.06650316715240479,1.3263459205627441,0.0,505.0,447,2,221,0,0,0,200,200,0
899,3596,722,79,722,3,right+B,0.06443463265895844,0.27515119314193726,0.13306523859500885,0.459968626499176,0.06738024204969406,1.3390944004058838,0.0,505.0,448,2,221,0,0,0,200,200,0
900,3600,722,79,722,3,right+B,0.06431181728839874,0.27526384592056274,0.13283377885818481,0.459993451833725,0.06759708374738693,1.3390395641326904,-1.0,504.0,449,2,220,0,0,0,200,200,0
901,3604,722,79,722,3,right+B,0.0642964243888855,0.27630507946014404,0.13296593725681305,0.45799490809440613,0.06843763589859009,1.3413084745407104,0.0,504.0,450,2,220,0,0,0,200,200,0
902,3608,722,79,722,3,right+B,0.06411934643983841,0.27583613991737366,0.1318262815475464,0.4597187638282776,0.06849946826696396,1.3394231796264648,0.0,504.0,451,2,220,0,0,0,200,200,0
903,3612,722,79,722,3,right+B,0.06303638964891434,0.2748531401157379,0.12777531147003174,0.4670805037021637,0.06725461035966873,1.3292133808135986,0.0,504.0,452,2,220,0,0,0,200,200,0
904,3616,722,79,722,1,right,0.06370417028665543,0.27633175253868103,0.13026639819145203,0.46139076352119446,0.06830699741840363,1.336529016494751,0.0,504.0,453,2,220,0,0,0,200,200,0
905,3620,722,79,722,3,right+B,0.06331460922956467,0.2750930190086365,0.12861700356006622,0.46533122658729553,0.06764418631792068,1.3317363262176514,-1.0,503.0,454,2,219,0,0,0,200,200,0
906,3624,722,79,722,3,right+B,0.06341905891895294,0.27511200308799744,0.1297406256198883,0.46373531222343445,0.06799302250146866,1.3340635299682617,0.0,503.0,455,2,219,0,0,0,200,200,0
907,3628,722,79,722,1,right,0.0632668137550354,0.2757253348827362,0.13023339211940765,0.46214738488197327,0.06862709671258926,1.3359184265136719,0.0,503.0,456,2,219,0,0,0,200,200,0
908,3632,722,79,722,3,right+B,0.06399428844451904,0.2760571837425232,0.13484543561935425,0.4552314281463623,0.06987170875072479,1.3456032276153564,0.0,503.0,457,2,219,0,0,0,200,200,0
909,3636,722,79,722,3,right+B,0.0639987662434578,0.27538448572158813,0.13489767909049988,0.45629066228866577,0.06942842900753021,1.3445048332214355,0.0,503.0,458,2,219,0,0,0,200,200,0
910,3640,722,79,722,3,right+B,0.06410964578390121,0.27661198377609253,0.1354067623615265,0.4546158015727997,0.0692557767033577,1.3456307649612427,-1.0,502.0,459,2,218,0,0,0,200,200,0
911,3644,722,79,722,3,right+B,0.06464187800884247,0.2771872580051422,0.13772660493850708,0.4504912197589874,0.06995303928852081,1.3510359525680542,0.0,502.0,460,2,218,0,0,0,200,200,0
912,3648,722,79,722,3,right+B,0.06396342068910599,0.27571335434913635,0.1366058737039566,0.4546149671077728,0.06910238415002823,1.3460543155670166,0.0,502.0,461,2,218,0,0,0,200,200,0
913,3652,722,79,722,3,right+B,0.06401409953832626,0.2767278552055359,0.13431653380393982,0.45640653371810913,0.06853494793176651,1.342812418937683,0.0,502.0,462,2,218,0,0,0,200,200,0
914,3656,722,79,722,3,right+B,0.0634671002626419,0.27643275260925293,0.13196218013763428,0.46010658144950867,0.06803131103515625,1.3377153873443604,0.0,502.0,463,2,218,0,0,0,200,200,0
915,3660,722,93,722,4,right+A+B,0.06393107026815414,0.2761426270008087,0.13348375260829926,0.4573792517185211,0.06906331330537796,1.342333436012268,-1.0,501.0,464,2,217,0,0,0,200,200,0
916,3664,722,108,722,1,right,0.06467469036579132,0.2782316207885742,0.1369246244430542,0.4492264688014984,0.07094258069992065,1.3524866104125977,0.0,501.0,465,2,217,0,0,0,200,200,0
917,3668,722,112,722,3,right+B,0.06417692452669144,0.2758227586746216,0.13681328296661377,0.4525270164012909,0.0706600695848465,1.3496888875961304,0.0,501.0,466,2,217,0,0,0,200,200,0
918,3672,722,106,722,4,right+A+B,0.06423723697662354,0.2756252884864807,0.13954932987689972,0.44881725311279297,0.0717708170413971,1.3549933433532715,0.0,501.0,467,2,217,0,0,0,200,200,0
919,3676,722,89,722,3,right+B,0.06357166916131973,0.2742255926132202,0.1361166387796402,0.45562735199928284,0.07045876234769821,1.34648859500885,0.0,501.0,468,2,217,0,0,0,200,200,0
920,3680,722,79,722,3,right+B,0.06337301433086395,0.27338096499443054,0.13255052268505096,0.46172499656677246,0.06897050887346268,1.3384768962860107,-1.0,500.0,469,2,216,0,0,0,200,200,0
921,3684,722,93,722,2,right+A,0.06256763637065887,0.27184730768203735,0.12760256230831146,0.47175124287605286,0.06623128056526184,1.324424386024475,0.0,500.0,470,2,216,0,0,0,200,200,0
922,3688,722,108,722,1,right,0.06477180868387222,0.2767435908317566,0.1384703814983368,0.45019376277923584,0.06982048600912094,1.3517045974731445,0.0,500.0,471,2,216,0,0,0,200,200,0
923,3692,722,112,722,3,right+B,0.0652313381433487,0.2774866223335266,0.14269289374351501,0.4430854916572571,0.07150362432003021,1.3609296083450317,0.0,500.0,472,2,216,0,0,0,200,200,0
924,3696,722,106,722,1,right,0.0648685097694397,0.2764236629009247,0.14349493384361267,0.4434693157672882,0.07174354046583176,1.3610776662826538,0.0,500.0,473,2,216,0,0,0,200,200,0
925,3700,722,89,722,1,right,0.06415706872940063,0.2755054235458374,0.13925056159496307,0.45037841796875,0.07070846110582352,1.3524713516235352,-1.0,499.0,474,2,215,0,0,0,200,200,0
926,3704,722,79,722,3,right+B,0.06350962072610855,0.2735992670059204,0.13227806985378265,0.4620838761329651,0.0685291662812233,1.3376814126968384,0.0,499.0,475,2,215,0,0,0,200,200,0
927,3708,722,79,722,0,NOOP,0.06250607967376709,0.2719421982765198,0.1246437132358551,0.47525662183761597,0.06565132737159729,1.319294810295105,0.0,499.0,476,2,215,0,0,0,200,200,0
928,3712,722,79,722,1,right,0.06331978738307953,0.2745083272457123,0.12799055874347687,0.46750184893608093,0.06667941808700562,1.328758955001831,0.0,499.0,477,2,215,0,0,0,200,200,0
929,3716,722,79,722,0,NOOP,0.06401264667510986,0.27545541524887085,0.12892790138721466,0.46416911482810974,0.0674348920583725,1.3333086967468262,0.0,499.0,478,2,215,0,0,0,200,200,0
930,3720,722,79,722,3,right+B,0.0643235594034195,0.27606213092803955,0.12834472954273224,0.46332767605781555,0.06794185191392899,1.3344671726226807,-1.0,498.0,479,2,214,0,0,0,200,200,0
931,3724,722,79,722,1,right,0.06415221095085144,0.27548807859420776,0.12930326163768768,0.4630903899669647,0.06796598434448242,1.3351037502288818,0.0,498.0,480,2,214,0,0,0,200,200,0
932,3728,722,79,722,3,right+B,0.06494911760091782,0.27720358967781067,0.13002046942710876,0.45972099900245667,0.06810583174228668,1.338728666305542,0.0,498.0,481,2,214,0,0,0,200,200,0
933,3732,722,79,722,1,right,0.06500846147537231,0.276291161775589,0.13175059854984283,0.45798903703689575,0.06896063685417175,1.3421790599822998,0.0,498.0,482,2,214,0,0,0,200,200,0
934,3736,722,79,722,3,right+B,0.06503476947546005,0.27562540769577026,0.13447707891464233,0.4553389847278595,0.06952384114265442,1.3463184833526611,0.0,498.0,483,2,214,0,0,0,200,200,0
935,3740,722,79,722,3,right+B,0.06522990018129349,0.2762797176837921,0.13466019928455353,0.4545166790485382,0.06931349635124207,1.3468523025512695,-1.0,497.0,484,2,213,0,0,0,200,200,0
936,3744,722,79,722,3,right+B,0.064361572265625,0.2770090699195862,0.13394221663475037,0.45605334639549255,0.06863380968570709,1.3433634042739868,0.0,497.0,485,2,213,0,0,0,200,200,0
937,3748,722,79,722,3,right+B,0.0650990754365921,0.27844172716140747,0.1362558901309967,0.45057910680770874,0.06962424516677856,1.3501642942428589,0.0,497.0,486,2,213,0,0,0,200,200,0
938,3752,722,79,722,3,right+B,0.06448154896497726,0.27667519450187683,0.13192853331565857,0.45880037546157837,0.06811435520648956,1.339955449104309,0.0,497.0,487,2,213,0,0,0,200,200,0
939,3756,722,79,722,3,right+B,0.06442401558160782,0.27799496054649353,0.1289934515953064,0.4611203968524933,0.06746716797351837,1.335572361946106,0.0,497.0,488,2,213,0,0,0,200,200,0
940,3760,722,93,722,4,right+A+B,0.06455177068710327,0.2794346809387207,0.12801958620548248,0.4598010182380676,0.0681929662823677,1.3366934061050415,-1.0,496.0,489,2,212,0,0,0,200,200,0
941,3764,722,108,722,3,right+B,0.06469584256410599,0.27933740615844727,0.13068728148937225,0.4564405083656311,0.06883895397186279,1.3415284156799316,0.0,496.0,490,2,212,0,0,0,200,200,0
942,3768,722,112,722,1,right,0.06363927572965622,0.27597030997276306,0.12951147556304932,0.4629652500152588,0.06791374832391739,1.334503173828125,0.0,496.0,491,2,212,0,0,0,200,200,0
943,3772,722,106,722,3,right+B,0.06257109344005585,0.2749442756175995,0.12826812267303467,0.4668762683868408,0.06734021753072739,1.3291319608688354,0.0,496.0,492,2,212,0,0,0,200,200,0
944,3776,722,89,722,3,right+B,0.06319250911474228,0.27594777941703796,0.12928292155265808,0.4634930193424225,0.06808383017778397,1.333638072013855,0.0,496.0,493,2,212,0,0,0,200,200,0
945,3780,722,79,722,3,right+B,0.062261682003736496,0.27425408363342285,0.12715590000152588,0.47007179260253906,0.06625653058290482,1.3245832920074463,-1.0,495.0,494,2,211,0,0,0,200,200,0
946,3784,722,93,722,4,right+A+B,0.06234360486268997,0.27503591775894165,0.12537865340709686,0.47334998846054077,0.06389179825782776,1.3181452751159668,0.0,495.0,495,2,211,0,0,0,200,200,0
947,3788,722,109,722,2,right+A,0.06400563567876816,0.28087902069091797,0.13409100472927094,0.4546649754047394,0.06635938584804535,1.3404027223587036,0.0,495.0,496,2,211,0,0,0,200,200,0
948,3792,722,121,722,1,right,0.06359313428401947,0.2782805860042572,0.1369168609380722,0.45267292857170105,0.06853648275136948,1.345900058746338,0.0,495.0,497,2,211,0,0,0,200,200,0
949,3796,722,122,722,3,right+B,0.06557273864746094,0.2841896414756775,0.14353324472904205,0.4340789020061493,0.07262544333934784,1.3675341606140137,0.0,495.0,498,2,211,0,0,0,200,200,0
950,3800,722,113,722,3,right+B,0.0637851431965828,0.280779629945755,0.13383758068084717,0.45167747139930725,0.06992024928331375,1.3463616371154785,-1.0,494.0,499,2,210,0,0,0,200,200,0
951,3804,722,94,722,0,NOOP,0.061920709908008575,0.2775636911392212,0.1294294148683548,0.46516773104667664,0.06591843068599701,1.327919840812683,0.0,494.0,500,2,210,0,0,0,200,200,0
952,3808,722,79,722,3,right+B,0.06218358129262924,0.2754165828227997,0.1312059462070465,0.46376508474349976,0.06742880493402481,1.3325247764587402,0.0,494.0,501,2,210,0,0,0,200,200,0
953,3812,722,79,722,1,right,0.06301022320985794,0.28003227710723877,0.13371561467647552,0.45553311705589294,0.067708820104599,1.3401579856872559,0.0,494.0,502,2,210,0,0,0,200,200,0
954,3816,722,79,722,1,right,0.06465740501880646,0.2819170653820038,0.1373881995677948,0.44603651762008667,0.0700007900595665,1.3529884815216064,0.0,494.0,503,2,210,0,0,0,200,200,0
955,3820,722,79,722,3,right+B,0.06379980593919754,0.2797330319881439,0.13753730058670044,0.4497598707675934,0.06916997581720352,1.3489322662353516,-1.0,493.0,504,2,209,0,0,0,200,200,0
956,3824,722,79,722,3,right+B,0.06508930772542953,0.28146958351135254,0.14067313075065613,0.44277000427246094,0.06999798119068146,1.3574275970458984,0.0,493.0,505,2,209,0,0,0,200,200,0
957,3828,722,79,722,3,right+B,0.06448031961917877,0.279398113489151,0.13519778847694397,0.4518032371997833,0.06912056356668472,1.3472094535827637,0.0,493.0,506,2,209,0,0,0,200,200,0
958,3832,722,93,722,2,right+A,0.0649239793419838,0.2795109748840332,0.13800008594989777,0.44698697328567505,0.07057797908782959,1.3541733026504517,0.0,493.0,507,2,209,0,0,0,200,200,0
959,3836,722,108,722,3,right+B,0.06778190284967422,0.2845500409603119,0.15094268321990967,0.4210045635700226,0.07572077214717865,1.3851075172424316,0.0,493.0,508,2,209,0,0,0,200,200,0
960,3840,722,112,722,3,right+B,0.06598147749900818,0.2815321087837219,0.1474543958902359,0.4311103820800781,0.07392168790102005,1.3737496137619019,-1.0,492.0,509,2,208,0,0,0,200,200,0
961,3844,722,106,722,4,right+A+B,0.06516686081886292,0.28093257546424866,0.14643804728984833,0.4341742694377899,0.07328822463750839,1.3697351217269897,0.0,492.0,510,2,208,0,0,0,200,200,0
962,3848,722,89,722,3,right+B,0.06513229012489319,0.28045058250427246,0.15050791203975677,0.42936113476753235,0.07454808056354523,1.3760302066802979,0.0,492.0,511,2,208,0,0,0,200,200,0
963,3852,722,79,722,2,right+A,0.06612636893987656,0.28125548362731934,0.15196572244167328,0.42434000968933105,0.07631243765354156,1.3827992677688599,0.0,492.0,512,2,208,0,0,0,200,200,0
964,3856,722,79,722,3,right+B,0.06422003358602524,0.2788393199443817,0.14559155702590942,0.43887630105018616,0.07247280329465866,1.364610195159912,0.0,492.0,513,2,208,0,0,0,200,200,0
965,3860,722,79,722,3,right+B,0.06445970386266708,0.27881699800491333,0.1441454142332077,0.4414568841457367,0.07112095504999161,1.3610025644302368,-1.0,491.0,514,2,207,0,0,0,200,200,0
966,3864,722,93,722,2,right+A,0.06606483459472656,0.28010231256484985,0.15018200874328613,0.4290972650051117,0.07455354928970337,1.3773012161254883,0.0,491.0,515,2,207,0,0,0,200,200,0
967,3868,722,109,722,2,right+A,0.06655076891183853,0.2830796539783478,0.1494959592819214,0.42510250210762024,0.07577111572027206,1.3808434009552002,0.0,491.0,516,2,207,0,0,0,200,200,0
968,3872,722,122,722,2,right+A,0.06628991663455963,0.2783896327018738,0.15302643179893494,0.42571353912353516,0.07658050209283829,1.3834524154663086,0.0,491.0,517,2,207,0,0,0,200,200,0
969,3876,722,130,722,0,NOOP,0.06722279638051987,0.28247302770614624,0.15764553844928741,0.4142654240131378,0.07839319854974747,1.3944753408432007,0.0,491.0,518,2,207,0,0,0,200,200,0
970,3880,722,129,722,2,right+A,0.06723209470510483,0.2841549813747406,0.1628047376871109,0.4074053466320038,0.07840287685394287,1.399991512298584,-1.0,490.0,519,2,206,0,0,0,200,200,0
971,3884,722,117,722,1,right,0.06622087955474854,0.28175589442253113,0.15820495784282684,0.41792184114456177,0.0758964791893959,1.3886971473693848,0.0,490.0,520,2,206,0,0,0,200,200,0
972,3888,722,97,722,3,right+B,0.06537242233753204,0.27823683619499207,0.14580534398555756,0.4370248019695282,0.07356060296297073,1.3687236309051514,0.0,490.0,521,2,206,0,0,0,200,200,0
973,3892,722,79,722,2,right+A,0.06506726890802383,0.2800649106502533,0.1442497968673706,0.43834543228149414,0.07227254658937454,1.3649381399154663,0.0,490.0,522,2,206,0,0,0,200,200,0
974,3896,722,79,722,1,right,0.06586652994155884,0.2835017740726471,0.14775900542736053,0.42908182740211487,0.07379087805747986,1.3744573593139648,0.0,490.0,523,2,206,0,0,0,200,200,0
975,3900,722,79,722,3,right+B,0.06354089826345444,0.27806249260902405,0.13743355870246887,0.45244133472442627,0.06852177530527115,1.3462803363800049,-1.0,489.0,524,2,205,0,0,0,200,200,0
976,3904,722,79,722,3,right+B,0.06552308797836304,0.28198865056037903,0.14360883831977844,0.43600064516067505,0.07287877053022385,1.3670315742492676,0.0,489.0,525,2,205,0,0,0,200,200,0
977,3908,722,79,722,1,right,0.06418895721435547,0.2802347242832184,0.1373215615749359,0.4484470784664154,0.06980767846107483,1.3508622646331787,0.0,489.0,526,2,205,0,0,0,200,200,0
978,3912,722,79,722,3,right+B,0.0643995851278305,0.2802582085132599,0.1374884992837906,0.44804248213768005,0.06981126219034195,1.3514862060546875,0.0,489.0,527,2,205,0,0,0,200,200,0
979,3916,722,93,722,4,right+A+B,0.06349412351846695,0.28315824270248413,0.13088752329349518,0.4542798399925232,0.06818026304244995,1.3400156497955322,0.0,489.0,528,2,205,0,0,0,200,200,0
980,3920,722,109,722,2,right+A,0.06450441479682922,0.28536760807037354,0.13581088185310364,0.44390830397605896,0.07040876150131226,1.353137493133545,-1.0,488.0,529,2,204,0,0,0,200,200,0
981,3924,722,121,722,3,right+B,0.06397175788879395,0.28116023540496826,0.13626469671726227,0.44889089465141296,0.06971245259046555,1.3494412899017334,0.0,488.0,530,2,204,0,0,0,200,200,0
982,3928,722,122,722,2,right+A,0.06357429921627045,0.27992987632751465,0.1396169364452362,0.44641026854515076,0.07046855241060257,1.3534396886825562,0.0,488.0,531,2,204,0,0,0,200,200,0
983,3932,722,113,722,3,right+B,0.06400225311517715,0.27949562668800354,0.1400534212589264,0.4451410472393036,0.07130774110555649,1.3561185598373413,0.0,488.0,532,2,204,0,0,0,200,200,0
984,3936,722,94,722,3,right+B,0.06173665449023247,0.27679112553596497,0.1278010457754135,0.468444287776947,0.06522690504789352,1.3236886262893677,0.0,488.0,533,2,204,0,0,0,200,200,0
985,3940,722,79,722,4,right+A+B,0.0605667307972908,0.2737584412097931,0.12497507780790329,0.47587355971336365,0.06482604891061783,1.3151419162750244,-1.0,487.0,534,2,203,0,0,0,200,200,0
986,3944,722,79,722,3,right+B,0.06116644665598869,0.2744532823562622,0.1252562254667282,0.4744558036327362,0.06466828286647797,1.3168171644210815,0.0,487.0,535,2,203,0,0,0,200,200,0
987,3948,722,79,722,3,right+B,0.061811890453100204,0.2751483917236328,0.1251106709241867,0.4726278781890869,0.06530115753412247,1.3195762634277344,0.0,487.0,536,2,203,0,0,0,200,200,0
988,3952,722,79,722,3,right+B,0.06370735913515091,0.27786850929260254,0.13070005178451538,0.4598565697669983,0.06786754727363586,1.337023138999939,0.0,487.0,537,2,203,0,0,0,200,200,0
989,3956,722,79,722,3,right+B,0.0640871524810791,0.27701354026794434,0.1280236542224884,0.4632597863674164,0.06761585175991058,1.333451509475708,0.0,487.0,538,2,203,0,0,0,200,200,0
990,3960,722,79,722,3,right+B,0.06364727020263672,0.2763129472732544,0.12569379806518555,0.468100905418396,0.06624499708414078,1.326523780822754,-1.0,486.0,539,2,202,0,0,0,200,200,0
991,3964,722,79,722,3,right+B,0.06260422617197037,0.2763725221157074,0.12423989921808243,0.47105172276496887,0.06573153287172318,1.3215299844741821,0.0,486.0,540,2,202,0,0,0,200,200,0
992,3968,722,79,722,1,right,0.0639009028673172,0.2774599492549896,0.1300826370716095,0.46005263924598694,0.06850387156009674,1.3376355171203613,0.0,486.0,541,2,202,0,0,0,200,200,0
993,3972,722,79,722,3,right+B,0.06413868814706802,0.277698278427124,0.13096407055854797,0.4588005244731903,0.0683983713388443,1.3391326665878296,0.0,486.0,542,2,202,0,0,0,200,200,0
994,3976,722,79,722,1,right,0.06439953297376633,0.278003066778183,0.13089124858379364,0.45896875858306885,0.06773737072944641,1.338445782661438,0.0,486.0,543,2,202,0,0,0,200,200,0
995,3980,722,79,722,1,right,0.06379570811986923,0.27722930908203125,0.13148410618305206,0.4595916271209717,0.06789927184581757,1.3379197120666504,-1.0,485.0,544,2,201,0,0,0,200,200,0
996,3984,722,79,722,3,right+B,0.06482858210802078,0.27714794874191284,0.13469263911247253,0.4539552330970764,0.0693756490945816,1.3466588258743286,0.0,485.0,545,2,201,0,0,0,200,200,0
997,3988,722,79,722,1,right,0.06473961472511292,0.27582913637161255,0.13427488505840302,0.45602309703826904,0.06913325190544128,1.3448631763458252,0.0,485.0,546,2,201,0,0,0,200,200,0
998,3992,722,79,722,3,right+B,0.06456337869167328,0.2753218412399292,0.13272079825401306,0.4589062035083771,0.06848777085542679,1.3411242961883545,0.0,485.0,547,2,201,0,0,0,200,200,0
999,3996,722,79,722,3,right+B,0.06414370983839035,0.2759723365306854,0.1307266503572464,0.46106240153312683,0.06809495389461517,1.3373891115188599,0.0,485.0,548,2,201,0,0,0,200,200,0
1000,4000,722,79,722,1,right,0.0647759959101677,0.27603280544281006,0.13351896405220032,0.4561304748058319,0.06954175233840942,1.3448795080184937,-1.0,484.0,549,2,200,0,0,0,200,200,0
1001,4004,722,79,722,3,right+B,0.06400661170482635,0.2746751308441162,0.13149219751358032,0.46091967821121216,0.06890639662742615,1.3389594554901123,0.0,484.0,550,2,200,0,0,0,200,200,0
1002,4008,722,79,722,1,right,0.06345649808645248,0.27543357014656067,0.12892715632915497,0.46447309851646423,0.06770966202020645,1.3327218294143677,0.0,484.0,551,2,200,0,0,0,200,200,0
1003,4012,722,79,722,3,right+B,0.06402698159217834,0.2768718898296356,0.1310332715511322,0.4595831632614136,0.06848464161157608,1.3387467861175537,0.0,484.0,552,2,200,0,0,0,200,200,0
1004,4016,722,79,722,1,right,0.06424593925476074,0.2764953076839447,0.13377389311790466,0.45581936836242676,0.06966552138328552,1.3446202278137207,0.0,484.0,553,2,200,0,0,0,200,200,0
1005,4020,722,79,722,0,NOOP,0.06423652917146683,0.27604472637176514,0.13326407968997955,0.45729008316993713,0.06916458159685135,1.342805027961731,-1.0,483.0,554,2,199,0,0,0,200,200,0
1006,4024,722,79,722,1,right,0.06408452242612839,0.2770593464374542,0.1333312690258026,0.45690053701400757,0.06862426549196243,1.3420765399932861,0.0,483.0,555,2,199,0,0,0,200,200,0
1007,4028,722,93,722,2,right+A,0.0644354298710823,0.2766644060611725,0.13562409579753876,0.4544815123081207,0.0687946155667305,1.3456878662109375,0.0,483.0,556,2,199,0,0,0,200,200,0
1008,4032,722,108,722,1,right,0.06454470753669739,0.27785608172416687,0.13738472759723663,0.450425922870636,0.06978857517242432,1.350459337234497,0.0,483.0,557,2,199,0,0,0,200,200,0
1009,4036,722,112,722,3,right+B,0.06436458230018616,0.2772851884365082,0.13959889113903046,0.44750717282295227,0.07124422490596771,1.3551337718963623,0.0,483.0,558,2,199,0,0,0,200,200,0
1010,4040,722,106,722,4,right+A+B,0.0642346441745758,0.27653467655181885,0.14044064283370972,0.44707491993904114,0.07171504944562912,1.3563628196716309,-1.0,482.0,559,2,198,0,0,0,200,200,0
1011,4044,722,89,722,4,right+A+B,0.0631045401096344,0.2742961347103119,0.13500897586345673,0.4575681686401367,0.07002216577529907,1.3434395790100098,0.0,482.0,560,2,198,0,0,0,200,200,0
1012,4048,722,79,722,3,right+B,0.06260703504085541,0.27289867401123047,0.12969549000263214,0.46666330099105835,0.06813550740480423,1.3314849138259888,0.0,482.0,561,2,198,0,0,0,200,200,0
1013,4052,722,79,722,1,right,0.061605263501405716,0.27101805806159973,0.1237071231007576,0.4784418046474457,0.06522765755653381,1.3148354291915894,0.0,482.0,562,2,198,0,0,0,200,200,0
1014,4056,722,79,722,3,right+B,0.06250378489494324,0.2736218273639679,0.1274804323911667,0.4701347053050995,0.0662592202425003,1.325160026550293,0.0,482.0,563,2,198,0,0,0,200,200,0
1015,4060,722,79,722,1,right,0.06314993649721146,0.2754589021205902,0.13046371936798096,0.46288052201271057,0.06804686039686203,1.3347299098968506,-1.0,481.0,564,2,197,0,0,0,200,200,0
1016,4064,722,79,722,1,right,0.06368415057659149,0.2759969234466553,0.13341154158115387,0.45770063996315,0.06920675933361053,1.3419554233551025,0.0,481.0,565,2,197,0,0,0,200,200,0
1017,4068,722,79,722,3,right+B,0.06375541538000107,0.27566850185394287,0.1329132616519928,0.45907580852508545,0.06858696043491364,1.3401386737823486,0.0,481.0,566,2,197,0,0,0,200,200,0
1018,4072,722,93,722,2,right+A,0.06390456855297089,0.27620843052864075,0.13498078286647797,0.45586082339286804,0.06904532760381699,1.3441131114959717,0.0,481.0,567,2,197,0,0,0,200,200,0
1019,4076,722,108,722,1,right,0.06531267613172531,0.2785642445087433,0.14220401644706726,0.4422699213027954,0.07164917886257172,1.3612971305847168,0.0,481.0,568,2,197,0,0,0,200,200,0
1020,4080,722,112,722,3,right+B,0.06426369398832321,0.2760196626186371,0.14011435210704803,0.4492534101009369,0.07034889608621597,1.3532745838165283,-1.0,480.0,569,2,196,0,0,0,200,200,0
1021,4084,722,106,722,3,right+B,0.06444866210222244,0.2767423987388611,0.142312154173851,0.44465458393096924,0.07184211164712906,1.3592581748962402,0.0,480.0,570,2,196,0,0,0,200,200,0
1022,4088,722,89,722,3,right+B,0.06362660974264145,0.27473703026771545,0.1375914365053177,0.453671932220459,0.0703730657696724,1.3484655618667603,0.0,480.0,571,2,196,0,0,0,200,200,0
1023,4092,722,79,722,3,right+B,0.06287004053592682,0.27299895882606506,0.13100910186767578,0.46506714820861816,0.06805477291345596,1.3335837125778198,0.0,480.0,572,2,196,0,0,0,200,200,0
1024,4096,722,79,722,3,right+B,0.0619594044983387,0.2716079354286194,0.12498707324266434,0.4760720133781433,0.0653735026717186,1.3179044723510742,0.0,480.0,573,2,196,0,0,0,200,200,0
1025,4100,722,93,722,2,right+A,0.06281537562608719,0.2737203538417816,0.12820905447006226,0.4689377546310425,0.06631737947463989,1.3269023895263672,-1.0,479.0,574,2,195,0,0,0,200,200,0
1026,4104,722,109,722,2,right+A,0.0644240528345108,0.2776179015636444,0.13423147797584534,0.4537949860095978,0.06993158161640167,1.3465826511383057,0.0,479.0,575,2,195,0,0,0,200,200,0
1027,4108,722,121,722,1,right,0.06444422155618668,0.2767816185951233,0.13524658977985382,0.4527982473373413,0.07072930783033371,1.3489289283752441,0.0,479.0,576,2,195,0,0,0,200,200,0
1028,4112,722,122,722,3,right+B,0.06513962894678116,0.27882421016693115,0.13909326493740082,0.4444236159324646,0.07251928001642227,1.359095573425293,0.0,479.0,577,2,195,0,0,0,200,200,0
1029,4116,722,113,722,1,right,0.06465693563222885,0.27689793705940247,0.13466687500476837,0.4519733786582947,0.07180486619472504,1.35068678855896,0.0,479.0,578,2,195,0,0,0,200,200,0
1030,4120,722,94,722,4,right+A+B,0.06422676891088486,0.2757166624069214,0.13247163593769073,0.4589674174785614,0.06861750036478043,1.340602159500122,-1.0,478.0,579,2,194,0,0,0,200,200,0
1031,4124,722,79,722,2,right+A,0.06389790773391724,0.27298688888549805,0.1329226791858673,0.4612980782985687,0.06889449059963226,1.3396295309066772,0.0,478.0,580,2,194,0,0,0,200,200,0
1032,4128,722,79,722,2,right+A,0.06277771294116974,0.2723195254802704,0.12624071538448334,0.47298160195350647,0.0656803771853447,1.3222347497940063,0.0,478.0,581,2,194,0,0,0,200,200,0
1033,4132,722,79,722,3,right+B,0.0639248639345169,0.27420079708099365,0.12914012372493744,0.4655728042125702,0.06716138869524002,1.3322186470031738,0.0,478.0,582,2,194,0,0,0,200,200,0
1034,4136,722,93,722,2,right+A,0.0642211064696312,0.2750883400440216,0.1318022459745407,0.4599834680557251,0.06890479475259781,1.3399807214736938,0.0,478.0,583,2,194,0,0,0,200,200,0
1035,4140,722,108,722,1,right,0.06485837697982788,0.27846792340278625,0.13462384045124054,0.45153558254241943,0.07051433622837067,1.3494045734405518,-1.0,477.0,584,2,193,0,0,0,200,200,0
1036,4144,722,112,722,1,right,0.06483753770589828,0.27810171246528625,0.13611194491386414,0.45031023025512695,0.070638507604599,1.3512084484100342,0.0,477.0,585,2,193,0,0,0,200,200,0
1037,4148,722,106,722,3,right+B,0.06414102017879486,0.27557849884033203,0.13506777584552765,0.45474907755851746,0.07046361267566681,1.3470280170440674,0.0,477.0,586,2,193,0,0,0,200,200,0
1038,4152,722,89,722,3,right+B,0.0634976178407669,0.27547454833984375,0.13038203120231628,0.4618181884288788,0.06882765144109726,1.336817741394043,0.0,477.0,587,2,193,0,0,0,200,200,0
1039,4156,722,79,722,3,right+B,0.06355074048042297,0.2751336395740509,0.1260765939950943,0.4676533639431,0.06758564710617065,1.328817367553711,0.0,477.0,588,2,193,0,0,0,200,200,0
1040,4160,722,79,722,3,right+B,0.0629274770617485,0.27390119433403015,0.12308327853679657,0.4747444987297058,0.06534364819526672,1.3185265064239502,-1.0,476.0,589,2,192,0,0,0,200,200,0
1041,4164,722,79,722,3,right+B,0.06277619302272797,0.2751554250717163,0.12353837490081787,0.47391948103904724,0.06461048126220703,1.31806218624115,0.0,476.0,590,2,192,0,0,0,200,200,0
1042,4168,722,79,722,3,right+B,0.06254842132329941,0.2751055955886841,0.1252913475036621,0.4720536172389984,0.06500104814767838,1.3206921815872192,0.0,476.0,591,2,192,0,0,0,200,200,0
1043,4172,722,79,722,3,right+B,0.06317663192749023,0.2773697078227997,0.12727782130241394,0.4660993814468384,0.06607642024755478,1.3278766870498657,0.0,476.0,592,2,192,0,0,0,200,200,0
1044,4176,722,79,722,1,right,0.06297045201063156,0.2781294584274292,0.12918756902217865,0.4636175036430359,0.06609509885311127,1.3303521871566772,0.0,476.0,593,2,192,0,0,0,200,200,0
1045,4180,722,79,722,3,right+B,0.06302998960018158,0.2790493369102478,0.13133995234966278,0.4602709710597992,0.06630970537662506,1.3340775966644287,-1.0,475.0,594,2,191,0,0,0,200,200,0
1046,4184,722,79,722,1,right,0.06310666352510452,0.27903085947036743,0.1291424185037613,0.4629267156124115,0.06579326093196869,1.3304363489151,0.0,475.0,595,2,191,0,0,0,200,200,0
1047,4188,722,79,722,1,right,0.06268623471260071,0.2776206433773041,0.12826472520828247,0.4654786288738251,0.06594980508089066,1.3280541896820068,0.0,475.0,596,2,191,0,0,0,200,200,0
1048,4192,722,79,722,1,right,0.06387858837842941,0.27976104617118835,0.13126613199710846,0.4567703306674957,0.06832396239042282,1.3398807048797607,0.0,475.0,597,2,191,0,0,0,200,200,0
1049,4196,722,79,722,1,right,0.06303467601537704,0.28003087639808655,0.12827615439891815,0.462298721075058,0.06635952740907669,1.3307902812957764,0.0,475.0,598,2,191,0,0,0,200,200,0
1050,4200,722,79,722,3,right+B,0.0626179501414299,0.278743177652359,0.13085094094276428,0.46079331636428833,0.0669945776462555,1.3338124752044678,-1.0,474.0,599,2,190,0,0,0,200,200,0
1051,4204,722,79,722,1,right,0.06216409057378769,0.2779000401496887,0.13153201341629028,0.46205222606658936,0.06635162234306335,1.3320910930633545,0.0,474.0,600,2,190,0,0,0,200,200,0
1052,4208,722,93,722,4,right+A+B,0.0640745759010315,0.2830562889575958,0.13726623356342316,0.446694016456604,0.06890885531902313,1.350205659866333,0.0,474.0,601,2,190,0,0,0,200,200,0
1053,4212,722,108,722,3,right+B,0.06666259467601776,0.2871982157230377,0.14909370243549347,0.42282161116600037,0.07422385364770889,1.3795840740203857,0.0,474.0,602,2,190,0,0,0,200,200,0
1054,4216,722,112,722,0,NOOP,0.06551452726125717,0.28288596868515015,0.1478280872106552,0.43152713775634766,0.0722443088889122,1.370868444442749,0.0,474.0,603,2,190,0,0,0,200,200,0
1055,4220,722,106,722,3,right+B,0.06587530672550201,0.2822047173976898,0.14967940747737885,0.42994165420532227,0.07229889929294586,1.3733254671096802,-1.0,473.0,604,2,189,0,0,0,200,200,0
1056,4224,722,89,722,3,right+B,0.06475411355495453,0.27871158719062805,0.14265623688697815,0.4428887963294983,0.07098928838968277,1.359602451324463,0.0,473.0,605,2,189,0,0,0,200,200,0
1057,4228,722,79,722,1,right,0.06358741223812103,0.277159184217453,0.13503775000572205,0.4547666907310486,0.0694490596652031,1.3447929620742798,0.0,473.0,606,2,189,0,0,0,200,200,0
1058,4232,722,93,722,2,right+A,0.06310867518186569,0.27721381187438965,0.1286441534757614,0.46442994475364685,0.06660345941781998,1.3304507732391357,0.0,473.0,607,2,189,0,0,0,200,200,0
1059,4236,722,108,722,0,NOOP,0.06512094289064407,0.2810859978199005,0.13941141963005066,0.4431944489479065,0.07118721306324005,1.3580453395843506,0.0,473.0,608,2,189,0,0,0,200,200,0
1060,4240,722,112,722,4,right+A+B,0.06543660163879395,0.2816234827041626,0.1437777429819107,0.43597495555877686,0.07318717241287231,1.3674466609954834,-1.0,472.0,609,2,188,0,0,0,200,200,0
1061,4244,722,106,722,3,right+B,0.06578921526670456,0.2820071578025818,0.1522597372531891,0.4241608679294586,0.07578305900096893,1.381871223449707,0.0,472.0,610,2,188,0,0,0,200,200,0
1062,4248,722,89,722,3,right+B,0.06649769842624664,0.28078052401542664,0.1575249582529068,0.41713109612464905,0.07806567847728729,1.3918273448944092,0.0,472.0,611,2,188,0,0,0,200,200,0
1063,4252,722,79,722,3,right+B,0.06444399803876877,0.2777160704135895,0.14746370911598206,0.4364642798900604,0.0739118680357933,1.3691532611846924,0.0,472.0,612,2,188,0,0,0,200,200,0
1064,4256,722,79,722,3,right+B,0.0638161301612854,0.2766020894050598,0.14046815037727356,0.44971540570259094,0.06939816474914551,1.3513281345367432,0.0,472.0,613,2,188,0,0,0,200,200,0
1065,4260,722,79,722,1,right,0.06507901847362518,0.2786668837070465,0.144923597574234,0.4397026300430298,0.07162782549858093,1.3639109134674072,-1.0,471.0,614,2,187,0,0,0,200,200,0
1066,4264,722,93,722,2,right+A,0.06548073887825012,0.2800065279006958,0.143335223197937,0.4390627443790436,0.07211476564407349,1.3643951416015625,0.0,471.0,615,2,187,0,0,0,200,200,0
1067,4268,722,109,722,2,right+A,0.06609825044870377,0.28052589297294617,0.14861074090003967,0.43088221549987793,0.07388290762901306,1.3747056722640991,0.0,471.0,616,2,187,0,0,0,200,200,0
1068,4272,722,121,722,3,right+B,0.06698589026927948,0.2811451554298401,0.15407408773899078,0.4222746193408966,0.07552026212215424,1.3851282596588135,0.0,471.0,617,2,187,0,0,0,200,200,0
1069,4276,722,122,722,3,right+B,0.06743530184030533,0.28667622804641724,0.15867260098457336,0.4096442461013794,0.07757163792848587,1.3960309028625488,0.0,471.0,618,2,187,0,0,0,200,200,0
1070,4280,722,113,722,1,right,0.06508292257785797,0.2819805145263672,0.1448601633310318,0.43534526228904724,0.07273107767105103,1.367311716079712,-1.0,470.0,619,2,186,0,0,0,200,200,0
1071,4284,722,94,722,1,right,0.0641661286354065,0.2781500816345215,0.13779625296592712,0.4497905373573303,0.0700969323515892,1.3509262800216675,0.0,470.0,620,2,186,0,0,0,200,200,0
1072,4288,722,79,722,0,NOOP,0.06274380534887314,0.27407893538475037,0.1322232037782669,0.46256422996520996,0.06838975846767426,1.3360726833343506,0.0,470.0,621,2,186,0,0,0,200,200,0
1073,4292,722,79,722,3,right+B,0.06436552852392197,0.27902951836586,0.1334872990846634,0.454578697681427,0.06853896379470825,1.3436310291290283,0.0,470.0,622,2,186,0,0,0,200,200,0
1074,4296,722,79,722,3,right+B,0.06354830414056778,0.278353214263916,0.13213346898555756,0.4582550525665283,0.06770990043878555,1.3384431600570679,0.0,470.0,623,2,186,0,0,0,200,200,0
1075,4300,722,93,722,2,right+A,0.06481830030679703,0.2804151773452759,0.13942460715770721,0.4456164836883545,0.06972545385360718,1.3544782400131226,-1.0,469.0,624,2,185,0,0,0,200,200,0
1076,4304,722,108,722,3,right+B,0.06610361486673355,0.28243741393089294,0.14427301287651062,0.4341922402381897,0.07299366593360901,1.3692619800567627,0.0,469.0,625,2,185,0,0,0,200,200,0
1077,4308,722,112,722,1,right,0.06492757797241211,0.2806321382522583,0.1432039588689804,0.43977564573287964,0.07146070897579193,1.3622885942459106,0.0,469.0,626,2,185,0,0,0,200,200,0
1078,4312,722,106,722,2,right+A,0.06550560146570206,0.2828481197357178,0.1427852213382721,0.4363446831703186,0.07251633703708649,1.3658051490783691,0.0,469.0,627,2,185,0,0,0,200,200,0
1079,4316,722,89,722,3,right+B,0.06419392675161362,0.28118449449539185,0.13959667086601257,0.44470179080963135,0.07032318413257599,1.3549318313598633,0.0,469.0,628,2,185,0,0,0,200,200,0
1080,4320,722,79,722,3,right+B,0.062008317559957504,0.27870476245880127,0.12843669950962067,0.46526557207107544,0.06558465957641602,1.326756477355957,-1.0,468.0,629,2,184,0,0,0,200,200,0
1081,4324,722,79,722,3,right+B,0.06103227287530899,0.27429163455963135,0.12446872889995575,0.4764157235622406,0.06379158794879913,1.3136451244354248,0.0,468.0,630,2,184,0,0,0,200,200,0
1082,4328,722,93,722,4,right+A+B,0.062039848417043686,0.276192307472229,0.12980279326438904,0.466826856136322,0.06513816118240356,1.3263932466506958,0.0,468.0,631,2,184,0,0,0,200,200,0
1083,4332,722,108,722,3,right+B,0.06346675753593445,0.28048068284988403,0.13201071321964264,0.45666980743408203,0.06737204641103745,1.3385322093963623,0.0,468.0,632,2,184,0,0,0,200,200,0
1084,4336,722,112,722,0,NOOP,0.06144025921821594,0.2762792706489563,0.12541230022907257,0.47142669558525085,0.06544139981269836,1.3201053142547607,0.0,468.0,633,2,184,0,0,0,200,200,0
1085,4340,722,106,722,3,right+B,0.06254764646291733,0.2774187922477722,0.13174667954444885,0.460101842880249,0.06818509846925735,1.3364125490188599,-1.0,467.0,634,2,183,0,0,0,200,200,0
1086,4344,722,89,722,3,right+B,0.06284970045089722,0.2763213813304901,0.13239099085330963,0.4597679078578949,0.06866998225450516,1.338185429573059,0.0,467.0,635,2,183,0,0,0,200,200,0
1087,4348,722,79,722,3,right+B,0.06227926164865494,0.27440330386161804,0.12776170670986176,0.46919921040534973,0.06635646522045135,1.325684905052185,0.0,467.0,636,2,183,0,0,0,200,200,0
1088,4352,722,79,722,3,right+B,0.06259188055992126,0.27344271540641785,0.12193372845649719,0.4772591292858124,0.0647726058959961,1.3148961067199707,0.0,467.0,637,2,183,0,0,0,200,200,0
1089,4356,722,79,722,3,right+B,0.06370120495557785,0.27595189213752747,0.12510965764522552,0.4699729382991791,0.06526432931423187,1.3237428665161133,0.0,467.0,638,2,183,0,0,0,200,200,0
1090,4360,722,93,722,2,right+A,0.06346990168094635,0.27722179889678955,0.1281968355178833,0.4651326537132263,0.06597872078418732,1.3293827772140503,-1.0,466.0,639,2,182,0,0,0,200,200,0
1091,4364,722,108,722,1,right,0.0645432323217392,0.27926915884017944,0.13404035568237305,0.4533824920654297,0.06876473873853683,1.3451967239379883,0.0,466.0,640,2,182,0,0,0,200,200,0
1092,4368,722,112,722,3,right+B,0.06419575214385986,0.2777906060218811,0.13486121594905853,0.45467498898506165,0.06847745925188065,1.3442515134811401,0.0,466.0,641,2,182,0,0,0,200,200,0
1093,4372,722,106,722,1,right,0.06470795720815659,0.2791193425655365,0.1374615579843521,0.4485422372817993,0.0701688900589943,1.352178931236267,0.0,466.0,642,2,182,0,0,0,200,200,0
1094,4376,722,89,722,3,right+B,0.06297092884778976,0.27534034848213196,0.13235698640346527,0.46098649501800537,0.0683453157544136,1.3372634649276733,0.0,466.0,643,2,182,0,0,0,200,200,0
1095,4380,722,79,722,3,right+B,0.0628993958234787,0.27327674627304077,0.12740057706832886,0.46895018219947815,0.06747312098741531,1.3280316591262817,-1.0,465.0,644,2,181,0,0,0,200,200,0
1096,4384,722,79,722,0,NOOP,0.06264318525791168,0.27175667881965637,0.1236446276307106,0.47629210352897644,0.06566338986158371,1.318150520324707,0.0,465.0,645,2,181,0,0,0,200,200,0
1097,4388,722,93,722,2,right+A,0.06366036832332611,0.27382799983024597,0.12814651429653168,0.4677150547504425,0.06665008515119553,1.3292207717895508,0.0,465.0,646,2,181,0,0,0,200,200,0
1098,4392,722,108,722,1,right,0.06491034477949142,0.27665233612060547,0.13296854496002197,0.4561043977737427,0.06936439126729965,1.3444409370422363,0.0,465.0,647,2,181,0,0,0,200,200,0
1099,4396,722,112,722,4,right+A+B,0.06477046757936478,0.2761968672275543,0.1338706612586975,0.4552743434906006,0.06988762319087982,1.3460315465927124,0.0,465.0,648,2,181,0,0,0,200,200,0
1100,4400,722,106,722,3,right+B,0.06535467505455017,0.27650752663612366,0.13962529599666595,0.44605061411857605,0.07246191054582596,1.3589285612106323,-1.0,464.0,649,2,180,0,0,0,200,200,0
1101,4404,722,89,722,1,right,0.06388626247644424,0.27401527762413025,0.1345870941877365,0.4576309621334076,0.06988037377595901,1.344057559967041,0.0,464.0,650,2,180,0,0,0,200,200,0
1102,4408,722,79,722,1,right,0.0637090727686882,0.2740118205547333,0.13144919276237488,0.46321189403533936,0.06761796027421951,1.3355069160461426,0.0,464.0,651,2,180,0,0,0,200,200,0
1103,4412,722,79,722,3,right+B,0.06298331916332245,0.2734244763851166,0.12749172747135162,0.47068074345588684,0.06541968137025833,1.3243827819824219,0.0,464.0,652,2,180,0,0,0,200,200,0
1104,4416,722,79,722,3,right+B,0.06316643953323364,0.27462878823280334,0.1301020234823227,0.46611520648002625,0.06598763167858124,1.3298814296722412,0.0,464.0,653,2,180,0,0,0,200,200,0
1105,4420,722,79,722,1,right,0.06399770826101303,0.2772209346294403,0.13357163965702057,0.45688435435295105,0.06832537800073624,1.3417154550552368,-1.0,463.0,654,2,179,0,0,0,200,200,0
1106,4424,722,79,722,3,right+B,0.06372055411338806,0.2762766480445862,0.13386140763759613,0.45746296644210815,0.06867844611406326,1.3417224884033203,0.0,463.0,655,2,179,0,0,0,200,200,0
1107,4428,722,79,722,3,right+B,0.06351345777511597,0.27590423822402954,0.13191290199756622,0.4607141613960266,0.06795520335435867,1.3373301029205322,0.0,463.0,656,2,179,0,0,0,200,200,0
1108,4432,722,79,722,3,right+B,0.06351780891418457,0.276262491941452,0.1317576915025711,0.4602386951446533,0.0682232603430748,1.33784019947052,0.0,463.0,657,2,179,0,0,0,200,200,0
1109,4436,722,93,722,2,right+A,0.06401688605546951,0.27601635456085205,0.13381358981132507,0.45715293288230896,0.06900022178888321,1.3427249193191528,0.0,463.0,658,2,179,0,0,0,200,200,0
1110,4440,722,108,722,1,right,0.06444909423589706,0.2772617042064667,0.13567718863487244,0.45278024673461914,0.06983178108930588,1.3480218648910522,-1.0,462.0,659,2,178,0,0,0,200,200,0
1111,4444,722,112,722,3,right+B,0.06396914273500443,0.2754822373390198,0.13617222011089325,0.45447683334350586,0.06989950686693192,1.3469247817993164,0.0,462.0,660,2,178,0,0,0,200,200,0
1112,4448,722,106,722,3,right+B,0.06461585313081741,0.2764450013637543,0.1408320814371109,0.44626113772392273,0.0718459039926529,1.3577494621276855,0.0,462.0,661,2,178,0,0,0,200,200,0
1113,4452,722,89,722,4,right+A+B,0.06394925713539124,0.2747121751308441,0.13776715099811554,0.45307019352912903,0.07050127536058426,1.3495339155197144,0.0,462.0,662,2,178,0,0,0,200,200,0
1114,4456,722,79,722,3,right+B,0.06365729123353958,0.27362942695617676,0.1342923790216446,0.4598698914051056,0.06855100393295288,1.3405308723449707,0.0,462.0,663,2,178,0,0,0,200,200,0
1115,4460,722,79,722,3,right+B,0.06297875940799713,0.27290889620780945,0.12954463064670563,0.4686819314956665,0.06588583439588547,1.3276721239089966,-1.0,461.0,664,2,177,0,0,0,200,200,0
1116,4464,722,79,722,3,right+B,0.06337115913629532,0.2747526466846466,0.1321231573820114,0.46367737650871277,0.0660756453871727,1.3330848217010498,0.0,461.0,665,2,177,0,0,0,200,200,0
1117,4468,722,79,722,1,right,0.064148910343647,0.2772160768508911,0.13499516248703003,0.45551878213882446,0.0681210607290268,1.3433624505996704,0.0,461.0,666,2,177,0,0,0,200,200,0
1118,4472,722,93,722,2,right+A,0.06391549110412598,0.27619531750679016,0.1348416805267334,0.4565731883049011,0.06847433000802994,1.3428782224655151,0.0,461.0,667,2,177,0,0,0,200,200,0
1119,4476,722,109,722,2,right+A,0.06479217857122421,0.2777855694293976,0.13796435296535492,0.44921356439590454,0.07024430483579636,1.3524391651153564,0.0,461.0,668,2,177,0,0,0,200,200,0
1120,4480,722,121,722,1,right,0.064202681183815,0.2766821086406708,0.13764089345932007,0.4510175585746765,0.07045673578977585,1.350770354270935,-1.0,460.0,669,2,176,0,0,0,200,200,0
1121,4484,722,122,722,3,right+B,0.06519565731287003,0.2787889242172241,0.1424458771944046,0.4406108260154724,0.07295873761177063,1.3638200759887695,0.0,460.0,670,2,176,0,0,0,200,200,0
1122,4488,722,113,722,1,right,0.06422411650419235,0.2766557037830353,0.13634830713272095,0.45139366388320923,0.07137816399335861,1.3509637117385864,0.0,460.0,671,2,176,0,0,0,200,200,0
1123,4492,722,94,722,1,right,0.06392425298690796,0.27555224299430847,0.1328336000442505,0.45930296182632446,0.06838695704936981,1.3399332761764526,0.0,460.0,672,2,176,0,0,0,200,200,0
1124,4496,722,79,722,1,right,0.06341397762298584,0.27256205677986145,0.13195893168449402,0.4634048342704773,0.06866026669740677,1.336794376373291,0.0,460.0,673,2,176,0,0,0,200,200,0
1125,4500,722,79,722,3,right+B,0.06294119358062744,0.27280959486961365,0.12837199866771698,0.46922609210014343,0.06665117293596268,1.3275266885757446,-1.0,459.0,674,2,175,0,0,0,200,200,0
1126,4504,722,93,722,2,right+A,0.06436502933502197,0.27477478981018066,0.13233038783073425,0.4610883593559265,0.06744147092103958,1.3379665613174438,0.0,459.0,675,2,175,0,0,0,200,200,0
1127,4508,722,108,722,3,right+B,0.06583376228809357,0.2784346044063568,0.13898965716362,0.4465513825416565,0.07019053399562836,1.3558578491210938,0.0,459.0,676,2,175,0,0,0,200,200,0
1128,4512,722,112,722,1,right,0.0655432865023613,0.27717137336730957,0.13962899148464203,0.4469922184944153,0.07066422700881958,1.3563209772109985,0.0,459.0,677,2,175,0,0,0,200,200,0
1129,4516,722,106,722,3,right+B,0.06548804044723511,0.27808207273483276,0.14033707976341248,0.44482940435409546,0.07126344740390778,1.3585681915283203,0.0,459.0,678,2,175,0,0,0,200,200,0
1130,4520,722,89,722,1,right,0.06446050852537155,0.2752745449542999,0.13556483387947083,0.45505866408348083,0.06964141875505447,1.3465650081634521,-1.0,458.0,679,2,174,0,0,0,200,200,0
1131,4524,722,79,722,3,right+B,0.06365607678890228,0.27291247248649597,0.12880954146385193,0.46714600920677185,0.06747594475746155,1.3311808109283447,0.0,458.0,680,2,174,0,0,0,200,200,0
1132,4528,722,79,722,0,NOOP,0.06308453530073166,0.2713663578033447,0.1244276836514473,0.4755197763442993,0.06560173630714417,1.3197557926177979,0.0,458.0,681,2,174,0,0,0,200,200,0
1133,4532,722,93,722,2,right+A,0.06392820924520493,0.274321973323822,0.12873095273971558,0.4661393463611603,0.06687963753938675,1.3312180042266846,0.0,458.0,682,2,174,0,0,0,200,200,0
1134,4536,722,109,722,2,right+A,0.0652095228433609,0.27842384576797485,0.13361263275146484,0.45318180322647095,0.06957226246595383,1.3470778465270996,0.0,458.0,683,2,174,0,0,0,200,200,0
1135,4540,722,121,722,1,right,0.06530394405126572,0.27868232131004333,0.13431048393249512,0.4519116282463074,0.06979157775640488,1.3486459255218506,-1.0,457.0,684,2,173,0,0,0,200,200,0
1136,4544,722,122,722,2,right+A,0.06555207073688507,0.27966970205307007,0.13887548446655273,0.44394880533218384,0.07195393741130829,1.3589985370635986,0.0,457.0,685,2,173,0,0,0,200,200,0
1137,4548,722,113,722,3,right+B,0.0645289197564125,0.2784675061702728,0.13307978212833405,0.4535386860370636,0.07038519531488419,1.3466426134109497,0.0,457.0,686,2,173,0,0,0,200,200,0
1138,4552,722,94,722,4,right+A+B,0.06512466073036194,0.27898314595222473,0.13279381394386292,0.4546714425086975,0.06842696666717529,1.3440243005752563,0.0,457.0,687,2,173,0,0,0,200,200,0
1139,4556,722,79,722,3,right+B,0.06415103375911713,0.27481964230537415,0.13244202733039856,0.46035292744636536,0.0682343915104866,1.339226484298706,0.0,457.0,688,2,173,0,0,0,200,200,0
1140,4560,722,93,722,4,right+A+B,0.06240016222000122,0.2736544609069824,0.12405815720558167,0.4758497178554535,0.06403752416372299,1.3160302639007568,-1.0,456.0,689,2,172,0,0,0,200,200,0
1141,4564,722,108,722,3,right+B,0.06332231312990189,0.27742624282836914,0.12686705589294434,0.46717721223831177,0.06520719081163406,1.325958013534546,0.0,456.0,690,2,172,0,0,0,200,200,0
1142,4568,722,112,722,2,right+A,0.06309282034635544,0.2769915759563446,0.13001748919487,0.4629344344139099,0.06696373969316483,1.332756519317627,0.0,456.0,691,2,172,0,0,0,200,200,0
1143,4572,722,106,722,2,right+A,0.06354956328868866,0.2773515284061432,0.13375753164291382,0.45661064982414246,0.06873062998056412,1.341895580291748,0.0,456.0,692,2,172,0,0,0,200,200,0
1144,4576,722,89,722,3,right+B,0.06303475052118301,0.2764929533004761,0.13400571048259735,0.45867544412612915,0.0677911564707756,1.3389631509780884,0.0,456.0,693,2,172,0,0,0,200,200,0
1145,4580,722,79,722,1,right,0.061628371477127075,0.27424106001853943,0.12515521049499512,0.47449991106987,0.0644754096865654,1.3171262741088867,-1.0,455.0,694,2,171,0,0,0,200,200,0
1146,4584,722,79,722,3,right+B,0.061708685010671616,0.2734030783176422,0.12277068197727203,0.47835177183151245,0.06376579403877258,1.3121929168701172,0.0,455.0,695,2,171,0,0,0,200,200,0
1147,4588,722,79,722,1,right,0.06437978148460388,0.2796090245246887,0.13052403926849365,0.4581488370895386,0.06733830273151398,1.3379807472229004,0.0,455.0,696,2,171,0,0,0,200,200,0
1148,4592,722,79,722,1,right,0.0636632889509201,0.28037944436073303,0.12967859208583832,0.4598686695098877,0.06640998274087906,1.334096074104309,0.0,455.0,697,2,171,0,0,0,200,200,0
1149,4596,722,93,722,4,right+A+B,0.06276977807283401,0.27886760234832764,0.13183578848838806,0.4604825973510742,0.06604419648647308,1.3335745334625244,0.0,455.0,698,2,171,0,0,0,200,200,0
1150,4600,722,108,722,3,right+B,0.06455352902412415,0.28133445978164673,0.13993139564990997,0.44547197222709656,0.06870868802070618,1.3530861139297485,-1.0,454.0,699,2,170,0,0,0,200,200,0
1151,4604,722,112,722,3,right+B,0.06498692184686661,0.2844172716140747,0.14857357740402222,0.4307572543621063,0.07126506417989731,1.369553565979004,0.0,454.0,700,2,170,0,0,0,200,200,0
1152,4608,722,106,722,3,right+B,0.06624924391508102,0.2846372723579407,0.1526811122894287,0.4226590394973755,0.07377331703901291,1.3807286024093628,0.0,454.0,701,2,170,0,0,0,200,200,0
1153,4612,722,89,722,4,right+A+B,0.06421438604593277,0.2799762189388275,0.14460162818431854,0.44099852442741394,0.07020919770002365,1.3598995208740234,0.0,454.0,702,2,170,0,0,0,200,200,0
1154,4616,722,79,722,4,right+A+B,0.06474339216947556,0.28049007058143616,0.1395529806613922,0.4463348984718323,0.0688786655664444,1.3529412746429443,0.0,454.0,703,2,170,0,0,0,200,200,0
1155,4620,722,79,722,3,right+B,0.0640922412276268,0.277876079082489,0.13136713206768036,0.4596986174583435,0.06696592271327972,1.336893081665039,-1.0,453.0,704,2,169,0,0,0,200,200,0
1156,4624,722,79,722,3,right+B,0.06419141590595245,0.2780492603778839,0.13380450010299683,0.45563805103302,0.0683167427778244,1.3427766561508179,0.0,453.0,705,2,169,0,0,0,200,200,0
1157,4628,722,93,722,2,right+A,0.06575602293014526,0.28201717138290405,0.14009036123752594,0.44099584221839905,0.07114060968160629,1.3603754043579102,0.0,453.0,706,2,169,0,0,0,200,200,0
1158,4632,722,108,722,1,right,0.06635095924139023,0.283342182636261,0.14381104707717896,0.4328439235687256,0.07365185767412186,1.3707739114761353,0.0,453.0,707,2,169,0,0,0,200,200,0
1159,4636,722,112,722,3,right+B,0.06440619379281998,0.27959057688713074,0.139579176902771,0.44580450654029846,0.07061953097581863,1.3551316261291504,0.0,453.0,708,2,169,0,0,0,200,200,0
1160,4640,722,106,722,2,right+A,0.06614886224269867,0.2820502817630768,0.15427790582180023,0.4211414158344269,0.07638147473335266,1.3856300115585327,-1.0,452.0,709,2,168,0,0,0,200,200,0
1161,4644,722,89,722,2,right+A,0.06782796233892441,0.2821034789085388,0.163633331656456,0.4062213897705078,0.08021377772092819,1.4040354490280151,0.0,452.0,710,2,168,0,0,0,200,200,0
1162,4648,722,79,722,1,right,0.06567876040935516,0.2796764373779297,0.15306128561496735,0.4265638589859009,0.07501962035894394,1.3801976442337036,0.0,452.0,711,2,168,0,0,0,200,200,0
1163,4652,722,79,722,3,right+B,0.06358756870031357,0.27577561140060425,0.1409328132867813,0.45102545619010925,0.06867856532335281,1.3496679067611694,0.0,452.0,712,2,168,0,0,0,200,200,0
1164,4656,722,93,722,4,right+A+B,0.06538119912147522,0.278999000787735,0.14599427580833435,0.4381369650363922,0.07148855924606323,1.3655675649642944,0.0,452.0,713,2,168,0,0,0,200,200,0
1165,4660,722,109,722,4,right+A+B,0.06591176986694336,0.28166866302490234,0.14733250439167023,0.43128588795661926,0.0738011971116066,1.3733336925506592,-1.0,451.0,714,2,167,0,0,0,200,200,0
1166,4664,722,121,722,3,right+B,0.06668348610401154,0.2803303301334381,0.15254934132099152,0.42458781599998474,0.0758490189909935,1.3832521438598633,0.0,451.0,715,2,167,0,0,0,200,200,0
1167,4668,722,122,722,1,right,0.0678379237651825,0.28383147716522217,0.15725786983966827,0.4121256470680237,0.0789470374584198,1.3966476917266846,0.0,451.0,716,2,167,0,0,0,200,200,0
1168,4672,722,113,722,3,right+B,0.06710997223854065,0.284321665763855,0.1567884087562561,0.41296088695526123,0.07881905883550644,1.3948471546173096,0.0,451.0,717,2,167,0,0,0,200,200,0
1169,4676,722,94,722,3,right+B,0.06536035239696503,0.281847208738327,0.14464834332466125,0.4366372227668762,0.07150686532258987,1.3653444051742554,0.0,451.0,718,2,167,0,0,0,200,200,0
1170,4680,722,79,722,1,right,0.0633431002497673,0.27358126640319824,0.13439418375492096,0.45891308784484863,0.06976837664842606,1.3423144817352295,-1.0,450.0,719,2,166,0,0,0,200,200,0
1171,4684,722,93,722,4,right+A+B,0.0627283975481987,0.27556830644607544,0.12992426753044128,0.46492642164230347,0.06685253232717514,1.3309564590454102,0.0,450.0,720,2,166,0,0,0,200,200,0
1172,4688,722,108,722,1,right,0.06669934839010239,0.28235411643981934,0.14652487635612488,0.43085628747940063,0.07356535643339157,1.3738127946853638,0.0,450.0,721,2,166,0,0,0,200,200,0
1173,4692,722,112,722,4,right+A+B,0.06551412492990494,0.2812930941581726,0.1492394506931305,0.4303756356239319,0.07357767969369888,1.3740652799606323,0.0,450.0,722,2,166,0,0,0,200,200,0
1174,4696,722,106,722,3,right+B,0.06635373830795288,0.28256121277809143,0.155380517244339,0.42033785581588745,0.07536661624908447,1.3855763673782349,0.0,450.0,723,2,166,0,0,0,200,200,0
1175,4700,722,89,722,1,right,0.0649302676320076,0.27875643968582153,0.1441405713558197,0.4411919414997101,0.0709807351231575,1.361616849899292,-1.0,449.0,724,2,165,0,0,0,200,200,0
1176,4704,722,79,722,1,right,0.06353576481342316,0.2785723805427551,0.13666275143623352,0.4538279175758362,0.06740114092826843,1.343470811843872,0.0,449.0,725,2,165,0,0,0,200,200,0
1177,4708,722,79,722,3,right+B,0.06355638056993484,0.28273582458496094,0.1302996128797531,0.4566682279109955,0.06673996150493622,1.336451768875122,0.0,449.0,726,2,165,0,0,0,200,200,0
1178,4712,722,79,722,3,right+B,0.06304127722978592,0.281730055809021,0.12857550382614136,0.46099650859832764,0.06565666198730469,1.3306636810302734,0.0,449.0,727,2,165,0,0,0,200,200,0
1179,4716,722,79,722,3,right+B,0.06350227445363998,0.28155767917633057,0.13059864938259125,0.4572557806968689,0.06708554923534393,1.3368158340454102,0.0,449.0,728,2,165,0,0,0,200,200,0
1180,4720,722,79,722,1,right,0.06224443390965462,0.27672064304351807,0.1298394650220871,0.464751273393631,0.06644415855407715,1.3296840190887451,-1.0,448.0,729,2,164,0,0,0,200,200,0
1181,4724,722,93,722,2,right+A,0.06275685131549835,0.27759838104248047,0.13077235221862793,0.46219784021377563,0.06667454540729523,1.33279287815094,0.0,448.0,730,2,164,0,0,0,200,200,0
1182,4728,722,109,722,4,right+A+B,0.06307867169380188,0.2804337739944458,0.13034896552562714,0.4586898982524872,0.06744872033596039,1.335811734199524,0.0,448.0,731,2,164,0,0,0,200,200,0
1183,4732,722,121,722,0,NOOP,0.06107720732688904,0.27527186274528503,0.12643924355506897,0.4719448983669281,0.06526678800582886,1.319834589958191,0.0,448.0,732,2,164,0,0,0,200,200,0
1184,4736,722,122,722,1,right,0.0632573813199997,0.2805154621601105,0.13393612205982208,0.45357391238212585,0.0687171220779419,1.3430615663528442,0.0,448.0,733,2,164,0,0,0,200,200,0
1185,4740,722,113,722,3,right+B,0.06384468078613281,0.279227614402771,0.1332390308380127,0.4536721110343933,0.0700165182352066,1.3451817035675049,-1.0,447.0,734,2,163,0,0,0,200,200,0
1186,4744,722,94,722,4,right+A+B,0.06431443989276886,0.27861037850379944,0.1338604837656021,0.4552324712276459,0.06798218190670013,1.3427269458770752,0.0,447.0,735,2,163,0,0,0,200,200,0
1187,4748,722,79,722,3,right+B,0.06357959657907486,0.27376970648765564,0.12986068427562714,0.4655289351940155,0.06726104021072388,1.33241868019104,0.0,447.0,736,2,163,0,0,0,200,200,0
1188,4752,722,93,722,4,right+A+B,0.06281669437885284,0.27318164706230164,0.12390340119600296,0.4755878150463104,0.0645105242729187,1.3173518180847168,0.0,447.0,737,2,163,0,0,0,200,200,0
1189,4756,722,108,722,3,right+B,0.06397572159767151,0.2776676118373871,0.1304599493741989,0.46056386828422546,0.06733284145593643,1.3361238241195679,0.0,447.0,738,2,163,0,0,0,200,200,0
1190,4760,722,112,722,0,NOOP,0.06388194859027863,0.27728933095932007,0.13444554805755615,0.4549553096294403,0.06942781060934067,1.3446757793426514,-1.0,446.0,739,2,162,0,0,0,200,200,0
1191,4764,722,106,722,3,right+B,0.06483069062232971,0.278301477432251,0.1375632882118225,0.4487408995628357,0.07056362181901932,1.3528786897659302,0.0,446.0,740,2,162,0,0,0,200,200,0
1192,4768,722,89,722,1,right,0.06361579895019531,0.27660802006721497,0.13087762892246246,0.4604984223842621,0.06840012222528458,1.3374439477920532,0.0,446.0,741,2,162,0,0,0,200,200,0
1193,4772,722,79,722,3,right+B,0.06266683340072632,0.27363860607147217,0.12539362907409668,0.4717559814453125,0.06654496490955353,1.3233137130737305,0.0,446.0,742,2,162,0,0,0,200,200,0
1194,4776,722,79,722,3,right+B,0.06237907335162163,0.27199769020080566,0.12239405512809753,0.47793522477149963,0.06529399007558823,1.3153207302093506,0.0,446.0,743,2,162,0,0,0,200,200,0
1195,4780,722,93,722,2,right+A,0.06367005407810211,0.27426937222480774,0.12769626080989838,0.46778902411460876,0.06657534092664719,1.3287465572357178,-1.0,445.0,744,2,161,0,0,0,200,200,0
1196,4784,722,108,722,3,right+B,0.065561942756176,0.2783549726009369,0.13644614815711975,0.4491102695465088,0.07052672654390335,1.3529210090637207,0.0,445.0,745,2,161,0,0,0,200,200,0
1197,4788,722,112,722,1,right,0.06560887396335602,0.2771916091442108,0.13818679749965668,0.4477759599685669,0.07123667746782303,1.3558238744735718,0.0,445.0,746,2,161,0,0,0,200,200,0
1198,4792,722,106,722,3,right+B,0.06618090718984604,0.277447372674942,0.14390389621257782,0.4397123157978058,0.07275550067424774,1.3663501739501953,0.0,445.0,747,2,161,0,0,0,200,200,0
1199,4796,722,89,722,3,right+B,0.06510315835475922,0.2755936086177826,0.13927529752254486,0.4490894377231598,0.07093851268291473,1.354804277420044,0.0,445.0,748,2,161,0,0,0,200,200,0
1200,4800,722,79,722,3,right+B,0.06351062655448914,0.2733118534088135,0.13166098296642303,0.4643637239933014,0.06715280562639236,1.3341128826141357,-1.0,444.0,749,2,160,0,0,0,200,200,0
1201,4804,722,79,722,3,right+B,0.06289888918399811,0.2736700177192688,0.12597808241844177,0.47270336747169495,0.06474965065717697,1.3210302591323853,0.0,444.0,750,2,160,0,0,0,200,200,0
1202,4808,722,79,722,1,right,0.06369251012802124,0.2756396234035492,0.12973716855049133,0.464771032333374,0.06615959852933884,1.331331491470337,0.0,444.0,751,2,160,0,0,0,200,200,0
1203,4812,722,79,722,1,right,0.06388593465089798,0.27639010548591614,0.13187362253665924,0.4598710536956787,0.06797929853200912,1.3383119106292725,0.0,444.0,752,2,160,0,0,0,200,200,0
1204,4816,722,79,722,1,right,0.06376315653324127,0.2761808931827545,0.13255995512008667,0.4588012993335724,0.06869474053382874,1.3401812314987183,0.0,444.0,753,2,160,0,0,0,200,200,0
1205,4820,722,79,722,1,right,0.0635799914598465,0.2755746841430664,0.13155928254127502,0.46123895049095154,0.06804702430963516,1.3370254039764404,-1.0,443.0,754,2,159,0,0,0,200,200,0
1206,4824,722,79,722,3,right+B,0.06333566457033157,0.2758428156375885,0.13116663694381714,0.4614340364933014,0.06822080165147781,1.3365179300308228,0.0,443.0,755,2,159,0,0,0,200,200,0
1207,4828,722,79,722,1,right,0.06366429477930069,0.2758304476737976,0.13293702900409698,0.4585130512714386,0.0690552368760109,1.340959072113037,0.0,443.0,756,2,159,0,0,0,200,200,0
1208,4832,722,79,722,3,right+B,0.06349480897188187,0.2753283381462097,0.13250069320201874,0.46020078659057617,0.06847532093524933,1.3387244939804077,0.0,443.0,757,2,159,0,0,0,200,200,0
1209,4836,722,79,722,3,right+B,0.06374771147966385,0.27543050050735474,0.13287672400474548,0.45968037843704224,0.0682646706700325,1.3393428325653076,0.0,443.0,758,2,159,0,0,0,200,200,0
1210,4840,722,79,722,3,right+B,0.06404539197683334,0.2764977812767029,0.13492143154144287,0.45566466450691223,0.0688706710934639,1.3441321849822998,-1.0,442.0,759,2,158,0,0,0,200,200,0
1211,4844,722,79,722,3,right+B,0.0644327849149704,0.2765674889087677,0.1378413885831833,0.45156803727149963,0.06959030777215958,1.3497861623764038,0.0,442.0,760,2,158,0,0,0,200,200,0
1212,4848,722,79,722,1,right,0.06368355453014374,0.2753404676914215,0.13508081436157227,0.45772436261177063,0.06817084550857544,1.341704249382019,0.0,442.0,761,2,158,0,0,0,200,200,0
1213,4852,722,79,722,3,right+B,0.06363415718078613,0.27699655294418335,0.13372698426246643,0.4574022889137268,0.06824006885290146,1.3409161567687988,0.0,442.0,762,2,158,0,0,0,200,200,0
1214,4856,722,79,722,1,right,0.0638200119137764,0.2765869200229645,0.1340474635362625,0.4567844867706299,0.06876103579998016,1.3424592018127441,0.0,442.0,763,2,158,0,0,0,200,200,0
1215,4860,722,79,722,3,right+B,0.06356977671384811,0.27557122707366943,0.1334155946969986,0.4587079584598541,0.06873545050621033,1.3406261205673218,-1.0,441.0,764,2,157,0,0,0,200,200,0
1216,4864,722,93,722,2,right+A,0.06368589401245117,0.27590781450271606,0.13172970712184906,0.46059516072273254,0.06808148324489594,1.3376858234405518,0.0,441.0,765,2,157,0,0,0,200,200,0
1217,4868,722,108,722,3,right+B,0.06409298628568649,0.27759361267089844,0.13457219302654266,0.45392024517059326,0.06982087343931198,1.3461312055587769,0.0,441.0,766,2,157,0,0,0,200,200,0
1218,4872,722,112,722,1,right,0.06431175023317337,0.2762301564216614,0.13812591135501862,0.45034724473953247,0.07098492980003357,1.3523144721984863,0.0,441.0,767,2,157,0,0,0,200,200,0
1219,4876,722,106,722,2,right+A,0.06435918807983398,0.2760806679725647,0.13974371552467346,0.4482426643371582,0.07157373428344727,1.3553168773651123,0.0,441.0,768,2,157,0,0,0,200,200,0
1220,4880,722,89,722,3,right+B,0.0638556256890297,0.27489516139030457,0.13742037117481232,0.4531768560409546,0.0706520825624466,1.3493092060089111,-1.0,440.0,769,2,156,0,0,0,200,200,0
1221,4884,722,79,722,2,right+A,0.06330475211143494,0.27314862608909607,0.13275131583213806,0.46220624446868896,0.06858910620212555,1.3377434015274048,0.0,440.0,770,2,156,0,0,0,200,200,0
1222,4888,722,79,722,1,right,0.06305117905139923,0.272535502910614,0.1294073909521103,0.4688147306442261,0.06619115173816681,1.3280367851257324,0.0,440.0,771,2,156,0,0,0,200,200,0
1223,4892,722,93,722,2,right+A,0.06429284065961838,0.27579936385154724,0.1334976851940155,0.45916247367858887,0.06724762171506882,1.3394279479980469,0.0,440.0,772,2,156,0,0,0,200,200,0
1224,4896,722,108,722,0,NOOP,0.06500419229269028,0.27826353907585144,0.13813628256320953,0.44890156388282776,0.06969442963600159,1.3522586822509766,0.0,440.0,773,2,156,0,0,0,200,200,0
1225,4900,722,112,722,3,right+B,0.06498239934444427,0.27787697315216064,0.13959702849388123,0.4467954635620117,0.07074817270040512,1.355695366859436,-1.0,439.0,774,2,155,0,0,0,200,200,0
1226,4904,722,106,722,4,right+A+B,0.06503864377737045,0.2769068777561188,0.13971711695194244,0.44710054993629456,0.07123669236898422,1.356379747390747,0.0,439.0,775,2,155,0,0,0,200,200,0
1227,4908,722,89,722,1,right,0.06399713456630707,0.2744554579257965,0.13324958086013794,0.4586941599845886,0.06960366666316986,1.3423359394073486,0.0,439.0,776,2,155,0,0,0,200,200,0
1228,4912,722,79,722,1,right,0.06339026242494583,0.27353179454803467,0.12860089540481567,0.4666423797607422,0.06783460080623627,1.3314064741134644,0.0,439.0,777,2,155,0,0,0,200,200,0
1229,4916,722,79,722,3,right+B,0.06257080286741257,0.2717551290988922,0.1228063702583313,0.47800755500793457,0.06486016511917114,1.3152698278427124,0.0,439.0,778,2,155,0,0,0,200,200,0
1230,4920,722,79,722,1,right,0.06347016245126724,0.2738322913646698,0.126054048538208,0.4708264172077179,0.06581708043813705,1.3244785070419312,-1.0,438.0,779,2,154,0,0,0,200,200,0
1231,4924,722,79,722,3,right+B,0.06401000916957855,0.27482253313064575,0.12836147844791412,0.465067058801651,0.06773895770311356,1.3328310251235962,0.0,438.0,780,2,154,0,0,0,200,200,0
1232,4928,722,79,722,3,right+B,0.06467296928167343,0.27555814385414124,0.1329261213541031,0.45712772011756897,0.06971496343612671,1.3440343141555786,0.0,438.0,781,2,154,0,0,0,200,200,0
1233,4932,722,79,722,3,right+B,0.06458579003810883,0.27625614404678345,0.13293547928333282,0.45726266503334045,0.06895994395017624,1.3428038358688354,0.0,438.0,782,2,154,0,0,0,200,200,0
1234,4936,722,79,722,3,right+B,0.06496977806091309,0.2782091200351715,0.1338127702474594,0.45449382066726685,0.06851449608802795,1.3447599411010742,0.0,438.0,783,2,154,0,0,0,200,200,0
1235,4940,722,79,722,3,right+B,0.06540152430534363,0.27880728244781494,0.1350773274898529,0.4519093930721283,0.06880437582731247,1.3479719161987305,-1.0,437.0,784,2,153,0,0,0,200,200,0
1236,4944,722,93,722,2,right+A,0.06381126493215561,0.2764648497104645,0.13039952516555786,0.4624684453010559,0.06685587018728256,1.33418869972229,0.0,437.0,785,2,153,0,0,0,200,200,0
1237,4948,722,109,722,2,right+A,0.06493434309959412,0.28072452545166016,0.13122841715812683,0.45503368973731995,0.06807897984981537,1.3419032096862793,0.0,437.0,786,2,153,0,0,0,200,200,0
1238,4952,722,121,722,1,right,0.06464994698762894,0.27911990880966187,0.13361449539661407,0.453399658203125,0.06921594589948654,1.3456623554229736,0.0,437.0,787,2,153,0,0,0,200,200,0
1239,4956,722,122,722,3,right+B,0.06443548947572708,0.2791895866394043,0.1351618617773056,0.45114296674728394,0.07007011026144028,1.3487544059753418,0.0,437.0,788,2,153,0,0,0,200,200,0
1240,4960,722,113,722,3,right+B,0.0628364160656929,0.27677518129348755,0.12573735415935516,0.4674084186553955,0.0672425776720047,1.3271437883377075,-1.0,436.0,789,2,152,0,0,0,200,200,0
1241,4964,722,94,722,1,right,0.06242457404732704,0.2757755517959595,0.12375887483358383,0.4729619324207306,0.0650789812207222,1.3189139366149902,0.0,436.0,790,2,152,0,0,0,200,200,0
1242,4968,722,79,722,1,right,0.0613701194524765,0.2727610170841217,0.12305878847837448,0.4776659607887268,0.06514416635036469,1.3142924308776855,0.0,436.0,791,2,152,0,0,0,200,200,0
1243,4972,722,79,722,3,right+B,0.06093282997608185,0.2732846438884735,0.12192381173372269,0.48048731684684753,0.06337133049964905,1.3085771799087524,0.0,436.0,792,2,152,0,0,0,200,200,0
1244,4976,722,79,722,3,right+B,0.06198891997337341,0.27625349164009094,0.12465127557516098,0.4729132056236267,0.06419315189123154,1.3177177906036377,0.0,436.0,793,2,152,0,0,0,200,200,0
1245,4980,722,93,722,4,right+A+B,0.06188220530748367,0.27625229954719543,0.12625275552272797,0.47018924355506897,0.06542347371578217,1.3220627307891846,-1.0,435.0,794,2,151,0,0,0,200,200,0
1246,4984,722,108,722,0,NOOP,0.06615334004163742,0.2824820876121521,0.14247967302799225,0.43661823868751526,0.07226675003767014,1.3660812377929688,0.0,435.0,795,2,151,0,0,0,200,200,0
1247,4988,722,112,722,2,right+A,0.06509190797805786,0.28129395842552185,0.1388196498155594,0.445109486579895,0.06968500465154648,1.3546313047409058,0.0,435.0,796,2,151,0,0,0,200,200,0
1248,4992,722,106,722,2,right+A,0.06261138617992401,0.27843689918518066,0.13517412543296814,0.4564364552497864,0.06734119355678558,1.339664101600647,0.0,435.0,797,2,151,0,0,0,200,200,0
1249,4996,722,89,722,2,right+A,0.06276626139879227,0.277767151594162,0.13884776830673218,0.4522053003311157,0.06841347366571426,1.3460843563079834,0.0,435.0,798,2,151,0,0,0,200,200,0
1250,5000,722,79,722,0,NOOP,0.06345903873443604,0.2803187072277069,0.13710463047027588,0.45084622502326965,0.06827138364315033,1.3463407754898071,-1.0,434.0,799,2,150,0,0,0,200,200,0
1251,5004,722,93,722,2,right+A,0.0636824369430542,0.28124383091926575,0.13433556258678436,0.453025758266449,0.0677124410867691,1.3428293466567993,0.0,434.0,800,2,150,0,0,0,200,200,0
1252,5008,722,108,722,3,right+B,0.06393715739250183,0.28105735778808594,0.13907524943351746,0.44800764322280884,0.06792260706424713,1.349289894104004,0.0,434.0,801,2,150,0,0,0,200,200,0
1253,5012,722,112,722,3,right+B,0.06470906734466553,0.28071361780166626,0.14019514620304108,0.4450496435165405,0.06933252513408661,1.3545684814453125,0.0,434.0,802,2,150,0,0,0,200,200,0
1254,5016,722,106,722,1,right,0.06526859104633331,0.2804858982563019,0.1422463059425354,0.43995845317840576,0.07204073667526245,1.362848162651062,0.0,434.0,803,2,150,0,0,0,200,200,0
1255,5020,722,89,722,3,right+B,0.06488250941038132,0.27721118927001953,0.14056207239627838,0.44490131735801697,0.0724429041147232,1.3594040870666504,-1.0,433.0,804,2,149,0,0,0,200,200,0
1256,5024,722,79,722,3,right+B,0.06495741009712219,0.27967506647109985,0.13855016231536865,0.4457070529460907,0.07111025601625443,1.3559386730194092,0.0,433.0,805,2,149,0,0,0,200,200,0
1257,5028,722,79,722,3,right+B,0.06466042250394821,0.2793004810810089,0.13526754081249237,0.451076865196228,0.06969474256038666,1.3486721515655518,0.0,433.0,806,2,149,0,0,0,200,200,0
1258,5032,722,93,722,2,right+A,0.06460263580083847,0.2799571454524994,0.13811273872852325,0.4481884241104126,0.0691390112042427,1.3512214422225952,0.0,433.0,807,2,149,0,0,0,200,200,0
1259,5036,722,108,722,3,right+B,0.06633413583040237,0.2845633327960968,0.15346238017082214,0.42107677459716797,0.0745634138584137,1.3830220699310303,0.0,433.0,808,2,149,0,0,0,200,200,0
1260,5040,722,112,722,3,right+B,0.06811848282814026,0.28358763456344604,0.1671174019575119,0.40047648549079895,0.08069995045661926,1.4089696407318115,-1.0,432.0,809,2,148,0,0,0,200,200,0
1261,5044,722,106,722,1,right,0.06639333814382553,0.2822096645832062,0.1632390320301056,0.40963104367256165,0.07852689921855927,1.3983635902404785,0.0,432.0,810,2,148,0,0,0,200,200,0
1262,5048,722,89,722,3,right+B,0.0646832063794136,0.2775251567363739,0.15227288007736206,0.4313826262950897,0.07413613796234131,1.3750331401824951,0.0,432.0,811,2,148,0,0,0,200,200,0
1263,5052,722,79,722,3,right+B,0.06423332542181015,0.2770119309425354,0.1432260423898697,0.4436884820461273,0.07184018939733505,1.3600029945373535,0.0,432.0,812,2,148,0,0,0,200,200,0
1264,5056,722,93,722,2,right+A,0.06256131827831268,0.27533313632011414,0.12962226569652557,0.4650377631187439,0.0674455389380455,1.3312604427337646,0.0,432.0,813,2,148,0,0,0,200,200,0
1265,5060,722,108,722,3,right+B,0.06428603082895279,0.2783856689929962,0.13820232450962067,0.4480774700641632,0.07104851305484772,1.3535118103027344,-1.0,431.0,814,2,147,0,0,0,200,200,0
1266,5064,722,112,722,1,right,0.06689628213644028,0.28168371319770813,0.1517113298177719,0.4230918884277344,0.07661677896976471,1.3846598863601685,0.0,431.0,815,2,147,0,0,0,200,200,0
1267,5068,722,106,722,1,right,0.06684710085391998,0.2825019061565399,0.1571318656206131,0.41507771611213684,0.07844135165214539,1.393384575843811,0.0,431.0,816,2,147,0,0,0,200,200,0
1268,5072,722,89,722,3,right+B,0.06581848114728928,0.28155362606048584,0.15178170800209045,0.4253971576690674,0.07544904202222824,1.3806720972061157,0.0,431.0,817,2,147,0,0,0,200,200,0
1269,5076,722,79,722,3,right+B,0.06356893479824066,0.2750909626483917,0.13659216463565826,0.45509085059165955,0.0696570947766304,1.3459937572479248,0.0,431.0,818,2,147,0,0,0,200,200,0
1270,5080,722,93,722,2,right+A,0.06256689876317978,0.27412736415863037,0.12942302227020264,0.46794506907463074,0.06593768298625946,1.3274450302124023,-1.0,430.0,819,2,146,0,0,0,200,200,0
1271,5084,722,108,722,1,right,0.06661120802164078,0.2834400236606598,0.14472511410713196,0.43338653445243835,0.07183711975812912,1.369070291519165,0.0,430.0,820,2,146,0,0,0,200,200,0
1272,5088,722,112,722,1,right,0.0647439956665039,0.28137579560279846,0.14661043882369995,0.4356164336204529,0.07165344059467316,1.3663825988769531,0.0,430.0,821,2,146,0,0,0,200,200,0
1273,5092,722,106,722,1,right,0.06608307361602783,0.283360093832016,0.1560543179512024,0.4191246032714844,0.07537788897752762,1.3860790729522705,0.0,430.0,822,2,146,0,0,0,200,200,0
1274,5096,722,89,722,1,right,0.06428015232086182,0.2791064381599426,0.14501342177391052,0.4397681951522827,0.07183181494474411,1.3630496263504028,0.0,430.0,823,2,146,0,0,0,200,200,0
1275,5100,722,79,722,0,NOOP,0.06251650303602219,0.2751317024230957,0.13215306401252747,0.4632016122341156,0.06699710339307785,1.3334026336669922,-1.0,429.0,824,2,145,0,0,0,200,200,0
1276,5104,722,79,722,3,right+B,0.06238006800413132,0.2782973349094391,0.12461568415164948,0.4689275920391083,0.06577932089567184,1.3226866722106934,0.0,429.0,825,2,145,0,0,0,200,200,0
1277,5108,722,79,722,3,right+B,0.06354428082704544,0.28176388144493103,0.12990763783454895,0.45733216404914856,0.06745196878910065,1.3368330001831055,0.0,429.0,826,2,145,0,0,0,200,200,0
1278,5112,722,79,722,3,right+B,0.062043722718954086,0.2788221836090088,0.12348821014165878,0.470868855714798,0.06477701663970947,1.318800687789917,0.0,429.0,827,2,145,0,0,0,200,200,0
1279,5116,722,79,722,1,right,0.06268942356109619,0.2789057791233063,0.1305077224969864,0.46026965975761414,0.0676274448633194,1.3348217010498047,0.0,429.0,828,2,145,0,0,0,200,200,0
1280,5120,722,79,722,3,right+B,0.06231549382209778,0.2767500579357147,0.1317739188671112,0.4617891013622284,0.06737139821052551,1.3340823650360107,-1.0,428.0,829,2,144,0,0,0,200,200,0
1281,5124,722,79,722,3,right+B,0.0629415512084961,0.2784622013568878,0.12970870733261108,0.4621371030807495,0.06675047427415848,1.3324000835418701,0.0,428.0,830,2,144,0,0,0,200,200,0
1282,5128,722,79,722,3,right+B,0.06134475767612457,0.27721598744392395,0.1252346932888031,0.4718511700630188,0.06435337662696838,1.318016529083252,0.0,428.0,831,2,144,0,0,0,200,200,0
1283,5132,722,79,722,3,right+B,0.06315775215625763,0.27865517139434814,0.131402388215065,0.45972809195518494,0.06705662608146667,1.3356549739837646,0.0,428.0,832,2,144,0,0,0,200,200,0
1284,5136,722,79,722,0,NOOP,0.06265778839588165,0.2771296203136444,0.1310153603553772,0.4627525508403778,0.06644471734762192,1.332216501235962,0.0,428.0,833,2,144,0,0,0,200,200,0
1285,5140,722,79,722,1,right,0.06379561126232147,0.2789352536201477,0.13212963938713074,0.45780909061431885,0.06733042746782303,1.3384891748428345,-1.0,427.0,834,2,143,0,0,0,200,200,0
1286,5144,722,79,722,0,NOOP,0.06323257833719254,0.2770489752292633,0.12497914582490921,0.46907228231430054,0.0656670331954956,1.3240067958831787,0.0,427.0,835,2,143,0,0,0,200,200,0
1287,5148,722,79,722,3,right+B,0.0636138841509819,0.27620643377304077,0.12556900084018707,0.4685767889022827,0.06603381037712097,1.325823426246643,0.0,427.0,836,2,143,0,0,0,200,200,0
1288,5152,722,93,722,2,right+A,0.06337524950504303,0.2767002582550049,0.1246798112988472,0.46917757391929626,0.06606702506542206,1.3244976997375488,0.0,427.0,837,2,143,0,0,0,200,200,0
1289,5156,722,109,722,2,right+A,0.06362192332744598,0.2777452766895294,0.12757395207881927,0.463156133890152,0.06790266185998917,1.332877278327942,0.0,427.0,838,2,143,0,0,0,200,200,0
1290,5160,722,122,722,4,right+A+B,0.0643422082066536,0.27836090326309204,0.13293324410915375,0.45458534359931946,0.06977830827236176,1.344911813735962,-1.0,426.0,839,2,142,0,0,0,200,200,0
1291,5164,722,130,722,3,right+B,0.06470277905464172,0.28045061230659485,0.13579122722148895,0.44786179065704346,0.071193628013134,1.3527047634124756,0.0,426.0,840,2,142,0,0,0,200,200,0
1292,5168,722,129,722,3,right+B,0.06317213922739029,0.2769204080104828,0.13407105207443237,0.456573486328125,0.0692630335688591,1.3423256874084473,0.0,426.0,841,2,142,0,0,0,200,200,0
1293,5172,722,117,722,3,right+B,0.06412328034639359,0.27615875005722046,0.13700145483016968,0.45233437418937683,0.07038208842277527,1.3494583368301392,0.0,426.0,842,2,142,0,0,0,200,200,0
1294,5176,722,97,722,3,right+B,0.06599467992782593,0.27712282538414,0.1417492926120758,0.4410015046596527,0.07413168251514435,1.3658857345581055,0.0,426.0,843,2,142,0,0,0,200,200,0
1295,5180,722,79,722,1,right,0.06474857032299042,0.2771109342575073,0.14047804474830627,0.4461398422718048,0.0715225338935852,1.3573238849639893,-1.0,425.0,844,2,141,0,0,0,200,200,0
1296,5184,722,79,722,3,right+B,0.0640939325094223,0.2761217951774597,0.13710732758045197,0.45333564281463623,0.06934133917093277,1.3475641012191772,0.0,425.0,845,2,141,0,0,0,200,200,0
1297,5188,722,79,722,1,right,0.06399253755807877,0.2743011713027954,0.12962587177753448,0.46503642201423645,0.06704402714967728,1.3328005075454712,0.0,425.0,846,2,141,0,0,0,200,200,0
1298,5192,722,79,722,1,right,0.06503204256296158,0.27701911330223083,0.13471390306949615,0.45283544063568115,0.0703994557261467,1.348931074142456,0.0,425.0,847,2,141,0,0,0,200,200,0
1299,5196,722,79,722,3,right+B,0.06341863423585892,0.27519920468330383,0.12898969650268555,0.4650225043296814,0.0673699751496315,1.3319485187530518,0.0,425.0,848,2,141,0,0,0,200,200,0
1300,5200,722,93,722,2,right+A,0.0639314129948616,0.2759910523891449,0.13085320591926575,0.46136102080345154,0.06786338239908218,1.336695671081543,-1.0,424.0,849,2,140,0,0,0,200,200,0
1301,5204,722,108,722,1,right,0.06445761770009995,0.2783389985561371,0.13388429582118988,0.45344483852386475,0.06987428665161133,1.3464710712432861,0.0,424.0,850,2,140,0,0,0,200,200,0
1302,5208,722,112,722,3,right+B,0.06432773172855377,0.2766936719417572,0.1369762122631073,0.4509277939796448,0.07107457518577576,1.3513734340667725,0.0,424.0,851,2,140,0,0,0,200,200,0
1303,5212,722,106,722,3,right+B,0.06453964859247208,0.27630749344825745,0.13978596031665802,0.4471556544303894,0.07221124321222305,1.3569914102554321,0.0,424.0,852,2,140,0,0,0,200,200,0
1304,5216,722,89,722,3,right+B,0.0635678842663765,0.27478739619255066,0.13649798929691315,0.4543474614620209,0.070799320936203,1.3478591442108154,0.0,424.0,853,2,140,0,0,0,200,200,0
1305,5220,722,79,722,3,right+B,0.06291647255420685,0.2729402482509613,0.1318940818309784,0.4636046886444092,0.06864452362060547,1.3358920812606812,-1.0,423.0,854,2,139,0,0,0,200,200,0
1306,5224,722,79,722,3,right+B,0.0625457763671875,0.2722305655479431,0.1282406449317932,0.47085365653038025,0.06612931936979294,1.3252227306365967,0.0,423.0,855,2,139,0,0,0,200,200,0
1307,5228,722,79,722,3,right+B,0.06347491592168808,0.27524712681770325,0.13211379945278168,0.4623234272003174,0.06684071570634842,1.335022211074829,0.0,423.0,856,2,139,0,0,0,200,200,0
1308,5232,722,79,722,3,right+B,0.0636286735534668,0.27609559893608093,0.13395626842975616,0.4586462676525116,0.0676732137799263,1.339651346206665,0.0,423.0,857,2,139,0,0,0,200,200,0
1309,5236,722,79,722,0,NOOP,0.06389293819665909,0.2768181562423706,0.1347152292728424,0.45615726709365845,0.06841642409563065,1.3428817987442017,0.0,423.0,858,2,139,0,0,0,200,200,0
1310,5240,722,79,722,1,right,0.06380883604288101,0.2764827311038971,0.1328221708536148,0.4589354693889618,0.0679507851600647,1.339332938194275,-1.0,422.0,859,2,138,0,0,0,200,200,0
1311,5244,722,79,722,3,right+B,0.0631764829158783,0.2754592299461365,0.12954989075660706,0.4648013412952423,0.06701304763555527,1.3316285610198975,0.0,422.0,860,2,138,0,0,0,200,200,0
1312,5248,722,79,722,3,right+B,0.06368757784366608,0.2757812440395355,0.13014289736747742,0.4628807306289673,0.06750750541687012,1.3345228433609009,0.0,422.0,861,2,138,0,0,0,200,200,0
1313,5252,722,93,722,4,right+A+B,0.06365102529525757,0.2757789194583893,0.13114093244075775,0.4611984193325043,0.06823073327541351,1.33709716796875,0.0,422.0,862,2,138,0,0,0,200,200,0
1314,5256,722,108,722,1,right,0.06433653831481934,0.27775874733924866,0.13511839509010315,0.4528055787086487,0.06998074054718018,1.347649335861206,0.0,422.0,863,2,138,0,0,0,200,200,0
1315,5260,722,112,722,3,right+B,0.0640053078532219,0.2758713662624359,0.13575983047485352,0.45442286133766174,0.06994067132472992,1.3467698097229004,-1.0,421.0,864,2,137,0,0,0,200,200,0
1316,5264,722,106,722,1,right,0.06456419080495834,0.2764483392238617,0.14043821394443512,0.446845680475235,0.07170362025499344,1.3569360971450806,0.0,421.0,865,2,137,0,0,0,200,200,0
1317,5268,722,89,722,2,right+A,0.06386804580688477,0.2746666669845581,0.13722315430641174,0.4539036154747009,0.07033853977918625,1.3483997583389282,0.0,421.0,866,2,137,0,0,0,200,200,0
1318,5272,722,79,722,3,right+B,0.06358600407838821,0.27348536252975464,0.13403767347335815,0.4604530334472656,0.06843792647123337,1.3397855758666992,0.0,421.0,867,2,137,0,0,0,200,200,0
1319,5276,722,79,722,1,right,0.0630013719201088,0.27287355065345764,0.12968580424785614,0.46856167912483215,0.06587759405374527,1.3278636932373047,0.0,421.0,868,2,137,0,0,0,200,200,0
1320,5280,722,93,722,2,right+A,0.06330452859401703,0.27464422583580017,0.13181795179843903,0.4642431437969208,0.0659901574254036,1.3323450088500977,-1.0,420.0,869,2,136,0,0,0,200,200,0
1321,5284,722,108,722,1,right,0.06489159166812897,0.27902624011039734,0.13855798542499542,0.447593629360199,0.0699305310845375,1.3533388376235962,0.0,420.0,870,2,136,0,0,0,200,200,0
1322,5288,722,112,722,1,right,0.06500311195850372,0.27761438488960266,0.13933226466178894,0.4470893144607544,0.0709608644247055,1.3556938171386719,0.0,420.0,871,2,136,0,0,0,200,200,0
1323,5292,722,106,722,0,NOOP,0.06507628411054611,0.27703455090522766,0.13947780430316925,0.4469013214111328,0.07151006907224655,1.356736421585083,0.0,420.0,872,2,136,0,0,0,200,200,0
1324,5296,722,89,722,3,right+B,0.06399313360452652,0.274935245513916,0.13462935388088226,0.45668283104896545,0.06975933164358139,1.3445613384246826,0.0,420.0,873,2,136,0,0,0,200,200,0
1325,5300,722,79,722,3,right+B,0.06348933279514313,0.2730560004711151,0.12885227799415588,0.46708348393440247,0.06751889735460281,1.3310635089874268,-1.0,419.0,874,2,135,0,0,0,200,200,0
1326,5304,722,79,722,3,right+B,0.06267897039651871,0.27158817648887634,0.1229657381772995,0.4778227210044861,0.06494441628456116,1.3157800436019897,0.0,419.0,875,2,135,0,0,0,200,200,0
1327,5308,722,79,722,3,right+B,0.06331594288349152,0.2741279602050781,0.1266852617263794,0.4700581431388855,0.06581271439790726,1.3251503705978394,0.0,419.0,876,2,135,0,0,0,200,200,0
1328,5312,722,93,722,2,right+A,0.06461652368307114,0.2770023047924042,0.13028930127620697,0.46038880944252014,0.06770315021276474,1.3375437259674072,0.0,419.0,877,2,135,0,0,0,200,200,0
1329,5316,722,108,722,3,right+B,0.06545712798833847,0.27805259823799133,0.13450013101100922,0.45218536257743835,0.06980476528406143,1.348891258239746,0.0,419.0,878,2,135,0,0,0,200,200,0
1330,5320,722,112,722,3,right+B,0.0653766542673111,0.2758427560329437,0.13777373731136322,0.45041659474372864,0.07059024274349213,1.3530418872833252,-1.0,418.0,879,2,134,0,0,0,200,200,0
1331,5324,722,106,722,3,right+B,0.06558749079704285,0.27619752287864685,0.1413012444972992,0.44494807720184326,0.07196564227342606,1.3602583408355713,0.0,418.0,880,2,134,0,0,0,200,200,0
1332,5328,722,89,722,3,right+B,0.06429421901702881,0.2756156325340271,0.1374453753232956,0.452682763338089,0.0699620246887207,1.349270224571228,0.0,418.0,881,2,134,0,0,0,200,200,0
1333,5332,722,79,722,1,right,0.06410085409879684,0.2756681442260742,0.13257989287376404,0.4596492052078247,0.06800190359354019,1.3392908573150635,0.0,418.0,882,2,134,0,0,0,200,200,0
1334,5336,722,93,722,2,right+A,0.0631917342543602,0.2735744118690491,0.1252313256263733,0.47287437319755554,0.06512811034917831,1.3213294744491577,0.0,418.0,883,2,134,0,0,0,200,200,0
1335,5340,722,108,722,0,NOOP,0.06460298597812653,0.2789140045642853,0.129754900932312,0.4593300521373749,0.06739797443151474,1.337218999862671,-1.0,417.0,884,2,133,0,0,0,200,200,0
1336,5344,722,112,722,3,right+B,0.06486068665981293,0.2800378203392029,0.13085885345935822,0.4553075432777405,0.06893511861562729,1.3425884246826172,0.0,417.0,885,2,133,0,0,0,200,200,0
1337,5348,722,106,722,2,right+A,0.06429870426654816,0.2778089642524719,0.13183024525642395,0.45715516805648804,0.06890688091516495,1.341549038887024,0.0,417.0,886,2,133,0,0,0,200,200,0
1338,5352,722,89,722,1,right,0.06297685205936432,0.27470535039901733,0.12820306420326233,0.4669209420681,0.06719378381967545,1.3294517993927002,0.0,417.0,887,2,133,0,0,0,200,200,0
1339,5356,722,79,722,1,right,0.06155887246131897,0.2722403407096863,0.12134752422571182,0.4805486500263214,0.06430463492870331,1.3103679418563843,0.0,417.0,888,2,133,0,0,0,200,200,0
1340,5360,722,79,722,1,right,0.062082815915346146,0.2732345163822174,0.12061499804258347,0.4804249107837677,0.06364274024963379,1.3096601963043213,-1.0,416.0,889,2,132,0,0,0,200,200,0
1341,5364,722,79,722,1,right,0.06234431266784668,0.2758364677429199,0.12553267180919647,0.47207167744636536,0.0642148107290268,1.3194292783737183,0.0,416.0,890,2,132,0,0,0,200,200,0
1342,5368,722,79,722,0,NOOP,0.06343974173069,0.27918121218681335,0.13030920922756195,0.46177223324775696,0.06529761105775833,1.3316891193389893,0.0,416.0,891,2,132,0,0,0,200,200,0
1343,5372,722,79,722,0,NOOP,0.06354564428329468,0.2812064290046692,0.13112974166870117,0.4588211178779602,0.06529709696769714,1.333936095237732,0.0,416.0,892,2,132,0,0,0,200,200,0
1344,5376,722,79,722,3,right+B,0.06281011551618576,0.27769920229911804,0.1296447366476059,0.4643906056880951,0.0654553472995758,1.3291449546813965,0.0,416.0,893,2,132,0,0,0,200,200,0
1345,5380,722,79,722,1,right,0.06400193274021149,0.2808132469654083,0.131143718957901,0.4568471312522888,0.06719392538070679,1.3383277654647827,-1.0,415.0,894,2,131,0,0,0,200,200,0
1346,5384,722,93,722,2,right+A,0.06347033381462097,0.2799084484577179,0.12844333052635193,0.46168795228004456,0.06648994982242584,1.3320623636245728,0.0,415.0,895,2,131,0,0,0,200,200,0
1347,5388,722,109,722,4,right+A+B,0.06339266151189804,0.2808021605014801,0.13320960104465485,0.4550096094608307,0.06758594512939453,1.3404309749603271,0.0,415.0,896,2,131,0,0,0,200,200,0
1348,5392,722,121,722,3,right+B,0.06388207525014877,0.28018978238105774,0.13756118714809418,0.44918861985206604,0.06917835772037506,1.3493531942367554,0.0,415.0,897,2,131,0,0,0,200,200,0
1349,5396,722,122,722,1,right,0.0657951682806015,0.28595826029777527,0.1481349617242813,0.42690739035606384,0.07320421934127808,1.3746905326843262,0.0,415.0,898,2,131,0,0,0,200,200,0
1350,5400,722,113,722,1,right,0.06562899798154831,0.2848051190376282,0.14462658762931824,0.43132078647613525,0.07361841946840286,1.370866298675537,-1.0,414.0,899,2,130,0,0,0,200,200,0
1351,5404,722,94,722,1,right,0.06366395950317383,0.2798338532447815,0.13701418042182922,0.45106443762779236,0.0684235543012619,1.3466906547546387,0.0,414.0,900,2,130,0,0,0,200,200,0
1352,5408,722,79,722,3,right+B,0.0642232745885849,0.27820247411727905,0.13735415041446686,0.45146802067756653,0.06875213980674744,1.3480229377746582,0.0,414.0,901,2,130,0,0,0,200,200,0
1353,5412,722,79,722,3,right+B,0.06302688270807266,0.2766180634498596,0.1300840526819229,0.4635864496231079,0.06668456643819809,1.3319765329360962,0.0,414.0,902,2,130,0,0,0,200,200,0
1354,5416,722,93,722,4,right+A+B,0.06485099345445633,0.27759289741516113,0.13552658259868622,0.45303890109062195,0.06899062544107437,1.3472070693969727,0.0,414.0,903,2,130,0,0,0,200,200,0
1355,5420,722,108,722,3,right+B,0.06749191880226135,0.28407061100006104,0.14965786039829254,0.4247592091560364,0.0740203782916069,1.3801124095916748,-1.0,413.0,904,2,129,0,0,0,200,200,0
1356,5424,722,112,722,3,right+B,0.06634170562028885,0.2816292941570282,0.14839240908622742,0.4303237795829773,0.07331287115812302,1.3743928670883179,0.0,413.0,905,2,129,0,0,0,200,200,0
1357,5428,722,106,722,3,right+B,0.06527616083621979,0.28114745020866394,0.14558690786361694,0.4358347952365875,0.07215476036071777,1.3670796155929565,0.0,413.0,906,2,129,0,0,0,200,200,0
1358,5432,722,89,722,0,NOOP,0.06522192060947418,0.2806915044784546,0.14967258274555206,0.4307469427585602,0.07366707921028137,1.3738737106323242,0.0,413.0,907,2,129,0,0,0,200,200,0
1359,5436,722,79,722,3,right+B,0.06618774682283401,0.28152668476104736,0.15120971202850342,0.4257018268108368,0.07537399232387543,1.3806283473968506,0.0,413.0,908,2,129,0,0,0,200,200,0
1360,5440,722,79,722,1,right,0.06432194262742996,0.27918922901153564,0.1448570042848587,0.4400291442871094,0.07160277664661407,1.3625786304473877,-1.0,412.0,909,2,128,0,0,0,200,200,0
1361,5444,722,79,722,1,right,0.06451547890901566,0.2790597975254059,0.14327163994312286,0.44291770458221436,0.07023531943559647,1.3586156368255615,0.0,412.0,910,2,128,0,0,0,200,200,0
1362,5448,722,79,722,1,right,0.06595230847597122,0.2802857458591461,0.14868512749671936,0.43166276812553406,0.07341397553682327,1.3735790252685547,0.0,412.0,911,2,128,0,0,0,200,200,0
1363,5452,722,79,722,3,right+B,0.06548868119716644,0.2811046242713928,0.14371998608112335,0.43709224462509155,0.07259451597929001,1.3661926984786987,0.0,412.0,912,2,128,0,0,0,200,200,0
1364,5456,722,79,722,3,right+B,0.06584739685058594,0.2791092097759247,0.14534969627857208,0.4365755021572113,0.07311812043190002,1.3687258958816528,0.0,412.0,913,2,128,0,0,0,200,200,0
1365,5460,722,79,722,0,NOOP,0.06593507528305054,0.2806742191314697,0.14567133784294128,0.43494081497192383,0.07277854532003403,1.3693304061889648,-1.0,411.0,914,2,127,0,0,0,200,200,0
1366,5464,722,79,722,1,right,0.06761930137872696,0.28516632318496704,0.15521681308746338,0.4167537987232208,0.07524377107620239,1.3885338306427002,0.0,411.0,915,2,127,0,0,0,200,200,0
1367,5468,722,79,722,3,right+B,0.06600868701934814,0.2818198800086975,0.14576080441474915,0.4352264106273651,0.07118421792984009,1.3671984672546387,0.0,411.0,916,2,127,0,0,0,200,200,0
1368,5472,722,79,722,3,right+B,0.06377669423818588,0.2771678864955902,0.13368044793605804,0.4583709239959717,0.06700409203767776,1.3388620615005493,0.0,411.0,917,2,127,0,0,0,200,200,0
1369,5476,722,93,722,4,right+A+B,0.06550842523574829,0.28019586205482483,0.13937337696552277,0.44481661915779114,0.07010573148727417,1.3563473224639893,0.0,411.0,918,2,127,0,0,0,200,200,0
1370,5480,722,108,722,3,right+B,0.0672592967748642,0.284965842962265,0.1482415348291397,0.4253327548503876,0.07420054823160172,1.3788728713989258,-1.0,410.0,919,2,126,0,0,0,200,200,0
1371,5484,722,112,722,2,right+A,0.06484292447566986,0.28107956051826477,0.1459437757730484,0.43634268641471863,0.07179106771945953,1.3659613132476807,0.0,410.0,920,2,126,0,0,0,200,200,0
1372,5488,722,106,722,1,right,0.06561695784330368,0.28189849853515625,0.1498880237340927,0.4283367991447449,0.0742596983909607,1.3763976097106934,0.0,410.0,921,2,126,0,0,0,200,200,0
1373,5492,722,89,722,1,right,0.06442474573850632,0.27915140986442566,0.14178204536437988,0.4436323046684265,0.07100941985845566,1.3582149744033813,0.0,410.0,922,2,126,0,0,0,200,200,0
1374,5496,722,79,722,2,right+A,0.06363199651241302,0.27806714177131653,0.13419584929943085,0.4561378061771393,0.06796719133853912,1.341500997543335,0.0,410.0,923,2,126,0,0,0,200,200,0
1375,5500,722,79,722,3,right+B,0.06257820874452591,0.27935075759887695,0.12534108757972717,0.46756696701049805,0.06516291946172714,1.323377013206482,-1.0,409.0,924,2,125,0,0,0,200,200,0
1376,5504,722,93,722,2,right+A,0.06327947229146957,0.282151460647583,0.12861189246177673,0.46001899242401123,0.06593824923038483,1.3319379091262817,0.0,409.0,925,2,125,0,0,0,200,200,0
1377,5508,722,108,722,3,right+B,0.06385799497365952,0.28265050053596497,0.13237006962299347,0.4537220299243927,0.06739941984415054,1.3408405780792236,0.0,409.0,926,2,125,0,0,0,200,200,0
1378,5512,722,112,722,3,right+B,0.06301158666610718,0.27769699692726135,0.13562358915805817,0.4554663598537445,0.06820153445005417,1.3422771692276,0.0,409.0,927,2,125,0,0,0,200,200,0
1379,5516,722,106,722,1,right,0.06433585286140442,0.279196172952652,0.14339479804039001,0.4424768388271332,0.07059632241725922,1.3591349124908447,0.0,409.0,928,2,125,0,0,0,200,200,0
1380,5520,722,89,722,3,right+B,0.061681147664785385,0.27606305480003357,0.1297519952058792,0.46678104996681213,0.06572272628545761,1.3266842365264893,-1.0,408.0,929,2,124,0,0,0,200,200,0
1381,5524,722,79,722,3,right+B,0.06075157970190048,0.27487045526504517,0.12420065701007843,0.4765300452709198,0.06364728510379791,1.3127362728118896,0.0,408.0,930,2,124,0,0,0,200,200,0
1382,5528,722,79,722,3,right+B,0.0612650141119957,0.27409473061561584,0.12346778810024261,0.4778954088687897,0.06327705085277557,1.311627745628357,0.0,408.0,931,2,124,0,0,0,200,200,0
1383,5532,722,79,722,3,right+B,0.0618705190718174,0.27622804045677185,0.1246972531080246,0.4731646180152893,0.06403957307338715,1.3172178268432617,0.0,408.0,932,2,124,0,0,0,200,200,0
1384,5536,722,79,722,3,right+B,0.06387342512607574,0.27914369106292725,0.12987008690834045,0.46020516753196716,0.06690758466720581,1.3351001739501953,0.0,408.0,933,2,124,0,0,0,200,200,0
1385,5540,722,79,722,1,right,0.0640324130654335,0.2773451507091522,0.12648414075374603,0.4654836654663086,0.06665458530187607,1.3296623229980469,-1.0,407.0,934,2,123,0,0,0,200,200,0
1386,5544,722,79,722,3,right+B,0.06370950490236282,0.2765067517757416,0.1251547634601593,0.4690440893173218,0.06558488309383392,1.3247451782226562,0.0,407.0,935,2,123,0,0,0,200,200,0
1387,5548,722,79,722,3,right+B,0.06278511136770248,0.27646493911743164,0.12442498654127121,0.4708382785320282,0.06548667699098587,1.3217079639434814,0.0,407.0,936,2,123,0,0,0,200,200,0
1388,5552,722,93,722,4,right+A+B,0.06393846869468689,0.2775222659111023,0.13004030287265778,0.4605313539505005,0.06796765327453613,1.3366641998291016,0.0,407.0,937,2,123,0,0,0,200,200,0
1389,5556,722,108,722,0,NOOP,0.06519249081611633,0.2796560227870941,0.13407988846302032,0.4520855247974396,0.06898605078458786,1.3471097946166992,0.0,407.0,938,2,123,0,0,0,200,200,0
1390,5560,722,112,722,2,right+A,0.06485115736722946,0.2778994143009186,0.13496126234531403,0.4535704553127289,0.0687176063656807,1.3461594581604004,-1.0,406.0,939,2,122,0,0,0,200,200,0
1391,5564,722,106,722,1,right,0.06451433151960373,0.27713629603385925,0.13804858922958374,0.4504258632659912,0.06987494230270386,1.350999355316162,0.0,406.0,940,2,122,0,0,0,200,200,0
1392,5568,722,89,722,3,right+B,0.06420190632343292,0.2755063474178314,0.1352415829896927,0.4557632505893707,0.06928686797618866,1.3451166152954102,0.0,406.0,941,2,122,0,0,0,200,200,0
1393,5572,722,79,722,3,right+B,0.06378232687711716,0.2735547423362732,0.1309337615966797,0.4636772572994232,0.06805197149515152,1.3355951309204102,0.0,406.0,942,2,122,0,0,0,200,200,0
1394,5576,722,79,722,1,right,0.06258974224328995,0.271484375,0.12406843155622482,0.47692570090293884,0.06493181735277176,1.3170058727264404,0.0,406.0,943,2,122,0,0,0,200,200,0
1395,5580,722,93,722,2,right+A,0.06320061534643173,0.27407437562942505,0.12593752145767212,0.47139933705329895,0.06538810580968857,1.3230693340301514,-1.0,405.0,944,2,121,0,0,0,200,200,0
1396,5584,722,108,722,3,right+B,0.0651586502790451,0.27834057807922363,0.13352560997009277,0.45341336727142334,0.06956171989440918,1.3468122482299805,0.0,405.0,945,2,121,0,0,0,200,200,0
1397,5588,722,112,722,4,right+A+B,0.06491122394800186,0.27677059173583984,0.13554641604423523,0.4520482122898102,0.07072357833385468,1.3501830101013184,0.0,405.0,946,2,121,0,0,0,200,200,0
1398,5592,722,106,722,3,right+B,0.06464076787233353,0.2760968804359436,0.13644114136695862,0.4523363709449768,0.07048479467630386,1.3499574661254883,0.0,405.0,947,2,121,0,0,0,200,200,0
1399,5596,722,89,722,1,right,0.06397952884435654,0.2754443287849426,0.13365019857883453,0.4578859508037567,0.06904003769159317,1.3422361612319946,0.0,405.0,948,2,121,0,0,0,200,200,0
1400,5600,722,79,722,2,right+A,0.0637453943490982,0.27401116490364075,0.13082754611968994,0.4634335935115814,0.0679822489619255,1.3354941606521606,-1.0,404.0,949,2,120,0,0,0,200,200,0
1401,5604,722,79,722,4,right+A+B,0.06284462660551071,0.272195965051651,0.12644214928150177,0.4730091392993927,0.06550810486078262,1.3222272396087646,0.0,404.0,950,2,120,0,0,0,200,200,0
1402,5608,722,79,722,1,right,0.06394273787736893,0.27512404322624207,0.1317671835422516,0.46255677938461304,0.06660929322242737,1.3350028991699219,0.0,404.0,951,2,120,0,0,0,200,200,0
1403,5612,722,93,722,2,right+A,0.06443554162979126,0.27717655897140503,0.13573598861694336,0.45429593324661255,0.06835594028234482,1.3452472686767578,0.0,404.0,952,2,120,0,0,0,200,200,0
1404,5616,722,109,722,4,right+A+B,0.06461823731660843,0.2782289981842041,0.13888925313949585,0.4484207034111023,0.06984282284975052,1.3526569604873657,0.0,404.0,953,2,120,0,0,0,200,200,0
1405,5620,722,121,722,1,right,0.06435644626617432,0.27696365118026733,0.1390296071767807,0.4494631290435791,0.07018717378377914,1.3523448705673218,-1.0,403.0,954,2,119,0,0,0,200,200,0
1406,5624,722,122,722,3,right+B,0.0647311732172966,0.27915623784065247,0.1413915455341339,0.44276162981987,0.0719594731926918,1.3600953817367554,0.0,403.0,955,2,119,0,0,0,200,200,0
1407,5628,722,113,722,1,right,0.06381042301654816,0.2769456207752228,0.13552062213420868,0.45239150524139404,0.07133181393146515,1.349217414855957,0.0,403.0,956,2,119,0,0,0,200,200,0
1408,5632,722,94,722,1,right,0.06348907947540283,0.2757396697998047,0.13185612857341766,0.4607729911804199,0.0681421309709549,1.3374838829040527,0.0,403.0,957,2,119,0,0,0,200,200,0
1409,5636,722,79,722,3,right+B,0.06276153773069382,0.2717885375022888,0.13007330894470215,0.467375248670578,0.06800141930580139,1.3314216136932373,0.0,403.0,958,2,119,0,0,0,200,200,0
1410,5640,722,79,722,3,right+B,0.062186021357774734,0.2722926139831543,0.12617476284503937,0.4733717739582062,0.06597486883401871,1.321515679359436,-1.0,402.0,959,2,118,0,0,0,200,200,0
1411,5644,722,79,722,3,right+B,0.06326298415660858,0.27383655309677124,0.1287539005279541,0.4672878682613373,0.0668586790561676,1.3296222686767578,0.0,402.0,960,2,118,0,0,0,200,200,0
1412,5648,722,79,722,1,right,0.06405796855688095,0.27580446004867554,0.13336707651615143,0.4580729901790619,0.0686974972486496,1.3415755033493042,0.0,402.0,961,2,118,0,0,0,200,200,0
1413,5652,722,93,722,4,right+A+B,0.06441386789083481,0.27628934383392334,0.13597790896892548,0.4539945125579834,0.06932443380355835,1.3468847274780273,0.0,402.0,962,2,118,0,0,0,200,200,0
1414,5656,722,108,722,3,right+B,0.06546596437692642,0.278313010931015,0.1405487209558487,0.44481348991394043,0.07085879892110825,1.3581359386444092,0.0,402.0,963,2,118,0,0,0,200,200,0
1415,5660,722,112,722,3,right+B,0.06489316374063492,0.2775290906429291,0.14101392030715942,0.44573572278022766,0.07082808017730713,1.357145071029663,-1.0,401.0,964,2,117,0,0,0,200,200,0
1416,5664,722,106,722,3,right+B,0.06521779298782349,0.2768663167953491,0.14489802718162537,0.4410783350467682,0.07193950563669205,1.363883376121521,0.0,401.0,965,2,117,0,0,0,200,200,0
1417,5668,722,89,722,3,right+B,0.06422895938158035,0.2757314145565033,0.1391240656375885,0.45062723755836487,0.07028830796480179,1.351794719696045,0.0,401.0,966,2,117,0,0,0,200,200,0
1418,5672,722,79,722,2,right+A,0.06337319314479828,0.27371904253959656,0.13270442187786102,0.4622851610183716,0.06791814416646957,1.3368369340896606,0.0,401.0,967,2,117,0,0,0,200,200,0
1419,5676,722,79,722,1,right,0.062463920563459396,0.27207353711128235,0.12646378576755524,0.47373610734939575,0.06526261568069458,1.320932149887085,0.0,401.0,968,2,117,0,0,0,200,200,0
1420,5680,722,79,722,3,right+B,0.06345967203378677,0.2748475968837738,0.13004545867443085,0.46525561809539795,0.06639165431261063,1.3312979936599731,-1.0,400.0,969,2,116,0,0,0,200,200,0
1421,5684,722,79,722,3,right+B,0.06406035274267197,0.27619072794914246,0.13242152333259583,0.45920419692993164,0.06812316924333572,1.3395121097564697,0.0,400.0,970,2,116,0,0,0,200,200,0
1422,5688,722,79,722,3,right+B,0.06440847367048264,0.276191383600235,0.1330316960811615,0.457628071308136,0.06874044239521027,1.3421272039413452,0.0,400.0,971,2,116,0,0,0,200,200,0
1423,5692,722,93,722,4,right+A+B,0.06472904980182648,0.2765984833240509,0.13157998025417328,0.4590470790863037,0.06804537773132324,1.3398349285125732,0.0,400.0,972,2,116,0,0,0,200,200,0
1424,5696,722,108,722,3,right+B,0.06544844806194305,0.27870213985443115,0.1357395201921463,0.45007768273353577,0.07003222405910492,1.3511062860488892,0.0,400.0,973,2,116,0,0,0,200,200,0
1425,5700,722,112,722,3,right+B,0.06597517430782318,0.27766066789627075,0.13938196003437042,0.44560080766677856,0.07138141244649887,1.3584115505218506,-1.0,399.0,974,2,115,0,0,0,200,200,0
1426,5704,722,106,722,1,right,0.06596507877111435,0.27730444073677063,0.1418771743774414,0.4430304169654846,0.07182285934686661,1.361900806427002,0.0,399.0,975,2,115,0,0,0,200,200,0
1427,5708,722,89,722,1,right,0.06523320823907852,0.2758948504924774,0.13906142115592957,0.4493319094181061,0.07047861069440842,1.354101538658142,0.0,399.0,976,2,115,0,0,0,200,200,0
1428,5712,722,79,722,3,right+B,0.0640559121966362,0.27350637316703796,0.13105304539203644,0.4641896188259125,0.06719506531953812,1.334612488746643,0.0,399.0,977,2,115,0,0,0,200,200,0
1429,5716,722,93,722,2,right+A,0.06331773102283478,0.2724822163581848,0.12616831064224243,0.47267064452171326,0.0653611272573471,1.3226861953735352,0.0,399.0,978,2,115,0,0,0,200,200,0
1430,5720,722,108,722,3,right+B,0.06494436413049698,0.2765728831291199,0.13413064181804657,0.4553963243961334,0.06895588338375092,1.3451237678527832,-1.0,398.0,979,2,114,0,0,0,200,200,0
1431,5724,722,112,722,4,right+A+B,0.06476502865552902,0.27752265334129333,0.1349092572927475,0.4528310298919678,0.0699719488620758,1.3480989933013916,0.0,398.0,980,2,114,0,0,0,200,200,0
1432,5728,722,106,722,3,right+B,0.06563170254230499,0.2788720726966858,0.13985510170459747,0.4439338147640228,0.07170729339122772,1.359466791152954,0.0,398.0,981,2,114,0,0,0,200,200,0
1433,5732,722,89,722,3,right+B,0.06422970443964005,0.27510181069374084,0.1333419382572174,0.4580616354942322,0.0692649707198143,1.3425989151000977,0.0,398.0,982,2,114,0,0,0,200,200,0
1434,5736,722,79,722,3,right+B,0.06374313682317734,0.2747550308704376,0.12761127948760986,0.4666786193847656,0.06721188127994537,1.330277442932129,0.0,398.0,983,2,114,0,0,0,200,200,0
1435,5740,722,79,722,3,right+B,0.06363332271575928,0.27453774213790894,0.12349751591682434,0.47262150049209595,0.06570996344089508,1.3215771913528442,-1.0,397.0,984,2,113,0,0,0,200,200,0
1436,5744,722,79,722,3,right+B,0.06443891674280167,0.2771015167236328,0.12805640697479248,0.4639793932437897,0.06642377376556396,1.3319286108016968,0.0,397.0,985,2,113,0,0,0,200,200,0
1437,5748,722,79,722,3,right+B,0.06405726075172424,0.27775347232818604,0.12764880061149597,0.46438512206077576,0.06615543365478516,1.3304616212844849,0.0,397.0,986,2,113,0,0,0,200,200,0
1438,5752,722,79,722,3,right+B,0.06323060393333435,0.27559995651245117,0.12769390642642975,0.4678943455219269,0.06558118760585785,1.3266268968582153,0.0,397.0,987,2,113,0,0,0,200,200,0
1439,5756,722,79,722,3,right+B,0.06401129066944122,0.27818819880485535,0.12853974103927612,0.4634261727333069,0.06583459675312042,1.3311142921447754,0.0,397.0,988,2,113,0,0,0,200,200,0
1440,5760,722,79,722,3,right+B,0.06351476907730103,0.2789914608001709,0.1308736652135849,0.4604147672653198,0.06620540469884872,1.3342229127883911,-1.0,396.0,989,2,112,0,0,0,200,200,0
1441,5764,722,79,722,1,right,0.06410710513591766,0.2799164652824402,0.13511307537555695,0.4537227153778076,0.06714066863059998,1.3428783416748047,0.0,396.0,990,2,112,0,0,0,200,200,0
1442,5768,722,79,722,1,right,0.06307888776063919,0.27838683128356934,0.128531351685524,0.465183824300766,0.0648191049695015,1.3273590803146362,0.0,396.0,991,2,112,0,0,0,200,200,0
1443,5772,722,79,722,1,right,0.06297522038221359,0.27818888425827026,0.12811246514320374,0.46518296003341675,0.06554049998521805,1.3279284238815308,0.0,396.0,992,2,112,0,0,0,200,200,0
1444,5776,722,93,722,4,right+A+B,0.0639476552605629,0.2805640399456024,0.13115893304347992,0.45594027638435364,0.06838911026716232,1.3403980731964111,0.0,396.0,993,2,112,0,0,0,200,200,0
1445,5780,722,108,722,3,right+B,0.0643853023648262,0.2822670638561249,0.13342824578285217,0.4514721930027008,0.06844716519117355,1.3449742794036865,-1.0,395.0,994,2,111,0,0,0,200,200,0
1446,5784,722,112,722,1,right,0.06341161578893661,0.2794865667819977,0.13437515497207642,0.45441463589668274,0.06831203401088715,1.342637300491333,0.0,395.0,995,2,111,0,0,0,200,200,0
1447,5788,722,106,722,3,right+B,0.06339936703443527,0.2793145477771759,0.13966280221939087,0.44842296838760376,0.06920035928487778,1.3505070209503174,0.0,395.0,996,2,111,0,0,0,200,200,0
1448,5792,722,89,722,4,right+A+B,0.06469488143920898,0.28175264596939087,0.14315219223499298,0.43971967697143555,0.07068061083555222,1.360864281654358,0.0,395.0,997,2,111,0,0,0,200,200,0
1449,5796,722,79,722,1,right,0.06553297489881516,0.2830198407173157,0.14361803233623505,0.4369599521160126,0.07086919248104095,1.3638840913772583,0.0,395.0,998,2,111,0,0,0,200,200,0
1450,5800,722,79,722,1,right,0.06389149278402328,0.2791580259799957,0.13529708981513977,0.45567160844802856,0.06598172336816788,1.3400830030441284,-1.0,394.0,999,2,110,0,0,0,200,200,0
1451,5804,722,79,722,1,right,0.06520271301269531,0.28169095516204834,0.1393614411354065,0.4469563961029053,0.0667884573340416,1.3502204418182373,0.0,394.0,1000,2,110,0,0,0,200,200,0
1452,5808,722,79,722,1,right,0.06579691171646118,0.2816527485847473,0.14067521691322327,0.44296836853027344,0.068906769156456,1.3568443059921265,0.0,394.0,1001,2,110,0,0,0,200,200,0
1453,5812,722,79,722,3,right+B,0.06564538925886154,0.2807754874229431,0.14108125865459442,0.44158971309661865,0.07090820372104645,1.360314965248108,0.0,394.0,1002,2,110,0,0,0,200,200,0
1454,5816,722,79,722,1,right,0.06600974500179291,0.28238874673843384,0.1388806849718094,0.44270241260528564,0.07001839578151703,1.3575716018676758,0.0,394.0,1003,2,110,0,0,0,200,200,0
1455,5820,722,79,722,3,right+B,0.06562154740095139,0.2814784646034241,0.1397033929824829,0.442277729511261,0.07091891020536423,1.3590271472930908,-1.0,393.0,1004,2,109,0,0,0,200,200,0
1456,5824,722,93,722,2,right+A,0.06595879048109055,0.28212061524391174,0.1417255848646164,0.43858951330184937,0.07160549610853195,1.3635129928588867,0.0,393.0,1005,2,109,0,0,0,200,200,0
1457,5828,722,108,722,1,right,0.06682842969894409,0.2841385304927826,0.1503102332353592,0.42429396510124207,0.07442892342805862,1.3803077936172485,0.0,393.0,1006,2,109,0,0,0,200,200,0
1458,5832,722,112,722,0,NOOP,0.06754246354103088,0.28273439407348633,0.16017141938209534,0.41117939352989197,0.07837233692407608,1.39752995967865,0.0,393.0,1007,2,109,0,0,0,200,200,0
1459,5836,722,106,722,3,right+B,0.06636473536491394,0.280324250459671,0.1616099327802658,0.41300779581069946,0.07869327813386917,1.3963561058044434,0.0,393.0,1008,2,109,0,0,0,200,200,0
1460,5840,722,89,722,1,right,0.0657951757311821,0.27845802903175354,0.15518395602703094,0.42548996210098267,0.07507285475730896,1.3821505308151245,-1.0,392.0,1009,2,108,0,0,0,200,200,0
1461,5844,722,79,722,3,right+B,0.06512010842561722,0.277889221906662,0.1471680998802185,0.43701764941215515,0.07280487567186356,1.3682259321212769,0.0,392.0,1010,2,108,0,0,0,200,200,0
1462,5848,722,79,722,1,right,0.06393943727016449,0.2764919400215149,0.1354178935289383,0.45546796917915344,0.06868273764848709,1.3441693782806396,0.0,392.0,1011,2,108,0,0,0,200,200,0
1463,5852,722,79,722,3,right+B,0.06431453675031662,0.2773565948009491,0.13774503767490387,0.45191046595573425,0.06867340952157974,1.3481062650680542,0.0,392.0,1012,2,108,0,0,0,200,200,0
1464,5856,722,79,722,3,right+B,0.06661546975374222,0.2816481292247772,0.14722555875778198,0.4316639304161072,0.07284698635339737,1.3728373050689697,0.0,392.0,1013,2,108,0,0,0,200,200,0
1465,5860,722,93,722,2,right+A,0.06674438714981079,0.28488484025001526,0.1495950073003769,0.4250601828098297,0.07371555268764496,1.3784606456756592,-1.0,391.0,1014,2,107,0,0,0,200,200,0
1466,5864,722,108,722,1,right,0.06634936481714249,0.2841809391975403,0.14759430289268494,0.42976829409599304,0.07210706919431686,1.3724809885025024,0.0,391.0,1015,2,107,0,0,0,200,200,0
1467,5868,722,112,722,4,right+A+B,0.06515853852033615,0.2797296643257141,0.1447264701128006,0.4376966953277588,0.07268863916397095,1.3662391901016235,0.0,391.0,1016,2,107,0,0,0,200,200,0
1468,5872,722,106,722,2,right+A,0.06470921635627747,0.2785590887069702,0.14296062290668488,0.44196322560310364,0.07180778682231903,1.3612828254699707,0.0,391.0,1017,2,107,0,0,0,200,200,0
1469,5876,722,89,722,1,right,0.06588532030582428,0.28001803159713745,0.14444130659103394,0.4367619454860687,0.07289339601993561,1.3677990436553955,0.0,391.0,1018,2,107,0,0,0,200,200,0
1470,5880,722,79,722,3,right+B,0.063602514564991,0.27906519174575806,0.1351790875196457,0.45302659273147583,0.06912660598754883,1.3453214168548584,-1.0,390.0,1019,2,106,0,0,0,200,200,0
1471,5884,722,79,722,3,right+B,0.06369608640670776,0.2788289785385132,0.13507072627544403,0.4546179175376892,0.0677863359451294,1.3427237272262573,0.0,390.0,1020,2,106,0,0,0,200,200,0
1472,5888,722,79,722,0,NOOP,0.06442911922931671,0.27889949083328247,0.13549605011940002,0.45299389958381653,0.06818138062953949,1.3454577922821045,0.0,390.0,1021,2,106,0,0,0,200,200,0
1473,5892,722,79,722,3,right+B,0.06476288288831711,0.2807229161262512,0.1384282410144806,0.44747719168663025,0.06860870867967606,1.3512681722640991,0.0,390.0,1022,2,106,0,0,0,200,200,0
1474,5896,722,79,722,3,right+B,0.06536313891410828,0.28343015909194946,0.13708578050136566,0.444606751203537,0.06951415538787842,1.3537760972976685,0.0,390.0,1023,2,106,0,0,0,200,200,0
1475,5900,722,93,722,2,right+A,0.06489858776330948,0.28366562724113464,0.13690464198589325,0.4460988938808441,0.0684322863817215,1.3507578372955322,-1.0,389.0,1024,2,105,0,0,0,200,200,0
1476,5904,722,108,722,0,NOOP,0.06402426958084106,0.28435999155044556,0.13453172147274017,0.44933056831359863,0.06775349378585815,1.3452688455581665,0.0,389.0,1025,2,105,0,0,0,200,200,0
1477,5908,722,112,722,1,right,0.06373392045497894,0.2791285812854767,0.13841673731803894,0.4490443766117096,0.06967640668153763,1.3505007028579712,0.0,389.0,1026,2,105,0,0,0,200,200,0
1478,5912,722,106,722,1,right,0.0635596439242363,0.278065025806427,0.1409534364938736,0.44724491238594055,0.07017698884010315,1.3535422086715698,0.0,389.0,1027,2,105,0,0,0,200,200,0
1479,5916,722,89,722,3,right+B,0.06288138031959534,0.2775842845439911,0.13306942582130432,0.4585832357406616,0.0678817480802536,1.3382266759872437,0.0,389.0,1028,2,105,0,0,0,200,200,0
1480,5920,722,79,722,1,right,0.060266464948654175,0.2722152769565582,0.12029924243688583,0.4840909540653229,0.06312806159257889,1.3038463592529297,-1.0,388.0,1029,2,104,0,0,0,200,200,0
1481,5924,722,79,722,3,right+B,0.060918524861335754,0.27341902256011963,0.12044750899076462,0.48198679089546204,0.06322821229696274,1.3062973022460938,0.0,388.0,1030,2,104,0,0,0,200,200,0
1482,5928,722,79,722,3,right+B,0.06272445619106293,0.2768414318561554,0.12663669884204865,0.46847662329673767,0.06532077491283417,1.3243763446807861,0.0,388.0,1031,2,104,0,0,0,200,200,0
1483,5932,722,79,722,1,right,0.06368613243103027,0.27853408455848694,0.13097615540027618,0.4599304497241974,0.06687314063310623,1.3357527256011963,0.0,388.0,1032,2,104,0,0,0,200,200,0
1484,5936,722,93,722,2,right+A,0.06451975554227829,0.27831611037254333,0.12960177659988403,0.4598004221916199,0.06776192039251328,1.337260365486145,0.0,388.0,1033,2,104,0,0,0,200,200,0
1485,5940,722,108,722,1,right,0.0656590610742569,0.27999842166900635,0.13277064263820648,0.4529249370098114,0.06864693015813828,1.345939040184021,-1.0,387.0,1034,2,103,0,0,0,200,200,0
1486,5944,722,112,722,1,right,0.06408229470252991,0.2776950001716614,0.13312318921089172,0.45689621567726135,0.06820334494113922,1.3413338661193848,0.0,387.0,1035,2,103,0,0,0,200,200,0
1487,5948,722,106,722,3,right+B,0.06468937546014786,0.27763617038726807,0.13822656869888306,0.4492582678794861,0.07018962502479553,1.3523759841918945,0.0,387.0,1036,2,103,0,0,0,200,200,0
1488,5952,722,89,722,3,right+B,0.06401520222425461,0.27677983045578003,0.1351279318332672,0.4553854465484619,0.068691685795784,1.3441267013549805,0.0,387.0,1037,2,103,0,0,0,200,200,0
1489,5956,722,79,722,1,right,0.06401477754116058,0.2766880393028259,0.131112203001976,0.46048033237457275,0.0677046850323677,1.3372385501861572,0.0,387.0,1038,2,103,0,0,0,200,200,0
1490,5960,722,93,722,2,right+A,0.06234678253531456,0.2732911705970764,0.12479016184806824,0.4749940037727356,0.0645778477191925,1.3177831172943115,-1.0,386.0,1039,2,102,0,0,0,200,200,0
1491,5964,722,109,722,2,right+A,0.06429228186607361,0.2768980860710144,0.13178309798240662,0.4587155878543854,0.06831096112728119,1.3398897647857666,0.0,386.0,1040,2,102,0,0,0,200,200,0
1492,5968,722,122,722,4,right+A+B,0.06485386192798615,0.27701178193092346,0.13576257228851318,0.45177263021469116,0.07059913873672485,1.3502188920974731,0.0,386.0,1041,2,102,0,0,0,200,200,0
1493,5972,722,130,722,3,right+B,0.06545811891555786,0.2783889174461365,0.13936717808246613,0.44429463148117065,0.07249109447002411,1.3597697019577026,0.0,386.0,1042,2,102,0,0,0,200,200,0
1494,5976,722,129,722,0,NOOP,0.06404340267181396,0.27578017115592957,0.13581183552742004,0.45409414172172546,0.07027051597833633,1.347477912902832,0.0,386.0,1043,2,102,0,0,0,200,200,0
1495,5980,722,117,722,1,right,0.06448347121477127,0.2760421633720398,0.13744769990444183,0.4517354965209961,0.07029116898775101,1.3504661321640015,-1.0,385.0,1044,2,101,0,0,0,200,200,0
1496,5984,722,97,722,1,right,0.06607604026794434,0.2772030830383301,0.14035357534885406,0.442698210477829,0.07366903126239777,1.363656759262085,0.0,385.0,1045,2,101,0,0,0,200,200,0
1497,5988,722,79,722,3,right+B,0.06447512656450272,0.2765801250934601,0.137259840965271,0.45140743255615234,0.07027751207351685,1.3504652976989746,0.0,385.0,1046,2,101,0,0,0,200,200,0
1498,5992,722,79,722,3,right+B,0.06470369547605515,0.27779173851013184,0.13873136043548584,0.4493561387062073,0.0694170743227005,1.35163414478302,0.0,385.0,1047,2,101,0,0,0,200,200,0
1499,5996,722,93,722,2,right+A,0.06426720321178436,0.2749827206134796,0.13174882531166077,0.4623952805995941,0.06660594791173935,1.3355408906936646,0.0,385.0,1048,2,101,0,0,0,200,200,0
1500,6000,722,108,722,3,right+B,0.06593459099531174,0.27929335832595825,0.14088457822799683,0.44270220398902893,0.07118532806634903,1.3604707717895508,-1.0,384.0,1049,2,100,0,0,0,200,200,0
1501,6004,722,112,722,3,right+B,0.06512396037578583,0.2781934440135956,0.13968425989151,0.4461105763912201,0.07088778913021088,1.3564764261245728,0.0,384.0,1050,2,100,0,0,0,200,200,0
1502,6008,722,106,722,3,right+B,0.06500231474637985,0.2773471176624298,0.14217305183410645,0.44369426369667053,0.07178321480751038,1.3603441715240479,0.0,384.0,1051,2,100,0,0,0,200,200,0
1503,6012,722,89,722,4,right+A+B,0.06371693313121796,0.2749725580215454,0.13682931661605835,0.4543275237083435,0.0701536312699318,1.3474396467208862,0.0,384.0,1052,2,100,0,0,0,200,200,0
1504,6016,722,79,722,3,right+B,0.06300918012857437,0.2734001576900482,0.13075196743011475,0.46484315395355225,0.0679955706000328,1.3336354494094849,0.0,384.0,1053,2,100,0,0,0,200,200,0
1505,6020,722,93,722,2,right+A,0.06203267350792885,0.27154555916786194,0.12480741739273071,0.47647568583488464,0.06513869017362595,1.3173115253448486,-1.0,383.0,1054,2,99,0,0,0,200,200,0
1506,6024,722,108,722,3,right+B,0.06364750862121582,0.27627262473106384,0.13314589858055115,0.4582488536834717,0.06868516653776169,1.3407070636749268,0.0,383.0,1055,2,99,0,0,0,200,200,0
1507,6028,722,112,722,3,right+B,0.06356419622898102,0.2762463092803955,0.1356119066476822,0.4543420076370239,0.07023559510707855,1.3464628458023071,0.0,383.0,1056,2,99,0,0,0,200,200,0
1508,6032,722,106,722,3,right+B,0.0639154240489006,0.2760986089706421,0.1395561546087265,0.4482962489128113,0.07213354855775833,1.3552688360214233,0.0,383.0,1057,2,99,0,0,0,200,200,0
1509,6036,722,89,722,3,right+B,0.06330781430006027,0.27444228529930115,0.13690946996212006,0.45493775606155396,0.0704026147723198,1.346928358078003,0.0,383.0,1058,2,99,0,0,0,200,200,0
1510,6040,722,79,722,1,right,0.0629124790430069,0.2730048894882202,0.1329563707113266,0.4626421630382538,0.06848415732383728,1.3369420766830444,-1.0,382.0,1059,2,98,0,0,0,200,200,0
1511,6044,722,93,722,2,right+A,0.06189214810729027,0.27186134457588196,0.12681086361408234,0.4740844666957855,0.06535115092992783,1.3202863931655884,0.0,382.0,1060,2,98,0,0,0,200,200,0
1512,6048,722,108,722,3,right+B,0.06337664276361465,0.2761206328868866,0.13491733372211456,0.45713499188423157,0.06845036149024963,1.341825246810913,0.0,382.0,1061,2,98,0,0,0,200,200,0
1513,6052,722,112,722,3,right+B,0.06359994411468506,0.27656644582748413,0.13752414286136627,0.4519021809101105,0.07040724158287048,1.3493045568466187,0.0,382.0,1062,2,98,0,0,0,200,200,0
1514,6056,722,106,722,2,right+A,0.06375832110643387,0.2763710916042328,0.13901861011981964,0.4495154321193695,0.07133655250072479,1.3530043363571167,0.0,382.0,1063,2,98,0,0,0,200,200,0
1515,6060,722,89,722,1,right,0.0627545416355133,0.27401870489120483,0.13424378633499146,0.4591321647167206,0.06985079497098923,1.3413423299789429,-1.0,381.0,1064,2,97,0,0,0,200,200,0
1516,6064,722,79,722,1,right,0.062331147491931915,0.27266040444374084,0.12912458181381226,0.46796584129333496,0.06791801750659943,1.3296490907669067,0.0,381.0,1065,2,97,0,0,0,200,200,0
1517,6068,722,79,722,3,right+B,0.061317577958106995,0.270677775144577,0.1230824887752533,0.479963481426239,0.0649585872888565,1.3126658201217651,0.0,381.0,1066,2,97,0,0,0,200,200,0
1518,6072,722,93,722,4,right+A+B,0.06227022036910057,0.27326223254203796,0.12720802426338196,0.471164345741272,0.06609518826007843,1.323814868927002,0.0,381.0,1067,2,97,0,0,0,200,200,0
1519,6076,722,108,722,3,right+B,0.0642089918255806,0.27768993377685547,0.1352378875017166,0.45262742042541504,0.07023577392101288,1.3479869365692139,0.0,381.0,1068,2,97,0,0,0,200,200,0
1520,6080,722,112,722,1,right,0.06434355676174164,0.2766672968864441,0.13781140744686127,0.44976285099983215,0.07141488045454025,1.3530104160308838,-1.0,380.0,1069,2,96,0,0,0,200,200,0
1521,6084,722,106,722,4,right+A+B,0.06465322524309158,0.2764275074005127,0.14099343121051788,0.4458162188529968,0.0721096321940422,1.358480453491211,0.0,380.0,1070,2,96,0,0,0,200,200,0
1522,6088,722,89,722,3,right+B,0.06413594633340836,0.27459514141082764,0.13835227489471436,0.45227566361427307,0.07064108550548553,1.3507953882217407,0.0,380.0,1071,2,96,0,0,0,200,200,0
1523,6092,722,79,722,1,right,0.06369143724441528,0.27359798550605774,0.13187886774539948,0.4629971981048584,0.06783449649810791,1.3362109661102295,0.0,380.0,1072,2,96,0,0,0,200,200,0
1524,6096,722,79,722,3,right+B,0.06256628036499023,0.2720564007759094,0.12523049116134644,0.47515371441841125,0.06499310582876205,1.3189582824707031,0.0,380.0,1073,2,96,0,0,0,200,200,0
1525,6100,722,79,722,1,right,0.06334196031093597,0.27535557746887207,0.1281474381685257,0.466986745595932,0.06616836041212082,1.3284587860107422,-1.0,379.0,1074,2,95,0,0,0,200,200,0
1526,6104,722,79,722,3,right+B,0.06386830657720566,0.27644652128219604,0.12998135387897491,0.46229952573776245,0.06740423291921616,1.33482027053833,0.0,379.0,1075,2,95,0,0,0,200,200,0
1527,6108,722,79,722,3,right+B,0.06352373212575912,0.27484697103500366,0.128895103931427,0.46487540006637573,0.06785878539085388,1.332794189453125,0.0,379.0,1076,2,95,0,0,0,200,200,0
1528,6112,722,79,722,3,right+B,0.06361088901758194,0.2744617760181427,0.12822091579437256,0.4659155309200287,0.0677909106016159,1.3317663669586182,0.0,379.0,1077,2,95,0,0,0,200,200,0
1529,6116,722,79,722,1,right,0.06342075765132904,0.2748541533946991,0.1287519633769989,0.46471357345581055,0.06825952231884003,1.333178997039795,0.0,379.0,1078,2,95,0,0,0,200,200,0
1530,6120,722,79,722,3,right+B,0.0638483539223671,0.27640295028686523,0.13018843531608582,0.46072301268577576,0.06883719563484192,1.337762475013733,-1.0,378.0,1079,2,94,0,0,0,200,200,0
1531,6124,722,79,722,1,right,0.06395061314105988,0.27716830372810364,0.12949366867542267,0.46151748299598694,0.06786999851465225,1.3356285095214844,0.0,378.0,1080,2,94,0,0,0,200,200,0
1532,6128,722,79,722,3,right+B,0.0635765939950943,0.2759719789028168,0.12890014052391052,0.46416690945625305,0.06738436967134476,1.332579493522644,0.0,378.0,1081,2,94,0,0,0,200,200,0
1533,6132,722,79,722,1,right,0.06365752220153809,0.27776965498924255,0.12896764278411865,0.4622119963169098,0.06739313900470734,1.333768367767334,0.0,378.0,1082,2,94,0,0,0,200,200,0
1534,6136,722,93,722,2,right+A,0.06490396708250046,0.27884402871131897,0.133061021566391,0.45424526929855347,0.0689457505941391,1.3448359966278076,0.0,378.0,1083,2,94,0,0,0,200,200,0
1535,6140,722,108,722,3,right+B,0.06496769934892654,0.2792988717556,0.1350390464067459,0.45133572816848755,0.06935863196849823,1.3483633995056152,-1.0,377.0,1084,2,93,0,0,0,200,200,0
1536,6144,722,112,722,2,right+A,0.06339021772146225,0.2773694097995758,0.1308407187461853,0.46100783348083496,0.06739182025194168,1.3354072570800781,0.0,377.0,1085,2,93,0,0,0,200,200,0
1537,6148,722,106,722,3,right+B,0.06302686780691147,0.27705609798431396,0.1304580569267273,0.46201154589653015,0.06744740903377533,1.3341491222381592,0.0,377.0,1086,2,93,0,0,0,200,200,0
1538,6152,722,89,722,3,right+B,0.06193722411990166,0.27527573704719543,0.12714746594429016,0.46903687715530396,0.0666026696562767,1.3251402378082275,0.0,377.0,1087,2,93,0,0,0,200,200,0
1539,6156,722,79,722,3,right+B,0.061480168253183365,0.2733287811279297,0.12363385409116745,0.4761190414428711,0.06543810665607452,1.3161969184875488,0.0,377.0,1088,2,93,0,0,0,200,200,0
1540,6160,722,79,722,3,right+B,0.06104457750916481,0.27320733666419983,0.12268801778554916,0.47981151938438416,0.06324859708547592,1.3095606565475464,-1.0,376.0,1089,2,92,0,0,0,200,200,0
1541,6164,722,79,722,3,right+B,0.06092026084661484,0.27485835552215576,0.12208352237939835,0.4794367551803589,0.06270113587379456,1.3082914352416992,0.0,376.0,1090,2,92,0,0,0,200,200,0
1542,6168,722,79,722,1,right,0.06199004501104355,0.27680790424346924,0.12562420964241028,0.47033578157424927,0.06524203717708588,1.321390151977539,0.0,376.0,1091,2,92,0,0,0,200,200,0
1543,6172,722,79,722,3,right+B,0.06394708901643753,0.2802931070327759,0.13163606822490692,0.4550618827342987,0.06906183809041977,1.3421310186386108,0.0,376.0,1092,2,92,0,0,0,200,200,0
1544,6176,722,93,722,4,right+A+B,0.06230613589286804,0.2788609564304352,0.1259421706199646,0.4671492278575897,0.06574145704507828,1.324503779411316,0.0,376.0,1093,2,92,0,0,0,200,200,0
1545,6180,722,108,722,3,right+B,0.06215634569525719,0.27992814779281616,0.13123013079166412,0.4600028395652771,0.06668255478143692,1.333356261253357,-1.0,375.0,1094,2,91,0,0,0,200,200,0
1546,6184,722,112,722,4,right+A+B,0.06347436457872391,0.2790834903717041,0.13959680497646332,0.44821685552597046,0.06962842494249344,1.3512654304504395,0.0,375.0,1095,2,91,0,0,0,200,200,0
1547,6188,722,106,722,0,NOOP,0.06450051814317703,0.283320814371109,0.14872077107429504,0.4313478469848633,0.07211010158061981,1.3698461055755615,0.0,375.0,1096,2,91,0,0,0,200,200,0
1548,6192,722,89,722,2,right+A,0.06475750356912613,0.28250306844711304,0.14590412378311157,0.43483424186706543,0.07200110703706741,1.3667538166046143,0.0,375.0,1097,2,91,0,0,0,200,200,0
1549,6196,722,79,722,2,right+A,0.06279349327087402,0.2778897285461426,0.13691073656082153,0.45476195216178894,0.0676441341638565,1.3424324989318848,0.0,375.0,1098,2,91,0,0,0,200,200,0
1550,6200,722,79,722,3,right+B,0.06368131935596466,0.2790926396846771,0.13306409120559692,0.45779359340667725,0.06636843830347061,1.3376487493515015,-1.0,374.0,1099,2,90,0,0,0,200,200,0
1551,6204,722,79,722,3,right+B,0.06442827731370926,0.27966710925102234,0.13403066992759705,0.4540172517299652,0.06785663217306137,1.34343421459198,0.0,374.0,1100,2,90,0,0,0,200,200,0
1552,6208,722,79,722,0,NOOP,0.06447634100914001,0.27848702669143677,0.13691647350788116,0.4498172998428345,0.07030283659696579,1.3510302305221558,0.0,374.0,1101,2,90,0,0,0,200,200,0
1553,6212,722,79,722,1,right,0.06566555052995682,0.282602459192276,0.1402657926082611,0.44003579020500183,0.07143037021160126,1.361192226409912,0.0,374.0,1102,2,90,0,0,0,200,200,0
1554,6216,722,93,722,4,right+A+B,0.06464477628469467,0.2798631191253662,0.13488474488258362,0.4510039687156677,0.06960343569517136,1.348278522491455,0.0,374.0,1103,2,90,0,0,0,200,200,0
1555,6220,722,108,722,1,right,0.06436750292778015,0.28071075677871704,0.13652491569519043,0.4487226903438568,0.0696740373969078,1.35023832321167,-1.0,373.0,1104,2,89,0,0,0,200,200,0
1556,6224,722,112,722,3,right+B,0.06619270145893097,0.28227680921554565,0.15239785611629486,0.42297929525375366,0.07615342736244202,1.3835086822509766,0.0,373.0,1105,2,89,0,0,0,200,200,0
1557,6228,722,106,722,3,right+B,0.06791618466377258,0.28330373764038086,0.1671420931816101,0.4004489481449127,0.08118901401758194,1.4093164205551147,0.0,373.0,1106,2,89,0,0,0,200,200,0
1558,6232,722,89,722,1,right,0.06570729613304138,0.27890926599502563,0.1606605350971222,0.4169170558452606,0.0778057873249054,1.392210841178894,0.0,373.0,1107,2,89,0,0,0,200,200,0
1559,6236,722,79,722,3,right+B,0.06356107443571091,0.27605342864990234,0.14416472613811493,0.4453800618648529,0.07084070891141891,1.3574756383895874,0.0,373.0,1108,2,89,0,0,0,200,200,0
1560,6240,722,79,722,1,right,0.06380568444728851,0.27634429931640625,0.14028063416481018,0.4494438171386719,0.07012558728456497,1.352319598197937,-1.0,372.0,1109,2,88,0,0,0,200,200,0
1561,6244,722,79,722,3,right+B,0.06351560354232788,0.27763280272483826,0.13591553270816803,0.45358237624168396,0.0693536251783371,1.345767855644226,0.0,372.0,1110,2,88,0,0,0,200,200,0
1562,6248,722,79,722,3,right+B,0.06506305187940598,0.2791156470775604,0.14234711229801178,0.4412693977355957,0.07220481336116791,1.3622441291809082,0.0,372.0,1111,2,88,0,0,0,200,200,0
1563,6252,722,79,722,3,right+B,0.06626444309949875,0.281183660030365,0.14704778790473938,0.4306468963623047,0.0748571828007698,1.375338077545166,0.0,372.0,1112,2,88,0,0,0,200,200,0
1564,6256,722,79,722,1,right,0.06626357138156891,0.28374555706977844,0.1500939279794693,0.4250781238079071,0.07481887936592102,1.3795558214187622,0.0,372.0,1113,2,88,0,0,0,200,200,0
1565,6260,722,93,722,4,right+A+B,0.06471055001020432,0.28175199031829834,0.14165304601192474,0.4410741627216339,0.0708102360367775,1.359438419342041,-1.0,371.0,1114,2,87,0,0,0,200,200,0
1566,6264,722,108,722,1,right,0.06469527631998062,0.27853158116340637,0.13978692889213562,0.4454071819782257,0.07157909125089645,1.357196569442749,0.0,371.0,1115,2,87,0,0,0,200,200,0
1567,6268,722,112,722,3,right+B,0.06474167853593826,0.2790162265300751,0.14058266580104828,0.4442542493343353,0.07140512764453888,1.358113169670105,0.0,371.0,1116,2,87,0,0,0,200,200,0
1568,6272,722,106,722,4,right+A+B,0.0658927634358406,0.2814851701259613,0.14956526458263397,0.4280775785446167,0.07497923821210861,1.3776593208312988,0.0,371.0,1117,2,87,0,0,0,200,200,0
1569,6276,722,89,722,3,right+B,0.06457272917032242,0.2796113193035126,0.147446408867836,0.4355660676956177,0.07280345261096954,1.3682533502578735,0.0,371.0,1118,2,87,0,0,0,200,200,0
1570,6280,722,79,722,3,right+B,0.0639370009303093,0.27946269512176514,0.14151409268379211,0.44485148787498474,0.07023470848798752,1.355684757232666,-1.0,370.0,1119,2,86,0,0,0,200,200,0
1571,6284,722,79,722,1,right,0.06231774017214775,0.275300532579422,0.12886539101600647,0.468662291765213,0.06485402584075928,1.3247170448303223,0.0,370.0,1120,2,86,0,0,0,200,200,0
1572,6288,722,93,722,4,right+A+B,0.06333082914352417,0.27978357672691345,0.1339559108018875,0.4567621648311615,0.06616751849651337,1.3380069732666016,0.0,370.0,1121,2,86,0,0,0,200,200,0
1573,6292,722,108,722,1,right,0.06515908986330032,0.28746458888053894,0.13828912377357483,0.4386863112449646,0.07040085643529892,1.3581831455230713,0.0,370.0,1122,2,86,0,0,0,200,200,0
1574,6296,722,112,722,1,right,0.06377416849136353,0.2834067642688751,0.13406725227832794,0.44967007637023926,0.06908182054758072,1.3462821245193481,0.0,370.0,1123,2,86,0,0,0,200,200,0
1575,6300,722,106,722,1,right,0.06366413831710815,0.2809939980506897,0.13640230894088745,0.4489609897136688,0.06997853517532349,1.3494219779968262,-1.0,369.0,1124,2,85,0,0,0,200,200,0
1576,6304,722,89,722,4,right+A+B,0.06145276874303818,0.2745383381843567,0.1311347931623459,0.46547582745552063,0.06739820539951324,1.330440878868103,0.0,369.0,1125,2,85,0,0,0,200,200,0
1577,6308,722,79,722,4,right+A+B,0.06100372597575188,0.2735075056552887,0.12724176049232483,0.47244688868522644,0.06580018997192383,1.3208346366882324,0.0,369.0,1126,2,85,0,0,0,200,200,0
1578,6312,722,79,722,3,right+B,0.06009898707270622,0.27296990156173706,0.11917559057474136,0.48497238755226135,0.06278319656848907,1.301656723022461,0.0,369.0,1127,2,85,0,0,0,200,200,0
1579,6316,722,93,722,4,right+A+B,0.05911531671881676,0.2722146511077881,0.11726097762584686,0.49054086208343506,0.06086812913417816,1.292480230331421,0.0,369.0,1128,2,85,0,0,0,200,200,0
1580,6320,722,108,722,3,right+B,0.06222034990787506,0.27864912152290344,0.12850728631019592,0.46441131830215454,0.06621184200048447,1.3284708261489868,-1.0,368.0,1129,2,84,0,0,0,200,200,0
1581,6324,722,112,722,1,right,0.06382293999195099,0.2791009843349457,0.13482843339443207,0.453132688999176,0.06911499053239822,1.3453247547149658,0.0,368.0,1130,2,84,0,0,0,200,200,0
1582,6328,722,106,722,1,right,0.06464897841215134,0.2786819040775299,0.1396658569574356,0.44651949405670166,0.07048376649618149,1.355025053024292,0.0,368.0,1131,2,84,0,0,0,200,200,0
1583,6332,722,89,722,3,right+B,0.0635719895362854,0.2751702666282654,0.1324193924665451,0.4608857333660126,0.06795262545347214,1.3376963138580322,0.0,368.0,1132,2,84,0,0,0,200,200,0
1584,6336,722,79,722,3,right+B,0.06314721703529358,0.27394428849220276,0.12594489753246307,0.4712287485599518,0.06573481112718582,1.323585033416748,0.0,368.0,1133,2,84,0,0,0,200,200,0
1585,6340,722,79,722,3,right+B,0.0615713857114315,0.2728123366832733,0.12066973745822906,0.48119857907295227,0.0637478455901146,1.3086603879928589,-1.0,367.0,1134,2,83,0,0,0,200,200,0
1586,6344,722,93,722,2,right+A,0.0623023584485054,0.2754662334918976,0.12438887357711792,0.4727734327316284,0.06506910920143127,1.3193228244781494,0.0,367.0,1135,2,83,0,0,0,200,200,0
1587,6348,722,109,722,2,right+A,0.0641380026936531,0.2794991433620453,0.1307237446308136,0.45737940073013306,0.06825971603393555,1.3394620418548584,0.0,367.0,1136,2,83,0,0,0,200,200,0
1588,6352,722,122,722,2,right+A,0.06373784691095352,0.27825865149497986,0.13025984168052673,0.45929238200187683,0.06845119595527649,1.337839126586914,0.0,367.0,1137,2,83,0,0,0,200,200,0
1589,6356,722,130,722,3,right+B,0.06398963928222656,0.2791180908679962,0.13300403952598572,0.453828901052475,0.07005926221609116,1.34520423412323,0.0,367.0,1138,2,83,0,0,0,200,200,0
1590,6360,722,129,722,2,right+A,0.0633431077003479,0.27617019414901733,0.13383641839027405,0.4568026065826416,0.06984760612249374,1.3430994749069214,-1.0,366.0,1139,2,82,0,0,0,200,200,0
1591,6364,722,117,722,3,right+B,0.06412550806999207,0.2756410539150238,0.13795971870422363,0.45174190402030945,0.07053180783987045,1.3506262302398682,0.0,366.0,1140,2,82,0,0,0,200,200,0
1592,6368,722,97,722,3,right+B,0.06521409004926682,0.27602800726890564,0.1389876902103424,0.4471029043197632,0.07266733050346375,1.3580583333969116,0.0,366.0,1141,2,82,0,0,0,200,200,0
1593,6372,722,79,722,0,NOOP,0.06381937861442566,0.2759414613246918,0.13563983142375946,0.45480895042419434,0.06979037076234818,1.3460131883621216,0.0,366.0,1142,2,82,0,0,0,200,200,0
1594,6376,722,79,722,3,right+B,0.06408224254846573,0.27679547667503357,0.1379321664571762,0.4511503279209137,0.07003971189260483,1.350160837173462,0.0,366.0,1143,2,82,0,0,0,200,200,0
1595,6380,722,79,722,1,right,0.06280724704265594,0.2721768319606781,0.1278911828994751,0.4707678258419037,0.06635697931051254,1.3257120847702026,-1.0,365.0,1144,2,81,0,0,0,200,200,0
1596,6384,722,79,722,3,right+B,0.06404826790094376,0.27652981877326965,0.13270287215709686,0.4581134021282196,0.06860558688640594,1.3409277200698853,0.0,365.0,1145,2,81,0,0,0,200,200,0
1597,6388,722,79,722,1,right,0.06392277032136917,0.2777360677719116,0.1304623931646347,0.4600885510444641,0.0677902027964592,1.3369345664978027,0.0,365.0,1146,2,81,0,0,0,200,200,0
1598,6392,722,79,722,3,right+B,0.06420554965734482,0.27689114212989807,0.13276946544647217,0.4574853479862213,0.06864845007658005,1.3415824174880981,0.0,365.0,1147,2,81,0,0,0,200,200,0
1599,6396,722,93,722,2,right+A,0.06345417350530624,0.27484142780303955,0.13129103183746338,0.4625072479248047,0.06790608912706375,1.3357889652252197,0.0,365.0,1148,2,81,0,0,0,200,200,0
1600,6400,722,108,722,3,right+B,0.06426528096199036,0.2770770490169525,0.1353425681591034,0.45339298248291016,0.06992215663194656,1.3473373651504517,-1.0,364.0,1149,2,80,0,0,0,200,200,0
1601,6404,722,112,722,4,right+A+B,0.06329850107431412,0.2754442095756531,0.13519297540187836,0.45623624324798584,0.069828100502491,1.344266414642334,0.0,364.0,1150,2,80,0,0,0,200,200,0
1602,6408,722,106,722,3,right+B,0.06412796676158905,0.2758246064186096,0.1399584263563156,0.44829240441322327,0.07179656624794006,1.3554021120071411,0.0,364.0,1151,2,80,0,0,0,200,200,0
1603,6412,722,89,722,3,right+B,0.06309477984905243,0.27429816126823425,0.1350228637456894,0.4576103389263153,0.06997384130954742,1.3433475494384766,0.0,364.0,1152,2,80,0,0,0,200,200,0
1604,6416,722,79,722,2,right+A,0.06248003616929054,0.2726214528083801,0.13028614223003387,0.46650972962379456,0.06810270249843597,1.3317725658416748,0.0,364.0,1153,2,80,0,0,0,200,200,0
1605,6420,722,79,722,4,right+A+B,0.061891090124845505,0.2716108560562134,0.1263694167137146,0.474707692861557,0.065420962870121,1.319700002670288,-1.0,363.0,1154,2,79,0,0,0,200,200,0
1606,6424,722,79,722,1,right,0.06309311836957932,0.27451223134994507,0.1316411942243576,0.4640883207321167,0.06666518747806549,1.3329448699951172,0.0,363.0,1155,2,79,0,0,0,200,200,0
1607,6428,722,79,722,1,right,0.06355579942464828,0.27622631192207336,0.1339913308620453,0.4583014249801636,0.06792519986629486,1.340098261833191,0.0,363.0,1156,2,79,0,0,0,200,200,0
1608,6432,722,79,722,3,right+B,0.06352024525403976,0.2760370671749115,0.1348550021648407,0.45736023783683777,0.06822742521762848,1.341567039489746,0.0,363.0,1157,2,79,0,0,0,200,200,0
1609,6436,722,79,722,3,right+B,0.06366907060146332,0.2761862277984619,0.13314922153949738,0.4591202437877655,0.06787517666816711,1.3391673564910889,0.0,363.0,1158,2,79,0,0,0,200,200,0
1610,6440,722,79,722,3,right+B,0.06333671510219574,0.27633050084114075,0.13166789710521698,0.4608306884765625,0.06783424317836761,1.3366596698760986,-1.0,362.0,1159,2,78,0,0,0,200,200,0
1611,6444,722,79,722,3,right+B,0.06371770799160004,0.27604591846466064,0.13338583707809448,0.4580422043800354,0.06880827993154526,1.3412606716156006,0.0,362.0,1160,2,78,0,0,0,200,200,0
1612,6448,722,79,722,1,right,0.06311647593975067,0.2748313844203949,0.13076460361480713,0.46371006965637207,0.0675775557756424,1.333815574645996,0.0,362.0,1161,2,78,0,0,0,200,200,0
1613,6452,722,79,722,1,right,0.06314703077077866,0.27477794885635376,0.13017922639846802,0.4646513760089874,0.06724436581134796,1.3324626684188843,0.0,362.0,1162,2,78,0,0,0,200,200,0
1614,6456,722,79,722,3,right+B,0.06312375515699387,0.2754339873790741,0.13028839230537415,0.46346187591552734,0.06769195944070816,1.3337609767913818,0.0,362.0,1163,2,78,0,0,0,200,200,0
1615,6460,722,79,722,0,NOOP,0.0637248307466507,0.2757416367530823,0.13385222852230072,0.45782536268234253,0.06885594874620438,1.3417853116989136,-1.0,361.0,1164,2,77,0,0,0,200,200,0
1616,6464,722,79,722,1,right,0.06373900175094604,0.27522212266921997,0.134017676115036,0.45850107073783875,0.06852014362812042,1.3411154747009277,0.0,361.0,1165,2,77,0,0,0,200,200,0
1617,6468,722,79,722,3,right+B,0.06377198547124863,0.27576252818107605,0.13555936515331268,0.4562281668186188,0.06867792457342148,1.3436371088027954,0.0,361.0,1166,2,77,0,0,0,200,200,0
1618,6472,722,79,722,3,right+B,0.06443426012992859,0.27681300044059753,0.13746760785579681,0.4521784782409668,0.06910666078329086,1.3485586643218994,0.0,361.0,1167,2,77,0,0,0,200,200,0
1619,6476,722,79,722,3,right+B,0.06444702297449112,0.27676448225975037,0.13631194829940796,0.45381298661231995,0.068663589656353,1.3463420867919922,0.0,361.0,1168,2,77,0,0,0,200,200,0
1620,6480,722,79,722,3,right+B,0.06439786404371262,0.2765931189060211,0.1365332156419754,0.4535037577152252,0.06897194683551788,1.3470088243484497,-1.0,360.0,1169,2,76,0,0,0,200,200,0
1621,6484,722,79,722,3,right+B,0.0639459416270256,0.2756955623626709,0.1338319182395935,0.45829230546951294,0.06823427230119705,1.3409919738769531,0.0,360.0,1170,2,76,0,0,0,200,200,0
1622,6488,722,79,722,1,right,0.06400186568498611,0.27668654918670654,0.1310131847858429,0.4606578052043915,0.06764064729213715,1.3369650840759277,0.0,360.0,1171,2,76,0,0,0,200,200,0
1623,6492,722,79,722,0,NOOP,0.06467398256063461,0.2766425609588623,0.13169224560260773,0.45848408341407776,0.06850708276033401,1.3407694101333618,0.0,360.0,1172,2,76,0,0,0,200,200,0
1624,6496,722,93,722,2,right+A,0.06440563499927521,0.2770116925239563,0.13096579909324646,0.45951735973358154,0.06809952855110168,1.338744044303894,0.0,360.0,1173,2,76,0,0,0,200,200,0
1625,6500,722,108,722,1,right,0.06506377458572388,0.2773211598396301,0.1329580694437027,0.4558590054512024,0.06879789382219315,1.3439911603927612,-1.0,359.0,1174,2,75,0,0,0,200,200,0
1626,6504,722,112,722,3,right+B,0.06441809982061386,0.2753489315509796,0.13221891224384308,0.4591018557548523,0.06891218572854996,1.3410354852676392,0.0,359.0,1175,2,75,0,0,0,200,200,0
1627,6508,722,106,722,2,right+A,0.06488962471485138,0.275250107049942,0.13697053492069244,0.4514662027359009,0.07142351567745209,1.3523931503295898,0.0,359.0,1176,2,75,0,0,0,200,200,0
1628,6512,722,89,722,3,right+B,0.0641603097319603,0.27349793910980225,0.13534973561763763,0.45629119873046875,0.07070082426071167,1.346797227859497,0.0,359.0,1177,2,75,0,0,0,200,200,0
1629,6516,722,79,722,2,right+A,0.06375420093536377,0.27348679304122925,0.13244356215000153,0.46193569898605347,0.06837984174489975,1.3380290269851685,0.0,359.0,1178,2,75,0,0,0,200,200,0
1630,6520,722,79,722,3,right+B,0.06334922462701797,0.2737390995025635,0.12764380872249603,0.4700097441673279,0.06525807827711105,1.3251675367355347,-1.0,358.0,1179,2,74,0,0,0,200,200,0
1631,6524,722,79,722,3,right+B,0.06374526023864746,0.27611738443374634,0.128720223903656,0.4662413001060486,0.065175861120224,1.328456163406372,0.0,358.0,1180,2,74,0,0,0,200,200,0
1632,6528,722,79,722,3,right+B,0.06394563615322113,0.2780350148677826,0.13009876012802124,0.461056113243103,0.06686444580554962,1.334891438484192,0.0,358.0,1181,2,74,0,0,0,200,200,0
1633,6532,722,79,722,3,right+B,0.064244344830513,0.2791042923927307,0.1284235417842865,0.46114790439605713,0.06707988679409027,1.3343048095703125,0.0,358.0,1182,2,74,0,0,0,200,200,0
1634,6536,722,79,722,3,right+B,0.06448620557785034,0.278715044260025,0.1290913075208664,0.46052539348602295,0.06718207895755768,1.3356337547302246,0.0,358.0,1183,2,74,0,0,0,200,200,0
1635,6540,722,79,722,0,NOOP,0.06313567608594894,0.27667713165283203,0.12626303732395172,0.4678976833820343,0.06602643430233002,1.326012134552002,-1.0,357.0,1184,2,73,0,0,0,200,200,0
1636,6544,722,79,722,3,right+B,0.06282024085521698,0.2766090929508209,0.12377772480249405,0.47203555703163147,0.0647573471069336,1.3195478916168213,0.0,357.0,1185,2,73,0,0,0,200,200,0
1637,6548,722,79,722,1,right,0.06271835416555405,0.2757073640823364,0.12290406227111816,0.47440415620803833,0.06426609307527542,1.3167028427124023,0.0,357.0,1186,2,73,0,0,0,200,200,0
1638,6552,722,93,722,2,right+A,0.06245023012161255,0.27670490741729736,0.12372174113988876,0.47250649333000183,0.06461656093597412,1.3184969425201416,0.0,357.0,1187,2,73,0,0,0,200,200,0
1639,6556,722,108,722,1,right,0.06398464739322662,0.2801356315612793,0.13327428698539734,0.45501023530960083,0.0675952285528183,1.34136962890625,0.0,357.0,1188,2,73,0,0,0,200,200,0
1640,6560,722,112,722,3,right+B,0.06315542757511139,0.2791458070278168,0.13304302096366882,0.45764753222465515,0.06700827926397324,1.3378421068191528,-1.0,356.0,1189,2,72,0,0,0,200,200,0
1641,6564,722,106,722,1,right,0.06256810575723648,0.27734488248825073,0.13345950841903687,0.4593096375465393,0.06731786578893661,1.3368850946426392,0.0,356.0,1190,2,72,0,0,0,200,200,0
1642,6568,722,89,722,3,right+B,0.06469216197729111,0.27902951836586,0.14092402160167694,0.44436007738113403,0.07099419087171555,1.3576641082763672,0.0,356.0,1191,2,72,0,0,0,200,200,0
1643,6572,722,79,722,1,right,0.06274578720331192,0.27711763978004456,0.12975089251995087,0.4643913209438324,0.06599431484937668,1.3299057483673096,0.0,356.0,1192,2,72,0,0,0,200,200,0
1644,6576,722,93,722,2,right+A,0.06042791157960892,0.2745187282562256,0.12178193777799606,0.4808100461959839,0.06246136128902435,1.3061814308166504,0.0,356.0,1193,2,72,0,0,0,200,200,0
1645,6580,722,108,722,0,NOOP,0.06249207258224487,0.27922335267066956,0.1339319944381714,0.45774611830711365,0.06660651415586472,1.3368854522705078,-1.0,355.0,1194,2,71,0,0,0,200,200,0
1646,6584,722,112,722,3,right+B,0.06445129215717316,0.2833722233772278,0.14188401401042938,0.43973129987716675,0.07056110352277756,1.3594659566879272,0.0,355.0,1195,2,71,0,0,0,200,200,0
1647,6588,722,106,722,2,right+A,0.06602297723293304,0.28501826524734497,0.15010811388492584,0.4247150123119354,0.07413560897111893,1.378443956375122,0.0,355.0,1196,2,71,0,0,0,200,200,0
1648,6592,722,89,722,1,right,0.06372383236885071,0.2792011797428131,0.14166274666786194,0.4460429847240448,0.06936930865049362,1.3537150621414185,0.0,355.0,1197,2,71,0,0,0,200,200,0
1649,6596,722,79,722,3,right+B,0.06350069493055344,0.2778170704841614,0.13481812179088593,0.4571838676929474,0.06668024510145187,1.3394149541854858,0.0,355.0,1198,2,71,0,0,0,200,200,0
1650,6600,722,79,722,3,right+B,0.06328315287828445,0.27670833468437195,0.12836004793643951,0.4661751985549927,0.06547330319881439,1.3279645442962646,-1.0,354.0,1199,2,70,0,0,0,200,200,0
1651,6604,722,79,722,3,right+B,0.06457596272230148,0.2780621647834778,0.1336776167154312,0.4555588960647583,0.06812534481287003,1.3430163860321045,0.0,354.0,1200,2,70,0,0,0,200,200,0
1652,6608,722,79,722,0,NOOP,0.06623036414384842,0.28217095136642456,0.14285603165626526,0.43734756112098694,0.071395143866539,1.3649383783340454,0.0,354.0,1201,2,70,0,0,0,200,200,0
1653,6612,722,79,722,3,right+B,0.06723710149526596,0.2844271659851074,0.14717724919319153,0.42815905809402466,0.07299938797950745,1.3753736019134521,0.0,354.0,1202,2,70,0,0,0,200,200,0
1654,6616,722,79,722,1,right,0.06561825424432755,0.28066104650497437,0.1418188512325287,0.4422001242637634,0.06970170140266418,1.3588335514068604,0.0,354.0,1203,2,70,0,0,0,200,200,0
1655,6620,722,79,722,1,right,0.06520771980285645,0.2822110056877136,0.1453072875738144,0.4372369647026062,0.07003702223300934,1.3632646799087524,-1.0,353.0,1204,2,69,0,0,0,200,200,0
1656,6624,722,93,722,4,right+A+B,0.06786080449819565,0.2839844226837158,0.15998868644237518,0.410722553730011,0.07744353264570236,1.3968517780303955,0.0,353.0,1205,2,69,0,0,0,200,200,0
1657,6628,722,108,722,1,right,0.06679706275463104,0.2842858135700226,0.1590755432844162,0.4129464030265808,0.07689516991376877,1.3932528495788574,0.0,353.0,1206,2,69,0,0,0,200,200,0
1658,6632,722,112,722,1,right,0.06561297923326492,0.280124694108963,0.1532527655363083,0.4267020523548126,0.07430753111839294,1.3792188167572021,0.0,353.0,1207,2,69,0,0,0,200,200,0
1659,6636,722,106,722,3,right+B,0.06586609780788422,0.27953940629959106,0.15543891489505768,0.42288994789123535,0.07626565545797348,1.3850481510162354,0.0,353.0,1208,2,69,0,0,0,200,200,0
1660,6640,722,89,722,2,right+A,0.06415605545043945,0.2778041958808899,0.14196711778640747,0.4435396194458008,0.07253306359052658,1.360054850578308,-1.0,352.0,1209,2,68,0,0,0,200,200,0
1661,6644,722,79,722,3,right+B,0.06295586377382278,0.2750583291053772,0.13323184847831726,0.45932844281196594,0.06942553073167801,1.3402268886566162,0.0,352.0,1210,2,68,0,0,0,200,200,0
1662,6648,722,79,722,1,right,0.06435083597898483,0.2776726186275482,0.13570287823677063,0.4523566663265228,0.06991700083017349,1.3482215404510498,0.0,352.0,1211,2,68,0,0,0,200,200,0
1663,6652,722,93,722,2,right+A,0.06579183787107468,0.2825309634208679,0.14428681135177612,0.4349357783794403,0.07245465368032455,1.3677663803100586,0.0,352.0,1212,2,68,0,0,0,200,200,0
1664,6656,722,108,722,3,right+B,0.06670772284269333,0.28528720140457153,0.1518847495317459,0.42137157917022705,0.07474877685308456,1.3827142715454102,0.0,352.0,1213,2,68,0,0,0,200,200,0
1665,6660,722,112,722,1,right,0.06526695936918259,0.27882418036460876,0.14602947235107422,0.43713611364364624,0.07274329662322998,1.3675729036331177,-1.0,351.0,1214,2,67,0,0,0,200,200,0
1666,6664,722,106,722,0,NOOP,0.06476162374019623,0.27817586064338684,0.14495939016342163,0.44011566042900085,0.07198748737573624,1.3637709617614746,0.0,351.0,1215,2,67,0,0,0,200,200,0
1667,6668,722,89,722,3,right+B,0.06567616760730743,0.28048449754714966,0.14525558054447174,0.43635350465774536,0.0722302496433258,1.3673182725906372,0.0,351.0,1216,2,67,0,0,0,200,200,0
1668,6672,722,79,722,1,right,0.0630500316619873,0.27913543581962585,0.13743245601654053,0.45202770829200745,0.06835441291332245,1.345517635345459,0.0,351.0,1217,2,67,0,0,0,200,200,0
1669,6676,722,79,722,3,right+B,0.06346186995506287,0.2792084217071533,0.1374126672744751,0.4516620934009552,0.06825503706932068,1.3461511135101318,0.0,351.0,1218,2,67,0,0,0,200,200,0
1670,6680,722,79,722,0,NOOP,0.06354809552431107,0.27927467226982117,0.13514286279678345,0.45452937483787537,0.06750494241714478,1.3422017097473145,-1.0,350.0,1219,2,66,0,0,0,200,200,0
1671,6684,722,79,722,0,NOOP,0.06356772780418396,0.27830779552459717,0.13425450026988983,0.45602720975875854,0.06784273684024811,1.3413281440734863,0.0,350.0,1220,2,66,0,0,0,200,200,0
1672,6688,722,79,722,3,right+B,0.06407862156629562,0.2830740809440613,0.13089214265346527,0.45364224910736084,0.06831293553113937,1.341380000114441,0.0,350.0,1221,2,66,0,0,0,200,200,0
1673,6692,722,79,722,3,right+B,0.06446480751037598,0.28340551257133484,0.13244344294071198,0.4511708915233612,0.06851527839899063,1.344585657119751,0.0,350.0,1222,2,66,0,0,0,200,200,0
1674,6696,722,79,722,3,right+B,0.062318701297044754,0.27893152832984924,0.12429503351449966,0.46962857246398926,0.06482614576816559,1.3205878734588623,0.0,350.0,1223,2,66,0,0,0,200,200,0
1675,6700,722,79,722,1,right,0.0630699023604393,0.2796615660190582,0.13210529088974,0.45747193694114685,0.0676913633942604,1.3380743265151978,-1.0,349.0,1224,2,65,0,0,0,200,200,0
1676,6704,722,93,722,2,right+A,0.062368880957365036,0.2765488624572754,0.13243943452835083,0.4616391360759735,0.06700371205806732,1.3342102766036987,0.0,349.0,1225,2,65,0,0,0,200,200,0
1677,6708,722,109,722,2,right+A,0.0638311579823494,0.2803593575954437,0.13519388437271118,0.4523524343967438,0.0682632327079773,1.344782829284668,0.0,349.0,1226,2,65,0,0,0,200,200,0
1678,6712,722,121,722,3,right+B,0.06139013543725014,0.2773633599281311,0.12899018824100494,0.46680566668510437,0.06545068323612213,1.3252629041671753,0.0,349.0,1227,2,65,0,0,0,200,200,0
1679,6716,722,122,722,0,NOOP,0.06321336328983307,0.2798669636249542,0.13572199642658234,0.4524017572402954,0.06879588961601257,1.3449759483337402,0.0,349.0,1228,2,65,0,0,0,200,200,0
1680,6720,722,113,722,3,right+B,0.06288763135671616,0.2787981927394867,0.13313345611095428,0.45604586601257324,0.06913476437330246,1.341300129890442,-1.0,348.0,1229,2,64,0,0,0,200,200,0
1681,6724,722,94,722,3,right+B,0.06316246837377548,0.2777431905269623,0.13075286149978638,0.4612966775894165,0.06704485416412354,1.334365725517273,0.0,348.0,1230,2,64,0,0,0,200,200,0
1682,6728,722,79,722,1,right,0.0621887668967247,0.2730312943458557,0.12322664260864258,0.47565674781799316,0.06589657068252563,1.3178362846374512,0.0,348.0,1231,2,64,0,0,0,200,200,0
1683,6732,722,93,722,2,right+A,0.061942946165800095,0.2724873423576355,0.12076547741889954,0.480497270822525,0.06430701911449432,1.3104984760284424,0.0,348.0,1232,2,64,0,0,0,200,200,0
1684,6736,722,108,722,3,right+B,0.06331553310155869,0.2762461304664612,0.12563344836235046,0.46825894713401794,0.06654588133096695,1.326333999633789,0.0,348.0,1233,2,64,0,0,0,200,200,0
1685,6740,722,112,722,4,right+A+B,0.06290313601493835,0.2759360074996948,0.1290537565946579,0.46395424008369446,0.06815284490585327,1.3328937292099,-1.0,347.0,1234,2,63,0,0,0,200,200,0
1686,6744,722,106,722,3,right+B,0.06454877555370331,0.2783411741256714,0.13611991703510284,0.45035821199417114,0.07063201069831848,1.3507609367370605,0.0,347.0,1235,2,63,0,0,0,200,200,0
1687,6748,722,89,722,3,right+B,0.06382270902395248,0.2769913673400879,0.13283096253871918,0.4569479823112488,0.06940697133541107,1.3423901796340942,0.0,347.0,1236,2,63,0,0,0,200,200,0
1688,6752,722,79,722,3,right+B,0.06253975629806519,0.2735152840614319,0.12718792259693146,0.4701341688632965,0.06662284582853317,1.3255043029785156,0.0,347.0,1237,2,63,0,0,0,200,200,0
1689,6756,722,79,722,3,right+B,0.06288164108991623,0.2729240357875824,0.12553194165229797,0.4732581675052643,0.06540422886610031,1.321293592453003,0.0,347.0,1238,2,63,0,0,0,200,200,0
1690,6760,722,79,722,3,right+B,0.06420520693063736,0.27528631687164307,0.13127794861793518,0.46202388405799866,0.06720662862062454,1.3361451625823975,-1.0,346.0,1239,2,62,0,0,0,200,200,0
1691,6764,722,79,722,1,right,0.06435175985097885,0.27626127004623413,0.13399499654769897,0.4573573172092438,0.06803464889526367,1.3418959379196167,0.0,346.0,1240,2,62,0,0,0,200,200,0
1692,6768,722,93,722,4,right+A+B,0.06411067396402359,0.275939017534256,0.13234879076480865,0.4596404731273651,0.06796112656593323,1.3390830755233765,0.0,346.0,1241,2,62,0,0,0,200,200,0
1693,6772,722,109,722,4,right+A+B,0.06491861492395401,0.27787524461746216,0.1350942999124527,0.4521711766719818,0.06994063407182693,1.3487348556518555,0.0,346.0,1242,2,62,0,0,0,200,200,0
1694,6776,722,122,722,4,right+A+B,0.06393928825855255,0.27649644017219543,0.13451188802719116,0.4545694887638092,0.07048295438289642,1.3464510440826416,0.0,346.0,1243,2,62,0,0,0,200,200,0
1695,6780,722,132,722,4,right+A+B,0.06461585313081741,0.2784222960472107,0.13747064769268036,0.44748616218566895,0.07200497388839722,1.3550609350204468,-1.0,345.0,1244,2,61,0,0,0,200,200,0
1696,6784,722,139,722,4,right+A+B,0.06349752098321915,0.2763006091117859,0.1354084014892578,0.4548014998435974,0.06999197602272034,1.3456571102142334,0.0,345.0,1245,2,61,0,0,0,200,200,0
1697,6788,724,143,724,3,right+B,0.06387798488140106,0.27465492486953735,0.13479427993297577,0.45639878511428833,0.07027408480644226,1.3453590869903564,2.0,347.0,0,2,61,0,0,0,200,200,0
1698,6792,727,143,727,3,right+B,0.06312672048807144,0.2723121643066406,0.131718248128891,0.4636082947254181,0.06923455744981766,1.3368815183639526,3.0,350.0,0,2,61,0,0,0,200,200,0
1699,6796,732,143,732,3,right+B,0.06292528659105301,0.27406948804855347,0.13203215599060059,0.46139928698539734,0.06957386434078217,1.3384428024291992,5.0,355.0,0,2,61,0,0,0,200,200,0
1700,6800,738,143,738,3,right+B,0.06454566866159439,0.2762553095817566,0.13911600410938263,0.44944968819618225,0.07063338905572891,1.3532971143722534,5.0,360.0,0,2,60,0,0,0,200,200,0
1701,6804,747,161,747,4,right+A+B,0.06136675551533699,0.27850618958473206,0.14155319333076477,0.4484550356864929,0.07011882960796356,1.350016474723816,9.0,369.0,0,2,60,0,0,0,200,200,0
1702,6808,757,179,757,3,right+B,0.0610201321542263,0.2700071334838867,0.12736788392066956,0.4747578203678131,0.0668470561504364,1.3211476802825928,10.0,379.0,0,2,60,0,0,0,200,200,0
1703,6812,768,185,768,1,right,0.05678208917379379,0.26348093152046204,0.1791449934244156,0.4255605936050415,0.07503139972686768,1.3802528381347656,11.0,390.0,0,2,60,0,0,0,200,200,0
1704,6816,780,178,780,1,right,0.0624312125146389,0.2759290635585785,0.20127065479755402,0.37824997305870056,0.08211908489465714,1.4241105318069458,12.0,402.0,0,2,60,0,0,0,200,200,0
1705,6820,792,158,792,3,right+B,0.061215028166770935,0.28635790944099426,0.23577338457107544,0.3217136263847351,0.09494008123874664,1.4581459760665894,11.0,413.0,0,2,59,0,0,0,200,200,0
1706,6824,804,136,804,3,right+B,0.059957098215818405,0.2763657569885254,0.2865474224090576,0.27591484785079956,0.10121480375528336,1.4694020748138428,12.0,425.0,0,2,59,0,0,0,200,200,0
1707,6828,816,116,816,4,right+A+B,0.06568177789449692,0.26365888118743896,0.27043530344963074,0.30633318424224854,0.09389090538024902,1.4685125350952148,12.0,437.0,0,2,59,0,0,0,200,200,0
1708,6832,828,96,828,2,right+A,0.059123799204826355,0.2603382468223572,0.21474169194698334,0.39074185490608215,0.07505439221858978,1.4094468355178833,12.0,449.0,0,2,59,0,0,0,200,200,0
1709,6836,840,79,840,3,right+B,0.06043202802538872,0.2571532130241394,0.19318051636219025,0.41980594396591187,0.06942825019359589,1.3860090970993042,12.0,461.0,0,2,59,0,0,0,200,200,0
1710,6840,852,79,852,3,right+B,0.05329207703471184,0.2534579336643219,0.20553888380527496,0.41995081305503845,0.06776028871536255,1.3760759830474854,11.0,472.0,0,2,58,0,0,0,200,200,0
1711,6842,858,85,858,2,right+A,0.07147787511348724,0.22817717492580414,0.3562919795513153,0.21965990960597992,0.1243930459022522,1.4856483936309814,-12.0,460.0,0,2,58,0,1,0,200,200,0
