decision,raw_frames,x,y,max_x,action,action_name,prob_0,prob_1,prob_2,prob_3,prob_4,action_entropy_nats,native_reward,native_reward_sum,no_progress_decisions,life,game_time,flag_get,terminated,truncated,game_score,score_gain,coins
1,4,40,93,40,2,right+A,0.03565302491188049,0.21899856626987457,0.10238822549581528,0.6052387356758118,0.0377214178442955,1.1123393774032593,0.0,0.0,1,2,400,0,0,0,0,0,0
2,8,42,108,42,3,right+B,0.036289751529693604,0.22131319344043732,0.10470009595155716,0.5989422798156738,0.03875470161437988,1.1233803033828735,2.0,2.0,0,2,400,0,0,0,0,0,0
3,12,44,112,44,2,right+A,0.035388462245464325,0.2194441556930542,0.10246051847934723,0.6047443151473999,0.03796258568763733,1.1128385066986084,2.0,4.0,0,2,400,0,0,0,0,0,0
4,16,48,106,48,3,right+B,0.03586822748184204,0.22095564007759094,0.10594025254249573,0.597899317741394,0.03933655098080635,1.1255831718444824,4.0,8.0,0,2,400,0,0,0,0,0,0
5,20,53,89,53,3,right+B,0.036056239157915115,0.22103333473205566,0.10467106103897095,0.5996136665344238,0.03862566128373146,1.1220413446426392,4.0,12.0,0,2,399,0,0,0,0,0,0
6,24,58,79,58,3,right+B,0.035327084362506866,0.22109676897525787,0.10353273153305054,0.6018029451370239,0.03824041783809662,1.1169919967651367,5.0,17.0,0,2,399,0,0,0,0,0,0
7,28,66,79,66,3,right+B,0.035465385764837265,0.2205982357263565,0.10324660688638687,0.6023398637771606,0.038349948823451996,1.116681694984436,8.0,25.0,0,2,399,0,0,0,0,0,0
8,32,75,79,75,3,right+B,0.03545055538415909,0.2206389307975769,0.1023872047662735,0.603876531124115,0.03764680400490761,1.1132162809371948,9.0,34.0,0,2,399,0,0,0,0,0,0
9,36,86,79,86,3,right+B,0.0355062298476696,0.220547616481781,0.1036059632897377,0.602278470993042,0.038061704486608505,1.1165847778320312,11.0,45.0,0,2,399,0,0,0,0,0,0
10,40,98,79,98,3,right+B,0.036521390080451965,0.22751754522323608,0.11281543225049973,0.5820202231407166,0.04112542048096657,1.1501450538635254,11.0,56.0,0,2,398,0,0,0,0,0,0
11,44,110,79,110,3,right+B,0.050046637654304504,0.26772552728652954,0.1986418515443802,0.4077708125114441,0.07581522315740585,1.3850947618484497,12.0,68.0,0,2,398,0,0,0,0,0,0
12,48,122,97,122,2,right+A,0.05134472995996475,0.2637876570224762,0.31902727484703064,0.24228520691394806,0.12355513870716095,1.4702959060668945,12.0,80.0,0,2,398,0,0,0,0,0,0
13,52,134,117,134,2,right+A,0.046701207756996155,0.29224202036857605,0.3096550405025482,0.22354035079479218,0.12786145508289337,1.463494062423706,12.0,92.0,0,2,398,0,0,0,0,0,0
14,56,146,132,146,1,right,0.04403068497776985,0.3556954562664032,0.19106484949588776,0.3252834677696228,0.08392546325922012,1.3946819305419922,12.0,104.0,0,2,398,0,0,0,0,0,0
15,60,158,134,158,2,right+A,0.038449570536613464,0.33926427364349365,0.131324902176857,0.42811819911003113,0.0628429725766182,1.2957113981246948,11.0,115.0,0,2,397,0,0,0,0,0,0
16,64,170,123,170,3,right+B,0.03233290836215019,0.32367342710494995,0.07480303198099136,0.524156391620636,0.04503427818417549,1.1482305526733398,12.0,127.0,0,2,397,0,0,0,0,0,0
17,68,182,104,182,3,right+B,0.024850867688655853,0.2672596871852875,0.034485507756471634,0.6405333280563354,0.03287065401673317,0.9581863284111023,12.0,139.0,0,2,397,0,0,0,0,0,0
18,72,194,84,194,3,right+B,0.02745135873556137,0.2554006576538086,0.04004756361246109,0.632918119430542,0.044182393699884415,1.0034891366958618,12.0,151.0,0,2,397,0,0,0,0,0,0
19,76,206,79,206,3,right+B,0.041424140334129333,0.2685467600822449,0.08712005615234375,0.4833787977695465,0.11953015625476837,1.3028689622879028,12.0,163.0,0,2,397,0,0,0,0,0,0
20,80,218,97,218,4,right+A+B,0.03259057179093361,0.14639154076576233,0.3735586702823639,0.09823619574308395,0.3492230474948883,1.3560478687286377,11.0,174.0,0,2,396,0,0,0,0,0,0
21,84,230,117,230,2,right+A,0.011567102745175362,0.03921828046441078,0.6035376191139221,0.018553471192717552,0.3271235525608063,0.922859787940979,12.0,186.0,0,2,396,0,0,0,0,0,0
22,88,242,133,242,2,right+A,0.006211149971932173,0.017488176003098488,0.6946579217910767,0.0042769210413098335,0.2773658037185669,0.7344387769699097,12.0,198.0,0,2,396,0,0,0,0,0,0
23,92,254,147,254,2,right+A,0.01650290936231613,0.0584581159055233,0.6018911600112915,0.021968433633446693,0.30117926001548767,0.9845960140228271,12.0,210.0,0,2,396,0,0,0,0,0,0
24,96,266,156,266,4,right+A+B,0.037133801728487015,0.2001451998949051,0.35504627227783203,0.17175836861133575,0.23591633141040802,1.4552286863327026,12.0,222.0,0,2,396,0,0,0,0,0,0
25,100,278,160,278,1,right,0.04211387783288956,0.298405259847641,0.18361200392246246,0.37443092465400696,0.10143790394067764,1.405405044555664,11.0,233.0,0,2,395,0,0,0,0,0,0
26,104,290,152,290,3,right+B,0.04044399783015251,0.2930408716201782,0.14713841676712036,0.4429454803466797,0.0764312669634819,1.3286290168762207,12.0,245.0,0,2,395,0,0,0,0,0,0
27,108,302,133,302,1,right,0.05456908792257309,0.24519699811935425,0.35576575994491577,0.18497265875339508,0.1594955027103424,1.47599458694458,12.0,257.0,0,2,395,0,0,0,0,0,0
28,112,307,113,307,1,right,0.051163289695978165,0.18082447350025177,0.4428655207157135,0.11458705365657806,0.2105596661567688,1.3983478546142578,5.0,262.0,0,2,395,0,0,0,0,0,0
29,116,308,93,308,3,right+B,0.058362528681755066,0.26614221930503845,0.21259573101997375,0.3684031367301941,0.09449633955955505,1.4381011724472046,1.0,263.0,0,2,395,0,0,0,0,0,0
30,120,311,90,311,4,right+A+B,0.055967267602682114,0.24869860708713531,0.1658990979194641,0.4574282169342041,0.07200679928064346,1.3526577949523926,2.0,265.0,0,2,394,0,0,0,0,0,0
31,124,315,95,315,4,right+A+B,0.04355107992887497,0.22293876111507416,0.09488578140735626,0.601245105266571,0.03737928718328476,1.1232815980911255,5.0,270.0,0,2,394,0,0,0,100,100,0
32,128,321,87,321,3,right+B,0.040485940873622894,0.22021281719207764,0.08350078761577606,0.6245062351226807,0.031294286251068115,1.0727989673614502,6.0,276.0,0,2,394,0,0,0,100,100,0
33,132,328,79,328,3,right+B,0.03455433249473572,0.2141931802034378,0.07255525887012482,0.6559324264526367,0.022764835506677628,0.999384343624115,7.0,283.0,0,2,394,0,0,0,100,100,0
34,136,337,79,337,3,right+B,0.02696589194238186,0.18832823634147644,0.05967766419053078,0.7100560069084167,0.01497214287519455,0.8861163854598999,9.0,292.0,0,2,394,0,0,0,100,100,0
35,140,348,97,348,2,right+A,0.01785445027053356,0.15868625044822693,0.042462971061468124,0.7722513675689697,0.00874499324709177,0.7391623854637146,10.0,302.0,0,2,393,0,0,0,100,100,0
36,144,360,115,360,3,right+B,0.01869579777121544,0.1679805964231491,0.06024496629834175,0.7416809797286987,0.011397581547498703,0.8159469366073608,19.0,321.0,0,2,393,0,0,0,300,300,1
37,148,372,109,372,3,right+B,0.02337126061320305,0.1910598874092102,0.1038818359375,0.6642282009124756,0.017458727583289146,0.9816917777061462,12.0,333.0,0,2,393,0,0,0,300,300,1
38,152,384,90,384,3,right+B,0.03370615467429161,0.222590371966362,0.1664552539587021,0.5458827614784241,0.03136545419692993,1.1861896514892578,12.0,345.0,0,2,393,0,0,0,300,300,1
39,156,394,79,394,1,right,0.04254225268959999,0.24236203730106354,0.3162207305431366,0.3405386507511139,0.0583362840116024,1.3744932413101196,10.0,355.0,0,2,393,0,0,0,300,300,1
40,160,401,79,401,0,NOOP,0.02243839018046856,0.11333823949098587,0.7237173318862915,0.045156024396419525,0.09535010904073715,0.9299643635749817,6.0,361.0,0,2,392,0,0,0,300,300,1
41,164,407,93,407,4,right+A+B,0.019082119688391685,0.09023910760879517,0.7537665963172913,0.023819750174880028,0.11309240758419037,0.8411775827407837,6.0,367.0,0,2,392,0,0,0,300,300,1
42,168,414,109,414,2,right+A,0.023359348997473717,0.11302317678928375,0.6930462718009949,0.03383660316467285,0.13673457503318787,0.9749162197113037,7.0,374.0,0,2,392,0,0,0,300,300,1
43,172,421,123,421,2,right+A,0.03717494755983353,0.19907739758491516,0.5254719257354736,0.09315141290426254,0.14512424170970917,1.2830382585525513,7.0,381.0,0,2,392,0,0,0,300,300,1
44,176,428,133,428,2,right+A,0.045569442212581635,0.29389649629592896,0.3000722825527191,0.24914821982383728,0.111313596367836,1.4524544477462769,7.0,388.0,0,2,392,0,0,0,300,300,1
45,180,435,139,435,1,right,0.046796031296253204,0.33250942826271057,0.20334146916866302,0.3280770182609558,0.089276023209095,1.4146424531936646,6.0,394.0,0,2,391,0,0,0,300,300,1
46,184,442,137,442,3,right+B,0.03811824694275856,0.33267509937286377,0.10457098484039307,0.47981393337249756,0.04482165351510048,1.2183115482330322,7.0,401.0,0,2,391,0,0,0,300,300,1
47,188,449,126,449,3,right+B,0.037644531577825546,0.3440839648246765,0.12727247178554535,0.4489545524120331,0.04204447939991951,1.2456912994384766,7.0,408.0,0,2,391,0,0,0,300,300,1
48,192,456,111,456,3,right+B,0.03309154510498047,0.3580794930458069,0.10734237730503082,0.4721509516239166,0.02933560684323311,1.1779515743255615,7.0,415.0,0,2,391,0,0,0,300,300,1
49,196,465,111,465,3,right+B,0.027198465541005135,0.3599819839000702,0.08889119327068329,0.5033189058303833,0.020609408617019653,1.1065306663513184,9.0,424.0,0,2,391,0,0,0,300,300,1
50,200,474,111,474,3,right+B,0.01851603388786316,0.2891141474246979,0.05020314082503319,0.629155158996582,0.013011537492275238,0.9308571219444275,8.0,432.0,0,2,390,0,0,0,300,300,1
51,204,486,109,486,1,right,0.017905058339238167,0.3164238929748535,0.041717953979969025,0.6136228442192078,0.010330281220376492,0.9155721664428711,12.0,444.0,0,2,390,0,0,0,300,300,1
52,208,498,99,498,1,right,0.015883078798651695,0.3110203146934509,0.027760347351431847,0.6372408270835876,0.008095472119748592,0.854669451713562,12.0,456.0,0,2,390,0,0,0,300,300,1
53,212,510,80,510,3,right+B,0.012912976555526257,0.2752750813961029,0.022107601165771484,0.68345046043396,0.006253930740058422,0.7873941659927368,12.0,468.0,0,2,390,0,0,0,300,300,1
54,216,518,79,518,1,right,0.023408610373735428,0.3384639024734497,0.055270541459321976,0.5602095127105713,0.022647421807050705,1.0249906778335571,8.0,476.0,0,2,390,0,0,0,300,300,1
55,220,526,79,526,3,right+B,0.032622210681438446,0.36593496799468994,0.15495581924915314,0.36791256070137024,0.07857439666986465,1.3362150192260742,7.0,483.0,0,2,389,0,0,0,300,300,1
56,224,535,79,535,1,right,0.033795569092035294,0.2699185609817505,0.30236196517944336,0.17240184545516968,0.22152207791805267,1.4665944576263428,9.0,492.0,0,2,389,0,0,0,300,300,1
57,228,546,97,546,4,right+A+B,0.02654671110212803,0.17107117176055908,0.33178332448005676,0.121607206761837,0.3489915430545807,1.3880454301834106,11.0,503.0,0,2,389,0,0,0,300,300,1
58,232,558,117,558,4,right+A+B,0.028713740408420563,0.17897096276283264,0.30745166540145874,0.19455264508724213,0.29031094908714294,1.4500401020050049,12.0,515.0,0,2,389,0,0,0,300,300,1
59,236,570,132,570,3,right+B,0.03889003396034241,0.22813506424427032,0.2007170021533966,0.31210869550704956,0.2201492041349411,1.4823473691940308,12.0,527.0,0,2,389,0,0,0,300,300,1
60,240,582,134,582,3,right+B,0.026736797764897346,0.22534041106700897,0.06225895881652832,0.6289920210838318,0.056671857833862305,1.0597807168960571,11.0,538.0,0,2,388,0,0,0,300,300,1
61,244,594,123,594,1,right,0.03715237230062485,0.23461349308490753,0.06560979783535004,0.5943310856819153,0.06829321384429932,1.1337387561798096,12.0,550.0,0,2,388,0,0,0,300,300,1
62,248,594,104,596,3,right+B,0.03647323325276375,0.22556649148464203,0.0660882517695427,0.6211745142936707,0.05069743096828461,1.0831574201583862,2.0,552.0,0,2,388,0,0,0,300,300,1
63,252,594,84,596,3,right+B,0.033464863896369934,0.20974647998809814,0.053150538355112076,0.6702896356582642,0.033348433673381805,0.9788153171539307,0.0,552.0,1,2,388,0,0,0,300,300,1
64,256,594,79,596,1,right,0.02631824091076851,0.18023473024368286,0.047174520790576935,0.7257643938064575,0.020508114248514175,0.8609730005264282,0.0,552.0,2,2,388,0,0,0,300,300,1
65,260,594,79,596,3,right+B,0.024890584871172905,0.17865237593650818,0.046439237892627716,0.7323287129402161,0.017689090222120285,0.8416846990585327,-1.0,551.0,3,2,387,0,0,0,300,300,1
66,264,594,79,596,3,right+B,0.024880921468138695,0.18100035190582275,0.04832473397254944,0.7290346622467041,0.01675940677523613,0.8466179370880127,0.0,551.0,4,2,387,0,0,0,300,300,1
67,268,594,79,596,3,right+B,0.02400384657084942,0.17357543110847473,0.04448537901043892,0.7422258257865906,0.01570947840809822,0.8184516429901123,0.0,551.0,5,2,387,0,0,0,300,300,1
68,272,594,79,596,3,right+B,0.024295639246702194,0.1734338402748108,0.04507632926106453,0.7415294051170349,0.01566474139690399,0.8207318782806396,0.0,551.0,6,2,387,0,0,0,300,300,1
69,276,594,79,596,3,right+B,0.024232840165495872,0.17240652441978455,0.04429875686764717,0.7434355020523071,0.015626385807991028,0.8166866898536682,0.0,551.0,7,2,387,0,0,0,300,300,1
70,280,594,79,596,3,right+B,0.02304716594517231,0.16766603291034698,0.04181854426860809,0.7526674270629883,0.014800812117755413,0.795270562171936,-1.0,550.0,8,2,386,0,0,0,300,300,1
71,284,594,79,596,0,NOOP,0.021473675966262817,0.15998968482017517,0.03912568837404251,0.7656921744346619,0.013718752190470695,0.7657490968704224,0.0,550.0,9,2,386,0,0,0,300,300,1
72,288,594,79,596,3,right+B,0.02154037542641163,0.1592649668455124,0.03923765942454338,0.7660577297210693,0.0138992415741086,0.7659085988998413,0.0,550.0,10,2,386,0,0,0,300,300,1
73,292,594,79,596,1,right,0.020978713408112526,0.15748123824596405,0.03880074992775917,0.7691041827201843,0.013635043054819107,0.7587146759033203,0.0,550.0,11,2,386,0,0,0,300,300,1
74,296,594,79,596,3,right+B,0.021740946918725967,0.16178515553474426,0.03926197811961174,0.7630442380905151,0.014167663641273975,0.7717022895812988,0.0,550.0,12,2,386,0,0,0,300,300,1
75,300,594,79,596,3,right+B,0.021225279197096825,0.15934863686561584,0.03801146522164345,0.7674543261528015,0.013960268348455429,0.7614923715591431,-1.0,549.0,13,2,385,0,0,0,300,300,1
76,304,594,79,596,3,right+B,0.021124744787812233,0.15812432765960693,0.03793266788125038,0.7688865661621094,0.013931674882769585,0.7588493824005127,0.0,549.0,14,2,385,0,0,0,300,300,1
77,308,594,79,596,3,right+B,0.021214663982391357,0.15769682824611664,0.03782644122838974,0.7693981528282166,0.013863861560821533,0.7579035758972168,0.0,549.0,15,2,385,0,0,0,300,300,1
78,312,594,79,596,3,right+B,0.02121143415570259,0.15848127007484436,0.03841692954301834,0.767845869064331,0.014044448733329773,0.7616300582885742,0.0,549.0,16,2,385,0,0,0,300,300,1
79,316,594,93,596,2,right+A,0.020966649055480957,0.1576271951198578,0.037666384130716324,0.7698832154273987,0.013856608420610428,0.7563893795013428,0.0,549.0,17,2,385,0,0,0,300,300,1
80,320,594,108,596,1,right,0.02138793095946312,0.15971630811691284,0.03905781731009483,0.7656112313270569,0.014226676896214485,0.7668458819389343,-1.0,548.0,18,2,384,0,0,0,300,300,1
81,324,594,112,596,3,right+B,0.021951766684651375,0.1627490222454071,0.040015291422605515,0.7606547474861145,0.014629131183028221,0.7780001163482666,0.0,548.0,19,2,384,0,0,0,300,300,1
82,328,594,106,596,3,right+B,0.021650061011314392,0.1605437695980072,0.040411416441202164,0.7628232836723328,0.014571505598723888,0.774446427822113,0.0,548.0,20,2,384,0,0,0,300,300,1
83,332,594,89,596,3,right+B,0.02130468189716339,0.16042454540729523,0.039339929819107056,0.7647301554679871,0.014200752601027489,0.7683908939361572,0.0,548.0,21,2,384,0,0,0,300,300,1
84,336,594,79,596,3,right+B,0.02054724656045437,0.15375472605228424,0.03721977025270462,0.7753348350524902,0.01314348541200161,0.7444308996200562,0.0,548.0,22,2,384,0,0,0,300,300,1
85,340,594,79,596,3,right+B,0.020311718806624413,0.1532759964466095,0.03651132062077522,0.7769212126731873,0.012979737482964993,0.7399709224700928,-1.0,547.0,23,2,383,0,0,0,300,300,1
86,344,594,79,596,3,right+B,0.020433979108929634,0.15377439558506012,0.036660779267549515,0.7761750221252441,0.012955775484442711,0.7415823936462402,0.0,547.0,24,2,383,0,0,0,300,300,1
87,348,594,79,596,1,right,0.020627154037356377,0.15543454885482788,0.037040743976831436,0.7733544111251831,0.01354312989860773,0.7485064268112183,0.0,547.0,25,2,383,0,0,0,300,300,1
88,352,594,79,596,3,right+B,0.02125798910856247,0.15784943103790283,0.038514185696840286,0.7683484554290771,0.01402992382645607,0.7610317468643188,0.0,547.0,26,2,383,0,0,0,300,300,1
89,356,594,79,596,3,right+B,0.02129310742020607,0.15712818503379822,0.03821474313735962,0.7694453597068787,0.01391857210546732,0.7586703300476074,0.0,547.0,27,2,383,0,0,0,300,300,1
90,360,594,79,596,3,right+B,0.02193434350192547,0.16090835630893707,0.03959016874432564,0.7630795836448669,0.014487521722912788,0.7732712030410767,-1.0,546.0,28,2,382,0,0,0,300,300,1
91,364,594,79,596,3,right+B,0.022158322855830193,0.16300560534000397,0.039719946682453156,0.7604951858520508,0.014620937407016754,0.7782235741615295,0.0,546.0,29,2,382,0,0,0,300,300,1
92,368,594,79,596,3,right+B,0.021576954051852226,0.158730149269104,0.038729749619960785,0.7668753862380981,0.014087822288274765,0.7644398212432861,0.0,546.0,30,2,382,0,0,0,300,300,1
93,372,594,79,596,3,right+B,0.022091267630457878,0.16034910082817078,0.039781730622053146,0.7635393738746643,0.01423852052539587,0.7725332379341125,0.0,546.0,31,2,382,0,0,0,300,300,1
94,376,594,79,596,3,right+B,0.02241768315434456,0.16328735649585724,0.04116884618997574,0.7586877346038818,0.014438308775424957,0.7830990552902222,0.0,546.0,32,2,382,0,0,0,300,300,1
95,380,594,79,596,3,right+B,0.022287970408797264,0.1625579595565796,0.040263690054416656,0.7607080936431885,0.01418236829340458,0.7778533101081848,-1.0,545.0,33,2,381,0,0,0,300,300,1
96,384,594,79,596,3,right+B,0.022252799943089485,0.1617191731929779,0.04026322439312935,0.7616411447525024,0.014123699627816677,0.7761967182159424,0.0,545.0,34,2,381,0,0,0,300,300,1
97,388,594,79,596,3,right+B,0.02285626530647278,0.16560500860214233,0.041739992797374725,0.7551875114440918,0.014611163176596165,0.7905190587043762,0.0,545.0,35,2,381,0,0,0,300,300,1
98,392,594,79,596,3,right+B,0.02342933602631092,0.16936230659484863,0.04364731162786484,0.7482210993766785,0.015340007841587067,0.8064801692962646,0.0,545.0,36,2,381,0,0,0,300,300,1
99,396,594,93,596,2,right+A,0.02360900305211544,0.17088545858860016,0.04412886127829552,0.7458587288856506,0.01551792398095131,0.8114105463027954,0.0,545.0,37,2,381,0,0,0,300,300,1
100,400,594,108,596,3,right+B,0.025069892406463623,0.17924416065216064,0.046968039125204086,0.7320952415466309,0.01662268675863743,0.8405762910842896,-1.0,544.0,38,2,380,0,0,0,300,300,1
101,404,594,112,596,3,right+B,0.026389647275209427,0.18588612973690033,0.049940381199121475,0.719788670539856,0.017995204776525497,0.8673275709152222,0.0,544.0,39,2,380,0,0,0,300,300,1
102,408,594,106,596,3,right+B,0.026386713609099388,0.18618996441364288,0.05112358555197716,0.7179363369941711,0.018363334238529205,0.8722237348556519,0.0,544.0,40,2,380,0,0,0,300,300,1
103,412,594,89,596,3,right+B,0.02586311660706997,0.1880788505077362,0.05015512555837631,0.7177139520645142,0.018188927322626114,0.8698201179504395,0.0,544.0,41,2,380,0,0,0,300,300,1
104,416,594,79,596,2,right+A,0.024798551574349403,0.18093086779117584,0.047873605042696,0.729701817035675,0.01669524610042572,0.8447738289833069,0.0,544.0,42,2,380,0,0,0,300,300,1
105,420,594,79,596,3,right+B,0.02443579025566578,0.17905785143375397,0.046314578503370285,0.7339187264442444,0.016273103654384613,0.8350381255149841,-1.0,543.0,43,2,379,0,0,0,300,300,1
106,424,594,79,596,3,right+B,0.023290714249014854,0.1723766326904297,0.043407659977674484,0.7459275126457214,0.01499752514064312,0.8084309101104736,0.0,543.0,44,2,379,0,0,0,300,300,1
107,428,594,79,596,3,right+B,0.023182956501841545,0.17390495538711548,0.04293181374669075,0.7445497512817383,0.01543055847287178,0.8106175661087036,0.0,543.0,45,2,379,0,0,0,300,300,1
108,432,594,79,596,3,right+B,0.022168906405568123,0.1672641783952713,0.04085645452141762,0.755052924156189,0.014657557010650635,0.7882289290428162,0.0,543.0,46,2,379,0,0,0,300,300,1
109,436,594,79,596,3,right+B,0.021262304857373238,0.16186445951461792,0.038124457001686096,0.765104353427887,0.01364439632743597,0.7646268606185913,0.0,543.0,47,2,379,0,0,0,300,300,1
110,440,594,79,596,3,right+B,0.022480834275484085,0.1677757203578949,0.0410008542239666,0.7543584704399109,0.014384131878614426,0.7894376516342163,-1.0,542.0,48,2,378,0,0,0,300,300,1
111,444,594,79,596,1,right,0.02274199202656746,0.16897401213645935,0.04172845184803009,0.7518228888511658,0.014732636511325836,0.7956348061561584,0.0,542.0,49,2,378,0,0,0,300,300,1
112,448,594,79,596,3,right+B,0.02209094539284706,0.16411557793617249,0.040444210171699524,0.7589597105979919,0.0143895223736763,0.7809045314788818,0.0,542.0,50,2,378,0,0,0,300,300,1
113,452,594,79,596,3,right+B,0.02403825707733631,0.1729014366865158,0.0440533384680748,0.7432684898376465,0.01573849841952324,0.8164821863174438,0.0,542.0,51,2,378,0,0,0,300,300,1
114,456,594,79,596,3,right+B,0.02410705015063286,0.17446710169315338,0.04471050575375557,0.7407894730567932,0.01592583954334259,0.8215633034706116,0.0,542.0,52,2,378,0,0,0,300,300,1
115,460,594,79,596,3,right+B,0.02319933846592903,0.1699950248003006,0.04241042956709862,0.749262273311615,0.015132907778024673,0.8022817969322205,-1.0,541.0,53,2,377,0,0,0,300,300,1
116,464,594,79,596,1,right,0.023642877116799355,0.17219413816928864,0.04332832247018814,0.7454174160957336,0.015417225658893585,0.8107895851135254,0.0,541.0,54,2,377,0,0,0,300,300,1
117,468,594,93,596,2,right+A,0.02365150675177574,0.17270641028881073,0.042659442871809006,0.7459099888801575,0.015072674490511417,0.8083207607269287,0.0,541.0,55,2,377,0,0,0,300,300,1
118,472,594,108,596,3,right+B,0.023266013711690903,0.17194609344005585,0.04274189844727516,0.7469738721847534,0.015072096139192581,0.8061057925224304,0.0,541.0,56,2,377,0,0,0,300,300,1
119,476,594,112,596,3,right+B,0.022856319323182106,0.16881915926933289,0.040973808616399765,0.7527474164962769,0.014603260904550552,0.7931047081947327,0.0,541.0,57,2,377,0,0,0,300,300,1
120,480,594,106,596,1,right,0.022416533902287483,0.1660846322774887,0.0424385741353035,0.7542484402656555,0.0148118045181036,0.7925102710723877,-1.0,540.0,58,2,376,0,0,0,300,300,1
121,484,594,89,596,1,right,0.023130156099796295,0.1725028157234192,0.04351723939180374,0.7455312013626099,0.015318689867854118,0.8096214532852173,0.0,540.0,59,2,376,0,0,0,300,300,1
122,488,594,79,596,3,right+B,0.022020431235432625,0.16324302554130554,0.03963753581047058,0.760972797870636,0.014126150868833065,0.7758938074111938,0.0,540.0,60,2,376,0,0,0,300,300,1
123,492,594,79,596,3,right+B,0.020528573542833328,0.15486310422420502,0.035984575748443604,0.7755782604217529,0.013045519590377808,0.7419810891151428,0.0,540.0,61,2,376,0,0,0,300,300,1
124,496,594,79,596,3,right+B,0.02264893800020218,0.1654849797487259,0.04039205238223076,0.757125198841095,0.01434887945652008,0.7846460342407227,0.0,540.0,62,2,376,0,0,0,300,300,1
125,500,594,93,596,2,right+A,0.023850422352552414,0.17441138625144958,0.04408801347017288,0.7420071363449097,0.015643054619431496,0.8177608847618103,-1.0,539.0,63,2,375,0,0,0,300,300,1
126,504,594,108,596,3,right+B,0.02603892982006073,0.18667829036712646,0.04960713908076286,0.7201078534126282,0.017567751929163933,0.8647642135620117,0.0,539.0,64,2,375,0,0,0,300,300,1
127,508,594,112,596,3,right+B,0.027424652129411697,0.19452275335788727,0.05260985717177391,0.7066258788108826,0.0188168715685606,0.8921676874160767,0.0,539.0,65,2,375,0,0,0,300,300,1
128,512,594,106,596,1,right,0.02713192254304886,0.19061025977134705,0.05325056239962578,0.7102115154266357,0.018795715644955635,0.8877031803131104,0.0,539.0,66,2,375,0,0,0,300,300,1
129,516,594,89,596,3,right+B,0.02655903808772564,0.18883463740348816,0.05218123272061348,0.7141377925872803,0.01828736625611782,0.8788379430770874,0.0,539.0,67,2,375,0,0,0,300,300,1
130,520,594,79,596,3,right+B,0.02565896511077881,0.18277499079704285,0.05048317834734917,0.7241460680961609,0.01693672314286232,0.8581591844558716,-1.0,538.0,68,2,374,0,0,0,300,300,1
131,524,594,79,596,3,right+B,0.024174215272068977,0.17341314256191254,0.045485131442546844,0.7416102290153503,0.015317187644541264,0.8200846910476685,0.0,538.0,69,2,374,0,0,0,300,300,1
132,528,594,79,596,3,right+B,0.023981831967830658,0.17157092690467834,0.044853296130895615,0.7445868849754333,0.0150071382522583,0.8137582540512085,0.0,538.0,70,2,374,0,0,0,300,300,1
133,532,594,79,596,3,right+B,0.023990007117390633,0.17257151007652283,0.04408419877290726,0.7439633011817932,0.015390987507998943,0.8145782947540283,0.0,538.0,71,2,374,0,0,0,300,300,1
134,536,594,79,596,3,right+B,0.023526450619101524,0.16934145987033844,0.04291685298085213,0.7490809559822083,0.015134287066757679,0.8039021492004395,0.0,538.0,72,2,374,0,0,0,300,300,1
135,540,594,93,596,2,right+A,0.02233400009572506,0.16380707919597626,0.040325626730918884,0.7593816518783569,0.014151671901345253,0.7799972295761108,-1.0,537.0,73,2,373,0,0,0,300,300,1
136,544,594,108,596,1,right,0.02309102565050125,0.1678192913532257,0.04217780381441116,0.7518919110298157,0.015019925311207771,0.7975492477416992,0.0,537.0,74,2,373,0,0,0,300,300,1
137,548,594,112,596,4,right+A+B,0.022024594247341156,0.16294683516025543,0.04054003581404686,0.7599780559539795,0.014510462991893291,0.7796353101730347,0.0,537.0,75,2,373,0,0,0,300,300,1
138,552,594,106,596,3,right+B,0.02204839326441288,0.16302070021629333,0.04096696898341179,0.7591406106948853,0.014823349192738533,0.782317042350769,0.0,537.0,76,2,373,0,0,0,300,300,1
139,556,594,89,596,3,right+B,0.022303927689790726,0.16648364067077637,0.04052172601222992,0.7556554079055786,0.015035271644592285,0.7880326509475708,0.0,537.0,77,2,373,0,0,0,300,300,1
140,560,594,79,596,3,right+B,0.021986450999975204,0.16027016937732697,0.039138682186603546,0.7643799185752869,0.014224770478904247,0.7700780034065247,-1.0,536.0,78,2,372,0,0,0,300,300,1
141,564,594,79,596,3,right+B,0.02113104797899723,0.15592733025550842,0.0374167263507843,0.7719821333885193,0.013542752712965012,0.7522542476654053,0.0,536.0,79,2,372,0,0,0,300,300,1
142,568,594,79,596,3,right+B,0.021389996632933617,0.1575498878955841,0.03836100548505783,0.7691829800605774,0.013516172766685486,0.7585052251815796,0.0,536.0,80,2,372,0,0,0,300,300,1
143,572,594,79,596,3,right+B,0.020805081352591515,0.1562947928905487,0.03736978396773338,0.7720508575439453,0.01347951591014862,0.7512683868408203,0.0,536.0,81,2,372,0,0,0,300,300,1
144,576,594,79,596,3,right+B,0.02059975266456604,0.1549149602651596,0.03712538629770279,0.7741062045097351,0.013253712095320225,0.7466556429862976,0.0,536.0,82,2,372,0,0,0,300,300,1
145,580,594,79,596,3,right+B,0.0212770476937294,0.15782012045383453,0.038209445774555206,0.7690496444702148,0.01364375464618206,0.7585887908935547,-1.0,535.0,83,2,371,0,0,0,300,300,1
146,584,594,79,596,3,right+B,0.021434031426906586,0.15895304083824158,0.038918688893318176,0.7667185068130493,0.013975736685097218,0.7643951177597046,0.0,535.0,84,2,371,0,0,0,300,300,1
147,588,594,79,596,1,right,0.021488523110747337,0.15939576923847198,0.03877078369259834,0.7663134932518005,0.014031466096639633,0.7650680541992188,0.0,535.0,85,2,371,0,0,0,300,300,1
148,592,594,79,596,1,right,0.020973246544599533,0.15661954879760742,0.03778458386659622,0.7710633873939514,0.013559194281697273,0.7539692521095276,0.0,535.0,86,2,371,0,0,0,300,300,1
149,596,594,93,596,4,right+A+B,0.021302929148077965,0.15760046243667603,0.038010962307453156,0.7694528698921204,0.013632823713123798,0.7576931118965149,0.0,535.0,87,2,371,0,0,0,300,300,1
150,600,594,108,596,3,right+B,0.021841974928975105,0.1615833193063736,0.0397874154150486,0.7624450922012329,0.014342188835144043,0.7739983797073364,-1.0,534.0,88,2,370,0,0,0,300,300,1
151,604,594,112,596,3,right+B,0.02203437313437462,0.16312330961227417,0.03982791677117348,0.7604844570159912,0.014529974199831486,0.7779250144958496,0.0,534.0,89,2,370,0,0,0,300,300,1
152,608,594,106,596,0,NOOP,0.02221020869910717,0.16237328946590424,0.040902283042669296,0.7597037553787231,0.01481048483401537,0.7816521525382996,0.0,534.0,90,2,370,0,0,0,300,300,1
153,612,594,89,596,3,right+B,0.022197911515831947,0.16336925327777863,0.04085779935121536,0.7586418390274048,0.014933085069060326,0.7834938764572144,0.0,534.0,91,2,370,0,0,0,300,300,1
154,616,594,79,596,3,right+B,0.022185882553458214,0.1600210815668106,0.040092580020427704,0.7634005546569824,0.014299876987934113,0.7735171318054199,0.0,534.0,92,2,370,0,0,0,300,300,1
155,620,594,93,596,2,right+A,0.02194870077073574,0.16008999943733215,0.03910854086279869,0.7648807764053345,0.013971947133541107,0.7685632705688477,-1.0,533.0,93,2,369,0,0,0,300,300,1
156,624,594,108,596,3,right+B,0.022019680589437485,0.16105203330516815,0.04001251980662346,0.76275634765625,0.014159438200294971,0.7737404704093933,0.0,533.0,94,2,369,0,0,0,300,300,1
157,628,594,112,596,3,right+B,0.021953703835606575,0.1624727100133896,0.03982436656951904,0.7612823247909546,0.01446686964482069,0.7763756513595581,0.0,533.0,95,2,369,0,0,0,300,300,1
158,632,594,106,596,3,right+B,0.02283339761197567,0.16506427526474,0.04251565411686897,0.7544410824775696,0.015145496465265751,0.7939544916152954,0.0,533.0,96,2,369,0,0,0,300,300,1
159,636,594,89,596,3,right+B,0.022301912307739258,0.16432200372219086,0.041162338107824326,0.7575190663337708,0.01469462551176548,0.7852704524993896,0.0,533.0,97,2,369,0,0,0,300,300,1
160,640,594,79,596,3,right+B,0.022774608805775642,0.162660613656044,0.04086221382021904,0.7592210173606873,0.014481514692306519,0.7826656103134155,-1.0,532.0,98,2,368,0,0,0,300,300,1
161,644,594,79,596,1,right,0.02255876734852791,0.1622866690158844,0.040606092661619186,0.7601743936538696,0.01437414437532425,0.7801558971405029,0.0,532.0,99,2,368,0,0,0,300,300,1
162,648,594,79,596,1,right,0.022716902196407318,0.1637451946735382,0.04151308909058571,0.7575370669364929,0.014487729407846928,0.7860499024391174,0.0,532.0,100,2,368,0,0,0,300,300,1
163,652,594,79,596,1,right,0.023716315627098083,0.17066936194896698,0.04408936947584152,0.7458406686782837,0.015684237703680992,0.8119936585426331,0.0,532.0,101,2,368,0,0,0,300,300,1
164,656,594,79,596,3,right+B,0.02338697761297226,0.16976068913936615,0.043240513652563095,0.7483372688293457,0.015274506993591785,0.8055123090744019,0.0,532.0,102,2,368,0,0,0,300,300,1
165,660,594,79,596,3,right+B,0.025220146402716637,0.1785222887992859,0.04653123393654823,0.7332631945610046,0.016463125124573708,0.8382582664489746,-1.0,531.0,103,2,367,0,0,0,300,300,1
166,664,594,79,596,1,right,0.0259456317871809,0.1835760474205017,0.048997990787029266,0.7242324948310852,0.017247876152396202,0.8574042916297913,0.0,531.0,104,2,367,0,0,0,300,300,1
167,668,594,93,596,4,right+A+B,0.026174956932663918,0.18761341273784637,0.04986253008246422,0.7186946868896484,0.017654389142990112,0.8674781918525696,0.0,531.0,105,2,367,0,0,0,300,300,1
168,672,594,108,596,1,right,0.0254957377910614,0.1873808354139328,0.050225600600242615,0.7193819880485535,0.0175158753991127,0.8653599619865417,0.0,531.0,106,2,367,0,0,0,300,300,1
169,676,594,112,596,3,right+B,0.025385206565260887,0.1874157041311264,0.04938586801290512,0.7204846143722534,0.017328666523098946,0.8620977401733398,0.0,531.0,107,2,367,0,0,0,300,300,1
170,680,594,106,596,3,right+B,0.02454899065196514,0.17974306643009186,0.04728898033499718,0.731503427028656,0.016915537416934967,0.8415006399154663,-1.0,530.0,108,2,366,0,0,0,300,300,1
171,684,594,89,596,3,right+B,0.023689012974500656,0.17704564332962036,0.045215822756290436,0.7377179861068726,0.016331583261489868,0.8267996311187744,0.0,530.0,109,2,366,0,0,0,300,300,1
172,688,594,79,596,3,right+B,0.023453008383512497,0.17273810505867004,0.04363562539219856,0.7445064187049866,0.015666792169213295,0.8127683997154236,0.0,530.0,110,2,366,0,0,0,300,300,1
173,692,594,79,596,3,right+B,0.022135961800813675,0.16589927673339844,0.04027903452515602,0.7570542097091675,0.014631500467658043,0.784256100654602,0.0,530.0,111,2,366,0,0,0,300,300,1
174,696,594,79,596,3,right+B,0.022272879257798195,0.16572903096675873,0.04043680801987648,0.7573540806770325,0.01420732494443655,0.7832633256912231,0.0,530.0,112,2,366,0,0,0,300,300,1
175,700,594,79,596,3,right+B,0.022461488842964172,0.16759170591831207,0.04101494327187538,0.7544249296188354,0.014506934210658073,0.7896197438240051,-1.0,529.0,113,2,365,0,0,0,300,300,1
176,704,594,79,596,3,right+B,0.022151950746774673,0.16544374823570251,0.04052358493208885,0.757474422454834,0.014406220987439156,0.7834463715553284,0.0,529.0,114,2,365,0,0,0,300,300,1
177,708,594,79,596,3,right+B,0.022288672626018524,0.1645907312631607,0.04071059450507164,0.7579326629638672,0.014477258548140526,0.7834571599960327,0.0,529.0,115,2,365,0,0,0,300,300,1
178,712,594,79,596,3,right+B,0.023924482986330986,0.17392650246620178,0.04468216001987457,0.7416768074035645,0.01579003967344761,0.8195526003837585,0.0,529.0,116,2,365,0,0,0,300,300,1
179,716,594,79,596,3,right+B,0.023657727986574173,0.17327405512332916,0.04424525424838066,0.7433008551597595,0.015522141940891743,0.8154226541519165,0.0,529.0,117,2,365,0,0,0,300,300,1
180,720,594,79,596,3,right+B,0.02306000329554081,0.17017333209514618,0.043130628764629364,0.7485995292663574,0.015036524273455143,0.8037471175193787,-1.0,528.0,118,2,364,0,0,0,300,300,1
181,724,594,79,596,3,right+B,0.0232688020914793,0.17164050042629242,0.04224457964301109,0.7479573488235474,0.014888777397572994,0.8035235404968262,0.0,528.0,119,2,364,0,0,0,300,300,1
182,728,594,79,596,3,right+B,0.02268287166953087,0.16979655623435974,0.041311778128147125,0.7515684366226196,0.014640345238149166,0.7950837016105652,0.0,528.0,120,2,364,0,0,0,300,300,1
183,732,594,79,596,3,right+B,0.022180752828717232,0.16598288714885712,0.03948599845170975,0.7581199407577515,0.014230367727577686,0.7806177139282227,0.0,528.0,121,2,364,0,0,0,300,300,1
184,736,594,79,596,3,right+B,0.02174478955566883,0.16164907813072205,0.03932412341237068,0.7631528973579407,0.014129124581813812,0.7715357542037964,0.0,528.0,122,2,364,0,0,0,300,300,1
185,740,594,79,596,0,NOOP,0.02273251675069332,0.16772672533988953,0.042284272611141205,0.7523465156555176,0.014909991063177586,0.7960346937179565,-1.0,527.0,123,2,363,0,0,0,300,300,1
186,744,594,79,596,3,right+B,0.022654158994555473,0.16772964596748352,0.04088018462061882,0.7540140748023987,0.0147219467908144,0.7909585237503052,0.0,527.0,124,2,363,0,0,0,300,300,1
187,748,594,79,596,3,right+B,0.021545374765992165,0.16164419054985046,0.038071099668741226,0.7646830081939697,0.014056284911930561,0.7667890787124634,0.0,527.0,125,2,363,0,0,0,300,300,1
188,752,594,79,596,3,right+B,0.021372074261307716,0.15899908542633057,0.03749188408255577,0.7685086727142334,0.013628344982862473,0.758569061756134,0.0,527.0,126,2,363,0,0,0,300,300,1
189,756,594,79,596,3,right+B,0.0228839460760355,0.16793496906757355,0.041298896074295044,0.7530562281608582,0.014825907535851002,0.7936979532241821,0.0,527.0,127,2,363,0,0,0,300,300,1
190,760,594,79,596,3,right+B,0.02398611791431904,0.1759369671344757,0.04503067955374718,0.739370584487915,0.015675639733672142,0.8232015371322632,-1.0,526.0,128,2,362,0,0,0,300,300,1
191,764,594,79,596,3,right+B,0.02573671005666256,0.1850966215133667,0.04854452610015869,0.7237027287483215,0.016919434070587158,0.8563342094421387,0.0,526.0,129,2,362,0,0,0,300,300,1
192,768,594,79,596,3,right+B,0.025975679978728294,0.18659363687038422,0.050003692507743835,0.7200012803077698,0.017425676807761192,0.8649708032608032,0.0,526.0,130,2,362,0,0,0,300,300,1
193,772,594,79,596,3,right+B,0.025918371975421906,0.18618105351924896,0.050194744020700455,0.7201057076454163,0.017600158229470253,0.8653804659843445,0.0,526.0,131,2,362,0,0,0,300,300,1
194,776,594,79,596,1,right,0.024907808750867844,0.18057681620121002,0.04880484938621521,0.7289270758628845,0.016783447936177254,0.847509503364563,0.0,526.0,132,2,362,0,0,0,300,300,1
195,780,594,79,596,3,right+B,0.02453874610364437,0.17837494611740112,0.04752446711063385,0.7333507537841797,0.016211144626140594,0.837514340877533,-1.0,525.0,133,2,361,0,0,0,300,300,1
196,784,594,79,596,3,right+B,0.024656841531395912,0.17736835777759552,0.04653388261795044,0.735388457775116,0.016052428632974625,0.8331595659255981,0.0,525.0,134,2,361,0,0,0,300,300,1
197,788,594,79,596,3,right+B,0.024350086227059364,0.17348147928714752,0.04523618519306183,0.74102783203125,0.015904363244771957,0.8223568797111511,0.0,525.0,135,2,361,0,0,0,300,300,1
198,792,594,79,596,3,right+B,0.024126995354890823,0.17134863138198853,0.044035669416189194,0.7448793053627014,0.015609382651746273,0.8139649033546448,0.0,525.0,136,2,361,0,0,0,300,300,1
199,796,594,79,596,3,right+B,0.023203853517770767,0.16720598936080933,0.0419364795088768,0.7528086304664612,0.014845109544694424,0.79563969373703,0.0,525.0,137,2,361,0,0,0,300,300,1
200,800,594,79,596,1,right,0.022595418617129326,0.16470390558242798,0.040809422731399536,0.7574350237846375,0.014456192962825298,0.7849149703979492,-1.0,524.0,138,2,360,0,0,0,300,300,1
201,804,594,79,596,3,right+B,0.021855302155017853,0.1607847511768341,0.0398181788623333,0.7634365558624268,0.014105192385613918,0.77195143699646,0.0,524.0,139,2,360,0,0,0,300,300,1
202,808,594,93,596,4,right+A+B,0.021417541429400444,0.15881477296352386,0.0393037274479866,0.7667161226272583,0.01374783180654049,0.7643496990203857,0.0,524.0,140,2,360,0,0,0,300,300,1
203,812,594,108,596,3,right+B,0.022283324971795082,0.1659107655286789,0.04100040718913078,0.7560128569602966,0.01479265559464693,0.7875379323959351,0.0,524.0,141,2,360,0,0,0,300,300,1
204,816,594,112,596,3,right+B,0.022425202652812004,0.16660912334918976,0.04079178348183632,0.7552672624588013,0.014906652271747589,0.7889342904090881,0.0,524.0,142,2,360,0,0,0,300,300,1
205,820,594,106,596,3,right+B,0.021697288379073143,0.1618689000606537,0.03969066962599754,0.7622498273849487,0.014493335038423538,0.7742407321929932,-1.0,523.0,143,2,359,0,0,0,300,300,1
206,824,594,89,596,3,right+B,0.021512117236852646,0.16182081401348114,0.039516936987638474,0.7625707983970642,0.014579346403479576,0.7733330130577087,0.0,523.0,144,2,359,0,0,0,300,300,1
207,828,594,79,596,3,right+B,0.021280502900481224,0.1569059193134308,0.03844114765524864,0.7694237232208252,0.013948722742497921,0.7590718269348145,0.0,523.0,145,2,359,0,0,0,300,300,1
208,832,594,79,596,1,right,0.02041362039744854,0.15307244658470154,0.03626661002635956,0.777090311050415,0.013157060369849205,0.7399866580963135,0.0,523.0,146,2,359,0,0,0,300,300,1
209,836,594,79,596,3,right+B,0.02113397978246212,0.15601639449596405,0.03761262074112892,0.7717912793159485,0.013445664197206497,0.7526068091392517,0.0,523.0,147,2,359,0,0,0,300,300,1
210,840,594,93,596,2,right+A,0.02111544832587242,0.15726354718208313,0.03789887577295303,0.7698346972465515,0.013887385837733746,0.7571722269058228,-1.0,522.0,148,2,358,0,0,0,300,300,1
211,844,594,108,596,3,right+B,0.0220527034252882,0.16303330659866333,0.0406331904232502,0.7594742774963379,0.014806549996137619,0.7813096046447754,0.0,522.0,149,2,358,0,0,0,300,300,1
212,848,594,112,596,0,NOOP,0.021584143862128258,0.16139467060565948,0.03921235352754593,0.7635149955749512,0.014293771237134933,0.7708926796913147,0.0,522.0,150,2,358,0,0,0,300,300,1
213,852,594,106,596,3,right+B,0.021361468359827995,0.15906505286693573,0.03942655771970749,0.7658568620681763,0.014290125109255314,0.7670773267745972,0.0,522.0,151,2,358,0,0,0,300,300,1
214,856,594,89,596,3,right+B,0.021352270618081093,0.16079741716384888,0.03943257033824921,0.7641924023628235,0.014225313439965248,0.7695155739784241,0.0,522.0,152,2,358,0,0,0,300,300,1
215,860,594,79,596,3,right+B,0.02097630314528942,0.1558017134666443,0.03787507489323616,0.7719166874885559,0.013430137187242508,0.7524245381355286,-1.0,521.0,153,2,357,0,0,0,300,300,1
216,864,594,79,596,1,right,0.020640775561332703,0.15368525683879852,0.03717513009905815,0.7752859592437744,0.013212881982326508,0.7448049187660217,0.0,521.0,154,2,357,0,0,0,300,300,1
217,868,594,79,596,3,right+B,0.021001547574996948,0.15554645657539368,0.037695664912462234,0.7724394798278809,0.013316811062395573,0.7511059641838074,0.0,521.0,155,2,357,0,0,0,300,300,1
218,872,594,79,596,3,right+B,0.021234925836324692,0.1574193388223648,0.038266703486442566,0.7691226005554199,0.013956473208963871,0.7592315077781677,0.0,521.0,156,2,357,0,0,0,300,300,1
219,876,594,79,596,3,right+B,0.022165635600686073,0.16217483580112457,0.039934203028678894,0.7611215114593506,0.01460381131619215,0.7775317430496216,0.0,521.0,157,2,357,0,0,0,300,300,1
220,880,594,79,596,3,right+B,0.022037426009774208,0.1611335724592209,0.039171162992715836,0.7634345293045044,0.014223207719624043,0.7716948986053467,-1.0,520.0,158,2,356,0,0,0,300,300,1
221,884,594,79,596,3,right+B,0.02192874252796173,0.16017556190490723,0.03923480957746506,0.7643972039222717,0.014263675548136234,0.770165741443634,0.0,520.0,159,2,356,0,0,0,300,300,1
222,888,594,79,596,1,right,0.022873980924487114,0.1643439680337906,0.04137958958745003,0.7564194202423096,0.014983094297349453,0.7890793085098267,0.0,520.0,160,2,356,0,0,0,300,300,1
223,892,594,79,596,3,right+B,0.022510865703225136,0.16253656148910522,0.04102843254804611,0.7593207359313965,0.014603391289710999,0.7825153470039368,0.0,520.0,161,2,356,0,0,0,300,300,1
224,896,594,79,596,0,NOOP,0.022649256512522697,0.16307196021080017,0.04032823443412781,0.7596364617347717,0.01431403961032629,0.7806307077407837,0.0,520.0,162,2,356,0,0,0,300,300,1
225,900,594,79,596,3,right+B,0.02298177033662796,0.16454461216926575,0.041345324367284775,0.7564279437065125,0.01470035221427679,0.7885513305664062,-1.0,519.0,163,2,355,0,0,0,300,300,1
226,904,594,79,596,3,right+B,0.023413168266415596,0.16773748397827148,0.042816728353500366,0.751105785369873,0.01492676604539156,0.8000170588493347,0.0,519.0,164,2,355,0,0,0,300,300,1
227,908,594,79,596,1,right,0.023886311799287796,0.1703619807958603,0.044267438352108,0.7462120652198792,0.015272189863026142,0.8110321164131165,0.0,519.0,165,2,355,0,0,0,300,300,1
228,912,594,79,596,1,right,0.0232316255569458,0.16880951821804047,0.04309837147593498,0.7498719096183777,0.014988571405410767,0.8020371198654175,0.0,519.0,166,2,355,0,0,0,300,300,1
229,916,594,79,596,3,right+B,0.024184921756386757,0.17454439401626587,0.04468897357583046,0.74088054895401,0.015701230615377426,0.8210169672966003,0.0,519.0,167,2,355,0,0,0,300,300,1
230,920,594,79,596,3,right+B,0.025665098801255226,0.18139924108982086,0.04772738367319107,0.7282564640045166,0.016951728612184525,0.8489090204238892,-1.0,518.0,168,2,354,0,0,0,300,300,1
231,924,594,79,596,3,right+B,0.026200398802757263,0.1862867772579193,0.05002405494451523,0.7197473049163818,0.017741478979587555,0.8665283918380737,0.0,518.0,169,2,354,0,0,0,300,300,1
232,928,594,79,596,3,right+B,0.025477318093180656,0.1860230416059494,0.0491342768073082,0.7218542695045471,0.01751105673611164,0.8605278730392456,0.0,518.0,170,2,354,0,0,0,300,300,1
233,932,594,79,596,3,right+B,0.024951525032520294,0.18275105953216553,0.04834486544132233,0.7269430756568909,0.017009515315294266,0.850280225276947,0.0,518.0,171,2,354,0,0,0,300,300,1
234,936,594,79,596,3,right+B,0.024639379233121872,0.17921951413154602,0.04602605476975441,0.7336788177490234,0.016436172649264336,0.8357799053192139,0.0,518.0,172,2,354,0,0,0,300,300,1
235,940,594,79,596,3,right+B,0.02333979122340679,0.17312896251678467,0.043697550892829895,0.7442269325256348,0.015606725588440895,0.8128908276557922,-1.0,517.0,173,2,353,0,0,0,300,300,1
236,944,594,79,596,3,right+B,0.02375309355556965,0.17517951130867004,0.04424147680401802,0.7408426403999329,0.015983210876584053,0.8202776908874512,0.0,517.0,174,2,353,0,0,0,300,300,1
237,948,594,79,596,1,right,0.022818949073553085,0.17003947496414185,0.04189952090382576,0.7500205636024475,0.015221531502902508,0.7998975515365601,0.0,517.0,175,2,353,0,0,0,300,300,1
238,952,594,79,596,1,right,0.021674813702702522,0.16359871625900269,0.039780888706445694,0.7609050869941711,0.014040513895452023,0.7752953767776489,0.0,517.0,176,2,353,0,0,0,300,300,1
239,956,594,79,596,3,right+B,0.02311530150473118,0.1706760823726654,0.042329274117946625,0.7491629719734192,0.01471641194075346,0.8011343479156494,0.0,517.0,177,2,353,0,0,0,300,300,1
240,960,594,79,596,3,right+B,0.022170469164848328,0.16610680520534515,0.04045126587152481,0.757051944732666,0.01421950850635767,0.7835662364959717,-1.0,516.0,178,2,352,0,0,0,300,300,1
241,964,594,79,596,3,right+B,0.0211641862988472,0.15949860215187073,0.038541778922080994,0.7672631144523621,0.013532327488064766,0.7613774538040161,0.0,516.0,179,2,352,0,0,0,300,300,1
242,968,594,79,596,3,right+B,0.02335212752223015,0.17070192098617554,0.04325689747929573,0.7474797368049622,0.015209328383207321,0.8065775632858276,0.0,516.0,180,2,352,0,0,0,300,300,1
243,972,594,79,596,3,right+B,0.02396235801279545,0.174503892660141,0.04460319131612778,0.7411010265350342,0.015829503536224365,0.8204486966133118,0.0,516.0,181,2,352,0,0,0,300,300,1
244,976,594,79,596,1,right,0.023493675515055656,0.17232564091682434,0.04351869598031044,0.745276927947998,0.015385148115456104,0.810883641242981,0.0,516.0,182,2,352,0,0,0,300,300,1
245,980,594,79,596,3,right+B,0.02358580194413662,0.17218460142612457,0.04319542646408081,0.7457227110862732,0.015311472117900848,0.809789776802063,-1.0,515.0,183,2,351,0,0,0,300,300,1
246,984,594,79,596,3,right+B,0.023160532116889954,0.17070870101451874,0.04188317805528641,0.749222993850708,0.015024582855403423,0.8012635707855225,0.0,515.0,184,2,351,0,0,0,300,300,1
247,988,594,79,596,3,right+B,0.02295552007853985,0.16992712020874023,0.040929436683654785,0.7513664960861206,0.014821399003267288,0.7958316206932068,0.0,515.0,185,2,351,0,0,0,300,300,1
248,992,594,79,596,3,right+B,0.02170294150710106,0.16135063767433167,0.038699500262737274,0.7643144726753235,0.013932401314377785,0.7682788372039795,0.0,515.0,186,2,351,0,0,0,300,300,1
249,996,594,79,596,3,right+B,0.022128773853182793,0.1634139120578766,0.040584955364465714,0.759591281414032,0.01428106427192688,0.7799441814422607,0.0,515.0,187,2,351,0,0,0,300,300,1
250,1000,594,79,596,3,right+B,0.022869031876325607,0.16928952932357788,0.04195794835686684,0.7512328028678894,0.014650720171630383,0.7968897223472595,-1.0,514.0,188,2,350,0,0,0,300,300,1
251,1004,594,79,596,3,right+B,0.02160000614821911,0.1628335565328598,0.03857632353901863,0.7630450129508972,0.013945075683295727,0.7698937058448792,0.0,514.0,189,2,350,0,0,0,300,300,1
252,1008,594,79,596,3,right+B,0.020477356389164925,0.15554547309875488,0.03623597323894501,0.7746860980987549,0.013055042363703251,0.7437024712562561,0.0,514.0,190,2,350,0,0,0,300,300,1
253,1012,594,79,596,3,right+B,0.02231629379093647,0.16533280909061432,0.040117062628269196,0.7578932046890259,0.014340720139443874,0.7824051976203918,0.0,514.0,191,2,350,0,0,0,300,300,1
254,1016,594,79,596,3,right+B,0.024137679487466812,0.17674939334392548,0.04525396600365639,0.7379411458969116,0.015917813405394554,0.8264394998550415,0.0,514.0,192,2,350,0,0,0,300,300,1
255,1020,594,79,596,3,right+B,0.0257768165320158,0.1854497343301773,0.048866283148527145,0.722619354724884,0.017287803813815117,0.8591963648796082,-1.0,513.0,193,2,349,0,0,0,300,300,1
256,1024,594,79,596,1,right,0.026451071724295616,0.18859919905662537,0.05009561777114868,0.717055082321167,0.01779903843998909,0.8708676099777222,0.0,513.0,194,2,349,0,0,0,300,300,1
257,1028,594,93,596,2,right+A,0.02635592594742775,0.1875208467245102,0.050670646131038666,0.7176358103752136,0.017816711217164993,0.8707025051116943,0.0,513.0,195,2,349,0,0,0,300,300,1
258,1032,594,108,596,3,right+B,0.02662123739719391,0.18948154151439667,0.05208694189786911,0.7135069370269775,0.01830334961414337,0.8797135949134827,0.0,513.0,196,2,349,0,0,0,300,300,1
259,1036,594,112,596,3,right+B,0.02572130598127842,0.18601205945014954,0.05110301822423935,0.7195500731468201,0.017613550648093224,0.8669564723968506,0.0,513.0,197,2,349,0,0,0,300,300,1
260,1040,594,106,596,3,right+B,0.024994488805532455,0.18032483756542206,0.048649463802576065,0.7292301058769226,0.016801107674837112,0.8470961451530457,-1.0,512.0,198,2,348,0,0,0,300,300,1
261,1044,594,89,596,3,right+B,0.024146873503923416,0.17528437077999115,0.0460735559463501,0.7383579015731812,0.016137326136231422,0.827492356300354,0.0,512.0,199,2,348,0,0,0,300,300,1
262,1048,594,79,596,2,right+A,0.024138353765010834,0.17198117077350616,0.04485077038407326,0.7435373663902283,0.015492333099246025,0.816775918006897,0.0,512.0,200,2,348,0,0,0,300,300,1
263,1052,594,79,596,3,right+B,0.022849848493933678,0.16555854678153992,0.0415615551173687,0.7555327415466309,0.014497293159365654,0.789459228515625,0.0,512.0,201,2,348,0,0,0,300,300,1
264,1056,594,79,596,3,right+B,0.02178950607776642,0.1609235256910324,0.03974856436252594,0.7638951539993286,0.013643263839185238,0.7698764801025391,0.0,512.0,202,2,348,0,0,0,300,300,1
265,1060,594,79,596,3,right+B,0.021196624264121056,0.15960067510604858,0.03859853371977806,0.7669474482536316,0.013656742870807648,0.762325644493103,-1.0,511.0,203,2,347,0,0,0,300,300,1
266,1064,594,79,596,3,right+B,0.021130362525582314,0.15837430953979492,0.039158400148153305,0.7674480080604553,0.013888897374272346,0.7627604007720947,0.0,511.0,204,2,347,0,0,0,300,300,1
267,1068,594,79,596,3,right+B,0.02144218608736992,0.16080208122730255,0.039068352431058884,0.7645370960235596,0.014150287955999374,0.7684638500213623,0.0,511.0,205,2,347,0,0,0,300,300,1
268,1072,594,79,596,3,right+B,0.02199932560324669,0.16387447714805603,0.0396561361849308,0.759861409664154,0.014608578756451607,0.7787590622901917,0.0,511.0,206,2,347,0,0,0,300,300,1
269,1076,594,79,596,3,right+B,0.022154591977596283,0.164170041680336,0.03972260653972626,0.7591789960861206,0.014773777686059475,0.7806094884872437,0.0,511.0,207,2,347,0,0,0,300,300,1
270,1080,594,79,596,3,right+B,0.021078286692500114,0.157568097114563,0.037891700863838196,0.7695041298866272,0.013957724906504154,0.7577824592590332,-1.0,510.0,208,2,346,0,0,0,300,300,1
271,1084,594,79,596,3,right+B,0.021337401121854782,0.15833823382854462,0.038349006325006485,0.7679107785224915,0.01406453549861908,0.7617329955101013,0.0,510.0,209,2,346,0,0,0,300,300,1
272,1088,594,79,596,3,right+B,0.021265771239995956,0.15864582359790802,0.03850759193301201,0.7675357460975647,0.014045016840100288,0.7623583674430847,0.0,510.0,210,2,346,0,0,0,300,300,1
273,1092,594,79,596,3,right+B,0.021230502054095268,0.15818347036838531,0.038311585783958435,0.7683168053627014,0.013957636430859566,0.760564923286438,0.0,510.0,211,2,346,0,0,0,300,300,1
274,1096,594,79,596,3,right+B,0.02122991718351841,0.15815825760364532,0.03857135772705078,0.7681976556777954,0.013842755928635597,0.7608399987220764,0.0,510.0,212,2,346,0,0,0,300,300,1
275,1100,594,79,596,1,right,0.021309610456228256,0.15875370800495148,0.03880039229989052,0.7673181295394897,0.01381812896579504,0.7626508474349976,-1.0,509.0,213,2,345,0,0,0,300,300,1
276,1104,594,79,596,3,right+B,0.020751994103193283,0.15646769106388092,0.03779956325888634,0.7714455127716064,0.013535313308238983,0.7528769373893738,0.0,509.0,214,2,345,0,0,0,300,300,1
277,1108,594,79,596,3,right+B,0.020470689982175827,0.15588775277137756,0.037274375557899475,0.7729625701904297,0.01340459380298853,0.7488134503364563,0.0,509.0,215,2,345,0,0,0,300,300,1
278,1112,594,79,596,3,right+B,0.02075921930372715,0.15618126094341278,0.03754538670182228,0.7720592021942139,0.013454861007630825,0.7513525485992432,0.0,509.0,216,2,345,0,0,0,300,300,1
279,1116,594,79,596,3,right+B,0.020697711035609245,0.15612313151359558,0.037379197776317596,0.7723922729492188,0.013407663442194462,0.7503429651260376,0.0,509.0,217,2,345,0,0,0,300,300,1
280,1120,594,79,596,3,right+B,0.021412137895822525,0.15960077941417694,0.03861880674958229,0.7662928104400635,0.014075439423322678,0.764838457107544,-1.0,508.0,218,2,344,0,0,0,300,300,1
281,1124,594,79,596,1,right,0.02128242701292038,0.15824775397777557,0.03865886107087135,0.7677315473556519,0.014079388231039047,0.7623797655105591,0.0,508.0,219,2,344,0,0,0,300,300,1
282,1128,594,79,596,3,right+B,0.02162809483706951,0.15876513719558716,0.038874585181474686,0.7665623426437378,0.014169895090162754,0.7654375433921814,0.0,508.0,220,2,344,0,0,0,300,300,1
283,1132,594,79,596,3,right+B,0.021986879408359528,0.16181634366512299,0.03966866806149483,0.7619373798370361,0.014590675011277199,0.7755082845687866,0.0,508.0,221,2,344,0,0,0,300,300,1
284,1136,594,93,596,2,right+A,0.022264646366238594,0.16394954919815063,0.04013875871896744,0.7588537931442261,0.014793198555707932,0.7819623947143555,0.0,508.0,222,2,344,0,0,0,300,300,1
285,1140,594,108,596,1,right,0.02173147350549698,0.16073627769947052,0.03961702808737755,0.7635201215744019,0.014395109377801418,0.7719948291778564,-1.0,507.0,223,2,343,0,0,0,300,300,1
286,1144,594,112,596,2,right+A,0.022618161514401436,0.16553917527198792,0.041163478046655655,0.755817174911499,0.014861984178423882,0.7888988256454468,0.0,507.0,224,2,343,0,0,0,300,300,1
287,1148,594,106,596,3,right+B,0.022861439734697342,0.1652158498764038,0.04259542003273964,0.7542572617530823,0.015069977380335331,0.7942167520523071,0.0,507.0,225,2,343,0,0,0,300,300,1
288,1152,594,89,596,3,right+B,0.022036628797650337,0.1632426530122757,0.04090466722846031,0.7593023777008057,0.014513595961034298,0.7812122106552124,0.0,507.0,226,2,343,0,0,0,300,300,1
289,1156,594,79,596,1,right,0.022416826337575912,0.16130664944648743,0.04049262776970863,0.7615267038345337,0.014257129281759262,0.7773413062095642,0.0,507.0,227,2,343,0,0,0,300,300,1
290,1160,594,79,596,3,right+B,0.022107601165771484,0.16070322692394257,0.04022573307156563,0.7628763318061829,0.014087045565247536,0.7738484740257263,-1.0,506.0,228,2,342,0,0,0,300,300,1
291,1164,594,79,596,1,right,0.02273622527718544,0.16431818902492523,0.0417616181075573,0.756679892539978,0.014504071325063705,0.7877795696258545,0.0,506.0,229,2,342,0,0,0,300,300,1
292,1168,594,79,596,3,right+B,0.023425767198204994,0.1698566973209381,0.0434686616063118,0.7478207349777222,0.015428153797984123,0.8070359230041504,0.0,506.0,230,2,342,0,0,0,300,300,1
293,1172,594,79,596,3,right+B,0.02337210439145565,0.17004075646400452,0.043351974338293076,0.7479364275932312,0.015298721380531788,0.8062876462936401,0.0,506.0,231,2,342,0,0,0,300,300,1
294,1176,594,79,596,1,right,0.025101078674197197,0.17887850105762482,0.04635684937238693,0.7331764101982117,0.016487115994095802,0.8379694223403931,0.0,506.0,232,2,342,0,0,0,300,300,1
295,1180,594,79,596,3,right+B,0.02608938328921795,0.18536508083343506,0.04954814538359642,0.7213213443756104,0.01767602376639843,0.8633970618247986,-1.0,505.0,233,2,341,0,0,0,300,300,1
296,1184,594,79,596,3,right+B,0.025717342272400856,0.18572184443473816,0.049501508474349976,0.7214387059211731,0.017620638012886047,0.8623130917549133,0.0,505.0,234,2,341,0,0,0,300,300,1
297,1188,594,79,596,3,right+B,0.025548070669174194,0.18602187931537628,0.04968494549393654,0.721203625202179,0.01754147559404373,0.862352192401886,0.0,505.0,235,2,341,0,0,0,300,300,1
298,1192,594,79,596,3,right+B,0.025394562631845474,0.18437984585762024,0.04859107732772827,0.7247405052185059,0.01689404807984829,0.8542413711547852,0.0,505.0,236,2,341,0,0,0,300,300,1
299,1196,594,79,596,3,right+B,0.024170542135834694,0.17781640589237213,0.04546884447336197,0.7364725470542908,0.016071639955043793,0.829261064529419,0.0,505.0,237,2,341,0,0,0,300,300,1
300,1200,594,79,596,1,right,0.023814644664525986,0.17670424282550812,0.04537944495677948,0.7380762100219727,0.016025414690375328,0.8260305523872375,-1.0,504.0,238,2,340,0,0,0,300,300,1
301,1204,594,79,596,3,right+B,0.022965842857956886,0.17188119888305664,0.04306343197822571,0.7467098832130432,0.015379669144749641,0.807083249092102,0.0,504.0,239,2,340,0,0,0,300,300,1
302,1208,594,79,596,3,right+B,0.022089360281825066,0.16714315116405487,0.04124670848250389,0.7548151612281799,0.014705609530210495,0.7890914678573608,0.0,504.0,240,2,340,0,0,0,300,300,1
303,1212,594,79,596,3,right+B,0.022082913666963577,0.1662413775920868,0.04088577255606651,0.7562909722328186,0.014498945325613022,0.7858390212059021,0.0,504.0,241,2,340,0,0,0,300,300,1
304,1216,594,79,596,3,right+B,0.02232387289404869,0.16732293367385864,0.04060997813940048,0.7552421689033508,0.014501014724373817,0.7875261902809143,0.0,504.0,242,2,340,0,0,0,300,300,1
305,1220,594,79,596,3,right+B,0.021547820419073105,0.16250121593475342,0.0390966460108757,0.7629791498184204,0.013875151984393597,0.7704634070396423,-1.0,503.0,243,2,339,0,0,0,300,300,1
306,1224,594,79,596,3,right+B,0.022124353796243668,0.1644238382577896,0.040678683668375015,0.7583743929862976,0.014398694969713688,0.7822176814079285,0.0,503.0,244,2,339,0,0,0,300,300,1
307,1228,594,79,596,3,right+B,0.024047356098890305,0.1747140735387802,0.044871218502521515,0.7403091192245483,0.01605822704732418,0.8226742744445801,0.0,503.0,245,2,339,0,0,0,300,300,1
308,1232,594,79,596,3,right+B,0.023929215967655182,0.17414802312850952,0.04467687010765076,0.7414325475692749,0.01581335812807083,0.8199646472930908,0.0,503.0,246,2,339,0,0,0,300,300,1
309,1236,594,79,596,3,right+B,0.024091139435768127,0.1742631494998932,0.04418541118502617,0.7418793439865112,0.015580970793962479,0.8184076547622681,0.0,503.0,247,2,339,0,0,0,300,300,1
310,1240,594,79,596,1,right,0.02431584522128105,0.17638109624385834,0.04460395127534866,0.7390150427818298,0.015684062615036964,0.8238031268119812,-1.0,502.0,248,2,338,0,0,0,300,300,1
311,1244,594,79,596,3,right+B,0.02308271825313568,0.17140337824821472,0.04202292487025261,0.7485190629959106,0.014971964992582798,0.8022155165672302,0.0,502.0,249,2,338,0,0,0,300,300,1
312,1248,594,79,596,1,right,0.021237775683403015,0.16091515123844147,0.0379701592028141,0.7663553357124329,0.01352157723158598,0.762102484703064,0.0,502.0,250,2,338,0,0,0,300,300,1
313,1252,594,79,596,3,right+B,0.021853243932127953,0.16244909167289734,0.03922075405716896,0.7625462412834167,0.013930671848356724,0.7720609903335571,0.0,502.0,251,2,338,0,0,0,300,300,1
314,1256,594,79,596,3,right+B,0.02283637784421444,0.16923001408576965,0.04237127676606178,0.7506566047668457,0.014905741438269615,0.7988792657852173,0.0,502.0,252,2,338,0,0,0,300,300,1
315,1260,594,79,596,3,right+B,0.0218258835375309,0.16409339010715485,0.03942176699638367,0.7604571580886841,0.014201848767697811,0.7761737704277039,-1.0,501.0,253,2,337,0,0,0,300,300,1
316,1264,594,79,596,3,right+B,0.020951634272933006,0.158624529838562,0.03715241327881813,0.7696520686149597,0.013619301840662956,0.755403995513916,0.0,501.0,254,2,337,0,0,0,300,300,1
317,1268,594,79,596,3,right+B,0.021508755162358284,0.16001830995082855,0.03784572333097458,0.766798198223114,0.013829014264047146,0.7625335454940796,0.0,501.0,255,2,337,0,0,0,300,300,1
318,1272,594,79,596,3,right+B,0.023465674370527267,0.17100490629673004,0.04253001883625984,0.7476572394371033,0.015342114493250847,0.8058571815490723,0.0,501.0,256,2,337,0,0,0,300,300,1
319,1276,594,79,596,1,right,0.02467205747961998,0.17902275919914246,0.04615308344364166,0.733778715133667,0.016373472288250923,0.8357267379760742,0.0,501.0,257,2,337,0,0,0,300,300,1
320,1280,594,79,596,3,right+B,0.026561887934803963,0.18828965723514557,0.049654521048069,0.7178400754928589,0.01765386573970318,0.8691060543060303,-1.0,500.0,258,2,336,0,0,0,300,300,1
321,1284,594,79,596,3,right+B,0.026319926604628563,0.18693411350250244,0.05028116703033447,0.718940794467926,0.017523979768157005,0.8676758408546448,0.0,500.0,259,2,336,0,0,0,300,300,1
322,1288,594,79,596,3,right+B,0.02686610445380211,0.1892651617527008,0.05160302668809891,0.7141984105110168,0.018067296594381332,0.878095269203186,0.0,500.0,260,2,336,0,0,0,300,300,1
323,1292,594,79,596,3,right+B,0.025433089584112167,0.18285655975341797,0.04962185397744179,0.7252624034881592,0.016826115548610687,0.8547981381416321,0.0,500.0,261,2,336,0,0,0,300,300,1
324,1296,594,79,596,3,right+B,0.024650122970342636,0.17842769622802734,0.04778594151139259,0.7330789566040039,0.016057275235652924,0.8380942940711975,0.0,500.0,262,2,336,0,0,0,300,300,1
325,1300,594,79,596,1,right,0.024642424657940865,0.17726926505565643,0.046600375324487686,0.7355765700340271,0.01591133140027523,0.8326128721237183,-1.0,499.0,263,2,335,0,0,0,300,300,1
326,1304,594,79,596,3,right+B,0.024151308462023735,0.1728373020887375,0.044724296778440475,0.742670476436615,0.015616611577570438,0.8181964159011841,0.0,499.0,264,2,335,0,0,0,300,300,1
327,1308,594,79,596,3,right+B,0.023864999413490295,0.17092090845108032,0.04379657655954361,0.7459635734558105,0.01545401569455862,0.8111569881439209,0.0,499.0,265,2,335,0,0,0,300,300,1
328,1312,594,79,596,3,right+B,0.023004131391644478,0.1660267859697342,0.0412185862660408,0.7551417350769043,0.014608769677579403,0.7901528477668762,0.0,499.0,266,2,335,0,0,0,300,300,1
329,1316,594,79,596,1,right,0.02236524596810341,0.16410353779792786,0.040307480841875076,0.7588975429534912,0.014326214790344238,0.7812023162841797,0.0,499.0,267,2,335,0,0,0,300,300,1
330,1320,594,79,596,3,right+B,0.022059302777051926,0.16177494823932648,0.039809733629226685,0.7620634436607361,0.014292527921497822,0.7749350070953369,-1.0,498.0,268,2,334,0,0,0,300,300,1
331,1324,594,79,596,3,right+B,0.021743247285485268,0.16062362492084503,0.039706576615571976,0.7636234760284424,0.014303057454526424,0.7717604041099548,0.0,498.0,269,2,334,0,0,0,300,300,1
332,1328,594,79,596,3,right+B,0.022075023502111435,0.1632322520017624,0.039708156138658524,0.7605223059654236,0.01446231547743082,0.7776153087615967,0.0,498.0,270,2,334,0,0,0,300,300,1
333,1332,594,79,596,3,right+B,0.022869082167744637,0.16699054837226868,0.04099977761507034,0.7541137337684631,0.015026872046291828,0.7921439409255981,0.0,498.0,271,2,334,0,0,0,300,300,1
334,1336,594,79,596,3,right+B,0.021424107253551483,0.15970949828624725,0.0382503867149353,0.7667290568351746,0.013886992819607258,0.7631948590278625,0.0,498.0,272,2,334,0,0,0,300,300,1
335,1340,594,79,596,3,right+B,0.02139066718518734,0.15834258496761322,0.03830522671341896,0.768241286277771,0.013720211572945118,0.7604176998138428,-1.0,497.0,273,2,333,0,0,0,300,300,1
336,1344,594,79,596,1,right,0.02126976102590561,0.1577656865119934,0.03840923681855202,0.7688660025596619,0.01368933916091919,0.7592594623565674,0.0,497.0,274,2,333,0,0,0,300,300,1
337,1348,594,79,596,3,right+B,0.021060483530163765,0.15761736035346985,0.037606365978717804,0.7701317071914673,0.013584132306277752,0.7554329633712769,0.0,497.0,275,2,333,0,0,0,300,300,1
338,1352,594,79,596,1,right,0.021010152995586395,0.15717247128486633,0.03797636181116104,0.7701536417007446,0.0136873759329319,0.7560773491859436,0.0,497.0,276,2,333,0,0,0,300,300,1
339,1356,594,79,596,1,right,0.021216383203864098,0.15708430111408234,0.03798395022749901,0.7700600624084473,0.013655343092978,0.7565724849700928,0.0,497.0,277,2,333,0,0,0,300,300,1
340,1360,594,79,596,3,right+B,0.021557003259658813,0.1595291644334793,0.03887193277478218,0.7659650444984436,0.014076823368668556,0.7660050392150879,-1.0,496.0,278,2,332,0,0,0,300,300,1
341,1364,594,79,596,1,right,0.02115315943956375,0.15800189971923828,0.03812302276492119,0.7688271999359131,0.0138947619125247,0.7591820359230042,0.0,496.0,279,2,332,0,0,0,300,300,1
342,1368,594,79,596,3,right+B,0.02102019265294075,0.15676431357860565,0.03784092888236046,0.7706790566444397,0.013695545494556427,0.7550889849662781,0.0,496.0,280,2,332,0,0,0,300,300,1
343,1372,594,79,596,3,right+B,0.020800944417715073,0.15563924610614777,0.037093453109264374,0.7730825543403625,0.013383852317929268,0.7489787936210632,0.0,496.0,281,2,332,0,0,0,300,300,1
344,1376,594,79,596,3,right+B,0.021462446078658104,0.1593780517578125,0.0386107973754406,0.7665976285934448,0.013951103202998638,0.7641474604606628,0.0,496.0,282,2,332,0,0,0,300,300,1
345,1380,594,79,596,0,NOOP,0.021491413936018944,0.15912491083145142,0.038730207830667496,0.7665753960609436,0.01407811138778925,0.7647179961204529,-1.0,495.0,283,2,331,0,0,0,300,300,1
346,1384,594,79,596,3,right+B,0.021545816212892532,0.15832394361495972,0.038605738431215286,0.7676106691360474,0.013913830742239952,0.7626209259033203,0.0,495.0,284,2,331,0,0,0,300,300,1
347,1388,594,79,596,3,right+B,0.022313237190246582,0.16213200986385345,0.040037281811237335,0.7611418962478638,0.014375617727637291,0.7773867845535278,0.0,495.0,285,2,331,0,0,0,300,300,1
348,1392,594,79,596,1,right,0.022244485095143318,0.16170430183410645,0.03958122059702873,0.7622439861297607,0.014225938357412815,0.7745406031608582,0.0,495.0,286,2,331,0,0,0,300,300,1
349,1396,594,79,596,3,right+B,0.021353542804718018,0.1582992672920227,0.03826185315847397,0.7683521509170532,0.013733196072280407,0.7601385116577148,0.0,495.0,287,2,331,0,0,0,300,300,1
350,1400,594,79,596,3,right+B,0.02204250358045101,0.16112986207008362,0.03975684195756912,0.7627816200256348,0.014289169572293758,0.773704469203949,-1.0,494.0,288,2,330,0,0,0,300,300,1
351,1404,594,79,596,3,right+B,0.022543150931596756,0.16190816462039948,0.040683530271053314,0.7604237198829651,0.014441409148275852,0.7800094485282898,0.0,494.0,289,2,330,0,0,0,300,300,1
352,1408,594,79,596,3,right+B,0.022768011316657066,0.1641475409269333,0.04130389168858528,0.7570831775665283,0.014697406440973282,0.7870648503303528,0.0,494.0,290,2,330,0,0,0,300,300,1
353,1412,594,79,596,1,right,0.023020867258310318,0.1649111956357956,0.04126871004700661,0.7559754848480225,0.01482376642525196,0.7895094156265259,0.0,494.0,291,2,330,0,0,0,300,300,1
354,1416,594,79,596,1,right,0.022753233090043068,0.1633206605911255,0.040981438010931015,0.7583266496658325,0.014617960900068283,0.7844935059547424,0.0,494.0,292,2,330,0,0,0,300,300,1
355,1420,594,79,596,3,right+B,0.023395292460918427,0.16722843050956726,0.042464885860681534,0.7518943548202515,0.015017030760645866,0.7985345125198364,-1.0,493.0,293,2,329,0,0,0,300,300,1
356,1424,594,93,596,2,right+A,0.024090511724352837,0.1718938946723938,0.04456745833158493,0.7437149882316589,0.015733199194073677,0.8166182637214661,0.0,493.0,294,2,329,0,0,0,300,300,1
357,1428,594,108,596,3,right+B,0.024228297173976898,0.17460866272449493,0.045385535806417465,0.7397934198379517,0.01598409190773964,0.8242957592010498,0.0,493.0,295,2,329,0,0,0,300,300,1
358,1432,594,112,596,3,right+B,0.025173624977469444,0.18061897158622742,0.04667099937796593,0.731093168258667,0.016443289816379547,0.8413580060005188,0.0,493.0,296,2,329,0,0,0,300,300,1
359,1436,594,106,596,3,right+B,0.026629991829395294,0.18743804097175598,0.05083492025732994,0.7171167135238647,0.017980337142944336,0.8725343942642212,0.0,493.0,297,2,329,0,0,0,300,300,1
360,1440,594,89,596,3,right+B,0.025632649660110474,0.1845243126153946,0.049744974821805954,0.7225109934806824,0.01758703775703907,0.8609279990196228,-1.0,492.0,298,2,328,0,0,0,300,300,1
361,1444,594,79,596,3,right+B,0.025144388899207115,0.18283633887767792,0.04871721565723419,0.726310670375824,0.016991393640637398,0.8519871830940247,0.0,492.0,299,2,328,0,0,0,300,300,1
362,1448,594,79,596,3,right+B,0.024399826303124428,0.17901919782161713,0.04663873091340065,0.7335654497146606,0.016376737505197525,0.8361498117446899,0.0,492.0,300,2,328,0,0,0,300,300,1
363,1452,594,79,596,3,right+B,0.024104801937937737,0.17584605515003204,0.04470996931195259,0.7395954132080078,0.01574377901852131,0.822841465473175,0.0,492.0,301,2,328,0,0,0,300,300,1
364,1456,594,79,596,1,right,0.02313462272286415,0.17347338795661926,0.04349863529205322,0.7442789673805237,0.015614401549100876,0.812146782875061,0.0,492.0,302,2,328,0,0,0,300,300,1
365,1460,594,79,596,3,right+B,0.02353902906179428,0.17426490783691406,0.04415585845708847,0.7421851754188538,0.01585502177476883,0.8174843788146973,-1.0,491.0,303,2,327,0,0,0,300,300,1
366,1464,594,79,596,3,right+B,0.022722795605659485,0.16925251483917236,0.04180470108985901,0.7511021494865417,0.015117761678993702,0.7977128028869629,0.0,491.0,304,2,327,0,0,0,300,300,1
367,1468,594,79,596,1,right,0.021338652819395065,0.16170533001422882,0.039135754108428955,0.7637845873832703,0.01403561607003212,0.7692413330078125,0.0,491.0,305,2,327,0,0,0,300,300,1
368,1472,594,93,596,4,right+A+B,0.02239752747118473,0.16696178913116455,0.040363773703575134,0.7558385729789734,0.014438317157328129,0.7862721085548401,0.0,491.0,306,2,327,0,0,0,300,300,1
369,1476,594,108,596,3,right+B,0.022500302642583847,0.1684083491563797,0.04147636145353317,0.7528985738754272,0.01471631322056055,0.7931480407714844,0.0,491.0,307,2,327,0,0,0,300,300,1
370,1480,594,112,596,3,right+B,0.021994585171341896,0.16512902081012726,0.04069795459508896,0.7578389048576355,0.014339628629386425,0.7826570868492126,-1.0,490.0,308,2,326,0,0,0,300,300,1
371,1484,594,106,596,3,right+B,0.02432451955974102,0.17633526027202606,0.04696453735232353,0.735885739326477,0.01648988388478756,0.8334105610847473,0.0,490.0,309,2,326,0,0,0,300,300,1
372,1488,594,89,596,1,right,0.024945368990302086,0.18043412268161774,0.04818630963563919,0.729408860206604,0.017025377601385117,0.8466712236404419,0.0,490.0,310,2,326,0,0,0,300,300,1
373,1492,594,79,596,3,right+B,0.023990165442228317,0.17354685068130493,0.04458659142255783,0.7423568964004517,0.015519379638135433,0.8179137706756592,0.0,490.0,311,2,326,0,0,0,300,300,1
374,1496,594,79,596,3,right+B,0.022943850606679916,0.16865617036819458,0.04191138595342636,0.7517939209938049,0.01469475869089365,0.7962448596954346,0.0,490.0,312,2,326,0,0,0,300,300,1
375,1500,594,79,596,3,right+B,0.022755863144993782,0.16760531067848206,0.040959570556879044,0.7541428208351135,0.014536416158080101,0.7906278371810913,-1.0,489.0,313,2,325,0,0,0,300,300,1
376,1504,594,93,596,4,right+A+B,0.021773898974061012,0.16426081955432892,0.0386287122964859,0.761362612247467,0.013974017463624477,0.7729813456535339,0.0,489.0,314,2,325,0,0,0,300,300,1
377,1508,594,108,596,3,right+B,0.022277718409895897,0.16520723700523376,0.04045269638299942,0.7574104070663452,0.01465193647891283,0.7842940092086792,0.0,489.0,315,2,325,0,0,0,300,300,1
378,1512,594,112,596,3,right+B,0.022944310680031776,0.169498473405838,0.04232819378376007,0.7500345706939697,0.015194417908787727,0.800660252571106,0.0,489.0,316,2,325,0,0,0,300,300,1
379,1516,594,106,596,3,right+B,0.02252534218132496,0.16787965595722198,0.041974298655986786,0.7525373101234436,0.015083384700119495,0.7953234910964966,0.0,489.0,317,2,325,0,0,0,300,300,1
380,1520,594,89,596,1,right,0.02192428708076477,0.16593846678733826,0.03998464345932007,0.7574726939201355,0.014679940417408943,0.7828933596611023,-1.0,488.0,318,2,324,0,0,0,300,300,1
381,1524,594,79,596,1,right,0.021188437938690186,0.15792952477931976,0.03740863874554634,0.7699809074401855,0.01349241379648447,0.7554198503494263,0.0,488.0,319,2,324,0,0,0,300,300,1
382,1528,594,79,596,1,right,0.022111356258392334,0.16307654976844788,0.03951997682452202,0.7611979842185974,0.014094137586653233,0.7754841446876526,0.0,488.0,320,2,324,0,0,0,300,300,1
383,1532,594,79,596,1,right,0.024024521932005882,0.17518001794815063,0.04458816722035408,0.7409794926643372,0.015227854251861572,0.8192704319953918,0.0,488.0,321,2,324,0,0,0,300,300,1
384,1536,594,79,596,3,right+B,0.025258177891373634,0.1831880360841751,0.04734116047620773,0.7275233268737793,0.016689341515302658,0.8479787707328796,0.0,488.0,322,2,324,0,0,0,300,300,1
385,1540,594,79,596,3,right+B,0.02561427652835846,0.18514521420001984,0.04886215180158615,0.7232090830802917,0.017169281840324402,0.8577852845191956,-1.0,487.0,323,2,323,0,0,0,300,300,1
386,1544,594,79,596,3,right+B,0.026400750502943993,0.18780964612960815,0.05080164223909378,0.7171947360038757,0.01779317855834961,0.8714979290962219,0.0,487.0,324,2,323,0,0,0,300,300,1
387,1548,594,79,596,3,right+B,0.025728801265358925,0.18424439430236816,0.0497409924864769,0.7229794263839722,0.017306417226791382,0.8598106503486633,0.0,487.0,325,2,323,0,0,0,300,300,1
388,1552,594,79,596,3,right+B,0.025157177820801735,0.18172605335712433,0.049075473099946976,0.7271344065666199,0.016906864941120148,0.8511439561843872,0.0,487.0,326,2,323,0,0,0,300,300,1
389,1556,594,79,596,1,right,0.024824123829603195,0.17812660336494446,0.04718514904379845,0.733569324016571,0.016294797882437706,0.8375198841094971,0.0,487.0,327,2,323,0,0,0,300,300,1
390,1560,594,79,596,3,right+B,0.023738786578178406,0.16974493861198425,0.043391838669776917,0.7479749321937561,0.015149438753724098,0.8066493272781372,-1.0,486.0,328,2,322,0,0,0,300,300,1
391,1564,594,93,596,4,right+A+B,0.024297816678881645,0.17330683767795563,0.04471178352832794,0.7419594526290894,0.015724146738648415,0.8197612166404724,0.0,486.0,329,2,322,0,0,0,300,300,1
392,1568,594,108,596,3,right+B,0.024134628474712372,0.17248713970184326,0.04415317624807358,0.7434497475624084,0.015775343403220177,0.8166319131851196,0.0,486.0,330,2,322,0,0,0,300,300,1
393,1572,594,112,596,4,right+A+B,0.022629771381616592,0.1666482537984848,0.041159242391586304,0.7549320459365845,0.014630642719566822,0.7896965146064758,0.0,486.0,331,2,322,0,0,0,300,300,1
394,1576,594,106,596,3,right+B,0.02189622074365616,0.16215628385543823,0.04021880030632019,0.7615457773208618,0.014182939194142818,0.7757163047790527,0.0,486.0,332,2,322,0,0,0,300,300,1
395,1580,594,89,596,3,right+B,0.02167738787829876,0.1620897352695465,0.040272459387779236,0.7615833878517151,0.014376994222402573,0.775765061378479,-1.0,485.0,333,2,321,0,0,0,300,300,1
396,1584,594,79,596,3,right+B,0.02135337144136429,0.15818440914154053,0.0390496626496315,0.7675193548202515,0.013893209397792816,0.7629543542861938,0.0,485.0,334,2,321,0,0,0,300,300,1
397,1588,594,79,596,3,right+B,0.02161306142807007,0.1600772887468338,0.03863810747861862,0.7657415270805359,0.01392997708171606,0.765778660774231,0.0,485.0,335,2,321,0,0,0,300,300,1
398,1592,594,79,596,3,right+B,0.02124653570353985,0.15816019475460052,0.03762257471680641,0.7694738507270813,0.013496838510036469,0.7566578388214111,0.0,485.0,336,2,321,0,0,0,300,300,1
399,1596,594,79,596,3,right+B,0.020748602226376534,0.15562909841537476,0.03702404722571373,0.7730422616004944,0.01355601567775011,0.7492594718933105,0.0,485.0,337,2,321,0,0,0,300,300,1
400,1600,594,79,596,3,right+B,0.0215025395154953,0.15918205678462982,0.03892941027879715,0.7661797404289246,0.014206201769411564,0.7659531235694885,-1.0,484.0,338,2,320,0,0,0,300,300,1
401,1604,594,79,596,1,right,0.021162187680602074,0.1568026840686798,0.037712618708610535,0.7706432342529297,0.013679304160177708,0.7552087306976318,0.0,484.0,339,2,320,0,0,0,300,300,1
402,1608,594,79,596,3,right+B,0.02127016894519329,0.15806524455547333,0.038106802850961685,0.7687240242958069,0.013833720237016678,0.7594082951545715,0.0,484.0,340,2,320,0,0,0,300,300,1
403,1612,594,79,596,3,right+B,0.021518150344491005,0.15913860499858856,0.038706377148628235,0.7664852142333984,0.014151718467473984,0.765058159828186,0.0,484.0,341,2,320,0,0,0,300,300,1
404,1616,594,79,596,3,right+B,0.021475769579410553,0.15868215262889862,0.038784753531217575,0.7669789791107178,0.01407829113304615,0.7641287446022034,0.0,484.0,342,2,320,0,0,0,300,300,1
405,1620,594,93,596,4,right+A+B,0.021016908809542656,0.15634654462337494,0.037553709000349045,0.7715414762496948,0.013541387394070625,0.752921998500824,-1.0,483.0,343,2,319,0,0,0,300,300,1
406,1624,594,108,596,3,right+B,0.021890914067626,0.1623055785894394,0.04004225134849548,0.7614710927009583,0.014290107414126396,0.7758350968360901,0.0,483.0,344,2,319,0,0,0,300,300,1
407,1628,594,112,596,3,right+B,0.021798955276608467,0.16279979050159454,0.03966047242283821,0.7614729404449463,0.014267854392528534,0.7750571370124817,0.0,483.0,345,2,319,0,0,0,300,300,1
408,1632,594,106,596,1,right,0.0213431715965271,0.15908695757389069,0.039491910487413406,0.7659690976142883,0.014108877629041672,0.7665172219276428,0.0,483.0,346,2,319,0,0,0,300,300,1
409,1636,594,89,596,3,right+B,0.02153431996703148,0.16164317727088928,0.03952408954501152,0.7629584670066833,0.014339988119900227,0.7722086310386658,0.0,483.0,347,2,319,0,0,0,300,300,1
410,1640,594,79,596,3,right+B,0.021462226286530495,0.15712156891822815,0.03852969408035278,0.7690480947494507,0.013838442973792553,0.7598882913589478,-1.0,482.0,348,2,318,0,0,0,300,300,1
411,1644,594,79,596,3,right+B,0.021479593589901924,0.15674954652786255,0.03823073208332062,0.769688606262207,0.013851527124643326,0.7585152387619019,0.0,482.0,349,2,318,0,0,0,300,300,1
412,1648,594,79,596,1,right,0.021930156275629997,0.15996159613132477,0.039048563688993454,0.7649843692779541,0.014075305312871933,0.7685312032699585,0.0,482.0,350,2,318,0,0,0,300,300,1
413,1652,594,79,596,1,right,0.02153252623975277,0.1591799110174179,0.03835031017661095,0.7668230533599854,0.014114152640104294,0.7639594078063965,0.0,482.0,351,2,318,0,0,0,300,300,1
414,1656,594,79,596,3,right+B,0.021963609382510185,0.16065774857997894,0.03932715579867363,0.7637520432472229,0.014299450442194939,0.7714587450027466,0.0,482.0,352,2,318,0,0,0,300,300,1
415,1660,594,93,596,2,right+A,0.022511381655931473,0.1619667410850525,0.04009529948234558,0.7609319090843201,0.014494616538286209,0.7784720659255981,-1.0,481.0,353,2,317,0,0,0,300,300,1
416,1664,594,109,596,4,right+A+B,0.023714883252978325,0.16841228306293488,0.043440766632556915,0.7488353252410889,0.015596804209053516,0.8064619898796082,0.0,481.0,354,2,317,0,0,0,300,300,1
417,1668,594,121,596,3,right+B,0.023524900898337364,0.16879770159721375,0.04272793233394623,0.7496422529220581,0.015307207591831684,0.8032201528549194,0.0,481.0,355,2,317,0,0,0,300,300,1
418,1672,595,122,596,3,right+B,0.023219728842377663,0.16641896963119507,0.042250361293554306,0.7531444430351257,0.014966506510972977,0.7958900928497314,0.0,481.0,356,2,317,0,0,0,300,300,1
419,1676,594,113,596,3,right+B,0.02333676628768444,0.16827939450740814,0.042769163846969604,0.7505293488502502,0.015085321851074696,0.8010473251342773,0.0,481.0,357,2,317,0,0,0,300,300,1
420,1680,594,94,596,3,right+B,0.024389192461967468,0.17078664898872375,0.04470480978488922,0.7445673942565918,0.015551969408988953,0.815701425075531,-1.0,480.0,358,2,316,0,0,0,300,300,1
421,1684,594,79,596,3,right+B,0.022966822609305382,0.1669187843799591,0.04235110804438591,0.752873957157135,0.014889347366988659,0.7957502603530884,0.0,480.0,359,2,316,0,0,0,300,300,1
422,1688,594,79,596,1,right,0.02438949979841709,0.1741321086883545,0.04534122720360756,0.7405162453651428,0.015620878897607327,0.8226366639137268,0.0,480.0,360,2,316,0,0,0,300,300,1
423,1692,594,79,596,1,right,0.02606026455760002,0.1824159175157547,0.047977957874536514,0.726603090763092,0.016942748799920082,0.8522846698760986,0.0,480.0,361,2,316,0,0,0,300,300,1
424,1696,594,79,596,1,right,0.026364460587501526,0.18480879068374634,0.049470145255327225,0.7217358946800232,0.017620649188756943,0.8631374835968018,0.0,480.0,362,2,316,0,0,0,300,300,1
425,1700,594,79,596,3,right+B,0.02577529475092888,0.1833922117948532,0.04903288558125496,0.7242302298545837,0.017569351941347122,0.8578767776489258,-1.0,479.0,363,2,315,0,0,0,300,300,1
426,1704,594,79,596,3,right+B,0.026236388832330704,0.18770946562290192,0.049561772495508194,0.7187785506248474,0.01771385781466961,0.8672275543212891,0.0,479.0,364,2,315,0,0,0,300,300,1
427,1708,594,79,596,3,right+B,0.025536904111504555,0.18363076448440552,0.04825618118047714,0.7255923748016357,0.016983777284622192,0.8531215190887451,0.0,479.0,365,2,315,0,0,0,300,300,1
428,1712,594,79,596,3,right+B,0.025342639535665512,0.18383222818374634,0.0475059449672699,0.7263347506523132,0.016984418034553528,0.8507100939750671,0.0,479.0,366,2,315,0,0,0,300,300,1
429,1716,594,79,596,3,right+B,0.024573450908064842,0.17951950430870056,0.046517740935087204,0.7328853011131287,0.016503995284438133,0.8375945091247559,0.0,479.0,367,2,315,0,0,0,300,300,1
430,1720,594,79,596,3,right+B,0.024024102836847305,0.1760280579328537,0.04475287348031998,0.7394037246704102,0.01579112932085991,0.8231289386749268,-1.0,478.0,368,2,314,0,0,0,300,300,1
431,1724,594,79,596,3,right+B,0.022434620186686516,0.16831427812576294,0.0414348803460598,0.7531770467758179,0.01463924441486597,0.7923528552055359,0.0,478.0,369,2,314,0,0,0,300,300,1
432,1728,594,79,596,3,right+B,0.02178538218140602,0.1644400805234909,0.03959903493523598,0.7601749897003174,0.014000463299453259,0.7762824892997742,0.0,478.0,370,2,314,0,0,0,300,300,1
433,1732,594,79,596,3,right+B,0.021643944084644318,0.16371233761310577,0.038966983556747437,0.761971116065979,0.013705594465136528,0.7716079354286194,0.0,478.0,371,2,314,0,0,0,300,300,1
434,1736,594,79,596,1,right,0.021597135812044144,0.1624259650707245,0.039044737815856934,0.763265073299408,0.013667156919836998,0.7695335745811462,0.0,478.0,372,2,314,0,0,0,300,300,1
435,1740,594,79,596,3,right+B,0.02297552116215229,0.1689898818731308,0.04241788759827614,0.7506597638130188,0.014956902712583542,0.7993413209915161,-1.0,477.0,373,2,313,0,0,0,300,300,1
436,1744,594,79,596,3,right+B,0.024849995970726013,0.1777978092432022,0.046272777020931244,0.7345274090766907,0.01655196212232113,0.835605800151825,0.0,477.0,374,2,313,0,0,0,300,300,1
437,1748,594,79,596,3,right+B,0.023838387802243233,0.1723320037126541,0.04377814009785652,0.7444654703140259,0.015586032532155514,0.8135963082313538,0.0,477.0,375,2,313,0,0,0,300,300,1
438,1752,594,79,596,3,right+B,0.024040445685386658,0.17398032546043396,0.04389546439051628,0.7425353527069092,0.015548470430076122,0.8168792724609375,0.0,477.0,376,2,313,0,0,0,300,300,1
439,1756,594,79,596,3,right+B,0.024485033005475998,0.17606310546398163,0.04444403946399689,0.7389670610427856,0.016040662303566933,0.8248448371887207,0.0,477.0,377,2,313,0,0,0,300,300,1
440,1760,594,79,596,3,right+B,0.023105712607502937,0.1701124757528305,0.04159720614552498,0.7502221465110779,0.014962531626224518,0.7991207838058472,-1.0,476.0,378,2,312,0,0,0,300,300,1
441,1764,594,79,596,3,right+B,0.021534457802772522,0.16100241243839264,0.03791305795311928,0.7659415006637573,0.013608583249151707,0.7634795904159546,0.0,476.0,379,2,312,0,0,0,300,300,1
442,1768,594,79,596,3,right+B,0.022776318714022636,0.16633965075016022,0.040749795734882355,0.7558053731918335,0.014328922145068645,0.7873568534851074,0.0,476.0,380,2,312,0,0,0,300,300,1
443,1772,594,79,596,3,right+B,0.023212401196360588,0.17075082659721375,0.04267403855919838,0.7484492063522339,0.014913568273186684,0.8033448457717896,0.0,476.0,381,2,312,0,0,0,300,300,1
444,1776,594,79,596,1,right,0.022235596552491188,0.16611172258853912,0.040872517973184586,0.7564660906791687,0.014314108528196812,0.7854107022285461,0.0,476.0,382,2,312,0,0,0,300,300,1
445,1780,594,93,596,2,right+A,0.021227611228823662,0.15990698337554932,0.03772483021020889,0.7676253914833069,0.01351520512253046,0.759724497795105,-1.0,475.0,383,2,311,0,0,0,300,300,1
446,1784,594,108,596,3,right+B,0.021809224039316177,0.16227255761623383,0.03924707695841789,0.7624182105064392,0.014252852648496628,0.7729954123497009,0.0,475.0,384,2,311,0,0,0,300,300,1
447,1788,594,112,596,3,right+B,0.02422138676047325,0.1760990172624588,0.044123150408267975,0.7396370768547058,0.015919378027319908,0.8226281404495239,0.0,475.0,385,2,311,0,0,0,300,300,1
448,1792,594,106,596,3,right+B,0.025228219106793404,0.18116432428359985,0.04784371703863144,0.7288499474525452,0.01691386289894581,0.8472912311553955,0.0,475.0,386,2,311,0,0,0,300,300,1
449,1796,594,89,596,3,right+B,0.026404675096273422,0.1887284368276596,0.05009352043271065,0.7167063355445862,0.018067149445414543,0.8718703985214233,0.0,475.0,387,2,311,0,0,0,300,300,1
450,1800,594,79,596,3,right+B,0.027029838413000107,0.18947024643421173,0.05196316912770271,0.7133966088294983,0.0181401539593935,0.88011634349823,-1.0,474.0,388,2,310,0,0,0,300,300,1
451,1804,594,79,596,3,right+B,0.02600044198334217,0.18272192776203156,0.04947822913527489,0.7244036197662354,0.01739567518234253,0.8582553267478943,0.0,474.0,389,2,310,0,0,0,300,300,1
452,1808,594,79,596,3,right+B,0.026006897911429405,0.18401861190795898,0.04994305223226547,0.7230581641197205,0.016973251476883888,0.8597217202186584,0.0,474.0,390,2,310,0,0,0,300,300,1
453,1812,594,93,596,2,right+A,0.025756271556019783,0.18412046134471893,0.04995294660329819,0.7230205535888672,0.0171497855335474,0.8597145080566406,0.0,474.0,391,2,310,0,0,0,300,300,1
454,1816,594,108,596,3,right+B,0.025650106370449066,0.18071086704730988,0.0486564002931118,0.7283264398574829,0.01665624976158142,0.8493096232414246,0.0,474.0,392,2,310,0,0,0,300,300,1
455,1820,594,112,596,0,NOOP,0.02494361810386181,0.17748960852622986,0.046432919800281525,0.7351216673851013,0.016012217849493027,0.8338713645935059,-1.0,473.0,393,2,309,0,0,0,300,300,1
456,1824,594,106,596,3,right+B,0.02425948530435562,0.17279019951820374,0.045099686831235886,0.742071807384491,0.015778806060552597,0.8201764225959778,0.0,473.0,394,2,309,0,0,0,300,300,1
457,1828,594,89,596,2,right+A,0.022962171584367752,0.16844508051872253,0.042198095470666885,0.7514118552207947,0.014982800930738449,0.7979504466056824,0.0,473.0,395,2,309,0,0,0,300,300,1
458,1832,594,79,596,3,right+B,0.021859563887119293,0.16077612340450287,0.03972269222140312,0.7637268900871277,0.013914668932557106,0.7709091901779175,0.0,473.0,396,2,309,0,0,0,300,300,1
459,1836,594,79,596,1,right,0.021554414182901382,0.15822449326515198,0.038836147636175156,0.7676277756690979,0.013757066801190376,0.7625533938407898,0.0,473.0,397,2,309,0,0,0,300,300,1
460,1840,594,79,596,1,right,0.02151506394147873,0.15882553160190582,0.03926055133342743,0.7665541768074036,0.013844688422977924,0.7649761438369751,-1.0,472.0,398,2,308,0,0,0,300,300,1
461,1844,594,79,596,3,right+B,0.02160356193780899,0.1611727923154831,0.03908756375312805,0.7637944221496582,0.014341684058308601,0.7704365849494934,0.0,472.0,399,2,308,0,0,0,300,300,1
462,1848,594,79,596,3,right+B,0.021972669288516045,0.16325996816158295,0.03947404399514198,0.7607415914535522,0.014551717787981033,0.7769575119018555,0.0,472.0,400,2,308,0,0,0,300,300,1
463,1852,594,79,596,1,right,0.02088826708495617,0.15608763694763184,0.03716195747256279,0.7723060250282288,0.013556099496781826,0.7509175539016724,0.0,472.0,401,2,308,0,0,0,300,300,1
464,1856,594,79,596,3,right+B,0.021504445001482964,0.15953396260738373,0.03885095939040184,0.7659251093864441,0.014185511507093906,0.7661963105201721,0.0,472.0,402,2,308,0,0,0,300,300,1
465,1860,594,79,596,3,right+B,0.02168457768857479,0.160665825009346,0.039319224655628204,0.7639645934104919,0.014365735463798046,0.7707193493843079,-1.0,471.0,403,2,307,0,0,0,300,300,1
466,1864,594,79,596,3,right+B,0.020982393994927406,0.15693418681621552,0.03785187378525734,0.770648181438446,0.013583295978605747,0.7548035383224487,0.0,471.0,404,2,307,0,0,0,300,300,1
467,1868,594,79,596,3,right+B,0.020911719650030136,0.1561356484889984,0.037341296672821045,0.7722989320755005,0.013312408700585365,0.7506354451179504,0.0,471.0,405,2,307,0,0,0,300,300,1
468,1872,594,79,596,3,right+B,0.021142136305570602,0.1573951542377472,0.0383707657456398,0.7694240212440491,0.013667850755155087,0.7580116987228394,0.0,471.0,406,2,307,0,0,0,300,300,1
469,1876,594,79,596,3,right+B,0.021170644089579582,0.1581723988056183,0.03846287354826927,0.7683365941047668,0.013857459649443626,0.7603840231895447,0.0,471.0,407,2,307,0,0,0,300,300,1
470,1880,594,79,596,3,right+B,0.020865676924586296,0.15612836182117462,0.03765309602022171,0.771807074546814,0.013545836322009563,0.7523464560508728,-1.0,470.0,408,2,306,0,0,0,300,300,1
471,1884,594,79,596,3,right+B,0.02110796421766281,0.1575128138065338,0.0380123108625412,0.7697631120681763,0.01360387820750475,0.7567411065101624,0.0,470.0,409,2,306,0,0,0,300,300,1
472,1888,594,93,596,4,right+A+B,0.021363623440265656,0.15901879966259003,0.03852209821343422,0.7671823501586914,0.013913189060986042,0.7628118395805359,0.0,470.0,410,2,306,0,0,0,300,300,1
473,1892,594,108,596,3,right+B,0.022044962272047997,0.16306716203689575,0.04029373824596405,0.7599354982376099,0.01465863361954689,0.7797558307647705,0.0,470.0,411,2,306,0,0,0,300,300,1
474,1896,594,112,596,3,right+B,0.021891430020332336,0.16236969828605652,0.03958598151803017,0.7616506218910217,0.014502216130495071,0.7754314541816711,0.0,470.0,412,2,306,0,0,0,300,300,1
475,1900,594,106,596,1,right,0.02193313091993332,0.16074950993061066,0.04012567922472954,0.7624551653862,0.0147365378215909,0.7755851745605469,-1.0,469.0,413,2,305,0,0,0,300,300,1
476,1904,594,89,596,3,right+B,0.022236207500100136,0.16420598328113556,0.04087262600660324,0.7575874924659729,0.015097763389348984,0.7856003642082214,0.0,469.0,414,2,305,0,0,0,300,300,1
477,1908,594,79,596,1,right,0.021867524832487106,0.15886333584785461,0.03941890597343445,0.7655993700027466,0.01425084751099348,0.7683864235877991,0.0,469.0,415,2,305,0,0,0,300,300,1
478,1912,594,79,596,3,right+B,0.021372808143496513,0.1571916937828064,0.038149673491716385,0.7697062492370605,0.01357961818575859,0.7574971914291382,0.0,469.0,416,2,305,0,0,0,300,300,1
479,1916,594,79,596,3,right+B,0.02207978069782257,0.16023340821266174,0.039486393332481384,0.7643102407455444,0.01389026828110218,0.7700468301773071,0.0,469.0,417,2,305,0,0,0,300,300,1
480,1920,594,79,596,3,right+B,0.021848104894161224,0.15937499701976776,0.03973167762160301,0.7649034857749939,0.014141678810119629,0.7696121335029602,-1.0,468.0,418,2,304,0,0,0,300,300,1
481,1924,594,79,596,3,right+B,0.022252894937992096,0.16234247386455536,0.040884826332330704,0.7600862979888916,0.014433476142585278,0.780214786529541,0.0,468.0,419,2,304,0,0,0,300,300,1
482,1928,594,79,596,3,right+B,0.0225590318441391,0.16266147792339325,0.040560945868492126,0.7599185705184937,0.014299973845481873,0.780308187007904,0.0,468.0,420,2,304,0,0,0,300,300,1
483,1932,594,79,596,3,right+B,0.02278238907456398,0.1643763929605484,0.04122105613350868,0.7570569515228271,0.01456320472061634,0.7866941690444946,0.0,468.0,421,2,304,0,0,0,300,300,1
484,1936,594,79,596,3,right+B,0.0235004685819149,0.16841958463191986,0.042798858135938644,0.7500131130218506,0.015268019400537014,0.8026219606399536,0.0,468.0,422,2,304,0,0,0,300,300,1
485,1940,594,79,596,3,right+B,0.02349397912621498,0.1690758764743805,0.043503545224666595,0.7485109567642212,0.015415569767355919,0.80616295337677,-1.0,467.0,423,2,303,0,0,0,300,300,1
486,1944,594,79,596,3,right+B,0.02362731099128723,0.17056122422218323,0.0435907244682312,0.7469236254692078,0.015297162346541882,0.8086135387420654,0.0,467.0,424,2,303,0,0,0,300,300,1
487,1948,594,79,596,3,right+B,0.024904713034629822,0.1782642900943756,0.045988623052835464,0.7345109581947327,0.01633141003549099,0.8348276615142822,0.0,467.0,425,2,303,0,0,0,300,300,1
488,1952,594,79,596,1,right,0.026469264179468155,0.18515215814113617,0.04946841672062874,0.7211059927940369,0.017804211005568504,0.8646271228790283,0.0,467.0,426,2,303,0,0,0,300,300,1
489,1956,594,79,596,1,right,0.02568090334534645,0.18187487125396729,0.04870031774044037,0.7264058589935303,0.01733810268342495,0.8537099361419678,0.0,467.0,427,2,303,0,0,0,300,300,1
490,1960,594,79,596,3,right+B,0.025944916531443596,0.18648089468479156,0.04936143755912781,0.720813512802124,0.017399201169610023,0.86290043592453,-1.0,466.0,428,2,302,0,0,0,300,300,1
491,1964,594,79,596,3,right+B,0.025321735069155693,0.18427078425884247,0.0485447458922863,0.7249181270599365,0.01694459095597267,0.8539125919342041,0.0,466.0,429,2,302,0,0,0,300,300,1
492,1968,594,79,596,3,right+B,0.024546533823013306,0.1803431659936905,0.04673154652118683,0.7319552302360535,0.016423474997282028,0.8389428853988647,0.0,466.0,430,2,302,0,0,0,300,300,1
493,1972,594,79,596,1,right,0.02386762760579586,0.17755135893821716,0.04517454653978348,0.7375617027282715,0.01584474928677082,0.8261563777923584,0.0,466.0,431,2,302,0,0,0,300,300,1
494,1976,594,79,596,3,right+B,0.02344387210905552,0.17450736463069916,0.043800223618745804,0.742712676525116,0.015535833314061165,0.8152709603309631,0.0,466.0,432,2,302,0,0,0,300,300,1
495,1980,594,79,596,3,right+B,0.02251664362847805,0.16927874088287354,0.04144344851374626,0.7517724633216858,0.014988637529313564,0.795479416847229,-1.0,465.0,433,2,301,0,0,0,300,300,1
496,1984,594,79,596,3,right+B,0.02115771733224392,0.1609969139099121,0.03833162412047386,0.7656589150428772,0.01385490596294403,0.7643685340881348,0.0,465.0,434,2,301,0,0,0,300,300,1
497,1988,594,79,596,3,right+B,0.021865569055080414,0.1635580062866211,0.038917794823646545,0.7617906928062439,0.013867993839085102,0.7726640105247498,0.0,465.0,435,2,301,0,0,0,300,300,1
498,1992,594,79,596,3,right+B,0.022364091128110886,0.16673415899276733,0.040707990527153015,0.7558609247207642,0.014332817867398262,0.7863995432853699,0.0,465.0,436,2,301,0,0,0,300,300,1
499,1996,594,79,596,3,right+B,0.022489769384264946,0.16625560820102692,0.041330158710479736,0.7552487254142761,0.014675786718726158,0.7892860770225525,0.0,465.0,437,2,301,0,0,0,300,300,1
500,2000,594,79,596,3,right+B,0.02425835095345974,0.17449170351028442,0.045412592589855194,0.7397429347038269,0.016094358637928963,0.8247275352478027,-1.0,464.0,438,2,300,0,0,0,300,300,1
501,2004,594,79,596,3,right+B,0.024399947375059128,0.17516502737998962,0.04504372179508209,0.739467978477478,0.01592334732413292,0.8244959712028503,0.0,464.0,439,2,300,0,0,0,300,300,1
502,2008,594,79,596,3,right+B,0.023419102653861046,0.17138291895389557,0.043112922459840775,0.7470160722732544,0.015068994835019112,0.8068561553955078,0.0,464.0,440,2,300,0,0,0,300,300,1
503,2012,594,79,596,1,right,0.023684583604335785,0.17279261350631714,0.04363405704498291,0.7445240616798401,0.015364708378911018,0.8124738335609436,0.0,464.0,441,2,300,0,0,0,300,300,1
504,2016,594,79,596,3,right+B,0.02285308949649334,0.16884754598140717,0.041644394397735596,0.7518710494041443,0.01478390209376812,0.7957926988601685,0.0,464.0,442,2,300,0,0,0,300,300,1
505,2020,594,79,596,3,right+B,0.021741552278399467,0.16403140127658844,0.0391552560031414,0.7612284421920776,0.013843361288309097,0.7735574841499329,-1.0,463.0,443,2,299,0,0,0,300,300,1
506,2024,594,79,596,3,right+B,0.021869642660021782,0.16282759606838226,0.03896234929561615,0.7623130679130554,0.014027374796569347,0.7723230719566345,0.0,463.0,444,2,299,0,0,0,300,300,1
507,2028,594,79,596,1,right,0.022259974852204323,0.16564476490020752,0.041111864149570465,0.7562786936759949,0.014704654924571514,0.7870301008224487,0.0,463.0,445,2,299,0,0,0,300,300,1
508,2032,594,79,596,3,right+B,0.022203117609024048,0.16662752628326416,0.04091687873005867,0.7557626366615295,0.014489767141640186,0.7869022488594055,0.0,463.0,446,2,299,0,0,0,300,300,1
509,2036,594,79,596,1,right,0.02221602387726307,0.16577143967151642,0.040326401591300964,0.757246732711792,0.01443943940103054,0.7837244272232056,0.0,463.0,447,2,299,0,0,0,300,300,1
510,2040,594,79,596,3,right+B,0.021200628951191902,0.15935026109218597,0.037591468542814255,0.7680589556694031,0.013798669911921024,0.759493350982666,-1.0,462.0,448,2,298,0,0,0,300,300,1
511,2044,594,79,596,1,right,0.02237268164753914,0.16562329232692719,0.04068777710199356,0.7564644813537598,0.014851691201329231,0.7867360711097717,0.0,462.0,449,2,298,0,0,0,300,300,1
512,2048,594,79,596,1,right,0.02419210784137249,0.1769234985113144,0.045006655156612396,0.7379839420318604,0.015893831849098206,0.8260912895202637,0.0,462.0,450,2,298,0,0,0,300,300,1
513,2052,594,79,596,3,right+B,0.025323515757918358,0.18329666554927826,0.04748416319489479,0.72693932056427,0.016956353560090065,0.8497440814971924,0.0,462.0,451,2,298,0,0,0,300,300,1
514,2056,594,79,596,3,right+B,0.0264994278550148,0.19023162126541138,0.05094213783740997,0.7143451571464539,0.017981624230742455,0.8761149048805237,0.0,462.0,452,2,298,0,0,0,300,300,1
515,2060,594,79,596,3,right+B,0.026375092566013336,0.18815147876739502,0.05151185020804405,0.7160176634788513,0.017943918704986572,0.8743016719818115,-1.0,461.0,453,2,297,0,0,0,300,300,1
516,2064,594,79,596,3,right+B,0.025455396622419357,0.18263429403305054,0.04931947588920593,0.725620448589325,0.016970336437225342,0.8542964458465576,0.0,461.0,454,2,297,0,0,0,300,300,1
517,2068,594,79,596,3,right+B,0.025178968906402588,0.18277227878570557,0.04963068664073944,0.7254605293273926,0.016957534477114677,0.8543469905853271,0.0,461.0,455,2,297,0,0,0,300,300,1
518,2072,594,79,596,3,right+B,0.024764956906437874,0.17796838283538818,0.04736853390932083,0.7335611581802368,0.01633693091571331,0.8377585411071777,0.0,461.0,456,2,297,0,0,0,300,300,1
519,2076,594,79,596,3,right+B,0.023812156170606613,0.1708940863609314,0.04422115534543991,0.7457051277160645,0.015367420390248299,0.8118011951446533,0.0,461.0,457,2,297,0,0,0,300,300,1
520,2080,594,79,596,3,right+B,0.024538371711969376,0.1744571030139923,0.045306719839572906,0.739813506603241,0.015884244814515114,0.8245317339897156,-1.0,460.0,458,2,296,0,0,0,300,300,1
521,2084,594,79,596,3,right+B,0.0237143374979496,0.16970588266849518,0.043061256408691406,0.748142421245575,0.015376156195998192,0.80644690990448,0.0,460.0,459,2,296,0,0,0,300,300,1
522,2088,594,93,596,4,right+A+B,0.022182108834385872,0.16397352516651154,0.04035284370183945,0.7590402364730835,0.014451314695179462,0.7809863090515137,0.0,460.0,460,2,296,0,0,0,300,300,1
523,2092,594,109,596,4,right+A+B,0.022629590705037117,0.16564476490020752,0.04136042669415474,0.7554910778999329,0.014874131418764591,0.7897197604179382,0.0,460.0,461,2,296,0,0,0,300,300,1
524,2096,594,121,596,3,right+B,0.02209179848432541,0.1639438271522522,0.04117467999458313,0.7579965591430664,0.014793068170547485,0.7843736410140991,0.0,460.0,462,2,296,0,0,0,300,300,1
525,2100,596,127,596,3,right+B,0.02185063250362873,0.16302862763404846,0.04080772027373314,0.7594237327575684,0.014889330603182316,0.7814227342605591,-1.0,459.0,463,2,295,0,0,0,300,300,1
526,2104,599,127,599,3,right+B,0.02188044972717762,0.16475343704223633,0.04008443281054497,0.7586793303489685,0.014602331444621086,0.7809204459190369,3.0,462.0,0,2,295,0,0,0,300,300,1
527,2108,604,141,604,4,right+A+B,0.02089003473520279,0.1571899950504303,0.037696000188589096,0.7706630825996399,0.013560960069298744,0.754317045211792,5.0,467.0,0,2,295,0,0,0,300,300,1
528,2112,610,156,610,3,right+B,0.02147645875811577,0.16217531263828278,0.041720252484083176,0.7597584128379822,0.014869578182697296,0.781356692314148,6.0,473.0,0,2,295,0,0,0,300,300,1
529,2116,616,160,616,3,right+B,0.020570026710629463,0.16900859773159027,0.05142044648528099,0.7421981692314148,0.016802726313471794,0.822895884513855,6.0,479.0,0,2,295,0,0,0,300,300,1
530,2120,623,154,623,1,right,0.023749874904751778,0.18443995714187622,0.09097330272197723,0.6754506230354309,0.025386160239577293,0.9769794940948486,6.0,485.0,0,2,294,0,0,0,300,300,1
531,2124,630,137,630,2,right+A,0.02743944711983204,0.1876586526632309,0.1984979212284088,0.5458184480667114,0.040585607290267944,1.194136381149292,7.0,492.0,0,2,294,0,0,0,300,300,1
532,2128,637,127,637,2,right+A,0.023328622803092003,0.11467123031616211,0.5979301929473877,0.1673753559589386,0.09669458121061325,1.1686007976531982,7.0,499.0,0,2,294,0,0,0,300,300,1
533,2132,644,123,644,3,right+B,0.022772593423724174,0.09563581645488739,0.6595205664634705,0.11792761832475662,0.1041434109210968,1.0727906227111816,7.0,506.0,0,2,294,0,0,0,300,300,1
534,2136,651,109,651,2,right+A,0.03089131787419319,0.11268552392721176,0.5921311974525452,0.13073337078094482,0.13355860114097595,1.198592185974121,7.0,513.0,0,2,294,0,0,0,300,300,1
535,2140,658,89,658,4,right+A+B,0.039202384650707245,0.12907832860946655,0.5359252095222473,0.11706659197807312,0.17872759699821472,1.2843921184539795,6.0,519.0,0,2,293,0,0,0,300,300,1
536,2144,665,79,665,2,right+A,0.0445319302380085,0.2140529304742813,0.18927936255931854,0.4531177580356598,0.09901802241802216,1.37125825881958,7.0,526.0,0,2,293,0,0,0,300,300,1
537,2148,673,79,673,3,right+B,0.04607248306274414,0.2374730110168457,0.12341133505105972,0.5222364664077759,0.07080675661563873,1.2681556940078735,8.0,534.0,0,2,293,0,0,0,300,300,1
538,2152,682,79,682,3,right+B,0.04237386956810951,0.22306714951992035,0.14272397756576538,0.5239987969398499,0.06783625483512878,1.267645001411438,9.0,543.0,0,2,293,0,0,0,300,300,1
539,2156,693,97,693,2,right+A,0.0370313860476017,0.1466532051563263,0.44101712107658386,0.215556800365448,0.15974149107933044,1.3884073495864868,11.0,554.0,0,2,293,0,0,0,300,300,1
540,2160,705,117,705,2,right+A,0.03006025217473507,0.10140294581651688,0.5730915069580078,0.090201236307621,0.2052440643310547,1.1984831094741821,11.0,565.0,0,2,292,0,0,0,300,300,1
541,2164,717,133,717,2,right+A,0.027198893949389458,0.08928784728050232,0.5839290618896484,0.06328650563955307,0.23629769682884216,1.1434636116027832,12.0,577.0,0,2,292,0,0,0,300,300,1
542,2168,729,145,729,3,right+B,0.05019928142428398,0.19439071416854858,0.3534053564071655,0.25868308544158936,0.14332158863544464,1.4643690586090088,12.0,589.0,0,2,292,0,0,0,300,300,1
543,2172,741,144,741,1,right,0.06105789169669151,0.2513577342033386,0.19596998393535614,0.3881680369377136,0.10344643145799637,1.4392179250717163,12.0,601.0,0,2,292,0,0,0,300,300,1
544,2176,753,143,753,3,right+B,0.06132303178310394,0.2648600935935974,0.1291397511959076,0.46417585015296936,0.08050129562616348,1.346474051475525,12.0,613.0,0,2,292,0,0,0,300,300,1
545,2180,765,161,765,2,right+A,0.06573361903429031,0.2578558623790741,0.17199604213237762,0.41201290488243103,0.09240161627531052,1.416581153869629,11.0,624.0,0,2,291,0,0,0,300,300,1
546,2184,777,179,777,3,right+B,0.05743473395705223,0.25438210368156433,0.14923954010009766,0.46439266204833984,0.07455094903707504,1.3459644317626953,12.0,636.0,0,2,291,0,0,0,300,300,1
547,2188,789,185,789,1,right,0.059870243072509766,0.27364978194236755,0.24186080694198608,0.32570287585258484,0.09891629964113235,1.4606937170028687,12.0,648.0,0,2,291,0,0,0,300,300,1
548,2192,801,178,801,2,right+A,0.06195314601063728,0.24985703825950623,0.3423791527748108,0.21833831071853638,0.127472385764122,1.4806300401687622,12.0,660.0,0,2,291,0,0,0,300,300,1
549,2196,813,158,813,2,right+A,0.0676383450627327,0.2576526701450348,0.3134787380695343,0.24604474008083344,0.11518548429012299,1.489200234413147,12.0,672.0,0,2,291,0,0,0,300,300,1
550,2200,825,136,825,1,right,0.06520619988441467,0.26569893956184387,0.265776664018631,0.30203506350517273,0.10128320008516312,1.4758833646774292,11.0,683.0,0,2,290,0,0,0,300,300,1
551,2204,837,116,837,2,right+A,0.06507477909326553,0.25412654876708984,0.2130488008260727,0.385934054851532,0.08181582391262054,1.427607536315918,12.0,695.0,0,2,290,0,0,0,300,300,1
552,2208,849,96,849,3,right+B,0.050333645194768906,0.23448693752288818,0.16331371665000916,0.48865365982055664,0.06321194022893906,1.3109487295150757,12.0,707.0,0,2,290,0,0,0,300,300,1
553,2212,861,79,861,4,right+A+B,0.05718481168150902,0.23977772891521454,0.19464661180973053,0.43535110354423523,0.07303981482982635,1.3777642250061035,12.0,719.0,0,2,290,0,0,0,300,300,1
554,2216,873,79,873,2,right+A,0.0679522156715393,0.22882764041423798,0.32025909423828125,0.26273229718208313,0.12022872269153595,1.4907077550888062,12.0,731.0,0,2,290,0,0,0,300,300,1
555,2220,885,79,885,2,right+A,0.055391598492860794,0.16520223021507263,0.44586890935897827,0.1283559799194336,0.20518125593662262,1.406355381011963,11.0,742.0,0,2,289,0,0,0,300,300,1
556,2224,897,79,897,4,right+A+B,0.06448002904653549,0.1989094465970993,0.3944333493709564,0.16647520661354065,0.1757020503282547,1.4689435958862305,12.0,754.0,0,2,289,0,0,0,300,300,1
557,2228,898,79,899,4,right+A+B,0.062392767518758774,0.24796487390995026,0.2659476697444916,0.3189050853252411,0.10478965938091278,1.4719607830047607,2.0,756.0,0,2,289,0,0,0,300,300,1
558,2232,898,79,899,0,NOOP,0.06861631572246552,0.2920735478401184,0.20520015060901642,0.36021873354911804,0.07389126718044281,1.4285955429077148,0.0,756.0,1,2,289,0,0,0,300,300,1
559,2236,898,79,899,3,right+B,0.055688805878162384,0.26092639565467834,0.1305304318666458,0.5078741312026978,0.04498020187020302,1.2607696056365967,0.0,756.0,2,2,289,0,0,0,300,300,1
560,2240,898,93,899,2,right+A,0.054766688495874405,0.24589568376541138,0.13079974055290222,0.5219287276268005,0.04660916328430176,1.2523642778396606,-1.0,755.0,3,2,288,0,0,0,300,300,1
561,2244,898,108,899,0,NOOP,0.05752096325159073,0.2503514289855957,0.13839887082576752,0.5051344037055969,0.0485944040119648,1.2765995264053345,0.0,755.0,4,2,288,0,0,0,300,300,1
562,2248,898,112,899,3,right+B,0.0581807866692543,0.25266221165657043,0.1413327157497406,0.4986668825149536,0.049157384783029556,1.2846813201904297,0.0,755.0,5,2,288,0,0,0,300,300,1
563,2252,898,106,899,3,right+B,0.05808023363351822,0.2526153326034546,0.14293430745601654,0.49715813994407654,0.04921203479170799,1.28656804561615,0.0,755.0,6,2,288,0,0,0,300,300,1
564,2256,898,89,899,3,right+B,0.057814713567495346,0.2517711818218231,0.14332899451255798,0.4975501000881195,0.04953504353761673,1.2866618633270264,0.0,755.0,7,2,288,0,0,0,300,300,1
565,2260,898,79,899,4,right+A+B,0.05763730779290199,0.25171327590942383,0.13869889080524445,0.502979576587677,0.048970866948366165,1.2790675163269043,-1.0,754.0,8,2,287,0,0,0,300,300,1
566,2264,898,79,899,3,right+B,0.056701697409152985,0.24734975397586823,0.13347914814949036,0.5156693458557129,0.046800050884485245,1.2618865966796875,0.0,754.0,9,2,287,0,0,0,300,300,1
567,2268,898,93,899,2,right+A,0.05627822130918503,0.24607811868190765,0.12935489416122437,0.5227488875389099,0.04553990811109543,1.2512849569320679,0.0,754.0,10,2,287,0,0,0,300,300,1
568,2272,898,109,899,4,right+A+B,0.05602043494582176,0.24624103307724,0.1325124353170395,0.5184983015060425,0.0467277467250824,1.2580702304840088,0.0,754.0,11,2,287,0,0,0,300,300,1
569,2276,898,121,899,1,right,0.05715486407279968,0.24979759752750397,0.1371297538280487,0.5077220797538757,0.04819561541080475,1.2728224992752075,0.0,754.0,12,2,287,0,0,0,300,300,1
570,2280,898,122,899,3,right+B,0.058589641004800797,0.2517966628074646,0.14107300341129303,0.49835970997810364,0.05018092319369316,1.287001609802246,-1.0,753.0,13,2,286,0,0,0,300,300,1
571,2284,898,113,899,3,right+B,0.05701325833797455,0.24803504347801208,0.13282416760921478,0.5151548981666565,0.046972621232271194,1.2626028060913086,0.0,753.0,14,2,286,0,0,0,300,300,1
572,2288,898,94,899,2,right+A,0.058730922639369965,0.24951019883155823,0.13607656955718994,0.5082454085350037,0.04743693768978119,1.2728638648986816,0.0,753.0,15,2,286,0,0,0,300,300,1
573,2292,898,79,899,1,right,0.057058677077293396,0.24811342358589172,0.1326109617948532,0.5141823291778564,0.04803463816642761,1.2650012969970703,0.0,753.0,16,2,286,0,0,0,300,300,1
574,2296,898,93,899,2,right+A,0.05794306844472885,0.24916353821754456,0.13403141498565674,0.5118374824523926,0.04702442139387131,1.2672083377838135,0.0,753.0,17,2,286,0,0,0,300,300,1
575,2300,898,108,899,3,right+B,0.05890938639640808,0.25183403491973877,0.14131122827529907,0.4985215365886688,0.049423836171627045,1.2862671613693237,-1.0,752.0,18,2,285,0,0,0,300,300,1
576,2304,898,112,899,3,right+B,0.0588962621986866,0.2515314221382141,0.14210955798625946,0.49784278869628906,0.04962001368403435,1.2874891757965088,0.0,752.0,19,2,285,0,0,0,300,300,1
577,2308,898,106,899,1,right,0.05876995250582695,0.2512223422527313,0.13942061364650726,0.5016133785247803,0.048973772674798965,1.2821028232574463,0.0,752.0,20,2,285,0,0,0,300,300,1
578,2312,898,89,899,1,right,0.05808250606060028,0.2513909637928009,0.13851219415664673,0.5030739307403564,0.048940446227788925,1.2794957160949707,0.0,752.0,21,2,285,0,0,0,300,300,1
579,2316,898,79,899,2,right+A,0.056919634342193604,0.24822106957435608,0.13196386396884918,0.5161228775978088,0.04677250236272812,1.2608829736709595,0.0,752.0,22,2,285,0,0,0,300,300,1
580,2320,898,79,899,2,right+A,0.0578530989587307,0.246209517121315,0.13223405182361603,0.5175462961196899,0.04615695774555206,1.2603368759155273,-1.0,751.0,23,2,284,0,0,0,300,300,1
581,2324,898,79,899,1,right,0.058113228529691696,0.24767620861530304,0.12904953956604004,0.5204293131828308,0.04473169147968292,1.2541322708129883,0.0,751.0,24,2,284,0,0,0,300,300,1
582,2328,898,79,899,3,right+B,0.057681310921907425,0.24614690244197845,0.12685097754001617,0.5248623490333557,0.04445841908454895,1.248268961906433,0.0,751.0,25,2,284,0,0,0,300,300,1
583,2332,898,79,899,1,right,0.05839577317237854,0.2500004172325134,0.13017021119594574,0.515110969543457,0.046322643756866455,1.2618730068206787,0.0,751.0,26,2,284,0,0,0,300,300,1
584,2336,898,79,899,0,NOOP,0.059065282344818115,0.2505910396575928,0.1336180418729782,0.5084964036941528,0.048229314386844635,1.2729618549346924,0.0,751.0,27,2,284,0,0,0,300,300,1
585,2340,898,79,899,3,right+B,0.061309054493904114,0.2539297044277191,0.1398860514163971,0.4949621260166168,0.04991305246949196,1.2920777797698975,-1.0,750.0,28,2,283,0,0,0,300,300,1
586,2344,898,79,899,1,right,0.06074616685509682,0.2560330331325531,0.13572248816490173,0.5005699396133423,0.046928443014621735,1.280000925064087,0.0,750.0,29,2,283,0,0,0,300,300,1
587,2348,898,79,899,3,right+B,0.061173055320978165,0.25682228803634644,0.1366536170244217,0.49740150570869446,0.047949522733688354,1.2850356101989746,0.0,750.0,30,2,283,0,0,0,300,300,1
588,2352,898,79,899,3,right+B,0.06013010814785957,0.2538025677204132,0.1362159252166748,0.502413809299469,0.047437634319067,1.2790356874465942,0.0,750.0,31,2,283,0,0,0,300,300,1
589,2356,898,93,899,4,right+A+B,0.06203591823577881,0.2569260895252228,0.14242374897003174,0.48880913853645325,0.049805134534835815,1.2984715700149536,0.0,750.0,32,2,283,0,0,0,300,300,1
590,2360,898,108,899,3,right+B,0.063570536673069,0.26038503646850586,0.15013234317302704,0.47329479455947876,0.052617304027080536,1.3192193508148193,-1.0,749.0,33,2,282,0,0,0,300,300,1
591,2364,898,112,899,3,right+B,0.06434307247400284,0.2652278244495392,0.14888805150985718,0.4705209732055664,0.05102001875638962,1.3186393976211548,0.0,749.0,34,2,282,0,0,0,300,300,1
592,2368,898,106,899,3,right+B,0.06405805796384811,0.26334184408187866,0.14392945170402527,0.4781748950481415,0.050495751202106476,1.3099653720855713,0.0,749.0,35,2,282,0,0,0,300,300,1
593,2372,898,89,899,3,right+B,0.06197209283709526,0.25802692770957947,0.1425800770521164,0.48685404658317566,0.05056693032383919,1.3009682893753052,0.0,749.0,36,2,282,0,0,0,300,300,1
594,2376,898,79,899,3,right+B,0.06249120831489563,0.25912562012672424,0.14272211492061615,0.4843800365924835,0.05128094181418419,1.3045114278793335,0.0,749.0,37,2,282,0,0,0,300,300,1
595,2380,898,79,899,3,right+B,0.06410341709852219,0.262963205575943,0.14204458892345428,0.4809432327747345,0.04994552955031395,1.3063068389892578,-1.0,748.0,38,2,281,0,0,0,300,300,1
596,2384,898,79,899,3,right+B,0.06422241032123566,0.2646453380584717,0.14115124940872192,0.48151811957359314,0.048462871462106705,1.303083896636963,0.0,748.0,39,2,281,0,0,0,300,300,1
597,2388,898,93,899,4,right+A+B,0.06367793679237366,0.26317474246025085,0.1388472616672516,0.48689958453178406,0.047400400042533875,1.295772910118103,0.0,748.0,40,2,281,0,0,0,300,300,1
598,2392,898,108,899,3,right+B,0.06510838121175766,0.26729515194892883,0.14950251579284668,0.4657773971557617,0.05231654271483421,1.3248802423477173,0.0,748.0,41,2,281,0,0,0,300,300,1
599,2396,898,112,899,0,NOOP,0.06560643762350082,0.26906463503837585,0.15520799160003662,0.4559585154056549,0.05416250228881836,1.337110996246338,0.0,748.0,42,2,281,0,0,0,300,300,1
600,2400,898,106,899,3,right+B,0.06568071246147156,0.26977020502090454,0.15129666030406952,0.46156400442123413,0.05168837308883667,1.3279988765716553,-1.0,747.0,43,2,280,0,0,0,300,300,1
601,2404,898,89,899,3,right+B,0.064231276512146,0.2681048512458801,0.1444971114397049,0.47313499450683594,0.05003168061375618,1.3127199411392212,0.0,747.0,44,2,280,0,0,0,300,300,1
602,2408,898,79,899,2,right+A,0.06567679345607758,0.27106907963752747,0.1498178243637085,0.46138978004455566,0.052046481519937515,1.327811598777771,0.0,747.0,45,2,280,0,0,0,300,300,1
603,2410,898,79,899,2,right+A,0.06366231292486191,0.2631376087665558,0.14485539495944977,0.4774061143398285,0.05093849450349808,1.3111480474472046,-15.0,732.0,46,2,280,0,1,0,300,300,1
