decision,raw_frames,x,y,max_x,action,action_name,prob_0,prob_1,prob_2,prob_3,prob_4,action_entropy_nats,native_reward,native_reward_sum,no_progress_decisions,life,game_time,flag_get,terminated,truncated,game_score,score_gain,coins,one_ups,custom_one_up_bonus,augmented_score_gain,flag_height_bonus,flag_touch_y,flag_score_tier,flag_top_tier,post_flag_frames,flag_resolution_complete,flag_resolution_status,objective_reward,objective_reward_sum
1,4,40,79,40,1,right,0.11526592075824738,0.36135390400886536,0.1551409214735031,0.22919858992099762,0.1390407383441925,1.5179213285446167,0.0,0.0,1,2,400,0,0,0,0,0,0,0,0.0,0.0,0,,,False,0,False,not_reached,0.0,0.0
2,8,42,79,42,1,right,0.11522582173347473,0.36126139760017395,0.15531666576862335,0.2290334552526474,0.13916271924972534,1.5180649757385254,2.0,2.0,0,2,400,0,0,0,0,0,0,0,0.0,0.0,0,,,False,0,False,not_reached,0.0,0.0
3,12,44,93,44,4,right+A+B,0.1153290644288063,0.361376017332077,0.1553238332271576,0.22882971167564392,0.13914133608341217,1.5180755853652954,2.0,4.0,0,2,400,0,0,0,0,0,0,0,0.0,0.0,0,,,False,0,False,not_reached,0.0,0.0
4,16,48,108,48,3,right+B,0.11536870151758194,0.3629932999610901,0.15520218014717102,0.2261081337928772,0.14032770693302155,1.517881989479065,4.0,8.0,0,2,400,0,0,0,0,0,0,0,0.0,0.0,0,,,False,0,False,not_reached,0.0,0.0
5,20,53,112,53,2,right+A,0.11604788154363632,0.36320218443870544,0.1574847251176834,0.22068728506565094,0.1425778716802597,1.52006995677948,4.0,12.0,0,2,399,0,0,0,0,0,0,0,0.0,0.0,0,,,False,0,False,not_reached,0.0,0.0
6,24,58,106,58,3,right+B,0.11606471985578537,0.3631328046321869,0.15851934254169464,0.2196863740682602,0.1425967812538147,1.5204672813415527,5.0,17.0,0,2,399,0,0,0,0,0,0,0,0.0,0.0,0,,,False,0,False,not_reached,0.0,0.0
7,28,65,89,65,1,right,0.11601339280605316,0.36310115456581116,0.15874932706356049,0.21910735964775085,0.14302882552146912,1.5207104682922363,7.0,24.0,0,2,399,0,0,0,0,0,0,0,0.0,0.0,0,,,False,0,False,not_reached,0.0,0.0
8,32,72,79,72,2,right+A,0.11510296911001205,0.36326876282691956,0.15419813990592957,0.2277752161026001,0.1396549791097641,1.5168625116348267,7.0,31.0,0,2,399,0,0,0,0,0,0,0,0.0,0.0,0,,,False,0,False,not_reached,0.0,0.0
9,36,79,79,79,1,right,0.11521818488836288,0.363628625869751,0.1571761816740036,0.22213812172412872,0.14183887839317322,1.5188872814178467,7.0,38.0,0,2,399,0,0,0,0,0,0,0,0.0,0.0,0,,,False,0,False,not_reached,0.0,0.0
10,40,86,79,86,1,right,0.1147368922829628,0.36364734172821045,0.15561239421367645,0.22695031762123108,0.1390530914068222,1.5166832208633423,6.0,44.0,0,2,398,0,0,0,0,0,0,0,0.0,0.0,0,,,False,0,False,not_reached,0.0,0.0
11,44,93,93,93,4,right+A+B,0.11476288735866547,0.36816295981407166,0.1541949361562729,0.22474274039268494,0.13813646137714386,1.5135399103164673,7.0,51.0,0,2,398,0,0,0,0,0,0,0,0.0,0.0,0,,,False,0,False,not_reached,0.0,0.0
12,48,100,108,100,1,right,0.11483217030763626,0.37220272421836853,0.16296842694282532,0.2082461267709732,0.14175063371658325,1.5157222747802734,7.0,58.0,0,2,398,0,0,0,0,0,0,0,0.0,0.0,0,,,False,0,False,not_reached,0.0,0.0
13,52,107,114,107,1,right,0.11541879177093506,0.36816030740737915,0.1841166913509369,0.18450433015823364,0.14779984951019287,1.523055076599121,7.0,65.0,0,2,398,0,0,0,0,0,0,0,0.0,0.0,0,,,False,0,False,not_reached,0.0,0.0
14,56,114,112,114,0,NOOP,0.11222096532583237,0.36569175124168396,0.196548730134964,0.17354941368103027,0.1519891619682312,1.5233618021011353,7.0,72.0,0,2,398,0,0,0,0,0,0,0,0.0,0.0,0,,,False,0,False,not_reached,0.0,0.0
15,60,121,100,121,1,right,0.11165759712457657,0.35994383692741394,0.20356060564517975,0.15651935338974,0.16831858456134796,1.5268115997314453,6.0,78.0,0,2,397,0,0,0,0,0,0,0,0.0,0.0,0,,,False,0,False,not_reached,0.0,0.0
16,64,128,79,128,1,right,0.107831671833992,0.3321183919906616,0.24362412095069885,0.11598778516054153,0.200437992811203,1.5222947597503662,7.0,85.0,0,2,397,0,0,0,0,0,0,0,0.0,0.0,0,,,False,0,False,not_reached,0.0,0.0
17,68,135,93,135,4,right+A+B,0.10570717602968216,0.3264288008213043,0.2496703565120697,0.10741021484136581,0.21078337728977203,1.5172464847564697,7.0,92.0,0,2,397,0,0,0,0,0,0,0,0.0,0.0,0,,,False,0,False,not_reached,0.0,0.0
18,72,142,108,142,1,right,0.10287846624851227,0.3227621018886566,0.2629145085811615,0.10085654258728027,0.21058833599090576,1.5096291303634644,7.0,99.0,0,2,397,0,0,0,0,0,0,0,0.0,0.0,0,,,False,0,False,not_reached,0.0,0.0
19,76,149,114,149,2,right+A,0.10568840801715851,0.3270050287246704,0.24546700716018677,0.11643686145544052,0.2054027020931244,1.5233044624328613,7.0,106.0,0,2,397,0,0,0,0,0,0,0,0.0,0.0,0,,,False,0,False,not_reached,0.0,0.0
20,80,156,112,156,1,right,0.10983547568321228,0.335457444190979,0.21111512184143066,0.1356470137834549,0.20794489979743958,1.5349222421646118,6.0,112.0,0,2,396,0,0,0,0,0,0,0,0.0,0.0,0,,,False,0,False,not_reached,0.0,0.0
21,84,163,100,163,2,right+A,0.11433708667755127,0.3453799784183502,0.1816493570804596,0.15697292983531952,0.2016606479883194,1.5385208129882812,7.0,119.0,0,2,396,0,0,0,0,0,0,0,0.0,0.0,0,,,False,0,False,not_reached,0.0,0.0
22,88,170,79,170,1,right,0.11780813336372375,0.3471406400203705,0.153501957654953,0.1557280421257019,0.22582121193408966,1.532531976699829,7.0,126.0,0,2,396,0,0,0,0,0,0,0,0.0,0.0,0,,,False,0,False,not_reached,0.0,0.0
23,92,177,79,177,3,right+B,0.11741171777248383,0.3581686019897461,0.11948315799236298,0.20138823986053467,0.20354826748371124,1.519853115081787,7.0,133.0,0,2,396,0,0,0,0,0,0,0,0.0,0.0,0,,,False,0,False,not_reached,0.0,0.0
24,96,187,97,187,4,right+A+B,0.11637123674154282,0.3543987274169922,0.10200411081314087,0.2475520223379135,0.1796739101409912,1.504835844039917,10.0,143.0,0,2,396,0,0,0,0,0,0,0,0.0,0.0,0,,,False,0,False,not_reached,0.0,0.0
25,100,198,115,198,1,right,0.11813443154096603,0.3416793644428253,0.09938123822212219,0.2747092843055725,0.16609567403793335,1.5018105506896973,10.0,153.0,0,2,395,0,0,0,0,0,0,0,0.0,0.0,0,,,False,0,False,not_reached,0.0,0.0
26,104,210,121,210,2,right+A,0.12182941287755966,0.3388366103172302,0.13916714489459991,0.21974192559719086,0.18042488396167755,1.5395596027374268,12.0,165.0,0,2,395,0,0,0,0,0,0,0,0.0,0.0,0,,,False,0,False,not_reached,0.0,0.0
27,108,222,114,222,4,right+A+B,0.11366144567728043,0.3405892550945282,0.1842140257358551,0.1942015439271927,0.1673336625099182,1.5430506467819214,12.0,177.0,0,2,395,0,0,0,0,0,0,0,0.0,0.0,0,,,False,0,False,not_reached,0.0,0.0
28,112,234,94,234,3,right+B,0.10171812027692795,0.3198871612548828,0.2797154486179352,0.12136317044496536,0.1773161143064499,1.5161138772964478,12.0,189.0,0,2,395,0,0,0,0,0,0,0,0.0,0.0,0,,,False,0,False,not_reached,0.0,0.0
29,116,246,79,246,4,right+A+B,0.08795632421970367,0.2643885314464569,0.35612985491752625,0.06590502709150314,0.22562026977539062,1.4483873844146729,12.0,201.0,0,2,395,0,0,0,0,0,0,0,0.0,0.0,0,,,False,0,False,not_reached,0.0,0.0
30,120,258,79,258,1,right,0.09066223353147507,0.2517957091331482,0.3167322874069214,0.05779530853033066,0.2830144166946411,1.4510550498962402,11.0,212.0,0,2,394,0,0,0,0,0,0,0,0.0,0.0,0,,,False,0,False,not_reached,0.0,0.0
31,124,270,79,270,1,right,0.10415840148925781,0.2927296757698059,0.21781903505325317,0.09961524605751038,0.2856777012348175,1.514865517616272,12.0,224.0,0,2,394,0,0,0,0,0,0,0,0.0,0.0,0,,,False,0,False,not_reached,0.0,0.0
32,128,279,79,279,1,right,0.11737123876810074,0.3352353274822235,0.13624286651611328,0.17779284715652466,0.2333577573299408,1.5360699892044067,9.0,233.0,0,2,394,0,0,0,0,0,0,0,0.0,0.0,0,,,False,0,False,not_reached,0.0,0.0
33,132,286,79,286,1,right,0.12031616270542145,0.33351531624794006,0.11883193254470825,0.18602435290813446,0.241312175989151,1.530059576034546,7.0,240.0,0,2,394,0,0,0,0,0,0,0,0.0,0.0,0,,,False,0,False,not_reached,0.0,0.0
34,136,293,79,293,0,NOOP,0.11512944847345352,0.2592056393623352,0.15484105050563812,0.088166743516922,0.38265714049339294,1.4693727493286133,7.0,247.0,0,2,394,0,0,0,0,0,0,0,0.0,0.0,0,,,False,0,False,not_reached,0.0,0.0
35,140,299,93,299,2,right+A,0.12604059278964996,0.2717265784740448,0.14921066164970398,0.1501418799161911,0.30288034677505493,1.5454163551330566,5.0,252.0,0,2,393,0,0,0,0,0,0,0,0.0,0.0,0,,,False,0,False,not_reached,0.0,0.0
36,144,306,109,306,4,right+A+B,0.12369093298912048,0.27912625670433044,0.14152748882770538,0.19578930735588074,0.25986599922180176,1.5608932971954346,7.0,259.0,0,2,393,0,0,0,0,0,0,0,0.0,0.0,0,,,False,0,False,not_reached,0.0,0.0
37,148,313,118,313,0,NOOP,0.12391521781682968,0.28389233350753784,0.1424381583929062,0.2591395974159241,0.1906147003173828,1.5596938133239746,7.0,266.0,0,2,393,0,0,0,0,0,0,0,0.0,0.0,0,,,False,0,False,not_reached,0.0,0.0
38,152,320,110,320,3,right+B,0.13471750915050507,0.2948206663131714,0.17535442113876343,0.21763993799686432,0.1774674355983734,1.5741419792175293,7.0,273.0,0,2,393,0,0,0,0,0,0,0,0.0,0.0,0,,,False,0,False,not_reached,0.0,0.0
39,156,327,92,327,2,right+A,0.1260884404182434,0.3051598072052002,0.22152607142925262,0.19229938089847565,0.15492631494998932,1.563139796257019,7.0,280.0,0,2,393,0,0,0,0,0,0,0,0.0,0.0,0,,,False,0,False,not_reached,0.0,0.0
40,160,334,79,334,1,right,0.12267861515283585,0.3032974302768707,0.2709997594356537,0.15709225833415985,0.1459318995475769,1.5447046756744385,6.0,286.0,0,2,392,0,0,0,0,0,0,0,0.0,0.0,0,,,False,0,False,not_reached,0.0,0.0
41,164,341,93,341,4,right+A+B,0.11567062139511108,0.3078552484512329,0.25964391231536865,0.19741962850093842,0.11941058933734894,1.5363781452178955,7.0,293.0,0,2,392,0,0,0,0,0,0,0,0.0,0.0,0,,,False,0,False,not_reached,0.0,0.0
42,168,348,109,348,2,right+A,0.1096523255109787,0.29004570841789246,0.2906573414802551,0.17647765576839447,0.13316698372364044,1.5351097583770752,7.0,300.0,0,2,392,0,0,0,0,0,0,0,0.0,0.0,0,,,False,0,False,not_reached,0.0,0.0
43,172,355,114,355,2,right+A,0.10878206789493561,0.28809261322021484,0.28889089822769165,0.17427122592926025,0.13996319472789764,1.5382611751556396,7.0,307.0,0,2,392,0,0,0,0,0,0,0,0.0,0.0,0,,,False,0,False,not_reached,0.0,0.0
44,176,362,103,362,2,right+A,0.10427141934633255,0.27067720890045166,0.33509957790374756,0.13753803074359894,0.1524137705564499,1.515404224395752,7.0,314.0,0,2,392,0,0,0,0,0,0,0,0.0,0.0,0,,,False,0,False,not_reached,0.0,0.0
45,180,369,84,369,3,right+B,0.1008082777261734,0.28436797857284546,0.3237404525279999,0.1269487887620926,0.16413448750972748,1.512636661529541,6.0,320.0,0,2,391,0,0,0,0,0,0,0,0.0,0.0,0,,,False,0,False,not_reached,0.0,0.0
46,184,376,93,376,2,right+A,0.082865409553051,0.24971483647823334,0.4183769226074219,0.08229131996631622,0.16675154864788055,1.4216203689575195,7.0,327.0,0,2,391,0,0,0,0,0,0,0,0.0,0.0,0,,,False,0,False,not_reached,0.0,0.0
47,188,383,109,383,4,right+A+B,0.06002935394644737,0.18840855360031128,0.5211516618728638,0.03681689500808716,0.19359350204467773,1.26242196559906,7.0,334.0,0,2,391,0,0,0,0,0,0,0,0.0,0.0,0,,,False,0,False,not_reached,0.0,0.0
48,192,390,115,390,1,right,0.043848197907209396,0.13983289897441864,0.602942943572998,0.017274975776672363,0.19610102474689484,1.1068406105041504,7.0,341.0,0,2,391,0,0,0,0,0,0,0,0.0,0.0,0,,,False,0,False,not_reached,0.0,0.0
49,196,397,107,397,2,right+A,0.03267815336585045,0.10501570254564285,0.6189253926277161,0.007400717586278915,0.23598000407218933,1.022470235824585,7.0,348.0,0,2,391,0,0,0,0,0,0,0,0.0,0.0,0,,,False,0,False,not_reached,0.0,0.0
50,200,404,89,404,2,right+A,0.03527813404798508,0.093654103577137,0.6136071085929871,0.008381253108382225,0.2490794062614441,1.0257536172866821,6.0,354.0,0,2,390,0,0,0,0,0,0,0,0.0,0.0,0,,,False,0,False,not_reached,0.0,0.0
51,204,411,79,411,2,right+A,0.052303746342659,0.13614410161972046,0.5421192646026611,0.01552050095051527,0.2539123594760895,1.170438528060913,7.0,361.0,0,2,390,0,0,0,0,0,0,0,0.0,0.0,0,,,False,0,False,not_reached,0.0,0.0
52,208,419,79,419,4,right+A+B,0.08280110359191895,0.2122621089220047,0.4155457019805908,0.04380899295210838,0.24558208882808685,1.3820509910583496,8.0,369.0,0,2,390,0,0,0,0,0,0,0,0.0,0.0,0,,,False,0,False,not_reached,0.0,0.0
53,212,429,79,429,1,right,0.102105051279068,0.2783587872982025,0.3309536278247833,0.08265206962823868,0.20593047142028809,1.486392855644226,10.0,379.0,0,2,390,0,0,0,0,0,0,0,0.0,0.0,0,,,False,0,False,not_reached,0.0,0.0
54,216,435,97,436,2,right+A,0.11089684069156647,0.3303714990615845,0.2513120770454407,0.1562480628490448,0.15117153525352478,1.5325145721435547,7.0,386.0,0,2,390,0,0,0,0,0,0,0,0.0,0.0,0,,,False,0,False,not_reached,0.0,0.0
55,220,434,117,436,2,right+A,0.10203005373477936,0.3691142499446869,0.22750282287597656,0.18340778350830078,0.11794506013393402,1.5007781982421875,-1.0,385.0,1,2,389,0,0,0,0,0,0,0,0.0,0.0,0,,,False,0,False,not_reached,0.0,0.0
56,224,436,132,436,1,right,0.09637920558452606,0.3855735957622528,0.17187213897705078,0.2460138350725174,0.10016121715307236,1.4710742235183716,0.0,385.0,2,2,389,0,0,0,0,0,0,0,0.0,0.0,0,,,False,0,False,not_reached,0.0,0.0
57,228,439,134,439,2,right+A,0.09799781441688538,0.3837251663208008,0.20387443900108337,0.20716986060142517,0.10723274201154709,1.4849393367767334,3.0,388.0,0,2,389,0,0,0,0,0,0,0,0.0,0.0,0,,,False,0,False,not_reached,0.0,0.0
58,232,443,123,443,3,right+B,0.09995461255311966,0.37375444173812866,0.22398404777050018,0.18217281997203827,0.12013410776853561,1.4979382753372192,4.0,392.0,0,2,389,0,0,0,0,0,0,0,0.0,0.0,0,,,False,0,False,not_reached,0.0,0.0
59,236,449,111,449,0,NOOP,0.09898436814546585,0.3753102421760559,0.22625699639320374,0.1747041791677475,0.1247442439198494,1.4974257946014404,6.0,398.0,0,2,389,0,0,0,0,0,0,0,0.0,0.0,0,,,False,0,False,not_reached,0.0,0.0
60,240,454,111,454,1,right,0.0945935845375061,0.38764676451683044,0.2284475713968277,0.17351743578910828,0.11579466611146927,1.4812737703323364,4.0,402.0,0,2,388,0,0,0,0,0,0,0,0.0,0.0,0,,,False,0,False,not_reached,0.0,0.0
61,244,461,111,461,1,right,0.0889403447508812,0.4095355272293091,0.1834598183631897,0.22050735354423523,0.09755687415599823,1.4523402452468872,7.0,409.0,0,2,388,0,0,0,0,0,0,0,0.0,0.0,0,,,False,0,False,not_reached,0.0,0.0
62,248,468,111,468,3,right+B,0.08396089822053909,0.4129090905189514,0.13721618056297302,0.2877578139305115,0.07815612852573395,1.4034383296966553,7.0,416.0,0,2,388,0,0,0,0,0,0,0,0.0,0.0,0,,,False,0,False,not_reached,0.0,0.0
63,252,478,129,478,2,right+A,0.08661117404699326,0.411896675825119,0.13050788640975952,0.28756478428840637,0.08341947197914124,1.4085779190063477,10.0,426.0,0,2,388,0,0,0,0,0,0,0,0.0,0.0,0,,,False,0,False,not_reached,0.0,0.0
64,256,489,147,489,1,right,0.0804566890001297,0.40507638454437256,0.10943439602851868,0.3183673918247223,0.08666510134935379,1.3872733116149902,11.0,437.0,0,2,388,0,0,0,0,0,0,0,0.0,0.0,0,,,False,0,False,not_reached,0.0,0.0
65,260,501,153,501,2,right+A,0.08109685778617859,0.3865453004837036,0.10119101405143738,0.32446160912513733,0.1067052111029625,1.406923532485962,11.0,448.0,0,2,387,0,0,0,0,0,0,0,0.0,0.0,0,,,False,0,False,not_reached,0.0,0.0
66,264,513,146,513,3,right+B,0.08253968507051468,0.3602278232574463,0.08345147222280502,0.3588363826274872,0.11494456976652145,1.3973708152770996,12.0,460.0,0,2,387,0,0,0,0,0,0,0,0.0,0.0,0,,,False,0,False,not_reached,0.0,0.0
67,268,525,126,525,4,right+A+B,0.0935797318816185,0.35466310381889343,0.14072497189044952,0.2090350240468979,0.20199713110923767,1.5155657529830933,12.0,472.0,0,2,387,0,0,0,0,0,0,0,0.0,0.0,0,,,False,0,False,not_reached,0.0,0.0
68,272,537,104,537,4,right+A+B,0.08105524629354477,0.28486213088035583,0.20603634417057037,0.07587893307209015,0.3521672785282135,1.4500547647476196,12.0,484.0,0,2,387,0,0,0,0,0,0,0,0.0,0.0,0,,,False,0,False,not_reached,0.0,0.0
69,276,549,84,549,4,right+A+B,0.057341065257787704,0.18066129088401794,0.2645880877971649,0.028609896078705788,0.4687997102737427,1.2816823720932007,12.0,496.0,0,2,387,0,0,0,0,0,0,0,0.0,0.0,0,,,False,0,False,not_reached,0.0,0.0
70,280,561,79,561,4,right+A+B,0.07629875838756561,0.26411235332489014,0.2218254804611206,0.06528584659099579,0.37247753143310547,1.4280120134353638,11.0,507.0,0,2,386,0,0,0,0,0,0,0,0.0,0.0,0,,,False,0,False,not_reached,0.0,0.0
71,284,573,79,573,4,right+A+B,0.09472496807575226,0.3530294895172119,0.14062948524951935,0.1941094547510147,0.21750657260417938,1.5167057514190674,12.0,519.0,0,2,386,0,0,0,0,0,0,0,0.0,0.0,0,,,False,0,False,not_reached,0.0,0.0
72,288,585,79,585,1,right,0.10340601205825806,0.3359805941581726,0.12416593730449677,0.1962575614452362,0.24018990993499756,1.522279977798462,12.0,531.0,0,2,386,0,0,0,0,0,0,0,0.0,0.0,0,,,False,0,False,not_reached,0.0,0.0
73,292,595,79,595,0,NOOP,0.11582253128290176,0.3109571039676666,0.1443706899881363,0.16319675743579865,0.2656528949737549,1.5403010845184326,10.0,541.0,0,2,386,0,0,0,0,0,0,0,0.0,0.0,0,,,False,0,False,not_reached,0.0,0.0
74,296,594,93,595,2,right+A,0.11891420930624008,0.30660873651504517,0.16145798563957214,0.1806637942790985,0.2323552966117859,1.5583549737930298,0.0,541.0,1,2,386,0,0,0,0,0,0,0,0.0,0.0,0,,,False,0,False,not_reached,0.0,0.0
75,300,594,109,595,4,right+A+B,0.1142629086971283,0.31108400225639343,0.2046569585800171,0.16829262673854828,0.20170345902442932,1.5586118698120117,-1.0,540.0,2,2,385,0,0,0,0,0,0,0,0.0,0.0,0,,,False,0,False,not_reached,0.0,0.0
76,304,594,121,595,1,right,0.10387960076332092,0.30829083919525146,0.28036272525787354,0.14105436205863953,0.16641242802143097,1.5292319059371948,0.0,540.0,3,2,385,0,0,0,0,0,0,0,0.0,0.0,0,,,False,0,False,not_reached,0.0,0.0
77,308,595,122,595,4,right+A+B,0.09459886699914932,0.2931647002696991,0.3371136486530304,0.11983753740787506,0.15528520941734314,1.4928162097930908,0.0,540.0,4,2,385,0,0,0,0,0,0,0,0.0,0.0,0,,,False,0,False,not_reached,0.0,0.0
78,312,594,113,595,2,right+A,0.09047094732522964,0.2824951410293579,0.37244391441345215,0.10323017835617065,0.15135981142520905,1.4625247716903687,0.0,540.0,5,2,385,0,0,0,0,0,0,0,0.0,0.0,0,,,False,0,False,not_reached,0.0,0.0
79,316,594,94,595,2,right+A,0.0912904217839241,0.2860104441642761,0.36802783608436584,0.1071394830942154,0.14753182232379913,1.4660518169403076,0.0,540.0,6,2,385,0,0,0,0,0,0,0,0.0,0.0,0,,,False,0,False,not_reached,0.0,0.0
80,320,594,79,595,2,right+A,0.09149179607629776,0.288656622171402,0.3659801781177521,0.11140872538089752,0.14246273040771484,1.4674440622329712,-1.0,539.0,7,2,384,0,0,0,0,0,0,0,0.0,0.0,0,,,False,0,False,not_reached,0.0,0.0
81,324,594,79,595,0,NOOP,0.09180715680122375,0.2901707887649536,0.36313679814338684,0.11533278971910477,0.13955248892307281,1.4700483083724976,0.0,539.0,8,2,384,0,0,0,0,0,0,0,0.0,0.0,0,,,False,0,False,not_reached,0.0,0.0
82,328,594,93,595,2,right+A,0.09125319123268127,0.29170551896095276,0.3650943338871002,0.11711659282445908,0.13483040034770966,1.467055320739746,0.0,539.0,9,2,384,0,0,0,0,0,0,0,0.0,0.0,0,,,False,0,False,not_reached,0.0,0.0
83,332,594,109,595,4,right+A+B,0.09009420871734619,0.28600311279296875,0.3733590543270111,0.11032752692699432,0.14021612703800201,1.4613512754440308,0.0,539.0,10,2,384,0,0,0,0,0,0,0,0.0,0.0,0,,,False,0,False,not_reached,0.0,0.0
84,336,594,121,595,1,right,0.09072941541671753,0.28824326395988464,0.3668185770511627,0.112347811460495,0.14186100661754608,1.4668285846710205,0.0,539.0,11,2,384,0,0,0,0,0,0,0,0.0,0.0,0,,,False,0,False,not_reached,0.0,0.0
85,340,596,127,596,4,right+A+B,0.09049199521541595,0.2867605686187744,0.37055519223213196,0.1073579341173172,0.1448342353105545,1.4628933668136597,0.0,539.0,0,2,383,0,0,0,0,0,0,0,0.0,0.0,0,,,False,0,False,not_reached,0.0,0.0
86,344,599,127,599,2,right+A,0.09171290695667267,0.28844010829925537,0.3627414107322693,0.10970944166183472,0.14739611744880676,1.470220685005188,3.0,542.0,0,2,383,0,0,0,0,0,0,0,0.0,0.0,0,,,False,0,False,not_reached,0.0,0.0
87,348,604,127,604,4,right+A+B,0.09148170053958893,0.28809502720832825,0.3620176613330841,0.10663215070962906,0.15177342295646667,1.469976544380188,5.0,547.0,0,2,383,0,0,0,0,0,0,0,0.0,0.0,0,,,False,0,False,not_reached,0.0,0.0
88,352,610,127,610,0,NOOP,0.09074516594409943,0.2825392186641693,0.3707994520664215,0.10109691321849823,0.1548192799091339,1.4632372856140137,6.0,553.0,0,2,383,0,0,0,0,0,0,0,0.0,0.0,0,,,False,0,False,not_reached,0.0,0.0
89,356,615,141,615,2,right+A,0.08469683676958084,0.2678298354148865,0.4161185026168823,0.08762069046497345,0.1437341719865799,1.418923258781433,5.0,558.0,0,2,383,0,0,0,0,0,0,0,0.0,0.0,0,,,False,0,False,not_reached,0.0,0.0
90,360,622,157,622,4,right+A+B,0.07627826929092407,0.23947356641292572,0.4720836281776428,0.0688936784863472,0.1432708203792572,1.3556016683578491,6.0,564.0,0,2,382,0,0,0,0,0,0,0,0.0,0.0,0,,,False,0,False,not_reached,0.0,0.0
91,364,629,171,629,2,right+A,0.05486493185162544,0.1781158447265625,0.5923172831535339,0.034821879118680954,0.1398800015449524,1.1688320636749268,7.0,571.0,0,2,382,0,0,0,0,0,0,0,0.0,0.0,0,,,False,0,False,not_reached,0.0,0.0
92,368,636,181,636,2,right+A,0.04044252634048462,0.12367785722017288,0.6654876470565796,0.017735084518790245,0.15265688300132751,1.017680287361145,7.0,578.0,0,2,382,0,0,0,0,0,0,0,0.0,0.0,0,,,False,0,False,not_reached,0.0,0.0
93,372,643,189,643,4,right+A+B,0.03141806274652481,0.09072919189929962,0.6999401450157166,0.010915125720202923,0.1669975072145462,0.9243664145469666,7.0,585.0,0,2,382,0,0,0,0,0,0,0,0.0,0.0,0,,,False,0,False,not_reached,0.0,0.0
94,376,650,193,650,2,right+A,0.036434344947338104,0.0944424644112587,0.6276136636734009,0.011383759789168835,0.23012572526931763,1.024936318397522,7.0,592.0,0,2,382,0,0,0,0,0,0,0,0.0,0.0,0,,,False,0,False,not_reached,0.0,0.0
95,380,657,195,657,2,right+A,0.059405796229839325,0.1526673138141632,0.49544739723205566,0.030447527766227722,0.26203206181526184,1.259863018989563,6.0,598.0,0,2,381,0,0,0,0,0,0,0,0.0,0.0,0,,,False,0,False,not_reached,0.0,0.0
96,384,664,193,664,1,right,0.08785585314035416,0.2523048222064972,0.35000136494636536,0.081978939473629,0.2278590351343155,1.4706249237060547,7.0,605.0,0,2,381,0,0,0,0,0,0,0,0.0,0.0,0,,,False,0,False,not_reached,0.0,0.0
97,388,671,183,671,4,right+A+B,0.09929855912923813,0.3296636939048767,0.19335316121578217,0.2186523824930191,0.1590322107076645,1.5377047061920166,7.0,612.0,0,2,381,0,0,0,0,0,0,0,0.0,0.0,0,,,False,0,False,not_reached,0.0,0.0
98,392,678,164,678,3,right+B,0.0997263640165329,0.31465744972229004,0.1847609430551529,0.22810207307338715,0.17275314033031464,1.5461970567703247,7.0,619.0,0,2,381,0,0,0,0,0,0,0,0.0,0.0,0,,,False,0,False,not_reached,0.0,0.0
99,396,685,144,685,2,right+A,0.10001509636640549,0.30755460262298584,0.21033279597759247,0.20926237106323242,0.17283512651920319,1.5515578985214233,7.0,626.0,0,2,381,0,0,0,0,0,0,0,0.0,0.0,0,,,False,0,False,not_reached,0.0,0.0
100,400,692,124,692,4,right+A+B,0.09771504998207092,0.27833041548728943,0.280478298664093,0.11220120638608932,0.23127500712871552,1.5238425731658936,6.0,632.0,0,2,380,0,0,0,0,0,0,0,0.0,0.0,0,,,False,0,False,not_reached,0.0,0.0
101,404,699,104,699,4,right+A+B,0.09937083721160889,0.27348557114601135,0.30599066615104675,0.11055812984704971,0.2105947732925415,1.5179083347320557,7.0,639.0,0,2,380,0,0,0,0,0,0,0,0.0,0.0,0,,,False,0,False,not_reached,0.0,0.0
102,408,706,84,706,2,right+A,0.07684339582920074,0.19758981466293335,0.43797993659973145,0.04830942302942276,0.23927739262580872,1.367753505706787,7.0,646.0,0,2,380,0,0,0,0,0,0,0,0.0,0.0,0,,,False,0,False,not_reached,0.0,0.0
103,412,713,96,713,3,right+B,0.09078506380319595,0.24736392498016357,0.36216506361961365,0.07706649601459503,0.2226194441318512,1.463160753250122,7.0,653.0,0,2,380,0,0,0,0,0,0,0,0.0,0.0,0,,,False,0,False,not_reached,0.0,0.0
104,416,720,100,720,2,right+A,0.10265159606933594,0.28666242957115173,0.27321627736091614,0.1228221133351326,0.21464762091636658,1.5341947078704834,8.0,661.0,0,2,380,0,0,0,100,100,0,0,0.0,100.0,0,,,False,0,False,not_reached,0.1,0.1
105,420,722,95,722,3,right+B,0.10568498820066452,0.30453529953956604,0.20972147583961487,0.20589980483055115,0.17415845394134521,1.5569570064544678,1.0,662.0,0,2,379,0,0,0,100,100,0,0,0.0,100.0,0,,,False,0,False,not_reached,0.0,0.1
106,424,722,80,722,1,right,0.10570190846920013,0.3160124719142914,0.17667847871780396,0.25283947587013245,0.1487675905227661,1.5389344692230225,0.0,662.0,1,2,379,0,0,0,100,100,0,0,0.0,100.0,0,,,False,0,False,not_reached,0.0,0.1
107,428,722,79,722,1,right,0.11001606285572052,0.30339205265045166,0.17650920152664185,0.26715102791786194,0.14293165504932404,1.5415000915527344,0.0,662.0,2,2,379,0,0,0,100,100,0,0,0.0,100.0,0,,,False,0,False,not_reached,0.0,0.1
108,432,722,79,722,1,right,0.11222288757562637,0.3050791025161743,0.205732062458992,0.22067204117774963,0.15629391372203827,1.5564829111099243,0.0,662.0,3,2,379,0,0,0,100,100,0,0,0.0,100.0,0,,,False,0,False,not_reached,0.0,0.1
109,436,722,93,722,4,right+A+B,0.10999278724193573,0.3023566007614136,0.20141854882240295,0.23114793002605438,0.15508411824703217,1.5548075437545776,0.0,662.0,4,2,379,0,0,0,100,100,0,0,0.0,100.0,0,,,False,0,False,not_reached,0.0,0.1
110,440,722,108,722,3,right+B,0.11011612415313721,0.30174270272254944,0.1979820430278778,0.23512057960033417,0.15503844618797302,1.5545083284378052,-1.0,661.0,5,2,378,0,0,0,100,100,0,0,0.0,100.0,0,,,False,0,False,not_reached,0.0,0.1
111,444,722,112,722,3,right+B,0.10983330756425858,0.30550631880760193,0.19597399234771729,0.23829324543476105,0.15039314329624176,1.5509498119354248,0.0,661.0,6,2,378,0,0,0,100,100,0,0,0.0,100.0,0,,,False,0,False,not_reached,0.0,0.1
112,448,722,106,722,2,right+A,0.11037503927946091,0.3029279112815857,0.2032720297574997,0.23166660964488983,0.1517583727836609,1.5538196563720703,0.0,661.0,7,2,378,0,0,0,100,100,0,0,0.0,100.0,0,,,False,0,False,not_reached,0.0,0.1
113,452,722,89,722,1,right,0.11030518263578415,0.2995578944683075,0.2061595469713211,0.23113933205604553,0.1528380662202835,1.55546236038208,0.0,661.0,8,2,378,0,0,0,100,100,0,0,0.0,100.0,0,,,False,0,False,not_reached,0.0,0.1
114,456,722,79,722,2,right+A,0.10956335812807083,0.3028132915496826,0.20457306504249573,0.2334054559469223,0.14964479207992554,1.5524961948394775,0.0,661.0,9,2,378,0,0,0,100,100,0,0,0.0,100.0,0,,,False,0,False,not_reached,0.0,0.1
115,460,722,79,722,1,right,0.10980191081762314,0.3035740852355957,0.1998850256204605,0.23996752500534058,0.14677143096923828,1.5504088401794434,-1.0,660.0,10,2,377,0,0,0,100,100,0,0,0.0,100.0,0,,,False,0,False,not_reached,0.0,0.1
116,464,722,79,722,1,right,0.10962934792041779,0.30473387241363525,0.19617979228496552,0.24606546759605408,0.14339156448841095,1.5475093126296997,0.0,660.0,11,2,377,0,0,0,100,100,0,0,0.0,100.0,0,,,False,0,False,not_reached,0.0,0.1
117,468,722,79,722,1,right,0.10832936316728592,0.3040294647216797,0.19945424795150757,0.24670767784118652,0.14147920906543732,1.5462688207626343,0.0,660.0,12,2,377,0,0,0,100,100,0,0,0.0,100.0,0,,,False,0,False,not_reached,0.0,0.1
118,472,722,79,722,0,NOOP,0.10828567296266556,0.30321004986763,0.19615653157234192,0.25201529264450073,0.14033249020576477,1.5449752807617188,0.0,660.0,13,2,377,0,0,0,100,100,0,0,0.0,100.0,0,,,False,0,False,not_reached,0.0,0.1
119,476,722,79,722,3,right+B,0.10787612944841385,0.30227038264274597,0.19554078578948975,0.25291916728019714,0.14139346778392792,1.5452611446380615,0.0,660.0,14,2,377,0,0,0,100,100,0,0,0.0,100.0,0,,,False,0,False,not_reached,0.0,0.1
120,480,722,79,722,3,right+B,0.1085255816578865,0.30474355816841125,0.19581742584705353,0.2502000033855438,0.14071345329284668,1.5450209379196167,-1.0,659.0,15,2,376,0,0,0,100,100,0,0,0.0,100.0,0,,,False,0,False,not_reached,0.0,0.1
121,484,722,79,722,0,NOOP,0.10913217067718506,0.30628079175949097,0.19258326292037964,0.25173747539520264,0.1402662843465805,1.5441367626190186,0.0,659.0,16,2,376,0,0,0,100,100,0,0,0.0,100.0,0,,,False,0,False,not_reached,0.0,0.1
122,488,722,79,722,3,right+B,0.1097545325756073,0.30299943685531616,0.20116154849529266,0.23990102112293243,0.14618343114852905,1.5504451990127563,0.0,659.0,17,2,376,0,0,0,100,100,0,0,0.0,100.0,0,,,False,0,False,not_reached,0.0,0.1
123,492,722,93,722,2,right+A,0.10965364426374435,0.30260321497917175,0.20430056750774384,0.23627139627933502,0.14717112481594086,1.5514451265335083,0.0,659.0,18,2,376,0,0,0,100,100,0,0,0.0,100.0,0,,,False,0,False,not_reached,0.0,0.1
124,496,722,108,722,0,NOOP,0.11002808064222336,0.30330267548561096,0.20576177537441254,0.22980482876300812,0.1511026918888092,1.55348539352417,0.0,659.0,19,2,376,0,0,0,100,100,0,0,0.0,100.0,0,,,False,0,False,not_reached,0.0,0.1
125,500,722,112,722,4,right+A+B,0.1098787933588028,0.30359697341918945,0.20246249437332153,0.2337658703327179,0.15029585361480713,1.552527666091919,-1.0,658.0,20,2,375,0,0,0,100,100,0,0,0.0,100.0,0,,,False,0,False,not_reached,0.0,0.1
126,504,722,106,722,1,right,0.10966390371322632,0.3015963137149811,0.2077154964208603,0.22920620441436768,0.15181802213191986,1.5541892051696777,0.0,658.0,21,2,375,0,0,0,100,100,0,0,0.0,100.0,0,,,False,0,False,not_reached,0.0,0.1
127,508,722,89,722,0,NOOP,0.10978534072637558,0.30092653632164,0.19652974605560303,0.24675294756889343,0.14600540697574615,1.549891471862793,0.0,658.0,22,2,375,0,0,0,100,100,0,0,0.0,100.0,0,,,False,0,False,not_reached,0.0,0.1
128,512,722,79,722,2,right+A,0.10857851803302765,0.3028930127620697,0.19399777054786682,0.25150227546691895,0.1430284082889557,1.5462799072265625,0.0,658.0,23,2,375,0,0,0,100,100,0,0,0.0,100.0,0,,,False,0,False,not_reached,0.0,0.1
129,516,722,79,722,1,right,0.10918238013982773,0.3028237521648407,0.19747424125671387,0.24657633900642395,0.14394327998161316,1.5481348037719727,0.0,658.0,24,2,375,0,0,0,100,100,0,0,0.0,100.0,0,,,False,0,False,not_reached,0.0,0.1
130,520,722,93,722,2,right+A,0.1088276356458664,0.30449435114860535,0.19470129907131195,0.252596914768219,0.1393798142671585,1.5442596673965454,-1.0,657.0,25,2,374,0,0,0,100,100,0,0,0.0,100.0,0,,,False,0,False,not_reached,0.0,0.1
131,524,722,108,722,3,right+B,0.10866621136665344,0.30390796065330505,0.20036755502223969,0.2410183846950531,0.14603987336158752,1.5491598844528198,0.0,657.0,26,2,374,0,0,0,100,100,0,0,0.0,100.0,0,,,False,0,False,not_reached,0.0,0.1
132,528,722,112,722,4,right+A+B,0.10892247408628464,0.30203479528427124,0.20177054405212402,0.23957671225070953,0.14769546687602997,1.5508623123168945,0.0,657.0,27,2,374,0,0,0,100,100,0,0,0.0,100.0,0,,,False,0,False,not_reached,0.0,0.1
133,532,722,106,722,0,NOOP,0.10993384569883347,0.3012498915195465,0.20705071091651917,0.230479434132576,0.1512860804796219,1.5541926622390747,0.0,657.0,28,2,374,0,0,0,100,100,0,0,0.0,100.0,0,,,False,0,False,not_reached,0.0,0.1
134,536,722,89,722,2,right+A,0.11036963760852814,0.3020366430282593,0.2024955451488495,0.23521877825260162,0.1498793512582779,1.5531166791915894,0.0,657.0,29,2,374,0,0,0,100,100,0,0,0.0,100.0,0,,,False,0,False,not_reached,0.0,0.1
135,540,722,79,722,3,right+B,0.10955890268087387,0.30334076285362244,0.20223020017147064,0.23557232320308685,0.1492978185415268,1.5518680810928345,-1.0,656.0,30,2,373,0,0,0,100,100,0,0,0.0,100.0,0,,,False,0,False,not_reached,0.0,0.1
136,544,722,79,722,0,NOOP,0.10984333604574203,0.3034220337867737,0.20244286954402924,0.23537956178188324,0.1489122360944748,1.5519208908081055,0.0,656.0,31,2,373,0,0,0,100,100,0,0,0.0,100.0,0,,,False,0,False,not_reached,0.0,0.1
137,548,722,93,722,2,right+A,0.10948467254638672,0.3041604459285736,0.19660420715808868,0.24618273973464966,0.14356788992881775,1.5477049350738525,0.0,656.0,32,2,373,0,0,0,100,100,0,0,0.0,100.0,0,,,False,0,False,not_reached,0.0,0.1
138,552,722,109,722,2,right+A,0.10951930284500122,0.3030146062374115,0.20127983391284943,0.2387608289718628,0.14742539823055267,1.5508854389190674,0.0,656.0,33,2,373,0,0,0,100,100,0,0,0.0,100.0,0,,,False,0,False,not_reached,0.0,0.1
139,556,722,121,722,1,right,0.1093503087759018,0.3038269579410553,0.19349777698516846,0.25013235211372375,0.14319263398647308,1.5467088222503662,0.0,656.0,34,2,373,0,0,0,100,100,0,0,0.0,100.0,0,,,False,0,False,not_reached,0.0,0.1
140,560,722,122,722,1,right,0.1095362976193428,0.30502432584762573,0.2009381800889969,0.23578594624996185,0.14871524274349213,1.5509519577026367,-1.0,655.0,35,2,372,0,0,0,100,100,0,0,0.0,100.0,0,,,False,0,False,not_reached,0.0,0.1
141,564,722,113,722,1,right,0.10916905105113983,0.3042689561843872,0.1961866021156311,0.24258315563201904,0.14779223501682281,1.5495216846466064,0.0,655.0,36,2,372,0,0,0,100,100,0,0,0.0,100.0,0,,,False,0,False,not_reached,0.0,0.1
142,568,722,94,722,0,NOOP,0.10865779221057892,0.3039601743221283,0.19181926548480988,0.2508434057235718,0.1447194218635559,1.5465120077133179,0.0,655.0,37,2,372,0,0,0,100,100,0,0,0.0,100.0,0,,,False,0,False,not_reached,0.0,0.1
143,572,722,79,722,0,NOOP,0.10853978991508484,0.30388686060905457,0.18822848796844482,0.25610145926475525,0.1432434469461441,1.5445561408996582,0.0,655.0,38,2,372,0,0,0,100,100,0,0,0.0,100.0,0,,,False,0,False,not_reached,0.0,0.1
144,576,722,79,722,1,right,0.10848317295312881,0.303445428609848,0.19058874249458313,0.2530973553657532,0.14438530802726746,1.5459359884262085,0.0,655.0,39,2,372,0,0,0,100,100,0,0,0.0,100.0,0,,,False,0,False,not_reached,0.0,0.1
145,580,722,93,722,2,right+A,0.10883203893899918,0.30320829153060913,0.1878833919763565,0.25824862718582153,0.14182768762111664,1.5439770221710205,-1.0,654.0,40,2,371,0,0,0,100,100,0,0,0.0,100.0,0,,,False,0,False,not_reached,0.0,0.1
146,584,722,108,722,1,right,0.10961785167455673,0.3031175434589386,0.19349656999111176,0.2471734583377838,0.1465945839881897,1.548906683921814,0.0,654.0,41,2,371,0,0,0,100,100,0,0,0.0,100.0,0,,,False,0,False,not_reached,0.0,0.1
147,588,722,112,722,4,right+A+B,0.10991161316633224,0.3029167950153351,0.19027924537658691,0.2507563829421997,0.14613600075244904,1.5481054782867432,0.0,654.0,42,2,371,0,0,0,100,100,0,0,0.0,100.0,0,,,False,0,False,not_reached,0.0,0.1
148,592,722,106,722,3,right+B,0.1101236492395401,0.30246269702911377,0.19676493108272552,0.2430434376001358,0.14760532975196838,1.5507123470306396,0.0,654.0,43,2,371,0,0,0,100,100,0,0,0.0,100.0,0,,,False,0,False,not_reached,0.0,0.1
149,596,722,89,722,1,right,0.10981118679046631,0.3015928864479065,0.19350378215312958,0.2506173849105835,0.1444748342037201,1.5482261180877686,0.0,654.0,44,2,371,0,0,0,100,100,0,0,0.0,100.0,0,,,False,0,False,not_reached,0.0,0.1
150,600,722,79,722,3,right+B,0.10912635177373886,0.30316850543022156,0.1930977702140808,0.25185295939445496,0.1427544355392456,1.54629647731781,-1.0,653.0,45,2,370,0,0,0,100,100,0,0,0.0,100.0,0,,,False,0,False,not_reached,0.0,0.1
151,604,722,79,722,0,NOOP,0.10912755131721497,0.3018268644809723,0.1942264288663864,0.2518523335456848,0.14296671748161316,1.5469602346420288,0.0,653.0,46,2,370,0,0,0,100,100,0,0,0.0,100.0,0,,,False,0,False,not_reached,0.0,0.1
152,608,722,79,722,1,right,0.10897164791822433,0.3020438849925995,0.19332104921340942,0.2535926103591919,0.14207085967063904,1.5460370779037476,0.0,653.0,47,2,370,0,0,0,100,100,0,0,0.0,100.0,0,,,False,0,False,not_reached,0.0,0.1
153,612,722,79,722,1,right,0.10855460911989212,0.3029593527317047,0.19443292915821075,0.25223490595817566,0.14181825518608093,1.5456708669662476,0.0,653.0,48,2,370,0,0,0,100,100,0,0,0.0,100.0,0,,,False,0,False,not_reached,0.0,0.1
154,616,722,79,722,3,right+B,0.1083073616027832,0.30300626158714294,0.1917153000831604,0.2572290003299713,0.13974210619926453,1.5434672832489014,0.0,653.0,49,2,370,0,0,0,100,100,0,0,0.0,100.0,0,,,False,0,False,not_reached,0.0,0.1
155,620,722,79,722,0,NOOP,0.10814189910888672,0.3029094636440277,0.19388963282108307,0.25453174114227295,0.14052724838256836,1.5444293022155762,-1.0,652.0,50,2,369,0,0,0,100,100,0,0,0.0,100.0,0,,,False,0,False,not_reached,0.0,0.1
156,624,722,93,722,4,right+A+B,0.10813714563846588,0.3027820885181427,0.19453708827495575,0.2533157467842102,0.14122794568538666,1.5450339317321777,0.0,652.0,51,2,369,0,0,0,100,100,0,0,0.0,100.0,0,,,False,0,False,not_reached,0.0,0.1
157,628,722,108,722,0,NOOP,0.10829919576644897,0.3029089868068695,0.19259701669216156,0.2526658773422241,0.14352890849113464,1.545952320098877,0.0,652.0,52,2,369,0,0,0,100,100,0,0,0.0,100.0,0,,,False,0,False,not_reached,0.0,0.1
158,632,722,112,722,3,right+B,0.10897497087717056,0.3025249242782593,0.1919303685426712,0.2516104280948639,0.14495937526226044,1.5472097396850586,0.0,652.0,53,2,369,0,0,0,100,100,0,0,0.0,100.0,0,,,False,0,False,not_reached,0.0,0.1
159,636,722,106,722,1,right,0.10908252745866776,0.30100780725479126,0.19898690283298492,0.24243411421775818,0.14848871529102325,1.5510919094085693,0.0,652.0,54,2,369,0,0,0,100,100,0,0,0.0,100.0,0,,,False,0,False,not_reached,0.0,0.1
160,640,722,89,722,3,right+B,0.10931741446256638,0.30133774876594543,0.19414110481739044,0.24982666969299316,0.14537706971168518,1.5485212802886963,-1.0,651.0,55,2,368,0,0,0,100,100,0,0,0.0,100.0,0,,,False,0,False,not_reached,0.0,0.1
161,644,722,79,722,3,right+B,0.1086115688085556,0.30243760347366333,0.19632384181022644,0.24769888818264008,0.14492806792259216,1.5480127334594727,0.0,651.0,56,2,368,0,0,0,100,100,0,0,0.0,100.0,0,,,False,0,False,not_reached,0.0,0.1
162,648,722,79,722,0,NOOP,0.1087004542350769,0.3019239008426666,0.19793495535850525,0.2465354949235916,0.1449051797389984,1.5485409498214722,0.0,651.0,57,2,368,0,0,0,100,100,0,0,0.0,100.0,0,,,False,0,False,not_reached,0.0,0.1
163,652,722,79,722,1,right,0.10867608338594437,0.30212780833244324,0.19736988842487335,0.24716545641422272,0.14466069638729095,1.5482239723205566,0.0,651.0,58,2,368,0,0,0,100,100,0,0,0.0,100.0,0,,,False,0,False,not_reached,0.0,0.1
164,656,722,93,722,2,right+A,0.10851087421178818,0.30257341265678406,0.19851501286029816,0.24595405161380768,0.14444664120674133,1.5481348037719727,0.0,651.0,59,2,368,0,0,0,100,100,0,0,0.0,100.0,0,,,False,0,False,not_reached,0.0,0.1
165,660,722,108,722,3,right+B,0.10877535492181778,0.30213528871536255,0.19936279952526093,0.24275842308998108,0.14696818590164185,1.5499205589294434,-1.0,650.0,60,2,367,0,0,0,100,100,0,0,0.0,100.0,0,,,False,0,False,not_reached,0.0,0.1
166,664,722,112,722,1,right,0.1087951511144638,0.30223196744918823,0.19817344844341278,0.24475400149822235,0.14604543149471283,1.5492030382156372,0.0,650.0,61,2,367,0,0,0,100,100,0,0,0.0,100.0,0,,,False,0,False,not_reached,0.0,0.1
167,668,722,106,722,4,right+A+B,0.10867474973201752,0.3011866807937622,0.20369097590446472,0.2386464625597,0.14780108630657196,1.5512319803237915,0.0,650.0,62,2,367,0,0,0,100,100,0,0,0.0,100.0,0,,,False,0,False,not_reached,0.0,0.1
168,672,722,89,722,3,right+B,0.10870788991451263,0.30126330256462097,0.19713695347309113,0.24909289181232452,0.14379899203777313,1.547898292541504,0.0,650.0,63,2,367,0,0,0,100,100,0,0,0.0,100.0,0,,,False,0,False,not_reached,0.0,0.1
169,676,722,79,722,2,right+A,0.10808248817920685,0.3030664920806885,0.19625984132289886,0.2502439320087433,0.14234717190265656,1.5460147857666016,0.0,650.0,64,2,367,0,0,0,100,100,0,0,0.0,100.0,0,,,False,0,False,not_reached,0.0,0.1
170,680,722,79,722,3,right+B,0.10866258293390274,0.3025088608264923,0.19780917465686798,0.24768032133579254,0.14333903789520264,1.5475196838378906,-1.0,649.0,65,2,366,0,0,0,100,100,0,0,0.0,100.0,0,,,False,0,False,not_reached,0.0,0.1
171,684,722,93,722,2,right+A,0.1085653305053711,0.302611768245697,0.1966022253036499,0.24941129982471466,0.14280933141708374,1.5468471050262451,0.0,649.0,66,2,366,0,0,0,100,100,0,0,0.0,100.0,0,,,False,0,False,not_reached,0.0,0.1
172,688,722,108,722,3,right+B,0.10901357233524323,0.3021838963031769,0.20169636607170105,0.23932448029518127,0.14778171479701996,1.5509283542633057,0.0,649.0,67,2,366,0,0,0,100,100,0,0,0.0,100.0,0,,,False,0,False,not_reached,0.0,0.1
173,692,722,112,722,3,right+B,0.10928837954998016,0.3022998571395874,0.19834665954113007,0.24252285063266754,0.14754223823547363,1.5503791570663452,0.0,649.0,68,2,366,0,0,0,100,100,0,0,0.0,100.0,0,,,False,0,False,not_reached,0.0,0.1
174,696,722,106,722,3,right+B,0.10928759723901749,0.3010302186012268,0.20346853137016296,0.23612631857395172,0.15008731186389923,1.552777886390686,0.0,649.0,69,2,366,0,0,0,100,100,0,0,0.0,100.0,0,,,False,0,False,not_reached,0.0,0.1
175,700,722,89,722,1,right,0.10929859429597855,0.30110952258110046,0.19794528186321259,0.24509331583976746,0.14655329287052155,1.5500576496124268,-1.0,648.0,70,2,365,0,0,0,100,100,0,0,0.0,100.0,0,,,False,0,False,not_reached,0.0,0.1
176,704,722,79,722,4,right+A+B,0.10849691927433014,0.30258896946907043,0.19863295555114746,0.2453439086675644,0.14493723213672638,1.5484049320220947,0.0,648.0,71,2,365,0,0,0,100,100,0,0,0.0,100.0,0,,,False,0,False,not_reached,0.0,0.1
177,708,722,79,722,2,right+A,0.10852094739675522,0.30208316445350647,0.19964781403541565,0.24542838335037231,0.14431966841220856,1.5484155416488647,0.0,648.0,72,2,365,0,0,0,100,100,0,0,0.0,100.0,0,,,False,0,False,not_reached,0.0,0.1
178,712,722,79,722,0,NOOP,0.1080920621752739,0.3026198446750641,0.19781477749347687,0.24923689663410187,0.14223644137382507,1.5464149713516235,0.0,648.0,73,2,365,0,0,0,100,100,0,0,0.0,100.0,0,,,False,0,False,not_reached,0.0,0.1
179,716,722,93,722,2,right+A,0.10799037665128708,0.30288851261138916,0.20044077932834625,0.2456023246049881,0.14307793974876404,1.5473101139068604,0.0,648.0,74,2,365,0,0,0,100,100,0,0,0.0,100.0,0,,,False,0,False,not_reached,0.0,0.1
180,720,722,108,722,3,right+B,0.10841168463230133,0.30217769742012024,0.19857248663902283,0.24552194774150848,0.1453161984682083,1.548607349395752,-1.0,647.0,75,2,364,0,0,0,100,100,0,0,0.0,100.0,0,,,False,0,False,not_reached,0.0,0.1
181,724,722,112,722,2,right+A,0.10865416377782822,0.3025256395339966,0.19584208726882935,0.24771222472190857,0.14526581764221191,1.5480983257293701,0.0,647.0,76,2,364,0,0,0,100,100,0,0,0.0,100.0,0,,,False,0,False,not_reached,0.0,0.1
182,728,722,106,722,1,right,0.10908827930688858,0.30126887559890747,0.20177194476127625,0.23900802433490753,0.14886285364627838,1.5517289638519287,0.0,647.0,77,2,364,0,0,0,100,100,0,0,0.0,100.0,0,,,False,0,False,not_reached,0.0,0.1
183,732,722,89,722,1,right,0.10924727469682693,0.30118080973625183,0.1966322511434555,0.24710118770599365,0.14583852887153625,1.5493391752243042,0.0,647.0,78,2,364,0,0,0,100,100,0,0,0.0,100.0,0,,,False,0,False,not_reached,0.0,0.1
184,736,722,79,722,0,NOOP,0.10871397703886032,0.30259862542152405,0.1978343278169632,0.24540701508522034,0.14544598758220673,1.5486762523651123,0.0,647.0,79,2,364,0,0,0,100,100,0,0,0.0,100.0,0,,,False,0,False,not_reached,0.0,0.1
185,740,722,79,722,1,right,0.10890675336122513,0.3018474578857422,0.19926515221595764,0.24441152811050415,0.1455691009759903,1.5493550300598145,-1.0,646.0,80,2,363,0,0,0,100,100,0,0,0.0,100.0,0,,,False,0,False,not_reached,0.0,0.1
186,744,722,79,722,1,right,0.10867952555418015,0.3023242950439453,0.19411708414554596,0.25180646777153015,0.14307256042957306,1.5465255975723267,0.0,646.0,81,2,363,0,0,0,100,100,0,0,0.0,100.0,0,,,False,0,False,not_reached,0.0,0.1
187,748,722,79,722,1,right,0.10848783701658249,0.3030853867530823,0.1945994645357132,0.25152936577796936,0.14229795336723328,1.5459091663360596,0.0,646.0,82,2,363,0,0,0,100,100,0,0,0.0,100.0,0,,,False,0,False,not_reached,0.0,0.1
188,752,722,79,722,3,right+B,0.10832696408033371,0.3026260733604431,0.19485560059547424,0.25148603320121765,0.1427053064107895,1.5461559295654297,0.0,646.0,83,2,363,0,0,0,100,100,0,0,0.0,100.0,0,,,False,0,False,not_reached,0.0,0.1
189,756,722,79,722,1,right,0.10858233273029327,0.3028542101383209,0.194839745759964,0.251345694065094,0.14237800240516663,1.5461385250091553,0.0,646.0,84,2,363,0,0,0,100,100,0,0,0.0,100.0,0,,,False,0,False,not_reached,0.0,0.1
190,760,722,79,722,1,right,0.10805939882993698,0.3034217059612274,0.19304002821445465,0.2552599608898163,0.14021886885166168,1.543851613998413,-1.0,645.0,85,2,362,0,0,0,100,100,0,0,0.0,100.0,0,,,False,0,False,not_reached,0.0,0.1
191,764,722,79,722,1,right,0.10788600891828537,0.3035799264907837,0.19324685633182526,0.2553130090236664,0.1399741917848587,1.5435857772827148,0.0,645.0,86,2,362,0,0,0,100,100,0,0,0.0,100.0,0,,,False,0,False,not_reached,0.0,0.1
192,768,722,93,722,4,right+A+B,0.10795443505048752,0.3033432960510254,0.191753089427948,0.2573849558830261,0.13956429064273834,1.5430084466934204,0.0,645.0,87,2,362,0,0,0,100,100,0,0,0.0,100.0,0,,,False,0,False,not_reached,0.0,0.1
193,772,722,108,722,1,right,0.10819416493177414,0.3025658428668976,0.1930948942899704,0.2529418170452118,0.14320336282253265,1.5458753108978271,0.0,645.0,88,2,362,0,0,0,100,100,0,0,0.0,100.0,0,,,False,0,False,not_reached,0.0,0.1
194,776,722,112,722,1,right,0.10900231450796127,0.30266982316970825,0.19292868673801422,0.24941538274288177,0.1459837704896927,1.548025131225586,0.0,645.0,89,2,362,0,0,0,100,100,0,0,0.0,100.0,0,,,False,0,False,not_reached,0.0,0.1
195,780,722,106,722,1,right,0.10928565263748169,0.3021925687789917,0.19587653875350952,0.24573607742786407,0.14690916240215302,1.549551248550415,-1.0,644.0,90,2,361,0,0,0,100,100,0,0,0.0,100.0,0,,,False,0,False,not_reached,0.0,0.1
196,784,722,89,722,1,right,0.10949471592903137,0.3024213910102844,0.18957757949829102,0.25509166717529297,0.1434146910905838,1.5461268424987793,0.0,644.0,91,2,361,0,0,0,100,100,0,0,0.0,100.0,0,,,False,0,False,not_reached,0.0,0.1
197,788,722,79,722,0,NOOP,0.108637236058712,0.3034542202949524,0.1927371472120285,0.25242459774017334,0.14274685084819794,1.5457322597503662,0.0,644.0,92,2,361,0,0,0,100,100,0,0,0.0,100.0,0,,,False,0,False,not_reached,0.0,0.1
198,792,722,93,722,4,right+A+B,0.10889098048210144,0.30209389328956604,0.19422109425067902,0.25087690353393555,0.14391712844371796,1.5472456216812134,0.0,644.0,93,2,361,0,0,0,100,100,0,0,0.0,100.0,0,,,False,0,False,not_reached,0.0,0.1
199,796,722,108,722,1,right,0.10914981365203857,0.30180835723876953,0.19373038411140442,0.24804651737213135,0.14726488292217255,1.5491936206817627,0.0,644.0,94,2,361,0,0,0,100,100,0,0,0.0,100.0,0,,,False,0,False,not_reached,0.0,0.1
200,800,722,112,722,2,right+A,0.10954169929027557,0.3049027621746063,0.19128075242042542,0.24989134073257446,0.14438341557979584,1.5467333793640137,-1.0,643.0,95,2,360,0,0,0,100,100,0,0,0.0,100.0,0,,,False,0,False,not_reached,0.0,0.1
201,804,722,106,722,3,right+B,0.10957591235637665,0.3027884364128113,0.1947980523109436,0.24458754062652588,0.14825011789798737,1.5500959157943726,0.0,643.0,96,2,360,0,0,0,100,100,0,0,0.0,100.0,0,,,False,0,False,not_reached,0.0,0.1
202,808,722,89,722,3,right+B,0.10925871133804321,0.301300585269928,0.18973934650421143,0.2549062967300415,0.1447950005531311,1.5469516515731812,0.0,643.0,97,2,360,0,0,0,100,100,0,0,0.0,100.0,0,,,False,0,False,not_reached,0.0,0.1
203,812,722,79,722,4,right+A+B,0.10826042294502258,0.3031647205352783,0.19192327558994293,0.25330254435539246,0.14334896206855774,1.545586109161377,0.0,643.0,98,2,360,0,0,0,100,100,0,0,0.0,100.0,0,,,False,0,False,not_reached,0.0,0.1
204,816,722,79,722,1,right,0.10834497213363647,0.30257296562194824,0.19106462597846985,0.2553437650203705,0.14267368614673615,1.545129418373108,0.0,643.0,99,2,360,0,0,0,100,100,0,0,0.0,100.0,0,,,False,0,False,not_reached,0.0,0.1
205,820,722,79,722,1,right,0.10823637992143631,0.3037990629673004,0.1866908222436905,0.2613174617290497,0.1399562507867813,1.5418298244476318,-1.0,642.0,100,2,359,0,0,0,100,100,0,0,0.0,100.0,0,,,False,0,False,not_reached,0.0,0.1
206,824,722,93,722,4,right+A+B,0.10858292132616043,0.3041044771671295,0.19280140101909637,0.25209394097328186,0.14241719245910645,1.545394778251648,0.0,642.0,101,2,359,0,0,0,100,100,0,0,0.0,100.0,0,,,False,0,False,not_reached,0.0,0.1
207,828,722,108,722,1,right,0.1090087890625,0.30311378836631775,0.1966593861579895,0.24458473920822144,0.14663328230381012,1.5491657257080078,0.0,642.0,102,2,359,0,0,0,100,100,0,0,0.0,100.0,0,,,False,0,False,not_reached,0.0,0.1
208,832,722,112,722,4,right+A+B,0.10908260941505432,0.3015068471431732,0.1972564458847046,0.24247965216636658,0.14967449009418488,1.551210880279541,0.0,642.0,103,2,359,0,0,0,100,100,0,0,0.0,100.0,0,,,False,0,False,not_reached,0.0,0.1
209,836,722,106,722,3,right+B,0.10986879467964172,0.3009790778160095,0.20268549025058746,0.2327996790409088,0.15366698801517487,1.5546748638153076,0.0,642.0,104,2,359,0,0,0,100,100,0,0,0.0,100.0,0,,,False,0,False,not_reached,0.0,0.1
210,840,722,89,722,3,right+B,0.11010907590389252,0.3040526807308197,0.19430680572986603,0.24297316372394562,0.14855822920799255,1.5502861738204956,-1.0,641.0,105,2,358,0,0,0,100,100,0,0,0.0,100.0,0,,,False,0,False,not_reached,0.0,0.1
211,844,722,79,722,3,right+B,0.10937788337469101,0.3039214313030243,0.19834069907665253,0.24098581075668335,0.14737416803836823,1.5499992370605469,0.0,641.0,106,2,358,0,0,0,100,100,0,0,0.0,100.0,0,,,False,0,False,not_reached,0.0,0.1
212,848,722,93,722,2,right+A,0.10954012721776962,0.3007642924785614,0.2077365219593048,0.23056694865226746,0.15139207243919373,1.5541470050811768,0.0,641.0,107,2,358,0,0,0,100,100,0,0,0.0,100.0,0,,,False,0,False,not_reached,0.0,0.1
213,852,722,108,722,3,right+B,0.1094750389456749,0.3012017011642456,0.20519714057445526,0.2322390377521515,0.15188713371753693,1.5539031028747559,0.0,641.0,108,2,358,0,0,0,100,100,0,0,0.0,100.0,0,,,False,0,False,not_reached,0.0,0.1
214,856,722,112,722,2,right+A,0.10951462388038635,0.3038467466831207,0.19806374609470367,0.24121396243572235,0.14736101031303406,1.5500636100769043,0.0,641.0,109,2,358,0,0,0,100,100,0,0,0.0,100.0,0,,,False,0,False,not_reached,0.0,0.1
215,860,722,106,722,3,right+B,0.10946319252252579,0.3027510643005371,0.20334966480731964,0.23455941677093506,0.14987674355506897,1.5523717403411865,-1.0,640.0,110,2,357,0,0,0,100,100,0,0,0.0,100.0,0,,,False,0,False,not_reached,0.0,0.1
216,864,722,89,722,2,right+A,0.10842118412256241,0.3021623194217682,0.19501204788684845,0.2524915337562561,0.14191292226314545,1.5459074974060059,0.0,640.0,111,2,357,0,0,0,100,100,0,0,0.0,100.0,0,,,False,0,False,not_reached,0.0,0.1
217,868,722,79,722,3,right+B,0.10734332352876663,0.302859365940094,0.19186529517173767,0.25762104988098145,0.14031091332435608,1.543042540550232,0.0,640.0,112,2,357,0,0,0,100,100,0,0,0.0,100.0,0,,,False,0,False,not_reached,0.0,0.1
218,872,722,93,722,2,right+A,0.10792525857686996,0.3026219606399536,0.1934565305709839,0.25428399443626404,0.1417122334241867,1.5448739528656006,0.0,640.0,113,2,357,0,0,0,100,100,0,0,0.0,100.0,0,,,False,0,False,not_reached,0.0,0.1
219,876,722,109,722,4,right+A+B,0.10895056277513504,0.3030337989330292,0.1941932588815689,0.24843475222587585,0.14538763463497162,1.5479098558425903,0.0,640.0,114,2,357,0,0,0,100,100,0,0,0.0,100.0,0,,,False,0,False,not_reached,0.0,0.1
220,880,722,122,722,4,right+A+B,0.10966858267784119,0.3040955066680908,0.19159157574176788,0.2495316118001938,0.1451127529144287,1.547478199005127,-1.0,639.0,115,2,356,0,0,0,100,100,0,0,0.0,100.0,0,,,False,0,False,not_reached,0.0,0.1
221,884,722,130,722,3,right+B,0.10977158695459366,0.3036527633666992,0.20389196276664734,0.23187845945358276,0.15080516040325165,1.5528490543365479,0.0,639.0,116,2,356,0,0,0,100,100,0,0,0.0,100.0,0,,,False,0,False,not_reached,0.0,0.1
222,888,722,129,722,3,right+B,0.10964841395616531,0.3032585382461548,0.20380453765392303,0.23419557511806488,0.149092897772789,1.552093744277954,0.0,639.0,117,2,356,0,0,0,100,100,0,0,0.0,100.0,0,,,False,0,False,not_reached,0.0,0.1
223,892,722,117,722,0,NOOP,0.1088007315993309,0.3040085732936859,0.19834955036640167,0.240251362323761,0.1485898494720459,1.5501151084899902,0.0,639.0,118,2,356,0,0,0,100,100,0,0,0.0,100.0,0,,,False,0,False,not_reached,0.0,0.1
224,896,722,97,722,1,right,0.10917910933494568,0.3034813106060028,0.20841754972934723,0.22469298541545868,0.1542290896177292,1.5543049573898315,0.0,639.0,119,2,356,0,0,0,100,100,0,0,0.0,100.0,0,,,False,0,False,not_reached,0.0,0.1
225,900,722,79,722,3,right+B,0.10950599610805511,0.30381494760513306,0.2023555338382721,0.23479075729846954,0.1495327651500702,1.5518320798873901,-1.0,638.0,120,2,355,0,0,0,100,100,0,0,0.0,100.0,0,,,False,0,False,not_reached,0.0,0.1
226,904,722,79,722,3,right+B,0.10845750570297241,0.3032819628715515,0.1929417848587036,0.24992503225803375,0.1453937143087387,1.5471394062042236,0.0,638.0,121,2,355,0,0,0,100,100,0,0,0.0,100.0,0,,,False,0,False,not_reached,0.0,0.1
227,908,722,79,722,1,right,0.1082712933421135,0.30325689911842346,0.2014617919921875,0.24356481432914734,0.1434451937675476,1.5478575229644775,0.0,638.0,122,2,355,0,0,0,100,100,0,0,0.0,100.0,0,,,False,0,False,not_reached,0.0,0.1
228,912,722,93,722,4,right+A+B,0.10812906920909882,0.30293411016464233,0.19470997154712677,0.25320833921432495,0.14101846516132355,1.544922947883606,0.0,638.0,123,2,355,0,0,0,100,100,0,0,0.0,100.0,0,,,False,0,False,not_reached,0.0,0.1
229,916,722,108,722,1,right,0.10872431099414825,0.3042537271976471,0.19203700125217438,0.252206027507782,0.1427789330482483,1.5454853773117065,0.0,638.0,124,2,355,0,0,0,100,100,0,0,0.0,100.0,0,,,False,0,False,not_reached,0.0,0.1
230,920,722,112,722,2,right+A,0.1092546135187149,0.3044157326221466,0.19719825685024261,0.24223336577415466,0.14689800143241882,1.5493228435516357,-1.0,637.0,125,2,354,0,0,0,100,100,0,0,0.0,100.0,0,,,False,0,False,not_reached,0.0,0.1
231,924,722,106,722,1,right,0.10948784649372101,0.3017081916332245,0.20474164187908173,0.23376601934432983,0.15029631555080414,1.5530349016189575,0.0,637.0,126,2,354,0,0,0,100,100,0,0,0.0,100.0,0,,,False,0,False,not_reached,0.0,0.1
232,928,722,89,722,3,right+B,0.11000362783670425,0.30110448598861694,0.20330682396888733,0.23492710292339325,0.1506580114364624,1.553539514541626,0.0,637.0,127,2,354,0,0,0,100,100,0,0,0.0,100.0,0,,,False,0,False,not_reached,0.0,0.1
233,932,722,79,722,2,right+A,0.1096377819776535,0.3027995228767395,0.20480145514011383,0.23255431652069092,0.15020689368247986,1.5528331995010376,0.0,637.0,128,2,354,0,0,0,100,100,0,0,0.0,100.0,0,,,False,0,False,not_reached,0.0,0.1
234,936,722,79,722,1,right,0.10971786081790924,0.30338624119758606,0.2014756202697754,0.2364344596862793,0.14898580312728882,1.5517172813415527,0.0,637.0,129,2,354,0,0,0,100,100,0,0,0.0,100.0,0,,,False,0,False,not_reached,0.0,0.1
235,940,722,79,722,3,right+B,0.1094222441315651,0.3030065894126892,0.20148895680904388,0.23795610666275024,0.14812606573104858,1.5511820316314697,-1.0,636.0,130,2,353,0,0,0,100,100,0,0,0.0,100.0,0,,,False,0,False,not_reached,0.0,0.1
236,944,722,93,722,2,right+A,0.10916715115308762,0.3034351170063019,0.2027861326932907,0.23835152387619019,0.14626015722751617,1.5501949787139893,0.0,636.0,131,2,353,0,0,0,100,100,0,0,0.0,100.0,0,,,False,0,False,not_reached,0.0,0.1
237,948,722,108,722,1,right,0.10933638364076614,0.30288147926330566,0.19716769456863403,0.24426624178886414,0.14634814858436584,1.5494436025619507,0.0,636.0,132,2,353,0,0,0,100,100,0,0,0.0,100.0,0,,,False,0,False,not_reached,0.0,0.1
238,952,722,112,722,1,right,0.1090407446026802,0.30438241362571716,0.19266846776008606,0.24988093972206116,0.14402741193771362,1.5465922355651855,0.0,636.0,133,2,353,0,0,0,100,100,0,0,0.0,100.0,0,,,False,0,False,not_reached,0.0,0.1
239,956,722,106,722,0,NOOP,0.10919581353664398,0.30212634801864624,0.2035589963197708,0.23642727732658386,0.1486915946006775,1.5518133640289307,0.0,636.0,134,2,353,0,0,0,100,100,0,0,0.0,100.0,0,,,False,0,False,not_reached,0.0,0.1
240,960,722,89,722,1,right,0.10905177146196365,0.3010234236717224,0.1948595643043518,0.24992269277572632,0.1451425701379776,1.5484130382537842,-1.0,635.0,135,2,352,0,0,0,100,100,0,0,0.0,100.0,0,,,False,0,False,not_reached,0.0,0.1
241,964,722,79,722,4,right+A+B,0.10850826650857925,0.30260735750198364,0.19123129546642303,0.2534923851490021,0.14416061341762543,1.546162486076355,0.0,635.0,136,2,352,0,0,0,100,100,0,0,0.0,100.0,0,,,False,0,False,not_reached,0.0,0.1
242,968,722,79,722,4,right+A+B,0.10911723971366882,0.30306920409202576,0.19052332639694214,0.2529679536819458,0.1443222612142563,1.546485185623169,0.0,635.0,137,2,352,0,0,0,100,100,0,0,0.0,100.0,0,,,False,0,False,not_reached,0.0,0.1
243,972,722,79,722,1,right,0.10899270325899124,0.30364835262298584,0.18687984347343445,0.2573908269405365,0.14308828115463257,1.544471025466919,0.0,635.0,138,2,352,0,0,0,100,100,0,0,0.0,100.0,0,,,False,0,False,not_reached,0.0,0.1
244,976,722,79,722,3,right+B,0.10918906331062317,0.30365967750549316,0.19174796342849731,0.24918031692504883,0.1462230235338211,1.5478075742721558,0.0,635.0,139,2,352,0,0,0,100,100,0,0,0.0,100.0,0,,,False,0,False,not_reached,0.0,0.1
245,980,722,79,722,1,right,0.10921186953783035,0.30395010113716125,0.18896879255771637,0.25391989946365356,0.14394935965538025,1.545745849609375,-1.0,634.0,140,2,351,0,0,0,100,100,0,0,0.0,100.0,0,,,False,0,False,not_reached,0.0,0.1
246,984,722,79,722,3,right+B,0.1092483177781105,0.30317047238349915,0.18723446130752563,0.25791141390800476,0.14243535697460175,1.544496774673462,0.0,634.0,141,2,351,0,0,0,100,100,0,0,0.0,100.0,0,,,False,0,False,not_reached,0.0,0.1
247,988,722,93,722,4,right+A+B,0.10899233818054199,0.3033655881881714,0.19059133529663086,0.254860520362854,0.14219023287296295,1.5451264381408691,0.0,634.0,142,2,351,0,0,0,100,100,0,0,0.0,100.0,0,,,False,0,False,not_reached,0.0,0.1
248,992,722,108,722,1,right,0.10949499160051346,0.30344322323799133,0.19442866742610931,0.24816322326660156,0.14446990191936493,1.547838568687439,0.0,634.0,143,2,351,0,0,0,100,100,0,0,0.0,100.0,0,,,False,0,False,not_reached,0.0,0.1
249,996,722,112,722,4,right+A+B,0.10932336747646332,0.30274999141693115,0.19373616576194763,0.2489226907491684,0.1452677845954895,1.5480949878692627,0.0,634.0,144,2,351,0,0,0,100,100,0,0,0.0,100.0,0,,,False,0,False,not_reached,0.0,0.1
250,1000,722,106,722,2,right+A,0.10926157236099243,0.3012312352657318,0.19885781407356262,0.24400033056735992,0.14664898812770844,1.550242304801941,-1.0,633.0,145,2,350,0,0,0,100,100,0,0,0.0,100.0,0,,,False,0,False,not_reached,0.0,0.1
251,1004,722,89,722,1,right,0.10882065445184708,0.30153560638427734,0.1921393871307373,0.25524601340293884,0.1422584503889084,1.5457770824432373,0.0,633.0,146,2,350,0,0,0,100,100,0,0,0.0,100.0,0,,,False,0,False,not_reached,0.0,0.1
252,1008,722,79,722,2,right+A,0.1077803522348404,0.30332574248313904,0.19103336334228516,0.25782737135887146,0.14003321528434753,1.5429325103759766,0.0,633.0,147,2,350,0,0,0,100,100,0,0,0.0,100.0,0,,,False,0,False,not_reached,0.0,0.1
253,1012,722,79,722,4,right+A+B,0.10806858539581299,0.3026791512966156,0.19234423339366913,0.256561279296875,0.14034675061702728,1.5438644886016846,0.0,633.0,148,2,350,0,0,0,100,100,0,0,0.0,100.0,0,,,False,0,False,not_reached,0.0,0.1
254,1016,722,79,722,3,right+B,0.10834913700819016,0.3031560182571411,0.1915692538022995,0.256075382232666,0.140850231051445,1.544105052947998,0.0,633.0,149,2,350,0,0,0,100,100,0,0,0.0,100.0,0,,,False,0,False,not_reached,0.0,0.1
255,1020,722,79,722,3,right+B,0.10828279703855515,0.30284449458122253,0.19432319700717926,0.25213032960891724,0.1424192488193512,1.5457783937454224,-1.0,632.0,150,2,349,0,0,0,100,100,0,0,0.0,100.0,0,,,False,0,False,not_reached,0.0,0.1
256,1024,722,79,722,1,right,0.10877656191587448,0.30382058024406433,0.19116708636283875,0.254409521818161,0.14182619750499725,1.5448163747787476,0.0,632.0,151,2,349,0,0,0,100,100,0,0,0.0,100.0,0,,,False,0,False,not_reached,0.0,0.1
257,1028,722,93,722,2,right+A,0.10878511518239975,0.3029768466949463,0.19219796359539032,0.25334230065345764,0.14269773662090302,1.5457682609558105,0.0,632.0,152,2,349,0,0,0,100,100,0,0,0.0,100.0,0,,,False,0,False,not_reached,0.0,0.1
258,1032,722,108,722,3,right+B,0.10901866108179092,0.3018791079521179,0.19540227949619293,0.24765054881572723,0.1460494101047516,1.5488389730453491,0.0,632.0,153,2,349,0,0,0,100,100,0,0,0.0,100.0,0,,,False,0,False,not_reached,0.0,0.1
259,1036,722,112,722,3,right+B,0.10927680134773254,0.3022071123123169,0.1946221888065338,0.24763523042201996,0.14625872671604156,1.5489094257354736,0.0,632.0,154,2,349,0,0,0,100,100,0,0,0.0,100.0,0,,,False,0,False,not_reached,0.0,0.1
260,1040,722,106,722,3,right+B,0.10925377160310745,0.30071452260017395,0.2012300193309784,0.23958569765090942,0.1492159515619278,1.5520600080490112,-1.0,631.0,155,2,348,0,0,0,100,100,0,0,0.0,100.0,0,,,False,0,False,not_reached,0.0,0.1
261,1044,722,89,722,3,right+B,0.10910962522029877,0.30085134506225586,0.19644103944301605,0.24784748256206512,0.1457505077123642,1.549200415611267,0.0,631.0,156,2,348,0,0,0,100,100,0,0,0.0,100.0,0,,,False,0,False,not_reached,0.0,0.1
262,1048,722,79,722,1,right,0.10813137143850327,0.3025561273097992,0.19699621200561523,0.2484980821609497,0.14381815493106842,1.5471467971801758,0.0,631.0,157,2,348,0,0,0,100,100,0,0,0.0,100.0,0,,,False,0,False,not_reached,0.0,0.1
263,1052,722,79,722,1,right,0.1080828532576561,0.30220285058021545,0.1985343098640442,0.24802380800247192,0.1431562751531601,1.5471633672714233,0.0,631.0,158,2,348,0,0,0,100,100,0,0,0.0,100.0,0,,,False,0,False,not_reached,0.0,0.1
264,1056,722,93,722,2,right+A,0.10791610926389694,0.3026593029499054,0.19613492488861084,0.2516907751560211,0.14159896969795227,1.5454940795898438,0.0,631.0,159,2,348,0,0,0,100,100,0,0,0.0,100.0,0,,,False,0,False,not_reached,0.0,0.1
265,1060,722,108,722,1,right,0.10840866714715958,0.3025325834751129,0.1983610838651657,0.2452041655778885,0.14549344778060913,1.5485786199569702,-1.0,630.0,160,2,347,0,0,0,100,100,0,0,0.0,100.0,0,,,False,0,False,not_reached,0.0,0.1
266,1064,722,112,722,0,NOOP,0.1090959757566452,0.3025321960449219,0.19599178433418274,0.24591457843780518,0.14646543562412262,1.5491241216659546,0.0,630.0,161,2,347,0,0,0,100,100,0,0,0.0,100.0,0,,,False,0,False,not_reached,0.0,0.1
267,1068,722,106,722,0,NOOP,0.1092878058552742,0.30126386880874634,0.20057734847068787,0.2403857260942459,0.14848525822162628,1.5514973402023315,0.0,630.0,162,2,347,0,0,0,100,100,0,0,0.0,100.0,0,,,False,0,False,not_reached,0.0,0.1
268,1072,722,89,722,2,right+A,0.10946109890937805,0.3012341260910034,0.19596870243549347,0.24765828251838684,0.14567774534225464,1.549264669418335,0.0,630.0,163,2,347,0,0,0,100,100,0,0,0.0,100.0,0,,,False,0,False,not_reached,0.0,0.1
269,1076,722,79,722,1,right,0.10873375833034515,0.3025034964084625,0.1971513032913208,0.24719396233558655,0.14441753923892975,1.5480159521102905,0.0,630.0,164,2,347,0,0,0,100,100,0,0,0.0,100.0,0,,,False,0,False,not_reached,0.0,0.1
270,1080,722,93,722,4,right+A+B,0.1089082658290863,0.3020287752151489,0.1979290097951889,0.24704116582870483,0.14409270882606506,1.5482537746429443,-1.0,629.0,165,2,346,0,0,0,100,100,0,0,0.0,100.0,0,,,False,0,False,not_reached,0.0,0.1
271,1084,722,109,722,2,right+A,0.10890420526266098,0.301462858915329,0.1979341208934784,0.24528762698173523,0.14641116559505463,1.549589991569519,0.0,629.0,166,2,346,0,0,0,100,100,0,0,0.0,100.0,0,,,False,0,False,not_reached,0.0,0.1
272,1088,722,121,722,3,right+B,0.10913125425577164,0.3022381663322449,0.19967716932296753,0.24186331033706665,0.14709004759788513,1.5503041744232178,0.0,629.0,167,2,346,0,0,0,100,100,0,0,0.0,100.0,0,,,False,0,False,not_reached,0.0,0.1
273,1092,722,122,722,4,right+A+B,0.10893550515174866,0.3033532500267029,0.2032918483018875,0.23510287702083588,0.14931653439998627,1.5515530109405518,0.0,629.0,168,2,346,0,0,0,100,100,0,0,0.0,100.0,0,,,False,0,False,not_reached,0.0,0.1
274,1096,722,113,722,0,NOOP,0.10854656994342804,0.3039431869983673,0.19937506318092346,0.24127627909183502,0.14685894548892975,1.5492786169052124,0.0,629.0,169,2,346,0,0,0,100,100,0,0,0.0,100.0,0,,,False,0,False,not_reached,0.0,0.1
275,1100,722,94,722,3,right+B,0.10799641907215118,0.3042648732662201,0.19699494540691376,0.24689799547195435,0.1438458114862442,1.5467029809951782,-1.0,628.0,170,2,345,0,0,0,100,100,0,0,0.0,100.0,0,,,False,0,False,not_reached,0.0,0.1
276,1104,722,79,722,1,right,0.10794617980718613,0.3032498061656952,0.19489401578903198,0.25089001655578613,0.14302004873752594,1.5459057092666626,0.0,628.0,171,2,345,0,0,0,100,100,0,0,0.0,100.0,0,,,False,0,False,not_reached,0.0,0.1
277,1108,722,79,722,3,right+B,0.10771726816892624,0.30341261625289917,0.1928117275238037,0.2549155354499817,0.141142800450325,1.5440447330474854,0.0,628.0,172,2,345,0,0,0,100,100,0,0,0.0,100.0,0,,,False,0,False,not_reached,0.0,0.1
278,1112,722,93,722,4,right+A+B,0.10857667773962021,0.30288103222846985,0.19420115649700165,0.25222888588905334,0.1421121507883072,1.5458121299743652,0.0,628.0,173,2,345,0,0,0,100,100,0,0,0.0,100.0,0,,,False,0,False,not_reached,0.0,0.1
279,1116,722,108,722,1,right,0.1089475005865097,0.30190977454185486,0.1983153074979782,0.24437735974788666,0.14645005762577057,1.5496323108673096,0.0,628.0,174,2,345,0,0,0,100,100,0,0,0.0,100.0,0,,,False,0,False,not_reached,0.0,0.1
280,1120,722,112,722,1,right,0.10932300239801407,0.30235475301742554,0.19663450121879578,0.24454611539840698,0.14714163541793823,1.549834966659546,-1.0,627.0,175,2,344,0,0,0,100,100,0,0,0.0,100.0,0,,,False,0,False,not_reached,0.0,0.1
281,1124,722,106,722,3,right+B,0.10937889665365219,0.300872802734375,0.20197747647762299,0.23810376226902008,0.14966711401939392,1.552459716796875,0.0,627.0,176,2,344,0,0,0,100,100,0,0,0.0,100.0,0,,,False,0,False,not_reached,0.0,0.1
282,1128,722,89,722,1,right,0.10936126112937927,0.30098357796669006,0.19666102528572083,0.24671918153762817,0.14627493917942047,1.5497069358825684,0.0,627.0,177,2,344,0,0,0,100,100,0,0,0.0,100.0,0,,,False,0,False,not_reached,0.0,0.1
283,1132,722,79,722,3,right+B,0.10871005803346634,0.30239105224609375,0.1971762329339981,0.24670638144016266,0.14501626789569855,1.5483447313308716,0.0,627.0,178,2,344,0,0,0,100,100,0,0,0.0,100.0,0,,,False,0,False,not_reached,0.0,0.1
284,1136,722,93,722,2,right+A,0.10879500955343246,0.3020193874835968,0.19830848276615143,0.24637167155742645,0.14450545608997345,1.548467755317688,0.0,627.0,179,2,344,0,0,0,100,100,0,0,0.0,100.0,0,,,False,0,False,not_reached,0.0,0.1
285,1140,722,108,722,0,NOOP,0.10868213325738907,0.3016084134578705,0.1977226287126541,0.2461356520652771,0.14585117995738983,1.5490424633026123,-1.0,626.0,180,2,343,0,0,0,100,100,0,0,0.0,100.0,0,,,False,0,False,not_reached,0.0,0.1
286,1144,722,112,722,2,right+A,0.10869399458169937,0.30274346470832825,0.1969863623380661,0.24666456878185272,0.14491160213947296,1.548161506652832,0.0,626.0,181,2,343,0,0,0,100,100,0,0,0.0,100.0,0,,,False,0,False,not_reached,0.0,0.1
287,1148,722,106,722,1,right,0.10860783606767654,0.3018198013305664,0.1992805451154709,0.24416445195674896,0.1461273580789566,1.549410104751587,0.0,626.0,182,2,343,0,0,0,100,100,0,0,0.0,100.0,0,,,False,0,False,not_reached,0.0,0.1
288,1152,722,89,722,1,right,0.10852048546075821,0.3011508584022522,0.19404885172843933,0.25317221879959106,0.1431075483560562,1.546602725982666,0.0,626.0,183,2,343,0,0,0,100,100,0,0,0.0,100.0,0,,,False,0,False,not_reached,0.0,0.1
289,1156,722,79,722,3,right+B,0.10781199485063553,0.3033566176891327,0.19168980419635773,0.25668641924858093,0.14045511186122894,1.5434050559997559,0.0,626.0,184,2,343,0,0,0,100,100,0,0,0.0,100.0,0,,,False,0,False,not_reached,0.0,0.1
290,1160,722,79,722,0,NOOP,0.10842402279376984,0.30326181650161743,0.1909746527671814,0.2567538022994995,0.1405857354402542,1.5438188314437866,-1.0,625.0,185,2,342,0,0,0,100,100,0,0,0.0,100.0,0,,,False,0,False,not_reached,0.0,0.1
291,1164,722,79,722,0,NOOP,0.1084456518292427,0.3025999069213867,0.19129489362239838,0.255972295999527,0.14168725907802582,1.5446993112564087,0.0,625.0,186,2,342,0,0,0,100,100,0,0,0.0,100.0,0,,,False,0,False,not_reached,0.0,0.1
292,1168,722,79,722,1,right,0.10859164595603943,0.30267417430877686,0.19355422258377075,0.2519153356552124,0.14326460659503937,1.5463486909866333,0.0,625.0,187,2,342,0,0,0,100,100,0,0,0.0,100.0,0,,,False,0,False,not_reached,0.0,0.1
293,1172,722,93,722,2,right+A,0.1086120530962944,0.3022141456604004,0.191653311252594,0.2545865476131439,0.14293384552001953,1.5457384586334229,0.0,625.0,188,2,342,0,0,0,100,100,0,0,0.0,100.0,0,,,False,0,False,not_reached,0.0,0.1
294,1176,722,109,722,2,right+A,0.10906641185283661,0.3027869760990143,0.1922379583120346,0.2509754002094269,0.1449333131313324,1.547305703163147,0.0,625.0,189,2,342,0,0,0,100,100,0,0,0.0,100.0,0,,,False,0,False,not_reached,0.0,0.1
295,1180,722,121,722,3,right+B,0.1092139258980751,0.303560346364975,0.18840646743774414,0.25505319237709045,0.14376603066921234,1.5455436706542969,-1.0,624.0,190,2,341,0,0,0,100,100,0,0,0.0,100.0,0,,,False,0,False,not_reached,0.0,0.1
296,1184,722,122,722,1,right,0.1090981587767601,0.30486544966697693,0.19600176811218262,0.24322554469108582,0.14680911600589752,1.5487987995147705,0.0,624.0,191,2,341,0,0,0,100,100,0,0,0.0,100.0,0,,,False,0,False,not_reached,0.0,0.1
297,1188,722,113,722,0,NOOP,0.10886391997337341,0.304164320230484,0.1955111026763916,0.24472394585609436,0.14673669636249542,1.5486204624176025,0.0,624.0,192,2,341,0,0,0,100,100,0,0,0.0,100.0,0,,,False,0,False,not_reached,0.0,0.1
298,1192,722,94,722,3,right+B,0.10831912606954575,0.30451974272727966,0.19076932966709137,0.25262773036956787,0.14376412332057953,1.5453007221221924,0.0,624.0,193,2,341,0,0,0,100,100,0,0,0.0,100.0,0,,,False,0,False,not_reached,0.0,0.1
299,1196,722,79,722,3,right+B,0.10837335139513016,0.30495548248291016,0.1875077486038208,0.25828129053115845,0.14088211953639984,1.5426042079925537,0.0,624.0,194,2,341,0,0,0,100,100,0,0,0.0,100.0,0,,,False,0,False,not_reached,0.0,0.1
300,1200,722,79,722,1,right,0.10782741010189056,0.30446937680244446,0.1866140216588974,0.26149287819862366,0.1395963430404663,1.5411157608032227,-1.0,623.0,195,2,340,0,0,0,100,100,0,0,0.0,100.0,0,,,False,0,False,not_reached,0.0,0.1
301,1204,722,79,722,1,right,0.10834414511919022,0.3037808835506439,0.183333158493042,0.2658828794956207,0.13865889608860016,1.5399119853973389,0.0,623.0,196,2,340,0,0,0,100,100,0,0,0.0,100.0,0,,,False,0,False,not_reached,0.0,0.1
302,1208,722,79,722,1,right,0.10889404267072678,0.3023535907268524,0.18965205550193787,0.25568389892578125,0.1434163749217987,1.5456509590148926,0.0,623.0,197,2,340,0,0,0,100,100,0,0,0.0,100.0,0,,,False,0,False,not_reached,0.0,0.1
303,1212,722,79,722,1,right,0.10908731818199158,0.30398938059806824,0.18781670928001404,0.2573257386684418,0.14178085327148438,1.5440196990966797,0.0,623.0,198,2,340,0,0,0,100,100,0,0,0.0,100.0,0,,,False,0,False,not_reached,0.0,0.1
304,1216,722,93,722,4,right+A+B,0.10923779755830765,0.304747998714447,0.18588906526565552,0.257826566696167,0.14229850471019745,1.543711543083191,0.0,623.0,199,2,340,0,0,0,100,100,0,0,0.0,100.0,0,,,False,0,False,not_reached,0.0,0.1
305,1220,722,108,722,0,NOOP,0.10924816131591797,0.3030933737754822,0.1934385746717453,0.2479829341173172,0.14623697102069855,1.5484076738357544,-1.0,622.0,200,2,339,0,0,0,100,100,0,0,0.0,100.0,0,,,False,0,False,not_reached,0.0,0.1
306,1224,722,112,722,1,right,0.10914165526628494,0.30229711532592773,0.19460909068584442,0.2469550520181656,0.14699707925319672,1.549163579940796,0.0,622.0,201,2,339,0,0,0,100,100,0,0,0.0,100.0,0,,,False,0,False,not_reached,0.0,0.1
307,1228,722,106,722,3,right+B,0.10912278294563293,0.30138111114501953,0.19849126040935516,0.24074965715408325,0.1502552628517151,1.5517942905426025,0.0,622.0,202,2,339,0,0,0,100,100,0,0,0.0,100.0,0,,,False,0,False,not_reached,0.0,0.1
308,1232,722,89,722,1,right,0.10974645614624023,0.30139097571372986,0.1975499838590622,0.2418825924396515,0.1494300365447998,1.5517058372497559,0.0,622.0,203,2,339,0,0,0,100,100,0,0,0.0,100.0,0,,,False,0,False,not_reached,0.0,0.1
309,1236,722,79,722,3,right+B,0.10923303663730621,0.3059942424297333,0.196169912815094,0.24291180074214935,0.14569103717803955,1.5481170415878296,0.0,622.0,204,2,339,0,0,0,100,100,0,0,0.0,100.0,0,,,False,0,False,not_reached,0.0,0.1
310,1240,722,79,722,3,right+B,0.10914326459169388,0.304288774728775,0.19922523200511932,0.24275201559066772,0.14459069073200226,1.5484966039657593,-1.0,621.0,205,2,338,0,0,0,100,100,0,0,0.0,100.0,0,,,False,0,False,not_reached,0.0,0.1
311,1244,722,79,722,0,NOOP,0.1089041605591774,0.30153268575668335,0.20692770183086395,0.23519796133041382,0.1474374681711197,1.5516189336776733,0.0,621.0,206,2,338,0,0,0,100,100,0,0,0.0,100.0,0,,,False,0,False,not_reached,0.0,0.1
312,1248,722,79,722,3,right+B,0.10885944217443466,0.30248501896858215,0.20472875237464905,0.23705576360225677,0.1468709409236908,1.5507798194885254,0.0,621.0,207,2,338,0,0,0,100,100,0,0,0.0,100.0,0,,,False,0,False,not_reached,0.0,0.1
313,1252,722,79,722,1,right,0.10929926484823227,0.3045959174633026,0.19638977944850922,0.24599537253379822,0.14371970295906067,1.5474958419799805,0.0,621.0,208,2,338,0,0,0,100,100,0,0,0.0,100.0,0,,,False,0,False,not_reached,0.0,0.1
314,1256,722,93,722,2,right+A,0.10939783602952957,0.30507028102874756,0.1947145015001297,0.24597781896591187,0.14483949542045593,1.5476866960525513,0.0,621.0,209,2,338,0,0,0,100,100,0,0,0.0,100.0,0,,,False,0,False,not_reached,0.0,0.1
315,1260,722,109,722,2,right+A,0.10898175835609436,0.30332568287849426,0.19736100733280182,0.2459644377231598,0.1443670690059662,1.5480692386627197,-1.0,620.0,210,2,337,0,0,0,100,100,0,0,0.0,100.0,0,,,False,0,False,not_reached,0.0,0.1
316,1264,722,121,722,1,right,0.10897622257471085,0.30231064558029175,0.19381394982337952,0.25060608983039856,0.14429305493831635,1.547379732131958,0.0,620.0,211,2,337,0,0,0,100,100,0,0,0.0,100.0,0,,,False,0,False,not_reached,0.0,0.1
317,1268,722,122,722,4,right+A+B,0.10890012979507446,0.30300918221473694,0.20031535625457764,0.23988202214241028,0.14789330959320068,1.5504577159881592,0.0,620.0,212,2,337,0,0,0,100,100,0,0,0.0,100.0,0,,,False,0,False,not_reached,0.0,0.1
318,1272,722,113,722,2,right+A,0.10912761837244034,0.305021733045578,0.1968042105436325,0.24188761413097382,0.14715877175331116,1.5491306781768799,0.0,620.0,213,2,337,0,0,0,100,100,0,0,0.0,100.0,0,,,False,0,False,not_reached,0.0,0.1
319,1276,722,94,722,3,right+B,0.10899833589792252,0.3063862919807434,0.19163082540035248,0.2500474452972412,0.1429370939731598,1.5452775955200195,0.0,620.0,214,2,337,0,0,0,100,100,0,0,0.0,100.0,0,,,False,0,False,not_reached,0.0,0.1
320,1280,722,79,722,0,NOOP,0.10900910943746567,0.3024976849555969,0.19463235139846802,0.24848346412181854,0.14537735283374786,1.5481661558151245,-1.0,619.0,215,2,336,0,0,0,100,100,0,0,0.0,100.0,0,,,False,0,False,not_reached,0.0,0.1
321,1284,722,93,722,4,right+A+B,0.10844579339027405,0.30189505219459534,0.20193921029567719,0.24163109064102173,0.14608882367610931,1.5497519969940186,0.0,619.0,216,2,336,0,0,0,100,100,0,0,0.0,100.0,0,,,False,0,False,not_reached,0.0,0.1
322,1288,722,108,722,3,right+B,0.10945918411016464,0.303627073764801,0.20285888016223907,0.23671263456344604,0.1473422348499298,1.5509064197540283,0.0,619.0,217,2,336,0,0,0,100,100,0,0,0.0,100.0,0,,,False,0,False,not_reached,0.0,0.1
323,1292,722,112,722,3,right+B,0.10904315859079361,0.30211323499679565,0.20037634670734406,0.24034927785396576,0.1481180191040039,1.5508975982666016,0.0,619.0,218,2,336,0,0,0,100,100,0,0,0.0,100.0,0,,,False,0,False,not_reached,0.0,0.1
324,1296,722,106,722,4,right+A+B,0.10882154852151871,0.3021906018257141,0.20541347563266754,0.23543082177639008,0.14814351499080658,1.5515196323394775,0.0,619.0,219,2,336,0,0,0,100,100,0,0,0.0,100.0,0,,,False,0,False,not_reached,0.0,0.1
325,1300,722,89,722,3,right+B,0.10952188819646835,0.3029297888278961,0.19445498287677765,0.24857456982135773,0.14451876282691956,1.547995924949646,-1.0,618.0,220,2,335,0,0,0,100,100,0,0,0.0,100.0,0,,,False,0,False,not_reached,0.0,0.1
326,1304,722,79,722,3,right+B,0.1080751046538353,0.3028872013092041,0.1938234567642212,0.25168541073799133,0.1435288041830063,1.546093225479126,0.0,618.0,221,2,335,0,0,0,100,100,0,0,0.0,100.0,0,,,False,0,False,not_reached,0.0,0.1
327,1308,722,79,722,3,right+B,0.1091335192322731,0.30352047085762024,0.19647465646266937,0.24742503464221954,0.14344637095928192,1.547456979751587,0.0,618.0,222,2,335,0,0,0,100,100,0,0,0.0,100.0,0,,,False,0,False,not_reached,0.0,0.1
328,1312,722,79,722,1,right,0.10914529114961624,0.30470818281173706,0.1915893703699112,0.2532491385936737,0.14130796492099762,1.5447838306427002,0.0,618.0,223,2,335,0,0,0,100,100,0,0,0.0,100.0,0,,,False,0,False,not_reached,0.0,0.1
329,1316,722,93,722,4,right+A+B,0.10852202028036118,0.30425843596458435,0.19383849203586578,0.2502756714820862,0.14310535788536072,1.5459744930267334,0.0,618.0,224,2,335,0,0,0,100,100,0,0,0.0,100.0,0,,,False,0,False,not_reached,0.0,0.1
330,1320,722,109,722,2,right+A,0.10934776812791824,0.30273935198783875,0.1988724172115326,0.2412106841802597,0.14782975614070892,1.550573468208313,-1.0,617.0,225,2,334,0,0,0,100,100,0,0,0.0,100.0,0,,,False,0,False,not_reached,0.0,0.1
331,1324,722,121,722,3,right+B,0.11017760634422302,0.30193156003952026,0.20405957102775574,0.23254023492336273,0.15129107236862183,1.5538402795791626,0.0,617.0,226,2,334,0,0,0,100,100,0,0,0.0,100.0,0,,,False,0,False,not_reached,0.0,0.1
332,1328,722,122,722,4,right+A+B,0.10981306433677673,0.3031153976917267,0.21179260313510895,0.21953290700912476,0.15574611723423004,1.5556007623672485,0.0,617.0,227,2,334,0,0,0,100,100,0,0,0.0,100.0,0,,,False,0,False,not_reached,0.0,0.1
333,1332,722,113,722,3,right+B,0.10951481759548187,0.3049922585487366,0.20166921615600586,0.23270687460899353,0.15111681818962097,1.5521268844604492,0.0,617.0,228,2,334,0,0,0,100,100,0,0,0.0,100.0,0,,,False,0,False,not_reached,0.0,0.1
334,1336,722,94,722,2,right+A,0.1089618131518364,0.30503588914871216,0.19922958314418793,0.23934240639209747,0.14743028581142426,1.5496022701263428,0.0,617.0,229,2,334,0,0,0,100,100,0,0,0.0,100.0,0,,,False,0,False,not_reached,0.0,0.1
335,1340,722,79,722,1,right,0.10862448066473007,0.30307477712631226,0.19809827208518982,0.24491964280605316,0.1452828049659729,1.5484739542007446,-1.0,616.0,230,2,333,0,0,0,100,100,0,0,0.0,100.0,0,,,False,0,False,not_reached,0.0,0.1
336,1344,722,93,722,4,right+A+B,0.10780851542949677,0.30398309230804443,0.19108733534812927,0.2586914896965027,0.13842950761318207,1.5418760776519775,0.0,616.0,231,2,333,0,0,0,100,100,0,0,0.0,100.0,0,,,False,0,False,not_reached,0.0,0.1
337,1348,722,109,722,2,right+A,0.10851128399372101,0.30306917428970337,0.19113600254058838,0.25650015473365784,0.14078344404697418,1.5440926551818848,0.0,616.0,232,2,333,0,0,0,100,100,0,0,0.0,100.0,0,,,False,0,False,not_reached,0.0,0.1
338,1352,722,121,722,1,right,0.10976846516132355,0.3040914833545685,0.1946764439344406,0.24584032595157623,0.1456233412027359,1.5485999584197998,0.0,616.0,233,2,333,0,0,0,100,100,0,0,0.0,100.0,0,,,False,0,False,not_reached,0.0,0.1
339,1356,722,122,722,1,right,0.10928419232368469,0.3041935861110687,0.19581304490566254,0.24315869808197021,0.14755044877529144,1.5494303703308105,0.0,616.0,234,2,333,0,0,0,100,100,0,0,0.0,100.0,0,,,False,0,False,not_reached,0.0,0.1
340,1360,722,113,722,2,right+A,0.10949651896953583,0.3038436770439148,0.1932554692029953,0.24500049650669098,0.1484038084745407,1.549524188041687,-1.0,615.0,235,2,332,0,0,0,100,100,0,0,0.0,100.0,0,,,False,0,False,not_reached,0.0,0.1
341,1364,722,94,722,4,right+A+B,0.10907480865716934,0.304680734872818,0.1887291818857193,0.2511909008026123,0.14632436633110046,1.5467405319213867,0.0,615.0,236,2,332,0,0,0,100,100,0,0,0.0,100.0,0,,,False,0,False,not_reached,0.0,0.1
342,1368,722,79,722,1,right,0.10923482477664948,0.3039582371711731,0.1857883632183075,0.2560020387172699,0.14501653611660004,1.5453903675079346,0.0,615.0,237,2,332,0,0,0,100,100,0,0,0.0,100.0,0,,,False,0,False,not_reached,0.0,0.1
343,1372,722,79,722,3,right+B,0.10888604074716568,0.30333635210990906,0.188370943069458,0.2536742389202118,0.14573237299919128,1.546403408050537,0.0,615.0,238,2,332,0,0,0,100,100,0,0,0.0,100.0,0,,,False,0,False,not_reached,0.0,0.1
344,1376,722,79,722,3,right+B,0.10901398211717606,0.30335211753845215,0.18908539414405823,0.2557907700538635,0.14275778830051422,1.545032024383545,0.0,615.0,239,2,332,0,0,0,100,100,0,0,0.0,100.0,0,,,False,0,False,not_reached,0.0,0.1
345,1380,722,93,722,2,right+A,0.10885962098836899,0.303487628698349,0.1889793872833252,0.25699445605278015,0.14167889952659607,1.5442086458206177,-1.0,614.0,240,2,331,0,0,0,100,100,0,0,0.0,100.0,0,,,False,0,False,not_reached,0.0,0.1
346,1384,722,108,722,3,right+B,0.10937877744436264,0.3031487762928009,0.19201597571372986,0.2515623867511749,0.1438940316438675,1.5468628406524658,0.0,614.0,241,2,331,0,0,0,100,100,0,0,0.0,100.0,0,,,False,0,False,not_reached,0.0,0.1
347,1388,722,112,722,1,right,0.10887632519006729,0.3028210401535034,0.19509659707546234,0.2492334544658661,0.14397259056568146,1.54734468460083,0.0,614.0,242,2,331,0,0,0,100,100,0,0,0.0,100.0,0,,,False,0,False,not_reached,0.0,0.1
348,1392,722,106,722,0,NOOP,0.10916159301996231,0.30181729793548584,0.19802923500537872,0.24564556777477264,0.1453462690114975,1.549192190170288,0.0,614.0,243,2,331,0,0,0,100,100,0,0,0.0,100.0,0,,,False,0,False,not_reached,0.0,0.1
349,1396,722,89,722,4,right+A+B,0.10905462503433228,0.3014677166938782,0.1909295916557312,0.2563858926296234,0.14216217398643494,1.5455811023712158,0.0,614.0,244,2,331,0,0,0,100,100,0,0,0.0,100.0,0,,,False,0,False,not_reached,0.0,0.1
350,1400,722,79,722,1,right,0.1086307093501091,0.3028586506843567,0.19263581931591034,0.2538009285926819,0.1420738697052002,1.545419454574585,-1.0,613.0,245,2,330,0,0,0,100,100,0,0,0.0,100.0,0,,,False,0,False,not_reached,0.0,0.1
351,1404,722,79,722,1,right,0.10861000418663025,0.30272042751312256,0.19083338975906372,0.25709637999534607,0.14073972404003143,1.544119119644165,0.0,613.0,246,2,330,0,0,0,100,100,0,0,0.0,100.0,0,,,False,0,False,not_reached,0.0,0.1
352,1408,722,79,722,0,NOOP,0.10862942785024643,0.30280962586402893,0.1910012811422348,0.2571708559989929,0.14038877189159393,1.5439592599868774,0.0,613.0,247,2,330,0,0,0,100,100,0,0,0.0,100.0,0,,,False,0,False,not_reached,0.0,0.1
353,1412,722,93,722,2,right+A,0.10877379029989243,0.30310532450675964,0.1944132000207901,0.25129300355911255,0.14241473376750946,1.5461639165878296,0.0,613.0,248,2,330,0,0,0,100,100,0,0,0.0,100.0,0,,,False,0,False,not_reached,0.0,0.1
354,1416,722,108,722,0,NOOP,0.10900542140007019,0.30225270986557007,0.1941155195236206,0.2494257539510727,0.14520059525966644,1.547987699508667,0.0,613.0,249,2,330,0,0,0,100,100,0,0,0.0,100.0,0,,,False,0,False,not_reached,0.0,0.1
355,1420,722,112,722,1,right,0.10910481959581375,0.3025742471218109,0.1936938613653183,0.24934105575084686,0.14528599381446838,1.547947883605957,-1.0,612.0,250,2,329,0,0,0,100,100,0,0,0.0,100.0,0,,,False,0,False,not_reached,0.0,0.1
356,1424,722,106,722,0,NOOP,0.1092255562543869,0.3016500473022461,0.19799865782260895,0.24411830306053162,0.14700739085674286,1.5501291751861572,0.0,612.0,251,2,329,0,0,0,100,100,0,0,0.0,100.0,0,,,False,0,False,not_reached,0.0,0.1
357,1428,722,89,722,4,right+A+B,0.10898537933826447,0.3009493052959442,0.1942962259054184,0.25101226568222046,0.14475680887699127,1.548017978668213,0.0,612.0,252,2,329,0,0,0,100,100,0,0,0.0,100.0,0,,,False,0,False,not_reached,0.0,0.1
358,1432,722,79,722,1,right,0.10799302905797958,0.30243903398513794,0.1948590874671936,0.25219476222991943,0.14251412451267242,1.5458000898361206,0.0,612.0,253,2,329,0,0,0,100,100,0,0,0.0,100.0,0,,,False,0,False,not_reached,0.0,0.1
359,1436,722,79,722,1,right,0.10795489698648453,0.30219733715057373,0.19780908524990082,0.24949297308921814,0.1425456553697586,1.5465538501739502,0.0,612.0,254,2,329,0,0,0,100,100,0,0,0.0,100.0,0,,,False,0,False,not_reached,0.0,0.1
360,1440,722,79,722,1,right,0.10780104994773865,0.3024247884750366,0.19566012918949127,0.2529606819152832,0.14115330576896667,1.5450602769851685,-1.0,611.0,255,2,328,0,0,0,100,100,0,0,0.0,100.0,0,,,False,0,False,not_reached,0.0,0.1
361,1444,722,79,722,1,right,0.10790029168128967,0.30295494198799133,0.19564183056354523,0.2511596381664276,0.14234331250190735,1.5457279682159424,0.0,611.0,256,2,328,0,0,0,100,100,0,0,0.0,100.0,0,,,False,0,False,not_reached,0.0,0.1
362,1448,722,79,722,1,right,0.10854790359735489,0.3032014071941376,0.19376303255558014,0.2513871192932129,0.14310045540332794,1.5461761951446533,0.0,611.0,257,2,328,0,0,0,100,100,0,0,0.0,100.0,0,,,False,0,False,not_reached,0.0,0.1
363,1452,722,79,722,1,right,0.10857158899307251,0.302875280380249,0.19473616778850555,0.24997234344482422,0.1438446044921875,1.5469213724136353,0.0,611.0,258,2,328,0,0,0,100,100,0,0,0.0,100.0,0,,,False,0,False,not_reached,0.0,0.1
364,1456,722,79,722,3,right+B,0.10857877135276794,0.30258676409721375,0.19625897705554962,0.24792978167533875,0.14464570581912994,1.5477890968322754,0.0,611.0,259,2,328,0,0,0,100,100,0,0,0.0,100.0,0,,,False,0,False,not_reached,0.0,0.1
365,1460,722,93,722,4,right+A+B,0.1086684986948967,0.30256760120391846,0.19590748846530914,0.2486867904663086,0.1441696286201477,1.5475261211395264,-1.0,610.0,260,2,327,0,0,0,100,100,0,0,0.0,100.0,0,,,False,0,False,not_reached,0.0,0.1
366,1464,722,108,722,1,right,0.10890467464923859,0.30204468965530396,0.19838827848434448,0.24352401494979858,0.14713840186595917,1.5499337911605835,0.0,610.0,261,2,327,0,0,0,100,100,0,0,0.0,100.0,0,,,False,0,False,not_reached,0.0,0.1
367,1468,722,112,722,1,right,0.10917849838733673,0.30216240882873535,0.19727307558059692,0.24449165165424347,0.14689436554908752,1.5497715473175049,0.0,610.0,262,2,327,0,0,0,100,100,0,0,0.0,100.0,0,,,False,0,False,not_reached,0.0,0.1
368,1472,722,106,722,2,right+A,0.10924222320318222,0.3009626567363739,0.20227673649787903,0.2386840134859085,0.14883434772491455,1.551991581916809,0.0,610.0,263,2,327,0,0,0,100,100,0,0,0.0,100.0,0,,,False,0,False,not_reached,0.0,0.1
369,1476,722,89,722,1,right,0.10907930135726929,0.30110085010528564,0.1975136548280716,0.2470935583114624,0.14521269500255585,1.5490858554840088,0.0,610.0,264,2,327,0,0,0,100,100,0,0,0.0,100.0,0,,,False,0,False,not_reached,0.0,0.1
370,1480,722,79,722,2,right+A,0.10811199247837067,0.30267584323883057,0.1976962387561798,0.24852289259433746,0.14299310743808746,1.546815037727356,-1.0,609.0,265,2,326,0,0,0,100,100,0,0,0.0,100.0,0,,,False,0,False,not_reached,0.0,0.1
371,1484,722,79,722,0,NOOP,0.10803012549877167,0.30218324065208435,0.1994728147983551,0.24751867353916168,0.14279508590698242,1.5471303462982178,0.0,609.0,266,2,326,0,0,0,100,100,0,0,0.0,100.0,0,,,False,0,False,not_reached,0.0,0.1
372,1488,722,79,722,1,right,0.10797011852264404,0.3023724853992462,0.19791162014007568,0.24949496984481812,0.14225082099437714,1.546391487121582,0.0,609.0,267,2,326,0,0,0,100,100,0,0,0.0,100.0,0,,,False,0,False,not_reached,0.0,0.1
373,1492,722,93,722,4,right+A+B,0.10797816514968872,0.30300089716911316,0.19667497277259827,0.25024735927581787,0.1420985609292984,1.545899748802185,0.0,609.0,268,2,326,0,0,0,100,100,0,0,0.0,100.0,0,,,False,0,False,not_reached,0.0,0.1
374,1496,722,108,722,1,right,0.10876734554767609,0.30259308218955994,0.19763444364070892,0.24488680064678192,0.14611829817295074,1.5490272045135498,0.0,609.0,269,2,326,0,0,0,100,100,0,0,0.0,100.0,0,,,False,0,False,not_reached,0.0,0.1
375,1500,722,112,722,0,NOOP,0.10902300477027893,0.3023711144924164,0.1965799778699875,0.2453335076570511,0.1466923952102661,1.5493476390838623,-1.0,608.0,270,2,325,0,0,0,100,100,0,0,0.0,100.0,0,,,False,0,False,not_reached,0.0,0.1
376,1504,722,106,722,0,NOOP,0.10922771692276001,0.3012371361255646,0.2021116316318512,0.2375868558883667,0.1498367339372635,1.5523568391799927,0.0,608.0,271,2,325,0,0,0,100,100,0,0,0.0,100.0,0,,,False,0,False,not_reached,0.0,0.1
377,1508,722,89,722,3,right+B,0.10919191688299179,0.3010530471801758,0.19668246805667877,0.24689802527427673,0.14617455005645752,1.54950749874115,0.0,608.0,272,2,325,0,0,0,100,100,0,0,0.0,100.0,0,,,False,0,False,not_reached,0.0,0.1
378,1512,722,79,722,2,right+A,0.10848164558410645,0.3024783432483673,0.1971641182899475,0.2468724399805069,0.14500339329242706,1.548129916191101,0.0,608.0,273,2,325,0,0,0,100,100,0,0,0.0,100.0,0,,,False,0,False,not_reached,0.0,0.1
379,1516,722,79,722,1,right,0.10864461213350296,0.30196887254714966,0.19767321646213531,0.24715998768806458,0.1445533037185669,1.548240303993225,0.0,608.0,274,2,325,0,0,0,100,100,0,0,0.0,100.0,0,,,False,0,False,not_reached,0.0,0.1
380,1520,722,79,722,0,NOOP,0.1084229052066803,0.3023920953273773,0.19646446406841278,0.24971438944339752,0.14300622045993805,1.5468478202819824,-1.0,607.0,275,2,324,0,0,0,100,100,0,0,0.0,100.0,0,,,False,0,False,not_reached,0.0,0.1
381,1524,722,93,722,4,right+A+B,0.10843349993228912,0.30259642004966736,0.19934888184070587,0.24545016884803772,0.14417099952697754,1.5480960607528687,0.0,607.0,276,2,324,0,0,0,100,100,0,0,0.0,100.0,0,,,False,0,False,not_reached,0.0,0.1
382,1528,722,108,722,3,right+B,0.1085912212729454,0.30197495222091675,0.198797345161438,0.24448786675930023,0.1461486518383026,1.5492757558822632,0.0,607.0,277,2,324,0,0,0,100,100,0,0,0.0,100.0,0,,,False,0,False,not_reached,0.0,0.1
383,1532,722,112,722,2,right+A,0.10855530947446823,0.3023819029331207,0.19770191609859467,0.24583251774311066,0.14552836120128632,1.5486063957214355,0.0,607.0,278,2,324,0,0,0,100,100,0,0,0.0,100.0,0,,,False,0,False,not_reached,0.0,0.1
384,1536,722,106,722,0,NOOP,0.10862170904874802,0.3012450933456421,0.20014087855815887,0.24325703084468842,0.146735280752182,1.5500245094299316,0.0,607.0,279,2,324,0,0,0,100,100,0,0,0.0,100.0,0,,,False,0,False,not_reached,0.0,0.1
385,1540,722,89,722,1,right,0.10860227793455124,0.30161070823669434,0.19290108978748322,0.2538512051105499,0.14303475618362427,1.5462405681610107,-1.0,606.0,280,2,323,0,0,0,100,100,0,0,0.0,100.0,0,,,False,0,False,not_reached,0.0,0.1
386,1544,722,79,722,3,right+B,0.10809283703565598,0.30311888456344604,0.1932641714811325,0.25310927629470825,0.1424148827791214,1.5452842712402344,0.0,606.0,281,2,323,0,0,0,100,100,0,0,0.0,100.0,0,,,False,0,False,not_reached,0.0,0.1
387,1548,722,93,722,2,right+A,0.10845230519771576,0.30230551958084106,0.19372951984405518,0.25282853841781616,0.14268410205841064,1.546014666557312,0.0,606.0,282,2,323,0,0,0,100,100,0,0,0.0,100.0,0,,,False,0,False,not_reached,0.0,0.1
388,1552,722,108,722,1,right,0.1085582971572876,0.3023201525211334,0.19203387200832367,0.2535931468009949,0.14349457621574402,1.5461030006408691,0.0,606.0,283,2,323,0,0,0,100,100,0,0,0.0,100.0,0,,,False,0,False,not_reached,0.0,0.1
389,1556,722,112,722,1,right,0.1089644804596901,0.30328264832496643,0.1916171759366989,0.2525770664215088,0.14355868101119995,1.546194314956665,0.0,606.0,284,2,323,0,0,0,100,100,0,0,0.0,100.0,0,,,False,0,False,not_reached,0.0,0.1
390,1560,722,106,722,4,right+A+B,0.10913508385419846,0.3015200197696686,0.19690686464309692,0.24515663087368011,0.1472814977169037,1.5499889850616455,-1.0,605.0,285,2,322,0,0,0,100,100,0,0,0.0,100.0,0,,,False,0,False,not_reached,0.0,0.1
391,1564,722,89,722,3,right+B,0.10904239118099213,0.3009749948978424,0.19159932434558868,0.25377291440963745,0.14461037516593933,1.547255516052246,0.0,605.0,286,2,322,0,0,0,100,100,0,0,0.0,100.0,0,,,False,0,False,not_reached,0.0,0.1
392,1568,722,79,722,1,right,0.10831716656684875,0.3021033704280853,0.1930936574935913,0.25289440155029297,0.14359134435653687,1.5462818145751953,0.0,605.0,287,2,322,0,0,0,100,100,0,0,0.0,100.0,0,,,False,0,False,not_reached,0.0,0.1
393,1572,722,93,722,2,right+A,0.10837898403406143,0.3026107847690582,0.19215598702430725,0.2550840675830841,0.1417701691389084,1.5449365377426147,0.0,605.0,288,2,322,0,0,0,100,100,0,0,0.0,100.0,0,,,False,0,False,not_reached,0.0,0.1
394,1576,722,108,722,1,right,0.10821960866451263,0.30266526341438293,0.19059894979000092,0.25619685649871826,0.14231932163238525,1.544662356376648,0.0,605.0,289,2,322,0,0,0,100,100,0,0,0.0,100.0,0,,,False,0,False,not_reached,0.0,0.1
395,1580,722,112,722,1,right,0.10825157910585403,0.30336281657218933,0.19285403192043304,0.2523004114627838,0.14323113858699799,1.5457298755645752,-1.0,604.0,290,2,321,0,0,0,100,100,0,0,0.0,100.0,0,,,False,0,False,not_reached,0.0,0.1
396,1584,722,106,722,1,right,0.1086457371711731,0.30153754353523254,0.1961507499217987,0.24719710648059845,0.1464689075946808,1.548996090888977,0.0,604.0,291,2,321,0,0,0,100,100,0,0,0.0,100.0,0,,,False,0,False,not_reached,0.0,0.1
397,1588,722,89,722,2,right+A,0.1091526448726654,0.3014409840106964,0.19107984006404877,0.25287771224975586,0.1454487442970276,1.5475893020629883,0.0,604.0,292,2,321,0,0,0,100,100,0,0,0.0,100.0,0,,,False,0,False,not_reached,0.0,0.1
398,1592,722,79,722,1,right,0.10876208543777466,0.304548978805542,0.1896095871925354,0.25435540080070496,0.1427239626646042,1.5447442531585693,0.0,604.0,293,2,321,0,0,0,100,100,0,0,0.0,100.0,0,,,False,0,False,not_reached,0.0,0.1
399,1596,722,79,722,1,right,0.10883387923240662,0.3037837743759155,0.19010497629642487,0.25474023818969727,0.14253711700439453,1.5449784994125366,0.0,604.0,294,2,321,0,0,0,100,100,0,0,0.0,100.0,0,,,False,0,False,not_reached,0.0,0.1
400,1600,722,79,722,1,right,0.10889504104852676,0.3034636676311493,0.18678098917007446,0.2583901584148407,0.142470121383667,1.5440196990966797,-1.0,603.0,295,2,320,0,0,0,100,100,0,0,0.0,100.0,0,,,False,0,False,not_reached,0.0,0.1
401,1604,722,79,722,1,right,0.10862955451011658,0.3028554618358612,0.18855135142803192,0.25729459524154663,0.14266899228096008,1.5445692539215088,0.0,603.0,296,2,320,0,0,0,100,100,0,0,0.0,100.0,0,,,False,0,False,not_reached,0.0,0.1
402,1608,722,93,722,2,right+A,0.10898976027965546,0.30351704359054565,0.18975961208343506,0.25446856021881104,0.14326493442058563,1.5454769134521484,0.0,603.0,297,2,320,0,0,0,100,100,0,0,0.0,100.0,0,,,False,0,False,not_reached,0.0,0.1
403,1612,722,109,722,2,right+A,0.10949643701314926,0.3040226697921753,0.19029559195041656,0.25028157234191895,0.14590369164943695,1.5474294424057007,0.0,603.0,298,2,320,0,0,0,100,100,0,0,0.0,100.0,0,,,False,0,False,not_reached,0.0,0.1
404,1616,722,121,722,0,NOOP,0.10933208465576172,0.3033798635005951,0.19205278158187866,0.2502039670944214,0.14503124356269836,1.5474177598953247,0.0,603.0,299,2,320,0,0,0,100,100,0,0,0.0,100.0,0,,,False,0,False,not_reached,0.0,0.1
405,1620,722,122,722,3,right+B,0.10863994061946869,0.3039720058441162,0.19980326294898987,0.23943142592906952,0.1481533646583557,1.5500576496124268,-1.0,602.0,300,2,319,0,0,0,100,100,0,0,0.0,100.0,0,,,False,0,False,not_reached,0.0,0.1
406,1624,722,113,722,3,right+B,0.10819628834724426,0.303786039352417,0.1952800303697586,0.24569392204284668,0.14704367518424988,1.548262357711792,0.0,602.0,301,2,319,0,0,0,100,100,0,0,0.0,100.0,0,,,False,0,False,not_reached,0.0,0.1
407,1628,722,94,722,1,right,0.10835213214159012,0.30443352460861206,0.19602574408054352,0.2446776181459427,0.14651092886924744,1.548145055770874,0.0,602.0,302,2,319,0,0,0,100,100,0,0,0.0,100.0,0,,,False,0,False,not_reached,0.0,0.1
408,1632,722,79,722,2,right+A,0.10889061540365219,0.30667662620544434,0.19276051223278046,0.24781200289726257,0.14386026561260223,1.5459293127059937,0.0,602.0,303,2,319,0,0,0,100,100,0,0,0.0,100.0,0,,,False,0,False,not_reached,0.0,0.1
409,1636,722,79,722,2,right+A,0.10869846493005753,0.3041980564594269,0.19652476906776428,0.24649889767169952,0.14407981932163239,1.5473144054412842,0.0,602.0,304,2,319,0,0,0,100,100,0,0,0.0,100.0,0,,,False,0,False,not_reached,0.0,0.1
410,1640,722,79,722,1,right,0.10977205634117126,0.3023611307144165,0.20251516997814178,0.23817244172096252,0.1471792310476303,1.551324725151062,-1.0,601.0,305,2,318,0,0,0,100,100,0,0,0.0,100.0,0,,,False,0,False,not_reached,0.0,0.1
411,1644,722,79,722,1,right,0.10967458784580231,0.3032749891281128,0.20156869292259216,0.23766836524009705,0.1478133499622345,1.5511772632598877,0.0,601.0,306,2,318,0,0,0,100,100,0,0,0.0,100.0,0,,,False,0,False,not_reached,0.0,0.1
412,1648,722,79,722,3,right+B,0.11022734642028809,0.30536654591560364,0.19566510617733002,0.24371647834777832,0.14502453804016113,1.5485992431640625,0.0,601.0,307,2,318,0,0,0,100,100,0,0,0.0,100.0,0,,,False,0,False,not_reached,0.0,0.1
413,1652,722,93,722,4,right+A+B,0.1096881702542305,0.3052641749382019,0.1941382735967636,0.2465295046567917,0.14437994360923767,1.5474997758865356,0.0,601.0,308,2,318,0,0,0,100,100,0,0,0.0,100.0,0,,,False,0,False,not_reached,0.0,0.1
414,1656,722,108,722,1,right,0.10918062925338745,0.30286556482315063,0.200212299823761,0.24225129187107086,0.14549021422863007,1.5494999885559082,0.0,601.0,309,2,318,0,0,0,100,100,0,0,0.0,100.0,0,,,False,0,False,not_reached,0.0,0.1
415,1660,722,112,722,4,right+A+B,0.10915423929691315,0.3024436831474304,0.19571027159690857,0.2478669434785843,0.14482487738132477,1.5482587814331055,-1.0,600.0,310,2,317,0,0,0,100,100,0,0,0.0,100.0,0,,,False,0,False,not_reached,0.0,0.1
416,1664,722,106,722,0,NOOP,0.10890636593103409,0.3004485070705414,0.20113158226013184,0.24192823469638824,0.14758530259132385,1.551037311553955,0.0,600.0,311,2,317,0,0,0,100,100,0,0,0.0,100.0,0,,,False,0,False,not_reached,0.0,0.1
417,1668,722,89,722,2,right+A,0.10943703353404999,0.30226826667785645,0.194526806473732,0.24982786178588867,0.1439400464296341,1.5477559566497803,0.0,600.0,312,2,317,0,0,0,100,100,0,0,0.0,100.0,0,,,False,0,False,not_reached,0.0,0.1
418,1672,722,79,722,4,right+A+B,0.10906863957643509,0.3051932752132416,0.19189873337745667,0.251872181892395,0.14196713268756866,1.545094609260559,0.0,600.0,313,2,317,0,0,0,100,100,0,0,0.0,100.0,0,,,False,0,False,not_reached,0.0,0.1
419,1676,722,79,722,0,NOOP,0.10909976065158844,0.30299991369247437,0.20294852554798126,0.2422885000705719,0.14266325533390045,1.548439383506775,0.0,600.0,314,2,317,0,0,0,100,100,0,0,0.0,100.0,0,,,False,0,False,not_reached,0.0,0.1
420,1680,722,79,722,1,right,0.10891910642385483,0.30139365792274475,0.20489290356636047,0.2390870451927185,0.14570723474025726,1.550544023513794,-1.0,599.0,315,2,316,0,0,0,100,100,0,0,0.0,100.0,0,,,False,0,False,not_reached,0.0,0.1
421,1684,722,79,722,0,NOOP,0.10892075300216675,0.3033159077167511,0.20150171220302582,0.2415354698896408,0.14472612738609314,1.5490407943725586,0.0,599.0,316,2,316,0,0,0,100,100,0,0,0.0,100.0,0,,,False,0,False,not_reached,0.0,0.1
422,1688,722,93,722,2,right+A,0.10959679633378983,0.30465149879455566,0.2028171271085739,0.2363029271364212,0.14663156867027283,1.550410270690918,0.0,599.0,317,2,316,0,0,0,100,100,0,0,0.0,100.0,0,,,False,0,False,not_reached,0.0,0.1
423,1692,722,108,722,3,right+B,0.10993597656488419,0.3037463128566742,0.19969789683818817,0.23900145292282104,0.1476183533668518,1.5508506298065186,0.0,599.0,318,2,316,0,0,0,100,100,0,0,0.0,100.0,0,,,False,0,False,not_reached,0.0,0.1
424,1696,722,112,722,3,right+B,0.10987763851881027,0.30297785997390747,0.19402338564395905,0.24702075123786926,0.14610037207603455,1.5490152835845947,0.0,599.0,319,2,316,0,0,0,100,100,0,0,0.0,100.0,0,,,False,0,False,not_reached,0.0,0.1
425,1700,722,106,722,4,right+A+B,0.10989464819431305,0.3017555773258209,0.20163369178771973,0.2372971922159195,0.1494189351797104,1.552478313446045,-1.0,598.0,320,2,315,0,0,0,100,100,0,0,0.0,100.0,0,,,False,0,False,not_reached,0.0,0.1
426,1704,722,89,722,3,right+B,0.10970772802829742,0.3015044927597046,0.1972084641456604,0.24728426337242126,0.1442950814962387,1.5489585399627686,0.0,598.0,321,2,315,0,0,0,100,100,0,0,0.0,100.0,0,,,False,0,False,not_reached,0.0,0.1
427,1708,722,79,722,1,right,0.10914735496044159,0.30504295229911804,0.19369621574878693,0.25051745772361755,0.1415960192680359,1.5454528331756592,0.0,598.0,322,2,315,0,0,0,100,100,0,0,0.0,100.0,0,,,False,0,False,not_reached,0.0,0.1
428,1712,722,79,722,3,right+B,0.10883426666259766,0.30441856384277344,0.1944718211889267,0.2496124804019928,0.142662912607193,1.546115756034851,0.0,598.0,323,2,315,0,0,0,100,100,0,0,0.0,100.0,0,,,False,0,False,not_reached,0.0,0.1
429,1716,722,79,722,3,right+B,0.1088862270116806,0.30275705456733704,0.20113353431224823,0.24320819973945618,0.14401504397392273,1.548701286315918,0.0,598.0,324,2,315,0,0,0,100,100,0,0,0.0,100.0,0,,,False,0,False,not_reached,0.0,0.1
430,1720,722,79,722,3,right+B,0.10901854932308197,0.30216699838638306,0.20646844804286957,0.2365574836730957,0.14578849077224731,1.550705909729004,-1.0,597.0,325,2,314,0,0,0,100,100,0,0,0.0,100.0,0,,,False,0,False,not_reached,0.0,0.1
431,1724,722,79,722,3,right+B,0.10953434556722641,0.30273085832595825,0.20498214662075043,0.2356768697500229,0.1470758020877838,1.5513741970062256,0.0,597.0,326,2,314,0,0,0,100,100,0,0,0.0,100.0,0,,,False,0,False,not_reached,0.0,0.1
432,1728,722,93,722,4,right+A+B,0.10933877527713776,0.3043193519115448,0.20228253304958344,0.2367214560508728,0.14733783900737762,1.5505484342575073,0.0,597.0,327,2,314,0,0,0,100,100,0,0,0.0,100.0,0,,,False,0,False,not_reached,0.0,0.1
433,1732,722,108,722,1,right,0.10952413082122803,0.30387118458747864,0.20135468244552612,0.2371622622013092,0.14808782935142517,1.5510092973709106,0.0,597.0,328,2,314,0,0,0,100,100,0,0,0.0,100.0,0,,,False,0,False,not_reached,0.0,0.1
434,1736,722,112,722,3,right+B,0.10987553745508194,0.302110880613327,0.2030138522386551,0.23549507558345795,0.14950460195541382,1.5526305437088013,0.0,597.0,329,2,314,0,0,0,100,100,0,0,0.0,100.0,0,,,False,0,False,not_reached,0.0,0.1
435,1740,722,106,722,3,right+B,0.10986761748790741,0.3022921681404114,0.19794698059558868,0.2425217181444168,0.14737150073051453,1.550675392150879,-1.0,596.0,330,2,313,0,0,0,100,100,0,0,0.0,100.0,0,,,False,0,False,not_reached,0.0,0.1
436,1744,722,89,722,2,right+A,0.10966510325670242,0.3030127286911011,0.19041715562343597,0.2541975975036621,0.14270739257335663,1.546006202697754,0.0,596.0,331,2,313,0,0,0,100,100,0,0,0.0,100.0,0,,,False,0,False,not_reached,0.0,0.1
437,1748,722,79,722,2,right+A,0.1093263179063797,0.3038480877876282,0.196170836687088,0.24630683660507202,0.1443478763103485,1.54796302318573,0.0,596.0,332,2,313,0,0,0,100,100,0,0,0.0,100.0,0,,,False,0,False,not_reached,0.0,0.1
438,1752,722,79,722,2,right+A,0.10922286659479141,0.3025696873664856,0.19440017640590668,0.2496023327112198,0.14420486986637115,1.5476353168487549,0.0,596.0,333,2,313,0,0,0,100,100,0,0,0.0,100.0,0,,,False,0,False,not_reached,0.0,0.1
439,1756,722,79,722,0,NOOP,0.10933391749858856,0.30191168189048767,0.1924763023853302,0.2526783347129822,0.14359979331493378,1.5470104217529297,0.0,596.0,334,2,313,0,0,0,100,100,0,0,0.0,100.0,0,,,False,0,False,not_reached,0.0,0.1
440,1760,722,79,722,1,right,0.10944195091724396,0.3032432496547699,0.19393469393253326,0.24794647097587585,0.145433709025383,1.5482324361801147,-1.0,595.0,335,2,312,0,0,0,100,100,0,0,0.0,100.0,0,,,False,0,False,not_reached,0.0,0.1
441,1764,722,79,722,3,right+B,0.1092769056558609,0.3036156892776489,0.18878668546676636,0.25452494621276855,0.14379575848579407,1.5457186698913574,0.0,595.0,336,2,312,0,0,0,100,100,0,0,0.0,100.0,0,,,False,0,False,not_reached,0.0,0.1
442,1768,722,79,722,3,right+B,0.10895504802465439,0.30379578471183777,0.18979112803936005,0.25564414262771606,0.14181388914585114,1.544563889503479,0.0,595.0,337,2,312,0,0,0,100,100,0,0,0.0,100.0,0,,,False,0,False,not_reached,0.0,0.1
443,1772,722,79,722,3,right+B,0.10870742052793503,0.3034083843231201,0.19196246564388275,0.25317227840423584,0.14274953305721283,1.545589804649353,0.0,595.0,338,2,312,0,0,0,100,100,0,0,0.0,100.0,0,,,False,0,False,not_reached,0.0,0.1
444,1776,722,93,722,2,right+A,0.10863175243139267,0.3035478889942169,0.18706844747066498,0.26096460223197937,0.1397872418165207,1.5422358512878418,0.0,595.0,339,2,312,0,0,0,100,100,0,0,0.0,100.0,0,,,False,0,False,not_reached,0.0,0.1
445,1780,722,108,722,1,right,0.10894783586263657,0.3038799464702606,0.18816106021404266,0.2568800747394562,0.14213106036186218,1.544234037399292,-1.0,594.0,340,2,311,0,0,0,100,100,0,0,0.0,100.0,0,,,False,0,False,not_reached,0.0,0.1
446,1784,722,112,722,0,NOOP,0.10926000028848648,0.3032332956790924,0.19299040734767914,0.25025829672813416,0.1442580670118332,1.547208547592163,0.0,594.0,341,2,311,0,0,0,100,100,0,0,0.0,100.0,0,,,False,0,False,not_reached,0.0,0.1
447,1788,722,106,722,4,right+A+B,0.10972067713737488,0.3018442690372467,0.19694724678993225,0.24521523714065552,0.14627259969711304,1.5498852729797363,0.0,594.0,342,2,311,0,0,0,100,100,0,0,0.0,100.0,0,,,False,0,False,not_reached,0.0,0.1
448,1792,722,89,722,2,right+A,0.10983823984861374,0.3012368381023407,0.19177411496639252,0.2534652054309845,0.14368559420108795,1.5474059581756592,0.0,594.0,343,2,311,0,0,0,100,100,0,0,0.0,100.0,0,,,False,0,False,not_reached,0.0,0.1
449,1796,722,79,722,1,right,0.10898701846599579,0.3028217852115631,0.19341284036636353,0.2526114881038666,0.14216691255569458,1.5459916591644287,0.0,594.0,344,2,311,0,0,0,100,100,0,0,0.0,100.0,0,,,False,0,False,not_reached,0.0,0.1
450,1800,722,93,722,4,right+A+B,0.10895694047212601,0.30258336663246155,0.19350533187389374,0.2534908354282379,0.14146342873573303,1.5456262826919556,-1.0,593.0,345,2,310,0,0,0,100,100,0,0,0.0,100.0,0,,,False,0,False,not_reached,0.0,0.1
451,1804,722,108,722,0,NOOP,0.10903145372867584,0.301675945520401,0.1941198706626892,0.25154420733451843,0.14362849295139313,1.5472524166107178,0.0,593.0,346,2,310,0,0,0,100,100,0,0,0.0,100.0,0,,,False,0,False,not_reached,0.0,0.1
452,1808,722,112,722,1,right,0.1093168556690216,0.3029105067253113,0.19526629149913788,0.248310849070549,0.14419546723365784,1.5478531122207642,0.0,593.0,347,2,310,0,0,0,100,100,0,0,0.0,100.0,0,,,False,0,False,not_reached,0.0,0.1
453,1812,722,106,722,3,right+B,0.10924027860164642,0.30196651816368103,0.19937366247177124,0.243277445435524,0.1461421251296997,1.5499144792556763,0.0,593.0,348,2,310,0,0,0,100,100,0,0,0.0,100.0,0,,,False,0,False,not_reached,0.0,0.1
454,1816,722,89,722,1,right,0.10897982120513916,0.30206912755966187,0.1932169795036316,0.25391271710395813,0.14182139933109283,1.5458662509918213,0.0,593.0,349,2,310,0,0,0,100,100,0,0,0.0,100.0,0,,,False,0,False,not_reached,0.0,0.1
455,1820,722,79,722,1,right,0.10807740688323975,0.3028649091720581,0.1956890970468521,0.2521861493587494,0.14118243753910065,1.5452401638031006,-1.0,592.0,350,2,309,0,0,0,100,100,0,0,0.0,100.0,0,,,False,0,False,not_reached,0.0,0.1
456,1824,722,79,722,0,NOOP,0.10828398913145065,0.30252572894096375,0.19544807076454163,0.2531099319458008,0.14063230156898499,1.5450937747955322,0.0,592.0,351,2,309,0,0,0,100,100,0,0,0.0,100.0,0,,,False,0,False,not_reached,0.0,0.1
457,1828,722,79,722,1,right,0.10823771357536316,0.302823930978775,0.1929999440908432,0.25581926107406616,0.14011920988559723,1.5440359115600586,0.0,592.0,352,2,309,0,0,0,100,100,0,0,0.0,100.0,0,,,False,0,False,not_reached,0.0,0.1
458,1832,722,79,722,3,right+B,0.1085490807890892,0.30285125970840454,0.1965218484401703,0.24908854067325592,0.14298932254314423,1.5468683242797852,0.0,592.0,353,2,309,0,0,0,100,100,0,0,0.0,100.0,0,,,False,0,False,not_reached,0.0,0.1
459,1836,722,93,722,4,right+A+B,0.10863049328327179,0.3028413653373718,0.195111483335495,0.25063392519950867,0.14278268814086914,1.5464786291122437,0.0,592.0,354,2,309,0,0,0,100,100,0,0,0.0,100.0,0,,,False,0,False,not_reached,0.0,0.1
460,1840,722,108,722,0,NOOP,0.1092255711555481,0.30225056409835815,0.19833269715309143,0.24325266480445862,0.1469385027885437,1.550034761428833,-1.0,591.0,355,2,308,0,0,0,100,100,0,0,0.0,100.0,0,,,False,0,False,not_reached,0.0,0.1
461,1844,722,112,722,1,right,0.10934314876794815,0.3021446466445923,0.1971532106399536,0.2439025342464447,0.14745648205280304,1.5501668453216553,0.0,591.0,356,2,308,0,0,0,100,100,0,0,0.0,100.0,0,,,False,0,False,not_reached,0.0,0.1
462,1848,722,106,722,0,NOOP,0.10935083031654358,0.3008582890033722,0.2024395763874054,0.23735311627388,0.14999817311763763,1.552668809890747,0.0,591.0,357,2,308,0,0,0,100,100,0,0,0.0,100.0,0,,,False,0,False,not_reached,0.0,0.1
463,1852,722,89,722,4,right+A+B,0.10934188961982727,0.30097874999046326,0.19693638384342194,0.24633528292179108,0.14640775322914124,1.54982328414917,0.0,591.0,358,2,308,0,0,0,100,100,0,0,0.0,100.0,0,,,False,0,False,not_reached,0.0,0.1
464,1856,722,79,722,2,right+A,0.10856827348470688,0.30251002311706543,0.19794230163097382,0.24610143899917603,0.14487788081169128,1.5482999086380005,0.0,591.0,359,2,308,0,0,0,100,100,0,0,0.0,100.0,0,,,False,0,False,not_reached,0.0,0.1
465,1860,722,79,722,1,right,0.10859406739473343,0.30201560258865356,0.19933950901031494,0.24562205374240875,0.1444287896156311,1.54848313331604,-1.0,590.0,360,2,307,0,0,0,100,100,0,0,0.0,100.0,0,,,False,0,False,not_reached,0.0,0.1
466,1864,722,79,722,3,right+B,0.10823136568069458,0.3025398254394531,0.19777345657348633,0.24953795969486237,0.141917422413826,1.5463578701019287,0.0,590.0,361,2,307,0,0,0,100,100,0,0,0.0,100.0,0,,,False,0,False,not_reached,0.0,0.1
467,1868,722,79,722,3,right+B,0.10801782459020615,0.3028900921344757,0.1996384561061859,0.24743561446666718,0.14201807975769043,1.5465843677520752,0.0,590.0,362,2,307,0,0,0,100,100,0,0,0.0,100.0,0,,,False,0,False,not_reached,0.0,0.1
468,1872,722,79,722,3,right+B,0.10833248496055603,0.303159236907959,0.1959729939699173,0.2514260709285736,0.14110924303531647,1.545430064201355,0.0,590.0,363,2,307,0,0,0,100,100,0,0,0.0,100.0,0,,,False,0,False,not_reached,0.0,0.1
469,1876,722,79,722,1,right,0.1083940714597702,0.30327698588371277,0.19555124640464783,0.25128403306007385,0.14149370789527893,1.5455758571624756,0.0,590.0,364,2,307,0,0,0,100,100,0,0,0.0,100.0,0,,,False,0,False,not_reached,0.0,0.1
470,1880,722,79,722,1,right,0.10864032804965973,0.30293896794319153,0.19705799221992493,0.24845843017101288,0.14290423691272736,1.5470051765441895,-1.0,589.0,365,2,306,0,0,0,100,100,0,0,0.0,100.0,0,,,False,0,False,not_reached,0.0,0.1
471,1884,722,93,722,4,right+A+B,0.10882910341024399,0.3028840124607086,0.19654542207717896,0.24865402281284332,0.14308738708496094,1.5471534729003906,0.0,589.0,366,2,306,0,0,0,100,100,0,0,0.0,100.0,0,,,False,0,False,not_reached,0.0,0.1
472,1888,722,108,722,1,right,0.10915017873048782,0.30217939615249634,0.20004357397556305,0.24111011624336243,0.14751668274402618,1.550612449645996,0.0,589.0,367,2,306,0,0,0,100,100,0,0,0.0,100.0,0,,,False,0,False,not_reached,0.0,0.1
473,1892,722,112,722,1,right,0.10935021191835403,0.30220741033554077,0.19932711124420166,0.24164746701717377,0.14746780693531036,1.5506049394607544,0.0,589.0,368,2,306,0,0,0,100,100,0,0,0.0,100.0,0,,,False,0,False,not_reached,0.0,0.1
474,1896,722,106,722,2,right+A,0.10942712426185608,0.3009663224220276,0.20364804565906525,0.23626752197742462,0.14969098567962646,1.5527472496032715,0.0,589.0,369,2,306,0,0,0,100,100,0,0,0.0,100.0,0,,,False,0,False,not_reached,0.0,0.1
475,1900,722,89,722,0,NOOP,0.10939273983240128,0.3010973036289215,0.19800367951393127,0.24522723257541656,0.14627905189990997,1.5500074625015259,-1.0,588.0,370,2,305,0,0,0,100,100,0,0,0.0,100.0,0,,,False,0,False,not_reached,0.0,0.1
476,1904,722,79,722,3,right+B,0.1085900142788887,0.3025737702846527,0.19871318340301514,0.2454296052455902,0.14469341933727264,1.5483721494674683,0.0,588.0,371,2,305,0,0,0,100,100,0,0,0.0,100.0,0,,,False,0,False,not_reached,0.0,0.1
477,1908,722,79,722,1,right,0.10861938446760178,0.30207908153533936,0.19971664249897003,0.2455112338066101,0.1440736949443817,1.548379898071289,0.0,588.0,372,2,305,0,0,0,100,100,0,0,0.0,100.0,0,,,False,0,False,not_reached,0.0,0.1
478,1912,722,93,722,4,right+A+B,0.10818653553724289,0.30261340737342834,0.19788818061351776,0.2493152767419815,0.14199654757976532,1.5463775396347046,0.0,588.0,373,2,305,0,0,0,100,100,0,0,0.0,100.0,0,,,False,0,False,not_reached,0.0,0.1
479,1916,722,108,722,1,right,0.10833055526018143,0.30226677656173706,0.20235039293766022,0.24150770902633667,0.14554454386234283,1.5493751764297485,0.0,588.0,374,2,305,0,0,0,100,100,0,0,0.0,100.0,0,,,False,0,False,not_reached,0.0,0.1
480,1920,722,112,722,3,right+B,0.10867127031087875,0.3023870587348938,0.19764858484268188,0.24606265127658844,0.1452304720878601,1.5485320091247559,-1.0,587.0,375,2,304,0,0,0,100,100,0,0,0.0,100.0,0,,,False,0,False,not_reached,0.0,0.1
481,1924,722,106,722,1,right,0.10887456685304642,0.30140751600265503,0.20113113522529602,0.24119912087917328,0.14738763868808746,1.550703763961792,0.0,587.0,376,2,304,0,0,0,100,100,0,0,0.0,100.0,0,,,False,0,False,not_reached,0.0,0.1
482,1928,722,89,722,1,right,0.1092410683631897,0.3015078604221344,0.19653984904289246,0.24747033417224884,0.14524082839488983,1.5489312410354614,0.0,587.0,377,2,304,0,0,0,100,100,0,0,0.0,100.0,0,,,False,0,False,not_reached,0.0,0.1
483,1932,722,79,722,2,right+A,0.10863027721643448,0.3029204308986664,0.19560879468917847,0.24924926459789276,0.14359122514724731,1.5470362901687622,0.0,587.0,378,2,304,0,0,0,100,100,0,0,0.0,100.0,0,,,False,0,False,not_reached,0.0,0.1
484,1936,722,79,722,1,right,0.10887469351291656,0.30245688557624817,0.19639557600021362,0.248614102602005,0.14365874230861664,1.547554612159729,0.0,587.0,379,2,304,0,0,0,100,100,0,0,0.0,100.0,0,,,False,0,False,not_reached,0.0,0.1
485,1940,722,79,722,1,right,0.10857158154249191,0.3022505044937134,0.1952015906572342,0.2513945400714874,0.14258180558681488,1.5464491844177246,-1.0,586.0,380,2,303,0,0,0,100,100,0,0,0.0,100.0,0,,,False,0,False,not_reached,0.0,0.1
486,1944,722,79,722,0,NOOP,0.1085372343659401,0.30249184370040894,0.19648434221744537,0.2491712123155594,0.1433154046535492,1.547100305557251,0.0,586.0,381,2,303,0,0,0,100,100,0,0,0.0,100.0,0,,,False,0,False,not_reached,0.0,0.1
487,1948,722,79,722,1,right,0.10874086618423462,0.3031378984451294,0.19344069063663483,0.25261467695236206,0.1420658826828003,1.5456762313842773,0.0,586.0,382,2,303,0,0,0,100,100,0,0,0.0,100.0,0,,,False,0,False,not_reached,0.0,0.1
488,1952,722,93,722,2,right+A,0.10867536067962646,0.30353543162345886,0.19103364646434784,0.2562880516052246,0.14046752452850342,1.5439352989196777,0.0,586.0,383,2,303,0,0,0,100,100,0,0,0.0,100.0,0,,,False,0,False,not_reached,0.0,0.1
489,1956,722,108,722,1,right,0.10885206609964371,0.30242040753364563,0.19464710354804993,0.2502610981464386,0.14381934702396393,1.5472056865692139,0.0,586.0,384,2,303,0,0,0,100,100,0,0,0.0,100.0,0,,,False,0,False,not_reached,0.0,0.1
490,1960,722,112,722,4,right+A+B,0.10873393714427948,0.3025571405887604,0.19359195232391357,0.2515064775943756,0.14361046254634857,1.546694278717041,-1.0,585.0,385,2,302,0,0,0,100,100,0,0,0.0,100.0,0,,,False,0,False,not_reached,0.0,0.1
491,1964,722,106,722,0,NOOP,0.10869111865758896,0.3014303147792816,0.19887401163578033,0.24496157467365265,0.14604297280311584,1.5494321584701538,0.0,585.0,386,2,302,0,0,0,100,100,0,0,0.0,100.0,0,,,False,0,False,not_reached,0.0,0.1
492,1968,722,89,722,1,right,0.10879132896661758,0.30151066184043884,0.1916617453098297,0.25554054975509644,0.14249564707279205,1.5457580089569092,0.0,585.0,387,2,302,0,0,0,100,100,0,0,0.0,100.0,0,,,False,0,False,not_reached,0.0,0.1
493,1972,722,79,722,3,right+B,0.1080588549375534,0.3039091229438782,0.18811453878879547,0.2600414454936981,0.13987602293491364,1.542076587677002,0.0,585.0,388,2,302,0,0,0,100,100,0,0,0.0,100.0,0,,,False,0,False,not_reached,0.0,0.1
494,1976,722,79,722,1,right,0.10845225304365158,0.3036661446094513,0.191432386636734,0.25541454553604126,0.14103467762470245,1.5441768169403076,0.0,585.0,389,2,302,0,0,0,100,100,0,0,0.0,100.0,0,,,False,0,False,not_reached,0.0,0.1
495,1980,722,79,722,1,right,0.10844692587852478,0.30304399132728577,0.1907382607460022,0.2558532953262329,0.14191754162311554,1.5445988178253174,-1.0,584.0,390,2,301,0,0,0,100,100,0,0,0.0,100.0,0,,,False,0,False,not_reached,0.0,0.1
496,1984,722,93,722,2,right+A,0.10899654775857925,0.30345824360847473,0.1926950067281723,0.25097179412841797,0.14387835562229156,1.5466586351394653,0.0,584.0,391,2,301,0,0,0,100,100,0,0,0.0,100.0,0,,,False,0,False,not_reached,0.0,0.1
497,1988,722,108,722,1,right,0.10981141775846481,0.3043137788772583,0.1905120462179184,0.25047844648361206,0.14488430321216583,1.5471382141113281,0.0,584.0,392,2,301,0,0,0,100,100,0,0,0.0,100.0,0,,,False,0,False,not_reached,0.0,0.1
498,1992,722,112,722,2,right+A,0.10980034619569778,0.3035214841365814,0.19230984151363373,0.24698135256767273,0.14738701283931732,1.549090027809143,0.0,584.0,393,2,301,0,0,0,100,100,0,0,0.0,100.0,0,,,False,0,False,not_reached,0.0,0.1
499,1996,722,106,722,1,right,0.10998177528381348,0.3020009994506836,0.195521742105484,0.24354301393032074,0.14895254373550415,1.5510993003845215,0.0,584.0,394,2,301,0,0,0,100,100,0,0,0.0,100.0,0,,,False,0,False,not_reached,0.0,0.1
500,2000,722,89,722,1,right,0.1097552552819252,0.30116069316864014,0.19082631170749664,0.25209057331085205,0.1461671143770218,1.5484663248062134,-1.0,583.0,395,2,300,0,0,0,100,100,0,0,0.0,100.0,0,,,False,0,False,not_reached,0.0,0.1
501,2004,722,79,722,1,right,0.10892728716135025,0.30366969108581543,0.19153273105621338,0.2522088885307312,0.14366139471530914,1.546126127243042,0.0,583.0,396,2,300,0,0,0,100,100,0,0,0.0,100.0,0,,,False,0,False,not_reached,0.0,0.1
502,2008,722,79,722,3,right+B,0.10883521288633347,0.3035680651664734,0.19213572144508362,0.25289174914360046,0.14256925880908966,1.5456129312515259,0.0,583.0,397,2,300,0,0,0,100,100,0,0,0.0,100.0,0,,,False,0,False,not_reached,0.0,0.1
503,2012,722,93,722,2,right+A,0.10834004729986191,0.3036326766014099,0.1943311095237732,0.2534293830394745,0.14026686549186707,1.544434666633606,0.0,583.0,398,2,300,0,0,0,100,100,0,0,0.0,100.0,0,,,False,0,False,not_reached,0.0,0.1
504,2016,722,109,722,2,right+A,0.10819581151008606,0.30322715640068054,0.1986664980649948,0.2457049936056137,0.14420554041862488,1.547644019126892,0.0,583.0,399,2,300,0,0,0,100,100,0,0,0.0,100.0,0,,,False,0,False,not_reached,0.0,0.1
505,2020,722,121,722,3,right+B,0.10859918594360352,0.3020452558994293,0.19313107430934906,0.250666081905365,0.1455584466457367,1.5476311445236206,-1.0,582.0,400,2,299,0,0,0,100,100,0,0,0.0,100.0,0,,,False,0,False,not_reached,0.0,0.1
506,2024,722,122,722,3,right+B,0.10945352166891098,0.30399420857429504,0.19941449165344238,0.23472528159618378,0.15241248905658722,1.5525588989257812,0.0,582.0,401,2,299,0,0,0,100,100,0,0,0.0,100.0,0,,,False,0,False,not_reached,0.0,0.1
507,2028,722,113,722,4,right+A+B,0.10947665572166443,0.30740785598754883,0.19491422176361084,0.2387138307094574,0.14948739111423492,1.5495643615722656,0.0,582.0,402,2,299,0,0,0,100,100,0,0,0.0,100.0,0,,,False,0,False,not_reached,0.0,0.1
508,2032,722,94,722,1,right,0.10929610580205917,0.3062034547328949,0.19492189586162567,0.24208417534828186,0.14749440550804138,1.548757791519165,0.0,582.0,403,2,299,0,0,0,100,100,0,0,0.0,100.0,0,,,False,0,False,not_reached,0.0,0.1
509,2036,722,79,722,4,right+A+B,0.10929518938064575,0.30168959498405457,0.20212076604366302,0.23569753766059875,0.1511969417333603,1.5529162883758545,0.0,582.0,404,2,299,0,0,0,100,100,0,0,0.0,100.0,0,,,False,0,False,not_reached,0.0,0.1
510,2040,722,79,722,4,right+A+B,0.10893164575099945,0.30306217074394226,0.1999770551919937,0.24016131460666656,0.14786779880523682,1.55039644241333,-1.0,581.0,405,2,298,0,0,0,100,100,0,0,0.0,100.0,0,,,False,0,False,not_reached,0.0,0.1
511,2044,722,79,722,1,right,0.10966306179761887,0.30378803610801697,0.19583794474601746,0.24525119364261627,0.1454598754644394,1.5487604141235352,0.0,581.0,406,2,298,0,0,0,100,100,0,0,0.0,100.0,0,,,False,0,False,not_reached,0.0,0.1
512,2048,722,79,722,0,NOOP,0.1094902828335762,0.3041232228279114,0.19600394368171692,0.24494338035583496,0.14543908834457397,1.5485752820968628,0.0,581.0,407,2,298,0,0,0,100,100,0,0,0.0,100.0,0,,,False,0,False,not_reached,0.0,0.1
513,2052,722,93,722,2,right+A,0.10834694653749466,0.30375179648399353,0.19767671823501587,0.24729615449905396,0.1429283618927002,1.5467528104782104,0.0,581.0,408,2,298,0,0,0,100,100,0,0,0.0,100.0,0,,,False,0,False,not_reached,0.0,0.1
514,2056,722,109,722,2,right+A,0.10821446031332016,0.30201882123947144,0.19813299179077148,0.24610310792922974,0.14553064107894897,1.5484967231750488,0.0,581.0,409,2,298,0,0,0,100,100,0,0,0.0,100.0,0,,,False,0,False,not_reached,0.0,0.1
515,2060,722,121,722,1,right,0.10789303481578827,0.30089592933654785,0.19412480294704437,0.25161996483802795,0.14546622335910797,1.547454833984375,-1.0,580.0,410,2,297,0,0,0,100,100,0,0,0.0,100.0,0,,,False,0,False,not_reached,0.0,0.1
516,2064,722,122,722,0,NOOP,0.10859799385070801,0.30535876750946045,0.1996232569217682,0.23914971947669983,0.14727024734020233,1.5492308139801025,0.0,580.0,411,2,297,0,0,0,100,100,0,0,0.0,100.0,0,,,False,0,False,not_reached,0.0,0.1
517,2068,722,113,722,2,right+A,0.10908892750740051,0.30725544691085815,0.19274629652500153,0.2462712526321411,0.14463800191879272,1.546380639076233,0.0,580.0,412,2,297,0,0,0,100,100,0,0,0.0,100.0,0,,,False,0,False,not_reached,0.0,0.1
518,2072,722,94,722,1,right,0.10904474556446075,0.30411142110824585,0.1957564502954483,0.2449866682291031,0.1461006999015808,1.548506498336792,0.0,580.0,413,2,297,0,0,0,100,100,0,0,0.0,100.0,0,,,False,0,False,not_reached,0.0,0.1
519,2076,722,79,722,4,right+A+B,0.1091386154294014,0.30319252610206604,0.19921556115150452,0.24143747985363007,0.147015780210495,1.5499695539474487,0.0,580.0,414,2,297,0,0,0,100,100,0,0,0.0,100.0,0,,,False,0,False,not_reached,0.0,0.1
520,2080,722,79,722,3,right+B,0.10895692557096481,0.3039594888687134,0.19924145936965942,0.24130967259407043,0.14653240144252777,1.549413800239563,-1.0,579.0,415,2,296,0,0,0,100,100,0,0,0.0,100.0,0,,,False,0,False,not_reached,0.0,0.1
521,2084,722,79,722,1,right,0.10954879224300385,0.30454185605049133,0.19987909495830536,0.2396836280822754,0.1463465541601181,1.5497705936431885,0.0,579.0,416,2,296,0,0,0,100,100,0,0,0.0,100.0,0,,,False,0,False,not_reached,0.0,0.1
522,2088,722,93,722,4,right+A+B,0.10912328213453293,0.30302152037620544,0.20225173234939575,0.2386273890733719,0.1469760239124298,1.550520658493042,0.0,579.0,417,2,296,0,0,0,100,100,0,0,0.0,100.0,0,,,False,0,False,not_reached,0.0,0.1
523,2092,722,108,722,1,right,0.1094166710972786,0.3019756078720093,0.19824881851673126,0.2430187463760376,0.14734013378620148,1.550431728363037,0.0,579.0,418,2,296,0,0,0,100,100,0,0,0.0,100.0,0,,,False,0,False,not_reached,0.0,0.1
524,2096,722,112,722,4,right+A+B,0.10906731337308884,0.30218610167503357,0.19363285601139069,0.24865955114364624,0.1464541256427765,1.5486013889312744,0.0,579.0,419,2,296,0,0,0,100,100,0,0,0.0,100.0,0,,,False,0,False,not_reached,0.0,0.1
525,2100,722,106,722,2,right+A,0.10960929840803146,0.30109548568725586,0.201395183801651,0.23786601424217224,0.15003404021263123,1.5526596307754517,-1.0,578.0,420,2,295,0,0,0,100,100,0,0,0.0,100.0,0,,,False,0,False,not_reached,0.0,0.1
526,2104,722,89,722,0,NOOP,0.10940998792648315,0.3028651773929596,0.19496074318885803,0.2493779957294464,0.14338617026805878,1.5474205017089844,0.0,578.0,421,2,295,0,0,0,100,100,0,0,0.0,100.0,0,,,False,0,False,not_reached,0.0,0.1
527,2108,722,79,722,4,right+A+B,0.10801178216934204,0.3042553663253784,0.19657668471336365,0.2470110058784485,0.1441451907157898,1.5467841625213623,0.0,578.0,422,2,295,0,0,0,100,100,0,0,0.0,100.0,0,,,False,0,False,not_reached,0.0,0.1
528,2112,722,79,722,4,right+A+B,0.10818278044462204,0.30229702591896057,0.20125985145568848,0.2431780844926834,0.14508219063282013,1.5488132238388062,0.0,578.0,423,2,295,0,0,0,100,100,0,0,0.0,100.0,0,,,False,0,False,not_reached,0.0,0.1
529,2116,722,79,722,3,right+B,0.10888603329658508,0.30290183424949646,0.19928748905658722,0.24445085227489471,0.14447376132011414,1.548546552658081,0.0,578.0,424,2,295,0,0,0,100,100,0,0,0.0,100.0,0,,,False,0,False,not_reached,0.0,0.1
530,2120,722,93,722,4,right+A+B,0.10931344330310822,0.3036617636680603,0.20254197716712952,0.23672614991664886,0.1477566361427307,1.5509322881698608,-1.0,577.0,425,2,294,0,0,0,100,100,0,0,0.0,100.0,0,,,False,0,False,not_reached,0.0,0.1
531,2124,722,109,722,4,right+A+B,0.1098378449678421,0.302761048078537,0.20257875323295593,0.23292864859104156,0.15189366042613983,1.5534266233444214,0.0,577.0,426,2,294,0,0,0,100,100,0,0,0.0,100.0,0,,,False,0,False,not_reached,0.0,0.1
532,2128,722,121,722,3,right+B,0.1099841371178627,0.30308595299720764,0.2012432962656021,0.23327206075191498,0.15241454541683197,1.5534818172454834,0.0,577.0,427,2,294,0,0,0,100,100,0,0,0.0,100.0,0,,,False,0,False,not_reached,0.0,0.1
533,2132,722,122,722,3,right+B,0.1098068580031395,0.3049038052558899,0.20200595259666443,0.23251956701278687,0.15076382458209991,1.5522656440734863,0.0,577.0,428,2,294,0,0,0,100,100,0,0,0.0,100.0,0,,,False,0,False,not_reached,0.0,0.1
534,2136,722,113,722,1,right,0.1092434898018837,0.3045486807823181,0.19816052913665771,0.23938629031181335,0.14866094291210175,1.5503333806991577,0.0,577.0,429,2,294,0,0,0,100,100,0,0,0.0,100.0,0,,,False,0,False,not_reached,0.0,0.1
535,2140,722,94,722,2,right+A,0.10846682637929916,0.30534982681274414,0.1907983422279358,0.25330105423927307,0.14208395779132843,1.5443196296691895,-1.0,576.0,430,2,293,0,0,0,100,100,0,0,0.0,100.0,0,,,False,0,False,not_reached,0.0,0.1
536,2144,722,79,722,2,right+A,0.10884824395179749,0.3043537437915802,0.1921113282442093,0.25013160705566406,0.1445549726486206,1.5465818643569946,0.0,576.0,431,2,293,0,0,0,100,100,0,0,0.0,100.0,0,,,False,0,False,not_reached,0.0,0.1
537,2148,722,79,722,3,right+B,0.10821683704853058,0.3030986487865448,0.19149592518806458,0.25367316603660583,0.1435154378414154,1.5455362796783447,0.0,576.0,432,2,293,0,0,0,100,100,0,0,0.0,100.0,0,,,False,0,False,not_reached,0.0,0.1
538,2152,722,79,722,1,right,0.10868655890226364,0.30218857526779175,0.19125311076641083,0.2551741898059845,0.1426975429058075,1.5455549955368042,0.0,576.0,433,2,293,0,0,0,100,100,0,0,0.0,100.0,0,,,False,0,False,not_reached,0.0,0.1
539,2156,722,93,722,2,right+A,0.10865958780050278,0.3028772473335266,0.1910998821258545,0.25416499376296997,0.14319831132888794,1.5456587076187134,0.0,576.0,434,2,293,0,0,0,100,100,0,0,0.0,100.0,0,,,False,0,False,not_reached,0.0,0.1
540,2160,722,109,722,4,right+A+B,0.10925561934709549,0.3027488589286804,0.1930670440196991,0.24734444916248322,0.1475839614868164,1.5490942001342773,-1.0,575.0,435,2,292,0,0,0,100,100,0,0,0.0,100.0,0,,,False,0,False,not_reached,0.0,0.1
541,2164,722,121,722,1,right,0.10909594595432281,0.3026953339576721,0.18923214077949524,0.25214019417762756,0.14683634042739868,1.5475521087646484,0.0,575.0,436,2,292,0,0,0,100,100,0,0,0.0,100.0,0,,,False,0,False,not_reached,0.0,0.1
542,2168,722,122,722,2,right+A,0.10935981571674347,0.30473974347114563,0.19497232139110565,0.24129758775234222,0.1496305614709854,1.5502015352249146,0.0,575.0,437,2,292,0,0,0,100,100,0,0,0.0,100.0,0,,,False,0,False,not_reached,0.0,0.1
543,2172,722,113,722,1,right,0.10932636260986328,0.304469496011734,0.18955494463443756,0.24886496365070343,0.1477842926979065,1.5479960441589355,0.0,575.0,438,2,292,0,0,0,100,100,0,0,0.0,100.0,0,,,False,0,False,not_reached,0.0,0.1
544,2176,722,94,722,3,right+B,0.10890987515449524,0.30511099100112915,0.1875254213809967,0.25472190976142883,0.14373186230659485,1.5447227954864502,0.0,575.0,439,2,292,0,0,0,100,100,0,0,0.0,100.0,0,,,False,0,False,not_reached,0.0,0.1
545,2180,722,79,722,1,right,0.10867231339216232,0.30322515964508057,0.1890549510717392,0.25509408116340637,0.14395353198051453,1.5454438924789429,-1.0,574.0,440,2,291,0,0,0,100,100,0,0,0.0,100.0,0,,,False,0,False,not_reached,0.0,0.1
546,2184,722,79,722,3,right+B,0.10844247043132782,0.30355724692344666,0.18908482789993286,0.2570975124835968,0.14181792736053467,1.5439531803131104,0.0,574.0,441,2,291,0,0,0,100,100,0,0,0.0,100.0,0,,,False,0,False,not_reached,0.0,0.1
547,2188,722,93,722,4,right+A+B,0.10899823158979416,0.3020603656768799,0.19123432040214539,0.25574061274528503,0.14196643233299255,1.5454092025756836,0.0,574.0,442,2,291,0,0,0,100,100,0,0,0.0,100.0,0,,,False,0,False,not_reached,0.0,0.1
548,2192,722,108,722,1,right,0.10924041271209717,0.3015446364879608,0.19574978947639465,0.2477666735649109,0.14569850265979767,1.5489829778671265,0.0,574.0,443,2,291,0,0,0,100,100,0,0,0.0,100.0,0,,,False,0,False,not_reached,0.0,0.1
549,2196,722,112,722,4,right+A+B,0.10912607610225677,0.3027055263519287,0.19417552649974823,0.24880492687225342,0.14518801867961884,1.548007607460022,0.0,574.0,444,2,291,0,0,0,100,100,0,0,0.0,100.0,0,,,False,0,False,not_reached,0.0,0.1
550,2200,722,106,722,3,right+B,0.10898382216691971,0.301639586687088,0.19864344596862793,0.2444130778312683,0.1463201344013214,1.5497204065322876,-1.0,573.0,445,2,290,0,0,0,100,100,0,0,0.0,100.0,0,,,False,0,False,not_reached,0.0,0.1
551,2204,722,89,722,0,NOOP,0.10868006944656372,0.30147117376327515,0.1946849375963211,0.25166189670562744,0.14350195229053497,1.5470699071884155,0.0,573.0,446,2,290,0,0,0,100,100,0,0,0.0,100.0,0,,,False,0,False,not_reached,0.0,0.1
552,2208,722,79,722,2,right+A,0.10778535157442093,0.3027087152004242,0.19511237740516663,0.25246623158454895,0.14192727208137512,1.5453035831451416,0.0,573.0,447,2,290,0,0,0,100,100,0,0,0.0,100.0,0,,,False,0,False,not_reached,0.0,0.1
553,2212,722,79,722,2,right+A,0.10802236199378967,0.30312520265579224,0.19313748180866241,0.25490447878837585,0.14081044495105743,1.5442508459091187,0.0,573.0,448,2,290,0,0,0,100,100,0,0,0.0,100.0,0,,,False,0,False,not_reached,0.0,0.1
554,2216,722,79,722,4,right+A+B,0.10831951349973679,0.302911639213562,0.19154246151447296,0.25603166222572327,0.14119473099708557,1.5443183183670044,0.0,573.0,449,2,290,0,0,0,100,100,0,0,0.0,100.0,0,,,False,0,False,not_reached,0.0,0.1
555,2220,722,79,722,1,right,0.10842538625001907,0.30258798599243164,0.1951085329055786,0.25056663155555725,0.14331142604351044,1.546650767326355,-1.0,572.0,450,2,289,0,0,0,100,100,0,0,0.0,100.0,0,,,False,0,False,not_reached,0.0,0.1
556,2224,722,93,722,4,right+A+B,0.1088816449046135,0.3030279576778412,0.19248899817466736,0.2526554465293884,0.14294594526290894,1.5460623502731323,0.0,572.0,451,2,289,0,0,0,100,100,0,0,0.0,100.0,0,,,False,0,False,not_reached,0.0,0.1
557,2228,722,108,722,1,right,0.10898831486701965,0.30198928713798523,0.19581861793994904,0.24609535932540894,0.14710843563079834,1.5494409799575806,0.0,572.0,452,2,289,0,0,0,100,100,0,0,0.0,100.0,0,,,False,0,False,not_reached,0.0,0.1
558,2232,722,112,722,4,right+A+B,0.10907470434904099,0.3017377257347107,0.19693686068058014,0.24445097148418427,0.14779971539974213,1.5501636266708374,0.0,572.0,453,2,289,0,0,0,100,100,0,0,0.0,100.0,0,,,False,0,False,not_reached,0.0,0.1
559,2236,722,106,722,1,right,0.10928456485271454,0.30055344104766846,0.20179276168346405,0.238255113363266,0.1501140594482422,1.5526371002197266,0.0,572.0,454,2,289,0,0,0,100,100,0,0,0.0,100.0,0,,,False,0,False,not_reached,0.0,0.1
560,2240,722,89,722,4,right+A+B,0.10914196819067001,0.30084428191185,0.19630654156208038,0.24728719890117645,0.14642001688480377,1.5495502948760986,-1.0,571.0,455,2,288,0,0,0,100,100,0,0,0.0,100.0,0,,,False,0,False,not_reached,0.0,0.1
561,2244,722,79,722,3,right+B,0.10829661041498184,0.302348256111145,0.1973809450864792,0.24688996374607086,0.14508412778377533,1.548095464706421,0.0,571.0,456,2,288,0,0,0,100,100,0,0,0.0,100.0,0,,,False,0,False,not_reached,0.0,0.1
562,2248,722,79,722,3,right+B,0.10815373063087463,0.3020252287387848,0.19790153205394745,0.24804070591926575,0.143878772854805,1.5475103855133057,0.0,571.0,457,2,288,0,0,0,100,100,0,0,0.0,100.0,0,,,False,0,False,not_reached,0.0,0.1
563,2252,722,79,722,1,right,0.10780811309814453,0.3024251461029053,0.19728943705558777,0.25001591444015503,0.1424613744020462,1.546217918395996,0.0,571.0,458,2,288,0,0,0,100,100,0,0,0.0,100.0,0,,,False,0,False,not_reached,0.0,0.1
564,2256,722,93,722,2,right+A,0.10777924954891205,0.30269259214401245,0.1977946162223816,0.24872833490371704,0.14300517737865448,1.5465632677078247,0.0,571.0,459,2,288,0,0,0,100,100,0,0,0.0,100.0,0,,,False,0,False,not_reached,0.0,0.1
565,2260,722,108,722,3,right+B,0.10841506719589233,0.30239084362983704,0.1966608166694641,0.24676449596881866,0.14576880633831024,1.548384428024292,-1.0,570.0,460,2,287,0,0,0,100,100,0,0,0.0,100.0,0,,,False,0,False,not_reached,0.0,0.1
566,2264,722,112,722,3,right+B,0.10891292989253998,0.30241066217422485,0.1968049556016922,0.24466246366500854,0.14720900356769562,1.5495634078979492,0.0,570.0,461,2,287,0,0,0,100,100,0,0,0.0,100.0,0,,,False,0,False,not_reached,0.0,0.1
567,2268,722,106,722,0,NOOP,0.10920561105012894,0.3010709583759308,0.20089510083198547,0.2398848533630371,0.1489434838294983,1.5517529249191284,0.0,570.0,462,2,287,0,0,0,100,100,0,0,0.0,100.0,0,,,False,0,False,not_reached,0.0,0.1
568,2272,722,89,722,1,right,0.1093142032623291,0.30120062828063965,0.1961243748664856,0.2472275048494339,0.14613328874111176,1.5494284629821777,0.0,570.0,463,2,287,0,0,0,100,100,0,0,0.0,100.0,0,,,False,0,False,not_reached,0.0,0.1
569,2276,722,79,722,3,right+B,0.10859613865613937,0.3024354875087738,0.1973017454147339,0.24681419134140015,0.14485247433185577,1.5481834411621094,0.0,570.0,464,2,287,0,0,0,100,100,0,0,0.0,100.0,0,,,False,0,False,not_reached,0.0,0.1
570,2280,722,79,722,1,right,0.1087590828537941,0.3019636571407318,0.19810187816619873,0.2466256320476532,0.14454984664916992,1.5484282970428467,-1.0,569.0,465,2,286,0,0,0,100,100,0,0,0.0,100.0,0,,,False,0,False,not_reached,0.0,0.1
571,2284,722,79,722,1,right,0.10860536247491837,0.3022556006908417,0.19686827063560486,0.24851560592651367,0.14375518262386322,1.5475351810455322,0.0,569.0,466,2,286,0,0,0,100,100,0,0,0.0,100.0,0,,,False,0,False,not_reached,0.0,0.1
572,2288,722,79,722,1,right,0.1084626168012619,0.302496999502182,0.19918203353881836,0.24521081149578094,0.1446475386619568,1.548358678817749,0.0,569.0,467,2,286,0,0,0,100,100,0,0,0.0,100.0,0,,,False,0,False,not_reached,0.0,0.1
573,2292,722,93,722,4,right+A+B,0.10860578715801239,0.30277255177497864,0.19682593643665314,0.2480623573064804,0.14373330771923065,1.5474114418029785,0.0,569.0,468,2,286,0,0,0,100,100,0,0,0.0,100.0,0,,,False,0,False,not_reached,0.0,0.1
574,2296,722,108,722,0,NOOP,0.10849980264902115,0.30211859941482544,0.19894661009311676,0.24372537434101105,0.1467096209526062,1.5494881868362427,0.0,569.0,469,2,286,0,0,0,100,100,0,0,0.0,100.0,0,,,False,0,False,not_reached,0.0,0.1
575,2300,722,112,722,1,right,0.10844472050666809,0.3020642101764679,0.19996732473373413,0.2428637146949768,0.14666007459163666,1.549633264541626,-1.0,568.0,470,2,285,0,0,0,100,100,0,0,0.0,100.0,0,,,False,0,False,not_reached,0.0,0.1
576,2304,722,106,722,4,right+A+B,0.10860801488161087,0.3010181486606598,0.20284922420978546,0.23945708572864532,0.14806747436523438,1.551209568977356,0.0,568.0,471,2,285,0,0,0,100,100,0,0,0.0,100.0,0,,,False,0,False,not_reached,0.0,0.1
577,2308,722,89,722,3,right+B,0.10862893611192703,0.3012711703777313,0.19517886638641357,0.2503463923931122,0.14457468688488007,1.547784686088562,0.0,568.0,472,2,285,0,0,0,100,100,0,0,0.0,100.0,0,,,False,0,False,not_reached,0.0,0.1
578,2312,722,79,722,3,right+B,0.10826639831066132,0.3028753697872162,0.1964273601770401,0.2478136420249939,0.1446172297000885,1.5474971532821655,0.0,568.0,473,2,285,0,0,0,100,100,0,0,0.0,100.0,0,,,False,0,False,not_reached,0.0,0.1
579,2316,722,79,722,3,right+B,0.10853713750839233,0.30216899514198303,0.19683055579662323,0.2481456845998764,0.1443176567554474,1.5477930307388306,0.0,568.0,474,2,285,0,0,0,100,100,0,0,0.0,100.0,0,,,False,0,False,not_reached,0.0,0.1
580,2320,722,79,722,3,right+B,0.10853874683380127,0.3024735152721405,0.19597698748111725,0.2492317259311676,0.14377902448177338,1.5472395420074463,-1.0,567.0,475,2,284,0,0,0,100,100,0,0,0.0,100.0,0,,,False,0,False,not_reached,0.0,0.1
581,2324,722,93,722,4,right+A+B,0.10851726680994034,0.30250534415245056,0.1976975053548813,0.24680429697036743,0.14447559416294098,1.5479910373687744,0.0,567.0,476,2,284,0,0,0,100,100,0,0,0.0,100.0,0,,,False,0,False,not_reached,0.0,0.1
582,2328,722,108,722,3,right+B,0.10901517421007156,0.30233046412467957,0.1970878690481186,0.24474097788333893,0.14682552218437195,1.5495291948318481,0.0,567.0,477,2,284,0,0,0,100,100,0,0,0.0,100.0,0,,,False,0,False,not_reached,0.0,0.1
583,2332,722,112,722,3,right+B,0.10903695225715637,0.3026293218135834,0.19443783164024353,0.24772563576698303,0.1461702585220337,1.548537254333496,0.0,567.0,478,2,284,0,0,0,100,100,0,0,0.0,100.0,0,,,False,0,False,not_reached,0.0,0.1
584,2336,722,106,722,0,NOOP,0.10906843096017838,0.30093884468078613,0.20005092024803162,0.2410694658756256,0.14887231588363647,1.5514864921569824,0.0,567.0,479,2,284,0,0,0,100,100,0,0,0.0,100.0,0,,,False,0,False,not_reached,0.0,0.1
585,2340,722,89,722,2,right+A,0.1089235469698906,0.30087149143218994,0.19539529085159302,0.24906407296657562,0.14574559032917023,1.5487921237945557,-1.0,566.0,480,2,283,0,0,0,100,100,0,0,0.0,100.0,0,,,False,0,False,not_reached,0.0,0.1
586,2344,722,79,722,3,right+B,0.10777134448289871,0.3031199276447296,0.19323618710041046,0.254369854927063,0.14150269329547882,1.544472098350525,0.0,566.0,481,2,283,0,0,0,100,100,0,0,0.0,100.0,0,,,False,0,False,not_reached,0.0,0.1
587,2348,722,79,722,0,NOOP,0.10786127299070358,0.3028627038002014,0.19337086379528046,0.2551211416721344,0.14078404009342194,1.5442067384719849,0.0,566.0,482,2,283,0,0,0,100,100,0,0,0.0,100.0,0,,,False,0,False,not_reached,0.0,0.1
588,2352,722,93,722,2,right+A,0.10780820995569229,0.30281466245651245,0.1920303851366043,0.25732359290122986,0.14002318680286407,1.5433293581008911,0.0,566.0,483,2,283,0,0,0,100,100,0,0,0.0,100.0,0,,,False,0,False,not_reached,0.0,0.1
589,2356,722,109,722,4,right+A+B,0.1080484390258789,0.3022184669971466,0.1939959079027176,0.25217658281326294,0.14356061816215515,1.5462560653686523,0.0,566.0,484,2,283,0,0,0,100,100,0,0,0.0,100.0,0,,,False,0,False,not_reached,0.0,0.1
590,2360,722,121,722,0,NOOP,0.10899230092763901,0.30253347754478455,0.19157615303993225,0.25148385763168335,0.14541418850421906,1.5473765134811401,-1.0,565.0,485,2,282,0,0,0,100,100,0,0,0.0,100.0,0,,,False,0,False,not_reached,0.0,0.1
591,2364,722,122,722,3,right+B,0.10887596011161804,0.3044895827770233,0.19423283636569977,0.24597029387950897,0.14643126726150513,1.548108458518982,0.0,565.0,486,2,282,0,0,0,100,100,0,0,0.0,100.0,0,,,False,0,False,not_reached,0.0,0.1
592,2368,722,113,722,4,right+A+B,0.10900810360908508,0.30513033270835876,0.18941360712051392,0.2510948181152344,0.14535318315029144,1.5462642908096313,0.0,565.0,487,2,282,0,0,0,100,100,0,0,0.0,100.0,0,,,False,0,False,not_reached,0.0,0.1
593,2372,722,94,722,1,right,0.1083657443523407,0.3049725890159607,0.18884438276290894,0.254342257976532,0.1434749960899353,1.5445358753204346,0.0,565.0,488,2,282,0,0,0,100,100,0,0,0.0,100.0,0,,,False,0,False,not_reached,0.0,0.1
594,2376,722,79,722,3,right+B,0.10840137302875519,0.30298247933387756,0.18836559355258942,0.25587838888168335,0.14437219500541687,1.5452840328216553,0.0,565.0,489,2,282,0,0,0,100,100,0,0,0.0,100.0,0,,,False,0,False,not_reached,0.0,0.1
595,2380,722,79,722,3,right+B,0.10833196341991425,0.3032841682434082,0.18871432542800903,0.2552835941314697,0.14438602328300476,1.5452871322631836,-1.0,564.0,490,2,281,0,0,0,100,100,0,0,0.0,100.0,0,,,False,0,False,not_reached,0.0,0.1
596,2384,722,79,722,0,NOOP,0.10900286585092545,0.3046077787876129,0.18641364574432373,0.25944986939430237,0.1405259221792221,1.542634129524231,0.0,564.0,491,2,281,0,0,0,100,100,0,0,0.0,100.0,0,,,False,0,False,not_reached,0.0,0.1
597,2388,722,93,722,2,right+A,0.10903730988502502,0.30362778902053833,0.19076140224933624,0.2527773976325989,0.14379611611366272,1.546087622642517,0.0,564.0,492,2,281,0,0,0,100,100,0,0,0.0,100.0,0,,,False,0,False,not_reached,0.0,0.1
598,2392,722,108,722,1,right,0.1090649738907814,0.30234387516975403,0.19169367849826813,0.2509044408798218,0.14599297940731049,1.5478192567825317,0.0,564.0,493,2,281,0,0,0,100,100,0,0,0.0,100.0,0,,,False,0,False,not_reached,0.0,0.1
599,2396,722,112,722,1,right,0.10887913405895233,0.3028234541416168,0.19203302264213562,0.25031957030296326,0.14594486355781555,1.5476388931274414,0.0,564.0,494,2,281,0,0,0,100,100,0,0,0.0,100.0,0,,,False,0,False,not_reached,0.0,0.1
600,2400,722,106,722,0,NOOP,0.10896564275026321,0.3015941083431244,0.19587481021881104,0.24565112590789795,0.14791430532932281,1.549928069114685,-1.0,563.0,495,2,280,0,0,0,100,100,0,0,0.0,100.0,0,,,False,0,False,not_reached,0.0,0.1
601,2404,722,89,722,2,right+A,0.10902733355760574,0.3022829294204712,0.18742312490940094,0.257934033870697,0.1433325707912445,1.5450392961502075,0.0,563.0,496,2,280,0,0,0,100,100,0,0,0.0,100.0,0,,,False,0,False,not_reached,0.0,0.1
602,2408,722,79,722,0,NOOP,0.1085568517446518,0.3039456307888031,0.19218015670776367,0.2521081864833832,0.14320909976959229,1.5456849336624146,0.0,563.0,497,2,280,0,0,0,100,100,0,0,0.0,100.0,0,,,False,0,False,not_reached,0.0,0.1
603,2412,722,79,722,0,NOOP,0.10865671932697296,0.3027218282222748,0.1961110383272171,0.2478596568107605,0.1446506828069687,1.5477944612503052,0.0,563.0,498,2,280,0,0,0,100,100,0,0,0.0,100.0,0,,,False,0,False,not_reached,0.0,0.1
604,2416,722,79,722,3,right+B,0.10856401920318604,0.30165669322013855,0.19591796398162842,0.24750331044197083,0.1463579684495926,1.548792839050293,0.0,563.0,499,2,280,0,0,0,100,100,0,0,0.0,100.0,0,,,False,0,False,not_reached,0.0,0.1
605,2420,722,79,722,1,right,0.10895530134439468,0.30300769209861755,0.19721835851669312,0.2429318130016327,0.14788679778575897,1.5498965978622437,-1.0,562.0,500,2,279,0,0,0,100,100,0,0,0.0,100.0,0,,,False,0,False,not_reached,0.0,0.1
606,2424,722,79,722,3,right+B,0.10931382328271866,0.30599355697631836,0.19323179125785828,0.24606473743915558,0.14539606869220734,1.5473600625991821,0.0,562.0,501,2,279,0,0,0,100,100,0,0,0.0,100.0,0,,,False,0,False,not_reached,0.0,0.1
607,2428,722,79,722,3,right+B,0.10952181369066238,0.3039815127849579,0.19778209924697876,0.2425951361656189,0.14611944556236267,1.5493617057800293,0.0,562.0,502,2,279,0,0,0,100,100,0,0,0.0,100.0,0,,,False,0,False,not_reached,0.0,0.1
608,2432,722,93,722,2,right+A,0.10984192788600922,0.3015936315059662,0.2060786783695221,0.232126384973526,0.1503593623638153,1.5535271167755127,0.0,562.0,503,2,279,0,0,0,100,100,0,0,0.0,100.0,0,,,False,0,False,not_reached,0.0,0.1
609,2436,722,108,722,1,right,0.1099749282002449,0.30170950293540955,0.20564545691013336,0.23021844029426575,0.15245163440704346,1.554430365562439,0.0,562.0,504,2,279,0,0,0,100,100,0,0,0.0,100.0,0,,,False,0,False,not_reached,0.0,0.1
610,2440,722,112,722,1,right,0.10978134721517563,0.30364519357681274,0.19736328721046448,0.24200500547885895,0.14720524847507477,1.5501031875610352,-1.0,561.0,505,2,278,0,0,0,100,100,0,0,0.0,100.0,0,,,False,0,False,not_reached,0.0,0.1
611,2444,722,106,722,2,right+A,0.10972654074430466,0.30273205041885376,0.20364387333393097,0.2345074713230133,0.14939004182815552,1.55239999294281,0.0,561.0,506,2,278,0,0,0,100,100,0,0,0.0,100.0,0,,,False,0,False,not_reached,0.0,0.1
612,2448,722,89,722,1,right,0.10853980481624603,0.3020579218864441,0.1948971003293991,0.25241565704345703,0.14208954572677612,1.5460984706878662,0.0,561.0,507,2,278,0,0,0,100,100,0,0,0.0,100.0,0,,,False,0,False,not_reached,0.0,0.1
613,2452,722,79,722,2,right+A,0.10744168609380722,0.30271437764167786,0.19216559827327728,0.25672972202301025,0.1409485936164856,1.5436248779296875,0.0,561.0,508,2,278,0,0,0,100,100,0,0,0.0,100.0,0,,,False,0,False,not_reached,0.0,0.1
614,2456,722,79,722,3,right+B,0.107994444668293,0.3025144934654236,0.19369542598724365,0.25343063473701477,0.1423650085926056,1.545395851135254,0.0,561.0,509,2,278,0,0,0,100,100,0,0,0.0,100.0,0,,,False,0,False,not_reached,0.0,0.1
615,2460,722,93,722,4,right+A+B,0.10878989845514297,0.30374690890312195,0.19283097982406616,0.25188353657722473,0.14274868369102478,1.545832633972168,-1.0,560.0,510,2,277,0,0,0,100,100,0,0,0.0,100.0,0,,,False,0,False,not_reached,0.0,0.1
616,2464,722,108,722,1,right,0.10970230400562286,0.304348886013031,0.19427338242530823,0.24600662291049957,0.14566877484321594,1.5484206676483154,0.0,560.0,511,2,277,0,0,0,100,100,0,0,0.0,100.0,0,,,False,0,False,not_reached,0.0,0.1
617,2468,722,112,722,3,right+B,0.11009051650762558,0.3021259605884552,0.19754168391227722,0.24239633977413177,0.14784549176692963,1.5510408878326416,0.0,560.0,512,2,277,0,0,0,100,100,0,0,0.0,100.0,0,,,False,0,False,not_reached,0.0,0.1
618,2472,722,106,722,2,right+A,0.11038114875555038,0.30030933022499084,0.21015995740890503,0.22538511455059052,0.15376436710357666,1.5560498237609863,0.0,560.0,513,2,277,0,0,0,100,100,0,0,0.0,100.0,0,,,False,0,False,not_reached,0.0,0.1
619,2476,722,89,722,1,right,0.11019013822078705,0.30187150835990906,0.199025496840477,0.24037982523441315,0.14853298664093018,1.5518032312393188,0.0,560.0,514,2,277,0,0,0,100,100,0,0,0.0,100.0,0,,,False,0,False,not_reached,0.0,0.1
620,2480,722,79,722,1,right,0.10945986211299896,0.3040217459201813,0.20345938205718994,0.23582936823368073,0.1472296565771103,1.5508452653884888,-1.0,559.0,515,2,276,0,0,0,100,100,0,0,0.0,100.0,0,,,False,0,False,not_reached,0.0,0.1
621,2484,722,79,722,0,NOOP,0.10942015796899796,0.303833544254303,0.19987070560455322,0.2420056015253067,0.14487004280090332,1.5490902662277222,0.0,559.0,516,2,276,0,0,0,100,100,0,0,0.0,100.0,0,,,False,0,False,not_reached,0.0,0.1
622,2488,722,79,722,1,right,0.10875263810157776,0.3027729094028473,0.19587254524230957,0.24926799535751343,0.14333392679691315,1.5470882654190063,0.0,559.0,517,2,276,0,0,0,100,100,0,0,0.0,100.0,0,,,False,0,False,not_reached,0.0,0.1
623,2492,722,79,722,1,right,0.10830765962600708,0.30334076285362244,0.2037380039691925,0.2411719560623169,0.14344161748886108,1.548274278640747,0.0,559.0,518,2,276,0,0,0,100,100,0,0,0.0,100.0,0,,,False,0,False,not_reached,0.0,0.1
624,2496,722,93,722,2,right+A,0.10841801762580872,0.3035471439361572,0.19532030820846558,0.2520792484283447,0.14063523709774017,1.544990062713623,0.0,559.0,519,2,276,0,0,0,100,100,0,0,0.0,100.0,0,,,False,0,False,not_reached,0.0,0.1
625,2500,722,109,722,2,right+A,0.10893570631742477,0.30421584844589233,0.19340085983276367,0.2509376108646393,0.14250996708869934,1.5458807945251465,-1.0,558.0,520,2,275,0,0,0,100,100,0,0,0.0,100.0,0,,,False,0,False,not_reached,0.0,0.1
626,2504,722,121,722,3,right+B,0.10951922833919525,0.30444836616516113,0.19764302670955658,0.24158796668052673,0.14680148661136627,1.549567461013794,0.0,558.0,521,2,275,0,0,0,100,100,0,0,0.0,100.0,0,,,False,0,False,not_reached,0.0,0.1
627,2508,722,122,722,4,right+A+B,0.10933294892311096,0.30442315340042114,0.20495478808879852,0.2311493307352066,0.1501396894454956,1.5521563291549683,0.0,558.0,522,2,275,0,0,0,100,100,0,0,0.0,100.0,0,,,False,0,False,not_reached,0.0,0.1
628,2512,722,113,722,3,right+B,0.10965271294116974,0.30382925271987915,0.20515814423561096,0.22940127551555634,0.15195868909358978,1.5533502101898193,0.0,558.0,523,2,275,0,0,0,100,100,0,0,0.0,100.0,0,,,False,0,False,not_reached,0.0,0.1
629,2516,722,94,722,2,right+A,0.10967142879962921,0.3042423129081726,0.20308424532413483,0.2324669361114502,0.15053504705429077,1.5523920059204102,0.0,558.0,524,2,275,0,0,0,100,100,0,0,0.0,100.0,0,,,False,0,False,not_reached,0.0,0.1
630,2520,722,79,722,2,right+A,0.10953286290168762,0.3045307695865631,0.1975991278886795,0.23987682163715363,0.14846043288707733,1.5503612756729126,-1.0,557.0,525,2,274,0,0,0,100,100,0,0,0.0,100.0,0,,,False,0,False,not_reached,0.0,0.1
631,2524,722,79,722,1,right,0.1090850979089737,0.3035479485988617,0.19919928908348083,0.24065089225769043,0.14751681685447693,1.5500891208648682,0.0,557.0,526,2,274,0,0,0,100,100,0,0,0.0,100.0,0,,,False,0,False,not_reached,0.0,0.1
632,2528,722,93,722,2,right+A,0.10958682745695114,0.3032146394252777,0.20005148649215698,0.24246418476104736,0.14468276500701904,1.549300193786621,0.0,557.0,527,2,274,0,0,0,100,100,0,0,0.0,100.0,0,,,False,0,False,not_reached,0.0,0.1
633,2532,722,109,722,2,right+A,0.10954831540584564,0.30223971605300903,0.1990486979484558,0.24243798851966858,0.14672523736953735,1.5503308773040771,0.0,557.0,528,2,274,0,0,0,100,100,0,0,0.0,100.0,0,,,False,0,False,not_reached,0.0,0.1
634,2536,722,121,722,1,right,0.10935498028993607,0.30422523617744446,0.19295112788677216,0.2494538426399231,0.14401476085186005,1.5469492673873901,0.0,557.0,529,2,274,0,0,0,100,100,0,0,0.0,100.0,0,,,False,0,False,not_reached,0.0,0.1
635,2540,722,122,722,0,NOOP,0.10897480696439743,0.30453166365623474,0.20352548360824585,0.23421239852905273,0.14875563979148865,1.55105721950531,-1.0,556.0,530,2,273,0,0,0,100,100,0,0,0.0,100.0,0,,,False,0,False,not_reached,0.0,0.1
636,2544,722,113,722,2,right+A,0.1087678074836731,0.30367451906204224,0.19670718908309937,0.2439461648464203,0.14690427482128143,1.5489978790283203,0.0,556.0,531,2,273,0,0,0,100,100,0,0,0.0,100.0,0,,,False,0,False,not_reached,0.0,0.1
637,2548,722,94,722,2,right+A,0.10864074528217316,0.3040887117385864,0.18969999253749847,0.25325191020965576,0.14431865513324738,1.545660376548767,0.0,556.0,532,2,273,0,0,0,100,100,0,0,0.0,100.0,0,,,False,0,False,not_reached,0.0,0.1
638,2552,722,79,722,4,right+A+B,0.10913873463869095,0.3041459918022156,0.1875247210264206,0.2548432946205139,0.14434729516506195,1.5454401969909668,0.0,556.0,533,2,273,0,0,0,100,100,0,0,0.0,100.0,0,,,False,0,False,not_reached,0.0,0.1
639,2556,722,79,722,1,right,0.10888839513063431,0.3041342496871948,0.18563015758991241,0.25857701897621155,0.14277012646198273,1.5437064170837402,0.0,556.0,534,2,273,0,0,0,100,100,0,0,0.0,100.0,0,,,False,0,False,not_reached,0.0,0.1
640,2560,722,93,722,4,right+A+B,0.1096707358956337,0.30333325266838074,0.1893438845872879,0.2534980773925781,0.14415401220321655,1.5464683771133423,-1.0,555.0,535,2,272,0,0,0,100,100,0,0,0.0,100.0,0,,,False,0,False,not_reached,0.0,0.1
641,2564,722,108,722,1,right,0.10969410836696625,0.30271288752555847,0.19365860521793365,0.2465900182723999,0.14734433591365814,1.549479603767395,0.0,555.0,536,2,272,0,0,0,100,100,0,0,0.0,100.0,0,,,False,0,False,not_reached,0.0,0.1
642,2568,722,112,722,2,right+A,0.1098601222038269,0.3028174638748169,0.1876777559518814,0.2543511688709259,0.1452934592962265,1.5468626022338867,0.0,555.0,537,2,272,0,0,0,100,100,0,0,0.0,100.0,0,,,False,0,False,not_reached,0.0,0.1
643,2572,722,106,722,2,right+A,0.1097589060664177,0.30234718322753906,0.19500452280044556,0.24507929384708405,0.147810161113739,1.5501619577407837,0.0,555.0,538,2,272,0,0,0,100,100,0,0,0.0,100.0,0,,,False,0,False,not_reached,0.0,0.1
644,2576,722,89,722,1,right,0.10965298861265182,0.3021879494190216,0.1913367211818695,0.25277605652809143,0.14404629170894623,1.5471659898757935,0.0,555.0,539,2,272,0,0,0,100,100,0,0,0.0,100.0,0,,,False,0,False,not_reached,0.0,0.1
645,2580,722,79,722,1,right,0.10874816030263901,0.3028283417224884,0.1924549639225006,0.252863347530365,0.1431051790714264,1.546067476272583,-1.0,554.0,540,2,271,0,0,0,100,100,0,0,0.0,100.0,0,,,False,0,False,not_reached,0.0,0.1
646,2584,722,79,722,0,NOOP,0.10863327234983444,0.30206140875816345,0.19450871646404266,0.2530258893966675,0.14177066087722778,1.5458914041519165,0.0,554.0,541,2,271,0,0,0,100,100,0,0,0.0,100.0,0,,,False,0,False,not_reached,0.0,0.1
647,2588,722,79,722,3,right+B,0.10834717750549316,0.30264511704444885,0.1936049908399582,0.2551434338092804,0.1402592658996582,1.5444128513336182,0.0,554.0,542,2,271,0,0,0,100,100,0,0,0.0,100.0,0,,,False,0,False,not_reached,0.0,0.1
648,2592,722,79,722,3,right+B,0.10802532732486725,0.30337589979171753,0.19294942915439606,0.25631487369537354,0.13933445513248444,1.5432699918746948,0.0,554.0,543,2,271,0,0,0,100,100,0,0,0.0,100.0,0,,,False,0,False,not_reached,0.0,0.1
649,2596,722,79,722,1,right,0.10823829472064972,0.3034341633319855,0.19175881147384644,0.2573818564414978,0.13918685913085938,1.5430099964141846,0.0,554.0,544,2,271,0,0,0,100,100,0,0,0.0,100.0,0,,,False,0,False,not_reached,0.0,0.1
650,2600,722,79,722,1,right,0.10875169932842255,0.3034237027168274,0.19315330684185028,0.25346964597702026,0.1412016898393631,1.5450549125671387,-1.0,553.0,545,2,270,0,0,0,100,100,0,0,0.0,100.0,0,,,False,0,False,not_reached,0.0,0.1
651,2604,722,93,722,4,right+A+B,0.10879985243082047,0.3030984103679657,0.19303300976753235,0.2533642053604126,0.1417045295238495,1.5454143285751343,0.0,553.0,546,2,270,0,0,0,100,100,0,0,0.0,100.0,0,,,False,0,False,not_reached,0.0,0.1
652,2608,722,108,722,1,right,0.10930368304252625,0.30311378836631775,0.19552947580814362,0.24647021293640137,0.14558282494544983,1.5486055612564087,0.0,553.0,547,2,270,0,0,0,100,100,0,0,0.0,100.0,0,,,False,0,False,not_reached,0.0,0.1
653,2612,722,112,722,4,right+A+B,0.10938911885023117,0.30246248841285706,0.1956656128168106,0.246562659740448,0.14592009782791138,1.5490176677703857,0.0,553.0,548,2,270,0,0,0,100,100,0,0,0.0,100.0,0,,,False,0,False,not_reached,0.0,0.1
654,2616,722,106,722,0,NOOP,0.10956116020679474,0.3010258376598358,0.19999676942825317,0.2414594292640686,0.14795683324337006,1.5514025688171387,0.0,553.0,549,2,270,0,0,0,100,100,0,0,0.0,100.0,0,,,False,0,False,not_reached,0.0,0.1
655,2620,722,89,722,1,right,0.10950597375631332,0.30105918645858765,0.19548048079013824,0.24898049235343933,0.14497385919094086,1.5488420724868774,-1.0,552.0,550,2,269,0,0,0,100,100,0,0,0.0,100.0,0,,,False,0,False,not_reached,0.0,0.1
656,2624,722,79,722,3,right+B,0.10863228142261505,0.3022667169570923,0.1973104178905487,0.24752654135227203,0.14426402747631073,1.5479333400726318,0.0,552.0,551,2,269,0,0,0,100,100,0,0,0.0,100.0,0,,,False,0,False,not_reached,0.0,0.1
657,2628,722,79,722,1,right,0.10861433297395706,0.30182045698165894,0.19818876683712006,0.24730630218982697,0.14407013356685638,1.5480996370315552,0.0,552.0,552,2,269,0,0,0,100,100,0,0,0.0,100.0,0,,,False,0,False,not_reached,0.0,0.1
658,2632,722,93,722,4,right+A+B,0.10819289833307266,0.30235376954078674,0.1965966373682022,0.2505563497543335,0.14230041205883026,1.5462982654571533,0.0,552.0,553,2,269,0,0,0,100,100,0,0,0.0,100.0,0,,,False,0,False,not_reached,0.0,0.1
659,2636,722,108,722,1,right,0.10827508568763733,0.3020963668823242,0.2020113617181778,0.24135209619998932,0.14626507461071014,1.5496716499328613,0.0,552.0,554,2,269,0,0,0,100,100,0,0,0.0,100.0,0,,,False,0,False,not_reached,0.0,0.1
660,2640,722,112,722,4,right+A+B,0.10861540585756302,0.3022219240665436,0.19732090830802917,0.24588705599308014,0.14595475792884827,1.5488282442092896,-1.0,551.0,555,2,268,0,0,0,100,100,0,0,0.0,100.0,0,,,False,0,False,not_reached,0.0,0.1
661,2644,722,106,722,4,right+A+B,0.10875432193279266,0.30126050114631653,0.20063163340091705,0.24107781052589417,0.1482757329940796,1.5509841442108154,0.0,551.0,556,2,268,0,0,0,100,100,0,0,0.0,100.0,0,,,False,0,False,not_reached,0.0,0.1
662,2648,722,89,722,1,right,0.10906652361154556,0.3012690544128418,0.1960422694683075,0.24752725660800934,0.14609487354755402,1.5491728782653809,0.0,551.0,557,2,268,0,0,0,100,100,0,0,0.0,100.0,0,,,False,0,False,not_reached,0.0,0.1
663,2652,722,79,722,1,right,0.10843352973461151,0.3026297092437744,0.19661705195903778,0.2472650706768036,0.1450546234846115,1.5479629039764404,0.0,551.0,558,2,268,0,0,0,100,100,0,0,0.0,100.0,0,,,False,0,False,not_reached,0.0,0.1
664,2656,722,93,722,4,right+A+B,0.10874982923269272,0.3021147549152374,0.19818715751171112,0.24551036953926086,0.1454378068447113,1.5488778352737427,0.0,551.0,559,2,268,0,0,0,100,100,0,0,0.0,100.0,0,,,False,0,False,not_reached,0.0,0.1
665,2660,722,108,722,1,right,0.10872633010149002,0.3013914227485657,0.19836577773094177,0.24411119520664215,0.1474052518606186,1.5500589609146118,-1.0,550.0,560,2,267,0,0,0,100,100,0,0,0.0,100.0,0,,,False,0,False,not_reached,0.0,0.1
666,2664,722,112,722,1,right,0.1091323047876358,0.30215081572532654,0.19942572712898254,0.24160416424274445,0.14768698811531067,1.5505716800689697,0.0,550.0,561,2,267,0,0,0,100,100,0,0,0.0,100.0,0,,,False,0,False,not_reached,0.0,0.1
667,2668,722,106,722,3,right+B,0.10933104157447815,0.3010474741458893,0.20248962938785553,0.2374950498342514,0.14963679015636444,1.5524502992630005,0.0,550.0,562,2,267,0,0,0,100,100,0,0,0.0,100.0,0,,,False,0,False,not_reached,0.0,0.1
668,2672,722,89,722,4,right+A+B,0.10927790403366089,0.30121198296546936,0.19735907018184662,0.2464810162782669,0.1456700563430786,1.5494329929351807,0.0,550.0,563,2,267,0,0,0,100,100,0,0,0.0,100.0,0,,,False,0,False,not_reached,0.0,0.1
669,2676,722,79,722,3,right+B,0.10846582800149918,0.3026156723499298,0.19877037405967712,0.24593262374401093,0.1442154496908188,1.5480204820632935,0.0,550.0,564,2,267,0,0,0,100,100,0,0,0.0,100.0,0,,,False,0,False,not_reached,0.0,0.1
670,2680,722,93,722,4,right+A+B,0.10835869610309601,0.3022633194923401,0.19922807812690735,0.24721185863018036,0.1429380476474762,1.5474116802215576,-1.0,549.0,565,2,266,0,0,0,100,100,0,0,0.0,100.0,0,,,False,0,False,not_reached,0.0,0.1
671,2684,722,108,722,3,right+B,0.10815557092428207,0.3017030656337738,0.20005065202713013,0.2449813187122345,0.1451094001531601,1.5486949682235718,0.0,549.0,566,2,266,0,0,0,100,100,0,0,0.0,100.0,0,,,False,0,False,not_reached,0.0,0.1
672,2688,722,112,722,1,right,0.10852223634719849,0.3023654520511627,0.20032919943332672,0.24289166927337646,0.14589153230190277,1.5493104457855225,0.0,549.0,567,2,266,0,0,0,100,100,0,0,0.0,100.0,0,,,False,0,False,not_reached,0.0,0.1
673,2692,722,106,722,2,right+A,0.1087966337800026,0.3014529049396515,0.2018822580575943,0.23985496163368225,0.14801332354545593,1.5510698556900024,0.0,549.0,568,2,266,0,0,0,100,100,0,0,0.0,100.0,0,,,False,0,False,not_reached,0.0,0.1
674,2696,722,89,722,1,right,0.10910224169492722,0.3014298379421234,0.1971127837896347,0.2464614361524582,0.14589372277259827,1.5493087768554688,0.0,549.0,569,2,266,0,0,0,100,100,0,0,0.0,100.0,0,,,False,0,False,not_reached,0.0,0.1
675,2700,722,79,722,0,NOOP,0.10846187174320221,0.30269521474838257,0.19767610728740692,0.2462562471628189,0.1449105441570282,1.5481338500976562,-1.0,548.0,570,2,265,0,0,0,100,100,0,0,0.0,100.0,0,,,False,0,False,not_reached,0.0,0.1
676,2704,722,93,722,2,right+A,0.10886023938655853,0.30205807089805603,0.19947001338005066,0.24375125765800476,0.14586038887500763,1.549464464187622,0.0,548.0,571,2,265,0,0,0,100,100,0,0,0.0,100.0,0,,,False,0,False,not_reached,0.0,0.1
677,2708,722,109,722,2,right+A,0.10876591503620148,0.3012354373931885,0.19841568171977997,0.2443668395280838,0.14721612632274628,1.5500385761260986,0.0,548.0,572,2,265,0,0,0,100,100,0,0,0.0,100.0,0,,,False,0,False,not_reached,0.0,0.1
678,2712,722,121,722,1,right,0.10902724415063858,0.30221840739250183,0.19942890107631683,0.24170921742916107,0.14761625230312347,1.5504388809204102,0.0,548.0,573,2,265,0,0,0,100,100,0,0,0.0,100.0,0,,,False,0,False,not_reached,0.0,0.1
679,2716,722,122,722,1,right,0.10899002850055695,0.3031764328479767,0.20217221975326538,0.23582251369953156,0.14983882009983063,1.5517091751098633,0.0,548.0,574,2,265,0,0,0,100,100,0,0,0.0,100.0,0,,,False,0,False,not_reached,0.0,0.1
680,2720,722,113,722,1,right,0.10883050411939621,0.3038480281829834,0.19905346632003784,0.24029242992401123,0.1479756385087967,1.5500136613845825,-1.0,547.0,575,2,264,0,0,0,100,100,0,0,0.0,100.0,0,,,False,0,False,not_reached,0.0,0.1
681,2724,722,94,722,3,right+B,0.10840487480163574,0.3043159544467926,0.19557692110538483,0.24721397459506989,0.14448828995227814,1.5470495223999023,0.0,547.0,576,2,264,0,0,0,100,100,0,0,0.0,100.0,0,,,False,0,False,not_reached,0.0,0.1
682,2728,722,79,722,1,right,0.10805327445268631,0.303448885679245,0.19346803426742554,0.25223177671432495,0.1427980661392212,1.545464277267456,0.0,547.0,577,2,264,0,0,0,100,100,0,0,0.0,100.0,0,,,False,0,False,not_reached,0.0,0.1
683,2732,722,79,722,1,right,0.10745073109865189,0.30342474579811096,0.19271467626094818,0.25622862577438354,0.1401812583208084,1.543210506439209,0.0,547.0,578,2,264,0,0,0,100,100,0,0,0.0,100.0,0,,,False,0,False,not_reached,0.0,0.1
684,2736,722,93,722,4,right+A+B,0.10793721675872803,0.30231648683547974,0.1934823840856552,0.2557172477245331,0.14054666459560394,1.5442540645599365,0.0,547.0,579,2,264,0,0,0,100,100,0,0,0.0,100.0,0,,,False,0,False,not_reached,0.0,0.1
685,2740,722,109,722,4,right+A+B,0.10827913880348206,0.30234700441360474,0.1948014199733734,0.2510279417037964,0.14354446530342102,1.5466259717941284,-1.0,546.0,580,2,263,0,0,0,100,100,0,0,0.0,100.0,0,,,False,0,False,not_reached,0.0,0.1
686,2744,722,122,722,2,right+A,0.10892903059720993,0.3034951090812683,0.19120773673057556,0.2524051368236542,0.14396294951438904,1.5462396144866943,0.0,546.0,581,2,263,0,0,0,100,100,0,0,0.0,100.0,0,,,False,0,False,not_reached,0.0,0.1
687,2748,722,130,722,3,right+B,0.10890080779790878,0.30383381247520447,0.1968347430229187,0.24267271161079407,0.14775791764259338,1.5495250225067139,0.0,546.0,582,2,263,0,0,0,100,100,0,0,0.0,100.0,0,,,False,0,False,not_reached,0.0,0.1
688,2752,722,129,722,3,right+B,0.10878998786211014,0.30395326018333435,0.19192419946193695,0.2518967092037201,0.14343583583831787,1.5459381341934204,0.0,546.0,583,2,263,0,0,0,100,100,0,0,0.0,100.0,0,,,False,0,False,not_reached,0.0,0.1
689,2756,722,117,722,1,right,0.10831376910209656,0.30250635743141174,0.19243216514587402,0.25159314274787903,0.14515455067157745,1.5469005107879639,0.0,546.0,584,2,263,0,0,0,100,100,0,0,0.0,100.0,0,,,False,0,False,not_reached,0.0,0.1
690,2760,722,97,722,1,right,0.10883871465921402,0.30241134762763977,0.1965356320142746,0.24278047680854797,0.14943380653858185,1.5505505800247192,-1.0,545.0,585,2,262,0,0,0,100,100,0,0,0.0,100.0,0,,,False,0,False,not_reached,0.0,0.1
691,2764,722,79,722,1,right,0.1091795489192009,0.3036717474460602,0.19205576181411743,0.24952691793441772,0.145565927028656,1.547525405883789,0.0,545.0,586,2,262,0,0,0,100,100,0,0,0.0,100.0,0,,,False,0,False,not_reached,0.0,0.1
692,2768,722,79,722,3,right+B,0.10863284766674042,0.3041233420372009,0.18886999785900116,0.25471463799476624,0.14365918934345245,1.5450290441513062,0.0,545.0,587,2,262,0,0,0,100,100,0,0,0.0,100.0,0,,,False,0,False,not_reached,0.0,0.1
693,2772,722,79,722,1,right,0.10850384086370468,0.30260223150253296,0.19252710044384003,0.2530822455883026,0.14328454434871674,1.5460231304168701,0.0,545.0,588,2,262,0,0,0,100,100,0,0,0.0,100.0,0,,,False,0,False,not_reached,0.0,0.1
694,2776,722,93,722,2,right+A,0.10815136134624481,0.3024592399597168,0.19099266827106476,0.25541144609451294,0.1429852843284607,1.545142650604248,0.0,545.0,589,2,262,0,0,0,100,100,0,0,0.0,100.0,0,,,False,0,False,not_reached,0.0,0.1
695,2780,722,108,722,1,right,0.10884186625480652,0.3040153682231903,0.19165833294391632,0.25065770745277405,0.14482668042182922,1.546670913696289,-1.0,544.0,590,2,261,0,0,0,100,100,0,0,0.0,100.0,0,,,False,0,False,not_reached,0.0,0.1
696,2784,722,112,722,4,right+A+B,0.10880688577890396,0.30401068925857544,0.19076858460903168,0.2514484226703644,0.1449654996395111,1.5464766025543213,0.0,544.0,591,2,261,0,0,0,100,100,0,0,0.0,100.0,0,,,False,0,False,not_reached,0.0,0.1
697,2788,722,106,722,3,right+B,0.10921384394168854,0.30269622802734375,0.19224347174167633,0.2493097186088562,0.1465366780757904,1.548312783241272,0.0,544.0,592,2,261,0,0,0,100,100,0,0,0.0,100.0,0,,,False,0,False,not_reached,0.0,0.1
698,2792,722,89,722,2,right+A,0.10949181765317917,0.30133143067359924,0.19060233235359192,0.25278720259666443,0.14578717947006226,1.5479456186294556,0.0,544.0,593,2,261,0,0,0,100,100,0,0,0.0,100.0,0,,,False,0,False,not_reached,0.0,0.1
699,2796,722,79,722,1,right,0.108892060816288,0.3040219247341156,0.19155974686145782,0.25208795070648193,0.14343830943107605,1.545912742614746,0.0,544.0,594,2,261,0,0,0,100,100,0,0,0.0,100.0,0,,,False,0,False,not_reached,0.0,0.1
700,2800,722,93,722,4,right+A+B,0.10922607034444809,0.3042307198047638,0.18985801935195923,0.25387391448020935,0.14281123876571655,1.5453171730041504,-1.0,543.0,595,2,260,0,0,0,100,100,0,0,0.0,100.0,0,,,False,0,False,not_reached,0.0,0.1
701,2804,722,108,722,1,right,0.10901138186454773,0.30276361107826233,0.19393415749073029,0.2484857589006424,0.14580518007278442,1.5481727123260498,0.0,543.0,596,2,260,0,0,0,100,100,0,0,0.0,100.0,0,,,False,0,False,not_reached,0.0,0.1
702,2808,722,112,722,1,right,0.10898339748382568,0.3025360107421875,0.19769026339054108,0.24320964515209198,0.14758077263832092,1.549968957901001,0.0,543.0,597,2,260,0,0,0,100,100,0,0,0.0,100.0,0,,,False,0,False,not_reached,0.0,0.1
703,2812,722,106,722,2,right+A,0.10908284038305283,0.30140992999076843,0.20019185543060303,0.2383398562669754,0.15097551047801971,1.5524027347564697,0.0,543.0,598,2,260,0,0,0,100,100,0,0,0.0,100.0,0,,,False,0,False,not_reached,0.0,0.1
704,2816,722,89,722,3,right+B,0.10965698212385178,0.30141735076904297,0.19824261963367462,0.24081899225711823,0.14986397325992584,1.5519740581512451,0.0,543.0,599,2,260,0,0,0,100,100,0,0,0.0,100.0,0,,,False,0,False,not_reached,0.0,0.1
705,2820,722,79,722,0,NOOP,0.10903486609458923,0.30600741505622864,0.19718661904335022,0.24137292802333832,0.1463981717824936,1.5485249757766724,-1.0,542.0,600,2,259,0,0,0,100,100,0,0,0.0,100.0,0,,,False,0,False,not_reached,0.0,0.1
706,2824,722,79,722,3,right+B,0.10907185077667236,0.30408161878585815,0.20089304447174072,0.23973031342029572,0.14622315764427185,1.5496265888214111,0.0,542.0,601,2,259,0,0,0,100,100,0,0,0.0,100.0,0,,,False,0,False,not_reached,0.0,0.1
707,2828,722,79,722,3,right+B,0.10882896929979324,0.30125269293785095,0.2059808373451233,0.23566438257694244,0.14827314019203186,1.5518944263458252,0.0,542.0,602,2,259,0,0,0,100,100,0,0,0.0,100.0,0,,,False,0,False,not_reached,0.0,0.1
708,2832,722,93,722,4,right+A+B,0.10879900306463242,0.30242854356765747,0.20504030585289001,0.2362014204263687,0.14753074944019318,1.55110502243042,0.0,542.0,603,2,259,0,0,0,100,100,0,0,0.0,100.0,0,,,False,0,False,not_reached,0.0,0.1
709,2836,722,108,722,3,right+B,0.10951065272092819,0.30356231331825256,0.19971337914466858,0.23922327160835266,0.1479903906583786,1.5507452487945557,0.0,542.0,604,2,259,0,0,0,100,100,0,0,0.0,100.0,0,,,False,0,False,not_reached,0.0,0.1
710,2840,722,112,722,2,right+A,0.10994173586368561,0.3040700852870941,0.19559898972511292,0.24166016280651093,0.14872896671295166,1.5505146980285645,-1.0,541.0,605,2,258,0,0,0,100,100,0,0,0.0,100.0,0,,,False,0,False,not_reached,0.0,0.1
711,2844,722,106,722,4,right+A+B,0.10920380800962448,0.302018404006958,0.201268270611763,0.23970404267311096,0.14780549705028534,1.5510540008544922,0.0,541.0,606,2,258,0,0,0,100,100,0,0,0.0,100.0,0,,,False,0,False,not_reached,0.0,0.1
712,2848,722,89,722,0,NOOP,0.10896869748830795,0.30109789967536926,0.19320712983608246,0.25241369009017944,0.14431262016296387,1.5474460124969482,0.0,541.0,607,2,258,0,0,0,100,100,0,0,0.0,100.0,0,,,False,0,False,not_reached,0.0,0.1
713,2852,722,79,722,1,right,0.10824628919363022,0.30199411511421204,0.1965254247188568,0.24826349318027496,0.14497064054012299,1.5478681325912476,0.0,541.0,608,2,258,0,0,0,100,100,0,0,0.0,100.0,0,,,False,0,False,not_reached,0.0,0.1
714,2856,722,79,722,0,NOOP,0.10889920592308044,0.3033393919467926,0.19654910266399384,0.24600200355052948,0.14521034061908722,1.5482655763626099,0.0,541.0,609,2,258,0,0,0,100,100,0,0,0.0,100.0,0,,,False,0,False,not_reached,0.0,0.1
715,2860,722,79,722,1,right,0.10895007848739624,0.30448535084724426,0.19333933293819427,0.24992866814136505,0.14329658448696136,1.5462653636932373,-1.0,540.0,610,2,257,0,0,0,100,100,0,0,0.0,100.0,0,,,False,0,False,not_reached,0.0,0.1
716,2864,722,79,722,1,right,0.10919900983572006,0.30204150080680847,0.1998675912618637,0.2422293722629547,0.14666253328323364,1.5502245426177979,0.0,540.0,611,2,257,0,0,0,100,100,0,0,0.0,100.0,0,,,False,0,False,not_reached,0.0,0.1
717,2868,722,79,722,0,NOOP,0.10907081514596939,0.30189239978790283,0.2054099440574646,0.23613259196281433,0.14749418199062347,1.551482081413269,0.0,540.0,612,2,257,0,0,0,100,100,0,0,0.0,100.0,0,,,False,0,False,not_reached,0.0,0.1
718,2872,722,93,722,4,right+A+B,0.10918810963630676,0.3046499788761139,0.20266714692115784,0.23812615871429443,0.14536865055561066,1.5494582653045654,0.0,540.0,613,2,257,0,0,0,100,100,0,0,0.0,100.0,0,,,False,0,False,not_reached,0.0,0.1
719,2876,722,108,722,1,right,0.10897660255432129,0.30285051465034485,0.20099909603595734,0.23885968327522278,0.14831413328647614,1.5508778095245361,0.0,540.0,614,2,257,0,0,0,100,100,0,0,0.0,100.0,0,,,False,0,False,not_reached,0.0,0.1
720,2880,722,112,722,1,right,0.10858193039894104,0.30314064025878906,0.1991044133901596,0.2435898780822754,0.1455831080675125,1.548789381980896,-1.0,539.0,615,2,256,0,0,0,100,100,0,0,0.0,100.0,0,,,False,0,False,not_reached,0.0,0.1
721,2884,722,106,722,1,right,0.10956142842769623,0.30277007818222046,0.2003777176141739,0.2389325648546219,0.1483583003282547,1.551267147064209,0.0,539.0,616,2,256,0,0,0,100,100,0,0,0.0,100.0,0,,,False,0,False,not_reached,0.0,0.1
722,2888,722,89,722,0,NOOP,0.1089577004313469,0.3012235164642334,0.19437044858932495,0.24964861571788788,0.14579972624778748,1.5485306978225708,0.0,539.0,617,2,256,0,0,0,100,100,0,0,0.0,100.0,0,,,False,0,False,not_reached,0.0,0.1
723,2892,722,79,722,3,right+B,0.10888617485761642,0.30340367555618286,0.19655068218708038,0.24620920419692993,0.14495030045509338,1.5481045246124268,0.0,539.0,618,2,256,0,0,0,100,100,0,0,0.0,100.0,0,,,False,0,False,not_reached,0.0,0.1
724,2896,722,79,722,1,right,0.10923541337251663,0.3042159378528595,0.19383874535560608,0.24943697452545166,0.14327292144298553,1.5466688871383667,0.0,539.0,619,2,256,0,0,0,100,100,0,0,0.0,100.0,0,,,False,0,False,not_reached,0.0,0.1
725,2900,722,93,722,4,right+A+B,0.10853752493858337,0.3039293587207794,0.19361518323421478,0.25075405836105347,0.14316388964653015,1.5460267066955566,-1.0,538.0,620,2,255,0,0,0,100,100,0,0,0.0,100.0,0,,,False,0,False,not_reached,0.0,0.1
726,2904,722,109,722,4,right+A+B,0.10917656123638153,0.3025561273097992,0.20227274298667908,0.23666541278362274,0.14932921528816223,1.5517903566360474,0.0,538.0,621,2,255,0,0,0,100,100,0,0,0.0,100.0,0,,,False,0,False,not_reached,0.0,0.1
727,2908,722,122,722,2,right+A,0.11018107086420059,0.3019396960735321,0.20425830781459808,0.23166979849338531,0.1519511342048645,1.5541470050811768,0.0,538.0,622,2,255,0,0,0,100,100,0,0,0.0,100.0,0,,,False,0,False,not_reached,0.0,0.1
728,2912,722,132,722,2,right+A,0.10963662713766098,0.3031361997127533,0.2119772881269455,0.218748539686203,0.15650133788585663,1.5557341575622559,0.0,538.0,623,2,255,0,0,0,100,100,0,0,0.0,100.0,0,,,False,0,False,not_reached,0.0,0.1
729,2916,723,137,723,3,right+B,0.10921722650527954,0.3050413727760315,0.1990402489900589,0.2380850613117218,0.14861606061458588,1.5503332614898682,1.0,539.0,0,2,255,0,0,0,100,100,0,0,0.0,100.0,0,,,False,0,False,not_reached,0.0,0.1
730,2920,722,133,723,1,right,0.10874488204717636,0.30296942591667175,0.2022835612297058,0.23577074706554413,0.15023137629032135,1.5517663955688477,-1.0,538.0,1,2,254,0,0,0,100,100,0,0,0.0,100.0,0,,,False,0,False,not_reached,0.0,0.1
731,2924,722,117,723,3,right+B,0.1090453714132309,0.30054110288619995,0.19936096668243408,0.24355503916740417,0.14749760925769806,1.5507445335388184,0.0,538.0,2,2,254,0,0,0,100,100,0,0,0.0,100.0,0,,,False,0,False,not_reached,0.0,0.1
732,2928,722,96,723,4,right+A+B,0.1085151731967926,0.304004967212677,0.1920006275177002,0.2539980411529541,0.1414811760187149,1.5445952415466309,0.0,538.0,3,2,254,0,0,0,100,100,0,0,0.0,100.0,0,,,False,0,False,not_reached,0.0,0.1
733,2932,722,79,723,1,right,0.10878301411867142,0.30501800775527954,0.19413836300373077,0.25123775005340576,0.1408228874206543,1.5448236465454102,0.0,538.0,4,2,254,0,0,0,100,100,0,0,0.0,100.0,0,,,False,0,False,not_reached,0.0,0.1
734,2936,722,79,723,3,right+B,0.10906843841075897,0.3051837086677551,0.19351179897785187,0.24802349507808685,0.1442125141620636,1.5467681884765625,0.0,538.0,5,2,254,0,0,0,100,100,0,0,0.0,100.0,0,,,False,0,False,not_reached,0.0,0.1
735,2940,722,93,723,4,right+A+B,0.10872288793325424,0.3030194044113159,0.19008873403072357,0.25521421432495117,0.1429547518491745,1.5452542304992676,-1.0,537.0,6,2,253,0,0,0,100,100,0,0,0.0,100.0,0,,,False,0,False,not_reached,0.0,0.1
736,2944,722,109,723,2,right+A,0.1095394641160965,0.30138933658599854,0.19454166293144226,0.24599531292915344,0.14853417873382568,1.5504412651062012,0.0,537.0,7,2,253,0,0,0,100,100,0,0,0.0,100.0,0,,,False,0,False,not_reached,0.0,0.1
737,2948,722,122,723,2,right+A,0.10973341763019562,0.30252063274383545,0.19133980572223663,0.24666661024093628,0.14973954856395721,1.5501906871795654,0.0,537.0,8,2,253,0,0,0,100,100,0,0,0.0,100.0,0,,,False,0,False,not_reached,0.0,0.1
738,2952,722,130,723,3,right+B,0.10971333831548691,0.3044520318508148,0.19480125606060028,0.24000312387943268,0.15103033185005188,1.5511701107025146,0.0,537.0,9,2,253,0,0,0,100,100,0,0,0.0,100.0,0,,,False,0,False,not_reached,0.0,0.1
739,2956,722,129,723,1,right,0.10962837934494019,0.30397000908851624,0.19083541631698608,0.24769937992095947,0.147866889834404,1.5487289428710938,0.0,537.0,10,2,253,0,0,0,100,100,0,0,0.0,100.0,0,,,False,0,False,not_reached,0.0,0.1
740,2960,722,117,723,3,right+B,0.10857679694890976,0.3037521243095398,0.1901569962501526,0.2513086497783661,0.14620546996593475,1.5468404293060303,-1.0,536.0,11,2,252,0,0,0,100,100,0,0,0.0,100.0,0,,,False,0,False,not_reached,0.0,0.1
741,2964,722,97,723,0,NOOP,0.10885316133499146,0.3030255436897278,0.19317002594470978,0.24589616060256958,0.14905516803264618,1.5494825839996338,0.0,536.0,12,2,252,0,0,0,100,100,0,0,0.0,100.0,0,,,False,0,False,not_reached,0.0,0.1
742,2968,722,79,723,2,right+A,0.1091136783361435,0.3028644323348999,0.19243888556957245,0.24942046403884888,0.14616252481937408,1.548048734664917,0.0,536.0,13,2,252,0,0,0,100,100,0,0,0.0,100.0,0,,,False,0,False,not_reached,0.0,0.1
743,2972,722,79,723,3,right+B,0.10817237198352814,0.3032071590423584,0.1919870227575302,0.2529454231262207,0.14368800818920135,1.5457136631011963,0.0,536.0,14,2,252,0,0,0,100,100,0,0,0.0,100.0,0,,,False,0,False,not_reached,0.0,0.1
744,2976,722,79,723,3,right+B,0.10820410400629044,0.30290237069129944,0.1911131739616394,0.25676363706588745,0.14101673662662506,1.543988585472107,0.0,536.0,15,2,252,0,0,0,100,100,0,0,0.0,100.0,0,,,False,0,False,not_reached,0.0,0.1
745,2980,722,93,723,4,right+A+B,0.10808154940605164,0.30239027738571167,0.18977300822734833,0.2587454915046692,0.14100967347621918,1.5435543060302734,-1.0,535.0,16,2,251,0,0,0,100,100,0,0,0.0,100.0,0,,,False,0,False,not_reached,0.0,0.1
746,2984,722,108,723,1,right,0.10908620804548264,0.30242398381233215,0.1941063106060028,0.24869945645332336,0.14568406343460083,1.5482789278030396,0.0,535.0,17,2,251,0,0,0,100,100,0,0,0.0,100.0,0,,,False,0,False,not_reached,0.0,0.1
747,2988,722,112,723,1,right,0.10910353809595108,0.30304810404777527,0.1918453574180603,0.2512681186199188,0.14473482966423035,1.5470728874206543,0.0,535.0,18,2,251,0,0,0,100,100,0,0,0.0,100.0,0,,,False,0,False,not_reached,0.0,0.1
748,2992,722,106,723,1,right,0.10951878875494003,0.3017590343952179,0.19801495969295502,0.2434374988079071,0.14726972579956055,1.5504770278930664,0.0,535.0,19,2,251,0,0,0,100,100,0,0,0.0,100.0,0,,,False,0,False,not_reached,0.0,0.1
749,2996,722,89,723,1,right,0.10947880893945694,0.3016573488712311,0.19425927102565765,0.24987681210041046,0.14472773671150208,1.5482711791992188,0.0,535.0,20,2,251,0,0,0,100,100,0,0,0.0,100.0,0,,,False,0,False,not_reached,0.0,0.1
750,3000,722,79,723,3,right+B,0.10855340957641602,0.30276745557785034,0.1955607831478119,0.24948352575302124,0.14363476634025574,1.5470144748687744,-1.0,534.0,21,2,250,0,0,0,100,100,0,0,0.0,100.0,0,,,False,0,False,not_reached,0.0,0.1
751,3004,722,93,723,4,right+A+B,0.10869963467121124,0.3022465705871582,0.19657649099826813,0.24882003664970398,0.14365731179714203,1.5474928617477417,0.0,534.0,22,2,250,0,0,0,100,100,0,0,0.0,100.0,0,,,False,0,False,not_reached,0.0,0.1
752,3008,722,108,723,1,right,0.10881893336772919,0.3020097315311432,0.19583266973495483,0.24828088283538818,0.14505773782730103,1.548222541809082,0.0,534.0,23,2,250,0,0,0,100,100,0,0,0.0,100.0,0,,,False,0,False,not_reached,0.0,0.1
753,3012,722,112,723,3,right+B,0.10896874964237213,0.3022286593914032,0.19805066287517548,0.24441033601760864,0.14634160697460175,1.5494709014892578,0.0,534.0,24,2,250,0,0,0,100,100,0,0,0.0,100.0,0,,,False,0,False,not_reached,0.0,0.1
754,3016,722,106,723,4,right+A+B,0.10891783982515335,0.3010713458061218,0.2007756233215332,0.24194706976413727,0.14728814363479614,1.5506978034973145,0.0,534.0,25,2,250,0,0,0,100,100,0,0,0.0,100.0,0,,,False,0,False,not_reached,0.0,0.1
755,3020,722,89,723,3,right+B,0.10867011547088623,0.30112552642822266,0.19756968319416046,0.24834580719470978,0.14428889751434326,1.548261046409607,-1.0,533.0,26,2,249,0,0,0,100,100,0,0,0.0,100.0,0,,,False,0,False,not_reached,0.0,0.1
756,3024,722,79,723,3,right+B,0.10786937922239304,0.30259138345718384,0.19669172167778015,0.250174880027771,0.14267267286777496,1.54621422290802,0.0,533.0,27,2,249,0,0,0,100,100,0,0,0.0,100.0,0,,,False,0,False,not_reached,0.0,0.1
757,3028,722,93,723,2,right+A,0.10820984840393066,0.30247390270233154,0.19545656442642212,0.2515583336353302,0.14230132102966309,1.5460083484649658,0.0,533.0,28,2,249,0,0,0,100,100,0,0,0.0,100.0,0,,,False,0,False,not_reached,0.0,0.1
758,3032,722,108,723,3,right+B,0.10867252945899963,0.3018907606601715,0.19610798358917236,0.247474804520607,0.14585398137569427,1.548614740371704,0.0,533.0,29,2,249,0,0,0,100,100,0,0,0.0,100.0,0,,,False,0,False,not_reached,0.0,0.1
759,3036,722,112,723,0,NOOP,0.10903462767601013,0.30224183201789856,0.19705764949321747,0.24476289749145508,0.14690296351909637,1.5495965480804443,0.0,533.0,30,2,249,0,0,0,100,100,0,0,0.0,100.0,0,,,False,0,False,not_reached,0.0,0.1
760,3040,722,106,723,1,right,0.10939320176839828,0.3009376525878906,0.20104506611824036,0.23859985172748566,0.15002423524856567,1.5524649620056152,-1.0,532.0,31,2,248,0,0,0,100,100,0,0,0.0,100.0,0,,,False,0,False,not_reached,0.0,0.1
761,3044,722,89,723,3,right+B,0.10930133610963821,0.3008914589881897,0.1958581656217575,0.24743354320526123,0.1465155929327011,1.5496172904968262,0.0,532.0,32,2,248,0,0,0,100,100,0,0,0.0,100.0,0,,,False,0,False,not_reached,0.0,0.1
762,3048,722,79,723,3,right+B,0.10857035964727402,0.30240190029144287,0.19652366638183594,0.24712803959846497,0.14537610113620758,1.5482711791992188,0.0,532.0,33,2,248,0,0,0,100,100,0,0,0.0,100.0,0,,,False,0,False,not_reached,0.0,0.1
763,3052,722,93,723,4,right+A+B,0.10874202847480774,0.3019256591796875,0.197318434715271,0.2469700425863266,0.14504389464855194,1.5485117435455322,0.0,532.0,34,2,248,0,0,0,100,100,0,0,0.0,100.0,0,,,False,0,False,not_reached,0.0,0.1
764,3056,722,109,723,2,right+A,0.1086805984377861,0.30149608850479126,0.19766134023666382,0.24538974463939667,0.14677222073078156,1.5495285987854004,0.0,532.0,35,2,248,0,0,0,100,100,0,0,0.0,100.0,0,,,False,0,False,not_reached,0.0,0.1
765,3060,722,122,723,4,right+A+B,0.1089211106300354,0.3020024001598358,0.19921699166297913,0.24239622056484222,0.14746320247650146,1.5502848625183105,-1.0,531.0,36,2,247,0,0,0,100,100,0,0,0.0,100.0,0,,,False,0,False,not_reached,0.0,0.1
766,3064,722,130,723,1,right,0.1086573600769043,0.3034866750240326,0.20222969353199005,0.23713985085487366,0.1484864056110382,1.5507597923278809,0.0,531.0,37,2,247,0,0,0,100,100,0,0,0.0,100.0,0,,,False,0,False,not_reached,0.0,0.1
767,3068,722,129,723,4,right+A+B,0.10830917209386826,0.3038964569568634,0.19669079780578613,0.2481081485748291,0.14299538731575012,1.546504020690918,0.0,531.0,38,2,247,0,0,0,100,100,0,0,0.0,100.0,0,,,False,0,False,not_reached,0.0,0.1
768,3072,722,117,723,0,NOOP,0.10775823146104813,0.30313804745674133,0.19486600160598755,0.25095275044441223,0.14328499138355255,1.5459096431732178,0.0,531.0,39,2,247,0,0,0,100,100,0,0,0.0,100.0,0,,,False,0,False,not_reached,0.0,0.1
769,3076,722,97,723,2,right+A,0.10835561901330948,0.30227115750312805,0.19930171966552734,0.24152126908302307,0.14855018258094788,1.550323247909546,0.0,531.0,40,2,247,0,0,0,100,100,0,0,0.0,100.0,0,,,False,0,False,not_reached,0.0,0.1
770,3080,722,79,723,3,right+B,0.10915089398622513,0.30273598432540894,0.19910982251167297,0.241331547498703,0.14767171442508698,1.5503864288330078,-1.0,530.0,41,2,246,0,0,0,100,100,0,0,0.0,100.0,0,,,False,0,False,not_reached,0.0,0.1
771,3084,722,93,723,2,right+A,0.10878535360097885,0.3030878007411957,0.19436068832874298,0.24797621369361877,0.1457899510860443,1.548018455505371,0.0,530.0,42,2,246,0,0,0,100,100,0,0,0.0,100.0,0,,,False,0,False,not_reached,0.0,0.1
772,3088,722,108,723,3,right+B,0.10905113071203232,0.30161625146865845,0.1979266107082367,0.24397191405296326,0.14743411540985107,1.550196647644043,0.0,530.0,43,2,246,0,0,0,100,100,0,0,0.0,100.0,0,,,False,0,False,not_reached,0.0,0.1
773,3092,722,112,723,4,right+A+B,0.10901432484388351,0.3018234074115753,0.19653578102588654,0.24598835408687592,0.1466381996870041,1.549415946006775,0.0,530.0,44,2,246,0,0,0,100,100,0,0,0.0,100.0,0,,,False,0,False,not_reached,0.0,0.1
774,3096,722,106,723,1,right,0.10939061641693115,0.30070948600769043,0.2031833976507187,0.23588153719902039,0.15083494782447815,1.5532289743423462,0.0,530.0,45,2,246,0,0,0,100,100,0,0,0.0,100.0,0,,,False,0,False,not_reached,0.0,0.1
775,3100,722,89,723,0,NOOP,0.10932926088571548,0.3010287284851074,0.19722795486450195,0.2458353340625763,0.14657872915267944,1.5499565601348877,-1.0,529.0,46,2,245,0,0,0,100,100,0,0,0.0,100.0,0,,,False,0,False,not_reached,0.0,0.1
776,3104,722,79,723,1,right,0.10851530730724335,0.30253103375434875,0.1979389190673828,0.2460029125213623,0.1450117975473404,1.5483224391937256,0.0,529.0,47,2,245,0,0,0,100,100,0,0,0.0,100.0,0,,,False,0,False,not_reached,0.0,0.1
777,3108,722,79,723,0,NOOP,0.10856374353170395,0.3020416796207428,0.19884513318538666,0.24623805284500122,0.14431148767471313,1.5482860803604126,0.0,529.0,48,2,245,0,0,0,100,100,0,0,0.0,100.0,0,,,False,0,False,not_reached,0.0,0.1
778,3112,722,79,723,1,right,0.10820110887289047,0.3024134635925293,0.1976921558380127,0.24868875741958618,0.14300452172756195,1.5469459295272827,0.0,529.0,49,2,245,0,0,0,100,100,0,0,0.0,100.0,0,,,False,0,False,not_reached,0.0,0.1
779,3116,722,93,723,2,right+A,0.10793542861938477,0.30292242765426636,0.198280930519104,0.24844999611377716,0.14241115748882294,1.5464290380477905,0.0,529.0,50,2,245,0,0,0,100,100,0,0,0.0,100.0,0,,,False,0,False,not_reached,0.0,0.1
780,3120,722,108,723,1,right,0.10837261378765106,0.30249476432800293,0.19617648422718048,0.24879132211208344,0.1441648006439209,1.547356367111206,-1.0,528.0,51,2,244,0,0,0,100,100,0,0,0.0,100.0,0,,,False,0,False,not_reached,0.0,0.1
781,3124,722,112,723,1,right,0.10856609046459198,0.3027563989162445,0.19301068782806396,0.25169071555137634,0.14397607743740082,1.5465679168701172,0.0,528.0,52,2,244,0,0,0,100,100,0,0,0.0,100.0,0,,,False,0,False,not_reached,0.0,0.1
782,3128,722,106,723,2,right+A,0.10892549902200699,0.3018147647380829,0.19791178405284882,0.24416868388652802,0.14717929065227509,1.5499215126037598,0.0,528.0,53,2,244,0,0,0,100,100,0,0,0.0,100.0,0,,,False,0,False,not_reached,0.0,0.1
783,3132,722,89,723,1,right,0.10912610590457916,0.30118390917778015,0.1927129030227661,0.2523350417613983,0.14464204013347626,1.5476140975952148,0.0,528.0,54,2,244,0,0,0,100,100,0,0,0.0,100.0,0,,,False,0,False,not_reached,0.0,0.1
784,3136,722,79,723,4,right+A+B,0.10849323868751526,0.30315473675727844,0.19183315336704254,0.25396236777305603,0.14255651831626892,1.5453064441680908,0.0,528.0,55,2,244,0,0,0,100,100,0,0,0.0,100.0,0,,,False,0,False,not_reached,0.0,0.1
785,3140,722,79,723,0,NOOP,0.10866013169288635,0.3027176558971405,0.19095000624656677,0.2561127543449402,0.14155946671962738,1.544687271118164,-1.0,527.0,56,2,243,0,0,0,100,100,0,0,0.0,100.0,0,,,False,0,False,not_reached,0.0,0.1
786,3144,722,93,723,4,right+A+B,0.10857703536748886,0.302303284406662,0.19223999977111816,0.25440678000450134,0.14247292280197144,1.5455923080444336,0.0,527.0,57,2,243,0,0,0,100,100,0,0,0.0,100.0,0,,,False,0,False,not_reached,0.0,0.1
787,3148,722,108,723,1,right,0.10884620994329453,0.3017694056034088,0.1949654519557953,0.24819494783878326,0.14622393250465393,1.548706293106079,0.0,527.0,58,2,243,0,0,0,100,100,0,0,0.0,100.0,0,,,False,0,False,not_reached,0.0,0.1
788,3152,722,112,723,1,right,0.10910861194133759,0.30183812975883484,0.19332069158554077,0.24951787292957306,0.14621475338935852,1.5484968423843384,0.0,527.0,59,2,243,0,0,0,100,100,0,0,0.0,100.0,0,,,False,0,False,not_reached,0.0,0.1
789,3156,722,106,723,4,right+A+B,0.10920188575983047,0.3016097843647003,0.19656753540039062,0.24586030840873718,0.146760493516922,1.5496822595596313,0.0,527.0,60,2,243,0,0,0,100,100,0,0,0.0,100.0,0,,,False,0,False,not_reached,0.0,0.1
790,3160,722,89,723,2,right+A,0.10899212956428528,0.3021787106990814,0.18994230031967163,0.2569115459918976,0.1419752836227417,1.5450068712234497,-1.0,526.0,61,2,242,0,0,0,100,100,0,0,0.0,100.0,0,,,False,0,False,not_reached,0.0,0.1
791,3164,722,79,723,4,right+A+B,0.10782504081726074,0.30370840430259705,0.19118762016296387,0.2566000819206238,0.14067891240119934,1.5433450937271118,0.0,526.0,62,2,242,0,0,0,100,100,0,0,0.0,100.0,0,,,False,0,False,not_reached,0.0,0.1
792,3168,722,79,723,1,right,0.10806542634963989,0.30230453610420227,0.19117729365825653,0.25687721371650696,0.14157553017139435,1.5443193912506104,0.0,526.0,63,2,242,0,0,0,100,100,0,0,0.0,100.0,0,,,False,0,False,not_reached,0.0,0.1
793,3172,722,79,723,3,right+B,0.10837836563587189,0.3028367757797241,0.18948054313659668,0.2565232515335083,0.14278104901313782,1.5447068214416504,0.0,526.0,64,2,242,0,0,0,100,100,0,0,0.0,100.0,0,,,False,0,False,not_reached,0.0,0.1
794,3176,722,79,723,0,NOOP,0.10871437937021255,0.3045607805252075,0.18941856920719147,0.25440460443496704,0.14290156960487366,1.5447475910186768,0.0,526.0,65,2,242,0,0,0,100,100,0,0,0.0,100.0,0,,,False,0,False,not_reached,0.0,0.1
795,3180,722,79,723,3,right+B,0.10903380066156387,0.3042834401130676,0.1881781369447708,0.2550501823425293,0.1434544026851654,1.545015573501587,-1.0,525.0,66,2,241,0,0,0,100,100,0,0,0.0,100.0,0,,,False,0,False,not_reached,0.0,0.1
796,3184,722,79,723,0,NOOP,0.10919812321662903,0.30371877551078796,0.1868544965982437,0.2559136152267456,0.1443149596452713,1.54533851146698,0.0,525.0,67,2,241,0,0,0,100,100,0,0,0.0,100.0,0,,,False,0,False,not_reached,0.0,0.1
797,3188,722,79,723,3,right+B,0.10905704647302628,0.3027763068675995,0.1878661811351776,0.25716423988342285,0.1431361883878708,1.5450105667114258,0.0,525.0,68,2,241,0,0,0,100,100,0,0,0.0,100.0,0,,,False,0,False,not_reached,0.0,0.1
798,3192,722,79,723,0,NOOP,0.10907626152038574,0.3033597469329834,0.190985307097435,0.25299933552742004,0.14357931911945343,1.546109676361084,0.0,525.0,69,2,241,0,0,0,100,100,0,0,0.0,100.0,0,,,False,0,False,not_reached,0.0,0.1
799,3196,722,79,723,1,right,0.10938071459531784,0.30463045835494995,0.18995997309684753,0.2532851994037628,0.14274364709854126,1.5453649759292603,0.0,525.0,70,2,241,0,0,0,100,100,0,0,0.0,100.0,0,,,False,0,False,not_reached,0.0,0.1
800,3200,722,93,723,2,right+A,0.10908962786197662,0.30393505096435547,0.19132684171199799,0.2542620897293091,0.14138640463352203,1.5448493957519531,-1.0,524.0,71,2,240,0,0,0,100,100,0,0,0.0,100.0,0,,,False,0,False,not_reached,0.0,0.1
801,3204,722,109,723,4,right+A+B,0.1087145283818245,0.30269092321395874,0.19670674204826355,0.24623820185661316,0.14564958214759827,1.5485162734985352,0.0,524.0,72,2,240,0,0,0,100,100,0,0,0.0,100.0,0,,,False,0,False,not_reached,0.0,0.1
802,3208,722,122,723,4,right+A+B,0.10858044028282166,0.3020651936531067,0.19494378566741943,0.24784539639949799,0.14656522870063782,1.548603892326355,0.0,524.0,73,2,240,0,0,0,100,100,0,0,0.0,100.0,0,,,False,0,False,not_reached,0.0,0.1
803,3212,722,130,723,0,NOOP,0.10876072198152542,0.3039151430130005,0.20316052436828613,0.23265647888183594,0.1515071541070938,1.552221417427063,0.0,524.0,74,2,240,0,0,0,100,100,0,0,0.0,100.0,0,,,False,0,False,not_reached,0.0,0.1
804,3216,722,129,723,0,NOOP,0.10896097868680954,0.3074786961078644,0.1933385133743286,0.2459273487329483,0.14429444074630737,1.5461878776550293,0.0,524.0,75,2,240,0,0,0,100,100,0,0,0.0,100.0,0,,,False,0,False,not_reached,0.0,0.1
805,3220,722,117,723,2,right+A,0.1084202229976654,0.3044849634170532,0.1969236582517624,0.24285785853862762,0.14731329679489136,1.5487890243530273,-1.0,523.0,76,2,239,0,0,0,100,100,0,0,0.0,100.0,0,,,False,0,False,not_reached,0.0,0.1
806,3224,722,97,723,1,right,0.10915711522102356,0.30133751034736633,0.20813396573066711,0.22495466470718384,0.15641674399375916,1.5557118654251099,0.0,523.0,77,2,239,0,0,0,100,100,0,0,0.0,100.0,0,,,False,0,False,not_reached,0.0,0.1
807,3228,722,79,723,3,right+B,0.10961192101240158,0.30302727222442627,0.20315216481685638,0.23155583441257477,0.1526528149843216,1.5535846948623657,0.0,523.0,78,2,239,0,0,0,100,100,0,0,0.0,100.0,0,,,False,0,False,not_reached,0.0,0.1
808,3232,722,93,723,4,right+A+B,0.10980686545372009,0.3053564727306366,0.1945248693227768,0.24219325184822083,0.1481185108423233,1.5495820045471191,0.0,523.0,79,2,239,0,0,0,100,100,0,0,0.0,100.0,0,,,False,0,False,not_reached,0.0,0.1
809,3236,722,108,723,3,right+B,0.10974626243114471,0.30390703678131104,0.19516752660274506,0.2432696670293808,0.1479095220565796,1.549901008605957,0.0,523.0,80,2,239,0,0,0,100,100,0,0,0.0,100.0,0,,,False,0,False,not_reached,0.0,0.1
810,3240,722,112,723,3,right+B,0.10902289301156998,0.30210912227630615,0.19573362171649933,0.24822846055030823,0.14490589499473572,1.5482659339904785,-1.0,522.0,81,2,238,0,0,0,100,100,0,0,0.0,100.0,0,,,False,0,False,not_reached,0.0,0.1
811,3244,722,106,723,4,right+A+B,0.109175905585289,0.3014070391654968,0.19940932095050812,0.24202777445316315,0.14797988533973694,1.5509119033813477,0.0,522.0,82,2,238,0,0,0,100,100,0,0,0.0,100.0,0,,,False,0,False,not_reached,0.0,0.1
812,3248,722,89,723,1,right,0.10864782333374023,0.3002150058746338,0.19463491439819336,0.2515418231487274,0.14496034383773804,1.5480659008026123,0.0,522.0,83,2,238,0,0,0,100,100,0,0,0.0,100.0,0,,,False,0,False,not_reached,0.0,0.1
813,3252,722,79,723,0,NOOP,0.10841164737939835,0.3035467863082886,0.19435004889965057,0.24992196261882782,0.14376947283744812,1.5465198755264282,0.0,522.0,84,2,238,0,0,0,100,100,0,0,0.0,100.0,0,,,False,0,False,not_reached,0.0,0.1
814,3256,722,79,723,1,right,0.10887132585048676,0.3043755888938904,0.19127891957759857,0.2528873383998871,0.14258679747581482,1.5452674627304077,0.0,522.0,85,2,238,0,0,0,100,100,0,0,0.0,100.0,0,,,False,0,False,not_reached,0.0,0.1
815,3260,722,93,723,2,right+A,0.10853366553783417,0.3027232885360718,0.1989671289920807,0.24730589985847473,0.14247003197669983,1.547149419784546,-1.0,521.0,86,2,237,0,0,0,100,100,0,0,0.0,100.0,0,,,False,0,False,not_reached,0.0,0.1
816,3264,722,109,723,4,right+A+B,0.10879982262849808,0.3006196618080139,0.2061566412448883,0.23405423760414124,0.15036959946155548,1.5530014038085938,0.0,521.0,87,2,237,0,0,0,100,100,0,0,0.0,100.0,0,,,False,0,False,not_reached,0.0,0.1
817,3268,722,121,723,3,right+B,0.1091059222817421,0.30225133895874023,0.19969044625759125,0.24067941308021545,0.14827287197113037,1.5508641004562378,0.0,521.0,88,2,237,0,0,0,100,100,0,0,0.0,100.0,0,,,False,0,False,not_reached,0.0,0.1
818,3272,722,122,723,3,right+B,0.10969427973031998,0.3052786886692047,0.2072317898273468,0.22595037519931793,0.1518447995185852,1.5531179904937744,0.0,521.0,89,2,237,0,0,0,100,100,0,0,0.0,100.0,0,,,False,0,False,not_reached,0.0,0.1
819,3276,722,113,723,3,right+B,0.10970501601696014,0.3057393431663513,0.19994103908538818,0.23622070252895355,0.14839386940002441,1.5505856275558472,0.0,521.0,90,2,237,0,0,0,100,100,0,0,0.0,100.0,0,,,False,0,False,not_reached,0.0,0.1
820,3280,722,94,723,4,right+A+B,0.10919123142957687,0.30526846647262573,0.19199585914611816,0.24956375360488892,0.14398062229156494,1.546338677406311,-1.0,520.0,91,2,236,0,0,0,100,100,0,0,0.0,100.0,0,,,False,0,False,not_reached,0.0,0.1
821,3284,722,79,723,2,right+A,0.1087164357304573,0.30363404750823975,0.19194525480270386,0.25126540660858154,0.14443883299827576,1.5465023517608643,0.0,520.0,92,2,236,0,0,0,100,100,0,0,0.0,100.0,0,,,False,0,False,not_reached,0.0,0.1
822,3288,722,79,723,2,right+A,0.10830694437026978,0.3034011721611023,0.19365447759628296,0.2535395324230194,0.14109788835048676,1.5447561740875244,0.0,520.0,93,2,236,0,0,0,100,100,0,0,0.0,100.0,0,,,False,0,False,not_reached,0.0,0.1
823,3292,722,79,723,3,right+B,0.10915078967809677,0.30452802777290344,0.19134868681430817,0.25501611828804016,0.13995634019374847,1.5439532995224,0.0,520.0,94,2,236,0,0,0,100,100,0,0,0.0,100.0,0,,,False,0,False,not_reached,0.0,0.1
824,3296,722,79,723,1,right,0.10870545357465744,0.3045584261417389,0.1940407007932663,0.24961882829666138,0.14307664334774017,1.5461037158966064,0.0,520.0,95,2,236,0,0,0,100,100,0,0,0.0,100.0,0,,,False,0,False,not_reached,0.0,0.1
825,3300,722,79,723,0,NOOP,0.10906452685594559,0.30289360880851746,0.20036101341247559,0.24259495735168457,0.14508594572544098,1.5492225885391235,-1.0,519.0,96,2,235,0,0,0,100,100,0,0,0.0,100.0,0,,,False,0,False,not_reached,0.0,0.1
826,3304,722,93,723,4,right+A+B,0.10912860929965973,0.3019881248474121,0.2051357626914978,0.23673251271247864,0.14701500535011292,1.5512378215789795,0.0,519.0,97,2,235,0,0,0,100,100,0,0,0.0,100.0,0,,,False,0,False,not_reached,0.0,0.1
827,3308,722,108,723,1,right,0.10942158102989197,0.30147960782051086,0.20792944729328156,0.22964341938495636,0.15152594447135925,1.5539422035217285,0.0,519.0,98,2,235,0,0,0,100,100,0,0,0.0,100.0,0,,,False,0,False,not_reached,0.0,0.1
828,3312,722,112,723,1,right,0.10940747708082199,0.30330249667167664,0.20232100784778595,0.2344958782196045,0.15047317743301392,1.5523045063018799,0.0,519.0,99,2,235,0,0,0,100,100,0,0,0.0,100.0,0,,,False,0,False,not_reached,0.0,0.1
829,3316,722,106,723,3,right+B,0.10946355760097504,0.3025975823402405,0.2027873694896698,0.23471699655056,0.15043441951274872,1.5525786876678467,0.0,519.0,100,2,235,0,0,0,100,100,0,0,0.0,100.0,0,,,False,0,False,not_reached,0.0,0.1
830,3320,722,89,723,0,NOOP,0.10968505591154099,0.30114293098449707,0.20124131441116333,0.23919828236103058,0.14873239398002625,1.5520721673965454,-1.0,518.0,101,2,234,0,0,0,100,100,0,0,0.0,100.0,0,,,False,0,False,not_reached,0.0,0.1
831,3324,722,79,723,2,right+A,0.10877472162246704,0.30369308590888977,0.1918533742427826,0.2531672716140747,0.1425115168094635,1.5454280376434326,0.0,518.0,102,2,234,0,0,0,100,100,0,0,0.0,100.0,0,,,False,0,False,not_reached,0.0,0.1
832,3328,722,79,723,2,right+A,0.10878263413906097,0.3037935793399811,0.1907389909029007,0.2553918957710266,0.1412929892539978,1.544389009475708,0.0,518.0,103,2,234,0,0,0,100,100,0,0,0.0,100.0,0,,,False,0,False,not_reached,0.0,0.1
833,3332,722,79,723,1,right,0.10912396013736725,0.30338093638420105,0.1950361132621765,0.24908225238323212,0.14337672293186188,1.5470969676971436,0.0,518.0,104,2,234,0,0,0,100,100,0,0,0.0,100.0,0,,,False,0,False,not_reached,0.0,0.1
834,3336,722,93,723,2,right+A,0.10891658067703247,0.3030675947666168,0.194002166390419,0.2494240701198578,0.1445896029472351,1.547396183013916,0.0,518.0,105,2,234,0,0,0,100,100,0,0,0.0,100.0,0,,,False,0,False,not_reached,0.0,0.1
835,3340,722,108,723,1,right,0.1096896380186081,0.3014737069606781,0.19380806386470795,0.2468026876449585,0.14822588860988617,1.5502148866653442,-1.0,517.0,106,2,233,0,0,0,100,100,0,0,0.0,100.0,0,,,False,0,False,not_reached,0.0,0.1
836,3344,722,112,723,1,right,0.10971581190824509,0.3022766709327698,0.19212618470191956,0.24681122601032257,0.14907006919384003,1.5500884056091309,0.0,517.0,107,2,233,0,0,0,100,100,0,0,0.0,100.0,0,,,False,0,False,not_reached,0.0,0.1
837,3348,722,106,723,3,right+B,0.10975435376167297,0.3018917143344879,0.19453321397304535,0.24362263083457947,0.1501980423927307,1.551329255104065,0.0,517.0,108,2,233,0,0,0,100,100,0,0,0.0,100.0,0,,,False,0,False,not_reached,0.0,0.1
838,3352,722,89,723,3,right+B,0.10944423824548721,0.30176082253456116,0.1901450902223587,0.25376710295677185,0.14488272368907928,1.547197937965393,0.0,517.0,109,2,233,0,0,0,100,100,0,0,0.0,100.0,0,,,False,0,False,not_reached,0.0,0.1
839,3356,722,79,723,0,NOOP,0.10850746184587479,0.30325964093208313,0.19267942011356354,0.2516865134239197,0.14386704564094543,1.5462760925292969,0.0,517.0,110,2,233,0,0,0,100,100,0,0,0.0,100.0,0,,,False,0,False,not_reached,0.0,0.1
840,3360,722,79,723,1,right,0.10852791368961334,0.30255141854286194,0.189508318901062,0.2583237886428833,0.1410885602235794,1.543883204460144,-1.0,516.0,111,2,232,0,0,0,100,100,0,0,0.0,100.0,0,,,False,0,False,not_reached,0.0,0.1
841,3364,722,79,723,3,right+B,0.10815183073282242,0.30326855182647705,0.18379060924053192,0.266889750957489,0.13789933919906616,1.5394783020019531,0.0,516.0,112,2,232,0,0,0,100,100,0,0,0.0,100.0,0,,,False,0,False,not_reached,0.0,0.1
842,3368,722,93,723,4,right+A+B,0.1084408313035965,0.3035341799259186,0.1902361959218979,0.2569539546966553,0.14083488285541534,1.5437175035476685,0.0,516.0,113,2,232,0,0,0,100,100,0,0,0.0,100.0,0,,,False,0,False,not_reached,0.0,0.1
843,3372,722,108,723,3,right+B,0.10894287377595901,0.3023258149623871,0.1913803070783615,0.2527749240398407,0.14457601308822632,1.5468549728393555,0.0,516.0,114,2,232,0,0,0,100,100,0,0,0.0,100.0,0,,,False,0,False,not_reached,0.0,0.1
844,3376,722,112,723,2,right+A,0.10940992832183838,0.3022441565990448,0.19042466580867767,0.2525191903114319,0.14540204405784607,1.547452449798584,0.0,516.0,115,2,232,0,0,0,100,100,0,0,0.0,100.0,0,,,False,0,False,not_reached,0.0,0.1
845,3380,722,106,723,2,right+A,0.10939594358205795,0.3014146685600281,0.19634190201759338,0.24516786634922028,0.14767961204051971,1.5502991676330566,-1.0,515.0,116,2,231,0,0,0,100,100,0,0,0.0,100.0,0,,,False,0,False,not_reached,0.0,0.1
846,3384,722,89,723,1,right,0.10931291431188583,0.3016243278980255,0.19104903936386108,0.254320353269577,0.14369335770606995,1.546697735786438,0.0,515.0,117,2,231,0,0,0,100,100,0,0,0.0,100.0,0,,,False,0,False,not_reached,0.0,0.1
847,3388,722,79,723,0,NOOP,0.10867173224687576,0.3026112914085388,0.19335834681987762,0.2527806758880615,0.1425778865814209,1.545985221862793,0.0,515.0,118,2,231,0,0,0,100,100,0,0,0.0,100.0,0,,,False,0,False,not_reached,0.0,0.1
848,3392,722,79,723,0,NOOP,0.10884225368499756,0.30241644382476807,0.19516535103321075,0.25112229585647583,0.14245368540287018,1.5465632677078247,0.0,515.0,119,2,231,0,0,0,100,100,0,0,0.0,100.0,0,,,False,0,False,not_reached,0.0,0.1
849,3396,722,79,723,1,right,0.10848016291856766,0.30265772342681885,0.19484065473079681,0.2527419626712799,0.14127947390079498,1.5454570055007935,0.0,515.0,120,2,231,0,0,0,100,100,0,0,0.0,100.0,0,,,False,0,False,not_reached,0.0,0.1
850,3400,722,93,723,2,right+A,0.108137346804142,0.303618460893631,0.1950967013835907,0.2530933618545532,0.1400541514158249,1.5443400144577026,-1.0,514.0,121,2,230,0,0,0,100,100,0,0,0.0,100.0,0,,,False,0,False,not_reached,0.0,0.1
851,3404,722,109,723,4,right+A+B,0.10840582102537155,0.3024282455444336,0.19677048921585083,0.2489401400089264,0.14345526695251465,1.5471482276916504,0.0,514.0,122,2,230,0,0,0,100,100,0,0,0.0,100.0,0,,,False,0,False,not_reached,0.0,0.1
852,3408,722,121,723,3,right+B,0.10873381048440933,0.3026820123195648,0.19509649276733398,0.2498234659433365,0.14366421103477478,1.5470836162567139,0.0,514.0,123,2,230,0,0,0,100,100,0,0,0.0,100.0,0,,,False,0,False,not_reached,0.0,0.1
853,3412,722,122,723,2,right+A,0.10868425667285919,0.30416932702064514,0.19765429198741913,0.2440481185913086,0.14544399082660675,1.548275351524353,0.0,514.0,124,2,230,0,0,0,100,100,0,0,0.0,100.0,0,,,False,0,False,not_reached,0.0,0.1
854,3416,722,113,723,3,right+B,0.10885278135538101,0.30422526597976685,0.19640085101127625,0.24436938762664795,0.14615170657634735,1.5484952926635742,0.0,514.0,125,2,230,0,0,0,100,100,0,0,0.0,100.0,0,,,False,0,False,not_reached,0.0,0.1
855,3420,722,94,723,1,right,0.10849644988775253,0.3042750656604767,0.19371138513088226,0.24986790120601654,0.14364922046661377,1.5462201833724976,-1.0,513.0,126,2,229,0,0,0,100,100,0,0,0.0,100.0,0,,,False,0,False,not_reached,0.0,0.1
856,3424,722,79,723,3,right+B,0.10868535935878754,0.3030206561088562,0.19364535808563232,0.2500879466533661,0.14456067979335785,1.5471068620681763,0.0,513.0,127,2,229,0,0,0,100,100,0,0,0.0,100.0,0,,,False,0,False,not_reached,0.0,0.1
857,3428,722,79,723,1,right,0.10823916643857956,0.30284762382507324,0.19353538751602173,0.2523995637893677,0.142978236079216,1.5458524227142334,0.0,513.0,128,2,229,0,0,0,100,100,0,0,0.0,100.0,0,,,False,0,False,not_reached,0.0,0.1
858,3432,722,79,723,0,NOOP,0.10869209468364716,0.30214354395866394,0.1943415105342865,0.25174471735954285,0.14307820796966553,1.5466307401657104,0.0,513.0,129,2,229,0,0,0,100,100,0,0,0.0,100.0,0,,,False,0,False,not_reached,0.0,0.1
859,3436,722,79,723,3,right+B,0.10875032097101212,0.3019453287124634,0.19714345037937164,0.24727855622768402,0.1448824107646942,1.548388957977295,0.0,513.0,130,2,229,0,0,0,100,100,0,0,0.0,100.0,0,,,False,0,False,not_reached,0.0,0.1
860,3440,722,79,723,3,right+B,0.10865852981805801,0.3024771213531494,0.19574052095413208,0.24940724670886993,0.14371651411056519,1.5472468137741089,-1.0,512.0,131,2,228,0,0,0,100,100,0,0,0.0,100.0,0,,,False,0,False,not_reached,0.0,0.1
861,3444,722,79,723,3,right+B,0.10836419463157654,0.30261942744255066,0.1959608793258667,0.2496124655008316,0.1434430032968521,1.5468765497207642,0.0,512.0,132,2,228,0,0,0,100,100,0,0,0.0,100.0,0,,,False,0,False,not_reached,0.0,0.1
862,3448,722,93,723,4,right+A+B,0.10809813439846039,0.3024720847606659,0.19585952162742615,0.2506483197212219,0.14292193949222565,1.5463662147521973,0.0,512.0,133,2,228,0,0,0,100,100,0,0,0.0,100.0,0,,,False,0,False,not_reached,0.0,0.1
863,3452,722,109,723,2,right+A,0.10827971249818802,0.30204030871391296,0.19926869869232178,0.2444090098142624,0.14600232243537903,1.5490301847457886,0.0,512.0,134,2,228,0,0,0,100,100,0,0,0.0,100.0,0,,,False,0,False,not_reached,0.0,0.1
864,3456,722,122,723,2,right+A,0.10840553790330887,0.30213335156440735,0.19734345376491547,0.24596303701400757,0.14615461230278015,1.548783779144287,0.0,512.0,135,2,228,0,0,0,100,100,0,0,0.0,100.0,0,,,False,0,False,not_reached,0.0,0.1
865,3460,722,130,723,0,NOOP,0.10847783833742142,0.3036412000656128,0.19995538890361786,0.23997762799263,0.14794792234897614,1.549936056137085,-1.0,511.0,136,2,227,0,0,0,100,100,0,0,0.0,100.0,0,,,False,0,False,not_reached,0.0,0.1
866,3464,722,129,723,1,right,0.10861451178789139,0.303905725479126,0.1947057992219925,0.24874065816402435,0.1440332978963852,1.5468511581420898,0.0,511.0,137,2,227,0,0,0,100,100,0,0,0.0,100.0,0,,,False,0,False,not_reached,0.0,0.1
867,3468,722,117,723,1,right,0.10816776007413864,0.30295127630233765,0.193707674741745,0.2504361867904663,0.144737109541893,1.5467997789382935,0.0,511.0,138,2,227,0,0,0,100,100,0,0,0.0,100.0,0,,,False,0,False,not_reached,0.0,0.1
868,3472,722,97,723,1,right,0.10876467078924179,0.30177488923072815,0.20061376690864563,0.2377629280090332,0.15108375251293182,1.552189588546753,0.0,511.0,139,2,227,0,0,0,100,100,0,0,0.0,100.0,0,,,False,0,False,not_reached,0.0,0.1
869,3476,722,79,723,3,right+B,0.10916808247566223,0.30215761065483093,0.20024658739566803,0.2397070676088333,0.1487206220626831,1.5512518882751465,0.0,511.0,140,2,227,0,0,0,100,100,0,0,0.0,100.0,0,,,False,0,False,not_reached,0.0,0.1
870,3480,722,93,723,2,right+A,0.10878683626651764,0.30278217792510986,0.1952192634344101,0.24713513255119324,0.14607661962509155,1.5484386682510376,-1.0,510.0,141,2,226,0,0,0,100,100,0,0,0.0,100.0,0,,,False,0,False,not_reached,0.0,0.1
871,3484,722,108,723,3,right+B,0.10889553278684616,0.3013647794723511,0.19785176217556,0.24476706981658936,0.1471208781003952,1.5499494075775146,0.0,510.0,142,2,226,0,0,0,100,100,0,0,0.0,100.0,0,,,False,0,False,not_reached,0.0,0.1
872,3488,722,112,723,1,right,0.10885801166296005,0.30173903703689575,0.1970432549715042,0.24579644203186035,0.14656326174736023,1.5493803024291992,0.0,510.0,143,2,226,0,0,0,100,100,0,0,0.0,100.0,0,,,False,0,False,not_reached,0.0,0.1
873,3492,722,106,723,4,right+A+B,0.10906504839658737,0.30076977610588074,0.20384418964385986,0.23622219264507294,0.1500987857580185,1.5527300834655762,0.0,510.0,144,2,226,0,0,0,100,100,0,0,0.0,100.0,0,,,False,0,False,not_reached,0.0,0.1
874,3496,722,89,723,1,right,0.10876809060573578,0.30108025670051575,0.19767777621746063,0.24721156060695648,0.14526228606700897,1.5488979816436768,0.0,510.0,145,2,226,0,0,0,100,100,0,0,0.0,100.0,0,,,False,0,False,not_reached,0.0,0.1
875,3500,722,79,723,4,right+A+B,0.10782251507043839,0.30261436104774475,0.19895364344120026,0.24697479605674744,0.14363469183444977,1.547217607498169,-1.0,509.0,146,2,225,0,0,0,100,100,0,0,0.0,100.0,0,,,False,0,False,not_reached,0.0,0.1
876,3504,722,79,723,0,NOOP,0.10796041786670685,0.3022255599498749,0.19829435646533966,0.24875518679618835,0.14276443421840668,1.5467861890792847,0.0,509.0,147,2,225,0,0,0,100,100,0,0,0.0,100.0,0,,,False,0,False,not_reached,0.0,0.1
877,3508,722,79,723,1,right,0.10798242688179016,0.30265986919403076,0.19543223083019257,0.2518453299999237,0.14208009839057922,1.5456494092941284,0.0,509.0,148,2,225,0,0,0,100,100,0,0,0.0,100.0,0,,,False,0,False,not_reached,0.0,0.1
878,3512,722,79,723,1,right,0.10829804837703705,0.3030444085597992,0.19657975435256958,0.24864155054092407,0.1434362381696701,1.5468822717666626,0.0,509.0,149,2,225,0,0,0,100,100,0,0,0.0,100.0,0,,,False,0,False,not_reached,0.0,0.1
879,3516,722,79,723,1,right,0.10842758417129517,0.3031877279281616,0.1929166465997696,0.2532995343208313,0.14216846227645874,1.5453200340270996,0.0,509.0,150,2,225,0,0,0,100,100,0,0,0.0,100.0,0,,,False,0,False,not_reached,0.0,0.1
880,3520,722,79,723,1,right,0.10851545631885529,0.30298686027526855,0.19307629764080048,0.25269463658332825,0.14272670447826385,1.5457946062088013,-1.0,508.0,151,2,224,0,0,0,100,100,0,0,0.0,100.0,0,,,False,0,False,not_reached,0.0,0.1
881,3524,722,79,723,0,NOOP,0.10857726633548737,0.30266064405441284,0.19276176393032074,0.2532136142253876,0.1427866369485855,1.5458548069000244,0.0,508.0,152,2,224,0,0,0,100,100,0,0,0.0,100.0,0,,,False,0,False,not_reached,0.0,0.1
882,3528,722,79,723,3,right+B,0.10861861705780029,0.30233848094940186,0.1944255381822586,0.2504809498786926,0.14413639903068542,1.547145962715149,0.0,508.0,153,2,224,0,0,0,100,100,0,0,0.0,100.0,0,,,False,0,False,not_reached,0.0,0.1
883,3532,722,79,723,1,right,0.10841639339923859,0.3027036488056183,0.19238200783729553,0.2544644773006439,0.14203345775604248,1.5451703071594238,0.0,508.0,154,2,224,0,0,0,100,100,0,0,0.0,100.0,0,,,False,0,False,not_reached,0.0,0.1
884,3536,722,79,723,0,NOOP,0.10841415822505951,0.3034362196922302,0.18971256911754608,0.25857362151145935,0.139863520860672,1.5429600477218628,0.0,508.0,155,2,224,0,0,0,100,100,0,0,0.0,100.0,0,,,False,0,False,not_reached,0.0,0.1
885,3540,722,79,723,3,right+B,0.10837230086326599,0.30262213945388794,0.19228826463222504,0.25503474473953247,0.1416824609041214,1.544914722442627,-1.0,507.0,156,2,223,0,0,0,100,100,0,0,0.0,100.0,0,,,False,0,False,not_reached,0.0,0.1
886,3544,722,79,723,1,right,0.10803926736116409,0.3026244342327118,0.19172382354736328,0.2566605508327484,0.14095187187194824,1.544032096862793,0.0,507.0,157,2,223,0,0,0,100,100,0,0,0.0,100.0,0,,,False,0,False,not_reached,0.0,0.1
887,3548,722,93,723,2,right+A,0.1077747493982315,0.3027653098106384,0.19183924794197083,0.25749850273132324,0.140122190117836,1.5433123111724854,0.0,507.0,158,2,223,0,0,0,100,100,0,0,0.0,100.0,0,,,False,0,False,not_reached,0.0,0.1
888,3552,722,108,723,1,right,0.10838735848665237,0.30248820781707764,0.19288663566112518,0.25291693210601807,0.14332085847854614,1.5460634231567383,0.0,507.0,159,2,223,0,0,0,100,100,0,0,0.0,100.0,0,,,False,0,False,not_reached,0.0,0.1
889,3556,722,112,723,1,right,0.10861672461032867,0.30346375703811646,0.18751852214336395,0.2581596374511719,0.14224138855934143,1.5438802242279053,0.0,507.0,160,2,223,0,0,0,100,100,0,0,0.0,100.0,0,,,False,0,False,not_reached,0.0,0.1
890,3560,722,106,723,1,right,0.10888555645942688,0.3027150630950928,0.1947462111711502,0.2478998601436615,0.14575329422950745,1.5482494831085205,-1.0,506.0,161,2,222,0,0,0,100,100,0,0,0.0,100.0,0,,,False,0,False,not_reached,0.0,0.1
891,3564,722,89,723,1,right,0.10900353640317917,0.30157291889190674,0.1897033005952835,0.25515133142471313,0.14456899464130402,1.5465511083602905,0.0,506.0,162,2,222,0,0,0,100,100,0,0,0.0,100.0,0,,,False,0,False,not_reached,0.0,0.1
892,3568,722,79,723,4,right+A+B,0.10872242599725723,0.30316436290740967,0.18983978033065796,0.2537458837032318,0.14452753961086273,1.5460541248321533,0.0,506.0,163,2,222,0,0,0,100,100,0,0,0.0,100.0,0,,,False,0,False,not_reached,0.0,0.1
893,3572,722,79,723,1,right,0.10895771533250809,0.30364710092544556,0.1871156543493271,0.25786325335502625,0.1424163281917572,1.5441200733184814,0.0,506.0,164,2,222,0,0,0,100,100,0,0,0.0,100.0,0,,,False,0,False,not_reached,0.0,0.1
894,3576,722,93,723,2,right+A,0.10875023901462555,0.3033735156059265,0.18890412151813507,0.25528475642204285,0.14368732273578644,1.5452866554260254,0.0,506.0,165,2,222,0,0,0,100,100,0,0,0.0,100.0,0,,,False,0,False,not_reached,0.0,0.1
895,3580,722,108,723,1,right,0.10920853167772293,0.3029329478740692,0.19160138070583344,0.2488469034433365,0.1474103033542633,1.5485557317733765,-1.0,505.0,166,2,221,0,0,0,100,100,0,0,0.0,100.0,0,,,False,0,False,not_reached,0.0,0.1
896,3584,722,112,723,4,right+A+B,0.10942383110523224,0.30203017592430115,0.18970055878162384,0.251064270734787,0.14778107404708862,1.548586368560791,0.0,505.0,167,2,221,0,0,0,100,100,0,0,0.0,100.0,0,,,False,0,False,not_reached,0.0,0.1
897,3588,722,106,723,3,right+B,0.1095399484038353,0.3020019829273224,0.19624710083007812,0.24305109679698944,0.14915990829467773,1.5510061979293823,0.0,505.0,168,2,221,0,0,0,100,100,0,0,0.0,100.0,0,,,False,0,False,not_reached,0.0,0.1
898,3592,722,89,723,1,right,0.10936710983514786,0.30251872539520264,0.1910393387079239,0.2523549497127533,0.14471983909606934,1.547161340713501,0.0,505.0,169,2,221,0,0,0,100,100,0,0,0.0,100.0,0,,,False,0,False,not_reached,0.0,0.1
899,3596,722,79,723,0,NOOP,0.10823642462491989,0.3037947714328766,0.1954391598701477,0.25047922134399414,0.1420503854751587,1.545634388923645,0.0,505.0,170,2,221,0,0,0,100,100,0,0,0.0,100.0,0,,,False,0,False,not_reached,0.0,0.1
900,3600,722,93,723,4,right+A+B,0.10792562365531921,0.3029436469078064,0.19691811501979828,0.25026965141296387,0.14194293320178986,1.5458365678787231,-1.0,504.0,171,2,220,0,0,0,100,100,0,0,0.0,100.0,0,,,False,0,False,not_reached,0.0,0.1
901,3604,722,109,723,4,right+A+B,0.10801795870065689,0.3013772666454315,0.19376377761363983,0.2517045736312866,0.1451364904642105,1.5471992492675781,0.0,504.0,172,2,220,0,0,0,100,100,0,0,0.0,100.0,0,,,False,0,False,not_reached,0.0,0.1
902,3608,722,122,723,2,right+A,0.10934121161699295,0.3024553060531616,0.19672030210494995,0.24178022146224976,0.1497030109167099,1.5511102676391602,0.0,504.0,173,2,220,0,0,0,100,100,0,0,0.0,100.0,0,,,False,0,False,not_reached,0.0,0.1
903,3612,722,132,723,2,right+A,0.10947006940841675,0.30705565214157104,0.19899339973926544,0.23352719843387604,0.1509537249803543,1.5510551929473877,0.0,504.0,174,2,220,0,0,0,100,100,0,0,0.0,100.0,0,,,False,0,False,not_reached,0.0,0.1
904,3616,723,137,723,3,right+B,0.10937568545341492,0.3061215579509735,0.19514092803001404,0.24281474947929382,0.1465471088886261,1.5484139919281006,0.0,504.0,175,2,220,0,0,0,100,100,0,0,0.0,100.0,0,,,False,0,False,not_reached,0.0,0.1
905,3620,722,133,723,0,NOOP,0.10913702100515366,0.30022478103637695,0.20577675104141235,0.23078733682632446,0.15407410264015198,1.554880142211914,-1.0,503.0,176,2,219,0,0,0,100,100,0,0,0.0,100.0,0,,,False,0,False,not_reached,0.0,0.1
906,3624,722,117,723,1,right,0.10969147086143494,0.30105331540107727,0.20198655128479004,0.23577909171581268,0.15148957073688507,1.55348539352417,0.0,503.0,177,2,219,0,0,0,100,100,0,0,0.0,100.0,0,,,False,0,False,not_reached,0.0,0.1
907,3628,722,96,723,2,right+A,0.10987464338541031,0.3049320578575134,0.19503606855869293,0.2429567128419876,0.14720042049884796,1.5493892431259155,0.0,503.0,178,2,219,0,0,0,100,100,0,0,0.0,100.0,0,,,False,0,False,not_reached,0.0,0.1
908,3632,722,79,723,2,right+A,0.11023389548063278,0.3057253360748291,0.19813761115074158,0.24044197797775269,0.14546118676662445,1.5492546558380127,0.0,503.0,179,2,219,0,0,0,100,100,0,0,0.0,100.0,0,,,False,0,False,not_reached,0.0,0.1
909,3636,722,79,723,2,right+A,0.10842129588127136,0.30470308661460876,0.1972649097442627,0.24755887687206268,0.1420518159866333,1.5460410118103027,0.0,503.0,180,2,219,0,0,0,100,100,0,0,0.0,100.0,0,,,False,0,False,not_reached,0.0,0.1
910,3640,722,79,723,2,right+A,0.10802984237670898,0.3030042350292206,0.1958361268043518,0.25265899300575256,0.14047084748744965,1.5447964668273926,-1.0,502.0,181,2,218,0,0,0,100,100,0,0,0.0,100.0,0,,,False,0,False,not_reached,0.0,0.1
911,3644,722,79,723,2,right+A,0.10764964669942856,0.30156758427619934,0.19466055929660797,0.2548362910747528,0.14128588140010834,1.5448940992355347,0.0,502.0,182,2,218,0,0,0,100,100,0,0,0.0,100.0,0,,,False,0,False,not_reached,0.0,0.1
912,3648,722,79,723,2,right+A,0.10839281231164932,0.30460041761398315,0.1925484538078308,0.2535080015659332,0.1409502476453781,1.5442239046096802,0.0,502.0,183,2,218,0,0,0,100,100,0,0,0.0,100.0,0,,,False,0,False,not_reached,0.0,0.1
913,3652,722,79,723,4,right+A+B,0.10900405794382095,0.3060603737831116,0.18925081193447113,0.2551270127296448,0.14055776596069336,1.5432984828948975,0.0,502.0,184,2,218,0,0,0,100,100,0,0,0.0,100.0,0,,,False,0,False,not_reached,0.0,0.1
914,3656,722,79,723,2,right+A,0.10952798277139664,0.3029739558696747,0.19857701659202576,0.24342848360538483,0.1454925835132599,1.5494322776794434,0.0,502.0,185,2,218,0,0,0,100,100,0,0,0.0,100.0,0,,,False,0,False,not_reached,0.0,0.1
915,3660,722,79,723,1,right,0.10948383063077927,0.3026130497455597,0.20423361659049988,0.23656333982944489,0.14710620045661926,1.551271677017212,-1.0,501.0,186,2,217,0,0,0,100,100,0,0,0.0,100.0,0,,,False,0,False,not_reached,0.0,0.1
916,3664,722,79,723,1,right,0.10994885116815567,0.3041267693042755,0.2019423246383667,0.2369319349527359,0.14705011248588562,1.5508760213851929,0.0,501.0,187,2,217,0,0,0,100,100,0,0,0.0,100.0,0,,,False,0,False,not_reached,0.0,0.1
917,3668,722,93,723,4,right+A+B,0.10968056321144104,0.3049733340740204,0.20117680728435516,0.23772236704826355,0.14644694328308105,1.550042986869812,0.0,501.0,188,2,217,0,0,0,100,100,0,0,0.0,100.0,0,,,False,0,False,not_reached,0.0,0.1
918,3672,722,108,723,1,right,0.10957898944616318,0.3032868206501007,0.20313021540641785,0.23601557314395905,0.1479884386062622,1.551429033279419,0.0,501.0,189,2,217,0,0,0,100,100,0,0,0.0,100.0,0,,,False,0,False,not_reached,0.0,0.1
919,3676,722,112,723,1,right,0.10974004864692688,0.30211111903190613,0.1963382512331009,0.2461211234331131,0.1456894725561142,1.5494067668914795,0.0,501.0,190,2,217,0,0,0,100,100,0,0,0.0,100.0,0,,,False,0,False,not_reached,0.0,0.1
920,3680,722,106,723,4,right+A+B,0.10968043655157089,0.3018949627876282,0.1989079862833023,0.24274826049804688,0.14676836133003235,1.55050528049469,-1.0,500.0,191,2,216,0,0,0,100,100,0,0,0.0,100.0,0,,,False,0,False,not_reached,0.0,0.1
921,3684,722,89,723,1,right,0.10979282110929489,0.3011608123779297,0.19530323147773743,0.24860288202762604,0.14514024555683136,1.5491045713424683,0.0,500.0,192,2,216,0,0,0,100,100,0,0,0.0,100.0,0,,,False,0,False,not_reached,0.0,0.1
922,3688,722,79,723,2,right+A,0.10883980244398117,0.3046695291996002,0.19593054056167603,0.24962477385997772,0.14093536138534546,1.5454521179199219,0.0,500.0,193,2,216,0,0,0,100,100,0,0,0.0,100.0,0,,,False,0,False,not_reached,0.0,0.1
923,3692,722,79,723,2,right+A,0.10839150846004486,0.30381813645362854,0.197570338845253,0.24764135479927063,0.14257867634296417,1.5465598106384277,0.0,500.0,194,2,216,0,0,0,100,100,0,0,0.0,100.0,0,,,False,0,False,not_reached,0.0,0.1
924,3696,722,79,723,3,right+B,0.10823725163936615,0.30285772681236267,0.20055975019931793,0.24556288123130798,0.14278240501880646,1.5473833084106445,0.0,500.0,195,2,216,0,0,0,100,100,0,0,0.0,100.0,0,,,False,0,False,not_reached,0.0,0.1
925,3700,722,79,723,1,right,0.10916073620319366,0.30319568514823914,0.20236346125602722,0.24041494727134705,0.14486518502235413,1.5494818687438965,-1.0,499.0,196,2,215,0,0,0,100,100,0,0,0.0,100.0,0,,,False,0,False,not_reached,0.0,0.1
926,3704,722,93,723,2,right+A,0.10987570881843567,0.3040773570537567,0.20085392892360687,0.2387329339981079,0.14646011590957642,1.5503658056259155,0.0,499.0,197,2,215,0,0,0,100,100,0,0,0.0,100.0,0,,,False,0,False,not_reached,0.0,0.1
927,3708,722,108,723,1,right,0.1099214255809784,0.30296117067337036,0.20221778750419617,0.23389177024364471,0.1510077863931656,1.5530028343200684,0.0,499.0,198,2,215,0,0,0,100,100,0,0,0.0,100.0,0,,,False,0,False,not_reached,0.0,0.1
928,3712,722,112,723,0,NOOP,0.11008366197347641,0.30327486991882324,0.2019999623298645,0.23340043425559998,0.1512410193681717,1.553113579750061,0.0,499.0,199,2,215,0,0,0,100,100,0,0,0.0,100.0,0,,,False,0,False,not_reached,0.0,0.1
929,3716,722,106,723,1,right,0.11023484170436859,0.30260327458381653,0.20223689079284668,0.23533067107200623,0.1495942771434784,1.5527048110961914,0.0,499.0,200,2,215,0,0,0,100,100,0,0,0.0,100.0,0,,,False,0,False,not_reached,0.0,0.1
930,3720,722,89,723,2,right+A,0.10982442647218704,0.3019960820674896,0.19663333892822266,0.24577945470809937,0.1457667499780655,1.549605131149292,-1.0,498.0,201,2,214,0,0,0,100,100,0,0,0.0,100.0,0,,,False,0,False,not_reached,0.0,0.1
931,3724,722,79,723,2,right+A,0.10870732367038727,0.30393868684768677,0.19269518554210663,0.2541155219078064,0.14054332673549652,1.5444116592407227,0.0,498.0,202,2,214,0,0,0,100,100,0,0,0.0,100.0,0,,,False,0,False,not_reached,0.0,0.1
932,3728,722,79,723,3,right+B,0.10923082381486893,0.30331161618232727,0.1960264891386032,0.24800777435302734,0.14342333376407623,1.547461986541748,0.0,498.0,203,2,214,0,0,0,100,100,0,0,0.0,100.0,0,,,False,0,False,not_reached,0.0,0.1
933,3732,722,79,723,1,right,0.10890548676252365,0.3027760982513428,0.1940915435552597,0.25144365429878235,0.14278317987918854,1.546461582183838,0.0,498.0,204,2,214,0,0,0,100,100,0,0,0.0,100.0,0,,,False,0,False,not_reached,0.0,0.1
934,3736,722,93,723,4,right+A+B,0.10876546055078506,0.3025349974632263,0.194604754447937,0.25062450766563416,0.14347033202648163,1.5469070672988892,0.0,498.0,205,2,214,0,0,0,100,100,0,0,0.0,100.0,0,,,False,0,False,not_reached,0.0,0.1
935,3740,722,108,723,1,right,0.10929693281650543,0.30301550030708313,0.1927589625120163,0.24935422837734222,0.1455743908882141,1.5479381084442139,-1.0,497.0,206,2,213,0,0,0,100,100,0,0,0.0,100.0,0,,,False,0,False,not_reached,0.0,0.1
936,3744,722,112,723,4,right+A+B,0.10951731353998184,0.3029123842716217,0.191954106092453,0.24829863011837006,0.14731751382350922,1.5488561391830444,0.0,497.0,207,2,213,0,0,0,100,100,0,0,0.0,100.0,0,,,False,0,False,not_reached,0.0,0.1
937,3748,722,106,723,3,right+B,0.10961469262838364,0.30188867449760437,0.19442640244960785,0.24585425853729248,0.14821605384349823,1.5502125024795532,0.0,497.0,208,2,213,0,0,0,100,100,0,0,0.0,100.0,0,,,False,0,False,not_reached,0.0,0.1
938,3752,722,89,723,1,right,0.10975894331932068,0.3022220730781555,0.1901606023311615,0.25263771414756775,0.14522074162960052,1.5475730895996094,0.0,497.0,209,2,213,0,0,0,100,100,0,0,0.0,100.0,0,,,False,0,False,not_reached,0.0,0.1
939,3756,722,79,723,1,right,0.10925833880901337,0.3032200038433075,0.1892673224210739,0.2546287178993225,0.1436256468296051,1.5458184480667114,0.0,497.0,210,2,213,0,0,0,100,100,0,0,0.0,100.0,0,,,False,0,False,not_reached,0.0,0.1
940,3760,722,79,723,1,right,0.10937561094760895,0.3028055429458618,0.19074469804763794,0.2551354467868805,0.1419386863708496,1.5454456806182861,-1.0,496.0,211,2,212,0,0,0,100,100,0,0,0.0,100.0,0,,,False,0,False,not_reached,0.0,0.1
941,3764,722,79,723,3,right+B,0.10895004868507385,0.302685409784317,0.1912844330072403,0.25576990842819214,0.1413102149963379,1.544890284538269,0.0,496.0,212,2,212,0,0,0,100,100,0,0,0.0,100.0,0,,,False,0,False,not_reached,0.0,0.1
942,3768,722,79,723,3,right+B,0.1089877337217331,0.30321231484413147,0.19212952256202698,0.2536287307739258,0.14204169809818268,1.5455001592636108,0.0,496.0,213,2,212,0,0,0,100,100,0,0,0.0,100.0,0,,,False,0,False,not_reached,0.0,0.1
943,3772,722,93,723,2,right+A,0.10917077958583832,0.30262741446495056,0.19058449566364288,0.2554316818714142,0.14218567311763763,1.5454001426696777,0.0,496.0,214,2,212,0,0,0,100,100,0,0,0.0,100.0,0,,,False,0,False,not_reached,0.0,0.1
944,3776,722,108,723,0,NOOP,0.1092829629778862,0.3020818531513214,0.19322749972343445,0.24995002150535583,0.14545772969722748,1.5481635332107544,0.0,496.0,215,2,212,0,0,0,100,100,0,0,0.0,100.0,0,,,False,0,False,not_reached,0.0,0.1
945,3780,722,112,723,1,right,0.10910274088382721,0.302555650472641,0.19422762095928192,0.24881400167942047,0.14529994130134583,1.548090934753418,-1.0,495.0,216,2,211,0,0,0,100,100,0,0,0.0,100.0,0,,,False,0,False,not_reached,0.0,0.1
946,3784,722,106,723,2,right+A,0.10918265581130981,0.3016563355922699,0.19889618456363678,0.2446110099554062,0.1456538438796997,1.5495860576629639,0.0,495.0,217,2,211,0,0,0,100,100,0,0,0.0,100.0,0,,,False,0,False,not_reached,0.0,0.1
947,3788,722,89,723,2,right+A,0.10894693434238434,0.3016203045845032,0.19581209123134613,0.2506932020187378,0.14292757213115692,1.547227144241333,0.0,495.0,218,2,211,0,0,0,100,100,0,0,0.0,100.0,0,,,False,0,False,not_reached,0.0,0.1
948,3792,722,79,723,1,right,0.10803571343421936,0.302936315536499,0.19638720154762268,0.2515070140361786,0.14113377034664154,1.5453383922576904,0.0,495.0,219,2,211,0,0,0,100,100,0,0,0.0,100.0,0,,,False,0,False,not_reached,0.0,0.1
949,3796,722,93,723,2,right+A,0.10827530920505524,0.3032969534397125,0.19459602236747742,0.25398585200309753,0.1398458182811737,1.5442596673965454,0.0,495.0,220,2,211,0,0,0,100,100,0,0,0.0,100.0,0,,,False,0,False,not_reached,0.0,0.1
950,3800,722,109,723,4,right+A+B,0.10884911566972733,0.30229631066322327,0.19493994116783142,0.2503821849822998,0.1435324251651764,1.5471405982971191,-1.0,494.0,221,2,210,0,0,0,100,100,0,0,0.0,100.0,0,,,False,0,False,not_reached,0.0,0.1
951,3804,722,121,723,1,right,0.10925591737031937,0.3024674355983734,0.1972067952156067,0.2457977533340454,0.14527204632759094,1.548915982246399,0.0,494.0,222,2,210,0,0,0,100,100,0,0,0.0,100.0,0,,,False,0,False,not_reached,0.0,0.1
952,3808,722,122,723,3,right+B,0.10944976657629013,0.3037634789943695,0.20035679638385773,0.2385294884443283,0.14790044724941254,1.55072021484375,0.0,494.0,223,2,210,0,0,0,100,100,0,0,0.0,100.0,0,,,False,0,False,not_reached,0.0,0.1
953,3812,722,113,723,2,right+A,0.10923872888088226,0.3038715422153473,0.19789879024028778,0.24236440658569336,0.1466265320777893,1.5494407415390015,0.0,494.0,224,2,210,0,0,0,100,100,0,0,0.0,100.0,0,,,False,0,False,not_reached,0.0,0.1
954,3816,722,94,723,3,right+B,0.10881058126688004,0.30413272976875305,0.19493505358695984,0.24825957417488098,0.1438620388507843,1.5469300746917725,0.0,494.0,225,2,210,0,0,0,100,100,0,0,0.0,100.0,0,,,False,0,False,not_reached,0.0,0.1
955,3820,722,79,723,4,right+A+B,0.10883989185094833,0.30284395813941956,0.19455081224441528,0.2497636079788208,0.144001767039299,1.5471911430358887,-1.0,493.0,226,2,209,0,0,0,100,100,0,0,0.0,100.0,0,,,False,0,False,not_reached,0.0,0.1
956,3824,722,79,723,2,right+A,0.10836147516965866,0.30303171277046204,0.19444075226783752,0.25213995575904846,0.1420261263847351,1.5456161499023438,0.0,493.0,227,2,209,0,0,0,100,100,0,0,0.0,100.0,0,,,False,0,False,not_reached,0.0,0.1
957,3828,722,79,723,4,right+A+B,0.10869920998811722,0.30234354734420776,0.19576691091060638,0.2512604892253876,0.1419297754764557,1.5463097095489502,0.0,493.0,228,2,209,0,0,0,100,100,0,0,0.0,100.0,0,,,False,0,False,not_reached,0.0,0.1
958,3832,722,79,723,2,right+A,0.10836073756217957,0.3021773099899292,0.1979268193244934,0.24861590564250946,0.14291927218437195,1.5471314191818237,0.0,493.0,229,2,209,0,0,0,100,100,0,0,0.0,100.0,0,,,False,0,False,not_reached,0.0,0.1
959,3836,722,79,723,1,right,0.10830337554216385,0.30287468433380127,0.1969517022371292,0.2497004121541977,0.14216981828212738,1.5463027954101562,0.0,493.0,230,2,209,0,0,0,100,100,0,0,0.0,100.0,0,,,False,0,False,not_reached,0.0,0.1
960,3840,722,79,723,1,right,0.10822897404432297,0.3028261959552765,0.1966380774974823,0.2498519867658615,0.14245477318763733,1.5463354587554932,-1.0,492.0,231,2,208,0,0,0,100,100,0,0,0.0,100.0,0,,,False,0,False,not_reached,0.0,0.1
961,3844,722,93,723,4,right+A+B,0.1082015335559845,0.302990585565567,0.19576968252658844,0.25070956349372864,0.14232861995697021,1.545998454093933,0.0,492.0,232,2,208,0,0,0,100,100,0,0,0.0,100.0,0,,,False,0,False,not_reached,0.0,0.1
962,3848,722,108,723,0,NOOP,0.10898963361978531,0.3024761378765106,0.19835050404071808,0.24365362524986267,0.1465301364660263,1.549593448638916,0.0,492.0,233,2,208,0,0,0,100,100,0,0,0.0,100.0,0,,,False,0,False,not_reached,0.0,0.1
963,3852,722,112,723,1,right,0.10919139534235,0.302298367023468,0.19646286964416504,0.2448578178882599,0.14718951284885406,1.549727439880371,0.0,492.0,234,2,208,0,0,0,100,100,0,0,0.0,100.0,0,,,False,0,False,not_reached,0.0,0.1
964,3856,722,106,723,3,right+B,0.10937966406345367,0.3010488450527191,0.2023952603340149,0.23689284920692444,0.15028336644172668,1.5527691841125488,0.0,492.0,235,2,208,0,0,0,100,100,0,0,0.0,100.0,0,,,False,0,False,not_reached,0.0,0.1
965,3860,722,89,723,3,right+B,0.10934016108512878,0.300957053899765,0.19724637269973755,0.24576441943645477,0.14669197797775269,1.5500423908233643,-1.0,491.0,236,2,207,0,0,0,100,100,0,0,0.0,100.0,0,,,False,0,False,not_reached,0.0,0.1
966,3864,722,79,723,0,NOOP,0.10868948698043823,0.30238890647888184,0.19796985387802124,0.24587075412273407,0.14508096873760223,1.5485376119613647,0.0,491.0,237,2,207,0,0,0,100,100,0,0,0.0,100.0,0,,,False,0,False,not_reached,0.0,0.1
967,3868,722,79,723,3,right+B,0.10898783057928085,0.3018808960914612,0.19891098141670227,0.24532239139080048,0.1448979526758194,1.5489898920059204,0.0,491.0,238,2,207,0,0,0,100,100,0,0,0.0,100.0,0,,,False,0,False,not_reached,0.0,0.1
968,3872,722,79,723,3,right+B,0.10874288529157639,0.3022882342338562,0.19717374444007874,0.2488151341676712,0.14298000931739807,1.5472867488861084,0.0,491.0,239,2,207,0,0,0,100,100,0,0,0.0,100.0,0,,,False,0,False,not_reached,0.0,0.1
969,3876,722,79,723,1,right,0.10851088911294937,0.3028324842453003,0.19949540495872498,0.24623753130435944,0.14292371273040771,1.547469973564148,0.0,491.0,240,2,207,0,0,0,100,100,0,0,0.0,100.0,0,,,False,0,False,not_reached,0.0,0.1
970,3880,722,79,723,1,right,0.10840015113353729,0.3028027415275574,0.1974412202835083,0.24937961995601654,0.1419762372970581,1.5464035272598267,-1.0,490.0,241,2,206,0,0,0,100,100,0,0,0.0,100.0,0,,,False,0,False,not_reached,0.0,0.1
971,3884,722,93,723,4,right+A+B,0.10833985358476639,0.3030460476875305,0.19764834642410278,0.24895122647285461,0.14201457798480988,1.5463756322860718,0.0,490.0,242,2,206,0,0,0,100,100,0,0,0.0,100.0,0,,,False,0,False,not_reached,0.0,0.1
972,3888,722,108,723,3,right+B,0.10851652175188065,0.30227962136268616,0.1994551420211792,0.244104266166687,0.14564448595046997,1.5490249395370483,0.0,490.0,243,2,206,0,0,0,100,100,0,0,0.0,100.0,0,,,False,0,False,not_reached,0.0,0.1
973,3892,722,112,723,1,right,0.10872853547334671,0.3024367094039917,0.1978602111339569,0.245350182056427,0.14562444388866425,1.548820972442627,0.0,490.0,244,2,206,0,0,0,100,100,0,0,0.0,100.0,0,,,False,0,False,not_reached,0.0,0.1
974,3896,722,106,723,2,right+A,0.10923126339912415,0.30139902234077454,0.2026231586933136,0.2380223125219345,0.1487242728471756,1.5518858432769775,0.0,490.0,245,2,206,0,0,0,100,100,0,0,0.0,100.0,0,,,False,0,False,not_reached,0.0,0.1
975,3900,722,89,723,3,right+B,0.10927947610616684,0.30127543210983276,0.19711600244045258,0.24651296436786652,0.1458161324262619,1.5494440793991089,-1.0,489.0,246,2,205,0,0,0,100,100,0,0,0.0,100.0,0,,,False,0,False,not_reached,0.0,0.1
976,3904,722,79,723,3,right+B,0.1086990162730217,0.3026599884033203,0.19818587601184845,0.24519065022468567,0.14526452124118805,1.5486316680908203,0.0,489.0,247,2,205,0,0,0,100,100,0,0,0.0,100.0,0,,,False,0,False,not_reached,0.0,0.1
977,3908,722,93,723,2,right+A,0.10881876945495605,0.3020407557487488,0.19864235818386078,0.24593840539455414,0.14455974102020264,1.5485835075378418,0.0,489.0,248,2,205,0,0,0,100,100,0,0,0.0,100.0,0,,,False,0,False,not_reached,0.0,0.1
978,3912,722,109,723,4,right+A+B,0.10882510244846344,0.3017788827419281,0.19697599112987518,0.2464522421360016,0.14596782624721527,1.549020528793335,0.0,489.0,249,2,205,0,0,0,100,100,0,0,0.0,100.0,0,,,False,0,False,not_reached,0.0,0.1
979,3916,722,121,723,3,right+B,0.10906442999839783,0.30272361636161804,0.19590753316879272,0.2468680441379547,0.14543642103672028,1.5485010147094727,0.0,489.0,250,2,205,0,0,0,100,100,0,0,0.0,100.0,0,,,False,0,False,not_reached,0.0,0.1
980,3920,722,122,723,0,NOOP,0.10886897891759872,0.3035818934440613,0.19989459216594696,0.2394547164440155,0.14819976687431335,1.5503699779510498,-1.0,488.0,251,2,204,0,0,0,100,100,0,0,0.0,100.0,0,,,False,0,False,not_reached,0.0,0.1
981,3924,722,113,723,1,right,0.10870449244976044,0.3037092387676239,0.19751521944999695,0.24313762784004211,0.1469334363937378,1.5491249561309814,0.0,488.0,252,2,204,0,0,0,100,100,0,0,0.0,100.0,0,,,False,0,False,not_reached,0.0,0.1
982,3928,722,94,723,0,NOOP,0.1079576313495636,0.3048345148563385,0.19191740453243256,0.2539072334766388,0.14138326048851013,1.543888807296753,0.0,488.0,253,2,204,0,0,0,100,100,0,0,0.0,100.0,0,,,False,0,False,not_reached,0.0,0.1
983,3932,722,79,723,3,right+B,0.10792390257120132,0.3037289083003998,0.19092588126659393,0.2564362585544586,0.14098505675792694,1.5435335636138916,0.0,488.0,254,2,204,0,0,0,100,100,0,0,0.0,100.0,0,,,False,0,False,not_reached,0.0,0.1
984,3936,722,79,723,1,right,0.1075780838727951,0.3034529685974121,0.19036313891410828,0.2594369053840637,0.139168843626976,1.5419977903366089,0.0,488.0,255,2,204,0,0,0,100,100,0,0,0.0,100.0,0,,,False,0,False,not_reached,0.0,0.1
985,3940,722,79,723,3,right+B,0.10798057168722153,0.3024844527244568,0.19006694853305817,0.26033055782318115,0.13913750648498535,1.542388677597046,-1.0,487.0,256,2,203,0,0,0,100,100,0,0,0.0,100.0,0,,,False,0,False,not_reached,0.0,0.1
986,3944,722,79,723,1,right,0.10864550620317459,0.30242881178855896,0.19295728206634521,0.25343117117881775,0.14253725111484528,1.5458641052246094,0.0,487.0,257,2,203,0,0,0,100,100,0,0,0.0,100.0,0,,,False,0,False,not_reached,0.0,0.1
987,3948,722,93,723,2,right+A,0.10882116109132767,0.3038954734802246,0.18913418054580688,0.25770771503448486,0.1404414027929306,1.5434118509292603,0.0,487.0,258,2,203,0,0,0,100,100,0,0,0.0,100.0,0,,,False,0,False,not_reached,0.0,0.1
988,3952,722,108,723,3,right+B,0.10932541638612747,0.30340656638145447,0.1900918185710907,0.2526996433734894,0.1444764882326126,1.5465624332427979,0.0,487.0,259,2,203,0,0,0,100,100,0,0,0.0,100.0,0,,,False,0,False,not_reached,0.0,0.1
989,3956,722,112,723,3,right+B,0.1092769205570221,0.3030450940132141,0.1927964836359024,0.24962687492370605,0.14525461196899414,1.5477526187896729,0.0,487.0,260,2,203,0,0,0,100,100,0,0,0.0,100.0,0,,,False,0,False,not_reached,0.0,0.1
990,3960,722,106,723,0,NOOP,0.10950159281492233,0.3014020621776581,0.19712205231189728,0.24376343190670013,0.14821086823940277,1.5508228540420532,-1.0,486.0,261,2,202,0,0,0,100,100,0,0,0.0,100.0,0,,,False,0,False,not_reached,0.0,0.1
991,3964,722,89,723,2,right+A,0.1096649318933487,0.30137187242507935,0.19156809151172638,0.2505160868167877,0.14687901735305786,1.5489403009414673,0.0,486.0,262,2,202,0,0,0,100,100,0,0,0.0,100.0,0,,,False,0,False,not_reached,0.0,0.1
992,3968,722,79,723,4,right+A+B,0.1090322956442833,0.3049076497554779,0.1884254664182663,0.2552970349788666,0.1423376053571701,1.5443315505981445,0.0,486.0,263,2,202,0,0,0,100,100,0,0,0.0,100.0,0,,,False,0,False,not_reached,0.0,0.1
993,3972,722,79,723,4,right+A+B,0.10889438539743423,0.303367555141449,0.1900942474603653,0.2542315721511841,0.14341220259666443,1.5456045866012573,0.0,486.0,264,2,202,0,0,0,100,100,0,0,0.0,100.0,0,,,False,0,False,not_reached,0.0,0.1
994,3976,722,79,723,3,right+B,0.10847840458154678,0.30270278453826904,0.1892574429512024,0.25739338994026184,0.14216798543930054,1.5443854331970215,0.0,486.0,265,2,202,0,0,0,100,100,0,0,0.0,100.0,0,,,False,0,False,not_reached,0.0,0.1
995,3980,722,79,723,1,right,0.10827567428350449,0.3031531572341919,0.19292135536670685,0.2523926794528961,0.14325720071792603,1.5458217859268188,-1.0,485.0,266,2,201,0,0,0,100,100,0,0,0.0,100.0,0,,,False,0,False,not_reached,0.0,0.1
996,3984,722,79,723,3,right+B,0.10863906890153885,0.3033064305782318,0.18991628289222717,0.2559024393558502,0.14223574101924896,1.5446629524230957,0.0,485.0,267,2,201,0,0,0,100,100,0,0,0.0,100.0,0,,,False,0,False,not_reached,0.0,0.1
997,3988,722,79,723,1,right,0.1087474599480629,0.3042192757129669,0.18842056393623352,0.2574027478694916,0.14121000468730927,1.543536901473999,0.0,485.0,268,2,201,0,0,0,100,100,0,0,0.0,100.0,0,,,False,0,False,not_reached,0.0,0.1
998,3992,722,79,723,1,right,0.10893423855304718,0.304106205701828,0.1934962421655655,0.2511575222015381,0.14230582118034363,1.5458095073699951,0.0,485.0,269,2,201,0,0,0,100,100,0,0,0.0,100.0,0,,,False,0,False,not_reached,0.0,0.1
999,3996,722,79,723,3,right+B,0.10889015346765518,0.30365264415740967,0.1959967315196991,0.2485201209783554,0.14294035732746124,1.5468404293060303,0.0,485.0,270,2,201,0,0,0,100,100,0,0,0.0,100.0,0,,,False,0,False,not_reached,0.0,0.1
1000,4000,722,79,723,1,right,0.10888522118330002,0.30249372124671936,0.1969023495912552,0.24625219404697418,0.14546646177768707,1.5486435890197754,-1.0,484.0,271,2,200,0,0,0,100,100,0,0,0.0,100.0,0,,,False,0,False,not_reached,0.0,0.1
1001,4004,722,79,723,0,NOOP,0.10935431718826294,0.30304938554763794,0.19770440459251404,0.24241921305656433,0.14747263491153717,1.5501006841659546,0.0,484.0,272,2,200,0,0,0,100,100,0,0,0.0,100.0,0,,,False,0,False,not_reached,0.0,0.1
1002,4008,722,79,723,1,right,0.10963986068964005,0.3059234917163849,0.19680681824684143,0.24083654582500458,0.14679327607154846,1.5491431951522827,0.0,484.0,273,2,200,0,0,0,100,100,0,0,0.0,100.0,0,,,False,0,False,not_reached,0.0,0.1
1003,4012,722,79,723,1,right,0.10963498055934906,0.30412864685058594,0.19835208356380463,0.24189269542694092,0.14599154889583588,1.5494678020477295,0.0,484.0,274,2,200,0,0,0,100,100,0,0,0.0,100.0,0,,,False,0,False,not_reached,0.0,0.1
1004,4016,722,79,723,3,right+B,0.10956139117479324,0.301656037569046,0.20619653165340424,0.23263542354106903,0.14995063841342926,1.553135871887207,0.0,484.0,275,2,200,0,0,0,100,100,0,0,0.0,100.0,0,,,False,0,False,not_reached,0.0,0.1
1005,4020,722,93,723,4,right+A+B,0.10942356288433075,0.3024211525917053,0.2035544365644455,0.23615065217018127,0.14845022559165955,1.551803469657898,-1.0,483.0,276,2,199,0,0,0,100,100,0,0,0.0,100.0,0,,,False,0,False,not_reached,0.0,0.1
1006,4024,722,108,723,1,right,0.10956582427024841,0.3041224777698517,0.19784493744373322,0.24172373116016388,0.14674299955368042,1.5496907234191895,0.0,483.0,277,2,199,0,0,0,100,100,0,0,0.0,100.0,0,,,False,0,False,not_reached,0.0,0.1
1007,4028,722,112,723,2,right+A,0.1093493103981018,0.30407822132110596,0.19871053099632263,0.24118328094482422,0.146678626537323,1.5496680736541748,0.0,483.0,278,2,199,0,0,0,100,100,0,0,0.0,100.0,0,,,False,0,False,not_reached,0.0,0.1
1008,4032,722,106,723,4,right+A+B,0.10863868147134781,0.30218201875686646,0.20036150515079498,0.24410024285316467,0.1447174996137619,1.5488439798355103,0.0,483.0,279,2,199,0,0,0,100,100,0,0,0.0,100.0,0,,,False,0,False,not_reached,0.0,0.1
1009,4036,722,89,723,2,right+A,0.10809847712516785,0.3010391891002655,0.19058266282081604,0.259024053812027,0.14125560224056244,1.5441749095916748,0.0,483.0,280,2,199,0,0,0,100,100,0,0,0.0,100.0,0,,,False,0,False,not_reached,0.0,0.1
1010,4040,722,79,723,1,right,0.10768910497426987,0.30274778604507446,0.1921689659357071,0.2554957866668701,0.14189833402633667,1.5443990230560303,-1.0,482.0,281,2,198,0,0,0,100,100,0,0,0.0,100.0,0,,,False,0,False,not_reached,0.0,0.1
1011,4044,722,93,723,2,right+A,0.10887866467237473,0.3034140467643738,0.1929321587085724,0.2516818940639496,0.14309324324131012,1.5461913347244263,0.0,482.0,282,2,198,0,0,0,100,100,0,0,0.0,100.0,0,,,False,0,False,not_reached,0.0,0.1
1012,4048,722,108,723,3,right+B,0.10938318818807602,0.30365708470344543,0.19018545746803284,0.2523272931575775,0.1444469392299652,1.5465747117996216,0.0,482.0,283,2,198,0,0,0,100,100,0,0,0.0,100.0,0,,,False,0,False,not_reached,0.0,0.1
1013,4052,722,112,723,3,right+B,0.10979429632425308,0.3019472658634186,0.1984756588935852,0.24170935153961182,0.14807352423667908,1.5511465072631836,0.0,482.0,284,2,198,0,0,0,100,100,0,0,0.0,100.0,0,,,False,0,False,not_reached,0.0,0.1
1014,4056,722,106,723,1,right,0.1102210208773613,0.3001039922237396,0.2091733068227768,0.2265489250421524,0.15395276248455048,1.5559918880462646,0.0,482.0,285,2,198,0,0,0,100,100,0,0,0.0,100.0,0,,,False,0,False,not_reached,0.0,0.1
1015,4060,722,89,723,3,right+B,0.10997290164232254,0.30169805884361267,0.1976940780878067,0.24202677607536316,0.1486082226037979,1.5514477491378784,-1.0,481.0,286,2,197,0,0,0,100,100,0,0,0.0,100.0,0,,,False,0,False,not_reached,0.0,0.1
1016,4064,722,79,723,2,right+A,0.10933765769004822,0.3040444850921631,0.20234540104866028,0.23737238347530365,0.14690010249614716,1.550417423248291,0.0,481.0,287,2,197,0,0,0,100,100,0,0,0.0,100.0,0,,,False,0,False,not_reached,0.0,0.1
1017,4068,722,79,723,0,NOOP,0.10938647389411926,0.3039194941520691,0.19797658920288086,0.24502761662006378,0.1436898112297058,1.5480432510375977,0.0,481.0,288,2,197,0,0,0,100,100,0,0,0.0,100.0,0,,,False,0,False,not_reached,0.0,0.1
1018,4072,722,79,723,3,right+B,0.10870745778083801,0.3029441237449646,0.193845734000206,0.2526850998401642,0.14181753993034363,1.5456478595733643,0.0,481.0,289,2,197,0,0,0,100,100,0,0,0.0,100.0,0,,,False,0,False,not_reached,0.0,0.1
1019,4076,722,79,723,1,right,0.10833633691072464,0.3035779893398285,0.20202037692070007,0.24402928352355957,0.14203602075576782,1.5471915006637573,0.0,481.0,290,2,197,0,0,0,100,100,0,0,0.0,100.0,0,,,False,0,False,not_reached,0.0,0.1
1020,4080,722,79,723,3,right+B,0.10846356302499771,0.30368277430534363,0.1936998963356018,0.2549948990345001,0.13915890455245972,1.5436971187591553,-1.0,480.0,291,2,196,0,0,0,100,100,0,0,0.0,100.0,0,,,False,0,False,not_reached,0.0,0.1
1021,4084,722,79,723,1,right,0.10849310457706451,0.30447298288345337,0.1896846443414688,0.25899738073349,0.1383519470691681,1.5419151782989502,0.0,480.0,292,2,196,0,0,0,100,100,0,0,0.0,100.0,0,,,False,0,False,not_reached,0.0,0.1
1022,4088,722,79,723,3,right+B,0.10911340266466141,0.30523115396499634,0.19526687264442444,0.24797239899635315,0.14241616427898407,1.546237826347351,0.0,480.0,293,2,196,0,0,0,100,100,0,0,0.0,100.0,0,,,False,0,False,not_reached,0.0,0.1
1023,4092,722,79,723,1,right,0.10905148088932037,0.3037373423576355,0.1983984410762787,0.2450435757637024,0.14376910030841827,1.5479434728622437,0.0,480.0,294,2,196,0,0,0,100,100,0,0,0.0,100.0,0,,,False,0,False,not_reached,0.0,0.1
1024,4096,722,79,723,0,NOOP,0.10946952551603317,0.3027094602584839,0.2034894824028015,0.23691792786121368,0.14741355180740356,1.551271677017212,0.0,480.0,295,2,196,0,0,0,100,100,0,0,0.0,100.0,0,,,False,0,False,not_reached,0.0,0.1
1025,4100,722,79,723,1,right,0.11002703756093979,0.3030582368373871,0.20450261235237122,0.23378024995326996,0.14863190054893494,1.5523189306259155,-1.0,479.0,296,2,195,0,0,0,100,100,0,0,0.0,100.0,0,,,False,0,False,not_reached,0.0,0.1
1026,4104,722,93,723,4,right+A+B,0.10975092649459839,0.30414828658103943,0.20000992715358734,0.23852160573005676,0.1475692242383957,1.5506417751312256,0.0,479.0,297,2,195,0,0,0,100,100,0,0,0.0,100.0,0,,,False,0,False,not_reached,0.0,0.1
1027,4108,722,108,723,1,right,0.10990583151578903,0.3026723563671112,0.20279927551746368,0.233931764960289,0.15069079399108887,1.5530104637145996,0.0,479.0,298,2,195,0,0,0,100,100,0,0,0.0,100.0,0,,,False,0,False,not_reached,0.0,0.1
1028,4112,722,112,723,2,right+A,0.10975061357021332,0.30271288752555847,0.2010834813117981,0.23844243586063385,0.14801058173179626,1.551384449005127,0.0,479.0,299,2,195,0,0,0,100,100,0,0,0.0,100.0,0,,,False,0,False,not_reached,0.0,0.1
1029,4116,722,106,723,1,right,0.10966726392507553,0.3018438220024109,0.20008514821529388,0.2403298318386078,0.14807389676570892,1.5513758659362793,0.0,479.0,300,2,195,0,0,0,100,100,0,0,0.0,100.0,0,,,False,0,False,not_reached,0.0,0.1
1030,4120,722,89,723,1,right,0.10923490673303604,0.30314236879348755,0.19099783897399902,0.25472721457481384,0.14189760386943817,1.545317530632019,-1.0,478.0,301,2,194,0,0,0,100,100,0,0,0.0,100.0,0,,,False,0,False,not_reached,0.0,0.1
1031,4124,722,79,723,3,right+B,0.10848239809274673,0.3037331700325012,0.19727687537670135,0.24772833287715912,0.14277929067611694,1.5466963052749634,0.0,478.0,302,2,194,0,0,0,100,100,0,0,0.0,100.0,0,,,False,0,False,not_reached,0.0,0.1
1032,4128,722,93,723,4,right+A+B,0.10846161097288132,0.30195096135139465,0.19519761204719543,0.25190454721450806,0.14248532056808472,1.5463553667068481,0.0,478.0,303,2,194,0,0,0,100,100,0,0,0.0,100.0,0,,,False,0,False,not_reached,0.0,0.1
1033,4132,722,108,723,1,right,0.10889877378940582,0.3015662431716919,0.19176635146141052,0.25254708528518677,0.14522148668766022,1.5474189519882202,0.0,478.0,304,2,194,0,0,0,100,100,0,0,0.0,100.0,0,,,False,0,False,not_reached,0.0,0.1
1034,4136,722,112,723,4,right+A+B,0.10974486172199249,0.30294156074523926,0.19130578637123108,0.24946558475494385,0.1465422511100769,1.5484591722488403,0.0,478.0,305,2,194,0,0,0,100,100,0,0,0.0,100.0,0,,,False,0,False,not_reached,0.0,0.1
1035,4140,722,106,723,3,right+B,0.11009754240512848,0.3022805452346802,0.19255013763904572,0.24600696563720703,0.1490648090839386,1.5504982471466064,-1.0,477.0,306,2,193,0,0,0,100,100,0,0,0.0,100.0,0,,,False,0,False,not_reached,0.0,0.1
1036,4144,722,89,723,0,NOOP,0.11013564467430115,0.3016379475593567,0.19037467241287231,0.25054633617401123,0.1473054140806198,1.5491819381713867,0.0,477.0,307,2,193,0,0,0,100,100,0,0,0.0,100.0,0,,,False,0,False,not_reached,0.0,0.1
1037,4148,722,79,723,4,right+A+B,0.10914719104766846,0.30365684628486633,0.18992985785007477,0.2534744441509247,0.14379167556762695,1.5459352731704712,0.0,477.0,308,2,193,0,0,0,100,100,0,0,0.0,100.0,0,,,False,0,False,not_reached,0.0,0.1
1038,4152,722,79,723,3,right+B,0.10924028605222702,0.30247965455055237,0.18754221498966217,0.2591228187084198,0.14161494374275208,1.5442068576812744,0.0,477.0,309,2,193,0,0,0,100,100,0,0,0.0,100.0,0,,,False,0,False,not_reached,0.0,0.1
1039,4156,722,93,723,4,right+A+B,0.10894531011581421,0.3031291365623474,0.18872986733913422,0.2589947283267975,0.14020098745822906,1.5433694124221802,0.0,477.0,310,2,193,0,0,0,100,100,0,0,0.0,100.0,0,,,False,0,False,not_reached,0.0,0.1
1040,4160,722,108,723,3,right+B,0.10937344282865524,0.30341655015945435,0.19454452395439148,0.24874426424503326,0.14392125606536865,1.5474741458892822,-1.0,476.0,311,2,192,0,0,0,100,100,0,0,0.0,100.0,0,,,False,0,False,not_reached,0.0,0.1
1041,4164,722,112,723,1,right,0.10937652736902237,0.3026469945907593,0.19133079051971436,0.2523268461227417,0.1443188637495041,1.5470035076141357,0.0,476.0,312,2,192,0,0,0,100,100,0,0,0.0,100.0,0,,,False,0,False,not_reached,0.0,0.1
1042,4168,722,106,723,1,right,0.10923680663108826,0.3012068271636963,0.19673685729503632,0.24675750732421875,0.1460619866847992,1.549466848373413,0.0,476.0,313,2,192,0,0,0,100,100,0,0,0.0,100.0,0,,,False,0,False,not_reached,0.0,0.1
1043,4172,722,89,723,2,right+A,0.10883667320013046,0.30141711235046387,0.19110149145126343,0.2567904591560364,0.14185425639152527,1.5452710390090942,0.0,476.0,314,2,192,0,0,0,100,100,0,0,0.0,100.0,0,,,False,0,False,not_reached,0.0,0.1
1044,4176,722,79,723,4,right+A+B,0.1077696681022644,0.3033473789691925,0.19029279053211212,0.2589726746082306,0.13961747288703918,1.5424392223358154,0.0,476.0,315,2,192,0,0,0,100,100,0,0,0.0,100.0,0,,,False,0,False,not_reached,0.0,0.1
1045,4180,722,79,723,2,right+A,0.10810515284538269,0.30274081230163574,0.19188529253005981,0.2573346793651581,0.1399340033531189,1.5435023307800293,-1.0,475.0,316,2,191,0,0,0,100,100,0,0,0.0,100.0,0,,,False,0,False,not_reached,0.0,0.1
1046,4184,722,79,723,0,NOOP,0.1085193008184433,0.30328062176704407,0.19232526421546936,0.25558435916900635,0.14029043912887573,1.544111967086792,0.0,475.0,317,2,191,0,0,0,100,100,0,0,0.0,100.0,0,,,False,0,False,not_reached,0.0,0.1
1047,4188,722,79,723,3,right+B,0.10861631482839584,0.3030359447002411,0.19613862037658691,0.25014546513557434,0.1420636922121048,1.5462778806686401,0.0,475.0,318,2,191,0,0,0,100,100,0,0,0.0,100.0,0,,,False,0,False,not_reached,0.0,0.1
1048,4192,722,79,723,1,right,0.10901471227407455,0.3036893606185913,0.1936301589012146,0.252332866191864,0.14133287966251373,1.5454320907592773,0.0,475.0,319,2,191,0,0,0,100,100,0,0,0.0,100.0,0,,,False,0,False,not_reached,0.0,0.1
1049,4196,722,93,723,2,right+A,0.1089310422539711,0.3031143248081207,0.19374820590019226,0.2530287504196167,0.141177698969841,1.5454082489013672,0.0,475.0,320,2,191,0,0,0,100,100,0,0,0.0,100.0,0,,,False,0,False,not_reached,0.0,0.1
1050,4200,722,108,723,1,right,0.10937473922967911,0.3021358251571655,0.19707347452640533,0.24662072956562042,0.14479517936706543,1.5487985610961914,-1.0,474.0,321,2,190,0,0,0,100,100,0,0,0.0,100.0,0,,,False,0,False,not_reached,0.0,0.1
1051,4204,722,112,723,4,right+A+B,0.10946976393461227,0.3024671673774719,0.19582253694534302,0.24698157608509064,0.14525897800922394,1.5487699508666992,0.0,474.0,322,2,190,0,0,0,100,100,0,0,0.0,100.0,0,,,False,0,False,not_reached,0.0,0.1
1052,4208,722,106,723,1,right,0.10946628451347351,0.3011333644390106,0.20239777863025665,0.23906676471233368,0.14793582260608673,1.5517194271087646,0.0,474.0,323,2,190,0,0,0,100,100,0,0,0.0,100.0,0,,,False,0,False,not_reached,0.0,0.1
1053,4212,722,89,723,1,right,0.10932257771492004,0.3010808527469635,0.19736310839653015,0.2477695196866989,0.14446398615837097,1.5488539934158325,0.0,474.0,324,2,190,0,0,0,100,100,0,0,0.0,100.0,0,,,False,0,False,not_reached,0.0,0.1
1054,4216,722,79,723,1,right,0.10828156024217606,0.30263277888298035,0.1973172128200531,0.24932961165905,0.1424388885498047,1.5465686321258545,0.0,474.0,325,2,190,0,0,0,100,100,0,0,0.0,100.0,0,,,False,0,False,not_reached,0.0,0.1
1055,4220,722,79,723,3,right+B,0.10824734717607498,0.3022400736808777,0.1988535076379776,0.24884474277496338,0.14181435108184814,1.546617865562439,-1.0,473.0,326,2,189,0,0,0,100,100,0,0,0.0,100.0,0,,,False,0,False,not_reached,0.0,0.1
1056,4224,722,79,723,1,right,0.10804253816604614,0.3025716245174408,0.19620272517204285,0.252719521522522,0.14046360552310944,1.5449743270874023,0.0,473.0,327,2,189,0,0,0,100,100,0,0,0.0,100.0,0,,,False,0,False,not_reached,0.0,0.1
1057,4228,722,79,723,1,right,0.10802772641181946,0.30306920409202576,0.195388525724411,0.2522731423377991,0.14124137163162231,1.5451180934906006,0.0,473.0,328,2,189,0,0,0,100,100,0,0,0.0,100.0,0,,,False,0,False,not_reached,0.0,0.1
1058,4232,722,79,723,1,right,0.10869266092777252,0.3031933605670929,0.19366058707237244,0.25215262174606323,0.14230075478553772,1.545818567276001,0.0,473.0,329,2,189,0,0,0,100,100,0,0,0.0,100.0,0,,,False,0,False,not_reached,0.0,0.1
1059,4236,722,93,723,4,right+A+B,0.10873088240623474,0.3029080033302307,0.19475002586841583,0.2506375312805176,0.14297355711460114,1.5465664863586426,0.0,473.0,330,2,189,0,0,0,100,100,0,0,0.0,100.0,0,,,False,0,False,not_reached,0.0,0.1
1060,4240,722,109,723,4,right+A+B,0.10906317830085754,0.3021208941936493,0.19798389077186584,0.24429374933242798,0.14653825759887695,1.549656629562378,-1.0,472.0,331,2,188,0,0,0,100,100,0,0,0.0,100.0,0,,,False,0,False,not_reached,0.0,0.1
1061,4244,722,121,723,3,right+B,0.10928034037351608,0.30210089683532715,0.1966499239206314,0.24521702527999878,0.14675188064575195,1.5496584177017212,0.0,472.0,332,2,188,0,0,0,100,100,0,0,0.0,100.0,0,,,False,0,False,not_reached,0.0,0.1
1062,4248,722,122,723,3,right+B,0.10906399041414261,0.30331483483314514,0.20134204626083374,0.23696067929267883,0.14931847155094147,1.5513625144958496,0.0,472.0,333,2,188,0,0,0,100,100,0,0,0.0,100.0,0,,,False,0,False,not_reached,0.0,0.1
1063,4252,722,113,723,1,right,0.10894947499036789,0.30379921197891235,0.19780544936656952,0.24182622134685516,0.14761973917484283,1.5497026443481445,0.0,472.0,334,2,188,0,0,0,100,100,0,0,0.0,100.0,0,,,False,0,False,not_reached,0.0,0.1
1064,4256,722,94,723,2,right+A,0.1084948480129242,0.30419638752937317,0.1950950175523758,0.2478046864271164,0.14440909028053284,1.5469917058944702,0.0,472.0,335,2,188,0,0,0,100,100,0,0,0.0,100.0,0,,,False,0,False,not_reached,0.0,0.1
1065,4260,722,79,723,1,right,0.10838046669960022,0.3029659390449524,0.1949596256017685,0.2496424913406372,0.14405153691768646,1.5469143390655518,-1.0,471.0,336,2,187,0,0,0,100,100,0,0,0.0,100.0,0,,,False,0,False,not_reached,0.0,0.1
1066,4264,722,79,723,0,NOOP,0.10781095921993256,0.3031555712223053,0.1947418749332428,0.25329992175102234,0.1409916877746582,1.544605016708374,0.0,471.0,337,2,187,0,0,0,100,100,0,0,0.0,100.0,0,,,False,0,False,not_reached,0.0,0.1
1067,4268,722,79,723,1,right,0.1081468015909195,0.3026536703109741,0.19553127884864807,0.2537917494773865,0.13987646996974945,1.5445284843444824,0.0,471.0,338,2,187,0,0,0,100,100,0,0,0.0,100.0,0,,,False,0,False,not_reached,0.0,0.1
1068,4272,722,79,723,3,right+B,0.10813078284263611,0.30264192819595337,0.19696538150310516,0.25164809823036194,0.1406138837337494,1.5453141927719116,0.0,471.0,339,2,187,0,0,0,100,100,0,0,0.0,100.0,0,,,False,0,False,not_reached,0.0,0.1
1069,4276,722,79,723,1,right,0.10834081470966339,0.3033755421638489,0.19458483159542084,0.25369247794151306,0.14000637829303741,1.5443942546844482,0.0,471.0,340,2,187,0,0,0,100,100,0,0,0.0,100.0,0,,,False,0,False,not_reached,0.0,0.1
1070,4280,722,79,723,1,right,0.10868529230356216,0.30312490463256836,0.19520261883735657,0.2510886490345001,0.14189860224723816,1.5459928512573242,-1.0,470.0,341,2,186,0,0,0,100,100,0,0,0.0,100.0,0,,,False,0,False,not_reached,0.0,0.1
1071,4284,722,93,723,4,right+A+B,0.10885941982269287,0.30305591225624084,0.19453370571136475,0.2513156533241272,0.14223526418209076,1.5461736917495728,0.0,470.0,342,2,186,0,0,0,100,100,0,0,0.0,100.0,0,,,False,0,False,not_reached,0.0,0.1
1072,4288,722,108,723,1,right,0.10912389308214188,0.3022834062576294,0.19831477105617523,0.24344433844089508,0.1468336135149002,1.5498898029327393,0.0,470.0,343,2,186,0,0,0,100,100,0,0,0.0,100.0,0,,,False,0,False,not_reached,0.0,0.1
1073,4292,722,112,723,3,right+B,0.10924083739519119,0.30212411284446716,0.1984092742204666,0.24352525174617767,0.14670053124427795,1.5499696731567383,0.0,470.0,344,2,186,0,0,0,100,100,0,0,0.0,100.0,0,,,False,0,False,not_reached,0.0,0.1
1074,4296,722,106,723,3,right+B,0.10936281830072403,0.3011578321456909,0.20252853631973267,0.23838727176189423,0.14856359362602234,1.551953911781311,0.0,470.0,345,2,186,0,0,0,100,100,0,0,0.0,100.0,0,,,False,0,False,not_reached,0.0,0.1
1075,4300,722,89,723,4,right+A+B,0.10933378338813782,0.30113157629966736,0.19702373445034027,0.247045636177063,0.14546529948711395,1.5493111610412598,-1.0,469.0,346,2,185,0,0,0,100,100,0,0,0.0,100.0,0,,,False,0,False,not_reached,0.0,0.1
1076,4304,722,79,723,1,right,0.10849928110837936,0.30265703797340393,0.19765138626098633,0.24736742675304413,0.14382490515708923,1.5475845336914062,0.0,469.0,347,2,185,0,0,0,100,100,0,0,0.0,100.0,0,,,False,0,False,not_reached,0.0,0.1
1077,4308,722,79,723,3,right+B,0.10854478180408478,0.30225715041160583,0.19763100147247314,0.24883516132831573,0.14273189008235931,1.5470967292785645,0.0,469.0,348,2,185,0,0,0,100,100,0,0,0.0,100.0,0,,,False,0,False,not_reached,0.0,0.1
1078,4312,722,93,723,2,right+A,0.1079617291688919,0.3030220866203308,0.19448815286159515,0.25456756353378296,0.13996043801307678,1.5440794229507446,0.0,469.0,349,2,185,0,0,0,100,100,0,0,0.0,100.0,0,,,False,0,False,not_reached,0.0,0.1
1079,4316,722,108,723,1,right,0.10810030996799469,0.302900105714798,0.19748516380786896,0.2486833930015564,0.14283102750778198,1.546622633934021,0.0,469.0,350,2,185,0,0,0,100,100,0,0,0.0,100.0,0,,,False,0,False,not_reached,0.0,0.1
1080,4320,722,112,723,2,right+A,0.10836843401193619,0.3023696541786194,0.19413617253303528,0.2516428232192993,0.14348287880420685,1.5464917421340942,-1.0,468.0,351,2,184,0,0,0,100,100,0,0,0.0,100.0,0,,,False,0,False,not_reached,0.0,0.1
1081,4324,722,106,723,0,NOOP,0.1085754781961441,0.3019663095474243,0.19600194692611694,0.2491404116153717,0.14431586861610413,1.547668218612671,0.0,468.0,352,2,184,0,0,0,100,100,0,0,0.0,100.0,0,,,False,0,False,not_reached,0.0,0.1
1082,4328,722,89,723,3,right+B,0.10893667489290237,0.30224093794822693,0.18957608938217163,0.25759395956993103,0.14165228605270386,1.5446456670761108,0.0,468.0,353,2,184,0,0,0,100,100,0,0,0.0,100.0,0,,,False,0,False,not_reached,0.0,0.1
1083,4332,722,79,723,3,right+B,0.10837427526712418,0.3026966154575348,0.19155462086200714,0.2554393708705902,0.14193516969680786,1.5448431968688965,0.0,468.0,354,2,184,0,0,0,100,100,0,0,0.0,100.0,0,,,False,0,False,not_reached,0.0,0.1
1084,4336,722,79,723,1,right,0.10867486894130707,0.3021225035190582,0.19324034452438354,0.2537020146846771,0.14226022362709045,1.545859694480896,0.0,468.0,355,2,184,0,0,0,100,100,0,0,0.0,100.0,0,,,False,0,False,not_reached,0.0,0.1
1085,4340,722,79,723,3,right+B,0.1085849404335022,0.30183497071266174,0.1926255077123642,0.25512373447418213,0.14183087646961212,1.5454124212265015,-1.0,467.0,356,2,183,0,0,0,100,100,0,0,0.0,100.0,0,,,False,0,False,not_reached,0.0,0.1
1086,4344,722,79,723,3,right+B,0.10865604877471924,0.30326294898986816,0.19244110584259033,0.25414296984672546,0.1414969116449356,1.544979214668274,0.0,467.0,357,2,183,0,0,0,100,100,0,0,0.0,100.0,0,,,False,0,False,not_reached,0.0,0.1
1087,4348,722,79,723,1,right,0.10885382443666458,0.3041076064109802,0.1864595115184784,0.26138022541999817,0.13919882476329803,1.5417726039886475,0.0,467.0,358,2,183,0,0,0,100,100,0,0,0.0,100.0,0,,,False,0,False,not_reached,0.0,0.1
1088,4352,722,93,723,2,right+A,0.10872156918048859,0.30395498871803284,0.18946968019008636,0.2576010227203369,0.14025276899337769,1.5433049201965332,0.0,467.0,359,2,183,0,0,0,100,100,0,0,0.0,100.0,0,,,False,0,False,not_reached,0.0,0.1
1089,4356,722,108,723,1,right,0.10888070613145828,0.3022853434085846,0.1952124536037445,0.24861475825309753,0.14500673115253448,1.5480436086654663,0.0,467.0,360,2,183,0,0,0,100,100,0,0,0.0,100.0,0,,,False,0,False,not_reached,0.0,0.1
1090,4360,722,112,723,1,right,0.10897928476333618,0.3025677800178528,0.19178880751132965,0.25173646211624146,0.14492762088775635,1.5471495389938354,-1.0,466.0,361,2,182,0,0,0,100,100,0,0,0.0,100.0,0,,,False,0,False,not_reached,0.0,0.1
1091,4364,722,106,723,3,right+B,0.10921669751405716,0.30319955945014954,0.19426093995571136,0.24783264100551605,0.1454901099205017,1.5481665134429932,0.0,466.0,362,2,182,0,0,0,100,100,0,0,0.0,100.0,0,,,False,0,False,not_reached,0.0,0.1
1092,4368,722,89,723,1,right,0.10891362279653549,0.3026637136936188,0.1878610998392105,0.2582263946533203,0.14233523607254028,1.5444304943084717,0.0,466.0,363,2,182,0,0,0,100,100,0,0,0.0,100.0,0,,,False,0,False,not_reached,0.0,0.1
1093,4372,722,79,723,1,right,0.10814879834651947,0.30402567982673645,0.18504410982131958,0.26217126846313477,0.14061011373996735,1.541562557220459,0.0,466.0,364,2,182,0,0,0,100,100,0,0,0.0,100.0,0,,,False,0,False,not_reached,0.0,0.1
1094,4376,722,79,723,3,right+B,0.10876307636499405,0.3023695647716522,0.18971151113510132,0.2559283375740051,0.1432274878025055,1.5454446077346802,0.0,466.0,365,2,182,0,0,0,100,100,0,0,0.0,100.0,0,,,False,0,False,not_reached,0.0,0.1
1095,4380,722,93,723,2,right+A,0.10874578356742859,0.3037005066871643,0.1889144480228424,0.25732582807540894,0.14131349325180054,1.543837308883667,-1.0,465.0,366,2,181,0,0,0,100,100,0,0,0.0,100.0,0,,,False,0,False,not_reached,0.0,0.1
1096,4384,722,108,723,3,right+B,0.1096133291721344,0.3045947253704071,0.19143947958946228,0.24927176535129547,0.14508071541786194,1.5472757816314697,0.0,465.0,367,2,181,0,0,0,100,100,0,0,0.0,100.0,0,,,False,0,False,not_reached,0.0,0.1
1097,4388,722,112,723,2,right+A,0.10956992954015732,0.3034088909626007,0.19279277324676514,0.2487964779138565,0.14543190598487854,1.5480172634124756,0.0,465.0,368,2,181,0,0,0,100,100,0,0,0.0,100.0,0,,,False,0,False,not_reached,0.0,0.1
1098,4392,722,106,723,1,right,0.10936092585325241,0.30167466402053833,0.20104284584522247,0.23924963176250458,0.148671954870224,1.5516328811645508,0.0,465.0,369,2,181,0,0,0,100,100,0,0,0.0,100.0,0,,,False,0,False,not_reached,0.0,0.1
1099,4396,722,89,723,0,NOOP,0.10924284905195236,0.30159085988998413,0.19464023411273956,0.2486007809638977,0.14592526853084564,1.5488301515579224,0.0,465.0,370,2,181,0,0,0,100,100,0,0,0.0,100.0,0,,,False,0,False,not_reached,0.0,0.1
1100,4400,722,79,723,1,right,0.10914485901594162,0.3034176528453827,0.199454203248024,0.24101082980632782,0.14697246253490448,1.5499470233917236,-1.0,464.0,371,2,180,0,0,0,100,100,0,0,0.0,100.0,0,,,False,0,False,not_reached,0.0,0.1
1101,4404,722,79,723,1,right,0.10925870388746262,0.3056265115737915,0.1977025717496872,0.2427816390991211,0.14463061094284058,1.5479975938796997,0.0,464.0,372,2,180,0,0,0,100,100,0,0,0.0,100.0,0,,,False,0,False,not_reached,0.0,0.1
1102,4408,722,79,723,3,right+B,0.10891279578208923,0.30481424927711487,0.19873636960983276,0.24486689269542694,0.142669677734375,1.5470784902572632,0.0,464.0,373,2,180,0,0,0,100,100,0,0,0.0,100.0,0,,,False,0,False,not_reached,0.0,0.1
1103,4412,722,93,723,2,right+A,0.10888499766588211,0.3017781376838684,0.20929117500782013,0.23195874691009521,0.14808686077594757,1.5521117448806763,0.0,464.0,374,2,180,0,0,0,100,100,0,0,0.0,100.0,0,,,False,0,False,not_reached,0.0,0.1
1104,4416,722,109,723,4,right+A+B,0.109363853931427,0.3020525574684143,0.20547090470790863,0.23384541273117065,0.1492672711610794,1.552489995956421,0.0,464.0,375,2,180,0,0,0,100,100,0,0,0.0,100.0,0,,,False,0,False,not_reached,0.0,0.1
1105,4420,722,121,723,0,NOOP,0.10966338217258453,0.3039228618144989,0.19780012965202332,0.24161086976528168,0.14700274169445038,1.5499340295791626,-1.0,463.0,376,2,179,0,0,0,100,100,0,0,0.0,100.0,0,,,False,0,False,not_reached,0.0,0.1
1106,4424,722,122,723,2,right+A,0.10984150320291519,0.30599361658096313,0.20063792169094086,0.23397386074066162,0.1495530903339386,1.5512633323669434,0.0,463.0,377,2,179,0,0,0,100,100,0,0,0.0,100.0,0,,,False,0,False,not_reached,0.0,0.1
1107,4428,722,113,723,4,right+A+B,0.1089908629655838,0.3051127791404724,0.1974870264530182,0.24419577419757843,0.14421354234218597,1.5476362705230713,0.0,463.0,378,2,179,0,0,0,100,100,0,0,0.0,100.0,0,,,False,0,False,not_reached,0.0,0.1
1108,4432,722,94,723,3,right+B,0.10848769545555115,0.30444711446762085,0.19297616183757782,0.25227946043014526,0.14180952310562134,1.5449485778808594,0.0,463.0,379,2,179,0,0,0,100,100,0,0,0.0,100.0,0,,,False,0,False,not_reached,0.0,0.1
1109,4436,722,79,723,1,right,0.10850684344768524,0.30256178975105286,0.19399885833263397,0.25169646739959717,0.143235981464386,1.5463982820510864,0.0,463.0,380,2,179,0,0,0,100,100,0,0,0.0,100.0,0,,,False,0,False,not_reached,0.0,0.1
1110,4440,722,93,723,4,right+A+B,0.10868890583515167,0.30427560210227966,0.19307927787303925,0.25192323327064514,0.14203296601772308,1.5453060865402222,-1.0,462.0,381,2,178,0,0,0,100,100,0,0,0.0,100.0,0,,,False,0,False,not_reached,0.0,0.1
1111,4444,722,109,723,2,right+A,0.10954306274652481,0.3038918972015381,0.1925477534532547,0.25030964612960815,0.14370763301849365,1.5468956232070923,0.0,462.0,382,2,178,0,0,0,100,100,0,0,0.0,100.0,0,,,False,0,False,not_reached,0.0,0.1
1112,4448,722,122,723,4,right+A+B,0.11002080142498016,0.30100977420806885,0.19900134205818176,0.24152129888534546,0.14844676852226257,1.5518172979354858,0.0,462.0,383,2,178,0,0,0,100,100,0,0,0.0,100.0,0,,,False,0,False,not_reached,0.0,0.1
1113,4452,722,130,723,3,right+B,0.10931680351495743,0.30219587683677673,0.2111213654279709,0.22507061064243317,0.1522953361272812,1.5542335510253906,0.0,462.0,384,2,178,0,0,0,100,100,0,0,0.0,100.0,0,,,False,0,False,not_reached,0.0,0.1
1114,4456,722,129,723,2,right+A,0.10938307642936707,0.3060195744037628,0.20188862085342407,0.23750635981559753,0.1452023684978485,1.5490591526031494,0.0,462.0,385,2,178,0,0,0,100,100,0,0,0.0,100.0,0,,,False,0,False,not_reached,0.0,0.1
1115,4460,722,117,723,2,right+A,0.10817462205886841,0.304002046585083,0.19866351783275604,0.24320566654205322,0.1459541618824005,1.5483707189559937,-1.0,461.0,386,2,177,0,0,0,100,100,0,0,0.0,100.0,0,,,False,0,False,not_reached,0.0,0.1
1116,4464,722,97,723,2,right+A,0.10833268612623215,0.30371174216270447,0.204604834318161,0.23500046133995056,0.14835020899772644,1.5507409572601318,0.0,461.0,387,2,177,0,0,0,100,100,0,0,0.0,100.0,0,,,False,0,False,not_reached,0.0,0.1
1117,4468,722,79,723,1,right,0.10958219319581985,0.3041626513004303,0.19830931723117828,0.2422436773777008,0.14570219814777374,1.54926335811615,0.0,461.0,388,2,177,0,0,0,100,100,0,0,0.0,100.0,0,,,False,0,False,not_reached,0.0,0.1
1118,4472,722,79,723,3,right+B,0.10859234631061554,0.3035677671432495,0.19311270117759705,0.25111281871795654,0.14361430704593658,1.5462627410888672,0.0,461.0,389,2,177,0,0,0,100,100,0,0,0.0,100.0,0,,,False,0,False,not_reached,0.0,0.1
1119,4476,722,79,723,1,right,0.10962730646133423,0.3039514720439911,0.19590722024440765,0.24844123423099518,0.14207278192043304,1.5468823909759521,0.0,461.0,390,2,177,0,0,0,100,100,0,0,0.0,100.0,0,,,False,0,False,not_reached,0.0,0.1
1120,4480,722,79,723,3,right+B,0.10960051417350769,0.3044326603412628,0.19187375903129578,0.25358664989471436,0.14050635695457458,1.5448260307312012,-1.0,460.0,391,2,176,0,0,0,100,100,0,0,0.0,100.0,0,,,False,0,False,not_reached,0.0,0.1
1121,4484,722,79,723,3,right+B,0.10923658311367035,0.30421045422554016,0.192154198884964,0.2521103322505951,0.1422884464263916,1.545675277709961,0.0,460.0,392,2,176,0,0,0,100,100,0,0,0.0,100.0,0,,,False,0,False,not_reached,0.0,0.1
1122,4488,722,93,723,4,right+A+B,0.10937469452619553,0.3033981919288635,0.19698262214660645,0.24616645276546478,0.14407800137996674,1.5481351613998413,0.0,460.0,393,2,176,0,0,0,100,100,0,0,0.0,100.0,0,,,False,0,False,not_reached,0.0,0.1
1123,4492,722,109,723,4,right+A+B,0.1103842630982399,0.30194419622421265,0.2065618932247162,0.23050029575824738,0.15060925483703613,1.5539989471435547,0.0,460.0,394,2,176,0,0,0,100,100,0,0,0.0,100.0,0,,,False,0,False,not_reached,0.0,0.1
1124,4496,722,121,723,1,right,0.110318623483181,0.302090048789978,0.20877023041248322,0.22584593296051025,0.1529751420021057,1.5550826787948608,0.0,460.0,395,2,176,0,0,0,100,100,0,0,0.0,100.0,0,,,False,0,False,not_reached,0.0,0.1
1125,4500,722,122,723,3,right+B,0.10987693071365356,0.3048950731754303,0.20707182586193085,0.22630733251571655,0.15184883773326874,1.5533525943756104,-1.0,459.0,396,2,175,0,0,0,100,100,0,0,0.0,100.0,0,,,False,0,False,not_reached,0.0,0.1
1126,4504,722,113,723,1,right,0.1095045730471611,0.30501601099967957,0.20331452786922455,0.23305054008960724,0.14911429584026337,1.55146324634552,0.0,459.0,397,2,175,0,0,0,100,100,0,0,0.0,100.0,0,,,False,0,False,not_reached,0.0,0.1
1127,4508,722,94,723,3,right+B,0.10878164321184158,0.30439290404319763,0.1997976154088974,0.24230928719043732,0.14471854269504547,1.5483615398406982,0.0,459.0,398,2,175,0,0,0,100,100,0,0,0.0,100.0,0,,,False,0,False,not_reached,0.0,0.1
1128,4512,722,79,723,4,right+A+B,0.10832027345895767,0.30428075790405273,0.1923549473285675,0.2554079592227936,0.13963603973388672,1.5433826446533203,0.0,459.0,399,2,175,0,0,0,100,100,0,0,0.0,100.0,0,,,False,0,False,not_reached,0.0,0.1
1129,4516,722,79,723,3,right+B,0.10785889625549316,0.30417412519454956,0.18978020548820496,0.2606673538684845,0.13751932978630066,1.5409092903137207,0.0,459.0,400,2,175,0,0,0,100,100,0,0,0.0,100.0,0,,,False,0,False,not_reached,0.0,0.1
1130,4520,722,93,723,2,right+A,0.10936179012060165,0.3045516908168793,0.19203448295593262,0.2537500560283661,0.14030201733112335,1.5445276498794556,-1.0,458.0,401,2,174,0,0,0,100,100,0,0,0.0,100.0,0,,,False,0,False,not_reached,0.0,0.1
1131,4524,722,108,723,1,right,0.10948571562767029,0.30226099491119385,0.19406181573867798,0.24912835657596588,0.145063117146492,1.5482945442199707,0.0,458.0,402,2,174,0,0,0,100,100,0,0,0.0,100.0,0,,,False,0,False,not_reached,0.0,0.1
1132,4528,722,112,723,0,NOOP,0.11008075624704361,0.30197110772132874,0.19324727356433868,0.24727915227413177,0.1474216729402542,1.549882411956787,0.0,458.0,403,2,174,0,0,0,100,100,0,0,0.0,100.0,0,,,False,0,False,not_reached,0.0,0.1
1133,4532,722,106,723,1,right,0.11021114885807037,0.3014860451221466,0.197077676653862,0.24050317704677582,0.1507219672203064,1.552567720413208,0.0,458.0,404,2,174,0,0,0,100,100,0,0,0.0,100.0,0,,,False,0,False,not_reached,0.0,0.1
1134,4536,722,89,723,0,NOOP,0.11041699349880219,0.3016655445098877,0.18998998403549194,0.251406729221344,0.146520733833313,1.54888117313385,0.0,458.0,405,2,174,0,0,0,100,100,0,0,0.0,100.0,0,,,False,0,False,not_reached,0.0,0.1
1135,4540,722,79,723,2,right+A,0.1097041666507721,0.30277425050735474,0.1922145038843155,0.2485465556383133,0.1467604637145996,1.5488111972808838,-1.0,457.0,406,2,173,0,0,0,100,100,0,0,0.0,100.0,0,,,False,0,False,not_reached,0.0,0.1
1136,4544,722,79,723,1,right,0.10934427380561829,0.302835077047348,0.19315189123153687,0.25079962611198425,0.14386911690235138,1.5471808910369873,0.0,457.0,407,2,173,0,0,0,100,100,0,0,0.0,100.0,0,,,False,0,False,not_reached,0.0,0.1
1137,4548,722,93,723,2,right+A,0.10901778936386108,0.3035702407360077,0.1885083019733429,0.2593032121658325,0.1396004557609558,1.542922019958496,0.0,457.0,408,2,173,0,0,0,100,100,0,0,0.0,100.0,0,,,False,0,False,not_reached,0.0,0.1
1138,4552,722,109,723,2,right+A,0.10944593697786331,0.30317071080207825,0.19386065006256104,0.2500460147857666,0.1434766799211502,1.547165870666504,0.0,457.0,409,2,173,0,0,0,100,100,0,0,0.0,100.0,0,,,False,0,False,not_reached,0.0,0.1
1139,4556,722,121,723,1,right,0.10912539809942245,0.3028917908668518,0.19459755718708038,0.2502606213092804,0.14312468469142914,1.5469443798065186,0.0,457.0,410,2,173,0,0,0,100,100,0,0,0.0,100.0,0,,,False,0,False,not_reached,0.0,0.1
1140,4560,722,122,723,2,right+A,0.10895895957946777,0.3044103980064392,0.19770163297653198,0.24429164826869965,0.1446373462677002,1.5480340719223022,-1.0,456.0,411,2,172,0,0,0,100,100,0,0,0.0,100.0,0,,,False,0,False,not_reached,0.0,0.1
1141,4564,722,113,723,0,NOOP,0.10883425176143646,0.30440646409988403,0.1921404004096985,0.2513176202774048,0.14330127835273743,1.5458719730377197,0.0,456.0,412,2,172,0,0,0,100,100,0,0,0.0,100.0,0,,,False,0,False,not_reached,0.0,0.1
1142,4568,722,94,723,3,right+B,0.10872097313404083,0.3044907748699188,0.19015955924987793,0.2546803653240204,0.14194832742214203,1.544429898262024,0.0,456.0,413,2,172,0,0,0,100,100,0,0,0.0,100.0,0,,,False,0,False,not_reached,0.0,0.1
1143,4572,722,79,723,4,right+A+B,0.10857332497835159,0.30361807346343994,0.187616765499115,0.25922319293022156,0.14096863567829132,1.5430824756622314,0.0,456.0,414,2,172,0,0,0,100,100,0,0,0.0,100.0,0,,,False,0,False,not_reached,0.0,0.1
1144,4576,722,79,723,2,right+A,0.10844000428915024,0.30347955226898193,0.18946661055088043,0.2585090398788452,0.14010486006736755,1.543047547340393,0.0,456.0,415,2,172,0,0,0,100,100,0,0,0.0,100.0,0,,,False,0,False,not_reached,0.0,0.1
1145,4580,722,79,723,2,right+A,0.10903601348400116,0.30280575156211853,0.1918874979019165,0.2556403577327728,0.14063040912151337,1.544712781906128,-1.0,455.0,416,2,171,0,0,0,100,100,0,0,0.0,100.0,0,,,False,0,False,not_reached,0.0,0.1
1146,4584,722,79,723,4,right+A+B,0.10894711315631866,0.3024575412273407,0.1957419067621231,0.2506772577762604,0.14217619597911835,1.546629786491394,0.0,455.0,417,2,171,0,0,0,100,100,0,0,0.0,100.0,0,,,False,0,False,not_reached,0.0,0.1
1147,4588,722,79,723,3,right+B,0.10915232449769974,0.30323413014411926,0.1949482560157776,0.2512565851211548,0.14140862226486206,1.5460176467895508,0.0,455.0,418,2,171,0,0,0,100,100,0,0,0.0,100.0,0,,,False,0,False,not_reached,0.0,0.1
1148,4592,722,93,723,4,right+A+B,0.10918796062469482,0.30342045426368713,0.19549140334129333,0.2504923343658447,0.1414077877998352,1.5461477041244507,0.0,455.0,419,2,171,0,0,0,100,100,0,0,0.0,100.0,0,,,False,0,False,not_reached,0.0,0.1
1149,4596,722,109,723,4,right+A+B,0.1092330664396286,0.3020882308483124,0.19980375468730927,0.2439495027065277,0.14492547512054443,1.5493414402008057,0.0,455.0,420,2,171,0,0,0,100,100,0,0,0.0,100.0,0,,,False,0,False,not_reached,0.0,0.1
1150,4600,722,121,723,1,right,0.1092497706413269,0.3026781976222992,0.1979154795408249,0.24679744243621826,0.14335905015468597,1.5480011701583862,-1.0,454.0,421,2,170,0,0,0,100,100,0,0,0.0,100.0,0,,,False,0,False,not_reached,0.0,0.1
1151,4604,722,122,723,0,NOOP,0.10880856961011887,0.3038191795349121,0.2040020376443863,0.2372581511735916,0.1461120843887329,1.5499391555786133,0.0,454.0,422,2,170,0,0,0,100,100,0,0,0.0,100.0,0,,,False,0,False,not_reached,0.0,0.1
1152,4608,722,113,723,4,right+A+B,0.10866913199424744,0.3040038049221039,0.19954033195972443,0.24347816407680511,0.14430859684944153,1.5480955839157104,0.0,454.0,423,2,170,0,0,0,100,100,0,0,0.0,100.0,0,,,False,0,False,not_reached,0.0,0.1
1153,4612,722,94,723,4,right+A+B,0.10837369412183762,0.30464157462120056,0.19423672556877136,0.25125545263290405,0.1414925456047058,1.54496431350708,0.0,454.0,424,2,170,0,0,0,100,100,0,0,0.0,100.0,0,,,False,0,False,not_reached,0.0,0.1
1154,4616,722,79,723,0,NOOP,0.10875096172094345,0.30332258343696594,0.19398842751979828,0.2512693703174591,0.14266866445541382,1.5461384057998657,0.0,454.0,425,2,170,0,0,0,100,100,0,0,0.0,100.0,0,,,False,0,False,not_reached,0.0,0.1
1155,4620,722,79,723,1,right,0.10849568247795105,0.30318814516067505,0.19390878081321716,0.2532346546649933,0.14117276668548584,1.5450669527053833,-1.0,453.0,426,2,169,0,0,0,100,100,0,0,0.0,100.0,0,,,False,0,False,not_reached,0.0,0.1
1156,4624,722,79,723,1,right,0.10914889723062515,0.3024263083934784,0.1934017539024353,0.25349053740501404,0.1415325403213501,1.5458285808563232,0.0,453.0,427,2,169,0,0,0,100,100,0,0,0.0,100.0,0,,,False,0,False,not_reached,0.0,0.1
1157,4628,722,79,723,1,right,0.10902849584817886,0.3020918667316437,0.1962307095527649,0.24956871569156647,0.14308016002178192,1.5473934412002563,0.0,453.0,428,2,169,0,0,0,100,100,0,0,0.0,100.0,0,,,False,0,False,not_reached,0.0,0.1
1158,4632,722,79,723,3,right+B,0.10883434116840363,0.30237066745758057,0.19638928771018982,0.24908564984798431,0.14332009851932526,1.5473500490188599,0.0,453.0,429,2,169,0,0,0,100,100,0,0,0.0,100.0,0,,,False,0,False,not_reached,0.0,0.1
1159,4636,722,79,723,3,right+B,0.109013631939888,0.3028239607810974,0.19530647993087769,0.2501443028450012,0.14271163940429688,1.5468100309371948,0.0,453.0,430,2,169,0,0,0,100,100,0,0,0.0,100.0,0,,,False,0,False,not_reached,0.0,0.1
1160,4640,722,93,723,4,right+A+B,0.10891825705766678,0.30284884572029114,0.19512371718883514,0.2502247095108032,0.14288444817066193,1.5467774868011475,-1.0,452.0,431,2,168,0,0,0,100,100,0,0,0.0,100.0,0,,,False,0,False,not_reached,0.0,0.1
1161,4644,722,108,723,3,right+B,0.10891344398260117,0.3019495904445648,0.19895286858081818,0.2440430223941803,0.14614102244377136,1.5495696067810059,0.0,452.0,432,2,168,0,0,0,100,100,0,0,0.0,100.0,0,,,False,0,False,not_reached,0.0,0.1
1162,4648,722,112,723,1,right,0.10876774042844772,0.3022572696208954,0.19866248965263367,0.24469271302223206,0.1456196904182434,1.5490578413009644,0.0,452.0,433,2,168,0,0,0,100,100,0,0,0.0,100.0,0,,,False,0,False,not_reached,0.0,0.1
1163,4652,722,106,723,2,right+A,0.10875169932842255,0.30117812752723694,0.2036276012659073,0.23924103379249573,0.14720158278942108,1.5509953498840332,0.0,452.0,434,2,168,0,0,0,100,100,0,0,0.0,100.0,0,,,False,0,False,not_reached,0.0,0.1
1164,4656,722,89,723,1,right,0.10869672149419785,0.30127036571502686,0.19703830778598785,0.24936069548130035,0.14363393187522888,1.5477735996246338,0.0,452.0,435,2,168,0,0,0,100,100,0,0,0.0,100.0,0,,,False,0,False,not_reached,0.0,0.1
1165,4660,722,79,723,1,right,0.10805452615022659,0.3030816614627838,0.1958916038274765,0.25074341893196106,0.14222876727581024,1.5458312034606934,-1.0,451.0,436,2,167,0,0,0,100,100,0,0,0.0,100.0,0,,,False,0,False,not_reached,0.0,0.1
1166,4664,722,79,723,1,right,0.10868240892887115,0.30256110429763794,0.19759666919708252,0.24837695062160492,0.14278294146060944,1.5471715927124023,0.0,451.0,437,2,167,0,0,0,100,100,0,0,0.0,100.0,0,,,False,0,False,not_reached,0.0,0.1
1167,4668,722,79,723,3,right+B,0.10865939408540726,0.30269262194633484,0.19566097855567932,0.2515335977077484,0.14145344495773315,1.5459123849868774,0.0,451.0,438,2,167,0,0,0,100,100,0,0,0.0,100.0,0,,,False,0,False,not_reached,0.0,0.1
1168,4672,722,79,723,0,NOOP,0.10880470275878906,0.3029381334781647,0.1979835480451584,0.2473926991224289,0.14288081228733063,1.5473382472991943,0.0,451.0,439,2,167,0,0,0,100,100,0,0,0.0,100.0,0,,,False,0,False,not_reached,0.0,0.1
1169,4676,722,79,723,1,right,0.1091020405292511,0.3027609884738922,0.19747307896614075,0.24757787585258484,0.1430860310792923,1.5476160049438477,0.0,451.0,440,2,167,0,0,0,100,100,0,0,0.0,100.0,0,,,False,0,False,not_reached,0.0,0.1
1170,4680,722,79,723,1,right,0.10898028314113617,0.30272430181503296,0.19720563292503357,0.24815614521503448,0.14293362200260162,1.5473785400390625,-1.0,450.0,441,2,166,0,0,0,100,100,0,0,0.0,100.0,0,,,False,0,False,not_reached,0.0,0.1
1171,4684,722,79,723,1,right,0.10891097038984299,0.3027417063713074,0.1965901255607605,0.24932828545570374,0.142428919672966,1.54689359664917,0.0,450.0,442,2,166,0,0,0,100,100,0,0,0.0,100.0,0,,,False,0,False,not_reached,0.0,0.1
1172,4688,722,79,723,3,right+B,0.1087632104754448,0.3026786148548126,0.19774138927459717,0.24801717698574066,0.14279961585998535,1.5472573041915894,0.0,450.0,443,2,166,0,0,0,100,100,0,0,0.0,100.0,0,,,False,0,False,not_reached,0.0,0.1
1173,4692,722,93,723,2,right+A,0.10881204158067703,0.302925169467926,0.1972508281469345,0.24860993027687073,0.1424020230770111,1.5469156503677368,0.0,450.0,444,2,166,0,0,0,100,100,0,0,0.0,100.0,0,,,False,0,False,not_reached,0.0,0.1
1174,4696,722,108,723,0,NOOP,0.10869966447353363,0.3024485111236572,0.1993219405412674,0.24436751008033752,0.14516228437423706,1.5488600730895996,0.0,450.0,445,2,166,0,0,0,100,100,0,0,0.0,100.0,0,,,False,0,False,not_reached,0.0,0.1
1175,4700,722,112,723,3,right+B,0.1086476519703865,0.30259692668914795,0.19986271858215332,0.24401648342609406,0.14487621188163757,1.5487463474273682,-1.0,449.0,446,2,165,0,0,0,100,100,0,0,0.0,100.0,0,,,False,0,False,not_reached,0.0,0.1
1176,4704,722,106,723,1,right,0.108829066157341,0.30169934034347534,0.2014722377061844,0.24240858852863312,0.14559082686901093,1.5497651100158691,0.0,449.0,447,2,165,0,0,0,100,100,0,0,0.0,100.0,0,,,False,0,False,not_reached,0.0,0.1
1177,4708,722,89,723,1,right,0.10869742184877396,0.30195513367652893,0.19341139495372772,0.2540924549102783,0.14184369146823883,1.5457128286361694,0.0,449.0,448,2,165,0,0,0,100,100,0,0,0.0,100.0,0,,,False,0,False,not_reached,0.0,0.1
1178,4712,722,79,723,1,right,0.10818009823560715,0.30331358313560486,0.19384236633777618,0.25313106179237366,0.14153291285037994,1.544968605041504,0.0,449.0,449,2,165,0,0,0,100,100,0,0,0.0,100.0,0,,,False,0,False,not_reached,0.0,0.1
1179,4716,722,79,723,1,right,0.1085754781961441,0.3023855984210968,0.19440656900405884,0.2527526915073395,0.14187969267368317,1.545821189880371,0.0,449.0,450,2,165,0,0,0,100,100,0,0,0.0,100.0,0,,,False,0,False,not_reached,0.0,0.1
1180,4720,722,79,723,3,right+B,0.10846366733312607,0.30320629477500916,0.1912594586610794,0.25751015543937683,0.13956040143966675,1.5433239936828613,-1.0,448.0,451,2,164,0,0,0,100,100,0,0,0.0,100.0,0,,,False,0,False,not_reached,0.0,0.1
1181,4724,722,79,723,1,right,0.10851965099573135,0.30347940325737,0.19124095141887665,0.2569272816181183,0.13983269035816193,1.543487787246704,0.0,448.0,452,2,164,0,0,0,100,100,0,0,0.0,100.0,0,,,False,0,False,not_reached,0.0,0.1
1182,4728,722,79,723,3,right+B,0.10881290584802628,0.3030219078063965,0.19086988270282745,0.25642624497413635,0.14086903631687164,1.5443322658538818,0.0,448.0,453,2,164,0,0,0,100,100,0,0,0.0,100.0,0,,,False,0,False,not_reached,0.0,0.1
1183,4732,722,93,723,2,right+A,0.10880833119153976,0.30247461795806885,0.19215263426303864,0.2545936703681946,0.1419707089662552,1.5454425811767578,0.0,448.0,454,2,164,0,0,0,100,100,0,0,0.0,100.0,0,,,False,0,False,not_reached,0.0,0.1
1184,4736,722,109,723,2,right+A,0.10901933163404465,0.30160000920295715,0.19606582820415497,0.24803516268730164,0.1452796906232834,1.5486420392990112,0.0,448.0,455,2,164,0,0,0,100,100,0,0,0.0,100.0,0,,,False,0,False,not_reached,0.0,0.1
1185,4740,722,122,723,2,right+A,0.10926467925310135,0.3028334379196167,0.19254276156425476,0.2516069710254669,0.14375215768814087,1.5468887090682983,-1.0,447.0,456,2,163,0,0,0,100,100,0,0,0.0,100.0,0,,,False,0,False,not_reached,0.0,0.1
1186,4744,722,132,723,2,right+A,0.10885456949472427,0.30500438809394836,0.19538746774196625,0.24659594893455505,0.1441575437784195,1.547052025794983,0.0,447.0,457,2,163,0,0,0,100,100,0,0,0.0,100.0,0,,,False,0,False,not_reached,0.0,0.1
1187,4748,723,139,723,2,right+A,0.10823285579681396,0.3049415647983551,0.19032785296440125,0.2567983865737915,0.1396992951631546,1.5426400899887085,0.0,447.0,458,2,163,0,0,0,100,100,0,0,0.0,100.0,0,,,False,0,False,not_reached,0.0,0.1
1188,4752,724,143,724,1,right,0.10809658467769623,0.30254361033439636,0.19198723137378693,0.25398969650268555,0.14338287711143494,1.5455938577651978,1.0,448.0,0,2,163,0,0,0,100,100,0,0,0.0,100.0,0,,,False,0,False,not_reached,0.0,0.1
1189,4756,727,157,727,2,right+A,0.10883703827857971,0.3012796640396118,0.18876977264881134,0.25638070702552795,0.14473281800746918,1.5462690591812134,3.0,451.0,0,2,163,0,0,0,100,100,0,0,0.0,100.0,0,,,False,0,False,not_reached,0.0,0.1
1190,4760,731,172,731,1,right,0.10903644561767578,0.302616685628891,0.18720002472400665,0.25735005736351013,0.14379678666591644,1.5451939105987549,3.0,454.0,0,2,162,0,0,0,100,100,0,0,0.0,100.0,0,,,False,0,False,not_reached,0.0,0.1
1191,4764,736,176,736,1,right,0.1085856705904007,0.3020287752151489,0.17473936080932617,0.2772769331932068,0.13736923038959503,1.5358713865280151,5.0,459.0,0,2,162,0,0,0,100,100,0,0,0.0,100.0,0,,,False,0,False,not_reached,0.0,0.1
1192,4768,742,170,742,1,right,0.10909977555274963,0.3080212473869324,0.16073311865329742,0.2850520610809326,0.13709382712841034,1.5284351110458374,6.0,465.0,0,2,162,0,0,0,100,100,0,0,0.0,100.0,0,,,False,0,False,not_reached,0.0,0.1
1193,4772,748,153,748,0,NOOP,0.11152788996696472,0.30688363313674927,0.16577307879924774,0.2741984724998474,0.14161686599254608,1.536663293838501,6.0,471.0,0,2,162,0,0,0,100,100,0,0,0.0,100.0,0,,,False,0,False,not_reached,0.0,0.1
1194,4776,755,143,755,1,right,0.11055995523929596,0.3047676086425781,0.16829435527324677,0.26881369948387146,0.1475643515586853,1.5410223007202148,7.0,478.0,0,2,162,0,0,0,100,100,0,0,0.0,100.0,0,,,False,0,False,not_reached,0.0,0.1
1195,4780,762,157,762,4,right+A+B,0.11232389509677887,0.3103448152542114,0.16534745693206787,0.26045432686805725,0.15152955055236816,1.5426127910614014,6.0,484.0,0,2,161,0,0,0,100,100,0,0,0.0,100.0,0,,,False,0,False,not_reached,0.0,0.1
1196,4784,769,172,769,3,right+B,0.11409132182598114,0.3179876506328583,0.1882125437259674,0.22168774902820587,0.15802079439163208,1.551868200302124,7.0,491.0,0,2,161,0,0,0,100,100,0,0,0.0,100.0,0,,,False,0,False,not_reached,0.0,0.1
1197,4788,776,178,776,3,right+B,0.11191872507333755,0.3196019232273102,0.20618650317192078,0.19072838127613068,0.17156445980072021,1.5536785125732422,7.0,498.0,0,2,161,0,0,0,100,100,0,0,0.0,100.0,0,,,False,0,False,not_reached,0.0,0.1
1198,4792,783,176,783,2,right+A,0.11090410500764847,0.3077180087566376,0.22096139192581177,0.1800011247396469,0.18041540682315826,1.5577807426452637,7.0,505.0,0,2,161,0,0,0,100,100,0,0,0.0,100.0,0,,,False,0,False,not_reached,0.0,0.1
1199,4796,790,164,790,3,right+B,0.11428868025541306,0.30760177969932556,0.21933217346668243,0.17897023260593414,0.1798071414232254,1.5597562789916992,7.0,512.0,0,2,161,0,0,0,100,100,0,0,0.0,100.0,0,,,False,0,False,not_reached,0.0,0.1
1200,4800,797,143,797,2,right+A,0.11493396759033203,0.29648080468177795,0.2590232193470001,0.14465108513832092,0.18491093814373016,1.5507800579071045,6.0,518.0,0,2,160,0,0,0,100,100,0,0,0.0,100.0,0,,,False,0,False,not_reached,0.0,0.1
1201,4804,804,123,804,1,right,0.11603613197803497,0.30812889337539673,0.21915394067764282,0.18011996150016785,0.17656108736991882,1.5602591037750244,7.0,525.0,0,2,160,0,0,0,100,100,0,0,0.0,100.0,0,,,False,0,False,not_reached,0.0,0.1
1202,4808,811,103,811,2,right+A,0.11874236166477203,0.30997106432914734,0.222201406955719,0.18178655207157135,0.16729867458343506,1.5593645572662354,7.0,532.0,0,2,160,0,0,0,100,100,0,0,0.0,100.0,0,,,False,0,False,not_reached,0.0,0.1
1203,4812,818,83,818,1,right,0.11716267466545105,0.3148731291294098,0.22240959107875824,0.1759728640317917,0.16958171129226685,1.5560649633407593,7.0,539.0,0,2,160,0,0,0,100,100,0,0,0.0,100.0,0,,,False,0,False,not_reached,0.0,0.1
1204,4816,825,93,825,2,right+A,0.11993660777807236,0.3084077537059784,0.22117848694324493,0.17502011358737946,0.17545704543590546,1.5612547397613525,7.0,546.0,0,2,160,0,0,0,100,100,0,0,0.0,100.0,0,,,False,0,False,not_reached,0.0,0.1
1205,4820,832,108,832,1,right,0.11875941604375839,0.31354647874832153,0.17496976256370544,0.2441956102848053,0.14852873980998993,1.5491905212402344,6.0,552.0,0,2,159,0,0,0,100,100,0,0,0.0,100.0,0,,,False,0,False,not_reached,0.0,0.1
1206,4824,839,114,839,4,right+A+B,0.11509796977043152,0.3022826910018921,0.20880386233329773,0.21503204107284546,0.15878348052501678,1.5602422952651978,7.0,559.0,0,2,159,0,0,0,100,100,0,0,0.0,100.0,0,,,False,0,False,not_reached,0.0,0.1
1207,4828,846,112,846,2,right+A,0.11167614907026291,0.3043616712093353,0.19597165286540985,0.23077444732189178,0.1572161167860031,1.555511474609375,7.0,566.0,0,2,159,0,0,0,100,100,0,0,0.0,100.0,0,,,False,0,False,not_reached,0.0,0.1
1208,4832,853,100,853,1,right,0.11400207132101059,0.30561503767967224,0.2078581005334854,0.18164370954036713,0.1908811628818512,1.5623193979263306,7.0,573.0,0,2,159,0,0,0,100,100,0,0,0.0,100.0,0,,,False,0,False,not_reached,0.0,0.1
1209,4836,860,79,860,1,right,0.11020755022764206,0.29640400409698486,0.227704256772995,0.17458713054656982,0.19109705090522766,1.5613960027694702,7.0,580.0,0,2,159,0,0,0,100,100,0,0,0.0,100.0,0,,,False,0,False,not_reached,0.0,0.1
1210,4840,867,79,867,1,right,0.10492078214883804,0.27254021167755127,0.28826630115509033,0.11436126381158829,0.21991144120693207,1.5304516553878784,6.0,586.0,0,2,158,0,0,0,100,100,0,0,0.0,100.0,0,,,False,0,False,not_reached,0.0,0.1
1211,4844,874,79,874,1,right,0.10328583419322968,0.2549324035644531,0.31157633662223816,0.08441030234098434,0.24579504132270813,1.4998297691345215,7.0,593.0,0,2,158,0,0,0,100,100,0,0,0.0,100.0,0,,,False,0,False,not_reached,0.0,0.1
1212,4848,881,79,881,1,right,0.09305077791213989,0.21782398223876953,0.3677053153514862,0.053487379103899,0.2679325044155121,1.4303171634674072,7.0,600.0,0,2,158,0,0,0,100,100,0,0,0.0,100.0,0,,,False,0,False,not_reached,0.0,0.1
1213,4852,888,93,888,4,right+A+B,0.08605603128671646,0.19386139512062073,0.41037583351135254,0.038963548839092255,0.2707432508468628,1.374830722808838,7.0,607.0,0,2,158,0,0,0,100,100,0,0,0.0,100.0,0,,,False,0,False,not_reached,0.0,0.1
1214,4856,895,109,895,2,right+A,0.10379831492900848,0.25766098499298096,0.32792147994041443,0.07116157561540604,0.23945768177509308,1.4805196523666382,7.0,614.0,0,2,158,0,0,0,100,100,0,0,0.0,100.0,0,,,False,0,False,not_reached,0.0,0.1
1215,4860,898,123,898,2,right+A,0.11079715937376022,0.29264870285987854,0.29308509826660156,0.09810801595449448,0.20536097884178162,1.5159220695495605,2.0,616.0,0,2,157,0,0,0,100,100,0,0,0.0,100.0,0,,,False,0,False,not_reached,0.0,0.1
1216,4864,898,133,898,2,right+A,0.1161048412322998,0.34016165137290955,0.21448101103305817,0.16669310629367828,0.16255943477153778,1.540984034538269,0.0,616.0,1,2,157,0,0,0,100,100,0,0,0.0,100.0,0,,,False,0,False,not_reached,0.0,0.1
1217,4868,898,139,898,1,right,0.1143745481967926,0.3661572337150574,0.15949225425720215,0.22769884765148163,0.13227708637714386,1.5131709575653076,0.0,616.0,2,2,157,0,0,0,100,100,0,0,0.0,100.0,0,,,False,0,False,not_reached,0.0,0.1
1218,4872,899,137,899,3,right+B,0.11588158458471298,0.3560269773006439,0.1418319195508957,0.2564943730831146,0.12976516783237457,1.5084295272827148,1.0,617.0,0,2,157,0,0,0,100,100,0,0,0.0,100.0,0,,,False,0,False,not_reached,0.0,0.1
1219,4876,898,126,899,4,right+A+B,0.1170731857419014,0.3590991497039795,0.14381910860538483,0.25241756439208984,0.12759099900722504,1.5079808235168457,0.0,617.0,1,2,157,0,0,0,100,100,0,0,0.0,100.0,0,,,False,0,False,not_reached,0.0,0.1
1220,4880,898,107,899,4,right+A+B,0.11523328721523285,0.35720914602279663,0.139841690659523,0.265463262796402,0.12225271016359329,1.5008342266082764,-1.0,616.0,2,2,156,0,0,0,100,100,0,0,0.0,100.0,0,,,False,0,False,not_reached,0.0,0.1
1221,4884,898,87,899,1,right,0.11543653160333633,0.3580213189125061,0.1429102122783661,0.26004812121391296,0.12358375638723373,1.5036640167236328,0.0,616.0,3,2,156,0,0,0,100,100,0,0,0.0,100.0,0,,,False,0,False,not_reached,0.0,0.1
1222,4888,898,79,899,3,right+B,0.11580192297697067,0.35707688331604004,0.1472560167312622,0.25495484471321106,0.12491035461425781,1.5077269077301025,0.0,616.0,4,2,156,0,0,0,100,100,0,0,0.0,100.0,0,,,False,0,False,not_reached,0.0,0.1
1223,4892,898,79,899,1,right,0.11432668566703796,0.3558533489704132,0.1420966535806656,0.26663193106651306,0.12109138816595078,1.5009925365447998,0.0,616.0,5,2,156,0,0,0,100,100,0,0,0.0,100.0,0,,,False,0,False,not_reached,0.0,0.1
1224,4896,898,79,899,3,right+B,0.11477147042751312,0.3563680648803711,0.1440470814704895,0.2619324326515198,0.12288092076778412,1.503791332244873,0.0,616.0,6,2,156,0,0,0,100,100,0,0,0.0,100.0,0,,,False,0,False,not_reached,0.0,0.1
1225,4900,898,79,899,3,right+B,0.1154712438583374,0.3579135835170746,0.14623217284679413,0.2539924085140228,0.12639054656028748,1.5076624155044556,-1.0,615.0,7,2,155,0,0,0,100,100,0,0,0.0,100.0,0,,,False,0,False,not_reached,0.0,0.1
1226,4904,898,79,899,1,right,0.11614760756492615,0.35864073038101196,0.1466590017080307,0.2509043216705322,0.12764833867549896,1.5090312957763672,0.0,615.0,8,2,155,0,0,0,100,100,0,0,0.0,100.0,0,,,False,0,False,not_reached,0.0,0.1
1227,4908,898,93,899,2,right+A,0.11667995154857635,0.3601263165473938,0.14668239653110504,0.24881866574287415,0.12769269943237305,1.5089404582977295,0.0,615.0,9,2,155,0,0,0,100,100,0,0,0.0,100.0,0,,,False,0,False,not_reached,0.0,0.1
1228,4912,898,108,899,3,right+B,0.11811135709285736,0.36247745156288147,0.14990010857582092,0.2391870617866516,0.13032403588294983,1.5123436450958252,0.0,615.0,10,2,155,0,0,0,100,100,0,0,0.0,100.0,0,,,False,0,False,not_reached,0.0,0.1
1229,4916,898,112,899,2,right+A,0.11756914108991623,0.3619283139705658,0.14753028750419617,0.24618779122829437,0.12678445875644684,1.5087621212005615,0.0,615.0,11,2,155,0,0,0,100,100,0,0,0.0,100.0,0,,,False,0,False,not_reached,0.0,0.1
1230,4920,898,106,899,1,right,0.11629141122102737,0.3583235442638397,0.14399230480194092,0.25651243329048157,0.12488023191690445,1.505835771560669,-1.0,614.0,12,2,154,0,0,0,100,100,0,0,0.0,100.0,0,,,False,0,False,not_reached,0.0,0.1
1231,4924,898,89,899,3,right+B,0.11638762801885605,0.35653582215309143,0.14186155796051025,0.2608311176300049,0.12438393384218216,1.5048645734786987,0.0,614.0,13,2,154,0,0,0,100,100,0,0,0.0,100.0,0,,,False,0,False,not_reached,0.0,0.1
1232,4928,898,79,899,3,right+B,0.1165553405880928,0.35764390230178833,0.14502400159835815,0.2552051246166229,0.1255716234445572,1.5073554515838623,0.0,614.0,14,2,154,0,0,0,100,100,0,0,0.0,100.0,0,,,False,0,False,not_reached,0.0,0.1
1233,4932,898,93,899,4,right+A+B,0.11611996591091156,0.3600240647792816,0.14523983001708984,0.2555773854255676,0.12303883582353592,1.5045018196105957,0.0,614.0,15,2,154,0,0,0,100,100,0,0,0.0,100.0,0,,,False,0,False,not_reached,0.0,0.1
1234,4936,898,108,899,1,right,0.1161428764462471,0.35966774821281433,0.15012496709823608,0.248677596449852,0.1253867745399475,1.508921504020691,0.0,614.0,16,2,154,0,0,0,100,100,0,0,0.0,100.0,0,,,False,0,False,not_reached,0.0,0.1
1235,4940,898,112,899,2,right+A,0.11726617813110352,0.35940784215927124,0.15620841085910797,0.23651593923568726,0.1306016594171524,1.515977382659912,-1.0,613.0,17,2,153,0,0,0,100,100,0,0,0.0,100.0,0,,,False,0,False,not_reached,0.0,0.1
1236,4944,898,106,899,1,right,0.11759872734546661,0.360304057598114,0.15415450930595398,0.23656116425991058,0.131381556391716,1.515429139137268,0.0,613.0,18,2,153,0,0,0,100,100,0,0,0.0,100.0,0,,,False,0,False,not_reached,0.0,0.1
1237,4948,898,89,899,3,right+B,0.11896742880344391,0.3641851246356964,0.15267720818519592,0.23360131680965424,0.13056893646717072,1.5135854482650757,0.0,613.0,19,2,153,0,0,0,100,100,0,0,0.0,100.0,0,,,False,0,False,not_reached,0.0,0.1
1238,4952,898,79,899,1,right,0.11909156292676926,0.36446088552474976,0.15176844596862793,0.2342631071805954,0.13041603565216064,1.5130674839019775,0.0,613.0,20,2,153,0,0,0,100,100,0,0,0.0,100.0,0,,,False,0,False,not_reached,0.0,0.1
1239,4956,898,79,899,1,right,0.11896802484989166,0.36386412382125854,0.14954747259616852,0.2385236918926239,0.12909667193889618,1.511448621749878,0.0,613.0,21,2,153,0,0,0,100,100,0,0,0.0,100.0,0,,,False,0,False,not_reached,0.0,0.1
1240,4960,898,79,899,1,right,0.11800885945558548,0.3622451424598694,0.14958925545215607,0.24034227430820465,0.12981444597244263,1.5119088888168335,-1.0,612.0,22,2,152,0,0,0,100,100,0,0,0.0,100.0,0,,,False,0,False,not_reached,0.0,0.1
1241,4964,898,79,899,3,right+B,0.11900503188371658,0.3640519678592682,0.15096169710159302,0.23427636921405792,0.13170486688613892,1.5135853290557861,0.0,612.0,23,2,152,0,0,0,100,100,0,0,0.0,100.0,0,,,False,0,False,not_reached,0.0,0.1
1242,4968,898,79,899,3,right+B,0.12010937929153442,0.366131991147995,0.15517370402812958,0.22349819540977478,0.1350867748260498,1.5168514251708984,0.0,612.0,24,2,152,0,0,0,100,100,0,0,0.0,100.0,0,,,False,0,False,not_reached,0.0,0.1
1243,4972,898,79,899,1,right,0.12057287991046906,0.3665241301059723,0.15518350899219513,0.22191567718982697,0.13580380380153656,1.5173015594482422,0.0,612.0,25,2,152,0,0,0,100,100,0,0,0.0,100.0,0,,,False,0,False,not_reached,0.0,0.1
1244,4976,898,93,899,4,right+A+B,0.11963701248168945,0.364280641078949,0.15513193607330322,0.22547931969165802,0.13547104597091675,1.5176351070404053,0.0,612.0,26,2,152,0,0,0,100,100,0,0,0.0,100.0,0,,,False,0,False,not_reached,0.0,0.1
1245,4980,898,108,899,3,right+B,0.12032806128263474,0.3633267283439636,0.15952906012535095,0.21841493248939514,0.13840125501155853,1.5214595794677734,-1.0,611.0,27,2,151,0,0,0,100,100,0,0,0.0,100.0,0,,,False,0,False,not_reached,0.0,0.1
1246,4984,898,112,899,1,right,0.12040301412343979,0.3661194443702698,0.15977546572685242,0.2187858670949936,0.13491614162921906,1.51851487159729,0.0,611.0,28,2,151,0,0,0,100,100,0,0,0.0,100.0,0,,,False,0,False,not_reached,0.0,0.1
1247,4988,898,106,899,1,right,0.12046942114830017,0.36583957076072693,0.15555322170257568,0.22274871170520782,0.1353890746831894,1.5175070762634277,0.0,611.0,29,2,151,0,0,0,100,100,0,0,0.0,100.0,0,,,False,0,False,not_reached,0.0,0.1
1248,4992,898,89,899,1,right,0.1204724982380867,0.36226919293403625,0.14701725542545319,0.2392999529838562,0.13094106316566467,1.513070821762085,0.0,611.0,30,2,151,0,0,0,100,100,0,0,0.0,100.0,0,,,False,0,False,not_reached,0.0,0.1
1249,4996,898,79,899,4,right+A+B,0.11979241669178009,0.3631964325904846,0.15457481145858765,0.22767551243305206,0.134760782122612,1.5176681280136108,0.0,611.0,31,2,151,0,0,0,100,100,0,0,0.0,100.0,0,,,False,0,False,not_reached,0.0,0.1
1250,5000,898,79,899,1,right,0.11899120360612869,0.36336591839790344,0.1504606455564499,0.2356339544057846,0.13154831528663635,1.5135626792907715,-1.0,610.0,32,2,150,0,0,0,100,100,0,0,0.0,100.0,0,,,False,0,False,not_reached,0.0,0.1
1251,5004,898,93,899,4,right+A+B,0.12059520930051804,0.3641016185283661,0.14878685772418976,0.2312486171722412,0.1352676898241043,1.5156431198120117,0.0,610.0,33,2,150,0,0,0,100,100,0,0,0.0,100.0,0,,,False,0,False,not_reached,0.0,0.1
1252,5008,898,108,899,3,right+B,0.12197961658239365,0.3649474084377289,0.15321588516235352,0.21813787519931793,0.14171922206878662,1.5209686756134033,0.0,610.0,34,2,150,0,0,0,100,100,0,0,0.0,100.0,0,,,False,0,False,not_reached,0.0,0.1
1253,5012,898,112,899,3,right+B,0.12150121480226517,0.36543771624565125,0.15378808975219727,0.22017163038253784,0.13910135626792908,1.5194752216339111,0.0,610.0,35,2,150,0,0,0,100,100,0,0,0.0,100.0,0,,,False,0,False,not_reached,0.0,0.1
1254,5016,898,106,899,1,right,0.12045563757419586,0.36039602756500244,0.14572525024414062,0.2383444756269455,0.1350785791873932,1.5156241655349731,0.0,610.0,36,2,150,0,0,0,100,100,0,0,0.0,100.0,0,,,False,0,False,not_reached,0.0,0.1
1255,5020,898,89,899,0,NOOP,0.1200794205069542,0.3590482473373413,0.14166498184204102,0.2470967173576355,0.13211055099964142,1.511989951133728,-1.0,609.0,37,2,149,0,0,0,100,100,0,0,0.0,100.0,0,,,False,0,False,not_reached,0.0,0.1
1256,5024,898,101,899,3,right+B,0.11985970288515091,0.3605693280696869,0.14322872459888458,0.24249744415283203,0.13384485244750977,1.5131525993347168,0.0,609.0,38,2,149,0,0,0,100,100,0,0,0.0,100.0,0,,,False,0,False,not_reached,0.0,0.1
1257,5028,898,103,899,4,right+A+B,0.11793050915002823,0.35962244868278503,0.1381104290485382,0.25491175055503845,0.12942485511302948,1.5063509941101074,1.0,610.0,39,2,149,0,0,0,200,200,0,0,0.0,200.0,0,,,False,0,False,not_reached,0.1,0.2
1258,5032,898,94,899,3,right+B,0.11732131242752075,0.35993868112564087,0.1412130892276764,0.25270044803619385,0.12882648408412933,1.5072213411331177,0.0,610.0,40,2,149,0,0,0,200,200,0,0,0.0,200.0,0,,,False,0,False,not_reached,0.0,0.2
1259,5036,898,79,899,1,right,0.11529611051082611,0.35569527745246887,0.13887353241443634,0.2651937007904053,0.12494136393070221,1.502764105796814,0.0,610.0,41,2,149,0,0,0,200,200,0,0,0.0,200.0,0,,,False,0,False,not_reached,0.0,0.2
1260,5040,898,93,899,2,right+A,0.11655721813440323,0.35760170221328735,0.14478431642055511,0.25237905979156494,0.12867766618728638,1.5093845129013062,-1.0,609.0,42,2,148,0,0,0,200,200,0,0,0.0,200.0,0,,,False,0,False,not_reached,0.0,0.2
1261,5044,898,109,899,2,right+A,0.11785618960857391,0.3580310344696045,0.14473024010658264,0.2491457760334015,0.13023671507835388,1.5112208127975464,0.0,609.0,43,2,148,0,0,0,200,200,0,0,0.0,200.0,0,,,False,0,False,not_reached,0.0,0.2
1262,5048,898,121,899,3,right+B,0.1191803440451622,0.36152803897857666,0.1511588841676712,0.23502463102340698,0.13310812413692474,1.51569402217865,0.0,609.0,44,2,148,0,0,0,200,200,0,0,0.0,200.0,0,,,False,0,False,not_reached,0.0,0.2
1263,5052,898,122,899,3,right+B,0.11807703226804733,0.3613077700138092,0.15076057612895966,0.2361930012702942,0.1336616426706314,1.5151687860488892,0.0,609.0,45,2,148,0,0,0,200,200,0,0,0.0,200.0,0,,,False,0,False,not_reached,0.0,0.2
1264,5056,898,113,899,4,right+A+B,0.11692026257514954,0.360421359539032,0.14852263033390045,0.23893192410469055,0.13520385324954987,1.5145686864852905,0.0,609.0,46,2,148,0,0,0,200,200,0,0,0.0,200.0,0,,,False,0,False,not_reached,0.0,0.2
1265,5060,898,94,899,3,right+B,0.11709748953580856,0.36008208990097046,0.14794321358203888,0.24407988786697388,0.13079729676246643,1.5119211673736572,-1.0,608.0,47,2,147,0,0,0,200,200,0,0,0.0,200.0,0,,,False,0,False,not_reached,0.0,0.2
1266,5064,898,79,899,4,right+A+B,0.1174296885728836,0.3622110188007355,0.14599011838436127,0.24240057170391083,0.13196858763694763,1.5110594034194946,0.0,608.0,48,2,147,0,0,0,200,200,0,0,0.0,200.0,0,,,False,0,False,not_reached,0.0,0.2
1267,5068,898,79,899,3,right+B,0.11789202690124512,0.36088231205940247,0.14738024771213531,0.24188482761383057,0.1319606751203537,1.5126179456710815,0.0,608.0,49,2,147,0,0,0,200,200,0,0,0.0,200.0,0,,,False,0,False,not_reached,0.0,0.2
1268,5072,898,79,899,1,right,0.11768981069326401,0.36087357997894287,0.14590246975421906,0.24557504057884216,0.1299591213464737,1.5104799270629883,0.0,608.0,50,2,147,0,0,0,200,200,0,0,0.0,200.0,0,,,False,0,False,not_reached,0.0,0.2
1269,5076,898,79,899,1,right,0.11877944320440292,0.3626716434955597,0.15173479914665222,0.23572687804698944,0.1310872584581375,1.514014482498169,0.0,608.0,51,2,147,0,0,0,200,200,0,0,0.0,200.0,0,,,False,0,False,not_reached,0.0,0.2
1270,5080,898,79,899,1,right,0.11823875457048416,0.36311352252960205,0.15216553211212158,0.23544523119926453,0.1310369074344635,1.5136113166809082,-1.0,607.0,52,2,146,0,0,0,200,200,0,0,0.0,200.0,0,,,False,0,False,not_reached,0.0,0.2
1271,5084,898,79,899,1,right,0.11850140243768692,0.36297062039375305,0.15034393966197968,0.23765592277050018,0.13052810728549957,1.5127382278442383,0.0,607.0,53,2,146,0,0,0,200,200,0,0,0.0,200.0,0,,,False,0,False,not_reached,0.0,0.2
1272,5088,898,79,899,0,NOOP,0.1190335750579834,0.36337217688560486,0.15139290690422058,0.23541377484798431,0.13078758120536804,1.5135586261749268,0.0,607.0,54,2,146,0,0,0,200,200,0,0,0.0,200.0,0,,,False,0,False,not_reached,0.0,0.2
1273,5092,898,79,899,3,right+B,0.11897708475589752,0.36455705761909485,0.1535840928554535,0.2296043187379837,0.13327747583389282,1.5153229236602783,0.0,607.0,55,2,146,0,0,0,200,200,0,0,0.0,200.0,0,,,False,0,False,not_reached,0.0,0.2
1274,5096,898,79,899,3,right+B,0.119455985724926,0.3633672595024109,0.15558263659477234,0.2253049910068512,0.1362890750169754,1.5185394287109375,0.0,607.0,56,2,146,0,0,0,200,200,0,0,0.0,200.0,0,,,False,0,False,not_reached,0.0,0.2
1275,5100,898,79,899,1,right,0.11929065734148026,0.36265313625335693,0.1539352983236313,0.22943781316280365,0.13468313217163086,1.5173019170761108,-1.0,606.0,57,2,145,0,0,0,200,200,0,0,0.0,200.0,0,,,False,0,False,not_reached,0.0,0.2
1276,5104,898,79,899,3,right+B,0.11938286572694778,0.3626869320869446,0.15591725707054138,0.226799875497818,0.13521304726600647,1.5183908939361572,0.0,606.0,58,2,145,0,0,0,200,200,0,0,0.0,200.0,0,,,False,0,False,not_reached,0.0,0.2
1277,5108,898,79,899,1,right,0.11878029257059097,0.3632880747318268,0.1533409059047699,0.23088060319423676,0.13371014595031738,1.5159109830856323,0.0,606.0,59,2,145,0,0,0,200,200,0,0,0.0,200.0,0,,,False,0,False,not_reached,0.0,0.2
1278,5112,898,79,899,3,right+B,0.11848720163106918,0.36267614364624023,0.14915955066680908,0.23710063099861145,0.13257639110088348,1.5135167837142944,0.0,606.0,60,2,145,0,0,0,200,200,0,0,0.0,200.0,0,,,False,0,False,not_reached,0.0,0.2
1279,5116,898,93,899,4,right+A+B,0.1183629110455513,0.3619011640548706,0.14980149269104004,0.2393309772014618,0.1306033730506897,1.512882947921753,0.0,606.0,61,2,145,0,0,0,200,200,0,0,0.0,200.0,0,,,False,0,False,not_reached,0.0,0.2
1280,5120,898,108,899,1,right,0.1191137433052063,0.3632164001464844,0.15834522247314453,0.22366295754909515,0.13566161692142487,1.5190696716308594,-1.0,605.0,62,2,144,0,0,0,200,200,0,0,0.0,200.0,0,,,False,0,False,not_reached,0.0,0.2
1281,5124,898,112,899,1,right,0.11872760951519012,0.3621278703212738,0.1540958732366562,0.23168714344501495,0.1333615481853485,1.5165148973464966,0.0,605.0,63,2,144,0,0,0,200,200,0,0,0.0,200.0,0,,,False,0,False,not_reached,0.0,0.2
1282,5128,898,106,899,1,right,0.11758383363485336,0.36137643456459045,0.1496235579252243,0.2431125044822693,0.12830369174480438,1.5110220909118652,0.0,605.0,64,2,144,0,0,0,200,200,0,0,0.0,200.0,0,,,False,0,False,not_reached,0.0,0.2
1283,5132,898,89,899,1,right,0.11665116995573044,0.36084261536598206,0.14622627198696136,0.251971572637558,0.12430832535028458,1.5060882568359375,0.0,605.0,65,2,144,0,0,0,200,200,0,0,0.0,200.0,0,,,False,0,False,not_reached,0.0,0.2
1284,5136,898,79,899,1,right,0.11583079397678375,0.35870981216430664,0.14394453167915344,0.25700151920318604,0.12451333552598953,1.5050487518310547,0.0,605.0,66,2,144,0,0,0,200,200,0,0,0.0,200.0,0,,,False,0,False,not_reached,0.0,0.2
1285,5140,898,93,899,2,right+A,0.11600396782159805,0.360323041677475,0.1438368409872055,0.255068838596344,0.12476728856563568,1.5047590732574463,-1.0,604.0,67,2,143,0,0,0,200,200,0,0,0.0,200.0,0,,,False,0,False,not_reached,0.0,0.2
1286,5144,898,108,899,1,right,0.1164611354470253,0.3597297966480255,0.14748099446296692,0.24916782975196838,0.12716029584407806,1.5089842081069946,0.0,604.0,68,2,143,0,0,0,200,200,0,0,0.0,200.0,0,,,False,0,False,not_reached,0.0,0.2
1287,5148,898,112,899,1,right,0.11729277670383453,0.3606834411621094,0.14913782477378845,0.24374736845493317,0.12913860380649567,1.5113778114318848,0.0,604.0,69,2,143,0,0,0,200,200,0,0,0.0,200.0,0,,,False,0,False,not_reached,0.0,0.2
1288,5152,898,106,899,1,right,0.11673973500728607,0.35984545946121216,0.14661908149719238,0.2485022246837616,0.12829351425170898,1.5094550848007202,0.0,604.0,70,2,143,0,0,0,200,200,0,0,0.0,200.0,0,,,False,0,False,not_reached,0.0,0.2
1289,5156,898,89,899,3,right+B,0.11594889312982559,0.35757172107696533,0.14315930008888245,0.25788331031799316,0.12543676793575287,1.5057272911071777,0.0,604.0,71,2,143,0,0,0,200,200,0,0,0.0,200.0,0,,,False,0,False,not_reached,0.0,0.2
1290,5160,898,79,899,4,right+A+B,0.11564477533102036,0.3568301200866699,0.14372630417346954,0.258491188287735,0.12530763447284698,1.5059640407562256,-1.0,603.0,72,2,142,0,0,0,200,200,0,0,0.0,200.0,0,,,False,0,False,not_reached,0.0,0.2
1291,5164,898,79,899,4,right+A+B,0.11516726016998291,0.35694101452827454,0.14331483840942383,0.2600093185901642,0.12456751614809036,1.504758596420288,0.0,603.0,73,2,142,0,0,0,200,200,0,0,0.0,200.0,0,,,False,0,False,not_reached,0.0,0.2
1292,5168,898,79,899,0,NOOP,0.11500567197799683,0.35602614283561707,0.14468896389007568,0.25860223174095154,0.1256769746541977,1.506535291671753,0.0,603.0,74,2,142,0,0,0,200,200,0,0,0.0,200.0,0,,,False,0,False,not_reached,0.0,0.2
1293,5172,898,79,899,3,right+B,0.1159248948097229,0.35700148344039917,0.1469910591840744,0.2529342472553253,0.1271483600139618,1.5092724561691284,0.0,603.0,75,2,142,0,0,0,200,200,0,0,0.0,200.0,0,,,False,0,False,not_reached,0.0,0.2
1294,5176,898,79,899,0,NOOP,0.11566242575645447,0.35749489068984985,0.1455991119146347,0.2566165328025818,0.12462709844112396,1.5063490867614746,0.0,603.0,76,2,142,0,0,0,200,200,0,0,0.0,200.0,0,,,False,0,False,not_reached,0.0,0.2
1295,5180,898,79,899,3,right+B,0.11583352088928223,0.3587210178375244,0.14597731828689575,0.25444990396499634,0.12501823902130127,1.5065631866455078,-1.0,602.0,77,2,141,0,0,0,200,200,0,0,0.0,200.0,0,,,False,0,False,not_reached,0.0,0.2
1296,5184,898,79,899,1,right,0.11577557772397995,0.3591185212135315,0.14506053924560547,0.2550084888935089,0.1250368356704712,1.5058810710906982,0.0,602.0,78,2,141,0,0,0,200,200,0,0,0.0,200.0,0,,,False,0,False,not_reached,0.0,0.2
1297,5188,898,79,899,1,right,0.11609070003032684,0.358349084854126,0.14359724521636963,0.25695252418518066,0.1250104308128357,1.50553297996521,0.0,602.0,79,2,141,0,0,0,200,200,0,0,0.0,200.0,0,,,False,0,False,not_reached,0.0,0.2
1298,5192,898,79,899,0,NOOP,0.1167023777961731,0.3593282103538513,0.1447882503271103,0.2522093951702118,0.12697182595729828,1.5077323913574219,0.0,602.0,80,2,141,0,0,0,200,200,0,0,0.0,200.0,0,,,False,0,False,not_reached,0.0,0.2
1299,5196,898,79,899,3,right+B,0.11704204231500626,0.3587847352027893,0.14699722826480865,0.24898111820220947,0.1281948834657669,1.5102075338363647,0.0,602.0,81,2,141,0,0,0,200,200,0,0,0.0,200.0,0,,,False,0,False,not_reached,0.0,0.2
1300,5200,898,79,899,3,right+B,0.11670923978090286,0.3581969738006592,0.1459348052740097,0.25135672092437744,0.1278022825717926,1.5093339681625366,-1.0,601.0,82,2,140,0,0,0,200,200,0,0,0.0,200.0,0,,,False,0,False,not_reached,0.0,0.2
1301,5204,898,79,899,1,right,0.11699678003787994,0.3580191731452942,0.14596354961395264,0.2511460483074188,0.1278744488954544,1.5096813440322876,0.0,601.0,83,2,140,0,0,0,200,200,0,0,0.0,200.0,0,,,False,0,False,not_reached,0.0,0.2
1302,5208,898,79,899,1,right,0.1170133426785469,0.35815268754959106,0.1462131291627884,0.25060224533081055,0.1280185431241989,1.509878396987915,0.0,601.0,84,2,140,0,0,0,200,200,0,0,0.0,200.0,0,,,False,0,False,not_reached,0.0,0.2
1303,5212,898,79,899,1,right,0.11682448536157608,0.3579753339290619,0.14618465304374695,0.2510354220867157,0.12798002362251282,1.509756088256836,0.0,601.0,85,2,140,0,0,0,200,200,0,0,0.0,200.0,0,,,False,0,False,not_reached,0.0,0.2
1304,5216,898,93,899,2,right+A,0.11662662029266357,0.35837388038635254,0.14584554731845856,0.2512153387069702,0.1279386579990387,1.509251356124878,0.0,601.0,86,2,140,0,0,0,200,200,0,0,0.0,200.0,0,,,False,0,False,not_reached,0.0,0.2
1305,5220,898,108,899,1,right,0.11692264676094055,0.35965171456336975,0.1489877700805664,0.24424970149993896,0.13018815219402313,1.5120974779129028,-1.0,600.0,87,2,139,0,0,0,200,200,0,0,0.0,200.0,0,,,False,0,False,not_reached,0.0,0.2
1306,5224,898,112,899,1,right,0.11687438189983368,0.3596930205821991,0.15137101709842682,0.24292753636837006,0.12913410365581512,1.5125340223312378,0.0,600.0,88,2,139,0,0,0,200,200,0,0,0.0,200.0,0,,,False,0,False,not_reached,0.0,0.2
1307,5228,898,106,899,0,NOOP,0.1160985678434372,0.35807180404663086,0.14786787331104279,0.2507741451263428,0.12718763947486877,1.509528398513794,0.0,600.0,89,2,139,0,0,0,200,200,0,0,0.0,200.0,0,,,False,0,False,not_reached,0.0,0.2
1308,5232,898,89,899,1,right,0.11615666002035141,0.35718581080436707,0.14525389671325684,0.255617618560791,0.12578602135181427,1.507477879524231,0.0,600.0,90,2,139,0,0,0,200,200,0,0,0.0,200.0,0,,,False,0,False,not_reached,0.0,0.2
1309,5236,898,79,899,2,right+A,0.11581317335367203,0.35685744881629944,0.1443665325641632,0.256229966878891,0.12673284113407135,1.507478952407837,0.0,600.0,91,2,139,0,0,0,200,200,0,0,0.0,200.0,0,,,False,0,False,not_reached,0.0,0.2
1310,5240,898,79,899,1,right,0.11625970900058746,0.3576221168041229,0.14438475668430328,0.25511714816093445,0.12661628425121307,1.5075044631958008,-1.0,599.0,92,2,138,0,0,0,200,200,0,0,0.0,200.0,0,,,False,0,False,not_reached,0.0,0.2
1311,5244,898,79,899,0,NOOP,0.11598378419876099,0.3571337163448334,0.1434526890516281,0.25749731063842773,0.12593252956867218,1.506426453590393,0.0,599.0,93,2,138,0,0,0,200,200,0,0,0.0,200.0,0,,,False,0,False,not_reached,0.0,0.2
1312,5248,898,79,899,3,right+B,0.11684391647577286,0.35786202549934387,0.14517806470394135,0.25205063819885254,0.12806537747383118,1.5093188285827637,0.0,599.0,94,2,138,0,0,0,200,200,0,0,0.0,200.0,0,,,False,0,False,not_reached,0.0,0.2
1313,5252,898,79,899,1,right,0.11690865457057953,0.35853514075279236,0.14546890556812286,0.2511913478374481,0.1278959959745407,1.5091758966445923,0.0,599.0,95,2,138,0,0,0,200,200,0,0,0.0,200.0,0,,,False,0,False,not_reached,0.0,0.2
1314,5256,898,93,899,2,right+A,0.1168508380651474,0.3588014841079712,0.14530299603939056,0.25124725699424744,0.1277974396944046,1.508879542350769,0.0,599.0,96,2,138,0,0,0,200,200,0,0,0.0,200.0,0,,,False,0,False,not_reached,0.0,0.2
1315,5260,898,109,899,4,right+A+B,0.11716247349977493,0.35876867175102234,0.14810189604759216,0.2453157752752304,0.13065116107463837,1.5124621391296387,-1.0,598.0,97,2,137,0,0,0,200,200,0,0,0.0,200.0,0,,,False,0,False,not_reached,0.0,0.2
1316,5264,898,122,899,2,right+A,0.11739246547222137,0.35898950695991516,0.1505342274904251,0.2428029626607895,0.13028095662593842,1.5135090351104736,0.0,598.0,98,2,137,0,0,0,200,200,0,0,0.0,200.0,0,,,False,0,False,not_reached,0.0,0.2
1317,5268,898,130,899,1,right,0.1167588084936142,0.3574431240558624,0.149966761469841,0.2454025149345398,0.13042877614498138,1.513453722000122,0.0,598.0,99,2,137,0,0,0,200,200,0,0,0.0,200.0,0,,,False,0,False,not_reached,0.0,0.2
1318,5272,898,129,899,1,right,0.11612791568040848,0.3576195240020752,0.1474873423576355,0.2511886954307556,0.12757650017738342,1.5097734928131104,0.0,598.0,100,2,137,0,0,0,200,200,0,0,0.0,200.0,0,,,False,0,False,not_reached,0.0,0.2
1319,5276,898,117,899,0,NOOP,0.11562180519104004,0.3567872643470764,0.14690318703651428,0.25523805618286133,0.1254497468471527,1.5078715085983276,0.0,598.0,101,2,137,0,0,0,200,200,0,0,0.0,200.0,0,,,False,0,False,not_reached,0.0,0.2
1320,5280,898,97,899,2,right+A,0.11609797179698944,0.3588706851005554,0.14796005189418793,0.24966607987880707,0.12740524113178253,1.5094362497329712,-1.0,597.0,102,2,136,0,0,0,200,200,0,0,0.0,200.0,0,,,False,0,False,not_reached,0.0,0.2
1321,5284,898,79,899,4,right+A+B,0.11619647592306137,0.3602502942085266,0.14648857712745667,0.2505500912666321,0.1265145242214203,1.507627248764038,0.0,597.0,103,2,136,0,0,0,200,200,0,0,0.0,200.0,0,,,False,0,False,not_reached,0.0,0.2
1322,5288,898,79,899,1,right,0.11626694351434708,0.3602060377597809,0.14684616029262543,0.2492983639240265,0.12738250195980072,1.5084760189056396,0.0,597.0,104,2,136,0,0,0,200,200,0,0,0.0,200.0,0,,,False,0,False,not_reached,0.0,0.2
1323,5292,898,79,899,0,NOOP,0.11687005311250687,0.3583747148513794,0.14615051448345184,0.2509617805480957,0.12764298915863037,1.509403109550476,0.0,597.0,105,2,136,0,0,0,200,200,0,0,0.0,200.0,0,,,False,0,False,not_reached,0.0,0.2
1324,5296,898,79,899,1,right,0.11675579845905304,0.35862603783607483,0.14574602246284485,0.2519494295120239,0.12692268192768097,1.5085158348083496,0.0,597.0,106,2,136,0,0,0,200,200,0,0,0.0,200.0,0,,,False,0,False,not_reached,0.0,0.2
1325,5300,898,79,899,1,right,0.11589692533016205,0.3568803369998932,0.1432587057352066,0.2589508891105652,0.12501311302185059,1.5056612491607666,-1.0,596.0,107,2,135,0,0,0,200,200,0,0,0.0,200.0,0,,,False,0,False,not_reached,0.0,0.2
1326,5304,898,79,899,3,right+B,0.11592552810907364,0.3575053811073303,0.14479555189609528,0.25672677159309387,0.1250467747449875,1.5063996315002441,0.0,596.0,108,2,135,0,0,0,200,200,0,0,0.0,200.0,0,,,False,0,False,not_reached,0.0,0.2
1327,5308,898,93,899,4,right+A+B,0.11623373627662659,0.35767629742622375,0.144831120967865,0.2560311555862427,0.12522763013839722,1.5067369937896729,0.0,596.0,109,2,135,0,0,0,200,200,0,0,0.0,200.0,0,,,False,0,False,not_reached,0.0,0.2
1328,5312,898,108,899,3,right+B,0.11604312807321548,0.3581344187259674,0.14757823944091797,0.25158029794692993,0.1266639232635498,1.5089521408081055,0.0,596.0,110,2,135,0,0,0,200,200,0,0,0.0,200.0,0,,,False,0,False,not_reached,0.0,0.2
1329,5316,898,112,899,4,right+A+B,0.1164444163441658,0.3588799238204956,0.15196119248867035,0.24354009330272675,0.1291743516921997,1.5128395557403564,0.0,596.0,111,2,135,0,0,0,200,200,0,0,0.0,200.0,0,,,False,0,False,not_reached,0.0,0.2
1330,5320,898,106,899,3,right+B,0.11592071503400803,0.3572060465812683,0.14934539794921875,0.2491975873708725,0.128330260515213,1.511237382888794,-1.0,595.0,112,2,134,0,0,0,200,200,0,0,0.0,200.0,0,,,False,0,False,not_reached,0.0,0.2
1331,5324,898,89,899,1,right,0.11626112461090088,0.35862597823143005,0.14775894582271576,0.25071007013320923,0.12664391100406647,1.5090277194976807,0.0,595.0,113,2,134,0,0,0,200,200,0,0,0.0,200.0,0,,,False,0,False,not_reached,0.0,0.2
1332,5328,898,79,899,2,right+A,0.11609892547130585,0.359436959028244,0.14793671667575836,0.25004732608795166,0.1264801025390625,1.5085928440093994,0.0,595.0,114,2,134,0,0,0,200,200,0,0,0.0,200.0,0,,,False,0,False,not_reached,0.0,0.2
1333,5332,898,79,899,0,NOOP,0.1160646378993988,0.35938164591789246,0.14431977272033691,0.25665736198425293,0.1235765665769577,1.5045442581176758,0.0,595.0,115,2,134,0,0,0,200,200,0,0,0.0,200.0,0,,,False,0,False,not_reached,0.0,0.2
1334,5336,898,79,899,1,right,0.11588464677333832,0.35766148567199707,0.14348357915878296,0.25794413685798645,0.1250261813402176,1.505540370941162,0.0,595.0,116,2,134,0,0,0,200,200,0,0,0.0,200.0,0,,,False,0,False,not_reached,0.0,0.2
1335,5340,898,79,899,3,right+B,0.11770378053188324,0.3586653769016266,0.14695586264133453,0.247926726937294,0.12874828279018402,1.511090636253357,-1.0,594.0,117,2,133,0,0,0,200,200,0,0,0.0,200.0,0,,,False,0,False,not_reached,0.0,0.2
1336,5344,898,79,899,0,NOOP,0.11824307590723038,0.3607428967952728,0.1469566822052002,0.24609923362731934,0.12795808911323547,1.5101916790008545,0.0,594.0,118,2,133,0,0,0,200,200,0,0,0.0,200.0,0,,,False,0,False,not_reached,0.0,0.2
1337,5348,898,79,899,1,right,0.11832186579704285,0.360895037651062,0.14852075278759003,0.2442929595708847,0.12796936929225922,1.5109901428222656,0.0,594.0,119,2,133,0,0,0,200,200,0,0,0.0,200.0,0,,,False,0,False,not_reached,0.0,0.2
1338,5352,898,93,899,4,right+A+B,0.11849458515644073,0.36038777232170105,0.1502166986465454,0.242315411567688,0.12858542799949646,1.512535810470581,0.0,594.0,120,2,133,0,0,0,200,200,0,0,0.0,200.0,0,,,False,0,False,not_reached,0.0,0.2
1339,5356,898,108,899,1,right,0.11837323009967804,0.3606832027435303,0.15216511487960815,0.23748278617858887,0.13129571080207825,1.514891266822815,0.0,594.0,121,2,133,0,0,0,200,200,0,0,0.0,200.0,0,,,False,0,False,not_reached,0.0,0.2
1340,5360,898,112,899,1,right,0.11902309209108353,0.3632422089576721,0.15636485815048218,0.22840210795402527,0.13296779990196228,1.516879916191101,-1.0,593.0,122,2,132,0,0,0,200,200,0,0,0.0,200.0,0,,,False,0,False,not_reached,0.0,0.2
1341,5364,898,106,899,1,right,0.1193041279911995,0.3627815544605255,0.15546256303787231,0.22965900599956512,0.13279268145561218,1.5168333053588867,0.0,593.0,123,2,132,0,0,0,200,200,0,0,0.0,200.0,0,,,False,0,False,not_reached,0.0,0.2
1342,5368,898,89,899,2,right+A,0.11917044967412949,0.3611339330673218,0.15084606409072876,0.23783698678016663,0.13101263344287872,1.5144938230514526,0.0,593.0,124,2,132,0,0,0,200,200,0,0,0.0,200.0,0,,,False,0,False,not_reached,0.0,0.2
1343,5372,898,79,899,2,right+A,0.1175980418920517,0.3618984520435333,0.15188705921173096,0.23778900504112244,0.13082747161388397,1.5134364366531372,0.0,593.0,125,2,132,0,0,0,200,200,0,0,0.0,200.0,0,,,False,0,False,not_reached,0.0,0.2
1344,5376,898,79,899,3,right+B,0.11732371151447296,0.3624928593635559,0.15267178416252136,0.23777665197849274,0.1297350525856018,1.5126852989196777,0.0,593.0,126,2,132,0,0,0,200,200,0,0,0.0,200.0,0,,,False,0,False,not_reached,0.0,0.2
1345,5380,898,93,899,4,right+A+B,0.11772739142179489,0.36294499039649963,0.14913363754749298,0.2398674041032791,0.13032661378383636,1.5115180015563965,-1.0,592.0,127,2,131,0,0,0,200,200,0,0,0.0,200.0,0,,,False,0,False,not_reached,0.0,0.2
1346,5384,898,108,899,1,right,0.11986595392227173,0.36397919058799744,0.15829643607139587,0.21981917321681976,0.13803920149803162,1.520288348197937,0.0,592.0,128,2,131,0,0,0,200,200,0,0,0.0,200.0,0,,,False,0,False,not_reached,0.0,0.2
1347,5388,898,112,899,1,right,0.12064395099878311,0.3641968071460724,0.1592070758342743,0.21791033446788788,0.13804177939891815,1.5209369659423828,0.0,592.0,129,2,131,0,0,0,200,200,0,0,0.0,200.0,0,,,False,0,False,not_reached,0.0,0.2
1348,5392,898,106,899,3,right+B,0.11986437439918518,0.3610299229621887,0.1531192809343338,0.2312755137681961,0.13471095263957977,1.5180948972702026,0.0,592.0,130,2,131,0,0,0,200,200,0,0,0.0,200.0,0,,,False,0,False,not_reached,0.0,0.2
1349,5396,898,89,899,1,right,0.11968760937452316,0.35911816358566284,0.1494103968143463,0.24007807672023773,0.13170574605464935,1.515426516532898,0.0,592.0,131,2,131,0,0,0,200,200,0,0,0.0,200.0,0,,,False,0,False,not_reached,0.0,0.2
1350,5400,898,79,899,1,right,0.11862800270318985,0.360228031873703,0.1484898328781128,0.24145136773586273,0.13120275735855103,1.5134892463684082,-1.0,591.0,132,2,130,0,0,0,200,200,0,0,0.0,200.0,0,,,False,0,False,not_reached,0.0,0.2
1351,5404,898,79,899,0,NOOP,0.11835246533155441,0.3601558804512024,0.14501918852329254,0.24727413058280945,0.1291983425617218,1.5102863311767578,0.0,591.0,133,2,130,0,0,0,200,200,0,0,0.0,200.0,0,,,False,0,False,not_reached,0.0,0.2
1352,5408,898,79,899,1,right,0.11844725161790848,0.35954341292381287,0.14705269038677216,0.24509665369987488,0.1298600435256958,1.5120753049850464,0.0,591.0,134,2,130,0,0,0,200,200,0,0,0.0,200.0,0,,,False,0,False,not_reached,0.0,0.2
1353,5412,898,93,899,2,right+A,0.1184535026550293,0.3599447011947632,0.1480686217546463,0.2441801130771637,0.12935303151607513,1.5121164321899414,0.0,591.0,135,2,130,0,0,0,200,200,0,0,0.0,200.0,0,,,False,0,False,not_reached,0.0,0.2
1354,5416,898,108,899,1,right,0.11752408742904663,0.360390841960907,0.14827217161655426,0.24447932839393616,0.12933355569839478,1.5113563537597656,0.0,591.0,136,2,130,0,0,0,200,200,0,0,0.0,200.0,0,,,False,0,False,not_reached,0.0,0.2
1355,5420,898,112,899,2,right+A,0.11842092126607895,0.36086979508399963,0.14950726926326752,0.23955658078193665,0.13164550065994263,1.5138379335403442,-1.0,590.0,137,2,129,0,0,0,200,200,0,0,0.0,200.0,0,,,False,0,False,not_reached,0.0,0.2
1356,5424,898,106,899,3,right+B,0.11771988123655319,0.3600640594959259,0.14315170049667358,0.25207266211509705,0.12699173390865326,1.5073468685150146,0.0,590.0,138,2,129,0,0,0,200,200,0,0,0.0,200.0,0,,,False,0,False,not_reached,0.0,0.2
1357,5428,898,89,899,0,NOOP,0.11738971620798111,0.3580697774887085,0.14143377542495728,0.25564801692962646,0.12745878100395203,1.5071123838424683,0.0,590.0,139,2,129,0,0,0,200,200,0,0,0.0,200.0,0,,,False,0,False,not_reached,0.0,0.2
1358,5432,898,101,899,2,right+A,0.11642885953187943,0.35655027627944946,0.13831296563148499,0.2603286802768707,0.12837930023670197,1.5055820941925049,0.0,590.0,140,2,129,0,0,0,200,200,0,0,0.0,200.0,0,,,False,0,False,not_reached,0.0,0.2
1359,5436,898,103,899,3,right+B,0.11519266664981842,0.35431089997291565,0.13448728621006012,0.2693582773208618,0.12665094435214996,1.5014166831970215,1.0,591.0,141,2,129,0,0,0,300,300,0,0,0.0,300.0,0,,,False,0,False,not_reached,0.1,0.30000000000000004
1360,5440,898,94,899,1,right,0.11482300609350204,0.3561977446079254,0.14230775833129883,0.2584712505340576,0.1282002180814743,1.5067251920700073,-1.0,590.0,142,2,128,0,0,0,300,300,0,0,0.0,300.0,0,,,False,0,False,not_reached,0.0,0.30000000000000004
1361,5444,898,79,899,4,right+A+B,0.11455090343952179,0.35505247116088867,0.13904127478599548,0.2648613452911377,0.12649403512477875,1.5035964250564575,0.0,590.0,143,2,128,0,0,0,300,300,0,0,0.0,300.0,0,,,False,0,False,not_reached,0.0,0.30000000000000004
1362,5448,898,79,899,3,right+B,0.11607386916875839,0.3567110598087311,0.14806601405143738,0.24927769601345062,0.12987130880355835,1.511885404586792,0.0,590.0,144,2,128,0,0,0,300,300,0,0,0.0,300.0,0,,,False,0,False,not_reached,0.0,0.30000000000000004
1363,5452,898,93,899,4,right+A+B,0.11605548858642578,0.35414865612983704,0.1404188722372055,0.2638443112373352,0.1255326271057129,1.505276083946228,0.0,590.0,145,2,128,0,0,0,300,300,0,0,0.0,300.0,0,,,False,0,False,not_reached,0.0,0.30000000000000004
1364,5456,898,109,899,4,right+A+B,0.11718364804983139,0.35977989435195923,0.14827096462249756,0.24562427401542664,0.12914115190505981,1.5112171173095703,0.0,590.0,146,2,128,0,0,0,300,300,0,0,0.0,300.0,0,,,False,0,False,not_reached,0.0,0.30000000000000004
1365,5460,898,121,899,1,right,0.11673488467931747,0.3603690564632416,0.15374891459941864,0.23880840837955475,0.13033880293369293,1.5139929056167603,-1.0,589.0,147,2,127,0,0,0,300,300,0,0,0.0,300.0,0,,,False,0,False,not_reached,0.0,0.30000000000000004
1366,5464,898,122,899,4,right+A+B,0.11531186103820801,0.3562473654747009,0.14850308001041412,0.2523154616355896,0.1276223212480545,1.5101890563964844,0.0,589.0,148,2,127,0,0,0,300,300,0,0,0.0,300.0,0,,,False,0,False,not_reached,0.0,0.30000000000000004
1367,5468,898,113,899,1,right,0.11548812687397003,0.35995182394981384,0.15035834908485413,0.24524468183517456,0.12895707786083221,1.510804533958435,0.0,589.0,149,2,127,0,0,0,300,300,0,0,0.0,300.0,0,,,False,0,False,not_reached,0.0,0.30000000000000004
1368,5472,898,94,899,1,right,0.11566159129142761,0.35881149768829346,0.14843198657035828,0.25040531158447266,0.12668956816196442,1.5088841915130615,0.0,589.0,150,2,127,0,0,0,300,300,0,0,0.0,300.0,0,,,False,0,False,not_reached,0.0,0.30000000000000004
1369,5476,898,79,899,2,right+A,0.11561597883701324,0.3595620393753052,0.14403684437274933,0.2543366551399231,0.12644851207733154,1.5060189962387085,0.0,589.0,151,2,127,0,0,0,300,300,0,0,0.0,300.0,0,,,False,0,False,not_reached,0.0,0.30000000000000004
1370,5480,898,79,899,2,right+A,0.11611267179250717,0.3589882552623749,0.14655351638793945,0.2514423131942749,0.12690314650535583,1.508317232131958,-1.0,588.0,152,2,126,0,0,0,300,300,0,0,0.0,300.0,0,,,False,0,False,not_reached,0.0,0.30000000000000004
1371,5484,898,79,899,1,right,0.11594471335411072,0.35719695687294006,0.1432477980852127,0.25844794511795044,0.1251625269651413,1.505699634552002,0.0,588.0,153,2,126,0,0,0,300,300,0,0,0.0,300.0,0,,,False,0,False,not_reached,0.0,0.30000000000000004
1372,5488,898,93,899,4,right+A+B,0.11694768816232681,0.3591046929359436,0.1470518857240677,0.24850642681121826,0.12838931381702423,1.510176420211792,0.0,588.0,154,2,126,0,0,0,300,300,0,0,0.0,300.0,0,,,False,0,False,not_reached,0.0,0.30000000000000004
1373,5492,898,108,899,3,right+B,0.1174948439002037,0.3594089150428772,0.15063245594501495,0.2415522187948227,0.13091151416301727,1.513853669166565,0.0,588.0,155,2,126,0,0,0,300,300,0,0,0.0,300.0,0,,,False,0,False,not_reached,0.0,0.30000000000000004
1374,5496,898,112,899,1,right,0.11743342876434326,0.3595806360244751,0.149618998169899,0.2435578852891922,0.12980906665325165,1.5125707387924194,0.0,588.0,156,2,126,0,0,0,300,300,0,0,0.0,300.0,0,,,False,0,False,not_reached,0.0,0.30000000000000004
1375,5500,898,106,899,1,right,0.11690080910921097,0.3578076660633087,0.14642655849456787,0.2502478361129761,0.12861715257167816,1.510430932044983,-1.0,587.0,157,2,125,0,0,0,300,300,0,0,0.0,300.0,0,,,False,0,False,not_reached,0.0,0.30000000000000004
1376,5504,898,89,899,0,NOOP,0.11675306409597397,0.357266902923584,0.1448000967502594,0.25428345799446106,0.12689650058746338,1.5084413290023804,0.0,587.0,158,2,125,0,0,0,300,300,0,0,0.0,300.0,0,,,False,0,False,not_reached,0.0,0.30000000000000004
1377,5508,898,79,899,4,right+A+B,0.11605945229530334,0.3574563264846802,0.14599402248859406,0.2528347373008728,0.12765541672706604,1.5090234279632568,0.0,587.0,159,2,125,0,0,0,300,300,0,0,0.0,300.0,0,,,False,0,False,not_reached,0.0,0.30000000000000004
1378,5512,898,79,899,1,right,0.11560522019863129,0.35821908712387085,0.1458623856306076,0.2548142671585083,0.12549901008605957,1.5068318843841553,0.0,587.0,160,2,125,0,0,0,300,300,0,0,0.0,300.0,0,,,False,0,False,not_reached,0.0,0.30000000000000004
1379,5516,898,79,899,0,NOOP,0.1152171790599823,0.3576948046684265,0.14541245996952057,0.25683286786079407,0.12484267354011536,1.5059764385223389,0.0,587.0,161,2,125,0,0,0,300,300,0,0,0.0,300.0,0,,,False,0,False,not_reached,0.0,0.30000000000000004
1380,5520,898,79,899,1,right,0.11609137803316116,0.3581850826740265,0.1464466154575348,0.2527705430984497,0.12650640308856964,1.508252739906311,-1.0,586.0,162,2,124,0,0,0,300,300,0,0,0.0,300.0,0,,,False,0,False,not_reached,0.0,0.30000000000000004
1381,5524,898,79,899,0,NOOP,0.11624935269355774,0.3586196303367615,0.14490287005901337,0.2540740370750427,0.12615415453910828,1.5071254968643188,0.0,586.0,163,2,124,0,0,0,300,300,0,0,0.0,300.0,0,,,False,0,False,not_reached,0.0,0.30000000000000004
1382,5528,898,79,899,1,right,0.11676102131605148,0.3589174449443817,0.1451745629310608,0.25163933634757996,0.12750758230686188,1.5085023641586304,0.0,586.0,164,2,124,0,0,0,300,300,0,0,0.0,300.0,0,,,False,0,False,not_reached,0.0,0.30000000000000004
1383,5532,898,79,899,1,right,0.11678686738014221,0.35817262530326843,0.144819974899292,0.25280341506004333,0.12741702795028687,1.5085262060165405,0.0,586.0,165,2,124,0,0,0,300,300,0,0,0.0,300.0,0,,,False,0,False,not_reached,0.0,0.30000000000000004
1384,5536,898,79,899,0,NOOP,0.11700408905744553,0.35850387811660767,0.1447277069091797,0.25217804312705994,0.127586230635643,1.5086419582366943,0.0,586.0,166,2,124,0,0,0,300,300,0,0,0.0,300.0,0,,,False,0,False,not_reached,0.0,0.30000000000000004
1385,5540,898,93,899,4,right+A+B,0.11704953014850616,0.35834047198295593,0.14541427791118622,0.25118231773376465,0.12801335752010345,1.5094021558761597,-1.0,585.0,167,2,123,0,0,0,300,300,0,0,0.0,300.0,0,,,False,0,False,not_reached,0.0,0.30000000000000004
1386,5544,898,108,899,3,right+B,0.1172279566526413,0.3589262068271637,0.14804327487945557,0.24611757695674896,0.1296849250793457,1.5118073225021362,0.0,585.0,168,2,123,0,0,0,300,300,0,0,0.0,300.0,0,,,False,0,False,not_reached,0.0,0.30000000000000004
1387,5548,898,112,899,1,right,0.11751670390367508,0.35942554473876953,0.14925627410411835,0.24406038224697113,0.12974117696285248,1.5124717950820923,0.0,585.0,169,2,123,0,0,0,300,300,0,0,0.0,300.0,0,,,False,0,False,not_reached,0.0,0.30000000000000004
1388,5552,898,106,899,0,NOOP,0.11678867042064667,0.35785865783691406,0.1468695104122162,0.25014910101890564,0.12833406031131744,1.5103751420974731,0.0,585.0,170,2,123,0,0,0,300,300,0,0,0.0,300.0,0,,,False,0,False,not_reached,0.0,0.30000000000000004
1389,5556,898,89,899,1,right,0.11663385480642319,0.35730451345443726,0.14561910927295685,0.2538856565952301,0.12655682861804962,1.508557915687561,0.0,585.0,171,2,123,0,0,0,300,300,0,0,0.0,300.0,0,,,False,0,False,not_reached,0.0,0.30000000000000004
1390,5560,898,79,899,0,NOOP,0.11580613255500793,0.3575296401977539,0.14683569967746735,0.2530197203159332,0.126808762550354,1.508678913116455,-1.0,584.0,172,2,122,0,0,0,300,300,0,0,0.0,300.0,0,,,False,0,False,not_reached,0.0,0.30000000000000004
1391,5564,898,93,899,4,right+A+B,0.11554701626300812,0.35855424404144287,0.14679774641990662,0.2533835470676422,0.12571746110916138,1.507340908050537,0.0,584.0,173,2,122,0,0,0,300,300,0,0,0.0,300.0,0,,,False,0,False,not_reached,0.0,0.30000000000000004
1392,5568,898,109,899,2,right+A,0.115549735724926,0.3578644096851349,0.147598534822464,0.25215944647789,0.1268278807401657,1.5087872743606567,0.0,584.0,174,2,122,0,0,0,300,300,0,0,0.0,300.0,0,,,False,0,False,not_reached,0.0,0.30000000000000004
1393,5572,898,121,899,1,right,0.1167178526520729,0.35890576243400574,0.14838075637817383,0.246942937374115,0.12905266880989075,1.5111987590789795,0.0,584.0,175,2,122,0,0,0,300,300,0,0,0.0,300.0,0,,,False,0,False,not_reached,0.0,0.30000000000000004
1394,5576,898,122,899,1,right,0.11650093644857407,0.3588685989379883,0.14779669046401978,0.24623513221740723,0.13059866428375244,1.5117442607879639,0.0,584.0,176,2,122,0,0,0,300,300,0,0,0.0,300.0,0,,,False,0,False,not_reached,0.0,0.30000000000000004
1395,5580,898,113,899,3,right+B,0.11640562862157822,0.3600151538848877,0.14826050400733948,0.24416686594486237,0.13115189969539642,1.5118165016174316,-1.0,583.0,177,2,121,0,0,0,300,300,0,0,0.0,300.0,0,,,False,0,False,not_reached,0.0,0.30000000000000004
1396,5584,898,94,899,3,right+B,0.11654075235128403,0.35911279916763306,0.14750172197818756,0.2480902522802353,0.1287544220685959,1.5103415250778198,0.0,583.0,178,2,121,0,0,0,300,300,0,0,0.0,300.0,0,,,False,0,False,not_reached,0.0,0.30000000000000004
1397,5588,898,79,899,3,right+B,0.11632094532251358,0.3597638010978699,0.1452917754650116,0.25049349665641785,0.12813003361225128,1.508345603942871,0.0,583.0,179,2,121,0,0,0,300,300,0,0,0.0,300.0,0,,,False,0,False,not_reached,0.0,0.30000000000000004
1398,5592,898,79,899,1,right,0.11644952744245529,0.3590391278266907,0.14789141714572906,0.24931810796260834,0.12730185687541962,1.509537935256958,0.0,583.0,180,2,121,0,0,0,300,300,0,0,0.0,300.0,0,,,False,0,False,not_reached,0.0,0.30000000000000004
1399,5596,898,79,899,3,right+B,0.11613719165325165,0.35754963755607605,0.14438758790493011,0.25675180554389954,0.12517373263835907,1.5064101219177246,0.0,583.0,181,2,121,0,0,0,300,300,0,0,0.0,300.0,0,,,False,0,False,not_reached,0.0,0.30000000000000004
1400,5600,898,79,899,1,right,0.11688796430826187,0.35920366644859314,0.14792540669441223,0.24845710396766663,0.1275259107351303,1.5099778175354004,-1.0,582.0,182,2,120,0,0,0,300,300,0,0,0.0,300.0,0,,,False,0,False,not_reached,0.0,0.30000000000000004
1401,5604,898,79,899,1,right,0.11686055362224579,0.3596470057964325,0.14946119487285614,0.24564489722251892,0.12838636338710785,1.511136770248413,0.0,582.0,183,2,120,0,0,0,300,300,0,0,0.0,300.0,0,,,False,0,False,not_reached,0.0,0.30000000000000004
1402,5608,898,79,899,1,right,0.11616075038909912,0.3587889075279236,0.1467823088169098,0.2525452971458435,0.1257227659225464,1.5077335834503174,0.0,582.0,184,2,120,0,0,0,300,300,0,0,0.0,300.0,0,,,False,0,False,not_reached,0.0,0.30000000000000004
1403,5612,898,79,899,3,right+B,0.11603465676307678,0.3587420880794525,0.14641767740249634,0.25311478972435,0.12569089233875275,1.5074310302734375,0.0,582.0,185,2,120,0,0,0,300,300,0,0,0.0,300.0,0,,,False,0,False,not_reached,0.0,0.30000000000000004
1404,5616,898,79,899,0,NOOP,0.11626660078763962,0.3591187596321106,0.14737561345100403,0.2506174147129059,0.12662158906459808,1.5086369514465332,0.0,582.0,186,2,120,0,0,0,300,300,0,0,0.0,300.0,0,,,False,0,False,not_reached,0.0,0.30000000000000004
1405,5620,898,79,899,3,right+B,0.1164112538099289,0.3588520884513855,0.14566746354103088,0.2521911561489105,0.12687808275222778,1.5080969333648682,-1.0,581.0,187,2,119,0,0,0,300,300,0,0,0.0,300.0,0,,,False,0,False,not_reached,0.0,0.30000000000000004
1406,5624,898,93,899,2,right+A,0.11651632934808731,0.3584614098072052,0.14432331919670105,0.253915399312973,0.12678346037864685,1.5075005292892456,0.0,581.0,188,2,119,0,0,0,300,300,0,0,0.0,300.0,0,,,False,0,False,not_reached,0.0,0.30000000000000004
1407,5628,898,108,899,0,NOOP,0.11712808161973953,0.35870322585105896,0.14694850146770477,0.24839340150356293,0.12882676720619202,1.5106935501098633,0.0,581.0,189,2,119,0,0,0,300,300,0,0,0.0,300.0,0,,,False,0,False,not_reached,0.0,0.30000000000000004
1408,5632,898,112,899,0,NOOP,0.11779562383890152,0.3591042459011078,0.14918749034404755,0.2441941648721695,0.1297183781862259,1.5127507448196411,0.0,581.0,190,2,119,0,0,0,300,300,0,0,0.0,300.0,0,,,False,0,False,not_reached,0.0,0.30000000000000004
1409,5636,898,106,899,1,right,0.1173541322350502,0.35744708776474,0.1469685435295105,0.2497568428516388,0.12847337126731873,1.5110969543457031,0.0,581.0,191,2,119,0,0,0,300,300,0,0,0.0,300.0,0,,,False,0,False,not_reached,0.0,0.30000000000000004
1410,5640,898,89,899,1,right,0.11722617596387863,0.3567088544368744,0.14473289251327515,0.2543136477470398,0.12701836228370667,1.5090447664260864,-1.0,580.0,192,2,118,0,0,0,300,300,0,0,0.0,300.0,0,,,False,0,False,not_reached,0.0,0.30000000000000004
1411,5644,898,79,899,3,right+B,0.11669918149709702,0.356850266456604,0.14563676714897156,0.25283220410346985,0.12798157334327698,1.5097548961639404,0.0,580.0,193,2,118,0,0,0,300,300,0,0,0.0,300.0,0,,,False,0,False,not_reached,0.0,0.30000000000000004
1412,5648,898,79,899,3,right+B,0.11646834760904312,0.3577350080013275,0.14558961987495422,0.25379496812820435,0.12641212344169617,1.5081642866134644,0.0,580.0,194,2,118,0,0,0,300,300,0,0,0.0,300.0,0,,,False,0,False,not_reached,0.0,0.30000000000000004
1413,5652,898,79,899,0,NOOP,0.1161235123872757,0.35724523663520813,0.14555098116397858,0.2553119957447052,0.12576831877231598,1.5075867176055908,0.0,580.0,195,2,118,0,0,0,300,300,0,0,0.0,300.0,0,,,False,0,False,not_reached,0.0,0.30000000000000004
1414,5656,898,93,899,4,right+A+B,0.11665740609169006,0.3581925928592682,0.14755336940288544,0.25079432129859924,0.12680235505104065,1.5094859600067139,0.0,580.0,196,2,118,0,0,0,300,300,0,0,0.0,300.0,0,,,False,0,False,not_reached,0.0,0.30000000000000004
1415,5660,898,108,899,3,right+B,0.11663496494293213,0.35932686924934387,0.1502179205417633,0.245803102850914,0.12801705300807953,1.511224627494812,-1.0,579.0,197,2,117,0,0,0,300,300,0,0,0.0,300.0,0,,,False,0,False,not_reached,0.0,0.30000000000000004
1416,5664,898,112,899,0,NOOP,0.1170453280210495,0.3595316410064697,0.15103651583194733,0.24465735256671906,0.1277291625738144,1.5116621255874634,0.0,579.0,198,2,117,0,0,0,300,300,0,0,0.0,300.0,0,,,False,0,False,not_reached,0.0,0.30000000000000004
1417,5668,898,106,899,1,right,0.11662391573190689,0.3576423227787018,0.14617037773132324,0.25281956791877747,0.12674380838871002,1.5088677406311035,0.0,579.0,199,2,117,0,0,0,300,300,0,0,0.0,300.0,0,,,False,0,False,not_reached,0.0,0.30000000000000004
1418,5672,898,89,899,4,right+A+B,0.11694443970918655,0.35706275701522827,0.14442120492458344,0.25520291924476624,0.12636873126029968,1.5080761909484863,0.0,579.0,200,2,117,0,0,0,300,300,0,0,0.0,300.0,0,,,False,0,False,not_reached,0.0,0.30000000000000004
1419,5676,898,79,899,1,right,0.11661959439516068,0.35705500841140747,0.14557892084121704,0.2534966468811035,0.1272498369216919,1.5090899467468262,0.0,579.0,201,2,117,0,0,0,300,300,0,0,0.0,300.0,0,,,False,0,False,not_reached,0.0,0.30000000000000004
1420,5680,898,79,899,3,right+B,0.11665063351392746,0.35787686705589294,0.14526256918907166,0.25385960936546326,0.12635032832622528,1.5080324411392212,-1.0,578.0,202,2,116,0,0,0,300,300,0,0,0.0,300.0,0,,,False,0,False,not_reached,0.0,0.30000000000000004
1421,5684,898,79,899,1,right,0.11656416207551956,0.35705000162124634,0.14518950879573822,0.25499773025512695,0.12619857490062714,1.5080987215042114,0.0,578.0,203,2,116,0,0,0,300,300,0,0,0.0,300.0,0,,,False,0,False,not_reached,0.0,0.30000000000000004
1422,5688,898,79,899,1,right,0.11728612333536148,0.3580333888530731,0.1474699229001999,0.2491229772567749,0.1280876100063324,1.510842204093933,0.0,578.0,204,2,116,0,0,0,300,300,0,0,0.0,300.0,0,,,False,0,False,not_reached,0.0,0.30000000000000004
1423,5692,898,93,899,2,right+A,0.11735809594392776,0.3589412569999695,0.14834649860858917,0.24732676148414612,0.12802737951278687,1.5109764337539673,0.0,578.0,205,2,116,0,0,0,300,300,0,0,0.0,300.0,0,,,False,0,False,not_reached,0.0,0.30000000000000004
1424,5696,898,108,899,1,right,0.11729446798563004,0.35917067527770996,0.14970101416110992,0.24511410295963287,0.12871979176998138,1.5119738578796387,0.0,578.0,206,2,116,0,0,0,300,300,0,0,0.0,300.0,0,,,False,0,False,not_reached,0.0,0.30000000000000004
1425,5700,898,112,899,1,right,0.11742207407951355,0.3594364821910858,0.15137749910354614,0.2428671419620514,0.12889674305915833,1.5128870010375977,-1.0,577.0,207,2,115,0,0,0,300,300,0,0,0.0,300.0,0,,,False,0,False,not_reached,0.0,0.30000000000000004
1426,5704,898,106,899,2,right+A,0.11680705100297928,0.35833999514579773,0.1495852768421173,0.2479308396577835,0.12733687460422516,1.5109585523605347,0.0,577.0,208,2,115,0,0,0,300,300,0,0,0.0,300.0,0,,,False,0,False,not_reached,0.0,0.30000000000000004
1427,5708,898,89,899,2,right+A,0.11643948405981064,0.3574616312980652,0.1467694491147995,0.2539794445037842,0.12534992396831512,1.508141279220581,0.0,577.0,209,2,115,0,0,0,300,300,0,0,0.0,300.0,0,,,False,0,False,not_reached,0.0,0.30000000000000004
1428,5712,898,79,899,1,right,0.11591882258653641,0.3573577105998993,0.14693933725357056,0.2536095678806305,0.12617449462413788,1.5084421634674072,0.0,577.0,210,2,115,0,0,0,300,300,0,0,0.0,300.0,0,,,False,0,False,not_reached,0.0,0.30000000000000004
1429,5716,898,79,899,1,right,0.1159968227148056,0.3579273819923401,0.1449468731880188,0.2558874189853668,0.1252414584159851,1.50654137134552,0.0,577.0,211,2,115,0,0,0,300,300,0,0,0.0,300.0,0,,,False,0,False,not_reached,0.0,0.30000000000000004
1430,5720,898,79,899,3,right+B,0.11623002588748932,0.35730311274528503,0.14432576298713684,0.25617995858192444,0.12596112489700317,1.5070922374725342,-1.0,576.0,212,2,114,0,0,0,300,300,0,0,0.0,300.0,0,,,False,0,False,not_reached,0.0,0.30000000000000004
1431,5724,898,79,899,1,right,0.11714007705450058,0.3579649031162262,0.14644747972488403,0.25061607360839844,0.12783150374889374,1.5100423097610474,0.0,576.0,213,2,114,0,0,0,300,300,0,0,0.0,300.0,0,,,False,0,False,not_reached,0.0,0.30000000000000004
1432,5728,898,79,899,1,right,0.1173490360379219,0.3589800298213959,0.14765940606594086,0.24762727320194244,0.1283843070268631,1.5108368396759033,0.0,576.0,214,2,114,0,0,0,300,300,0,0,0.0,300.0,0,,,False,0,False,not_reached,0.0,0.30000000000000004
1433,5732,898,79,899,1,right,0.11715961247682571,0.3582453727722168,0.14628027379512787,0.2512468993663788,0.1270677149295807,1.5093495845794678,0.0,576.0,215,2,114,0,0,0,300,300,0,0,0.0,300.0,0,,,False,0,False,not_reached,0.0,0.30000000000000004
1434,5736,898,79,899,1,right,0.1172725036740303,0.35831984877586365,0.14672507345676422,0.25010108947753906,0.12758144736289978,1.509995937347412,0.0,576.0,216,2,114,0,0,0,300,300,0,0,0.0,300.0,0,,,False,0,False,not_reached,0.0,0.30000000000000004
1435,5740,898,79,899,1,right,0.1176341325044632,0.3588727116584778,0.14931194484233856,0.2452675700187683,0.12891367077827454,1.5122697353363037,-1.0,575.0,217,2,113,0,0,0,300,300,0,0,0.0,300.0,0,,,False,0,False,not_reached,0.0,0.30000000000000004
1436,5744,898,79,899,3,right+B,0.11707950383424759,0.3589279055595398,0.14806151390075684,0.24850444495677948,0.1274266242980957,1.5102275609970093,0.0,575.0,218,2,113,0,0,0,300,300,0,0,0.0,300.0,0,,,False,0,False,not_reached,0.0,0.30000000000000004
1437,5748,898,79,899,1,right,0.11668340116739273,0.35849249362945557,0.14686019718647003,0.2517625391483307,0.126201331615448,1.5086162090301514,0.0,575.0,219,2,113,0,0,0,300,300,0,0,0.0,300.0,0,,,False,0,False,not_reached,0.0,0.30000000000000004
1438,5752,898,93,899,2,right+A,0.11654513329267502,0.3588651716709137,0.14812549948692322,0.25045377016067505,0.12601053714752197,1.5089192390441895,0.0,575.0,220,2,113,0,0,0,300,300,0,0,0.0,300.0,0,,,False,0,False,not_reached,0.0,0.30000000000000004
1439,5756,898,108,899,0,NOOP,0.116997130215168,0.3598383665084839,0.15330399572849274,0.24077749252319336,0.1290830820798874,1.5134271383285522,0.0,575.0,221,2,113,0,0,0,300,300,0,0,0.0,300.0,0,,,False,0,False,not_reached,0.0,0.30000000000000004
1440,5760,898,112,899,4,right+A+B,0.11702810227870941,0.3596489727497101,0.15158212184906006,0.24406881630420685,0.1276719719171524,1.5118284225463867,-1.0,574.0,222,2,112,0,0,0,300,300,0,0,0.0,300.0,0,,,False,0,False,not_reached,0.0,0.30000000000000004
1441,5764,898,106,899,3,right+B,0.11662542819976807,0.35780927538871765,0.14655841886997223,0.2520500421524048,0.1269567757844925,1.5091686248779297,0.0,574.0,223,2,112,0,0,0,300,300,0,0,0.0,300.0,0,,,False,0,False,not_reached,0.0,0.30000000000000004
1442,5768,898,89,899,2,right+A,0.11701257526874542,0.3571338355541229,0.14457587897777557,0.25446590781211853,0.12681181728839874,1.5085030794143677,0.0,574.0,224,2,112,0,0,0,300,300,0,0,0.0,300.0,0,,,False,0,False,not_reached,0.0,0.30000000000000004
1443,5772,898,79,899,1,right,0.1166226863861084,0.3571811020374298,0.14568011462688446,0.25263142585754395,0.12788468599319458,1.5095396041870117,0.0,574.0,225,2,112,0,0,0,300,300,0,0,0.0,300.0,0,,,False,0,False,not_reached,0.0,0.30000000000000004
1444,5776,898,79,899,1,right,0.11666747182607651,0.3580518066883087,0.1454370617866516,0.2527692914009094,0.12707433104515076,1.5085830688476562,0.0,574.0,226,2,112,0,0,0,300,300,0,0,0.0,300.0,0,,,False,0,False,not_reached,0.0,0.30000000000000004
1445,5780,898,79,899,1,right,0.11651726067066193,0.357292115688324,0.14521512389183044,0.25435948371887207,0.1266159862279892,1.5082868337631226,-1.0,573.0,227,2,111,0,0,0,300,300,0,0,0.0,300.0,0,,,False,0,False,not_reached,0.0,0.30000000000000004
1446,5784,898,79,899,1,right,0.11729027330875397,0.35820311307907104,0.14739564061164856,0.24899336695671082,0.1281176209449768,1.510764718055725,0.0,573.0,228,2,111,0,0,0,300,300,0,0,0.0,300.0,0,,,False,0,False,not_reached,0.0,0.30000000000000004
1447,5788,898,79,899,1,right,0.11730057746171951,0.3592166006565094,0.1489395946264267,0.24659967422485352,0.12794356048107147,1.5110764503479004,0.0,573.0,229,2,111,0,0,0,300,300,0,0,0.0,300.0,0,,,False,0,False,not_reached,0.0,0.30000000000000004
1448,5792,898,93,899,4,right+A+B,0.11701720952987671,0.35882309079170227,0.14760395884513855,0.2500641644001007,0.12649154663085938,1.5093488693237305,0.0,573.0,230,2,111,0,0,0,300,300,0,0,0.0,300.0,0,,,False,0,False,not_reached,0.0,0.30000000000000004
1449,5796,898,108,899,1,right,0.11712051182985306,0.3593289256095886,0.15072457492351532,0.244613379240036,0.1282126009464264,1.5119578838348389,0.0,573.0,231,2,111,0,0,0,300,300,0,0,0.0,300.0,0,,,False,0,False,not_reached,0.0,0.30000000000000004
1450,5800,898,112,899,1,right,0.11749135702848434,0.360133558511734,0.15395987033843994,0.23959168791770935,0.12882359325885773,1.513793706893921,-1.0,572.0,232,2,110,0,0,0,300,300,0,0,0.0,300.0,0,,,False,0,False,not_reached,0.0,0.30000000000000004
1451,5804,898,106,899,2,right+A,0.11667601019144058,0.35825115442276,0.14947044849395752,0.24878427386283875,0.12681807577610016,1.510486125946045,0.0,572.0,233,2,110,0,0,0,300,300,0,0,0.0,300.0,0,,,False,0,False,not_reached,0.0,0.30000000000000004
1452,5808,898,89,899,3,right+B,0.11654253304004669,0.357200562953949,0.14636461436748505,0.2546379864215851,0.1252543181180954,1.5080199241638184,0.0,572.0,234,2,110,0,0,0,300,300,0,0,0.0,300.0,0,,,False,0,False,not_reached,0.0,0.30000000000000004
1453,5812,898,79,899,0,NOOP,0.11622071266174316,0.3571450710296631,0.14504402875900269,0.2551296353340149,0.12646053731441498,1.5078991651535034,0.0,572.0,235,2,110,0,0,0,300,300,0,0,0.0,300.0,0,,,False,0,False,not_reached,0.0,0.30000000000000004
1454,5816,898,79,899,3,right+B,0.11641889810562134,0.3578721284866333,0.1446831375360489,0.2546972334384918,0.12632857263088226,1.5075122117996216,0.0,572.0,236,2,110,0,0,0,300,300,0,0,0.0,300.0,0,,,False,0,False,not_reached,0.0,0.30000000000000004
1455,5820,898,79,899,3,right+B,0.11636293679475784,0.3569597899913788,0.14436748623847961,0.2563968598842621,0.12591291964054108,1.507300853729248,-1.0,571.0,237,2,109,0,0,0,300,300,0,0,0.0,300.0,0,,,False,0,False,not_reached,0.0,0.30000000000000004
1456,5824,898,79,899,1,right,0.11709916591644287,0.35767704248428345,0.1449217051267624,0.2528582215309143,0.1274438202381134,1.509014368057251,0.0,571.0,238,2,109,0,0,0,300,300,0,0,0.0,300.0,0,,,False,0,False,not_reached,0.0,0.30000000000000004
1457,5828,898,93,899,2,right+A,0.11704172194004059,0.3583613634109497,0.14556777477264404,0.2514917552471161,0.12753745913505554,1.509150743484497,0.0,571.0,239,2,109,0,0,0,300,300,0,0,0.0,300.0,0,,,False,0,False,not_reached,0.0,0.30000000000000004
1458,5832,898,108,899,1,right,0.11747075617313385,0.35891520977020264,0.14903524518013,0.24437597393989563,0.13020284473896027,1.5128170251846313,0.0,571.0,240,2,109,0,0,0,300,300,0,0,0.0,300.0,0,,,False,0,False,not_reached,0.0,0.30000000000000004
1459,5836,898,112,899,4,right+A+B,0.11752383410930634,0.3593504726886749,0.14950746297836304,0.2440219223499298,0.1295962780714035,1.5125373601913452,0.0,571.0,241,2,109,0,0,0,300,300,0,0,0.0,300.0,0,,,False,0,False,not_reached,0.0,0.30000000000000004
1460,5840,898,106,899,1,right,0.11689624935388565,0.35765397548675537,0.1466469168663025,0.2505621314048767,0.12824080884456635,1.5103492736816406,-1.0,570.0,242,2,108,0,0,0,300,300,0,0,0.0,300.0,0,,,False,0,False,not_reached,0.0,0.30000000000000004
1461,5844,898,89,899,1,right,0.11662701517343521,0.3571929335594177,0.1453285664319992,0.2542586326599121,0.12659284472465515,1.508453607559204,0.0,570.0,243,2,108,0,0,0,300,300,0,0,0.0,300.0,0,,,False,0,False,not_reached,0.0,0.30000000000000004
1462,5848,898,79,899,1,right,0.11586916446685791,0.3575107455253601,0.14684374630451202,0.252666711807251,0.12710964679718018,1.508946418762207,0.0,570.0,244,2,108,0,0,0,300,300,0,0,0.0,300.0,0,,,False,0,False,not_reached,0.0,0.30000000000000004
1463,5852,898,79,899,3,right+B,0.11567079275846481,0.35823920369148254,0.14632467925548553,0.2542762756347656,0.12548895180225372,1.5071260929107666,0.0,570.0,245,2,108,0,0,0,300,300,0,0,0.0,300.0,0,,,False,0,False,not_reached,0.0,0.30000000000000004
1464,5856,898,79,899,3,right+B,0.11548871546983719,0.3574801981449127,0.14489661157131195,0.2572401463985443,0.12489430606365204,1.506007432937622,0.0,570.0,246,2,108,0,0,0,300,300,0,0,0.0,300.0,0,,,False,0,False,not_reached,0.0,0.30000000000000004
1465,5860,898,93,899,2,right+A,0.11642951518297195,0.35825058817863464,0.14506439864635468,0.2531299293041229,0.1271255761384964,1.5081583261489868,-1.0,569.0,247,2,107,0,0,0,300,300,0,0,0.0,300.0,0,,,False,0,False,not_reached,0.0,0.30000000000000004
1466,5864,898,108,899,1,right,0.11723410338163376,0.3592176139354706,0.14837554097175598,0.24559038877487183,0.12958234548568726,1.5118041038513184,0.0,569.0,248,2,107,0,0,0,300,300,0,0,0.0,300.0,0,,,False,0,False,not_reached,0.0,0.30000000000000004
1467,5868,898,112,899,1,right,0.11754781752824783,0.35938993096351624,0.1487799882888794,0.24517375230789185,0.12910859286785126,1.5118694305419922,0.0,569.0,249,2,107,0,0,0,300,300,0,0,0.0,300.0,0,,,False,0,False,not_reached,0.0,0.30000000000000004
1468,5872,898,106,899,3,right+B,0.11706510931253433,0.3577309846878052,0.145991250872612,0.25092265009880066,0.12828996777534485,1.5101301670074463,0.0,569.0,250,2,107,0,0,0,300,300,0,0,0.0,300.0,0,,,False,0,False,not_reached,0.0,0.30000000000000004
1469,5876,898,89,899,3,right+B,0.11708986014127731,0.3570747673511505,0.14471298456192017,0.2543121874332428,0.126810222864151,1.5086592435836792,0.0,569.0,251,2,107,0,0,0,300,300,0,0,0.0,300.0,0,,,False,0,False,not_reached,0.0,0.30000000000000004
1470,5880,898,79,899,0,NOOP,0.11662929505109787,0.3571573793888092,0.1456238031387329,0.25283288955688477,0.12775664031505585,1.5094345808029175,-1.0,568.0,252,2,106,0,0,0,300,300,0,0,0.0,300.0,0,,,False,0,False,not_reached,0.0,0.30000000000000004
1471,5884,898,79,899,1,right,0.11651892215013504,0.35791000723838806,0.14554710686206818,0.2533966898918152,0.12662729620933533,1.5082694292068481,0.0,568.0,253,2,106,0,0,0,300,300,0,0,0.0,300.0,0,,,False,0,False,not_reached,0.0,0.30000000000000004
1472,5888,898,79,899,3,right+B,0.11620878428220749,0.3578609824180603,0.14617307484149933,0.2533520460128784,0.12640507519245148,1.5082365274429321,0.0,568.0,254,2,106,0,0,0,300,300,0,0,0.0,300.0,0,,,False,0,False,not_reached,0.0,0.30000000000000004
1473,5892,898,79,899,0,NOOP,0.11670960485935211,0.35817787051200867,0.14752593636512756,0.25048622488975525,0.1271003931760788,1.5097191333770752,0.0,568.0,255,2,106,0,0,0,300,300,0,0,0.0,300.0,0,,,False,0,False,not_reached,0.0,0.30000000000000004
1474,5896,898,79,899,0,NOOP,0.11661399900913239,0.35924822092056274,0.14800876379013062,0.2497521936893463,0.12637683749198914,1.5090224742889404,0.0,568.0,256,2,106,0,0,0,300,300,0,0,0.0,300.0,0,,,False,0,False,not_reached,0.0,0.30000000000000004
1475,5900,898,79,899,0,NOOP,0.11656897515058517,0.3595341742038727,0.14903365075588226,0.2479974925518036,0.12686577439308167,1.5097429752349854,-1.0,567.0,257,2,105,0,0,0,300,300,0,0,0.0,300.0,0,,,False,0,False,not_reached,0.0,0.30000000000000004
1476,5904,898,93,899,2,right+A,0.11632119864225388,0.3591335415840149,0.14709152281284332,0.2515760362148285,0.12587778270244598,1.5080106258392334,0.0,567.0,258,2,105,0,0,0,300,300,0,0,0.0,300.0,0,,,False,0,False,not_reached,0.0,0.30000000000000004
1477,5908,898,108,899,0,NOOP,0.11664523929357529,0.3590228855609894,0.14694838225841522,0.24941743910312653,0.1279660314321518,1.5096417665481567,0.0,567.0,259,2,105,0,0,0,300,300,0,0,0.0,300.0,0,,,False,0,False,not_reached,0.0,0.30000000000000004
1478,5912,898,112,899,1,right,0.11712592840194702,0.3610273599624634,0.15220341086387634,0.24125134944915771,0.12839196622371674,1.51210618019104,0.0,567.0,260,2,105,0,0,0,300,300,0,0,0.0,300.0,0,,,False,0,False,not_reached,0.0,0.30000000000000004
1479,5916,898,106,899,3,right+B,0.11698286235332489,0.3592175543308258,0.1542227566242218,0.24120190739631653,0.12837493419647217,1.5136338472366333,0.0,567.0,261,2,105,0,0,0,300,300,0,0,0.0,300.0,0,,,False,0,False,not_reached,0.0,0.30000000000000004
1480,5920,898,89,899,1,right,0.11741843074560165,0.3601676821708679,0.15390050411224365,0.24048805236816406,0.12802529335021973,1.5132019519805908,-1.0,566.0,262,2,104,0,0,0,300,300,0,0,0.0,300.0,0,,,False,0,False,not_reached,0.0,0.30000000000000004
1481,5924,898,79,899,3,right+B,0.11700250208377838,0.35791242122650146,0.1586303859949112,0.23654815554618835,0.12990660965442657,1.5169861316680908,0.0,566.0,263,2,104,0,0,0,300,300,0,0,0.0,300.0,0,,,False,0,False,not_reached,0.0,0.30000000000000004
1482,5928,898,79,899,1,right,0.11687475442886353,0.35890907049179077,0.15877239406108856,0.2367662936449051,0.12867751717567444,1.5157960653305054,0.0,566.0,264,2,104,0,0,0,300,300,0,0,0.0,300.0,0,,,False,0,False,not_reached,0.0,0.30000000000000004
1483,5932,898,93,899,4,right+A+B,0.11663667112588882,0.35867029428482056,0.15745241940021515,0.23965618014335632,0.12758450210094452,1.514505386352539,0.0,566.0,265,2,104,0,0,0,300,300,0,0,0.0,300.0,0,,,False,0,False,not_reached,0.0,0.30000000000000004
1484,5936,898,108,899,1,right,0.11719094216823578,0.3593730032444,0.16349315643310547,0.22862541675567627,0.13131742179393768,1.5190836191177368,0.0,566.0,266,2,104,0,0,0,300,300,0,0,0.0,300.0,0,,,False,0,False,not_reached,0.0,0.30000000000000004
1485,5940,898,112,899,3,right+B,0.11735255271196365,0.359860897064209,0.16318073868751526,0.229241743683815,0.13036403059959412,1.518332600593567,-1.0,565.0,267,2,103,0,0,0,300,300,0,0,0.0,300.0,0,,,False,0,False,not_reached,0.0,0.30000000000000004
1486,5944,898,106,899,0,NOOP,0.11670396476984024,0.35894861817359924,0.16124922037124634,0.2344190627336502,0.1286790817975998,1.5166184902191162,0.0,565.0,268,2,103,0,0,0,300,300,0,0,0.0,300.0,0,,,False,0,False,not_reached,0.0,0.30000000000000004
1487,5948,898,89,899,1,right,0.11674308776855469,0.35916003584861755,0.15915556252002716,0.23795145750045776,0.12698981165885925,1.5147078037261963,0.0,565.0,269,2,103,0,0,0,300,300,0,0,0.0,300.0,0,,,False,0,False,not_reached,0.0,0.30000000000000004
1488,5952,898,79,899,1,right,0.11627784371376038,0.3582780659198761,0.1595332771539688,0.23788614571094513,0.12802468240261078,1.5155348777770996,0.0,565.0,270,2,103,0,0,0,300,300,0,0,0.0,300.0,0,,,False,0,False,not_reached,0.0,0.30000000000000004
1489,5956,898,93,899,4,right+A+B,0.11635836213827133,0.3592085838317871,0.15813343226909637,0.2391882985830307,0.12711140513420105,1.5140721797943115,0.0,565.0,271,2,103,0,0,0,300,300,0,0,0.0,300.0,0,,,False,0,False,not_reached,0.0,0.30000000000000004
1490,5960,898,108,899,1,right,0.11660744249820709,0.3591635823249817,0.15916672348976135,0.23602153360843658,0.12904073297977448,1.5158779621124268,-1.0,564.0,272,2,102,0,0,0,300,300,0,0,0.0,300.0,0,,,False,0,False,not_reached,0.0,0.30000000000000004
1491,5964,898,112,899,3,right+B,0.11758744716644287,0.3594413697719574,0.1622929573059082,0.22918370366096497,0.13149453699588776,1.5190075635910034,0.0,564.0,273,2,102,0,0,0,300,300,0,0,0.0,300.0,0,,,False,0,False,not_reached,0.0,0.30000000000000004
1492,5968,898,106,899,3,right+B,0.11730331927537918,0.3586331307888031,0.15885183215141296,0.23493504524230957,0.13027672469615936,1.517202377319336,0.0,564.0,274,2,102,0,0,0,300,300,0,0,0.0,300.0,0,,,False,0,False,not_reached,0.0,0.30000000000000004
1493,5972,898,89,899,0,NOOP,0.1174517497420311,0.3588186800479889,0.1576584279537201,0.23714575171470642,0.12892544269561768,1.5159411430358887,0.0,564.0,275,2,102,0,0,0,300,300,0,0,0.0,300.0,0,,,False,0,False,not_reached,0.0,0.30000000000000004
1494,5976,898,79,899,3,right+B,0.11699377745389938,0.35811808705329895,0.15871034562587738,0.23584076762199402,0.13033708930015564,1.5171828269958496,0.0,564.0,276,2,102,0,0,0,300,300,0,0,0.0,300.0,0,,,False,0,False,not_reached,0.0,0.30000000000000004
1495,5980,898,79,899,1,right,0.11676228046417236,0.3591662645339966,0.15891632437705994,0.23635508120059967,0.1288001537322998,1.5157413482666016,-1.0,563.0,277,2,101,0,0,0,300,300,0,0,0.0,300.0,0,,,False,0,False,not_reached,0.0,0.30000000000000004
1496,5984,898,79,899,3,right+B,0.11656825244426727,0.3590411841869354,0.15831376612186432,0.23871225118637085,0.1273646056652069,1.5145251750946045,0.0,563.0,278,2,101,0,0,0,300,300,0,0,0.0,300.0,0,,,False,0,False,not_reached,0.0,0.30000000000000004
1497,5988,898,79,899,3,right+B,0.11681630462408066,0.35958805680274963,0.16262328624725342,0.23215243220329285,0.12881989777088165,1.5170056819915771,0.0,563.0,279,2,101,0,0,0,300,300,0,0,0.0,300.0,0,,,False,0,False,not_reached,0.0,0.30000000000000004
1498,5992,898,93,899,2,right+A,0.11656173318624496,0.3599924147129059,0.162465900182724,0.2334229052066803,0.12755708396434784,1.5158438682556152,0.0,563.0,280,2,101,0,0,0,300,300,0,0,0.0,300.0,0,,,False,0,False,not_reached,0.0,0.30000000000000004
1499,5996,898,109,899,4,right+A+B,0.1164284497499466,0.3599928617477417,0.16376622021198273,0.23133023083209991,0.1284821778535843,1.5167632102966309,0.0,563.0,281,2,101,0,0,0,300,300,0,0,0.0,300.0,0,,,False,0,False,not_reached,0.0,0.30000000000000004
1500,6000,898,121,899,1,right,0.1169460192322731,0.3600578010082245,0.163176029920578,0.23118464648723602,0.1286354660987854,1.516973853111267,-1.0,562.0,282,2,100,0,0,0,300,300,0,0,0.0,300.0,0,,,False,0,False,not_reached,0.0,0.30000000000000004
1501,6004,898,122,899,1,right,0.11663719266653061,0.35996729135513306,0.16179685294628143,0.23110216856002808,0.1304965317249298,1.5173943042755127,0.0,562.0,283,2,100,0,0,0,300,300,0,0,0.0,300.0,0,,,False,0,False,not_reached,0.0,0.30000000000000004
1502,6008,898,113,899,1,right,0.11670110374689102,0.3608477711677551,0.16023193299770355,0.23112168908119202,0.1310974657535553,1.5168232917785645,0.0,562.0,284,2,100,0,0,0,300,300,0,0,0.0,300.0,0,,,False,0,False,not_reached,0.0,0.30000000000000004
1503,6012,898,94,899,1,right,0.11684847623109818,0.360059916973114,0.16042332351207733,0.232863649725914,0.1298045814037323,1.516598105430603,0.0,562.0,285,2,100,0,0,0,300,300,0,0,0.0,300.0,0,,,False,0,False,not_reached,0.0,0.30000000000000004
1504,6016,898,79,899,3,right+B,0.11659345030784607,0.3601025938987732,0.15514612197875977,0.23930349946022034,0.12885431945323944,1.5137019157409668,0.0,562.0,286,2,100,0,0,0,300,300,0,0,0.0,300.0,0,,,False,0,False,not_reached,0.0,0.30000000000000004
1505,6020,898,79,899,3,right+B,0.11677390336990356,0.3598427474498749,0.15948601067066193,0.23520423471927643,0.1286931037902832,1.515622854232788,-1.0,561.0,287,2,99,0,0,0,300,300,0,0,0.0,300.0,0,,,False,0,False,not_reached,0.0,0.30000000000000004
1506,6024,898,93,899,4,right+A+B,0.11653181910514832,0.3585948646068573,0.15670034289360046,0.24101029336452484,0.12716278433799744,1.5138720273971558,0.0,561.0,288,2,99,0,0,0,300,300,0,0,0.0,300.0,0,,,False,0,False,not_reached,0.0,0.30000000000000004
1507,6028,898,109,899,2,right+A,0.11684997379779816,0.3606829047203064,0.16192442178726196,0.22908785939216614,0.13145481050014496,1.5178024768829346,0.0,561.0,289,2,99,0,0,0,300,300,0,0,0.0,300.0,0,,,False,0,False,not_reached,0.0,0.30000000000000004
1508,6032,898,121,899,0,NOOP,0.11726938188076019,0.3602263629436493,0.1618860960006714,0.22863121330738068,0.13198690116405487,1.5185717344284058,0.0,561.0,290,2,99,0,0,0,300,300,0,0,0.0,300.0,0,,,False,0,False,not_reached,0.0,0.30000000000000004
1509,6036,898,122,899,1,right,0.11623134464025497,0.3597520589828491,0.16186392307281494,0.23054879903793335,0.13160385191440582,1.5178629159927368,0.0,561.0,291,2,99,0,0,0,300,300,0,0,0.0,300.0,0,,,False,0,False,not_reached,0.0,0.30000000000000004
1510,6040,898,113,899,1,right,0.11581593006849289,0.36103805899620056,0.16162939369678497,0.23040948808193207,0.13110710680484772,1.5166404247283936,-1.0,560.0,292,2,98,0,0,0,300,300,0,0,0.0,300.0,0,,,False,0,False,not_reached,0.0,0.30000000000000004
1511,6044,898,94,899,0,NOOP,0.11570487916469574,0.3603381812572479,0.16134165227413177,0.23326627910137177,0.12934894859790802,1.5157543420791626,0.0,560.0,293,2,98,0,0,0,300,300,0,0,0.0,300.0,0,,,False,0,False,not_reached,0.0,0.30000000000000004
1512,6048,898,79,899,3,right+B,0.11548872292041779,0.3601561188697815,0.1549721360206604,0.24155499041080475,0.127827987074852,1.5121549367904663,0.0,560.0,294,2,98,0,0,0,300,300,0,0,0.0,300.0,0,,,False,0,False,not_reached,0.0,0.30000000000000004
1513,6052,898,93,899,2,right+A,0.11595272272825241,0.3601886034011841,0.15755710005760193,0.23790371417999268,0.1283978372812271,1.5139429569244385,0.0,560.0,295,2,98,0,0,0,300,300,0,0,0.0,300.0,0,,,False,0,False,not_reached,0.0,0.30000000000000004
1514,6056,898,108,899,1,right,0.11616487801074982,0.3590191602706909,0.1575457602739334,0.23798711597919464,0.1292831152677536,1.515116810798645,0.0,560.0,296,2,98,0,0,0,300,300,0,0,0.0,300.0,0,,,False,0,False,not_reached,0.0,0.30000000000000004
1515,6060,898,112,899,3,right+B,0.11720960587263107,0.3603478670120239,0.1607196033000946,0.22981828451156616,0.13190464675426483,1.5180214643478394,-1.0,559.0,297,2,97,0,0,0,300,300,0,0,0.0,300.0,0,,,False,0,False,not_reached,0.0,0.30000000000000004
1516,6064,898,106,899,1,right,0.11701289564371109,0.35881271958351135,0.15818558633327484,0.23508207499980927,0.13090670108795166,1.5170319080352783,0.0,559.0,298,2,97,0,0,0,300,300,0,0,0.0,300.0,0,,,False,0,False,not_reached,0.0,0.30000000000000004
1517,6068,898,89,899,0,NOOP,0.11722458899021149,0.3587992191314697,0.15650613605976105,0.23853212594985962,0.1289379894733429,1.5153183937072754,0.0,559.0,299,2,97,0,0,0,300,300,0,0,0.0,300.0,0,,,False,0,False,not_reached,0.0,0.30000000000000004
1518,6072,898,79,899,1,right,0.11678987741470337,0.35805171728134155,0.15763434767723083,0.23727884888648987,0.13024523854255676,1.5165789127349854,0.0,559.0,300,2,97,0,0,0,300,300,0,0,0.0,300.0,0,,,False,0,False,not_reached,0.0,0.30000000000000004
1519,6076,898,79,899,3,right+B,0.11655808240175247,0.35914644598960876,0.1581738293170929,0.23760154843330383,0.12852008640766144,1.5151352882385254,0.0,559.0,301,2,97,0,0,0,300,300,0,0,0.0,300.0,0,,,False,0,False,not_reached,0.0,0.30000000000000004
1520,6080,898,79,899,1,right,0.1162533387541771,0.35908377170562744,0.15726356208324432,0.23993869125843048,0.12746065855026245,1.5139038562774658,-1.0,558.0,302,2,96,0,0,0,300,300,0,0,0.0,300.0,0,,,False,0,False,not_reached,0.0,0.30000000000000004
1521,6084,898,79,899,0,NOOP,0.11647682636976242,0.35968542098999023,0.16107499599456787,0.23327073454856873,0.12949199974536896,1.5165624618530273,0.0,558.0,303,2,96,0,0,0,300,300,0,0,0.0,300.0,0,,,False,0,False,not_reached,0.0,0.30000000000000004
1522,6088,898,79,899,0,NOOP,0.11635632812976837,0.35996535420417786,0.16162942349910736,0.23333007097244263,0.1287187933921814,1.5161041021347046,0.0,558.0,304,2,96,0,0,0,300,300,0,0,0.0,300.0,0,,,False,0,False,not_reached,0.0,0.30000000000000004
1523,6092,898,79,899,1,right,0.11600472033023834,0.3597809672355652,0.15999865531921387,0.23663584887981415,0.12757979333400726,1.514626145362854,0.0,558.0,305,2,96,0,0,0,300,300,0,0,0.0,300.0,0,,,False,0,False,not_reached,0.0,0.30000000000000004
1524,6096,898,93,899,2,right+A,0.11608248203992844,0.3598741888999939,0.1581539660692215,0.23866331577301025,0.12722612917423248,1.5136821269989014,0.0,558.0,306,2,96,0,0,0,300,300,0,0,0.0,300.0,0,,,False,0,False,not_reached,0.0,0.30000000000000004
1525,6100,898,108,899,3,right+B,0.11642741411924362,0.36013713479042053,0.15945260226726532,0.23409803211688995,0.1298847794532776,1.5159521102905273,-1.0,557.0,307,2,95,0,0,0,300,300,0,0,0.0,300.0,0,,,False,0,False,not_reached,0.0,0.30000000000000004
1526,6104,898,112,899,2,right+A,0.11720872670412064,0.3599185347557068,0.1599617451429367,0.2316109985113144,0.13130006194114685,1.517596960067749,0.0,557.0,308,2,95,0,0,0,300,300,0,0,0.0,300.0,0,,,False,0,False,not_reached,0.0,0.30000000000000004
1527,6108,898,106,899,2,right+A,0.11695313453674316,0.3588288724422455,0.15800592303276062,0.23571018874645233,0.1305018812417984,1.5166736841201782,0.0,557.0,309,2,95,0,0,0,300,300,0,0,0.0,300.0,0,,,False,0,False,not_reached,0.0,0.30000000000000004
1528,6112,898,89,899,2,right+A,0.11717057228088379,0.3590269088745117,0.15629029273986816,0.23809969425201416,0.12941250205039978,1.5153864622116089,0.0,557.0,310,2,95,0,0,0,300,300,0,0,0.0,300.0,0,,,False,0,False,not_reached,0.0,0.30000000000000004
1529,6116,898,79,899,3,right+B,0.11667406558990479,0.35810112953186035,0.1575162410736084,0.2372216433286667,0.1304868906736374,1.5165725946426392,0.0,557.0,311,2,95,0,0,0,300,300,0,0,0.0,300.0,0,,,False,0,False,not_reached,0.0,0.30000000000000004
1530,6120,898,93,899,2,right+A,0.11652513593435287,0.3590864837169647,0.15749959647655487,0.23778414726257324,0.1291045993566513,1.5152184963226318,-1.0,556.0,312,2,94,0,0,0,300,300,0,0,0.0,300.0,0,,,False,0,False,not_reached,0.0,0.30000000000000004
1531,6124,898,109,899,4,right+A+B,0.11643166840076447,0.35912635922431946,0.1589641273021698,0.23536936938762665,0.13010846078395844,1.5163288116455078,0.0,556.0,313,2,94,0,0,0,300,300,0,0,0.0,300.0,0,,,False,0,False,not_reached,0.0,0.30000000000000004
1532,6128,898,121,899,0,NOOP,0.11719390749931335,0.35959210991859436,0.16278228163719177,0.22823549807071686,0.13219621777534485,1.519230604171753,0.0,556.0,314,2,94,0,0,0,300,300,0,0,0.0,300.0,0,,,False,0,False,not_reached,0.0,0.30000000000000004
1533,6132,898,122,899,1,right,0.11630834639072418,0.35969752073287964,0.1624693125486374,0.22997190058231354,0.13155288994312286,1.5181233882904053,0.0,556.0,315,2,94,0,0,0,300,300,0,0,0.0,300.0,0,,,False,0,False,not_reached,0.0,0.30000000000000004
1534,6136,898,113,899,3,right+B,0.11591606587171555,0.36102238297462463,0.1622607260942459,0.2296663522720337,0.13113445043563843,1.5169529914855957,0.0,556.0,316,2,94,0,0,0,300,300,0,0,0.0,300.0,0,,,False,0,False,not_reached,0.0,0.30000000000000004
1535,6140,898,94,899,1,right,0.1158289760351181,0.3602692782878876,0.16198550164699554,0.2327202409505844,0.12919600307941437,1.5160167217254639,-1.0,555.0,317,2,93,0,0,0,300,300,0,0,0.0,300.0,0,,,False,0,False,not_reached,0.0,0.30000000000000004
1536,6144,898,79,899,1,right,0.11561774462461472,0.360206663608551,0.15564730763435364,0.24090376496315002,0.12762451171875,1.5123975276947021,0.0,555.0,318,2,93,0,0,0,300,300,0,0,0.0,300.0,0,,,False,0,False,not_reached,0.0,0.30000000000000004
1537,6148,898,93,899,2,right+A,0.11608582735061646,0.3602568507194519,0.15807445347309113,0.23741598427295685,0.12816685438156128,1.5140793323516846,0.0,555.0,319,2,93,0,0,0,300,300,0,0,0.0,300.0,0,,,False,0,False,not_reached,0.0,0.30000000000000004
1538,6152,898,108,899,3,right+B,0.1162804588675499,0.35902759432792664,0.15816546976566315,0.2375364452600479,0.12898993492126465,1.5152705907821655,0.0,555.0,320,2,93,0,0,0,300,300,0,0,0.0,300.0,0,,,False,0,False,not_reached,0.0,0.30000000000000004
1539,6156,898,112,899,1,right,0.11735977232456207,0.3603253662586212,0.1615695208311081,0.229188933968544,0.13155637681484222,1.5182394981384277,0.0,555.0,321,2,93,0,0,0,300,300,0,0,0.0,300.0,0,,,False,0,False,not_reached,0.0,0.30000000000000004
1540,6160,898,106,899,3,right+B,0.11711187660694122,0.3588358163833618,0.15877443552017212,0.23433664441108704,0.13094128668308258,1.5173425674438477,-1.0,554.0,322,2,92,0,0,0,300,300,0,0,0.0,300.0,0,,,False,0,False,not_reached,0.0,0.30000000000000004
1541,6164,898,89,899,3,right+B,0.11722839623689651,0.3588564395904541,0.15685005486011505,0.2378317415714264,0.12923334538936615,1.5156222581863403,0.0,554.0,323,2,92,0,0,0,300,300,0,0,0.0,300.0,0,,,False,0,False,not_reached,0.0,0.30000000000000004
1542,6168,898,79,899,3,right+B,0.11673461645841599,0.35810622572898865,0.1576017588376999,0.23685874044895172,0.13069869577884674,1.5167746543884277,0.0,554.0,324,2,92,0,0,0,300,300,0,0,0.0,300.0,0,,,False,0,False,not_reached,0.0,0.30000000000000004
1543,6172,898,79,899,1,right,0.11644816398620605,0.35925841331481934,0.15779975056648254,0.23725950717926025,0.12923404574394226,1.5152945518493652,0.0,554.0,325,2,92,0,0,0,300,300,0,0,0.0,300.0,0,,,False,0,False,not_reached,0.0,0.30000000000000004
1544,6176,898,79,899,1,right,0.1161855012178421,0.35922685265541077,0.15692684054374695,0.23942267894744873,0.12823811173439026,1.5141431093215942,0.0,554.0,326,2,92,0,0,0,300,300,0,0,0.0,300.0,0,,,False,0,False,not_reached,0.0,0.30000000000000004
1545,6180,898,79,899,1,right,0.11638571321964264,0.3598143458366394,0.16076619923114777,0.23310981690883636,0.1299239546060562,1.5165818929672241,-1.0,553.0,327,2,91,0,0,0,300,300,0,0,0.0,300.0,0,,,False,0,False,not_reached,0.0,0.30000000000000004
1546,6184,898,93,899,4,right+A+B,0.1161932572722435,0.3602152466773987,0.1611192226409912,0.23397010564804077,0.12850211560726166,1.51556396484375,0.0,553.0,328,2,91,0,0,0,300,300,0,0,0.0,300.0,0,,,False,0,False,not_reached,0.0,0.30000000000000004
1547,6188,898,109,899,4,right+A+B,0.11616753041744232,0.3600424528121948,0.16296012699604034,0.23146332800388336,0.12936660647392273,1.5167986154556274,0.0,553.0,329,2,91,0,0,0,300,300,0,0,0.0,300.0,0,,,False,0,False,not_reached,0.0,0.30000000000000004
1548,6192,898,122,899,2,right+A,0.11675894260406494,0.36006084084510803,0.1621401011943817,0.23165731132030487,0.1293828934431076,1.5169161558151245,0.0,553.0,330,2,91,0,0,0,300,300,0,0,0.0,300.0,0,,,False,0,False,not_reached,0.0,0.30000000000000004
1549,6196,898,132,899,4,right+A+B,0.11645643413066864,0.3601108193397522,0.16138949990272522,0.23101890087127686,0.1310243308544159,1.5173618793487549,0.0,553.0,331,2,91,0,0,0,300,300,0,0,0.0,300.0,0,,,False,0,False,not_reached,0.0,0.30000000000000004
1550,6200,900,139,900,2,right+A,0.11638735979795456,0.3605356812477112,0.15758050978183746,0.23600253462791443,0.12949395179748535,1.5147837400436401,0.0,553.0,0,2,90,0,0,0,300,300,0,0,0.0,300.0,0,,,False,0,False,not_reached,0.0,0.30000000000000004
1551,6204,902,143,902,1,right,0.11666066199541092,0.35820943117141724,0.15757431089878082,0.23758111894130707,0.12997443974018097,1.5162346363067627,2.0,555.0,0,2,90,0,0,0,300,300,0,0,0.0,300.0,0,,,False,0,False,not_reached,0.0,0.30000000000000004
1552,6208,906,157,906,4,right+A+B,0.11652874946594238,0.35900771617889404,0.1563740372657776,0.2381816804409027,0.12990783154964447,1.5152736902236938,4.0,559.0,0,2,90,0,0,0,300,300,0,0,0.0,300.0,0,,,False,0,False,not_reached,0.0,0.30000000000000004
1553,6212,911,173,911,2,right+A,0.11651772260665894,0.3587959110736847,0.16001936793327332,0.23574690520763397,0.1289200633764267,1.5162293910980225,5.0,564.0,0,2,90,0,0,0,300,300,0,0,0.0,300.0,0,,,False,0,False,not_reached,0.0,0.30000000000000004
1554,6216,916,185,916,1,right,0.11562272906303406,0.35990333557128906,0.1704016625881195,0.22680726647377014,0.12726502120494843,1.5176401138305664,5.0,569.0,0,2,90,0,0,0,300,300,0,0,0.0,300.0,0,,,False,0,False,not_reached,0.0,0.30000000000000004
1555,6220,923,186,923,3,right+B,0.11339016258716583,0.36103618144989014,0.15781301259994507,0.2388853132724762,0.1288752555847168,1.5121170282363892,6.0,575.0,0,2,89,0,0,0,300,300,0,0,0.0,300.0,0,,,False,0,False,not_reached,0.0,0.30000000000000004
1556,6224,930,177,930,1,right,0.11181139200925827,0.3595864772796631,0.174547478556633,0.2222931832075119,0.13176144659519196,1.518764615058899,7.0,582.0,0,2,89,0,0,0,300,300,0,0,0.0,300.0,0,,,False,0,False,not_reached,0.0,0.30000000000000004
1557,6228,937,158,937,2,right+A,0.10627974569797516,0.34508687257766724,0.19748295843601227,0.1888117790222168,0.16233862936496735,1.5356345176696777,7.0,589.0,0,2,89,0,0,0,300,300,0,0,0.0,300.0,0,,,False,0,False,not_reached,0.0,0.30000000000000004
1558,6232,944,138,944,4,right+A+B,0.10636136680841446,0.3510192632675171,0.18497857451438904,0.20033501088619232,0.1573057770729065,1.5310263633728027,7.0,596.0,0,2,89,0,0,0,300,300,0,0,0.0,300.0,0,,,False,0,False,not_reached,0.0,0.30000000000000004
1559,6236,951,118,951,0,NOOP,0.10561636090278625,0.35481658577919006,0.16394224762916565,0.2291964888572693,0.14642825722694397,1.5204788446426392,7.0,603.0,0,2,89,0,0,0,300,300,0,0,0.0,300.0,0,,,False,0,False,not_reached,0.0,0.30000000000000004
1560,6240,958,98,958,1,right,0.10581470280885696,0.3563874661922455,0.14003880321979523,0.24906274676322937,0.14869631826877594,1.5102605819702148,6.0,609.0,0,2,88,0,0,0,300,300,0,0,0.0,300.0,0,,,False,0,False,not_reached,0.0,0.30000000000000004
1561,6244,965,79,965,3,right+B,0.107691690325737,0.3544808626174927,0.12381479889154434,0.2546630799770355,0.1593495011329651,1.5072684288024902,7.0,616.0,0,2,88,0,0,0,300,300,0,0,0.0,300.0,0,,,False,0,False,not_reached,0.0,0.30000000000000004
1562,6248,973,79,973,1,right,0.10906276851892471,0.35740503668785095,0.11096296459436417,0.2743889093399048,0.14818035066127777,1.4911189079284668,8.0,624.0,0,2,88,0,0,0,300,300,0,0,0.0,300.0,0,,,False,0,False,not_reached,0.0,0.30000000000000004
1563,6252,983,79,983,1,right,0.11574670672416687,0.3483317494392395,0.12508094310760498,0.25526246428489685,0.1555781364440918,1.5149800777435303,10.0,634.0,0,2,88,0,0,0,300,300,0,0,0.0,300.0,0,,,False,0,False,not_reached,0.0,0.30000000000000004
1564,6256,992,79,992,1,right,0.11140153557062149,0.33366858959198,0.12537488341331482,0.2775338292121887,0.15202116966247559,1.5131685733795166,9.0,643.0,0,2,88,0,0,0,300,300,0,0,0.0,300.0,0,,,False,0,False,not_reached,0.0,0.30000000000000004
1565,6260,999,79,999,0,NOOP,0.10868697613477707,0.33078622817993164,0.1493375599384308,0.26328450441360474,0.14790470898151398,1.5251545906066895,6.0,649.0,0,2,87,0,0,0,300,300,0,0,0.0,300.0,0,,,False,0,False,not_reached,0.0,0.30000000000000004
1566,6264,1005,93,1005,2,right+A,0.10699794441461563,0.3400898277759552,0.18406397104263306,0.24320672452449799,0.12564150989055634,1.521937370300293,6.0,655.0,0,2,87,0,0,0,300,300,0,0,0.0,300.0,0,,,False,0,False,not_reached,0.0,0.30000000000000004
1567,6268,1012,108,1012,3,right+B,0.10202222317457199,0.3231618106365204,0.2526521682739258,0.17933037877082825,0.14283336699008942,1.5316489934921265,7.0,662.0,0,2,87,0,0,0,300,300,0,0,0.0,300.0,0,,,False,0,False,not_reached,0.0,0.30000000000000004
1568,6272,1019,114,1019,2,right+A,0.09183377027511597,0.28203850984573364,0.34119346737861633,0.09203565865755081,0.19289858639240265,1.480135440826416,7.0,669.0,0,2,87,0,0,0,300,300,0,0,0.0,300.0,0,,,False,0,False,not_reached,0.0,0.30000000000000004
1569,6276,1026,112,1026,2,right+A,0.08360233157873154,0.25564271211624146,0.39662566781044006,0.06461101770401001,0.19951827824115753,1.4215360879898071,7.0,676.0,0,2,87,0,0,0,300,300,0,0,0.0,300.0,0,,,False,0,False,not_reached,0.0,0.30000000000000004
1570,6280,1033,100,1033,0,NOOP,0.08261518180370331,0.24676087498664856,0.3768530488014221,0.05836004763841629,0.23541082441806793,1.4253897666931152,6.0,682.0,0,2,86,0,0,0,300,300,0,0,0.0,300.0,0,,,False,0,False,not_reached,0.0,0.30000000000000004
1571,6284,1040,79,1040,2,right+A,0.07973278313875198,0.22579167783260345,0.38244038820266724,0.05177496373653412,0.26026013493537903,1.4088823795318604,7.0,689.0,0,2,86,0,0,0,300,300,0,0,0.0,300.0,0,,,False,0,False,not_reached,0.0,0.30000000000000004
1572,6288,1047,79,1047,1,right,0.10080026835203171,0.3092356026172638,0.24301479756832123,0.1315031796693802,0.2154461145401001,1.5355124473571777,7.0,696.0,0,2,86,0,0,0,300,300,0,0,0.0,300.0,0,,,False,0,False,not_reached,0.0,0.30000000000000004
1573,6292,1054,79,1054,1,right,0.10396286845207214,0.31940561532974243,0.19427186250686646,0.17179791629314423,0.21056169271469116,1.5488536357879639,7.0,703.0,0,2,86,0,0,0,300,300,0,0,0.0,300.0,0,,,False,0,False,not_reached,0.0,0.30000000000000004
1574,6296,1061,79,1061,1,right,0.10799366235733032,0.32847583293914795,0.16678793728351593,0.1945021003484726,0.20224042236804962,1.5464729070663452,7.0,710.0,0,2,86,0,0,0,300,300,0,0,0.0,300.0,0,,,False,0,False,not_reached,0.0,0.30000000000000004
1575,6300,1068,93,1068,4,right+A+B,0.10885819792747498,0.33738604187965393,0.1441086232662201,0.20872804522514343,0.20091907680034637,1.5366251468658447,6.0,716.0,0,2,85,0,0,0,300,300,0,0,0.0,300.0,0,,,False,0,False,not_reached,0.0,0.30000000000000004
1576,6304,1075,108,1075,3,right+B,0.11232627928256989,0.31773167848587036,0.16625823080539703,0.15871262550354004,0.2449711710214615,1.5448975563049316,7.0,723.0,0,2,85,0,0,0,300,300,0,0,0.0,300.0,0,,,False,0,False,not_reached,0.0,0.30000000000000004
1577,6308,1082,114,1082,4,right+A+B,0.11353616416454315,0.3026162385940552,0.19013290107250214,0.13381922245025635,0.2598954737186432,1.5437028408050537,7.0,730.0,0,2,85,0,0,0,300,300,0,0,0.0,300.0,0,,,False,0,False,not_reached,0.0,0.30000000000000004
1578,6312,1089,112,1089,4,right+A+B,0.11526454240083694,0.2836360037326813,0.20377914607524872,0.11796299368143082,0.27935725450515747,1.5389728546142578,7.0,737.0,0,2,85,0,0,0,300,300,0,0,0.0,300.0,0,,,False,0,False,not_reached,0.0,0.30000000000000004
1579,6316,1096,100,1096,4,right+A+B,0.11520029604434967,0.283273309469223,0.21729923784732819,0.1185477003455162,0.26567941904067993,1.5429097414016724,7.0,744.0,0,2,85,0,0,0,300,300,0,0,0.0,300.0,0,,,False,0,False,not_reached,0.0,0.30000000000000004
1580,6320,1103,79,1103,2,right+A,0.11254733055830002,0.2721697688102722,0.25837698578834534,0.0968729555606842,0.2600329518318176,1.5260859727859497,6.0,750.0,0,2,84,0,0,0,300,300,0,0,0.0,300.0,0,,,False,0,False,not_reached,0.0,0.30000000000000004
1581,6324,1110,59,1110,1,right,0.10885783284902573,0.2633025050163269,0.3114857077598572,0.08040890842676163,0.23594507575035095,1.499520182609558,7.0,757.0,0,2,84,0,0,0,300,300,0,0,0.0,300.0,0,,,False,0,False,not_reached,0.0,0.30000000000000004
1582,6328,1117,39,1117,4,right+A+B,0.10270009934902191,0.27471020817756653,0.3415193259716034,0.08078018575906754,0.20029018819332123,1.4808964729309082,7.0,764.0,0,2,84,0,0,0,300,300,0,0,0.0,300.0,0,,,False,0,False,not_reached,0.0,0.30000000000000004
1583,6332,1124,19,1124,1,right,0.099080391228199,0.2760753631591797,0.37190747261047363,0.07959470897912979,0.1733420342206955,1.4574639797210693,7.0,771.0,0,2,84,0,0,0,300,300,0,0,0.0,300.0,0,,,False,0,False,not_reached,0.0,0.30000000000000004
1584,6336,1131,255,1131,2,right+A,0.09906517714262009,0.29692819714546204,0.34256312251091003,0.10263799875974655,0.15880554914474487,1.4824479818344116,-10.0,761.0,0,2,84,0,1,0,300,300,0,0,0.0,300.0,0,,,False,0,False,not_reached,-5.0,-4.7
